Country,League,Season,Date,Time,Home,Away,HG,AG,Res,PSCH,PSCD,PSCA,MaxCH,MaxCD,MaxCA,AvgCH,AvgCD,AvgCA,BFECH,BFECD,BFECA,B365CH,B365CD,B365CA,HS,AS,HST,AST,HF,AF,HC,AC
ARG,Copa De La Liga Profesional,2020,30/10/2020,22:00,Gimnasia L.P.,Patronato,3,0,H,1.91,3.16,4.83,1.98,3.4,4.95,1.9,3.15,4.95,,,,,,,,,,,,,,
ARG,Copa De La Liga Profesional,2020,31/10/2020,00:15,Talleres Cordoba,Newells Old Boys,3,1,H,3.14,3.18,2.43,3.14,3.18,2.6,2.84,2.99,2.45,,,,,,,,,,,,,,
ARG,Copa De La Liga Profesional,2020,31/10/2020,17:00,Aldosivi,Estudiantes L.P.,0,0,D,3.68,2.93,2.19,3.68,3.15,2.3,3.36,2.94,2.22,,,,,,,,,,,,,,
ARG,Copa De La Liga Profesional,2020,31/10/2020,19:15,Velez Sarsfield,Huracan,1,1,D,1.78,3.31,5.45,1.8,3.4,6,1.7,3.23,5.25,,,,,,,,,,,,,,
ARG,Copa De La Liga Profesional,2020,31/10/2020,21:45,Argentinos Jrs,San Lorenzo,0,0,D,2.62,2.93,3.12,2.69,3,3.12,2.52,2.89,2.89,,,,,,,,,,,,,,
ARG,Copa De La Liga Profesional,2020,01/11/2020,00:15,Lanus,Boca Juniors,1,2,A,5.98,4.18,1.55,6.25,4.28,1.75,5.38,3.88,1.56,,,,,,,,,,,,,,
ARG,Copa De La Liga Profesional,2020,01/11/2020,14:00,Defensa y Justicia,Colon Santa FE,0,3,A,1.84,3.52,4.55,1.91,3.55,4.55,1.82,3.39,4.11,,,,,,,,,,,,,,
ARG,Copa De La Liga Profesional,2020,01/11/2020,17:00,Union de Santa Fe,Arsenal Sarandi,0,0,D,3.13,2.95,2.6,3.13,3.1,2.6,2.86,2.94,2.51,,,,,,,,,,,,,,
ARG,Copa De La Liga Profesional,2020,01/11/2020,19:15,Racing Club,Atl. Tucuman,1,4,A,1.44,4.45,7.54,1.46,4.45,8.5,1.42,4.16,7.18,,,,,,,,,,,,,,
ARG,Copa De La Liga Profesional,2020,01/11/2020,21:45,Central Cordoba,Independiente,0,1,A,2.88,2.91,2.83,2.88,3.1,2.85,2.72,2.93,2.67,,,,,,,,,,,,,,
ARG,Copa De La Liga Profesional,2020,03/11/2020,00:15,Rosario Central,Godoy Cruz,2,1,H,1.81,3.66,4.49,1.85,3.72,4.5,1.8,3.47,4.12,,,,,,,,,,,,,,
ARG,Copa De La Liga Profesional,2020,04/11/2020,00:00,River Plate,Banfield,1,3,A,1.32,4.87,11.52,1.38,5.1,13,1.33,4.66,9.49,,,,,,,,,,,,,,
ARG,Copa De La Liga Profesional,2020,06/11/2020,22:00,Patronato,Huracan,1,2,A,2.37,3.04,3.4,2.52,3.1,3.54,2.32,2.91,3.25,,,,,,,,,,,,,,
ARG,Copa De La Liga Profesional,2020,07/11/2020,00:15,Argentinos Jrs,Aldosivi,0,1,A,1.66,3.53,6.13,1.7,3.75,6.35,1.63,3.45,5.67,,,,,,,,,,,,,,
ARG,Copa De La Liga Profesional,2020,07/11/2020,19:00,Banfield,Godoy Cruz,1,0,H,1.79,3.66,4.61,1.9,3.75,4.97,1.75,3.51,4.48,,,,,,,,,,,,,,
ARG,Copa De La Liga Profesional,2020,07/11/2020,21:30,San Lorenzo,Estudiantes L.P.,2,0,H,3.01,2.94,2.7,3.09,3.17,2.94,2.78,2.9,2.66,,,,,,,,,,,,,,
ARG,Copa De La Liga Profesional,2020,08/11/2020,00:15,River Plate,Rosario Central,2,1,H,1.45,4.22,7.95,1.51,4.54,7.96,1.44,4.21,6.76,,,,,,,,,,,,,,
ARG,Copa De La Liga Profesional,2020,08/11/2020,14:00,Arsenal Sarandi,Atl. Tucuman,1,2,A,,,,2.37,3.4,3.54,2.17,3.2,3.25,,,,,,,,,,,,,,
ARG,Copa De La Liga Profesional,2020,08/11/2020,19:15,Gimnasia L.P.,Velez Sarsfield,2,2,D,,,,3.27,3.1,2.75,3.01,2.92,2.46,,,,,,,,,,,,,,
ARG,Copa De La Liga Profesional,2020,08/11/2020,21:45,Union de Santa Fe,Racing Club,2,0,H,3.97,3.28,2.04,4.04,3.49,2.23,3.43,3.12,2.14,,,,,,,,,,,,,,
ARG,Copa De La Liga Profesional,2020,09/11/2020,00:15,Newells Old Boys,Boca Juniors,0,2,A,4.58,3.44,1.85,4.78,3.74,1.87,4.33,3.34,1.82,,,,,,,,,,,,,,
ARG,Copa De La Liga Profesional,2020,09/11/2020,20:00,Independiente,Colon Santa FE,1,1,D,1.86,3.34,4.73,1.93,3.7,5,1.79,3.35,4.5,,,,,,,,,,,,,,
ARG,Copa De La Liga Profesional,2020,09/11/2020,22:15,Talleres Cordoba,Lanus,1,1,D,1.94,3.6,3.93,2.4,3.82,4.02,1.97,3.5,3.51,,,,,,,,,,,,,,
ARG,Copa De La Liga Profesional,2020,10/11/2020,00:30,Central Cordoba,Defensa y Justicia,2,2,D,3.24,3.07,2.44,3.28,3.32,2.6,3.07,3.04,2.36,,,,,,,,,,,,,,
ARG,Copa De La Liga Profesional,2020,13/11/2020,22:00,Rosario Central,Banfield,2,4,A,2.76,3.18,2.72,2.76,3.5,3.1,2.53,3.19,2.67,,,,,,,,,,,,,,
ARG,Copa De La Liga Profesional,2020,14/11/2020,00:15,Atl. Tucuman,Union de Santa Fe,3,1,H,2.56,2.99,3.14,2.61,3.13,3.32,2.45,2.96,2.98,,,,,,,,,,,,,,
ARG,Copa De La Liga Profesional,2020,14/11/2020,17:00,Aldosivi,San Lorenzo,1,4,A,3.3,3.09,2.4,3.56,3.13,2.54,3.2,2.91,2.36,,,,,,,,,,,,,,
ARG,Copa De La Liga Profesional,2020,14/11/2020,19:15,Lanus,Newells Old Boys,2,4,A,3.01,3.56,2.31,3.04,3.56,2.55,2.86,3.33,2.32,,,,,,,,,,,,,,
ARG,Copa De La Liga Profesional,2020,14/11/2020,21:45,Racing Club,Arsenal Sarandi,0,2,A,1.76,3.84,4.56,1.85,3.86,4.68,1.76,3.65,4.23,,,,,,,,,,,,,,
ARG,Copa De La Liga Profesional,2020,15/11/2020,00:15,Godoy Cruz,River Plate,0,1,A,5.7,4.07,1.59,6.29,4.44,1.6,5.28,4.1,1.55,,,,,,,,,,,,,,
ARG,Copa De La Liga Profesional,2020,15/11/2020,17:00,Huracan,Gimnasia L.P.,3,2,H,3.97,3.1,2.13,4.12,3.18,2.28,3.81,2.96,2.08,,,,,,,,,,,,,,
ARG,Copa De La Liga Profesional,2020,15/11/2020,19:15,Estudiantes L.P.,Argentinos Jrs,0,1,A,2.49,2.87,3.4,2.49,3.04,3.55,2.36,2.84,3.28,,,,,,,,,,,,,,
ARG,Copa De La Liga Profesional,2020,15/11/2020,21:45,Defensa y Justicia,Independiente,0,0,D,2.25,3.24,3.44,2.27,3.38,3.9,2.11,3.17,3.42,,,,,,,,,,,,,,
ARG,Copa De La Liga Profesional,2020,16/11/2020,00:15,Boca Juniors,Talleres Cordoba,0,1,A,1.52,4.25,6.39,1.56,4.5,7.5,1.5,4,6.07,,,,,,,,,,,,,,
ARG,Copa De La Liga Profesional,2020,16/11/2020,22:00,Velez Sarsfield,Patronato,1,0,H,1.68,3.78,5.26,1.76,4.06,6,1.65,3.67,4.98,,,,,,,,,,,,,,
ARG,Copa De La Liga Profesional,2020,17/11/2020,00:15,Colon Santa FE,Central Cordoba,2,0,H,2.2,3.09,3.75,2.26,3.36,3.96,2.15,3.01,3.57,,,,,,,,,,,,,,
ARG,Copa De La Liga Profesional,2020,20/11/2020,00:15,Atl. Tucuman,Racing Club,2,0,H,1.78,3.91,4.13,1.82,4.08,4.48,1.76,3.76,4.08,,,,,,,,,,,,,,
ARG,Copa De La Liga Profesional,2020,20/11/2020,20:10,Arsenal Sarandi,Union de Santa Fe,2,3,A,2.15,3.6,3.3,2.23,3.6,4.13,2.1,3.39,3.27,,,,,,,,,,,,,,
ARG,Copa De La Liga Profesional,2020,20/11/2020,22:20,Boca Juniors,Lanus,1,2,A,1.52,4.3,6.23,1.54,5.4,6.9,1.49,4.12,5.86,,,,,,,,,,,,,,
ARG,Copa De La Liga Profesional,2020,21/11/2020,00:30,Banfield,River Plate,0,2,A,2.87,3.43,2.48,3.03,3.72,2.5,2.79,3.36,2.35,,,,,,,,,,,,,,
ARG,Copa De La Liga Profesional,2020,21/11/2020,20:10,Colon Santa FE,Defensa y Justicia,2,0,H,2.13,3.25,3.74,2.3,3.36,3.75,2.11,3.12,3.46,,,,,,,,,,,,,,
ARG,Copa De La Liga Profesional,2020,21/11/2020,22:20,Huracan,Velez Sarsfield,1,2,A,3.18,3.27,2.36,3.19,3.29,2.71,2.97,3.13,2.35,,,,,,,,,,,,,,
ARG,Copa De La Liga Profesional,2020,22/11/2020,00:30,Independiente,Central Cordoba,0,0,D,2.23,3.04,3.76,2.29,3.28,3.9,2.17,2.97,3.51,,,,,,,,,,,,,,
ARG,Copa De La Liga Profesional,2020,22/11/2020,20:10,Estudiantes L.P.,Aldosivi,0,1,A,1.7,3.47,5.81,1.78,3.58,5.88,1.68,3.39,5.2,,,,,,,,,,,,,,
ARG,Copa De La Liga Profesional,2020,22/11/2020,22:20,Patronato,Gimnasia L.P.,0,0,D,4.01,3.28,2.03,4.15,3.54,2.11,3.65,3.19,2.04,,,,,,,,,,,,,,
ARG,Copa De La Liga Profesional,2020,23/11/2020,00:30,San Lorenzo,Argentinos Jrs,2,0,H,2.54,3.01,3.15,2.65,3.16,3.46,2.48,2.92,2.98,,,,,,,,,,,,,,
ARG,Copa De La Liga Profesional,2020,23/11/2020,22:00,Godoy Cruz,Rosario Central,0,1,A,3.47,3.59,2.09,3.54,3.6,2.14,3.29,3.4,2.07,,,,,,,,,,,,,,
ARG,Copa De La Liga Profesional,2020,24/11/2020,00:15,Newells Old Boys,Talleres Cordoba,1,1,D,2.31,3.43,3.13,2.44,3.5,3.4,2.24,3.32,3,,,,,,,,,,,,,,
ARG,Copa De La Liga Profesional,2020,28/11/2020,20:10,Racing Club,Union de Santa Fe,1,0,H,3.08,3.26,2.42,3.15,3.29,2.47,2.93,3.13,2.38,,,,,,,,,,,,,,
ARG,Copa De La Liga Profesional,2020,28/11/2020,22:20,Colon Santa FE,Independiente,1,2,A,2.52,3.06,3.12,2.55,3.18,3.19,2.45,2.96,2.99,,,,,,,,,,,,,,
ARG,Copa De La Liga Profesional,2020,28/11/2020,22:20,Velez Sarsfield,Gimnasia L.P.,0,1,A,2.65,3.03,2.97,2.69,3.3,3.37,2.47,3.01,2.9,,,,,,,,,,,,,,
ARG,Copa De La Liga Profesional,2020,29/11/2020,00:30,Godoy Cruz,Banfield,0,0,D,3.77,3.34,2.08,3.82,3.39,2.13,3.56,3.21,2.04,,,,,,,,,,,,,,
ARG,Copa De La Liga Profesional,2020,29/11/2020,00:30,Rosario Central,River Plate,0,2,A,3.7,3.58,2.01,4.1,3.69,2.02,3.72,3.41,1.94,,,,,,,,,,,,,,
ARG,Copa De La Liga Profesional,2020,29/11/2020,20:10,Defensa y Justicia,Central Cordoba,2,3,A,2.84,2.97,2.82,2.87,3.22,3.04,2.63,2.97,2.76,,,,,,,,,,,,,,
ARG,Copa De La Liga Profesional,2020,29/11/2020,22:20,Boca Juniors,Newells Old Boys,2,0,H,1.64,4,5.27,1.68,4.44,5.5,1.6,3.86,5.04,,,,,,,,,,,,,,
ARG,Copa De La Liga Profesional,2020,30/11/2020,00:30,Huracan,Patronato,1,0,H,1.9,3.35,4.51,1.98,3.86,5,1.86,3.22,4.32,,,,,,,,,,,,,,
ARG,Copa De La Liga Profesional,2020,30/11/2020,00:30,Lanus,Talleres Cordoba,1,0,H,3.37,3.75,2.07,3.54,3.75,2.17,3.27,3.44,2.06,,,,,,,,,,,,,,
ARG,Copa De La Liga Profesional,2020,30/11/2020,20:10,Aldosivi,Argentinos Jrs,1,4,A,3.62,2.98,2.31,3.68,3.09,2.33,3.47,2.89,2.23,,,,,,,,,,,,,,
ARG,Copa De La Liga Profesional,2020,30/11/2020,22:20,Atl. Tucuman,Arsenal Sarandi,3,2,H,2.14,3.64,3.31,2.25,3.64,3.6,2.13,3.3,3.27,,,,,,,,,,,,,,
ARG,Copa De La Liga Profesional,2020,01/12/2020,00:30,Estudiantes L.P.,San Lorenzo,0,0,D,3.33,2.92,2.49,3.38,3.1,2.55,3.12,2.85,2.43,,,,,,,,,,,,,,
ARG,Copa De La Liga Profesional,2020,04/12/2020,22:20,Central Cordoba,Colon Santa FE,0,2,A,3.22,3.25,2.35,3.22,3.34,2.54,3.02,3.11,2.33,,,,,,,,,,,,,,
ARG,Copa De La Liga Profesional,2020,05/12/2020,00:30,Banfield,Rosario Central,1,1,D,1.76,3.74,4.72,1.82,3.8,4.98,1.73,3.56,4.45,,,,,,,,,,,,,,
ARG,Copa De La Liga Profesional,2020,05/12/2020,20:10,Arsenal Sarandi,Racing Club,1,0,H,2.3,3.48,3.1,2.35,3.62,3.16,2.24,3.36,2.98,,,,,,,,,,,,,,
ARG,Copa De La Liga Profesional,2020,05/12/2020,20:10,Union de Santa Fe,Atl. Tucuman,3,5,A,1.71,3.78,5.02,1.95,3.81,6.5,1.69,3.55,4.89,,,,,,,,,,,,,,
ARG,Copa De La Liga Profesional,2020,05/12/2020,22:20,Gimnasia L.P.,Huracan,0,0,D,1.99,3.18,4.35,1.99,3.4,4.55,1.88,3.21,4.18,,,,,,,,,,,,,,
ARG,Copa De La Liga Profesional,2020,05/12/2020,22:20,Patronato,Velez Sarsfield,0,0,D,4.21,3.51,1.91,4.35,3.59,2.01,3.93,3.29,1.91,,,,,,,,,,,,,,
ARG,Copa De La Liga Profesional,2020,06/12/2020,00:30,River Plate,Godoy Cruz,3,1,H,1.36,4.99,8.72,1.41,5.05,8.76,1.36,4.63,7.48,,,,,,,,,,,,,,
ARG,Copa De La Liga Profesional,2020,06/12/2020,22:10,Independiente,Defensa y Justicia,1,0,H,1.97,3.28,4.26,2.02,3.37,4.32,1.94,3.2,3.93,,,,,,,,,,,,,,
ARG,Copa De La Liga Profesional,2020,07/12/2020,00:30,Newells Old Boys,Lanus,3,1,H,2.26,3.78,2.97,2.29,3.87,3.2,2.17,3.52,2.96,,,,,,,,,,,,,,
ARG,Copa De La Liga Profesional,2020,07/12/2020,00:30,Talleres Cordoba,Boca Juniors,0,0,D,3.16,3.06,2.5,3.16,3.15,2.55,2.96,2.98,2.43,,,,,,,,,,,,,,
ARG,Copa De La Liga Profesional,2020,07/12/2020,22:10,Argentinos Jrs,Estudiantes L.P.,1,0,H,2,2.99,4.73,2.04,3.25,4.89,1.94,2.97,4.37,,,,,,,,,,,,,,
ARG,Copa De La Liga Profesional,2020,07/12/2020,22:10,San Lorenzo,Aldosivi,0,0,D,2.44,3.05,3.27,2.49,3.24,3.27,2.36,3.01,3.04,,,,,,,,,,,,,,
ARG,Copa De La Liga Profesional,2020,12/12/2020,00:10,Velez Sarsfield,Racing Club,2,1,H,2.56,3.03,3.09,2.56,3.1,3.5,2.38,2.95,3.1,,,,,,,,,,,,,,
ARG,Copa De La Liga Profesional,2020,12/12/2020,20:10,Colon Santa FE,Gimnasia L.P.,0,2,A,2.39,3.07,3.33,2.44,3.16,3.34,2.37,2.95,3.14,,,,,,,,,,,,,,
ARG,Copa De La Liga Profesional,2020,12/12/2020,20:10,Newells Old Boys,Estudiantes L.P.,1,0,H,2.1,3.03,4.18,2.15,3.23,4.18,2.07,3,3.81,,,,,,,,,,,,,,
ARG,Copa De La Liga Profesional,2020,12/12/2020,22:20,Boca Juniors,Arsenal Sarandi,1,1,D,1.49,4.18,7.16,1.57,4.32,7.16,1.49,4,6.26,,,,,,,,,,,,,,
ARG,Copa De La Liga Profesional,2020,13/12/2020,00:30,San Lorenzo,Talleres Cordoba,0,2,A,2.85,2.83,2.95,2.85,3.1,3.02,2.68,2.83,2.83,,,,,,,,,,,,,,
ARG,Copa De La Liga Profesional,2020,13/12/2020,20:10,Aldosivi,Lanus,1,2,A,1.81,3.55,4.7,1.89,4.1,4.88,1.79,3.43,4.37,,,,,,,,,,,,,,
ARG,Copa De La Liga Profesional,2020,13/12/2020,20:10,Union de Santa Fe,Defensa y Justicia,1,3,A,1.78,3.85,4.43,1.81,3.85,5.22,1.72,3.64,4.52,,,,,,,,,,,,,,
ARG,Copa De La Liga Profesional,2020,13/12/2020,22:20,River Plate,Argentinos Jrs,1,1,D,1.66,3.87,5.3,1.7,4.08,5.58,1.64,3.76,4.93,,,,,,,,,,,,,,
ARG,Copa De La Liga Profesional,2020,14/12/2020,00:30,Huracan,Independiente,3,2,H,2.31,3.04,3.53,2.4,3.2,3.71,2.24,2.97,3.36,,,,,,,,,,,,,,
ARG,Copa De La Liga Profesional,2020,14/12/2020,20:10,Rosario Central,Patronato,4,0,H,2.41,3.26,3.1,2.47,3.48,3.3,2.31,3.22,2.98,,,,,,,,,,,,,,
ARG,Copa De La Liga Profesional,2020,14/12/2020,22:20,Central Cordoba,Godoy Cruz,1,1,D,2.28,3.25,3.35,2.32,3.34,3.44,2.23,3.15,3.18,,,,,,,,,,,,,,
ARG,Copa De La Liga Profesional,2020,15/12/2020,00:30,Atl. Tucuman,Banfield,0,2,A,2.82,3.37,2.55,2.97,3.42,2.57,2.75,3.21,2.46,,,,,,,,,,,,,,
ARG,Copa De La Liga Profesional,2020,19/12/2020,00:10,Arsenal Sarandi,Argentinos Jrs,0,1,A,3.33,3.19,2.32,3.34,3.28,2.4,3.17,3.09,2.27,,,,,,,,,,,,,,
ARG,Copa De La Liga Profesional,2020,19/12/2020,20:10,Patronato,Aldosivi,0,1,A,2.54,2.93,3.23,2.55,3.2,3.23,2.46,2.93,3.02,,,,,,,,,,,,,,
ARG,Copa De La Liga Profesional,2020,19/12/2020,22:10,Godoy Cruz,Newells Old Boys,0,3,A,3.02,3.23,2.48,3.17,3.4,2.5,2.9,3.15,2.4,,,,,,,,,,,,,,
ARG,Copa De La Liga Profesional,2020,19/12/2020,22:20,San Lorenzo,Colon Santa FE,2,2,D,2.22,3.18,3.59,2.32,3.24,3.59,2.2,3.05,3.39,,,,,,,,,,,,,,
ARG,Copa De La Liga Profesional,2020,20/12/2020,00:30,Talleres Cordoba,Atl. Tucuman,1,1,D,1.78,3.47,5.09,1.79,3.7,5.75,1.73,3.46,4.75,,,,,,,,,,,,,,
ARG,Copa De La Liga Profesional,2020,20/12/2020,20:10,Lanus,Defensa y Justicia,1,1,D,3.3,3.41,2.23,3.6,3.69,2.26,3.14,3.34,2.17,,,,,,,,,,,,,,
ARG,Copa De La Liga Profesional,2020,20/12/2020,22:20,Estudiantes L.P.,Racing Club,1,1,D,2.17,3.18,3.7,2.27,3.24,3.75,2.16,3.04,3.49,,,,,,,,,,,,,,
ARG,Copa De La Liga Profesional,2020,20/12/2020,22:20,Independiente,Boca Juniors,1,2,A,3.13,3,2.56,3.2,3.2,2.56,3,2.97,2.44,,,,,,,,,,,,,,
ARG,Copa De La Liga Profesional,2020,21/12/2020,00:30,Huracan,River Plate,1,3,A,5.63,4.14,1.58,5.9,4.3,1.6,5.39,4.04,1.55,,,,,,,,,,,,,,
ARG,Copa De La Liga Profesional,2020,21/12/2020,22:20,Central Cordoba,Velez Sarsfield,0,2,A,3.25,3.13,2.4,3.3,3.2,2.43,3.11,3.05,2.33,,,,,,,,,,,,,,
ARG,Copa De La Liga Profesional,2020,21/12/2020,22:20,Rosario Central,Union de Santa Fe,2,2,D,2.31,3.73,2.9,2.39,3.73,2.98,2.3,3.48,2.8,,,,,,,,,,,,,,
ARG,Copa De La Liga Profesional,2020,22/12/2020,00:30,Banfield,Gimnasia L.P.,2,1,H,2.39,2.98,3.44,2.44,3.1,3.55,2.34,2.88,3.31,,,,,,,,,,,,,,
ARG,Copa De La Liga Profesional,2020,27/12/2020,20:10,Defensa y Justicia,Patronato,2,1,H,1.63,3.94,5.56,1.65,4.52,6.72,1.56,3.92,5.47,,,,,,,,,,,,,,
ARG,Copa De La Liga Profesional,2020,27/12/2020,20:10,Racing Club,Godoy Cruz,6,1,H,1.58,4.16,5.67,1.65,4.16,6,1.57,3.84,5.43,,,,,,,,,,,,,,
ARG,Copa De La Liga Profesional,2020,27/12/2020,22:20,Boca Juniors,Huracan,3,0,H,1.66,3.67,5.79,1.69,3.95,6.22,1.61,3.63,5.41,,,,,,,,,,,,,,
ARG,Copa De La Liga Profesional,2020,28/12/2020,00:30,River Plate,Arsenal Sarandi,2,1,H,1.25,5.81,12.3,1.26,6.37,13.13,1.24,5.78,10.38,,,,,,,,,,,,,,
ARG,Copa De La Liga Profesional,2020,28/12/2020,20:10,Newells Old Boys,Central Cordoba,3,1,H,1.69,3.78,5.2,1.81,4,5.5,1.68,3.66,4.72,,,,,,,,,,,,,,
ARG,Copa De La Liga Profesional,2020,28/12/2020,22:20,Argentinos Jrs,Independiente,0,2,A,2.75,3.02,2.86,2.8,3.2,3.1,2.61,2.98,2.77,,,,,,,,,,,,,,
ARG,Copa De La Liga Profesional,2020,28/12/2020,22:20,Velez Sarsfield,Estudiantes L.P.,2,3,A,2.56,2.87,3.27,2.58,3.1,3.6,2.46,2.89,3.05,,,,,,,,,,,,,,
ARG,Copa De La Liga Profesional,2020,29/12/2020,00:30,Colon Santa FE,Banfield,1,2,A,2.62,3.13,2.92,2.64,3.3,3,2.51,3.03,2.82,,,,,,,,,,,,,,
ARG,Copa De La Liga Profesional,2020,29/12/2020,00:30,Gimnasia L.P.,Talleres Cordoba,2,2,D,3.35,2.95,2.46,3.35,3.1,2.52,3.14,2.89,2.41,,,,,,,,,,,,,,
ARG,Copa De La Liga Profesional,2020,29/12/2020,20:10,Aldosivi,Rosario Central,0,1,A,3.29,3.16,2.36,3.45,3.37,2.38,3.12,3.15,2.26,,,,,,,,,,,,,,
ARG,Copa De La Liga Profesional,2020,29/12/2020,22:20,Union de Santa Fe,Lanus,2,0,H,2.05,3.65,3.53,2.06,3.77,3.7,2,3.5,3.4,,,,,,,,,,,,,,
ARG,Copa De La Liga Profesional,2020,30/12/2020,00:30,Atl. Tucuman,San Lorenzo,1,3,A,2.7,3.33,2.68,2.75,3.53,2.75,2.57,3.22,2.63,,,,,,,,,,,,,,
ARG,Copa De La Liga Profesional,2020,02/01/2021,20:30,Rosario Central,Defensa y Justicia,3,0,H,2.2,3.36,3.42,2.24,3.64,3.42,2.14,3.36,3.19,,,,,,,16,10,5,3,17,20,3,6
ARG,Copa De La Liga Profesional,2020,03/01/2021,00:30,Boca Juniors,River Plate,2,2,D,3.02,3.1,2.57,3.05,3.21,2.85,2.81,3.05,2.54,,,,,,,10,12,5,5,18,17,2,4
ARG,Copa De La Liga Profesional,2020,03/01/2021,20:10,Independiente,Arsenal Sarandi,3,4,A,1.75,3.81,4.69,1.81,3.85,5,1.74,3.62,4.39,,,,,,,24,15,6,8,12,15,7,3
ARG,Copa De La Liga Profesional,2020,03/01/2021,22:20,Newells Old Boys,Velez Sarsfield,0,1,A,2.04,3.32,3.93,2.14,3.42,4.4,2.02,3.2,3.72,,,,,,,16,8,7,2,19,15,4,4
ARG,Copa De La Liga Profesional,2020,03/01/2021,22:20,Patronato,Lanus,1,1,D,2.17,3.3,3.58,2.23,3.48,3.75,2.1,3.24,3.4,,,,,,,17,12,4,2,17,9,6,6
ARG,Copa De La Liga Profesional,2020,04/01/2021,00:30,Central Cordoba,Racing Club,2,2,D,3.98,3.59,1.93,4,3.74,1.99,3.65,3.54,1.91,,,,,,,17,14,9,5,11,10,3,4
ARG,Copa De La Liga Profesional,2020,04/01/2021,20:10,Aldosivi,Union de Santa Fe,1,3,A,3.73,3.2,2.15,4,3.44,2.17,3.47,3.19,2.1,,,,,,,12,8,3,4,19,22,7,4
ARG,Copa De La Liga Profesional,2020,04/01/2021,22:20,San Lorenzo,Gimnasia L.P.,1,2,A,2.25,3.3,3.37,2.27,3.38,3.6,2.19,3.16,3.27,,,,,,,15,14,5,6,14,21,9,6
ARG,Copa De La Liga Profesional,2020,05/01/2021,00:30,Talleres Cordoba,Banfield,3,2,H,2.48,3.12,3.12,2.52,3.29,3.4,2.4,3.08,2.93,,,,,,,11,14,7,3,19,9,3,8
ARG,Copa De La Liga Profesional,2020,05/01/2021,22:20,Godoy Cruz,Estudiantes L.P.,1,0,H,5.08,3.59,1.75,5.12,3.64,1.99,4.57,3.41,1.76,,,,,,,13,14,4,1,11,15,3,7
ARG,Copa De La Liga Profesional,2020,05/01/2021,22:20,Huracan,Argentinos Jrs,0,1,A,2.88,3.03,2.73,2.96,3.1,2.73,2.82,2.95,2.58,,,,,,,8,11,1,3,11,17,4,0
ARG,Copa De La Liga Profesional,2020,06/01/2021,00:30,Atl. Tucuman,Colon Santa FE,0,2,A,2.82,3.36,2.55,2.87,3.51,2.74,2.7,3.27,2.48,,,,,,,,,,,,,,
ARG,Copa De La Liga Profesional,2020,09/01/2021,20:10,Lanus,Rosario Central,2,0,H,2.87,3.23,2.59,2.88,3.5,2.65,2.73,3.18,2.5,,,,,,,13,16,7,8,9,17,1,8
ARG,Copa De La Liga Profesional,2020,09/01/2021,20:10,Union de Santa Fe,Patronato,1,2,A,1.66,3.74,5.55,1.7,3.94,5.55,1.64,3.66,5.08,,,,,,,16,10,5,2,14,11,5,4
ARG,Copa De La Liga Profesional,2020,09/01/2021,22:20,Racing Club,Newells Old Boys,3,1,H,2.81,3.4,2.53,2.82,3.44,2.72,2.69,3.28,2.48,,,,,,,14,12,10,2,11,10,7,4
ARG,Copa De La Liga Profesional,2020,09/01/2021,22:20,Velez Sarsfield,Godoy Cruz,3,2,H,1.5,4.25,6.7,1.55,4.6,6.75,1.49,4.19,6.03,,,,,,,16,9,7,3,16,21,8,2
ARG,Copa De La Liga Profesional,2020,10/01/2021,00:30,Argentinos Jrs,Boca Juniors,2,2,D,4.01,3.28,2.03,4.1,3.32,2.24,3.77,3.16,2.01,,,,,,,12,9,2,5,14,12,3,5
ARG,Copa De La Liga Profesional,2020,10/01/2021,00:30,River Plate,Independiente,0,2,A,1.4,4.78,7.99,1.44,4.94,7.99,1.39,4.57,7.12,,,,,,,16,7,7,3,16,15,9,2
ARG,Copa De La Liga Profesional,2020,10/01/2021,22:20,Arsenal Sarandi,Huracan,1,0,H,3.26,3.39,2.26,3.29,3.48,2.32,3.11,3.29,2.2,,,,,,,27,17,8,4,11,10,6,1
ARG,Copa De La Liga Profesional,2020,11/01/2021,00:30,Banfield,San Lorenzo,4,1,H,1.58,4.04,5.83,1.69,4.05,6,1.58,3.79,5.48,,,,,,,17,12,11,5,18,18,2,2
ARG,Copa De La Liga Profesional,2020,11/01/2021,00:30,Colon Santa FE,Talleres Cordoba,1,2,A,2.84,3.21,2.63,3.06,3.35,2.63,2.81,3.13,2.47,,,,,,,,,,,,,,
ARG,Copa De La Liga Profesional,2020,11/01/2021,00:30,Gimnasia L.P.,Atl. Tucuman,0,1,A,1.53,4.1,6.5,1.58,4.25,6.77,1.52,3.97,5.89,,,,,,,15,14,5,4,8,17,8,4
ARG,Copa De La Liga Profesional,2020,12/01/2021,00:30,Estudiantes L.P.,Central Cordoba,1,2,A,1.72,3.62,5.21,1.79,3.62,5.75,1.7,3.42,4.97,,,,,,,16,6,5,3,15,14,5,7
ARG,Copa De La Liga Profesional,2020,14/01/2021,20:45,Defensa y Justicia,Aldosivi,4,4,D,2.02,3.46,3.81,2.04,3.55,4.33,1.97,3.34,3.66,,,,,,,16,16,8,7,10,14,3,7
ARG,Copa De La Liga Profesional,2020,17/01/2021,01:10,Velez Sarsfield,Rosario Central,3,1,H,2.03,3.61,3.62,2.25,3.61,3.8,2.01,3.42,3.49,,,,,,,,,,,,,,
ARG,Copa De La Liga Profesional,2020,18/01/2021,01:10,Banfield,Boca Juniors,1,1,D,3.72,3.2,2.16,3.8,3.3,2.19,3.55,3.09,2.11,,,,,,,13,11,4,3,16,21,4,2
ARG,Copa De La Liga Profesional,2021,12/02/2021,22:15,Banfield,Racing Club,2,0,H,2.32,3.11,3.43,2.37,3.34,3.5,2.26,3.05,3.23,,,,,,,,,,,,,,
ARG,Copa De La Liga Profesional,2021,13/02/2021,00:30,Central Cordoba,Colon Santa FE,0,3,A,2.91,2.92,2.79,2.96,3.14,2.79,2.78,2.93,2.66,,,,,,,,,,,,,,
ARG,Copa De La Liga Profesional,2021,13/02/2021,00:30,Union de Santa Fe,Atl. Tucuman,2,2,D,2.28,3.21,3.4,2.28,3.52,3.4,2.21,3.21,3.19,,,,,,,,,,,,,,
ARG,Copa De La Liga Profesional,2021,13/02/2021,20:10,Aldosivi,Godoy Cruz,1,2,A,2.43,3.32,3.02,2.49,3.48,3.02,2.4,3.2,2.88,,,,,,,,,,,,,,
ARG,Copa De La Liga Profesional,2021,13/02/2021,20:10,Talleres Cordoba,Patronato,1,0,H,1.68,3.59,5.72,1.73,3.7,5.78,1.67,3.46,5.33,,,,,,,,,,,,,,
ARG,Copa De La Liga Profesional,2021,13/02/2021,22:20,Velez Sarsfield,Newells Old Boys,1,0,H,2.04,3.37,3.87,2.26,3.4,4.04,2.05,3.22,3.59,,,,,,,,,,,,,,
ARG,Copa De La Liga Profesional,2021,14/02/2021,00:30,San Lorenzo,Arsenal Sarandi,2,1,H,2.23,3.12,3.63,2.23,3.48,4.09,2.14,3.2,3.38,,,,,,,,,,,,,,
ARG,Copa De La Liga Profesional,2021,14/02/2021,20:10,Defensa y Justicia,Huracan,3,2,H,1.76,3.7,4.76,1.83,3.72,5,1.74,3.5,4.55,,,,,,,,,,,,,,
ARG,Copa De La Liga Profesional,2021,14/02/2021,22:20,Boca Juniors,Gimnasia L.P.,2,2,D,1.65,3.79,5.66,1.68,3.84,6,1.63,3.62,5.32,,,,,,,,,,,,,,
ARG,Copa De La Liga Profesional,2021,15/02/2021,00:30,Estudiantes L.P.,River Plate,2,1,H,5.79,3.78,1.63,5.79,3.78,1.83,5.1,3.52,1.67,,,,,,,,,,,,,,
ARG,Copa De La Liga Profesional,2021,15/02/2021,22:15,Rosario Central,Argentinos Jrs,2,1,H,2.27,3.16,3.47,2.3,3.25,3.8,2.16,3.07,3.47,,,,,,,,,,,,,,
ARG,Copa De La Liga Profesional,2021,16/02/2021,00:30,Independiente,Lanus,0,1,A,2.53,3.24,2.94,2.53,3.46,3,2.41,3.21,2.85,,,,,,,,,,,,,,
ARG,Copa De La Liga Profesional,2021,19/02/2021,22:15,Gimnasia L.P.,Talleres Cordoba,3,0,H,2.63,3,3.03,2.79,3.18,3.06,2.54,2.94,2.9,,,,,,,,,,,,,,
ARG,Copa De La Liga Profesional,2021,20/02/2021,00:30,Arsenal Sarandi,Banfield,0,2,A,4.76,3.64,1.78,4.87,3.75,1.8,4.52,3.55,1.74,,,,,,,,,,,,,,
ARG,Copa De La Liga Profesional,2021,20/02/2021,20:10,Godoy Cruz,Estudiantes L.P.,0,2,A,3.58,3.16,2.23,3.58,3.36,2.25,3.33,3.14,2.17,,,,,,,,,,,,,,
ARG,Copa De La Liga Profesional,2021,20/02/2021,20:10,Lanus,Defensa y Justicia,2,1,H,3.04,3.23,2.46,3.1,3.44,2.47,2.93,3.21,2.36,,,,,,,,,,,,,,
ARG,Copa De La Liga Profesional,2021,20/02/2021,22:20,Racing Club,Aldosivi,2,2,D,1.71,3.68,5.15,1.75,3.85,5.5,1.69,3.62,4.77,,,,,,,,,,,,,,
ARG,Copa De La Liga Profesional,2021,21/02/2021,00:30,River Plate,Rosario Central,3,0,H,1.32,5.54,8.92,1.35,5.75,10,1.31,5.26,8.34,,,,,,,,,,,,,,
ARG,Copa De La Liga Profesional,2021,21/02/2021,20:10,Argentinos Jrs,Platense,0,1,A,2.63,2.89,3.15,2.63,3.2,3.32,2.43,2.97,3.03,,,,,,,,,,,,,,
ARG,Copa De La Liga Profesional,2021,21/02/2021,20:10,Sarmiento Junin,Velez Sarsfield,1,2,A,4,3.33,2.02,4,3.51,2.11,3.71,3.27,1.99,,,,,,,,,,,,,,
ARG,Copa De La Liga Profesional,2021,21/02/2021,22:20,Patronato,Independiente,0,1,A,3.59,3.2,2.2,3.77,3.3,2.2,3.57,3.1,2.1,,,,,,,,,,,,,,
ARG,Copa De La Liga Profesional,2021,22/02/2021,00:30,Newells Old Boys,Boca Juniors,0,1,A,4.42,3.4,1.9,4.5,3.5,2.08,3.93,3.29,1.93,,,,,,,,,,,,,,
ARG,Copa De La Liga Profesional,2021,22/02/2021,22:15,Atl. Tucuman,Central Cordoba,1,2,A,2.39,3.21,3.19,2.42,3.44,3.25,2.28,3.21,3.05,,,,,,,,,,,,,,
ARG,Copa De La Liga Profesional,2021,22/02/2021,22:15,Huracan,Union de Santa Fe,1,1,D,2.63,3.28,2.79,2.67,3.3,2.94,2.52,3.13,2.75,,,,,,,,,,,,,,
ARG,Copa De La Liga Profesional,2021,23/02/2021,00:30,Colon Santa FE,San Lorenzo,2,0,H,2.52,3.08,3.1,2.6,3.22,3.11,2.46,3.01,2.97,,,,,,,,,,,,,,
ARG,Copa De La Liga Profesional,2021,26/02/2021,22:15,Aldosivi,Arsenal Sarandi,3,0,H,2.36,3.34,3.12,2.38,3.48,3.3,2.27,3.24,3.05,,,,,,,,,,,,,,
ARG,Copa De La Liga Profesional,2021,26/02/2021,22:15,Defensa y Justicia,Patronato,1,0,H,1.44,4.19,8.37,1.5,4.38,8.37,1.45,4.04,7.1,,,,,,,,,,,,,,
ARG,Copa De La Liga Profesional,2021,27/02/2021,00:30,Argentinos Jrs,Velez Sarsfield,0,2,A,3.83,3.14,2.15,4.08,3.36,2.19,3.65,3.13,2.08,,,,,,,,,,,,,,
ARG,Copa De La Liga Profesional,2021,27/02/2021,20:10,Banfield,Colon Santa FE,0,3,A,2.19,3.09,3.79,2.2,3.28,3.83,2.13,3.06,3.56,,,,,,,,,,,,,,
ARG,Copa De La Liga Profesional,2021,27/02/2021,20:10,Talleres Cordoba,Newells Old Boys,2,2,D,2.21,3.28,3.48,2.26,3.35,3.88,2.18,3.13,3.37,,,,,,,,,,,,,,
ARG,Copa De La Liga Profesional,2021,27/02/2021,22:20,Independiente,Gimnasia L.P.,1,0,H,2.47,3.07,3.2,2.51,3.2,3.3,2.39,2.96,3.11,,,,,,,,,,,,,,
ARG,Copa De La Liga Profesional,2021,28/02/2021,00:30,San Lorenzo,Central Cordoba,0,4,A,1.81,3.4,4.96,1.83,3.62,4.96,1.78,3.38,4.59,,,,,,,,,,,,,,
ARG,Copa De La Liga Profesional,2021,28/02/2021,20:10,Platense,River Plate,0,1,A,12.22,4.88,1.31,12.43,5.45,1.39,9.79,5,1.3,,,,,,,,,,,,,,
ARG,Copa De La Liga Profesional,2021,28/02/2021,22:20,Estudiantes L.P.,Racing Club,0,0,D,2.4,3.06,3.34,2.45,3.28,3.35,2.37,3,3.14,,,,,,,,,,,,,,
ARG,Copa De La Liga Profesional,2021,01/03/2021,00:30,Boca Juniors,Sarmiento Junin,1,1,D,1.34,5.04,9.34,1.43,5.04,9.56,1.37,4.54,7.97,,,,,,,,,,,,,,
ARG,Copa De La Liga Profesional,2021,01/03/2021,22:15,Union de Santa Fe,Lanus,3,2,H,2.76,3.36,2.61,2.77,3.52,2.8,2.63,3.26,2.57,,,,,,,,,,,,,,
ARG,Copa De La Liga Profesional,2021,02/03/2021,00:30,Rosario Central,Godoy Cruz,2,2,D,1.88,3.68,4.12,1.95,3.8,4.2,1.86,3.52,3.89,,,,,,,,,,,,,,
ARG,Copa De La Liga Profesional,2021,05/03/2021,22:15,Newells Old Boys,Independiente,1,2,A,2.65,3.07,2.93,2.74,3.28,3.04,2.51,3.02,2.85,,,,,,,,,,,,,,
ARG,Copa De La Liga Profesional,2021,06/03/2021,00:30,Central Cordoba,Banfield,1,1,D,3.61,3.03,2.29,3.82,3.28,2.4,3.46,3.09,2.14,,,,,,,,,,,,,,
ARG,Copa De La Liga Profesional,2021,06/03/2021,20:10,Godoy Cruz,Platense,3,1,H,2.48,3.25,3,2.57,3.34,3.23,2.4,3.11,2.93,,,,,,,,,,,,,,
ARG,Copa De La Liga Profesional,2021,06/03/2021,20:10,Sarmiento Junin,Talleres Cordoba,1,1,D,3.44,3.23,2.25,3.6,3.23,2.47,3.28,3.06,2.24,,,,,,,,,,,,,,
ARG,Copa De La Liga Profesional,2021,06/03/2021,22:20,Colon Santa FE,Aldosivi,2,1,H,1.7,3.64,5.37,1.79,3.75,5.42,1.68,3.53,4.99,,,,,,,,,,,,,,
ARG,Copa De La Liga Profesional,2021,06/03/2021,22:20,Lanus,Atl. Tucuman,2,1,H,1.57,4.05,5.97,1.6,4.38,6.5,1.53,4.04,5.6,,,,,,,,,,,,,,
ARG,Copa De La Liga Profesional,2021,07/03/2021,00:30,San Lorenzo,Huracan,1,1,D,2.07,3.17,4.07,2.12,3.34,4.11,2.03,3.14,3.75,,,,,,,,,,,,,,
ARG,Copa De La Liga Profesional,2021,07/03/2021,20:10,Arsenal Sarandi,Estudiantes L.P.,0,5,A,3.69,3.19,2.17,3.79,3.38,2.23,3.4,3.14,2.14,,,,,,,,,,,,,,
ARG,Copa De La Liga Profesional,2021,07/03/2021,22:20,Gimnasia L.P.,Defensa y Justicia,1,1,D,2.9,3.13,2.63,2.9,3.28,2.7,2.76,3.07,2.55,,,,,,,,,,,,,,
ARG,Copa De La Liga Profesional,2021,07/03/2021,22:20,Patronato,Union de Santa Fe,0,1,A,3.45,3.05,2.35,3.6,3.26,2.4,3.25,3.04,2.26,,,,,,,,,,,,,,
ARG,Copa De La Liga Profesional,2021,08/03/2021,00:30,Velez Sarsfield,Boca Juniors,1,7,A,3.11,3.13,2.49,3.25,3.17,2.49,2.99,3.05,2.39,,,,,,,,,,,,,,
ARG,Copa De La Liga Profesional,2021,08/03/2021,22:15,Racing Club,Rosario Central,1,0,H,2.25,3.36,3.3,2.26,3.47,3.5,2.17,3.24,3.22,,,,,,,,,,,,,,
ARG,Copa De La Liga Profesional,2021,09/03/2021,00:30,River Plate,Argentinos Jrs,0,1,A,1.3,5.39,10.55,1.35,5.75,10.55,1.29,5.13,9.24,,,,,,,,,,,,,,
ARG,Copa De La Liga Profesional,2021,10/03/2021,20:10,Platense,Sarmiento Junin,1,1,D,3,3.05,2.61,3.03,3.2,2.63,2.84,3,2.53,,,,,,,,,,,,,,
ARG,Copa De La Liga Profesional,2021,12/03/2021,22:15,Aldosivi,Central Cordoba,1,2,A,2.79,2.97,2.86,2.79,3.24,2.87,2.61,2.98,2.76,,,,,,,,,,,,,,
ARG,Copa De La Liga Profesional,2021,13/03/2021,00:30,Huracan,Lanus,0,0,D,3.47,3.4,2.16,3.54,3.5,2.28,3.29,3.3,2.11,,,,,,,,,,,,,,
ARG,Copa De La Liga Profesional,2021,13/03/2021,00:30,Union de Santa Fe,Gimnasia L.P.,1,1,D,2.58,3.14,2.96,2.71,3.2,3,2.53,3.02,2.84,,,,,,,,,,,,,,
ARG,Copa De La Liga Profesional,2021,13/03/2021,20:10,Platense,Racing Club,0,2,A,3.64,3.33,2.13,3.85,3.49,2.2,3.49,3.17,2.1,,,,,,,,,,,,,,
ARG,Copa De La Liga Profesional,2021,13/03/2021,20:10,Talleres Cordoba,Velez Sarsfield,0,1,A,2.54,3.32,2.87,2.56,3.39,3.06,2.44,3.16,2.82,,,,,,,,,,,,,,
ARG,Copa De La Liga Profesional,2021,13/03/2021,22:20,Argentinos Jrs,Godoy Cruz,2,0,H,2.06,3.24,3.97,2.12,3.37,4.22,2,3.17,3.8,,,,,,,,,,,,,,
ARG,Copa De La Liga Profesional,2021,13/03/2021,22:20,Defensa y Justicia,Newells Old Boys,4,0,H,1.93,3.47,4.14,2.05,3.6,4.17,1.92,3.39,3.84,,,,,,,,,,,,,,
ARG,Copa De La Liga Profesional,2021,14/03/2021,00:30,Estudiantes L.P.,Colon Santa FE,0,2,A,2.53,2.9,3.29,2.57,3.18,3.44,2.38,2.94,3.16,,,,,,,,,,,,,,
ARG,Copa De La Liga Profesional,2021,14/03/2021,21:00,Boca Juniors,River Plate,1,1,D,3.06,3.11,2.52,3.09,3.39,2.66,2.9,3.07,2.44,,,,,,,,,,,,,,
ARG,Copa De La Liga Profesional,2021,15/03/2021,00:30,Banfield,San Lorenzo,0,0,D,2.08,3.01,4.3,2.12,3.3,4.5,1.95,3.08,4.12,,,,,,,,,,,,,,
ARG,Copa De La Liga Profesional,2021,15/03/2021,22:15,Atl. Tucuman,Patronato,4,2,H,2.2,3.23,3.57,2.29,3.3,3.67,2.16,3.11,3.39,,,,,,,,,,,,,,
ARG,Copa De La Liga Profesional,2021,15/03/2021,22:15,Rosario Central,Arsenal Sarandi,2,1,H,1.87,3.68,4.15,1.95,3.7,4.8,1.84,3.48,4.06,,,,,,,,,,,,,,
ARG,Copa De La Liga Profesional,2021,16/03/2021,00:30,Independiente,Sarmiento Junin,6,0,H,1.66,3.63,5.86,1.7,3.82,5.88,1.64,3.56,5.35,,,,,,,,,,,,,,
ARG,Copa De La Liga Profesional,2021,19/03/2021,22:00,Newells Old Boys,Union de Santa Fe,0,0,D,2.2,3.5,3.27,2.3,3.53,3.4,2.2,3.28,3.14,,,,,,,,,,,,,,
ARG,Copa De La Liga Profesional,2021,20/03/2021,00:30,Central Cordoba,Estudiantes L.P.,1,1,D,3.55,3.15,2.25,3.75,3.3,2.32,3.41,3.03,2.19,,,,,,,,,,,,,,
ARG,Copa De La Liga Profesional,2021,20/03/2021,17:00,Gimnasia L.P.,Atl. Tucuman,2,0,H,1.85,3.72,4.2,1.89,3.72,4.75,1.8,3.42,4.34,,,,,,,,,,,,,,
ARG,Copa De La Liga Profesional,2021,20/03/2021,17:00,Patronato,Huracan,0,1,A,2.65,2.98,3.02,2.7,3.17,3.03,2.55,2.95,2.86,,,,,,,,,,,,,,
ARG,Copa De La Liga Profesional,2021,20/03/2021,19:15,Banfield,Lanus,2,0,H,2.35,3.03,3.47,2.36,3.18,3.47,2.26,3,3.29,,,,,,,,,,,,,,
ARG,Copa De La Liga Profesional,2021,20/03/2021,21:30,Velez Sarsfield,Independiente,1,0,H,2.49,3.29,2.95,2.59,3.34,3.16,2.37,3.15,2.97,,,,,,,,,,,,,,
ARG,Copa De La Liga Profesional,2021,21/03/2021,00:00,Godoy Cruz,River Plate,1,6,A,8.94,4.85,1.36,8.94,5.05,1.4,7.8,4.68,1.36,,,,,,,,,,,,,,
ARG,Copa De La Liga Profesional,2021,21/03/2021,17:00,Sarmiento Junin,Defensa y Justicia,3,1,H,6.66,3.98,1.54,7.35,4.45,1.58,6.31,3.98,1.5,,,,,,,,,,,,,,
ARG,Copa De La Liga Profesional,2021,21/03/2021,19:15,Colon Santa FE,Rosario Central,0,0,D,1.89,3.41,4.43,1.96,3.48,4.43,1.9,3.26,4.1,,,,,,,,,,,,,,
ARG,Copa De La Liga Profesional,2021,21/03/2021,21:30,San Lorenzo,Aldosivi,1,2,A,1.83,3.55,4.54,1.91,3.56,4.75,1.84,3.32,4.32,,,,,,,,,,,,,,
ARG,Copa De La Liga Profesional,2021,22/03/2021,00:00,Boca Juniors,Talleres Cordoba,1,2,A,1.56,3.78,6.88,1.61,3.9,6.9,1.55,3.68,6.22,,,,,,,,,,,,,,
ARG,Copa De La Liga Profesional,2021,22/03/2021,22:00,Arsenal Sarandi,Platense,0,0,D,2.88,3.28,2.55,2.91,3.35,2.75,2.74,3.18,2.51,,,,,,,,,,,,,,
ARG,Copa De La Liga Profesional,2021,23/03/2021,00:15,Racing Club,Argentinos Jrs,1,0,H,2.34,3.26,3.22,2.37,3.31,3.3,2.29,3.11,3.13,,,,,,,,,,,,,,
ARG,Copa De La Liga Profesional,2021,24/03/2021,22:15,Atl. Tucuman,Huracan,1,1,D,2.27,3.37,3.26,2.32,3.44,3.27,2.25,3.23,3.08,,,,,,,,,,,,,,
ARG,Copa De La Liga Profesional,2021,26/03/2021,22:00,Lanus,Patronato,4,2,H,1.74,3.54,5.26,1.78,3.58,5.38,1.73,3.4,4.9,,,,,,,,,,,,,,
ARG,Copa De La Liga Profesional,2021,27/03/2021,00:15,Union de Santa Fe,Sarmiento Junin,0,0,D,1.67,3.65,5.72,1.73,4.11,5.75,1.64,3.59,5.32,,,,,,,,,,,,,,
ARG,Copa De La Liga Profesional,2021,27/03/2021,17:00,Platense,Colon Santa FE,1,3,A,3.69,3.21,2.16,3.8,3.25,2.25,3.51,3.07,2.14,,,,,,,,,,,,,,
ARG,Copa De La Liga Profesional,2021,27/03/2021,19:15,Aldosivi,Banfield,1,1,D,3.77,3.03,2.23,3.77,3.35,2.26,3.5,2.98,2.19,,,,,,,,,,,,,,
ARG,Copa De La Liga Profesional,2021,27/03/2021,21:30,Argentinos Jrs,Arsenal Sarandi,3,2,H,1.94,3.38,4.25,2,3.46,4.31,1.93,3.26,3.98,,,,,,,,,,,,,,
ARG,Copa De La Liga Profesional,2021,28/03/2021,00:00,Rosario Central,Central Cordoba,2,2,D,2.21,3.3,3.45,2.31,3.3,3.59,2.21,3.11,3.32,,,,,,,,,,,,,,
ARG,Copa De La Liga Profesional,2021,28/03/2021,18:00,Talleres Cordoba,Godoy Cruz,1,1,D,1.54,4.03,6.46,1.56,4.35,6.75,1.52,4.01,5.94,,,,,,,,,,,,,,
ARG,Copa De La Liga Profesional,2021,28/03/2021,20:15,Defensa y Justicia,Velez Sarsfield,1,1,D,2.41,3.33,3.04,2.48,3.41,3.2,2.31,3.22,2.99,,,,,,,,,,,,,,
ARG,Copa De La Liga Profesional,2021,28/03/2021,22:30,River Plate,Racing Club,0,0,D,1.36,4.45,10.8,1.4,5.1,11,1.35,4.58,8.59,,,,,,,,,,,,,,
ARG,Copa De La Liga Profesional,2021,29/03/2021,01:00,Independiente,Boca Juniors,1,1,D,3.9,3.03,2.18,3.95,3.28,2.23,3.69,2.96,2.15,,,,,,,,,,,,,,
ARG,Copa De La Liga Profesional,2021,29/03/2021,23:00,Estudiantes L.P.,San Lorenzo,0,2,A,2.25,3,3.74,2.28,3.19,3.74,2.21,2.95,3.48,,,,,,,,,,,,,,
ARG,Copa De La Liga Profesional,2021,30/03/2021,01:15,Atl. Tucuman,Newells Old Boys,2,2,D,2.64,3.03,2.98,2.67,3.2,3,2.55,3.01,2.83,,,,,,,,,,,,,,
ARG,Copa De La Liga Profesional,2021,30/03/2021,01:15,Huracan,Gimnasia L.P.,1,1,D,4.4,3.48,1.88,4.41,3.55,2.03,4.06,3.36,1.87,,,,,,,,,,,,,,
ARG,Copa De La Liga Profesional,2021,02/04/2021,21:00,Patronato,Aldosivi,2,0,H,2.83,3.2,2.65,3.03,3.26,2.72,2.72,3.11,2.59,,,,,,,,,,,,,,
ARG,Copa De La Liga Profesional,2021,02/04/2021,23:15,San Lorenzo,Rosario Central,2,0,H,2.11,3.22,3.84,2.26,3.35,3.86,2.1,3.14,3.55,,,,,,,,,,,,,,
ARG,Copa De La Liga Profesional,2021,03/04/2021,01:15,Central Cordoba,Platense,0,1,A,2.16,3.26,3.62,2.23,3.32,3.8,2.14,3.15,3.4,,,,,,,,,,,,,,
ARG,Copa De La Liga Profesional,2021,03/04/2021,18:00,Talleres Cordoba,Independiente,3,1,H,2.83,3.13,2.77,2.97,3.37,2.82,2.71,3.03,2.66,,,,,,,,,,,,,,
ARG,Copa De La Liga Profesional,2021,03/04/2021,20:15,Gimnasia L.P.,Lanus,2,4,A,3.46,3.74,2.09,4,3.75,2.11,3.43,3.48,2.01,,,,,,,,,,,,,,
ARG,Copa De La Liga Profesional,2021,03/04/2021,20:15,Sarmiento Junin,Atl. Tucuman,1,2,A,2.86,3.25,2.66,2.86,3.48,2.7,2.62,3.19,2.62,,,,,,,,,,,,,,
ARG,Copa De La Liga Profesional,2021,03/04/2021,22:30,Boca Juniors,Defensa y Justicia,2,1,H,1.96,3.31,4.47,2.01,3.83,6,1.9,3.28,4.11,,,,,,,,,,,,,,
ARG,Copa De La Liga Profesional,2021,04/04/2021,01:00,Arsenal Sarandi,River Plate,0,0,D,12.08,6.63,1.23,12.49,6.8,1.38,10.73,6.18,1.22,,,,,,,,,,,,,,
ARG,Copa De La Liga Profesional,2021,04/04/2021,18:00,Newells Old Boys,Huracan,2,2,D,2.42,3.02,3.45,2.43,3.37,3.6,2.28,2.98,3.3,,,,,,,,,,,,,,
ARG,Copa De La Liga Profesional,2021,04/04/2021,20:15,Colon Santa FE,Argentinos Jrs,0,0,D,1.79,3.59,5.01,1.94,3.7,5.01,1.77,3.47,4.5,,,,,,,,,,,,,,
ARG,Copa De La Liga Profesional,2021,04/04/2021,22:30,Velez Sarsfield,Union de Santa Fe,4,1,H,2.1,3.33,3.89,2.13,3.52,3.98,1.99,3.26,3.74,,,,,,,,,,,,,,
ARG,Copa De La Liga Profesional,2021,05/04/2021,01:00,Racing Club,Godoy Cruz,2,4,A,1.73,3.82,5.1,1.87,3.82,5.3,1.68,3.64,4.84,,,,,,,,,,,,,,
ARG,Copa De La Liga Profesional,2021,06/04/2021,01:15,Banfield,Estudiantes L.P.,2,2,D,4.27,3.63,1.9,4.6,3.68,1.93,4.11,3.43,1.84,,,,,,,,,,,,,,
ARG,Copa De La Liga Profesional,2021,10/04/2021,01:00,Platense,San Lorenzo,2,4,A,4.58,3.34,1.93,4.58,3.52,1.99,4.24,3.26,1.88,,,,,,,,,,,,,,
ARG,Copa De La Liga Profesional,2021,10/04/2021,20:15,Estudiantes L.P.,Aldosivi,1,0,H,1.95,3.35,4.46,2.02,3.45,4.46,1.93,3.27,3.99,,,,,,,,,,,,,,
ARG,Copa De La Liga Profesional,2021,10/04/2021,22:30,Defensa y Justicia,Talleres Cordoba,2,2,D,3.31,3.4,2.29,3.4,3.4,2.45,2.99,3.2,2.33,,,,,,,,,,,,,,
ARG,Copa De La Liga Profesional,2021,11/04/2021,01:00,Racing Club,Independiente,1,0,H,3.41,3.05,2.43,3.45,3.33,2.43,3.18,3.06,2.31,,,,,,,,,,,,,,
ARG,Copa De La Liga Profesional,2021,11/04/2021,15:00,Godoy Cruz,Arsenal Sarandi,2,3,A,2.2,3.61,3.3,2.32,3.61,3.5,2.17,3.35,3.15,,,,,,,,,,,,,,
ARG,Copa De La Liga Profesional,2021,11/04/2021,18:00,Argentinos Jrs,Central Cordoba,0,0,D,2.12,3.36,3.77,2.2,3.4,3.95,2.04,3.24,3.63,,,,,,,,,,,,,,
ARG,Copa De La Liga Profesional,2021,11/04/2021,18:00,Patronato,Gimnasia L.P.,4,1,H,2.9,3.1,2.73,2.98,3.18,2.9,2.74,3,2.64,,,,,,,,,,,,,,
ARG,Copa De La Liga Profesional,2021,11/04/2021,20:15,Rosario Central,Banfield,3,1,H,1.67,3.62,6.17,1.7,4.2,8,1.61,3.7,5.47,,,,,,,,,,,,,,
ARG,Copa De La Liga Profesional,2021,11/04/2021,22:30,Union de Santa Fe,Boca Juniors,1,0,H,3.91,3.36,2.08,4.11,3.44,2.17,3.58,3.23,2.06,,,,,,,,,,,,,,
ARG,Copa De La Liga Profesional,2021,12/04/2021,01:00,River Plate,Colon Santa FE,3,2,H,1.45,4.36,8.42,1.48,4.62,9,1.42,4.29,7.25,,,,,,,,,,,,,,
ARG,Copa De La Liga Profesional,2021,12/04/2021,23:00,Huracan,Sarmiento Junin,3,0,H,2.17,3.23,3.81,2.18,3.24,4.05,2.07,3.09,3.77,,,,,,,,,,,,,,
ARG,Copa De La Liga Profesional,2021,12/04/2021,23:00,Lanus,Newells Old Boys,1,3,A,1.72,3.8,5.15,1.75,3.9,5.15,1.68,3.69,4.8,,,,,,,,,,,,,,
ARG,Copa De La Liga Profesional,2021,13/04/2021,01:15,Atl. Tucuman,Velez Sarsfield,2,0,H,3.48,3.46,2.19,3.53,3.5,2.2,3.28,3.3,2.13,,,,,,,,,,,,,,
ARG,Copa De La Liga Profesional,2021,16/04/2021,19:00,Talleres Cordoba,Union de Santa Fe,3,0,H,2.21,3.18,3.74,2.34,3.36,3.81,2.15,3.12,3.43,,,,,,,,,,,,,,
ARG,Copa De La Liga Profesional,2021,16/04/2021,21:15,Aldosivi,Rosario Central,0,1,A,3.03,3.16,2.59,3.06,3.29,2.59,2.9,3.08,2.44,,,,,,,,,,,,,,
ARG,Copa De La Liga Profesional,2021,16/04/2021,22:00,Velez Sarsfield,Huracan,2,0,H,1.94,3.53,4.24,1.97,3.53,4.33,1.91,3.31,3.98,,,,,,,,,,,,,,
ARG,Copa De La Liga Profesional,2021,17/04/2021,01:30,Central Cordoba,River Plate,0,5,A,8.54,4.26,1.46,9,4.68,1.48,7.63,4.22,1.41,,,,,,,,,,,,,,
ARG,Copa De La Liga Profesional,2021,17/04/2021,17:30,Sarmiento Junin,Lanus,1,0,H,4.44,3.56,1.88,4.44,3.63,1.98,3.99,3.37,1.89,,,,,,,,,,,,,,
ARG,Copa De La Liga Profesional,2021,17/04/2021,19:45,San Lorenzo,Argentinos Jrs,1,1,D,2.5,3.16,3.16,2.54,3.22,3.16,2.46,3.06,2.92,,,,,,,,,,,,,,
ARG,Copa De La Liga Profesional,2021,17/04/2021,22:00,Boca Juniors,Atl. Tucuman,3,1,H,1.54,4.4,6.26,1.61,4.4,7,1.52,4.05,5.86,,,,,,,,,,,,,,
ARG,Copa De La Liga Profesional,2021,18/04/2021,00:15,Newells Old Boys,Patronato,2,0,H,1.93,3.52,4.32,1.97,3.6,4.52,1.87,3.33,4.07,,,,,,,,,,,,,,
ARG,Copa De La Liga Profesional,2021,18/04/2021,17:30,Arsenal Sarandi,Racing Club,2,1,H,3.72,3.64,2.04,3.82,3.64,2.07,3.5,3.39,2,,,,,,,,,,,,,,
ARG,Copa De La Liga Profesional,2021,18/04/2021,19:45,Estudiantes L.P.,Gimnasia L.P.,0,0,D,2.14,3.27,3.83,2.16,3.34,3.89,2.09,3.13,3.6,,,,,,,,,,,,,,
ARG,Copa De La Liga Profesional,2021,18/04/2021,22:00,Independiente,Defensa y Justicia,1,0,H,2.81,3.17,2.76,2.87,3.32,2.87,2.65,3.1,2.66,,,,,,,,,,,,,,
ARG,Copa De La Liga Profesional,2021,19/04/2021,01:00,Colon Santa FE,Godoy Cruz,2,2,D,1.61,3.88,6.31,1.67,3.93,6.31,1.6,3.7,5.37,,,,,,,,,,,,,,
ARG,Copa De La Liga Profesional,2021,19/04/2021,22:00,Banfield,Platense,0,1,A,1.75,3.59,5.39,1.77,3.74,5.44,1.7,3.51,4.93,,,,,,,,,,,,,,
ARG,Copa De La Liga Profesional,2021,24/04/2021,01:15,Godoy Cruz,Central Cordoba,1,0,H,2.51,3.62,2.78,2.53,3.65,3.21,2.34,3.47,2.75,,,,,,,,,,,,,,
ARG,Copa De La Liga Profesional,2021,24/04/2021,17:30,Patronato,Sarmiento Junin,1,0,H,2.26,3.66,3.14,2.38,3.66,3.32,2.21,3.34,3.06,,,,,,,,,,,,,,
ARG,Copa De La Liga Profesional,2021,24/04/2021,19:45,Argentinos Jrs,Banfield,1,1,D,2.88,2.98,2.77,2.93,3.15,3.2,2.66,2.96,2.77,,,,,,,,,,,,,,
ARG,Copa De La Liga Profesional,2021,24/04/2021,22:00,Huracan,Boca Juniors,0,2,A,4.8,3.23,1.93,5.1,3.42,1.95,4.31,3.19,1.89,,,,,,,,,,,,,,
ARG,Copa De La Liga Profesional,2021,25/04/2021,01:00,Union de Santa Fe,Independiente,0,0,D,2.98,2.99,2.76,2.98,3.2,2.78,2.81,2.97,2.6,,,,,,,,,,,,,,
ARG,Copa De La Liga Profesional,2021,25/04/2021,15:00,Lanus,Velez Sarsfield,1,2,A,2.47,3.45,2.86,2.6,3.55,2.97,2.43,3.3,2.76,,,,,,,,,,,,,,
ARG,Copa De La Liga Profesional,2021,25/04/2021,17:30,Defensa y Justicia,Arsenal Sarandi,0,1,A,1.38,4.66,9.01,1.47,5,12,1.36,4.57,8.51,,,,,,,,,,,,,,
ARG,Copa De La Liga Profesional,2021,25/04/2021,19:45,Racing Club,Colon Santa FE,2,1,H,3.17,3.29,2.42,3.17,3.3,2.45,3.01,3.12,2.35,,,,,,,,,,,,,,
ARG,Copa De La Liga Profesional,2021,25/04/2021,22:00,River Plate,San Lorenzo,1,2,A,1.51,4.11,6.85,1.55,4.58,7.77,1.5,4.09,6.12,,,,,,,,,,,,,,
ARG,Copa De La Liga Profesional,2021,26/04/2021,01:00,Atl. Tucuman,Talleres Cordoba,2,3,A,3.3,3.45,2.27,3.69,3.48,2.36,3.18,3.29,2.19,,,,,,,,,,,,,,
ARG,Copa De La Liga Profesional,2021,26/04/2021,01:00,Rosario Central,Estudiantes L.P.,0,1,A,3.32,3.28,2.34,3.38,3.28,2.42,3.17,3.11,2.27,,,,,,,,,,,,,,
ARG,Copa De La Liga Profesional,2021,26/04/2021,19:45,Platense,Aldosivi,0,2,A,2.41,3.2,3.26,2.45,3.33,3.26,2.31,3.11,3.1,,,,,,,,,,,,,,
ARG,Copa De La Liga Profesional,2021,26/04/2021,22:00,Gimnasia L.P.,Newells Old Boys,2,1,H,2.03,3.4,4.06,2.07,3.45,4.06,1.97,3.26,3.78,,,,,,,,,,,,,,
ARG,Copa De La Liga Profesional,2021,30/04/2021,22:00,Velez Sarsfield,Patronato,1,0,H,1.84,3.46,4.9,1.92,3.7,5,1.77,3.44,4.53,,,,,,,,,,,,,,
ARG,Copa De La Liga Profesional,2021,01/05/2021,01:00,Colon Santa FE,Arsenal Sarandi,2,0,H,1.38,5.31,7.91,1.47,5.31,8.77,1.37,4.79,7.44,,,,,,,,,,,,,,
ARG,Copa De La Liga Profesional,2021,02/05/2021,14:00,Boca Juniors,Lanus,1,0,H,1.75,3.55,5.44,1.76,3.89,5.44,1.71,3.52,4.9,,,,,,,,,,,,,,
ARG,Copa De La Liga Profesional,2021,02/05/2021,16:10,Defensa y Justicia,Union de Santa Fe,0,1,A,3.35,3.41,2.26,3.89,3.55,2.26,3.43,3.29,2.08,,,,,,,,,,,,,,
ARG,Copa De La Liga Profesional,2021,02/05/2021,16:10,Independiente,Atl. Tucuman,0,1,A,1.5,4.25,6.72,1.56,4.5,8,1.47,4.13,6.47,,,,,,,,,,,,,,
ARG,Copa De La Liga Profesional,2021,02/05/2021,18:20,San Lorenzo,Godoy Cruz,1,0,H,1.86,3.88,4.16,1.96,3.88,4.36,1.86,3.62,3.83,,,,,,,,,,,,,,
ARG,Copa De La Liga Profesional,2021,02/05/2021,18:20,Talleres Cordoba,Huracan,1,1,D,1.77,3.55,5.3,1.77,3.84,5.75,1.69,3.53,5.03,,,,,,,,,,,,,,
ARG,Copa De La Liga Profesional,2021,02/05/2021,20:30,Banfield,River Plate,1,0,H,6.17,4.1,1.58,6.5,4.3,1.6,5.74,3.98,1.54,,,,,,,,,,,,,,
ARG,Copa De La Liga Profesional,2021,02/05/2021,22:40,Aldosivi,Argentinos Jrs,1,3,A,2.72,3.07,2.94,2.91,3.2,2.96,2.6,3.01,2.79,,,,,,,,,,,,,,
ARG,Copa De La Liga Profesional,2021,02/05/2021,22:40,Central Cordoba,Racing Club,1,0,H,3.57,3.41,2.17,3.58,3.45,2.31,3.32,3.27,2.14,,,,,,,,,,,,,,
ARG,Copa De La Liga Profesional,2021,03/05/2021,01:00,Rosario Central,Newells Old Boys,3,0,H,2.19,3.28,3.69,2.32,3.28,3.76,2.17,3.09,3.42,,,,,,,,,,,,,,
ARG,Copa De La Liga Profesional,2021,03/05/2021,19:45,Sarmiento Junin,Gimnasia L.P.,0,0,D,3.66,3.23,2.22,3.71,3.38,2.23,3.46,3.18,2.12,,,,,,,,,,,,,,
ARG,Copa De La Liga Profesional,2021,03/05/2021,22:00,Estudiantes L.P.,Platense,2,0,H,1.53,4.15,6.85,1.57,4.2,8,1.52,3.9,6.35,,,,,,,,,,,,,,
ARG,Copa De La Liga Profesional,2021,08/05/2021,17:00,Godoy Cruz,Banfield,0,1,A,5.21,3.95,1.69,5.59,3.95,1.8,4.83,3.63,1.7,,,,,,,,,,,,,,
ARG,Copa De La Liga Profesional,2021,08/05/2021,19:30,Atl. Tucuman,Defensa y Justicia,5,0,H,1.18,6.89,18.97,1.2,8.37,20,1.17,6.76,15.53,,,,,,,,,,,,,,
ARG,Copa De La Liga Profesional,2021,08/05/2021,19:30,Gimnasia L.P.,Velez Sarsfield,0,5,A,2.47,3.21,3.15,2.48,3.34,3.22,2.4,3.1,2.98,,,,,,,,,,,,,,
ARG,Copa De La Liga Profesional,2021,08/05/2021,22:00,Patronato,Boca Juniors,1,0,H,4.41,3.16,2.03,4.9,3.45,2.05,4.24,3.16,1.92,,,,,,,,,,,,,,
ARG,Copa De La Liga Profesional,2021,09/05/2021,14:00,Arsenal Sarandi,Central Cordoba,1,1,D,3.56,3.5,2.14,3.75,3.52,2.21,3.33,3.33,2.11,,,,,,,,,,,,,,
ARG,Copa De La Liga Profesional,2021,09/05/2021,16:10,Argentinos Jrs,Estudiantes L.P.,2,0,H,2.72,3.06,2.95,2.75,3.18,2.95,2.58,2.98,2.83,,,,,,,,,,,,,,
ARG,Copa De La Liga Profesional,2021,09/05/2021,18:30,Platense,Rosario Central,4,1,H,3.88,3.52,2.03,4,3.52,2.05,3.74,3.32,1.98,,,,,,,,,,,,,,
ARG,Copa De La Liga Profesional,2021,09/05/2021,18:30,Racing Club,San Lorenzo,2,0,H,2.34,3.28,3.33,2.37,3.38,3.33,2.26,3.17,3.15,,,,,,,,,,,,,,
ARG,Copa De La Liga Profesional,2021,09/05/2021,18:30,River Plate,Aldosivi,4,1,H,1.22,6.5,14.28,1.23,6.75,15,1.2,6.2,12.72,,,,,,,,,,,,,,
ARG,Copa De La Liga Profesional,2021,09/05/2021,22:00,Colon Santa FE,Union de Santa Fe,1,1,D,2.22,3.38,3.48,2.27,3.41,3.5,2.16,3.23,3.29,,,,,,,,,,,,,,
ARG,Copa De La Liga Profesional,2021,09/05/2021,22:00,Huracan,Independiente,1,3,A,3.99,3.23,2.11,4.05,3.3,2.22,3.76,3.09,2.07,,,,,,,,,,,,,,
ARG,Copa De La Liga Profesional,2021,09/05/2021,22:00,Lanus,Talleres Cordoba,1,0,H,2.51,3.46,2.89,2.61,3.53,2.95,2.43,3.31,2.76,,,,,,,,,,,,,,
ARG,Copa De La Liga Profesional,2021,10/05/2021,01:00,Newells Old Boys,Sarmiento Junin,1,1,D,2.06,3.49,3.81,2.35,3.55,3.9,2.03,3.3,3.61,,,,,,,,,,,,,,
ARG,Copa De La Liga Profesional,2021,15/05/2021,21:30,Estudiantes L.P.,Independiente,0,0,D,2.76,3.01,2.87,2.9,3.12,2.92,2.71,2.95,2.71,,,,,,,,,,,,,,
ARG,Copa De La Liga Profesional,2021,16/05/2021,01:00,Colon Santa FE,Talleres Cordoba,1,1,D,2.24,3.29,3.41,2.27,3.38,3.49,2.19,3.18,3.29,,,,,,,,,,,,,,
ARG,Copa De La Liga Profesional,2021,16/05/2021,16:00,Velez Sarsfield,Racing Club,0,0,D,2.22,3.32,3.41,2.32,3.33,3.55,2.19,3.18,3.28,,,,,,,,,,,,,,
ARG,Copa De La Liga Profesional,2021,16/05/2021,21:30,Boca Juniors,River Plate,1,1,D,1.73,3.72,4.76,1.92,3.72,5.15,1.83,3.44,4.11,,,,,,,,,,,,,,
ARG,Copa De La Liga Profesional,2021,31/05/2021,19:00,Racing Club,Boca Juniors,0,0,D,5.39,3.52,1.76,5.39,3.6,1.79,4.9,3.44,1.72,,,,,,,,,,,,,,
ARG,Copa De La Liga Profesional,2021,31/05/2021,23:00,Independiente,Colon Santa FE,0,2,A,2.8,2.92,3.01,2.8,3.1,3.01,2.66,2.83,2.88,,,,,,,,,,,,,,
ARG,Copa De La Liga Profesional,2021,04/06/2021,23:00,Colon Santa FE,Racing Club,3,0,H,2.46,3.01,3.39,2.5,3.16,3.4,2.36,2.95,3.19,,,,,,,,,,,,,,
ARG,Liga Profesional,2021,16/07/2021,23:00,Union de Santa Fe,Boca Juniors,1,1,D,3.39,2.9,2.55,3.39,3.1,2.6,3.18,2.91,2.42,,,,,,,14,5,6,2,19,25,4,2
ARG,Liga Profesional,2021,17/07/2021,01:15,Sarmiento Junin,Estudiantes L.P.,0,3,A,3.75,3,2.31,3.84,3,2.35,3.58,2.9,2.23,,,,,,,9,14,1,5,13,14,4,5
ARG,Liga Profesional,2021,17/07/2021,17:30,Aldosivi,Patronato,0,2,A,,,,2.68,3.2,3.06,2.57,2.92,2.94,,,,,,,3,18,0,6,15,16,5,5
ARG,Liga Profesional,2021,17/07/2021,19:45,Lanus,Atl. Tucuman,4,2,H,2.24,3.25,3.59,2.28,3.47,3.6,2.15,3.28,3.33,,,,,,,10,15,5,6,13,21,3,5
ARG,Liga Profesional,2021,17/07/2021,19:45,Newells Old Boys,Talleres Cordoba,3,2,H,3.46,3.03,2.41,3.47,3.24,2.43,3.26,3,2.33,,,,,,,17,11,9,4,14,18,10,5
ARG,Liga Profesional,2021,17/07/2021,22:00,Gimnasia L.P.,Platense,2,2,D,2.13,3.17,3.86,2.28,3.4,3.86,2.16,3.09,3.51,,,,,,,6,6,3,2,15,25,4,2
ARG,Liga Profesional,2021,18/07/2021,00:15,Velez Sarsfield,Racing Club,0,0,D,2.93,2.97,2.82,3,3.12,2.86,2.85,2.95,2.64,,,,,,,9,9,2,3,14,19,6,4
ARG,Liga Profesional,2021,18/07/2021,17:30,Huracan,Defensa y Justicia,2,1,H,2.81,3,2.92,2.81,3.03,3,2.69,2.88,2.85,,,,,,,8,5,3,3,20,10,4,4
ARG,Liga Profesional,2021,18/07/2021,19:45,Arsenal Sarandi,San Lorenzo,1,1,D,,,,3.2,3.2,2.52,3.07,3.03,2.41,,,,,,,10,7,2,1,22,25,6,2
ARG,Liga Profesional,2021,18/07/2021,22:00,River Plate,Colon Santa FE,1,2,A,1.68,3.72,5.72,1.73,4.2,6.3,1.67,3.73,5.04,,,,,,,,,,,,,,
ARG,Liga Profesional,2021,19/07/2021,00:15,Independiente,Argentinos Jrs,0,0,D,1.67,3.36,7.07,1.7,3.65,9,1.64,3.38,6.16,,,,,,,12,8,6,1,12,16,7,0
ARG,Liga Profesional,2021,19/07/2021,22:00,Central Cordoba,Banfield,1,1,D,2.76,2.96,3.01,2.76,3.08,3.03,2.63,2.93,2.91,,,,,,,17,5,6,3,21,13,2,3
ARG,Liga Profesional,2021,20/07/2021,00:15,Godoy Cruz,Rosario Central,2,1,H,2.49,3.32,3.03,2.49,3.47,3.03,2.39,3.28,2.9,,,,,,,21,8,9,4,18,13,6,4
ARG,Liga Profesional,2021,23/07/2021,23:00,Atl. Tucuman,Huracan,1,0,H,2.41,3.2,3.27,2.46,3.35,3.31,2.36,3.14,3.07,,,,,,,12,9,3,3,17,15,3,3
ARG,Liga Profesional,2021,24/07/2021,01:15,Platense,Aldosivi,0,1,A,2.72,3.07,2.95,2.72,3.5,3.4,2.58,3.01,2.86,,,,,,,15,7,5,3,13,13,7,2
ARG,Liga Profesional,2021,24/07/2021,17:30,Colon Santa FE,Lanus,1,4,A,2.09,3.49,3.7,2.35,3.52,3.75,2.13,3.37,3.34,,,,,,,,,,,,,,
ARG,Liga Profesional,2021,24/07/2021,19:45,San Lorenzo,Central Cordoba,1,0,H,2.71,2.94,3.09,2.73,3.2,3.46,2.5,2.96,3.04,,,,,,,8,13,2,2,18,14,3,5
ARG,Liga Profesional,2021,24/07/2021,22:00,Racing Club,Gimnasia L.P.,0,0,D,2.24,3.03,3.9,2.35,3.2,3.95,2.21,2.95,3.62,,,,,,,8,6,0,0,19,17,8,1
ARG,Liga Profesional,2021,25/07/2021,00:15,Banfield,Boca Juniors,0,0,D,1.74,3.29,5.9,1.75,3.82,7.5,1.6,3.57,5.9,,,,,,,10,11,2,1,17,15,3,5
ARG,Liga Profesional,2021,25/07/2021,17:30,Defensa y Justicia,Godoy Cruz,1,2,A,1.99,3.38,4.22,2.06,3.54,4.33,1.96,3.31,3.95,,,,,,,9,14,2,4,22,14,4,5
ARG,Liga Profesional,2021,25/07/2021,17:30,Patronato,Sarmiento Junin,2,0,H,2.13,3.18,3.99,2.25,3.31,4.15,2.11,3.11,3.72,,,,,,,12,12,3,4,14,12,1,4
ARG,Liga Profesional,2021,25/07/2021,19:45,Rosario Central,Velez Sarsfield,1,0,H,3.31,3.3,2.33,3.6,3.42,2.36,3.18,3.22,2.26,,,,,,,16,8,7,5,13,15,13,5
ARG,Liga Profesional,2021,25/07/2021,22:00,River Plate,Union de Santa Fe,4,0,H,1.37,4.81,9.76,1.42,5,10,1.36,4.68,8.19,,,,,,,15,5,5,0,15,19,11,7
ARG,Liga Profesional,2021,26/07/2021,00:15,Estudiantes L.P.,Independiente,0,1,A,2.75,2.92,3.06,2.75,3.07,3.09,2.63,2.9,2.93,,,,,,,19,7,4,4,15,8,7,2
ARG,Liga Profesional,2021,26/07/2021,22:00,Talleres Cordoba,Arsenal Sarandi,2,0,H,1.62,3.96,5.93,1.67,3.96,6.5,1.6,3.76,5.75,,,,,,,15,7,3,1,14,5,6,6
ARG,Liga Profesional,2021,27/07/2021,00:15,Argentinos Jrs,Newells Old Boys,1,0,H,2.24,3.03,3.88,2.26,3.1,3.91,2.19,2.96,3.66,,,,,,,13,7,4,3,13,20,10,3
ARG,Liga Profesional,2021,27/07/2021,20:30,Huracan,Colon Santa FE,1,1,D,3.25,3.23,2.4,3.28,3.28,2.44,3.15,3.12,2.33,,,,,,,,,,,,,,
ARG,Liga Profesional,2021,27/07/2021,22:45,Aldosivi,Racing Club,0,2,A,3.86,3.19,2.17,3.94,3.26,2.21,3.67,3.07,2.13,,,,,,,16,20,5,2,8,14,4,7
ARG,Liga Profesional,2021,28/07/2021,01:00,Boca Juniors,San Lorenzo,0,2,A,3.64,3.01,2.28,3.64,3.1,2.38,3.43,2.93,2.27,,,,,,,12,7,0,2,14,24,2,2
ARG,Liga Profesional,2021,28/07/2021,18:15,Godoy Cruz,Atl. Tucuman,1,2,A,2.77,3.28,2.73,2.79,3.47,2.8,2.66,3.21,2.64,,,,,,,9,15,2,6,15,19,6,5
ARG,Liga Profesional,2021,28/07/2021,18:15,Union de Santa Fe,Banfield,0,1,A,2.5,2.92,3.44,2.52,3.1,3.64,2.4,2.85,3.37,,,,,,,13,24,2,7,11,15,3,10
ARG,Liga Profesional,2021,28/07/2021,20:30,Sarmiento Junin,Platense,1,0,H,2.89,2.94,2.89,2.89,3.04,2.89,2.76,2.88,2.78,,,,,,,19,8,3,0,11,16,12,6
ARG,Liga Profesional,2021,28/07/2021,20:30,Velez Sarsfield,Defensa y Justicia,0,0,D,2.2,3.1,3.89,2.27,3.24,4,2.18,3.03,3.61,,,,,,,12,9,3,2,9,11,9,0
ARG,Liga Profesional,2021,28/07/2021,22:45,Independiente,Patronato,2,0,H,1.93,3.27,4.69,2,3.5,4.83,1.9,3.2,4.4,,,,,,,17,14,5,3,9,25,10,3
ARG,Liga Profesional,2021,29/07/2021,01:00,Lanus,River Plate,0,3,A,5.56,4.62,1.56,6,4.7,1.65,5.39,4.4,1.53,,,,,,,12,18,5,6,16,16,10,6
ARG,Liga Profesional,2021,29/07/2021,18:15,Central Cordoba,Talleres Cordoba,2,1,H,3.09,3.06,2.61,3.14,3.18,2.63,2.97,3.02,2.51,,,,,,,10,8,3,1,22,12,3,5
ARG,Liga Profesional,2021,29/07/2021,20:30,Arsenal Sarandi,Argentinos Jrs,1,0,H,3.93,3.02,2.23,3.96,3.1,2.31,3.65,2.95,2.21,,,,,,,14,8,4,1,11,14,3,3
ARG,Liga Profesional,2021,29/07/2021,22:45,Gimnasia L.P.,Rosario Central,1,0,H,2.58,3.02,3.19,2.62,3.26,3.21,2.51,3,2.99,,,,,,,12,15,5,2,15,10,2,9
ARG,Liga Profesional,2021,30/07/2021,01:00,Newells Old Boys,Estudiantes L.P.,4,2,H,3.5,2.98,2.43,3.65,3.17,2.43,3.35,2.92,2.34,,,,,,,11,15,4,7,16,10,2,6
ARG,Liga Profesional,2021,31/07/2021,17:30,Colon Santa FE,Godoy Cruz,1,0,H,1.81,3.77,4.57,1.83,3.95,5,1.78,3.64,4.34,,,,,,,,,,,,,,
ARG,Liga Profesional,2021,31/07/2021,19:45,Lanus,Union de Santa Fe,1,1,D,2.11,3.35,3.83,2.17,3.42,3.94,2.08,3.27,3.56,,,,,,,6,14,2,3,10,9,2,5
ARG,Liga Profesional,2021,31/07/2021,22:00,Racing Club,Sarmiento Junin,1,0,H,1.7,3.56,5.92,1.77,3.62,6.37,1.69,3.45,5.4,,,,,,,20,10,3,2,10,12,7,6
ARG,Liga Profesional,2021,01/08/2021,00:15,Platense,Independiente,1,1,D,4.51,3.22,1.99,4.64,3.3,2.08,4.12,3.12,1.98,,,,,,,6,11,1,4,20,17,1,6
ARG,Liga Profesional,2021,01/08/2021,17:30,Defensa y Justicia,Gimnasia L.P.,3,2,H,2.37,2.99,3.61,2.4,3.2,3.61,2.34,2.91,3.39,,,,,,,14,6,5,4,12,19,7,5
ARG,Liga Profesional,2021,01/08/2021,19:45,Talleres Cordoba,Boca Juniors,0,0,D,3.44,2.92,2.5,3.74,2.99,2.52,3.35,2.82,2.42,,,,,,,15,9,3,0,21,18,3,1
ARG,Liga Profesional,2021,01/08/2021,22:00,River Plate,Huracan,1,1,D,1.46,4.4,8,1.53,4.46,8,1.44,4.27,7.3,,,,,,,18,4,6,1,16,11,15,3
ARG,Liga Profesional,2021,02/08/2021,00:15,San Lorenzo,Banfield,1,1,D,2.88,3.02,2.82,2.91,3.1,2.89,2.76,2.93,2.76,,,,,,,12,10,1,4,12,17,6,6
ARG,Liga Profesional,2021,02/08/2021,20:45,Argentinos Jrs,Central Cordoba,1,1,D,2.11,3.06,4.3,2.14,3.1,4.3,2.06,2.97,4.03,,,,,,,16,6,4,2,6,18,8,0
ARG,Liga Profesional,2021,02/08/2021,20:45,Patronato,Newells Old Boys,0,0,D,2.57,3.05,3.17,2.62,3.24,3.21,2.52,2.95,3,,,,,,,7,8,1,3,18,12,3,1
ARG,Liga Profesional,2021,02/08/2021,23:00,Estudiantes L.P.,Arsenal Sarandi,4,0,H,1.76,3.43,5.62,1.82,3.67,6.25,1.71,3.43,5.25,,,,,,,17,8,8,1,15,12,4,5
ARG,Liga Profesional,2021,02/08/2021,23:00,Rosario Central,Aldosivi,1,2,A,2.11,3.48,3.68,2.25,3.5,3.71,2.14,3.31,3.36,,,,,,,14,13,4,5,14,13,8,5
ARG,Liga Profesional,2021,03/08/2021,01:15,Atl. Tucuman,Velez Sarsfield,0,0,D,3.28,3.21,2.4,3.35,3.32,2.63,3.09,3.15,2.34,,,,,,,8,9,3,4,15,3,3,9
ARG,Liga Profesional,2021,06/08/2021,23:00,Sarmiento Junin,Rosario Central,1,0,H,2.67,2.97,3.11,2.75,3.05,3.12,2.66,2.91,2.87,,,,,,,10,5,5,2,13,11,3,2
ARG,Liga Profesional,2021,07/08/2021,01:15,Newells Old Boys,Platense,1,0,H,1.92,3.29,4.79,1.93,3.52,5.22,1.84,3.32,4.54,,,,,,,19,13,6,2,16,13,7,2
ARG,Liga Profesional,2021,07/08/2021,17:30,Banfield,Talleres Cordoba,0,1,A,2.89,2.96,2.87,2.9,3.06,2.95,2.75,2.89,2.79,,,,,,,25,13,5,6,10,14,7,0
ARG,Liga Profesional,2021,07/08/2021,19:45,Union de Santa Fe,San Lorenzo,4,0,H,2.61,3.04,3.12,2.65,3.14,3.3,2.48,2.95,3.06,,,,,,,11,10,5,1,12,9,2,3
ARG,Liga Profesional,2021,07/08/2021,22:00,Huracan,Lanus,0,1,A,2.93,3.14,2.68,2.93,3.32,2.68,2.82,3.09,2.57,,,,,,,18,11,7,5,17,22,9,6
ARG,Liga Profesional,2021,08/08/2021,00:15,Godoy Cruz,River Plate,2,1,H,4.82,3.83,1.76,5.5,3.98,1.76,4.84,3.78,1.68,,,,,,,19,16,4,5,12,13,9,5
ARG,Liga Profesional,2021,08/08/2021,17:30,Gimnasia L.P.,Atl. Tucuman,1,0,H,2.52,3.23,3.07,2.52,3.4,3.1,2.44,3.16,2.93,,,,,,,10,9,2,3,6,17,3,9
ARG,Liga Profesional,2021,08/08/2021,19:45,Velez Sarsfield,Colon Santa FE,0,1,A,2.26,3,3.89,2.26,3.22,3.89,2.19,2.98,3.63,,,,,,,,,,,,,,
ARG,Liga Profesional,2021,08/08/2021,22:00,Boca Juniors,Argentinos Jrs,1,1,D,2.12,2.83,4.74,2.2,3.05,4.74,2.12,2.81,4.12,,,,,,,6,7,3,1,12,24,3,5
ARG,Liga Profesional,2021,09/08/2021,00:15,Independiente,Racing Club,1,0,H,2.42,3.04,3.45,2.46,3.2,3.77,2.36,2.92,3.33,,,,,,,12,12,3,3,15,13,4,5
ARG,Liga Profesional,2021,09/08/2021,22:00,Aldosivi,Defensa y Justicia,1,0,H,3,3.08,2.66,3.1,3.23,2.66,2.87,3.04,2.56,,,,,,,10,13,4,6,8,16,8,6
ARG,Liga Profesional,2021,09/08/2021,22:00,Arsenal Sarandi,Patronato,2,2,D,3.06,3.1,2.61,3.16,3.14,2.77,2.96,2.98,2.54,,,,,,,12,18,5,8,10,14,4,5
ARG,Liga Profesional,2021,10/08/2021,00:15,Central Cordoba,Estudiantes L.P.,1,2,A,3.69,3.1,2.28,3.7,3.2,2.29,3.53,3.05,2.19,,,,,,,8,16,4,6,13,18,4,4
ARG,Liga Profesional,2021,13/08/2021,23:00,Colon Santa FE,Gimnasia L.P.,1,0,H,1.86,3.41,4.89,1.91,3.6,5.15,1.83,3.2,4.75,,,,,,,,,,,,,,
ARG,Liga Profesional,2021,14/08/2021,01:15,Huracan,Union de Santa Fe,0,0,D,2.86,2.94,2.92,2.86,3.1,2.99,2.73,2.83,2.86,,,,,,,13,7,4,1,16,16,6,2
ARG,Liga Profesional,2021,14/08/2021,17:30,Atl. Tucuman,Aldosivi,2,2,D,1.85,3.59,4.63,2.08,3.81,5.5,1.83,3.48,4.3,,,,,,,20,6,6,3,14,15,10,2
ARG,Liga Profesional,2021,14/08/2021,19:45,Argentinos Jrs,Banfield,2,0,H,2.25,3.04,3.84,2.35,3.1,3.96,2.22,2.94,3.59,,,,,,,8,16,5,2,9,14,4,4
ARG,Liga Profesional,2021,14/08/2021,22:00,River Plate,Velez Sarsfield,2,0,H,1.81,3.63,4.78,1.87,3.68,5.25,1.76,3.51,4.63,,,,,,,11,11,5,4,16,9,7,3
ARG,Liga Profesional,2021,15/08/2021,00:15,Rosario Central,Independiente,1,2,A,4.78,3.5,1.85,5.08,3.53,1.9,4.56,3.39,1.81,,,,,,,10,11,3,4,16,12,2,4
ARG,Liga Profesional,2021,15/08/2021,17:30,Patronato,Central Cordoba,1,0,H,2.43,2.96,3.54,2.43,3.11,3.54,2.34,2.93,3.35,,,,,,,5,11,5,2,13,15,1,4
ARG,Liga Profesional,2021,15/08/2021,19:45,Platense,Arsenal Sarandi,2,1,H,2.54,2.87,3.31,2.54,3.13,3.48,2.43,2.9,3.19,,,,,,,15,13,6,4,21,15,6,3
ARG,Liga Profesional,2021,15/08/2021,22:00,Estudiantes L.P.,Boca Juniors,1,0,H,3.64,2.92,2.4,3.64,3.03,2.49,3.46,2.8,2.35,,,,,,,9,10,3,1,22,17,5,5
ARG,Liga Profesional,2021,16/08/2021,00:15,Racing Club,Newells Old Boys,2,0,H,1.99,3.31,4.35,2.29,3.4,4.35,1.96,3.24,3.95,,,,,,,9,9,4,2,22,22,9,5
ARG,Liga Profesional,2021,16/08/2021,22:00,Talleres Cordoba,San Lorenzo,2,0,H,1.93,3.34,4.57,2.01,3.47,4.62,1.92,3.28,4.12,,,,,,,18,9,7,3,13,13,7,5
ARG,Liga Profesional,2021,17/08/2021,00:15,Defensa y Justicia,Sarmiento Junin,4,2,H,2.09,3.19,4.15,2.09,3.31,4.3,2.02,3.08,4,,,,,,,13,12,4,4,14,12,5,5
ARG,Liga Profesional,2021,17/08/2021,01:45,Lanus,Godoy Cruz,3,1,H,1.85,4.02,4.03,1.9,4.02,4.04,1.85,3.76,3.72,,,,,,,14,16,6,3,14,16,6,7
ARG,Liga Profesional,2021,20/08/2021,20:45,Aldosivi,Colon Santa FE,3,0,H,3.81,3.19,2.19,3.84,3.23,2.28,3.56,3.1,2.15,,,,,,,,,,,,,,
ARG,Liga Profesional,2021,20/08/2021,23:00,Banfield,Estudiantes L.P.,1,1,D,3.52,3.11,2.34,3.57,3.16,2.55,3.34,2.98,2.32,,,,,,,,,,,,,,
ARG,Liga Profesional,2021,20/08/2021,23:00,Sarmiento Junin,Atl. Tucuman,3,0,H,3.04,3.1,2.62,3.2,3.2,2.7,2.93,3.04,2.53,,,,,,,12,14,4,6,14,13,5,5
ARG,Liga Profesional,2021,21/08/2021,01:15,Independiente,Defensa y Justicia,0,0,D,1.95,3.49,4.24,2.09,3.49,4.24,1.94,3.33,3.95,,,,,,,11,9,4,3,15,19,6,6
ARG,Liga Profesional,2021,21/08/2021,17:00,Central Cordoba,Platense,2,2,D,2.32,3.04,3.64,4,3.8,3.99,2.22,3.07,3.53,,,,,,,15,10,5,3,12,16,4,6
ARG,Liga Profesional,2021,21/08/2021,17:30,Godoy Cruz,Huracan,1,1,D,2.24,3.38,3.44,2.35,3.38,3.62,2.24,3.21,3.24,,,,,,,16,7,5,1,15,14,6,4
ARG,Liga Profesional,2021,21/08/2021,19:45,Velez Sarsfield,Lanus,5,1,H,2.15,3.28,3.79,2.2,3.38,3.8,2.14,3.21,3.46,,,,,,,16,18,9,3,17,19,4,7
ARG,Liga Profesional,2021,21/08/2021,22:00,Arsenal Sarandi,Racing Club,0,3,A,4.56,3.35,1.93,4.59,3.35,2.1,4.16,3.19,1.96,,,,,,,13,17,2,6,14,15,5,4
ARG,Liga Profesional,2021,22/08/2021,00:15,Boca Juniors,Patronato,1,0,H,1.78,3.36,5.65,1.78,3.65,5.9,1.73,3.33,5.34,,,,,,,10,7,1,3,9,15,5,3
ARG,Liga Profesional,2021,22/08/2021,17:30,Union de Santa Fe,Talleres Cordoba,1,2,A,2.97,3.04,2.72,3.04,3.13,2.75,2.85,2.96,2.63,,,,,,,11,7,3,2,11,18,3,3
ARG,Liga Profesional,2021,22/08/2021,19:45,Newells Old Boys,Rosario Central,1,1,D,2.26,3.37,3.41,2.33,3.44,3.45,2.22,3.23,3.26,,,,,,,10,13,3,4,12,15,3,9
ARG,Liga Profesional,2021,22/08/2021,22:00,San Lorenzo,Argentinos Jrs,0,1,A,4.19,3.15,2.09,4.33,3.22,2.14,3.91,3.1,2.05,,,,,,,12,8,2,3,13,7,5,3
ARG,Liga Profesional,2021,23/08/2021,00:15,Gimnasia L.P.,River Plate,1,1,D,5.77,3.73,1.68,5.77,4.05,1.72,5.2,3.67,1.66,,,,,,,3,12,1,3,17,19,3,10
ARG,Liga Profesional,2021,24/08/2021,18:15,Patronato,Banfield,1,1,D,3.4,2.92,2.52,3.45,3.04,2.65,3.17,2.87,2.47,,,,,,,15,11,9,4,16,10,6,4
ARG,Liga Profesional,2021,24/08/2021,20:30,Colon Santa FE,Sarmiento Junin,1,1,D,1.67,3.84,5.67,1.74,4,6,1.66,3.62,5.33,,,,,,,,,,,,,,
ARG,Liga Profesional,2021,24/08/2021,22:45,Atl. Tucuman,Independiente,2,0,H,3.08,3.04,2.64,3.13,3.2,2.7,2.91,3.01,2.56,,,,,,,13,7,6,3,13,8,5,8
ARG,Liga Profesional,2021,25/08/2021,01:00,Racing Club,Central Cordoba,0,0,D,1.91,3.43,4.53,1.95,3.45,4.75,1.87,3.29,4.39,,,,,,,17,11,2,1,6,12,8,6
ARG,Liga Profesional,2021,25/08/2021,18:15,Rosario Central,Arsenal Sarandi,4,0,H,2.01,3.55,3.92,2.15,3.65,4.1,2.03,3.4,3.57,,,,,,,17,10,6,3,14,10,5,3
ARG,Liga Profesional,2021,25/08/2021,20:30,Defensa y Justicia,Newells Old Boys,2,0,H,1.98,3.44,4.17,2.2,3.63,4.4,1.96,3.34,3.91,,,,,,,9,12,4,4,13,19,2,5
ARG,Liga Profesional,2021,25/08/2021,20:30,Lanus,Gimnasia L.P.,2,0,H,1.94,3.72,3.98,2,3.79,4.05,1.93,3.58,3.71,,,,,,,10,17,4,2,25,15,7,9
ARG,Liga Profesional,2021,25/08/2021,22:45,Huracan,Velez Sarsfield,1,1,D,3.82,3.08,2.24,3.9,3.2,2.35,3.51,3,2.23,,,,,,,13,10,3,2,13,13,3,3
ARG,Liga Profesional,2021,26/08/2021,01:00,Platense,Boca Juniors,1,3,A,4.09,3,2.19,5,3.45,2.28,3.95,2.9,2.15,,,,,,,7,15,2,5,13,17,2,3
ARG,Liga Profesional,2021,26/08/2021,18:15,Godoy Cruz,Union de Santa Fe,1,2,A,2.75,3.28,2.75,2.83,3.43,2.85,2.7,3.15,2.64,,,,,,,13,7,6,2,14,8,3,5
ARG,Liga Profesional,2021,26/08/2021,20:30,Argentinos Jrs,Talleres Cordoba,1,2,A,2.23,3.04,3.9,2.3,3.11,3.95,2.19,2.98,3.63,,,,,,,12,7,4,3,13,17,7,3
ARG,Liga Profesional,2021,26/08/2021,22:45,Estudiantes L.P.,San Lorenzo,2,0,H,1.84,3.53,4.81,1.85,3.6,5,1.78,3.46,4.6,,,,,,,17,8,6,1,14,18,5,6
ARG,Liga Profesional,2021,27/08/2021,01:00,River Plate,Aldosivi,2,0,H,1.33,5.29,10.53,1.34,5.75,11,1.31,5.26,9.03,,,,,,,14,5,7,1,24,9,3,6
ARG,Liga Profesional,2021,28/08/2021,19:45,Gimnasia L.P.,Huracan,0,0,D,2.46,3,3.41,2.55,3.1,3.46,2.4,2.95,3.18,,,,,,,9,2,4,0,13,12,5,7
ARG,Liga Profesional,2021,28/08/2021,22:00,Banfield,Platense,2,4,A,1.93,3.34,4.55,2.02,3.5,4.6,1.9,3.27,4.31,,,,,,,18,13,8,6,17,12,5,5
ARG,Liga Profesional,2021,29/08/2021,00:15,Independiente,Colon Santa FE,3,0,H,2.23,3.08,3.82,2.24,3.21,4.03,2.11,3.04,3.77,,,,,,,,,,,,,,
ARG,Liga Profesional,2021,29/08/2021,17:30,Arsenal Sarandi,Defensa y Justicia,0,0,D,3.63,3.34,2.18,4,3.4,2.22,3.54,3.22,2.1,,,,,,,8,15,1,3,8,10,3,5
ARG,Liga Profesional,2021,29/08/2021,19:45,Aldosivi,Lanus,2,3,A,3.13,3.42,2.37,3.25,3.54,2.4,2.98,3.31,2.33,,,,,,,21,12,5,6,16,20,6,2
ARG,Liga Profesional,2021,29/08/2021,19:45,Central Cordoba,Rosario Central,2,4,A,2.31,3.38,3.29,2.45,3.38,3.29,2.32,3.2,3.09,,,,,,,19,16,10,8,11,9,5,7
ARG,Liga Profesional,2021,29/08/2021,22:00,Velez Sarsfield,Godoy Cruz,3,0,H,1.56,4.43,5.81,1.61,4.5,6.5,1.53,4.21,5.72,,,,,,,16,11,9,0,13,13,7,5
ARG,Liga Profesional,2021,30/08/2021,00:15,Boca Juniors,Racing Club,0,0,D,2.08,3.1,4.34,2.13,3.2,4.8,2.04,3,4.13,,,,,,,11,8,4,1,14,8,7,3
ARG,Liga Profesional,2021,30/08/2021,18:30,Newells Old Boys,Atl. Tucuman,1,2,A,2.21,3.5,3.39,2.21,3.59,3.72,2.09,3.41,3.39,,,,,,,22,9,7,2,11,15,6,4
ARG,Liga Profesional,2021,30/08/2021,18:30,Union de Santa Fe,Argentinos Jrs,1,0,H,2.77,2.9,3.07,2.82,2.95,3.2,2.67,2.81,2.97,,,,,,,8,12,3,2,17,12,5,8
ARG,Liga Profesional,2021,30/08/2021,20:45,San Lorenzo,Patronato,3,0,H,3.05,3.03,2.67,3.06,3.19,2.75,2.91,2.96,2.59,,,,,,,8,5,6,2,21,15,2,5
ARG,Liga Profesional,2021,30/08/2021,23:00,Sarmiento Junin,River Plate,1,2,A,4.26,3.56,1.93,4.28,3.64,1.99,3.92,3.44,1.92,,,,,,,12,12,3,5,18,15,4,6
ARG,Liga Profesional,2021,31/08/2021,01:15,Talleres Cordoba,Estudiantes L.P.,2,0,H,2.35,3.04,3.59,2.38,3.14,3.7,2.28,2.94,3.45,,,,,,,7,11,2,3,23,15,2,9
ARG,Liga Profesional,2021,03/09/2021,23:00,Defensa y Justicia,Central Cordoba,1,1,D,2,3.33,4.25,2.03,3.44,4.42,1.96,3.27,4,,,,,,,12,14,4,1,12,8,10,5
ARG,Liga Profesional,2021,04/09/2021,01:15,Huracan,Aldosivi,2,0,H,2.41,3.17,3.31,2.46,3.23,3.35,2.34,3.08,3.19,,,,,,,14,8,7,4,11,11,5,4
ARG,Liga Profesional,2021,04/09/2021,17:30,Atl. Tucuman,Arsenal Sarandi,0,0,D,1.67,3.94,5.42,1.7,3.98,5.7,1.65,3.78,5.1,,,,,,,16,6,3,1,11,13,6,3
ARG,Liga Profesional,2021,04/09/2021,19:45,Colon Santa FE,Newells Old Boys,1,1,D,2.3,3.36,3.33,2.3,3.46,3.61,2.22,3.29,3.22,,,,,,,,,,,,,,
ARG,Liga Profesional,2021,04/09/2021,19:45,Lanus,Sarmiento Junin,1,1,D,1.93,3.56,4.26,1.95,3.8,4.6,1.86,3.52,4.07,,,,,,,,,,,,,,
ARG,Liga Profesional,2021,04/09/2021,22:00,Platense,San Lorenzo,1,1,D,2.81,3.07,2.85,2.82,3.66,3.23,2.59,3.05,2.83,,,,,,,11,12,3,5,11,14,3,8
ARG,Liga Profesional,2021,05/09/2021,00:15,Rosario Central,Boca Juniors,1,2,A,3.85,3.15,2.19,3.87,3.29,2.27,3.6,3.04,2.17,,,,,,,15,19,5,7,11,7,8,10
ARG,Liga Profesional,2021,05/09/2021,17:30,Godoy Cruz,Gimnasia L.P.,4,0,H,2.48,3.19,3.16,2.49,3.33,3.25,2.39,3.16,3.02,,,,,,,17,6,6,1,14,9,7,6
ARG,Liga Profesional,2021,05/09/2021,17:30,Patronato,Talleres Cordoba,0,0,D,3.6,3.09,2.31,3.63,3.22,2.37,3.4,3.04,2.25,,,,,,,7,14,4,3,18,14,7,6
ARG,Liga Profesional,2021,05/09/2021,23:00,Racing Club,Banfield,0,0,D,2.47,3.18,3.19,2.53,3.22,3.2,2.42,3.03,3.07,,,,,,,12,18,2,4,8,12,3,8
ARG,Liga Profesional,2021,06/09/2021,01:15,River Plate,Independiente,1,1,D,2.26,3.16,3.65,2.35,3.34,3.65,2.22,3.09,3.39,,,,,,,17,8,3,2,19,10,7,7
ARG,Liga Profesional,2021,06/09/2021,22:00,Estudiantes L.P.,Argentinos Jrs,1,1,D,2.5,2.91,3.46,2.5,3.07,3.47,2.4,2.89,3.28,,,,,,,10,10,5,2,13,16,5,7
ARG,Liga Profesional,2021,07/09/2021,00:15,Velez Sarsfield,Union de Santa Fe,4,0,H,1.93,3.47,4.28,1.95,3.53,4.3,1.89,3.37,4.07,,,,,,,20,11,7,2,16,15,2,3
ARG,Liga Profesional,2021,13/09/2021,18:15,Aldosivi,Godoy Cruz,1,4,A,2.89,3.48,2.5,3.1,3.5,2.58,2.85,3.35,2.4,,,,,,,8,18,3,8,8,13,3,9
ARG,Liga Profesional,2021,13/09/2021,18:15,Sarmiento Junin,Huracan,0,0,D,2.99,3.09,2.67,3.05,3.17,2.9,2.88,2.96,2.61,,,,,,,11,13,4,3,21,15,4,8
ARG,Liga Profesional,2021,13/09/2021,20:30,Independiente,Lanus,0,1,A,1.96,3.49,4.19,2,3.6,4.2,1.94,3.4,3.86,,,,,,,,,,,,,,
ARG,Liga Profesional,2021,13/09/2021,22:45,San Lorenzo,Racing Club,1,1,D,3.72,3.03,2.3,3.73,3.12,2.38,3.45,2.92,2.29,,,,,,,11,13,3,2,15,11,3,4
ARG,Liga Profesional,2021,14/09/2021,01:00,Gimnasia L.P.,Velez Sarsfield,0,0,D,4.41,3.44,1.93,4.5,3.46,2,4.11,3.28,1.93,,,,,,,14,17,2,5,11,14,4,7
ARG,Liga Profesional,2021,14/09/2021,18:15,Talleres Cordoba,Platense,2,1,H,1.71,3.65,5.55,1.77,3.68,5.7,1.7,3.49,5.18,,,,,,,12,10,5,4,10,9,3,5
ARG,Liga Profesional,2021,14/09/2021,20:30,Arsenal Sarandi,Colon Santa FE,0,0,D,3.79,3.42,2.09,3.86,3.48,2.15,3.57,3.32,2.06,,,,,,,,,,,,,,
ARG,Liga Profesional,2021,14/09/2021,22:45,Central Cordoba,Atl. Tucuman,2,0,H,2.63,3.18,2.95,2.64,3.25,2.97,2.52,3.09,2.88,,,,,,,11,14,2,2,9,11,2,5
ARG,Liga Profesional,2021,15/09/2021,01:00,Boca Juniors,Defensa y Justicia,0,0,D,1.82,3.23,5.64,1.87,3.3,5.72,1.8,3.17,5.14,,,,,,,14,11,3,3,9,10,4,5
ARG,Liga Profesional,2021,15/09/2021,18:15,Union de Santa Fe,Estudiantes L.P.,0,2,A,3.63,3.26,2.22,3.66,3.28,2.27,3.47,3.1,2.19,,,,,,,7,12,0,3,13,16,2,1
ARG,Liga Profesional,2021,15/09/2021,20:30,Argentinos Jrs,Patronato,1,1,D,2.04,3.04,4.63,2.1,3.21,4.8,2.03,2.99,4.21,,,,,,,21,12,6,2,7,17,9,3
ARG,Liga Profesional,2021,15/09/2021,22:45,Banfield,Rosario Central,1,2,A,2.42,3.26,3.19,2.43,3.5,3.35,2.33,3.22,3.06,,,,,,,16,14,6,5,17,17,5,3
ARG,Liga Profesional,2021,16/09/2021,01:00,Newells Old Boys,River Plate,1,4,A,5.69,4.14,1.61,6.01,4.22,1.63,5.47,4.01,1.57,,,,,,,22,12,7,7,9,11,4,2
ARG,Liga Profesional,2021,18/09/2021,17:30,Godoy Cruz,Sarmiento Junin,1,1,D,2.01,3.44,4.07,2.05,3.53,4.11,1.98,3.36,3.74,,,,,,,18,10,4,2,13,11,5,4
ARG,Liga Profesional,2021,18/09/2021,19:45,Velez Sarsfield,Aldosivi,3,2,H,1.44,4.49,8.24,1.5,4.8,8.7,1.43,4.32,7.53,,,,,,,18,15,7,4,14,12,5,7
ARG,Liga Profesional,2021,18/09/2021,22:00,Racing Club,Talleres Cordoba,1,2,A,2.86,2.97,2.88,2.87,3.04,2.89,2.76,2.89,2.78,,,,,,,9,9,3,5,10,15,4,1
ARG,Liga Profesional,2021,19/09/2021,00:15,Atl. Tucuman,Boca Juniors,1,2,A,3.79,2.97,2.31,3.84,3.16,2.39,3.44,2.94,2.29,,,,,,,6,14,1,6,17,9,2,2
ARG,Liga Profesional,2021,19/09/2021,17:30,Patronato,Estudiantes L.P.,1,2,A,4.31,3.23,2.03,4.5,3.26,2.2,3.94,3.11,2.03,,,,,,,19,9,6,5,18,11,5,2
ARG,Liga Profesional,2021,19/09/2021,19:45,Colon Santa FE,Central Cordoba,1,0,H,2.17,3.25,3.78,2.26,3.37,4.1,2.13,3.15,3.55,,,,,,,,,,,,,,
ARG,Liga Profesional,2021,19/09/2021,19:45,Platense,Argentinos Jrs,0,0,D,4.26,3.18,2.06,4.5,3.27,2.18,3.98,3.09,2.03,,,,,,,7,13,3,3,15,12,2,3
ARG,Liga Profesional,2021,19/09/2021,22:00,Huracan,Independiente,0,1,A,3.64,2.98,2.36,3.75,3,2.39,3.47,2.9,2.3,,,,,,,20,7,4,5,9,12,10,4
ARG,Liga Profesional,2021,20/09/2021,00:15,River Plate,Arsenal Sarandi,1,0,H,1.26,5.91,13.08,1.3,6,13.08,1.25,5.58,11.27,,,,,,,24,4,4,2,14,13,5,0
ARG,Liga Profesional,2021,20/09/2021,17:30,Gimnasia L.P.,Union de Santa Fe,1,0,H,2.73,2.88,3.13,2.8,3.05,3.14,2.67,2.84,2.92,,,,,,,11,11,5,0,15,23,4,5
ARG,Liga Profesional,2021,20/09/2021,19:45,Lanus,Newells Old Boys,1,2,A,2.27,3.42,3.33,2.31,3.58,3.42,2.18,3.37,3.22,,,,,,,,,,,,,,
ARG,Liga Profesional,2021,20/09/2021,22:00,Rosario Central,San Lorenzo,1,0,H,2.16,3.57,3.45,2.23,3.6,3.5,2.14,3.42,3.24,,,,,,,11,13,5,4,13,10,3,4
ARG,Liga Profesional,2021,21/09/2021,00:15,Defensa y Justicia,Banfield,0,0,D,2.31,3.15,3.53,2.38,3.2,3.6,2.28,3.04,3.32,,,,,,,14,11,3,1,12,18,4,6
ARG,Liga Profesional,2021,24/09/2021,23:00,Sarmiento Junin,Velez Sarsfield,0,1,A,4.26,3.46,1.95,4.33,3.46,2,4.06,3.29,1.92,,,,,,,11,12,1,5,12,11,4,3
ARG,Liga Profesional,2021,25/09/2021,01:15,Estudiantes L.P.,Platense,1,1,D,1.86,3.35,4.97,1.89,3.5,5.5,1.82,3.29,4.58,,,,,,,12,5,3,1,14,10,4,4
ARG,Liga Profesional,2021,25/09/2021,17:30,Aldosivi,Gimnasia L.P.,1,3,A,2.76,3.2,2.8,3.1,3.27,2.89,2.84,3.11,2.56,,,,,,,9,9,2,5,22,18,1,1
ARG,Liga Profesional,2021,25/09/2021,19:45,Arsenal Sarandi,Lanus,1,0,H,4.07,3.53,1.98,4.07,3.62,2.02,3.82,3.41,1.94,,,,,,,,,,,,,,
ARG,Liga Profesional,2021,25/09/2021,19:45,Talleres Cordoba,Rosario Central,4,1,H,1.68,4.09,5.12,1.75,4.09,5.18,1.68,3.84,4.75,,,,,,,17,4,11,2,15,19,3,7
ARG,Liga Profesional,2021,25/09/2021,22:00,Banfield,Atl. Tucuman,2,0,H,2.08,3.3,3.98,2.12,3.34,4.33,2.06,3.22,3.7,,,,,,,18,15,6,4,16,11,8,6
ARG,Liga Profesional,2021,26/09/2021,00:15,Central Cordoba,River Plate,1,3,A,5.27,4.17,1.65,5.75,4.3,1.68,5.12,3.98,1.61,,,,,,,18,15,4,7,15,9,3,4
ARG,Liga Profesional,2021,26/09/2021,17:30,Union de Santa Fe,Patronato,2,0,H,2.51,2.98,3.35,2.52,3.12,3.6,2.39,2.93,3.25,,,,,,,8,8,3,1,6,11,4,1
ARG,Liga Profesional,2021,26/09/2021,19:45,San Lorenzo,Defensa y Justicia,2,1,H,2.98,3,2.75,3.02,3.05,2.76,2.9,2.94,2.61,,,,,,,12,12,3,3,10,6,3,6
ARG,Liga Profesional,2021,26/09/2021,22:00,Independiente,Godoy Cruz,1,4,A,1.98,3.41,4.24,2,3.52,4.5,1.91,3.35,4.03,,,,,,,7,15,4,5,7,17,7,6
ARG,Liga Profesional,2021,27/09/2021,00:15,Boca Juniors,Colon Santa FE,1,0,H,1.83,3.22,5.58,1.83,3.4,6.5,1.75,3.17,5.53,,,,,,,,,,,,,,
ARG,Liga Profesional,2021,27/09/2021,22:00,Argentinos Jrs,Racing Club,2,0,H,2.41,2.89,3.67,2.41,2.91,3.8,2.33,2.81,3.52,,,,,,,9,7,5,1,18,16,5,5
ARG,Liga Profesional,2021,28/09/2021,00:15,Newells Old Boys,Huracan,0,1,A,2.82,2.99,2.91,2.82,3.15,2.91,2.7,2.97,2.76,,,,,,,15,4,6,2,18,15,3,7
ARG,Liga Profesional,2021,01/10/2021,23:00,Aldosivi,Union de Santa Fe,1,2,A,2.93,3.07,2.73,2.95,3.27,2.75,2.81,3.03,2.61,,,,,,,7,13,1,4,19,15,2,10
ARG,Liga Profesional,2021,02/10/2021,01:15,Lanus,Central Cordoba,2,1,H,1.99,3.45,4.11,2.1,3.62,4.11,1.98,3.35,3.77,,,,,,,19,14,6,2,13,10,8,6
ARG,Liga Profesional,2021,02/10/2021,17:30,Godoy Cruz,Newells Old Boys,2,2,D,1.92,3.78,4.02,2.11,3.81,4.11,1.95,3.54,3.68,,,,,,,20,7,6,5,15,14,6,5
ARG,Liga Profesional,2021,02/10/2021,17:30,Platense,Patronato,0,0,D,2.62,2.97,3.18,2.85,3.15,3.22,2.57,2.93,2.97,,,,,,,11,12,7,1,11,14,8,4
ARG,Liga Profesional,2021,02/10/2021,19:45,Huracan,Arsenal Sarandi,1,0,H,1.83,3.38,5.14,1.99,3.42,5.14,1.86,3.22,4.57,,,,,,,22,12,8,2,7,15,3,5
ARG,Liga Profesional,2021,02/10/2021,22:00,Atl. Tucuman,San Lorenzo,0,0,D,2.18,3.31,3.65,2.25,3.51,3.66,2.14,3.23,3.42,,,,,,,16,4,2,1,17,10,7,0
ARG,Liga Profesional,2021,03/10/2021,00:15,Velez Sarsfield,Independiente,3,3,D,2.11,3.12,4.18,2.16,3.31,4.4,2.06,3.11,3.86,,,,,,,16,15,4,7,14,12,7,3
ARG,Liga Profesional,2021,03/10/2021,17:30,Gimnasia L.P.,Sarmiento Junin,0,1,A,2,3.26,4.36,2.25,3.26,4.52,1.99,3.13,4.06,,,,,,,16,13,3,4,9,19,10,4
ARG,Liga Profesional,2021,03/10/2021,17:30,Rosario Central,Argentinos Jrs,0,1,A,3.29,3.36,2.32,3.4,3.4,2.43,3.2,3.23,2.25,,,,,,,11,12,1,3,17,11,8,1
ARG,Liga Profesional,2021,03/10/2021,21:00,River Plate,Boca Juniors,2,1,H,2.24,3.19,3.66,2.4,3.2,3.69,2.28,3.01,3.35,,,,,,,8,7,4,1,21,14,6,2
ARG,Liga Profesional,2021,04/10/2021,00:15,Racing Club,Estudiantes L.P.,1,1,D,3.04,2.86,2.82,3.05,3.06,2.83,2.9,2.83,2.7,,,,,,,9,18,3,7,16,16,7,5
ARG,Liga Profesional,2021,04/10/2021,22:00,Defensa y Justicia,Talleres Cordoba,3,0,H,2.8,2.98,2.94,2.9,3.06,2.94,2.77,2.91,2.75,,,,,,,16,13,9,3,12,15,4,4
ARG,Liga Profesional,2021,05/10/2021,00:15,Colon Santa FE,Banfield,0,0,D,2.35,3.04,3.6,2.35,3.16,3.71,2.26,2.97,3.46,,,,,,,,,,,,,,
ARG,Liga Profesional,2021,08/10/2021,18:30,Union de Santa Fe,Platense,1,2,A,2,3.18,4.52,2.05,3.22,4.67,1.99,3.09,4.17,,,,,,,16,9,6,5,8,11,16,2
ARG,Liga Profesional,2021,08/10/2021,20:45,Central Cordoba,Huracan,1,2,A,2.43,2.99,3.49,2.44,3.16,3.54,2.35,2.94,3.33,,,,,,,14,10,5,5,10,12,3,6
ARG,Liga Profesional,2021,08/10/2021,23:00,Estudiantes L.P.,Rosario Central,2,2,D,1.66,4.07,5.28,1.7,4.2,5.64,1.63,3.9,5.04,,,,,,,25,13,10,3,7,19,11,3
ARG,Liga Profesional,2021,09/10/2021,01:15,Newells Old Boys,Velez Sarsfield,1,2,A,3.95,3.66,1.97,4,3.74,2.02,3.75,3.56,1.92,,,,,,,14,10,3,6,13,15,8,3
ARG,Liga Profesional,2021,09/10/2021,17:30,Argentinos Jrs,Defensa y Justicia,0,2,A,2.58,2.98,3.23,2.59,3.08,3.3,2.47,2.94,3.11,,,,,,,13,13,4,5,15,13,6,3
ARG,Liga Profesional,2021,09/10/2021,17:30,Sarmiento Junin,Aldosivi,3,0,H,2.31,3.15,3.52,2.31,3.32,3.6,2.22,3.14,3.37,,,,,,,23,12,12,3,11,13,9,4
ARG,Liga Profesional,2021,09/10/2021,19:45,Patronato,Racing Club,1,2,A,2.34,3.04,3.61,2.4,3.11,3.74,2.23,2.97,3.55,,,,,,,22,6,7,4,9,12,12,1
ARG,Liga Profesional,2021,09/10/2021,22:00,Banfield,River Plate,0,1,A,2.57,3.18,3.04,2.65,3.3,3.04,2.51,3.08,2.89,,,,,,,9,18,2,8,14,18,6,4
ARG,Liga Profesional,2021,10/10/2021,00:15,Boca Juniors,Lanus,4,2,H,1.78,3.52,5.32,1.82,3.68,5.5,1.74,3.43,4.95,,,,,,,27,7,10,3,11,11,10,4
ARG,Liga Profesional,2021,11/10/2021,18:30,Arsenal Sarandi,Godoy Cruz,0,0,D,3.09,3.41,2.4,3.3,3.48,2.4,3.08,3.29,2.28,,,,,,,11,17,3,4,17,17,8,1
ARG,Liga Profesional,2021,11/10/2021,20:45,San Lorenzo,Colon Santa FE,1,2,A,3.15,2.92,2.68,3.15,3.01,2.7,2.98,2.87,2.6,,,,,,,,,,,,,,
ARG,Liga Profesional,2021,11/10/2021,23:00,Independiente,Gimnasia L.P.,1,1,D,1.91,3.22,4.98,2,3.26,4.98,1.89,3.13,4.54,,,,,,,12,6,4,2,16,15,6,5
ARG,Liga Profesional,2021,12/10/2021,01:15,Talleres Cordoba,Atl. Tucuman,2,0,H,1.56,4.19,6.32,1.7,4.2,6.59,1.54,4,5.92,,,,,,,10,8,5,3,6,8,5,4
ARG,Liga Profesional,2021,15/10/2021,18:30,Godoy Cruz,Central Cordoba,0,0,D,1.74,3.98,4.79,1.78,4.1,5,1.71,3.8,4.48,,,,,,,7,10,0,4,9,12,6,1
ARG,Liga Profesional,2021,15/10/2021,20:45,Rosario Central,Patronato,3,2,H,2.49,3.25,3.09,2.52,3.42,3.3,2.35,3.23,2.99,,,,,,,17,12,7,4,10,14,6,3
ARG,Liga Profesional,2021,15/10/2021,23:00,Racing Club,Platense,0,1,A,2.16,2.96,4.3,2.16,3.3,4.75,2.03,3.02,4.03,,,,,,,18,9,1,2,8,7,6,8
ARG,Liga Profesional,2021,16/10/2021,01:15,Defensa y Justicia,Estudiantes L.P.,2,1,H,2.3,2.96,3.81,2.5,3.2,3.81,2.26,2.94,3.44,,,,,,,15,8,5,1,10,10,8,3
ARG,Liga Profesional,2021,16/10/2021,01:15,Velez Sarsfield,Arsenal Sarandi,0,0,D,1.51,4.17,7.33,1.56,4.5,7.85,1.51,4.01,6.27,,,,,,,14,9,2,1,9,9,4,7
ARG,Liga Profesional,2021,16/10/2021,17:30,Sarmiento Junin,Union de Santa Fe,3,4,A,2.56,3.09,3.13,2.7,3.13,3.13,2.5,3,2.96,,,,,,,13,8,6,5,13,12,6,6
ARG,Liga Profesional,2021,16/10/2021,19:45,Gimnasia L.P.,Newells Old Boys,1,0,H,2.2,3.29,3.64,2.23,3.42,3.68,2.12,3.24,3.43,,,,,,,7,13,3,3,15,22,7,6
ARG,Liga Profesional,2021,16/10/2021,22:00,Lanus,Banfield,1,1,D,2.51,3.27,3.05,2.55,3.32,3.11,2.47,3.15,2.86,,,,,,,10,6,3,2,8,19,4,6
ARG,Liga Profesional,2021,17/10/2021,00:15,Huracan,Boca Juniors,0,3,A,3.7,2.98,2.34,3.7,3.04,2.35,3.49,2.91,2.26,,,,,,,17,13,5,6,9,8,8,3
ARG,Liga Profesional,2021,17/10/2021,19:45,Atl. Tucuman,Argentinos Jrs,4,3,H,2.72,2.99,3.03,2.92,3.17,3.03,2.66,2.92,2.83,,,,,,,8,18,6,6,15,10,1,3
ARG,Liga Profesional,2021,17/10/2021,19:45,Colon Santa FE,Talleres Cordoba,1,0,H,2.39,3.17,3.35,2.63,3.28,3.41,2.36,3.07,3.12,,,,,,,,,,,,,,
ARG,Liga Profesional,2021,17/10/2021,22:00,Aldosivi,Independiente,1,0,H,3.89,3.27,2.12,4.1,3.44,2.13,3.73,3.25,2.02,,,,,,,4,10,1,3,15,12,0,9
ARG,Liga Profesional,2021,18/10/2021,00:15,River Plate,San Lorenzo,3,1,H,1.39,4.93,8.63,1.42,5,9,1.38,4.63,7.65,,,,,,,14,5,8,2,17,14,4,4
ARG,Liga Profesional,2021,19/10/2021,18:30,Platense,Rosario Central,1,1,D,2.47,3.29,3.09,2.47,3.5,3.09,2.38,3.22,2.94,,,,,,,8,14,2,5,8,11,2,4
ARG,Liga Profesional,2021,19/10/2021,20:45,Union de Santa Fe,Racing Club,1,1,D,2.35,2.99,3.67,2.35,3.17,3.71,2.28,2.96,3.41,,,,,,,25,12,4,5,15,14,10,4
ARG,Liga Profesional,2021,19/10/2021,23:00,Patronato,Defensa y Justicia,3,3,D,3.31,3.12,2.44,3.31,3.29,2.44,3.12,3.04,2.37,,,,,,,11,10,5,5,21,10,3,4
ARG,Liga Profesional,2021,20/10/2021,01:15,Central Cordoba,Velez Sarsfield,1,2,A,3.92,3.57,2,4.33,3.57,2.03,3.75,3.33,1.98,,,,,,,15,17,4,6,14,10,3,4
ARG,Liga Profesional,2021,20/10/2021,18:30,Arsenal Sarandi,Gimnasia L.P.,0,1,A,2.56,2.88,3.38,2.8,3.04,3.41,2.55,2.8,3.11,,,,,,,13,20,3,5,18,9,2,5
ARG,Liga Profesional,2021,20/10/2021,20:45,San Lorenzo,Lanus,1,3,A,3.37,3.29,2.31,3.5,3.48,2.36,3.24,3.25,2.2,,,,,,,7,13,3,6,14,10,2,5
ARG,Liga Profesional,2021,20/10/2021,23:00,Banfield,Huracan,1,4,A,2.34,3.05,3.59,2.34,3.22,3.61,2.27,3.03,3.34,,,,,,,11,14,3,6,18,13,6,8
ARG,Liga Profesional,2021,20/10/2021,23:00,Estudiantes L.P.,Atl. Tucuman,1,1,D,1.95,3.54,4.19,1.97,3.64,4.2,1.92,3.4,3.89,,,,,,,12,12,6,3,22,21,3,3
ARG,Liga Profesional,2021,21/10/2021,01:15,Boca Juniors,Godoy Cruz,2,1,H,1.75,3.62,5.3,1.75,4,5.75,1.69,3.64,5,,,,,,,15,16,7,7,3,9,4,3
ARG,Liga Profesional,2021,21/10/2021,18:30,Argentinos Jrs,Colon Santa FE,3,1,H,2.35,3.11,3.51,2.4,3.14,3.6,2.29,3,3.35,,,,,,,,,,,,,,
ARG,Liga Profesional,2021,21/10/2021,20:45,Newells Old Boys,Aldosivi,0,0,D,1.78,3.73,4.82,1.9,3.83,5,1.75,3.6,4.55,,,,,,,20,11,6,1,12,12,7,3
ARG,Liga Profesional,2021,21/10/2021,23:00,Independiente,Sarmiento Junin,1,1,D,1.74,3.43,5.92,1.78,3.62,5.94,1.7,3.39,5.31,,,,,,,12,8,3,2,7,11,13,6
ARG,Liga Profesional,2021,22/10/2021,01:15,Talleres Cordoba,River Plate,0,2,A,2.92,3.33,2.57,3,3.34,2.66,2.86,3.13,2.48,,,,,,,12,7,2,4,13,10,9,1
ARG,Liga Profesional,2021,23/10/2021,19:45,Gimnasia L.P.,Central Cordoba,2,2,D,2.12,3.38,3.75,2.24,3.4,3.84,2.13,3.19,3.47,,,,,,,14,9,7,4,10,25,7,4
ARG,Liga Profesional,2021,23/10/2021,22:00,Defensa y Justicia,Platense,2,1,H,1.87,3.43,4.81,1.95,3.53,5,1.85,3.31,4.4,,,,,,,14,18,5,5,4,10,1,10
ARG,Liga Profesional,2021,24/10/2021,00:15,Rosario Central,Racing Club,2,1,H,2.13,3.5,3.58,2.19,3.5,3.63,2.11,3.37,3.34,,,,,,,19,14,4,8,19,11,5,7
ARG,Liga Profesional,2021,24/10/2021,19:45,Colon Santa FE,Estudiantes L.P.,2,1,H,2.38,3.19,3.34,2.4,3.28,3.4,2.32,3.09,3.18,,,,,,,,,,,,,,
ARG,Liga Profesional,2021,24/10/2021,19:45,Godoy Cruz,Banfield,2,1,H,1.99,3.62,3.9,2.15,3.62,3.97,1.98,3.42,3.66,,,,,,,14,10,8,3,14,9,4,4
ARG,Liga Profesional,2021,24/10/2021,22:00,Huracan,San Lorenzo,2,1,H,1.94,3.28,4.65,2,3.38,4.69,1.93,3.17,4.22,,,,,,,12,8,6,5,12,21,6,1
ARG,Liga Profesional,2021,25/10/2021,00:15,Velez Sarsfield,Boca Juniors,2,0,H,3.04,2.91,2.77,3.06,3.06,2.79,2.92,2.83,2.66,,,,,,,10,3,3,0,13,16,2,0
ARG,Liga Profesional,2021,25/10/2021,18:30,Aldosivi,Arsenal Sarandi,2,1,H,2.28,3.13,3.64,2.36,3.5,3.65,2.24,3.06,3.38,,,,,,,11,14,2,4,13,7,1,7
ARG,Liga Profesional,2021,25/10/2021,18:30,Sarmiento Junin,Newells Old Boys,2,1,H,2.26,3.16,3.65,2.3,3.36,3.65,2.21,3.12,3.36,,,,,,,8,10,4,3,12,13,5,6
ARG,Liga Profesional,2021,25/10/2021,20:45,Atl. Tucuman,Patronato,2,2,D,2.11,3.38,3.8,2.15,3.62,3.8,2.08,3.28,3.51,,,,,,,20,6,5,3,9,15,6,0
ARG,Liga Profesional,2021,25/10/2021,20:45,Lanus,Talleres Cordoba,3,3,D,2.82,3.24,2.71,2.86,3.45,2.71,2.7,3.19,2.59,,,,,,,19,11,6,6,15,14,11,2
ARG,Liga Profesional,2021,25/10/2021,23:00,River Plate,Argentinos Jrs,3,0,H,1.8,3.4,5.35,1.8,3.66,5.5,1.75,3.42,4.86,,,,,,,15,10,5,2,12,8,7,4
ARG,Liga Profesional,2021,26/10/2021,01:15,Independiente,Union de Santa Fe,1,0,H,2.29,3.06,3.69,2.3,3.15,3.9,2.19,2.96,3.61,,,,,,,7,13,5,3,12,8,5,4
ARG,Liga Profesional,2021,29/10/2021,23:00,Racing Club,Defensa y Justicia,1,2,A,2.99,3.01,2.73,3.05,3.2,2.75,2.86,2.96,2.61,,,,,,,18,9,5,4,10,7,7,4
ARG,Liga Profesional,2021,30/10/2021,01:15,Argentinos Jrs,Lanus,0,1,A,2.72,3.37,2.71,2.72,3.58,2.9,2.57,3.29,2.65,,,,,,,25,14,6,7,18,13,8,7
ARG,Liga Profesional,2021,30/10/2021,19:45,Arsenal Sarandi,Sarmiento Junin,1,0,H,2.96,3.03,2.74,2.97,3.09,2.75,2.85,2.95,2.63,,,,,,,10,17,3,3,12,19,7,5
ARG,Liga Profesional,2021,30/10/2021,19:45,Platense,Atl. Tucuman,4,1,H,2.87,3.2,2.69,2.87,3.35,2.8,2.72,3.15,2.62,,,,,,,13,9,6,3,15,24,2,0
ARG,Liga Profesional,2021,30/10/2021,22:00,Banfield,Velez Sarsfield,2,1,H,3.87,3.09,2.22,3.94,3.25,2.29,3.52,3.03,2.2,,,,,,,17,7,7,4,14,9,4,3
ARG,Liga Profesional,2021,30/10/2021,22:00,Talleres Cordoba,Huracan,1,0,H,1.93,3.47,4.34,1.98,3.51,4.53,1.92,3.34,4.01,,,,,,,9,10,4,3,18,6,5,6
ARG,Liga Profesional,2021,31/10/2021,00:15,Boca Juniors,Gimnasia L.P.,0,1,A,1.68,3.68,5.92,1.74,3.68,6.2,1.68,3.48,5.42,,,,,,,,,,,,,,
ARG,Liga Profesional,2021,31/10/2021,18:45,San Lorenzo,Godoy Cruz,1,0,H,2.83,3.47,2.55,2.85,3.47,2.6,2.77,3.27,2.5,,,,,,,,,,,,,,
ARG,Liga Profesional,2021,31/10/2021,18:45,Union de Santa Fe,Rosario Central,3,1,H,1.87,3.48,4.7,2.08,3.75,4.7,1.9,3.45,4.01,,,,,,,27,9,9,3,20,21,8,5
ARG,Liga Profesional,2021,31/10/2021,21:00,Newells Old Boys,Independiente,1,0,H,3.34,3.17,2.39,3.44,3.25,2.43,3.14,3.11,2.34,,,,,,,6,13,2,3,17,9,1,4
ARG,Liga Profesional,2021,31/10/2021,23:15,Estudiantes L.P.,River Plate,1,1,D,4.51,3.66,1.85,4.63,3.68,1.89,4.31,3.46,1.82,,,,,,,16,15,8,5,12,17,2,5
ARG,Liga Profesional,2021,01/11/2021,22:00,Patronato,Colon Santa FE,2,0,H,2.79,3.04,2.9,2.85,3.22,2.95,2.66,3.01,2.79,,,,,,,,,,,,,,
ARG,Liga Profesional,2021,02/11/2021,00:15,Central Cordoba,Aldosivi,0,0,D,1.76,3.78,4.94,1.8,3.85,5.03,1.74,3.64,4.54,,,,,,,23,4,8,2,10,17,8,1
ARG,Liga Profesional,2021,05/11/2021,22:00,Defensa y Justicia,Rosario Central,3,0,H,1.69,4,5.07,1.73,4.15,5.1,1.69,3.89,4.61,,,,,,,11,16,7,4,11,17,1,7
ARG,Liga Profesional,2021,06/11/2021,00:15,Lanus,Estudiantes L.P.,1,1,D,2.25,3.36,3.42,2.36,3.45,3.48,2.2,3.26,3.26,,,,,,,14,10,3,2,8,13,8,5
ARG,Liga Profesional,2021,06/11/2021,18:45,Colon Santa FE,Platense,3,0,H,1.91,3.38,4.63,1.95,3.44,4.69,1.88,3.28,4.39,,,,,,,,,,,,,,
ARG,Liga Profesional,2021,06/11/2021,18:45,Godoy Cruz,Talleres Cordoba,0,2,A,2.78,3.19,2.78,2.78,3.42,2.8,2.65,3.15,2.69,,,,,,,,,,,,,,
ARG,Liga Profesional,2021,06/11/2021,21:00,Independiente,Arsenal Sarandi,3,0,H,1.69,3.72,5.6,1.72,3.74,5.92,1.68,3.54,5.27,,,,,,,15,16,5,3,10,9,5,7
ARG,Liga Profesional,2021,06/11/2021,23:15,Atl. Tucuman,Racing Club,0,2,A,2.42,3.23,3.22,2.44,3.42,3.47,2.28,3.2,3.19,,,,,,,13,10,3,4,15,16,5,3
ARG,Liga Profesional,2021,07/11/2021,18:45,Gimnasia L.P.,Banfield,0,1,A,2.88,3.03,2.82,2.9,3.16,2.82,2.81,2.97,2.68,,,,,,,14,17,3,5,13,20,5,5
ARG,Liga Profesional,2021,07/11/2021,18:45,Sarmiento Junin,Central Cordoba,1,3,A,2.5,3.22,3.1,2.69,3.23,3.1,2.53,3.08,2.88,,,,,,,9,13,3,8,11,14,2,2
ARG,Liga Profesional,2021,07/11/2021,21:00,Velez Sarsfield,San Lorenzo,2,1,H,1.63,3.88,6.1,1.67,3.93,6.11,1.61,3.73,5.58,,,,,,,5,8,4,3,13,16,4,7
ARG,Liga Profesional,2021,07/11/2021,23:15,River Plate,Patronato,5,0,H,1.34,5.35,9.51,1.37,5.5,9.6,1.33,5.05,8.59,,,,,,,15,7,9,4,6,11,3,7
ARG,Liga Profesional,2021,08/11/2021,19:45,Newells Old Boys,Union de Santa Fe,1,0,H,3.15,3.19,2.49,3.16,3.28,2.61,2.98,3.09,2.44,,,,,,,13,9,3,3,16,16,6,7
ARG,Liga Profesional,2021,08/11/2021,22:00,Huracan,Argentinos Jrs,1,1,D,2.57,3.06,3.15,2.57,3.15,3.35,2.48,2.98,3.03,,,,,,,18,14,6,7,10,17,8,7
ARG,Liga Profesional,2021,09/11/2021,00:15,Aldosivi,Boca Juniors,0,3,A,6.23,3.76,1.64,6.25,3.9,1.69,5.66,3.61,1.63,,,,,,,12,28,5,11,5,9,6,7
ARG,Liga Profesional,2021,18/11/2021,20:00,Union de Santa Fe,Defensa y Justicia,2,3,A,2.5,3.27,3.06,2.65,3.3,3.15,2.48,3.16,2.9,,,,,,,18,6,7,3,13,9,10,3
ARG,Liga Profesional,2021,18/11/2021,22:15,Patronato,Lanus,3,2,H,2.72,3.47,2.65,2.72,3.58,2.7,2.62,3.38,2.59,,,,,,,12,5,6,3,17,13,4,1
ARG,Liga Profesional,2021,19/11/2021,00:30,Banfield,Aldosivi,0,2,A,1.43,4.68,7.94,1.53,5,8.5,1.41,4.53,7.54,,,,,,,22,7,5,1,9,17,12,2
ARG,Liga Profesional,2021,19/11/2021,20:00,Estudiantes L.P.,Huracan,4,1,H,2.54,3.16,3.1,2.6,3.25,3.5,2.45,3.06,3.03,,,,,,,11,12,7,6,15,11,3,3
ARG,Liga Profesional,2021,19/11/2021,22:15,San Lorenzo,Gimnasia L.P.,0,1,A,2.64,3.03,3.09,2.75,3.11,3.1,2.59,2.96,2.94,,,,,,,17,6,5,1,20,10,10,2
ARG,Liga Profesional,2021,20/11/2021,00:30,Argentinos Jrs,Godoy Cruz,0,0,D,1.86,3.74,4.35,2.1,3.85,4.45,1.84,3.63,4.07,,,,,,,,,,,,,,
ARG,Liga Profesional,2021,20/11/2021,00:30,Talleres Cordoba,Velez Sarsfield,1,1,D,2.57,3.01,3.22,2.6,3.1,3.22,2.5,2.96,3.05,,,,,,,11,15,3,3,17,11,6,9
ARG,Liga Profesional,2021,20/11/2021,20:00,Rosario Central,Atl. Tucuman,3,1,H,1.85,4.15,3.94,2.05,4.15,4.04,1.9,3.78,3.64,,,,,,,23,13,9,10,12,10,7,5
ARG,Liga Profesional,2021,20/11/2021,22:15,Boca Juniors,Sarmiento Junin,2,0,H,1.41,5.04,9.05,1.42,5.04,10.16,1.36,4.65,8.72,,,,,,,16,9,11,1,8,17,12,4
ARG,Liga Profesional,2021,21/11/2021,00:30,Central Cordoba,Independiente,1,0,H,2.94,3.06,2.73,3.12,3.13,2.78,2.92,2.98,2.59,,,,,,,15,9,4,3,17,10,4,2
ARG,Liga Profesional,2021,21/11/2021,20:00,Arsenal Sarandi,Newells Old Boys,3,1,H,2.4,3.21,3.27,2.55,3.22,3.27,2.36,3.1,3.14,,,,,,,12,21,3,6,15,12,6,7
ARG,Liga Profesional,2021,21/11/2021,22:15,Racing Club,Colon Santa FE,1,2,A,2.23,3.27,3.59,2.4,3.33,3.75,2.21,3.15,3.4,,,,,,,,,,,,,,
ARG,Liga Profesional,2021,22/11/2021,00:30,Platense,River Plate,0,1,A,8.04,4.85,1.41,9,4.85,1.46,7.77,4.5,1.4,,,,,,,10,18,2,6,10,16,6,5
ARG,Liga Profesional,2021,23/11/2021,20:00,Gimnasia L.P.,Talleres Cordoba,5,2,H,3.17,3.04,2.56,3.28,3.15,2.61,3.07,2.98,2.48,,,,,,,12,13,7,4,12,17,1,10
ARG,Liga Profesional,2021,23/11/2021,20:00,Huracan,Patronato,1,0,H,1.88,3.54,4.53,1.91,3.6,4.6,1.86,3.44,4.25,,,,,,,15,9,4,1,10,21,12,4
ARG,Liga Profesional,2021,23/11/2021,22:15,Aldosivi,San Lorenzo,2,0,H,3.43,3.26,2.3,3.51,3.36,2.32,3.23,3.22,2.25,,,,,,,12,16,5,4,18,21,6,8
ARG,Liga Profesional,2021,24/11/2021,00:30,Godoy Cruz,Estudiantes L.P.,1,3,A,2.52,3.34,2.9,2.53,3.53,3.06,2.42,3.32,2.84,,,,,,,,,,,,,,
ARG,Liga Profesional,2021,24/11/2021,00:30,Velez Sarsfield,Argentinos Jrs,2,0,H,2.15,3.1,4.08,2.16,3.38,4.3,2.04,3.18,3.86,,,,,,,9,13,5,0,20,19,5,3
ARG,Liga Profesional,2021,24/11/2021,20:00,Newells Old Boys,Central Cordoba,1,0,H,2.79,3.14,2.8,2.82,3.32,2.9,2.65,3.08,2.75,,,,,,,10,14,4,4,4,16,4,5
ARG,Liga Profesional,2021,24/11/2021,20:00,Sarmiento Junin,Banfield,0,0,D,3.48,3.19,2.31,3.48,3.28,2.38,3.29,3.12,2.27,,,,,,,15,11,2,3,9,14,8,5
ARG,Liga Profesional,2021,24/11/2021,22:15,Atl. Tucuman,Defensa y Justicia,0,4,A,3.87,3.53,2.03,3.94,3.68,2.11,3.58,3.48,2,,,,,,,16,14,3,7,17,8,6,4
ARG,Liga Profesional,2021,25/11/2021,00:30,Independiente,Boca Juniors,1,0,H,3.7,2.95,2.36,3.84,2.95,2.4,3.53,2.83,2.33,,,,,,,11,16,4,4,8,15,7,7
ARG,Liga Profesional,2021,25/11/2021,20:00,Arsenal Sarandi,Union de Santa Fe,0,1,A,3.38,3.21,2.35,3.45,3.38,2.35,3.21,3.19,2.28,,,,,,,5,20,0,6,14,12,4,4
ARG,Liga Profesional,2021,25/11/2021,22:15,Colon Santa FE,Rosario Central,1,4,A,2.66,3.51,2.68,2.66,3.54,2.76,2.54,3.42,2.64,,,,,,,,,,,,,,
ARG,Liga Profesional,2021,25/11/2021,22:15,Lanus,Platense,3,3,D,1.68,4.04,5.13,1.71,4.1,5.18,1.67,3.91,4.73,,,,,,,12,18,4,7,17,11,6,10
ARG,Liga Profesional,2021,26/11/2021,00:30,River Plate,Racing Club,4,0,H,1.38,4.88,9.33,1.48,5.04,9.8,1.38,4.57,8.41,,,,,,,28,4,10,2,16,13,12,3
ARG,Liga Profesional,2021,27/11/2021,20:00,Talleres Cordoba,Aldosivi,2,0,H,1.5,4.44,6.85,1.5,4.9,7.3,1.44,4.45,6.71,,,,,,,11,10,4,3,15,11,9,8
ARG,Liga Profesional,2021,27/11/2021,22:15,Patronato,Godoy Cruz,0,3,A,2.36,3.46,3.13,2.4,3.58,3.31,2.32,3.33,3.01,,,,,,,16,12,6,4,10,10,6,6
ARG,Liga Profesional,2021,28/11/2021,00:30,Estudiantes L.P.,Velez Sarsfield,1,0,H,2.74,3.2,2.82,2.77,3.31,2.98,2.62,3.09,2.77,,,,,,,10,5,4,3,16,15,4,3
ARG,Liga Profesional,2021,28/11/2021,20:00,Rosario Central,River Plate,2,2,D,3.69,3.97,1.95,3.8,4.15,2,3.54,3.8,1.91,,,,,,,7,10,3,3,14,19,3,2
ARG,Liga Profesional,2021,28/11/2021,22:15,Argentinos Jrs,Gimnasia L.P.,3,0,H,1.91,3.46,4.48,2.15,3.46,4.64,1.94,3.29,4.02,,,,,,,19,13,4,4,22,14,6,5
ARG,Liga Profesional,2021,28/11/2021,22:15,Defensa y Justicia,Colon Santa FE,1,1,D,1.71,3.8,5.34,1.79,3.86,5.47,1.71,3.64,4.86,,,,,,,,,,,,,,
ARG,Liga Profesional,2021,29/11/2021,20:00,Union de Santa Fe,Atl. Tucuman,3,0,H,1.64,4.03,5.59,1.64,4.2,5.8,1.6,3.99,5.33,,,,,,,12,5,5,2,8,17,2,4
ARG,Liga Profesional,2021,29/11/2021,22:15,Racing Club,Lanus,3,1,H,2.79,3.37,2.62,2.94,3.5,2.67,2.76,3.27,2.52,,,,,,,10,15,4,5,16,16,3,5
ARG,Liga Profesional,2021,30/11/2021,00:30,Central Cordoba,Arsenal Sarandi,5,0,H,1.58,4.17,6.07,1.61,4.2,6.25,1.56,3.98,5.73,,,,,,,20,6,7,0,15,11,5,2
ARG,Liga Profesional,2021,30/11/2021,00:30,Platense,Huracan,4,2,H,3.65,3.21,2.24,3.66,3.32,2.26,3.42,3.15,2.2,,,,,,,12,25,6,3,16,11,2,4
ARG,Liga Profesional,2021,30/11/2021,20:00,San Lorenzo,Sarmiento Junin,1,0,H,2.02,3.37,4.13,2.06,3.39,4.5,1.99,3.19,3.99,,,,,,,17,22,8,6,12,19,3,7
ARG,Liga Profesional,2021,30/11/2021,22:15,Boca Juniors,Newells Old Boys,0,0,D,1.34,5.26,9.89,1.36,5.5,13.5,1.31,5.03,10.34,,,,,,,19,11,3,4,8,15,7,5
ARG,Liga Profesional,2021,01/12/2021,00:30,Banfield,Independiente,4,1,H,2.75,2.92,3.05,2.76,3,3.07,2.67,2.85,2.94,,,,,,,20,9,7,1,12,12,5,5
ARG,Liga Profesional,2021,03/12/2021,22:15,Central Cordoba,Union de Santa Fe,2,0,H,2.45,3.09,3.32,2.55,3.35,3.41,2.32,3.13,3.19,,,,,,,8,9,4,1,21,7,1,2
ARG,Liga Profesional,2021,03/12/2021,22:15,Colon Santa FE,Atl. Tucuman,3,0,H,1.75,3.82,4.94,1.9,3.91,5.06,1.76,3.69,4.48,,,,,,,,,,,,,,
ARG,Liga Profesional,2021,04/12/2021,00:30,Velez Sarsfield,Patronato,0,0,D,1.52,4.05,7.59,1.58,4.15,7.75,1.51,3.92,6.93,,,,,,,16,3,3,1,7,24,11,4
ARG,Liga Profesional,2021,04/12/2021,20:00,Arsenal Sarandi,Boca Juniors,1,1,D,8.47,4.41,1.44,8.5,4.43,1.51,7.38,4.08,1.46,,,,,,,7,12,4,2,13,13,3,1
ARG,Liga Profesional,2021,04/12/2021,22:15,Godoy Cruz,Platense,2,2,D,2.03,3.57,3.83,2.11,3.7,4,1.99,3.49,3.64,,,,,,,10,12,5,3,16,9,3,1
ARG,Liga Profesional,2021,04/12/2021,22:15,Sarmiento Junin,Talleres Cordoba,1,2,A,3.04,3.22,2.54,3.08,3.31,2.68,2.85,3.12,2.55,,,,,,,16,11,6,4,17,14,4,0
ARG,Liga Profesional,2021,05/12/2021,00:30,Huracan,Racing Club,1,0,H,2.07,3.25,4.12,2.21,3.42,4.12,2.09,3.2,3.68,,,,,,,6,14,4,6,16,16,6,5
ARG,Liga Profesional,2021,05/12/2021,00:30,Lanus,Rosario Central,2,2,D,1.61,4.58,5,1.66,4.71,5.03,1.61,4.34,4.68,,,,,,,20,18,9,6,17,16,5,3
ARG,Liga Profesional,2021,05/12/2021,20:00,Gimnasia L.P.,Estudiantes L.P.,4,4,D,3.23,3.08,2.51,3.25,3.23,2.7,3.04,3,2.48,,,,,,,13,15,8,8,14,22,1,4
ARG,Liga Profesional,2021,05/12/2021,22:15,Independiente,San Lorenzo,1,1,D,2.27,3.09,3.72,2.3,3.31,3.95,2.19,3.09,3.52,,,,,,,11,9,3,5,14,19,3,5
ARG,Liga Profesional,2021,06/12/2021,00:30,River Plate,Defensa y Justicia,2,3,A,1.6,4.3,5.51,1.7,4.3,6,1.6,4,5.29,,,,,,,23,6,7,5,9,4,6,2
ARG,Liga Profesional,2021,06/12/2021,22:15,Aldosivi,Argentinos Jrs,3,2,H,4.67,3.61,1.84,4.75,3.62,1.98,4.3,3.45,1.85,,,,,,,9,14,7,4,20,9,2,5
ARG,Liga Profesional,2021,07/12/2021,00:30,Newells Old Boys,Banfield,0,0,D,2.95,3.21,2.62,2.96,3.28,2.7,2.85,3.13,2.54,,,,,,,11,8,4,0,12,18,2,4
ARG,Liga Profesional,2021,10/12/2021,22:15,Platense,Velez Sarsfield,3,2,H,3.56,3.21,2.27,3.59,3.34,2.27,3.34,3.2,2.21,,,,,,,15,7,9,3,14,13,6,8
ARG,Liga Profesional,2021,11/12/2021,00:30,Estudiantes L.P.,Aldosivi,2,3,A,1.72,3.9,5.03,1.74,4.1,5.25,1.67,3.85,4.78,,,,,,,19,7,9,3,10,19,8,3
ARG,Liga Profesional,2021,11/12/2021,20:00,Argentinos Jrs,Sarmiento Junin,2,0,H,1.43,4.6,8.38,1.5,4.65,8.43,1.43,4.34,7.35,,,,,,,11,8,5,3,12,16,3,2
ARG,Liga Profesional,2021,11/12/2021,20:00,Patronato,Gimnasia L.P.,0,0,D,2.75,3.26,2.75,2.82,3.4,2.82,2.66,3.2,2.65,,,,,,,15,11,7,3,22,8,7,3
ARG,Liga Profesional,2021,11/12/2021,20:00,Racing Club,Godoy Cruz,2,1,H,1.93,3.86,3.9,1.98,3.87,4,1.9,3.64,3.78,,,,,,,11,24,5,5,13,13,6,7
ARG,Liga Profesional,2021,11/12/2021,20:00,Rosario Central,Huracan,1,4,A,2.19,3.92,3.1,2.3,3.93,3.15,2.18,3.65,2.97,,,,,,,13,17,3,7,20,11,4,7
ARG,Liga Profesional,2021,11/12/2021,20:00,Union de Santa Fe,Colon Santa FE,3,0,H,2.06,3.48,3.83,2.1,3.48,3.95,2.03,3.34,3.64,,,,,,,,,,,,,,
ARG,Liga Profesional,2021,11/12/2021,22:15,Atl. Tucuman,River Plate,1,1,D,4.19,4.04,1.82,4.31,4.2,1.84,3.94,3.98,1.78,,,,,,,16,11,5,4,10,13,5,5
ARG,Liga Profesional,2021,12/12/2021,01:00,Boca Juniors,Central Cordoba,8,1,H,1.85,3.37,5.01,1.9,3.44,5.25,1.83,3.26,4.7,,,,,,,26,8,13,5,8,9,7,2
ARG,Liga Profesional,2021,12/12/2021,20:00,San Lorenzo,Newells Old Boys,3,2,H,2.07,3.45,3.83,2.2,3.52,3.88,2.05,3.35,3.55,,,,,,,24,11,9,4,19,8,11,3
ARG,Liga Profesional,2021,12/12/2021,22:15,Defensa y Justicia,Lanus,2,1,H,1.95,4.05,3.63,2,4.05,3.77,1.93,3.83,3.52,,,,,,,10,21,3,6,8,9,4,7
ARG,Liga Profesional,2021,13/12/2021,00:30,Talleres Cordoba,Independiente,1,2,A,1.88,3.51,4.56,2,3.59,4.63,1.88,3.39,4.21,,,,,,,22,8,8,2,17,11,10,1
ARG,Liga Profesional,2021,13/12/2021,23:00,Banfield,Arsenal Sarandi,0,0,D,1.71,3.88,5.13,1.8,3.93,5.25,1.72,3.7,4.74,,,,,,,19,11,5,2,10,14,13,4
ARG,Copa De La Liga Profesional,2022,10/02/2022,22:15,Patronato,Argentinos Jrs,0,1,A,2.84,2.94,2.94,2.88,3.08,2.94,2.75,2.88,2.74,,,,,,,,,,,,,,
ARG,Copa De La Liga Profesional,2022,10/02/2022,22:15,Sarmiento Junin,Atl. Tucuman,1,0,H,2.22,3.47,3.39,2.28,3.49,3.5,2.18,3.31,3.19,,,,,,,,,,,,,,
ARG,Copa De La Liga Profesional,2022,11/02/2022,00:30,Central Cordoba,Barracas Central,3,1,H,1.53,4.29,6.65,1.54,4.3,7.5,1.49,4.08,6.22,,,,,,,,,,,,,,
ARG,Copa De La Liga Profesional,2022,11/02/2022,00:30,Newells Old Boys,Defensa y Justicia,1,0,H,2.58,3.26,2.95,2.62,3.28,3,2.51,3.12,2.81,,,,,,,,,,,,,,
ARG,Copa De La Liga Profesional,2022,11/02/2022,20:00,Arsenal Sarandi,Rosario Central,1,1,D,3.06,3.24,2.51,3.14,3.3,2.54,2.94,3.14,2.41,,,,,,,,,,,,,,
ARG,Copa De La Liga Profesional,2022,11/02/2022,22:15,Godoy Cruz,Tigre,1,1,D,2.43,3.14,3.29,2.43,3.36,3.4,2.29,3.15,3.13,,,,,,,,,,,,,,
ARG,Copa De La Liga Profesional,2022,11/02/2022,22:15,Velez Sarsfield,Aldosivi,2,0,H,1.46,4.48,7.6,1.49,4.49,7.61,1.45,4.12,6.98,,,,,,,,,,,,,,
ARG,Copa De La Liga Profesional,2022,12/02/2022,00:30,Banfield,San Lorenzo,0,0,D,2.18,3.18,3.85,2.32,3.2,3.85,2.18,3,3.53,,,,,,,,,,,,,,
ARG,Copa De La Liga Profesional,2022,12/02/2022,20:00,Huracan,Lanus,1,0,H,2.31,3.35,3.31,2.4,3.49,3.31,2.26,3.22,3.12,,,,,,,,,,,,,,
ARG,Copa De La Liga Profesional,2022,12/02/2022,22:15,Union de Santa Fe,River Plate,1,0,H,4.17,3.41,1.99,4.5,3.69,2,4.01,3.35,1.9,,,,,,,,,,,,,,
ARG,Copa De La Liga Profesional,2022,13/02/2022,00:30,Estudiantes L.P.,Independiente,2,1,H,2.26,3.1,3.73,2.3,3.16,3.75,2.21,2.95,3.49,,,,,,,,,,,,,,
ARG,Copa De La Liga Profesional,2022,13/02/2022,20:00,Racing Club,Gimnasia L.P.,0,0,D,2.24,3.25,3.59,2.24,3.4,3.75,2.14,3.16,3.42,,,,,,,,,,,,,,
ARG,Copa De La Liga Profesional,2022,13/02/2022,22:15,Platense,Talleres Cordoba,1,0,H,2.59,3.11,3.07,2.71,3.24,3.08,2.52,3.02,2.88,,,,,,,,,,,,,,
ARG,Copa De La Liga Profesional,2022,14/02/2022,00:30,Boca Juniors,Colon Santa FE,1,1,D,1.58,3.98,6.58,1.65,3.98,7,1.57,3.63,6.14,,,,,,,,,,,,,,
ARG,Copa De La Liga Profesional,2022,15/02/2022,20:00,Argentinos Jrs,Newells Old Boys,3,0,H,2,3.21,4.6,2.06,3.34,4.6,1.95,3.14,4.14,,,,,,,,,,,,,,
ARG,Copa De La Liga Profesional,2022,15/02/2022,22:15,Independiente,Arsenal Sarandi,1,0,H,1.65,3.67,6.26,1.72,3.73,6.28,1.64,3.52,5.56,,,,,,,,,,,,,,
ARG,Copa De La Liga Profesional,2022,15/02/2022,22:15,Rosario Central,Velez Sarsfield,1,0,H,2.65,3.13,2.98,2.76,3.29,3,2.56,3.05,2.8,,,,,,,,,,,,,,
ARG,Copa De La Liga Profesional,2022,16/02/2022,00:30,Huracan,Estudiantes L.P.,2,3,A,2.65,3.03,3.08,2.65,3.18,3.32,2.5,2.98,2.94,,,,,,,,,,,,,,
ARG,Copa De La Liga Profesional,2022,16/02/2022,00:30,Lanus,Barracas Central,2,0,H,1.63,3.8,6.28,1.65,4.05,6.28,1.59,3.78,5.5,,,,,,,,,,,,,,
ARG,Copa De La Liga Profesional,2022,16/02/2022,20:00,Tigre,Central Cordoba,1,1,D,2.49,3.12,3.21,2.56,3.34,3.25,2.41,3.05,3,,,,,,,,,,,,,,
ARG,Copa De La Liga Profesional,2022,16/02/2022,22:15,Aldosivi,Boca Juniors,1,2,A,6.02,3.78,1.65,6.02,3.8,1.7,5.37,3.56,1.64,,,,,,,,,,,,,,
ARG,Copa De La Liga Profesional,2022,17/02/2022,00:30,River Plate,Patronato,4,1,H,1.23,6.21,14.83,1.25,6.22,15,1.23,5.61,12.23,,,,,,,,,,,,,,
ARG,Copa De La Liga Profesional,2022,17/02/2022,20:00,Colon Santa FE,Godoy Cruz,3,1,H,2.3,3.33,3.36,2.35,3.41,3.4,2.22,3.18,3.21,,,,,,,,,,,,,,
ARG,Copa De La Liga Profesional,2022,17/02/2022,20:00,Gimnasia L.P.,San Lorenzo,1,0,H,2.49,3.09,3.24,2.61,3.1,3.25,2.44,2.94,3.06,,,,,,,,,,,,,,
ARG,Copa De La Liga Profesional,2022,17/02/2022,22:15,Defensa y Justicia,Racing Club,2,2,D,2.08,3.43,3.82,2.18,3.53,3.94,2.02,3.24,3.64,,,,,,,,,,,,,,
ARG,Copa De La Liga Profesional,2022,17/02/2022,22:15,Sarmiento Junin,Banfield,2,2,D,3.9,2.98,2.26,3.9,3.14,2.41,3.45,2.91,2.26,,,,,,,,,,,,,,
ARG,Copa De La Liga Profesional,2022,18/02/2022,00:30,Atl. Tucuman,Platense,2,2,D,2.34,3.4,3.21,2.34,3.47,3.35,2.22,3.25,3.14,,,,,,,,,,,,,,
ARG,Copa De La Liga Profesional,2022,18/02/2022,00:30,Talleres Cordoba,Union de Santa Fe,0,0,D,2.85,2.98,2.88,2.85,3.1,3,2.69,2.88,2.79,,,,,,,,,,,,,,
ARG,Copa De La Liga Profesional,2022,19/02/2022,20:00,Arsenal Sarandi,Huracan,2,1,H,3.56,3.08,2.34,3.8,3.28,2.37,3.39,3,2.23,,,,,,,,,,,,,,
ARG,Copa De La Liga Profesional,2022,19/02/2022,22:15,Estudiantes L.P.,Lanus,2,1,H,2.39,3.34,3.18,2.48,3.39,3.3,2.34,3.14,3.03,,,,,,,,,,,,,,
ARG,Copa De La Liga Profesional,2022,20/02/2022,00:30,Velez Sarsfield,Independiente,0,0,D,2.16,2.94,4.33,2.36,3.25,4.7,2.14,2.82,3.98,,,,,,,,,,,,,,
ARG,Copa De La Liga Profesional,2022,20/02/2022,20:00,Platense,Sarmiento Junin,2,0,H,2.07,3.23,4.15,2.22,3.32,4.2,2.09,3.1,3.62,,,,,,,,,,,,,,
ARG,Copa De La Liga Profesional,2022,20/02/2022,22:15,Boca Juniors,Rosario Central,2,1,H,1.63,3.9,6.01,1.74,3.9,6.01,1.64,3.53,5.51,,,,,,,,,,,,,,
ARG,Copa De La Liga Profesional,2022,21/02/2022,00:30,Newells Old Boys,River Plate,0,2,A,4.54,3.39,1.93,5.5,3.68,1.96,4.27,3.41,1.83,,,,,,,,,,,,,,
ARG,Copa De La Liga Profesional,2022,21/02/2022,20:00,Barracas Central,Tigre,0,2,A,5.26,3.61,1.76,5.34,3.85,1.81,4.73,3.48,1.73,,,,,,,,,,,,,,
ARG,Copa De La Liga Profesional,2022,21/02/2022,22:15,Banfield,Gimnasia L.P.,4,0,H,2.17,3.07,4.04,2.28,3.07,4.04,2.16,2.93,3.67,,,,,,,,,,,,,,
ARG,Copa De La Liga Profesional,2022,21/02/2022,22:15,Godoy Cruz,Aldosivi,0,2,A,1.61,4.11,5.78,1.65,4.3,6.09,1.56,4.02,5.35,,,,,,,,,,,,,,
ARG,Copa De La Liga Profesional,2022,22/02/2022,00:30,San Lorenzo,Defensa y Justicia,3,4,A,3.33,3.03,2.48,3.54,3.27,2.48,3.18,3.03,2.31,,,,,,,,,,,,,,
ARG,Copa De La Liga Profesional,2022,22/02/2022,22:15,Patronato,Talleres Cordoba,0,0,D,3.04,2.94,2.75,3.1,3.05,2.82,2.88,2.85,2.63,,,,,,,,,,,,,,
ARG,Copa De La Liga Profesional,2022,22/02/2022,22:15,Union de Santa Fe,Atl. Tucuman,1,0,H,1.61,4.01,6.05,1.7,4.01,6.5,1.6,3.74,5.47,,,,,,,,,,,,,,
ARG,Copa De La Liga Profesional,2022,23/02/2022,00:30,Central Cordoba,Colon Santa FE,0,2,A,2.89,3.18,2.68,2.94,3.36,3.1,2.67,3.13,2.62,,,,,,,,,,,,,,
ARG,Copa De La Liga Profesional,2022,23/02/2022,00:30,Racing Club,Argentinos Jrs,3,0,H,2.92,3.08,2.74,2.94,3.14,2.85,2.76,2.95,2.65,,,,,,,,,,,,,,
ARG,Copa De La Liga Profesional,2022,25/02/2022,00:30,Huracan,Velez Sarsfield,2,0,H,2.72,2.94,3.07,2.72,3.1,3.14,2.55,2.83,3.01,,,,,,,,,,,,,,
ARG,Copa De La Liga Profesional,2022,25/02/2022,22:15,Defensa y Justicia,Gimnasia L.P.,3,2,H,1.8,3.73,4.71,1.95,3.82,4.8,1.8,3.58,4.16,,,,,,,,,,,,,,
ARG,Copa De La Liga Profesional,2022,26/02/2022,00:30,Platense,Banfield,0,1,A,3.38,2.98,2.49,3.6,3.21,2.5,3.19,2.97,2.35,,,,,,,,,,,,,,
ARG,Copa De La Liga Profesional,2022,26/02/2022,20:00,Colon Santa FE,Barracas Central,2,1,H,1.45,4.21,8.81,1.47,4.5,9.22,1.41,4.2,7.74,,,,,,,,,,,,,,
ARG,Copa De La Liga Profesional,2022,26/02/2022,20:00,Rosario Central,Godoy Cruz,1,2,A,2.08,3.55,3.68,2.15,3.73,4.2,1.98,3.49,3.5,,,,,,,,,,,,,,
ARG,Copa De La Liga Profesional,2022,26/02/2022,22:15,Aldosivi,Central Cordoba,0,0,D,2.7,3.35,2.75,2.94,3.5,2.75,2.73,3.22,2.5,,,,,,,,,,,,,,
ARG,Copa De La Liga Profesional,2022,27/02/2022,00:30,Independiente,Boca Juniors,2,2,D,4.37,3,2.12,4.38,3.13,2.18,3.96,2.96,2.06,,,,,,,,,,,,,,
ARG,Copa De La Liga Profesional,2022,27/02/2022,20:00,Estudiantes L.P.,Arsenal Sarandi,3,2,H,1.83,3.53,4.82,1.9,3.65,4.85,1.8,3.44,4.38,,,,,,,,,,,,,,
ARG,Copa De La Liga Profesional,2022,27/02/2022,20:00,Sarmiento Junin,Union de Santa Fe,2,1,H,3.65,2.89,2.42,3.67,3.2,2.49,3.41,2.9,2.29,,,,,,,,,,,,,,
ARG,Copa De La Liga Profesional,2022,27/02/2022,22:15,River Plate,Racing Club,2,2,D,1.45,4.51,7.94,1.45,5,9,1.39,4.55,7.34,,,,,,,,,,,,,,
ARG,Copa De La Liga Profesional,2022,28/02/2022,00:30,Argentinos Jrs,San Lorenzo,1,1,D,1.93,3.17,5,1.98,3.41,5.09,1.86,3.21,4.44,,,,,,,,,,,,,,
ARG,Copa De La Liga Profesional,2022,28/02/2022,22:15,Talleres Cordoba,Newells Old Boys,1,2,A,2.15,3.14,3.99,2.26,3.3,3.99,2.1,3.08,3.62,,,,,,,,,,,,,,
ARG,Copa De La Liga Profesional,2022,01/03/2022,00:30,Lanus,Tigre,0,0,D,2.49,3.27,3.07,2.56,3.52,3.1,2.41,3.23,2.84,,,,,,,,,,,,,,
ARG,Copa De La Liga Profesional,2022,02/03/2022,00:30,Atl. Tucuman,Patronato,1,0,H,2.29,3.2,3.53,2.38,3.21,3.55,2.24,3.06,3.29,,,,,,,,,,,,,,
ARG,Copa De La Liga Profesional,2022,04/03/2022,00:30,Central Cordoba,Rosario Central,0,1,A,2.2,3.54,3.36,2.25,3.68,3.5,2.13,3.43,3.17,,,,,,,,,,,,,,
ARG,Copa De La Liga Profesional,2022,04/03/2022,22:15,Union de Santa Fe,Platense,1,0,H,1.97,3.19,4.66,2.06,3.33,4.67,1.95,3.13,4.07,,,,,,,,,,,,,,
ARG,Copa De La Liga Profesional,2022,05/03/2022,00:30,Barracas Central,Aldosivi,2,1,H,3.19,3.17,2.47,3.19,3.4,2.53,2.94,3.14,2.39,,,,,,,,,,,,,,
ARG,Copa De La Liga Profesional,2022,05/03/2022,00:30,Gimnasia L.P.,Argentinos Jrs,2,2,D,2.78,3.2,2.77,2.85,3.26,2.85,2.66,3.01,2.72,,,,,,,,,,,,,,
ARG,Copa De La Liga Profesional,2022,05/03/2022,20:00,San Lorenzo,River Plate,0,1,A,5.36,3.64,1.74,6.3,3.94,1.76,5.02,3.69,1.65,,,,,,,,,,,,,,
ARG,Copa De La Liga Profesional,2022,05/03/2022,22:15,Patronato,Sarmiento Junin,0,1,A,2.44,3.02,3.42,2.55,3.2,3.42,2.36,2.99,3.13,,,,,,,,,,,,,,
ARG,Copa De La Liga Profesional,2022,06/03/2022,00:30,Racing Club,Talleres Cordoba,1,0,H,2.14,3.2,3.95,2.25,3.3,3.95,2.09,3.11,3.61,,,,,,,,,,,,,,
ARG,Copa De La Liga Profesional,2022,06/03/2022,20:00,Banfield,Defensa y Justicia,2,3,A,2.57,3.17,3.04,2.61,3.39,3.05,2.45,3.12,2.88,,,,,,,,,,,,,,
ARG,Copa De La Liga Profesional,2022,06/03/2022,20:00,Newells Old Boys,Atl. Tucuman,4,0,H,2.06,3.46,3.83,2.12,3.68,4,2,3.42,3.53,,,,,,,,,,,,,,
ARG,Copa De La Liga Profesional,2022,06/03/2022,22:15,Boca Juniors,Huracan,0,1,A,1.66,3.66,6.17,1.7,3.75,6.3,1.65,3.52,5.38,,,,,,,,,,,,,,
ARG,Copa De La Liga Profesional,2022,07/03/2022,00:30,Velez Sarsfield,Estudiantes L.P.,1,1,D,2.6,2.86,3.35,2.61,3.11,3.66,2.41,2.89,3.16,,,,,,,,,,,,,,
ARG,Copa De La Liga Profesional,2022,07/03/2022,20:00,Godoy Cruz,Independiente,3,3,D,2.03,3.57,3.84,2.35,3.57,4,2.04,3.26,3.58,,,,,,,,,,,,,,
ARG,Copa De La Liga Profesional,2022,07/03/2022,22:15,Arsenal Sarandi,Lanus,2,2,D,3.27,3.2,2.41,3.35,3.38,2.42,3.06,3.19,2.3,,,,,,,,,,,,,,
ARG,Copa De La Liga Profesional,2022,08/03/2022,00:30,Tigre,Colon Santa FE,1,0,H,2.63,3.14,2.98,2.8,3.22,2.98,2.58,3.02,2.79,,,,,,,,,,,,,,
ARG,Copa De La Liga Profesional,2022,11/03/2022,22:15,Arsenal Sarandi,Velez Sarsfield,0,0,D,3.79,3.05,2.26,3.8,3.15,2.34,3.51,2.94,2.22,,,,,,,,,,,,,,
ARG,Copa De La Liga Profesional,2022,12/03/2022,00:30,Platense,Patronato,1,2,A,2.36,3.11,3.49,2.48,3.2,3.5,2.31,2.99,3.23,,,,,,,,,,,,,,
ARG,Copa De La Liga Profesional,2022,12/03/2022,20:00,Aldosivi,Tigre,1,0,H,3.85,3.29,2.12,3.87,3.4,2.19,3.56,3.21,2.06,,,,,,,,,,,,,,
ARG,Copa De La Liga Profesional,2022,12/03/2022,20:00,Huracan,Godoy Cruz,1,3,A,2.11,3.36,3.83,2.11,3.59,4.2,1.98,3.34,3.67,,,,,,,,,,,,,,
ARG,Copa De La Liga Profesional,2022,12/03/2022,22:15,Rosario Central,Barracas Central,1,3,A,1.32,5.85,9,1.33,6,10,1.29,5.33,8.86,,,,,,,,,,,,,,
ARG,Copa De La Liga Profesional,2022,12/03/2022,22:15,Sarmiento Junin,Newells Old Boys,2,2,D,2.85,3.07,2.81,2.85,3.25,2.81,2.7,3.02,2.67,,,,,,,,,,,,,,
ARG,Copa De La Liga Profesional,2022,13/03/2022,00:30,Talleres Cordoba,San Lorenzo,0,1,A,2.12,3.15,4.09,2.12,3.34,4.26,2.02,3.12,3.82,,,,,,,,,,,,,,
ARG,Copa De La Liga Profesional,2022,13/03/2022,20:00,Lanus,Colon Santa FE,1,1,D,2.46,3.25,3.14,2.6,3.47,3.2,2.43,3.14,2.89,,,,,,,,,,,,,,
ARG,Copa De La Liga Profesional,2022,13/03/2022,20:00,Union de Santa Fe,Banfield,2,1,H,2.4,2.92,3.64,2.5,3.08,3.64,2.39,2.83,3.28,,,,,,,,,,,,,,
ARG,Copa De La Liga Profesional,2022,13/03/2022,22:15,River Plate,Gimnasia L.P.,4,0,H,1.26,6.3,11.32,1.34,6.5,14,1.23,5.88,11.33,,,,,,,,,,,,,,
ARG,Copa De La Liga Profesional,2022,14/03/2022,00:30,Estudiantes L.P.,Boca Juniors,0,1,A,3.36,3,2.49,3.36,3.14,2.49,3.15,2.92,2.39,,,,,,,,,,,,,,
ARG,Copa De La Liga Profesional,2022,14/03/2022,22:15,Atl. Tucuman,Racing Club,0,4,A,3.66,3.19,2.24,3.9,3.42,2.25,3.45,3.12,2.14,,,,,,,,,,,,,,
ARG,Copa De La Liga Profesional,2022,15/03/2022,00:30,Argentinos Jrs,Defensa y Justicia,0,1,A,2.38,3.36,3.18,2.42,3.54,3.2,2.31,3.29,2.95,,,,,,,,,,,,,,
ARG,Copa De La Liga Profesional,2022,15/03/2022,00:30,Independiente,Central Cordoba,1,1,D,2.06,3.2,4.23,2.06,3.3,4.3,1.99,3.09,4,,,,,,,,,,,,,,
ARG,Copa De La Liga Profesional,2022,18/03/2022,19:00,Aldosivi,Patronato,3,1,H,2.86,3.02,2.84,2.95,3.21,2.87,2.71,2.97,2.69,,,,,,,,,,,,,,
ARG,Copa De La Liga Profesional,2022,18/03/2022,22:15,Tigre,Platense,4,0,H,1.99,3.19,4.56,2.03,3.5,4.6,1.94,3.17,4.1,,,,,,,,,,,,,,
ARG,Copa De La Liga Profesional,2022,19/03/2022,00:30,Barracas Central,Sarmiento Junin,2,1,H,3.04,3.07,2.65,3.2,3.22,2.65,3.01,2.94,2.47,,,,,,,,,,,,,,
ARG,Copa De La Liga Profesional,2022,19/03/2022,17:00,Lanus,Banfield,0,1,A,2.7,3.17,2.88,2.7,3.29,2.88,2.58,3.05,2.76,,,,,,,,,,,,,,
ARG,Copa De La Liga Profesional,2022,19/03/2022,19:15,San Lorenzo,Huracan,0,0,D,2.61,3.02,3.14,2.7,3.23,3.14,2.5,2.96,2.94,,,,,,,,,,,,,,
ARG,Copa De La Liga Profesional,2022,19/03/2022,21:30,Colon Santa FE,Union de Santa Fe,0,0,D,2.57,2.88,3.38,2.6,3.05,3.4,2.43,2.86,3.17,,,,,,,,,,,,,,
ARG,Copa De La Liga Profesional,2022,19/03/2022,23:45,Independiente,Racing Club,1,2,A,2.73,3.06,2.95,2.95,3.22,2.96,2.63,2.95,2.78,,,,,,,,,,,,,,
ARG,Copa De La Liga Profesional,2022,20/03/2022,17:00,Rosario Central,Newells Old Boys,0,1,A,2.11,3.43,3.74,2.16,3.61,3.82,2.05,3.33,3.49,,,,,,,,,,,,,,
ARG,Copa De La Liga Profesional,2022,20/03/2022,19:15,Gimnasia L.P.,Estudiantes L.P.,1,1,D,3.51,3.14,2.33,3.51,3.24,2.53,3.23,3.01,2.3,,,,,,,,,,,,,,
ARG,Copa De La Liga Profesional,2022,20/03/2022,22:00,River Plate,Boca Juniors,0,1,A,1.84,3.43,4.98,1.96,3.48,4.98,1.86,3.19,4.46,,,,,,,,,,,,,,
ARG,Copa De La Liga Profesional,2022,23/03/2022,00:30,Talleres Cordoba,Godoy Cruz,2,1,H,2.43,3.23,3.21,2.47,3.27,3.21,2.35,3.12,3.03,,,,,,,,,,,,,,
ARG,Copa De La Liga Profesional,2022,21/03/2022,22:15,Defensa y Justicia,Arsenal Sarandi,1,1,D,1.63,3.87,6,1.65,4.02,6.3,1.61,3.75,5.29,,,,,,,,,,,,,,
ARG,Copa De La Liga Profesional,2022,22/03/2022,22:15,Atl. Tucuman,Central Cordoba,0,1,A,3.26,3.18,2.43,3.26,3.18,2.48,3.1,3.02,2.36,,,,,,,,,,,,,,
ARG,Copa De La Liga Profesional,2022,22/03/2022,00:30,Argentinos Jrs,Velez Sarsfield,1,0,H,2.44,3.02,3.41,2.55,3.06,3.41,2.37,2.89,3.23,,,,,,,,,,,,,,
ARG,Copa De La Liga Profesional,2022,01/04/2022,01:30,Colon Santa FE,Aldosivi,1,3,A,1.56,3.89,7.07,1.58,4.05,7.07,1.54,3.8,6.22,,,,,,,,,,,,,,
ARG,Copa De La Liga Profesional,2022,01/04/2022,20:30,Gimnasia L.P.,Talleres Cordoba,2,1,H,2.49,3.08,3.27,2.49,3.23,3.33,2.36,3.04,3.14,,,,,,,,,,,,,,
ARG,Copa De La Liga Profesional,2022,01/04/2022,23:00,Central Cordoba,Huracan,2,2,D,1.98,3.35,4.33,2.01,3.48,4.75,1.93,3.27,4.06,,,,,,,,,,,,,,
ARG,Copa De La Liga Profesional,2022,01/04/2022,23:00,Patronato,Union de Santa Fe,2,1,H,2.59,2.9,3.31,2.6,2.95,3.35,2.48,2.82,3.18,,,,,,,,,,,,,,
ARG,Copa De La Liga Profesional,2022,02/04/2022,01:30,Banfield,Argentinos Jrs,0,2,A,2.81,2.93,2.98,2.93,3.1,2.98,2.81,2.86,2.72,,,,,,,,,,,,,,
ARG,Copa De La Liga Profesional,2022,02/04/2022,01:30,Barracas Central,Independiente,0,1,A,4.99,3.33,1.87,5.25,3.55,1.88,4.75,3.26,1.8,,,,,,,,,,,,,,
ARG,Copa De La Liga Profesional,2022,02/04/2022,18:00,Racing Club,Sarmiento Junin,4,1,H,1.41,4.77,8.18,1.68,4.77,8.5,1.4,4.46,7.47,,,,,,,,,,,,,,
ARG,Copa De La Liga Profesional,2022,02/04/2022,20:30,Godoy Cruz,Estudiantes L.P.,3,3,D,2.17,3.32,3.69,2.29,3.5,3.76,2.1,3.29,3.44,,,,,,,,,,,,,,
ARG,Copa De La Liga Profesional,2022,02/04/2022,20:30,Velez Sarsfield,Lanus,3,1,H,2.02,3.39,4.09,2.12,3.43,4.2,2.01,3.21,3.8,,,,,,,,,,,,,,
ARG,Copa De La Liga Profesional,2022,02/04/2022,23:00,Defensa y Justicia,River Plate,1,2,A,5.25,4,1.68,5.25,4.19,1.7,4.83,3.89,1.64,,,,,,,,,,,,,,
ARG,Copa De La Liga Profesional,2022,03/04/2022,01:30,Boca Juniors,Arsenal Sarandi,2,2,D,1.56,4.04,6.81,1.63,4.04,7.2,1.54,3.77,6.37,,,,,,,,,,,,,,
ARG,Copa De La Liga Profesional,2022,03/04/2022,20:30,San Lorenzo,Atl. Tucuman,1,1,D,1.7,3.76,5.51,2.03,3.77,5.75,1.69,3.53,5.1,,,,,,,,,,,,,,
ARG,Copa De La Liga Profesional,2022,03/04/2022,23:00,Newells Old Boys,Platense,3,1,H,1.96,3.41,4.31,2,3.41,4.31,1.94,3.25,4,,,,,,,,,,,,,,
ARG,Copa De La Liga Profesional,2022,04/04/2022,01:30,Tigre,Rosario Central,2,0,H,1.88,3.52,4.56,2.1,3.61,4.56,1.88,3.33,4.17,,,,,,,,,,,,,,
ARG,Copa De La Liga Profesional,2022,08/04/2022,23:00,Arsenal Sarandi,Godoy Cruz,3,3,D,3.35,3.21,2.36,3.35,3.39,2.8,3.07,3.13,2.34,,,,,,,,,,,,,,
ARG,Copa De La Liga Profesional,2022,08/04/2022,23:00,Atl. Tucuman,Gimnasia L.P.,1,2,A,2.86,3.14,2.75,2.86,3.21,2.8,2.73,3.04,2.64,,,,,,,,,,,,,,
ARG,Copa De La Liga Profesional,2022,09/04/2022,01:30,Rosario Central,Colon Santa FE,2,2,D,2.31,3.29,3.37,2.63,3.42,3.37,2.33,3.22,3,,,,,,,,,,,,,,
ARG,Copa De La Liga Profesional,2022,09/04/2022,01:30,Sarmiento Junin,San Lorenzo,2,1,H,3.15,3.07,2.57,3.3,3.19,2.65,2.98,2.96,2.5,,,,,,,,,,,,,,
ARG,Copa De La Liga Profesional,2022,09/04/2022,18:00,Union de Santa Fe,Newells Old Boys,1,0,H,2.3,3.2,3.49,2.57,3.24,3.49,2.3,3.04,3.22,,,,,,,,,,,,,,
ARG,Copa De La Liga Profesional,2022,09/04/2022,20:30,Talleres Cordoba,Defensa y Justicia,1,5,A,3.23,3.21,2.42,3.23,3.3,2.7,3.06,3.17,2.32,,,,,,,,,,,,,,
ARG,Copa De La Liga Profesional,2022,09/04/2022,23:00,Independiente,Tigre,1,1,D,3.33,2.93,2.56,3.35,2.97,2.56,3.17,2.85,2.45,,,,,,,,,,,,,,
ARG,Copa De La Liga Profesional,2022,10/04/2022,01:30,Velez Sarsfield,Boca Juniors,0,0,D,3.59,3.06,2.34,3.59,3.25,2.45,3.34,2.95,2.29,,,,,,,,,,,,,,
ARG,Copa De La Liga Profesional,2022,10/04/2022,18:00,Estudiantes L.P.,Central Cordoba,5,0,H,2.16,3.3,3.74,2.17,3.35,3.75,2.11,3.19,3.49,,,,,,,,,,,,,,
ARG,Copa De La Liga Profesional,2022,10/04/2022,18:00,Patronato,Banfield,0,1,A,2.5,3.02,3.32,2.51,3.2,3.6,2.38,2.92,3.2,,,,,,,,,,,,,,
ARG,Copa De La Liga Profesional,2022,10/04/2022,20:30,Platense,Racing Club,0,1,A,4.3,3.73,1.87,4.5,3.75,1.95,4.06,3.5,1.84,,,,,,,,,,,,,,
ARG,Copa De La Liga Profesional,2022,10/04/2022,23:00,River Plate,Argentinos Jrs,4,2,H,1.68,3.87,5.4,1.73,3.87,5.5,1.68,3.61,4.98,,,,,,,,,,,,,,
ARG,Copa De La Liga Profesional,2022,11/04/2022,23:00,Huracan,Barracas Central,1,2,A,1.66,3.64,6.06,1.7,3.65,6.4,1.65,3.5,5.55,,,,,,,,,,,,,,
ARG,Copa De La Liga Profesional,2022,12/04/2022,01:30,Lanus,Aldosivi,1,2,A,1.83,3.68,4.63,1.88,3.68,4.75,1.79,3.53,4.3,,,,,,,,,,,,,,
ARG,Copa De La Liga Profesional,2022,15/04/2022,01:30,Gimnasia L.P.,Sarmiento Junin,1,3,A,1.72,3.69,5.41,1.74,3.92,5.41,1.68,3.69,4.83,,,,,,,,,,,,,,
ARG,Copa De La Liga Profesional,2022,15/04/2022,20:30,Tigre,Huracan,2,1,H,1.88,3.5,4.55,1.98,3.5,4.75,1.87,3.3,4.26,,,,,,,,,,,,,,
ARG,Copa De La Liga Profesional,2022,15/04/2022,23:00,Aldosivi,Rosario Central,1,0,H,2.69,3.45,2.69,2.96,3.51,2.9,2.55,3.32,2.65,,,,,,,,,,,,,,
ARG,Copa De La Liga Profesional,2022,15/04/2022,23:00,Central Cordoba,Arsenal Sarandi,3,3,D,1.87,3.61,4.48,2,3.68,4.7,1.91,3.34,4.05,,,,,,,,,,,,,,
ARG,Copa De La Liga Profesional,2022,16/04/2022,01:30,Newells Old Boys,Patronato,1,0,H,1.98,3.31,4.38,2.24,3.42,4.6,1.94,3.18,4.16,,,,,,,,,,,,,,
ARG,Copa De La Liga Profesional,2022,16/04/2022,18:00,San Lorenzo,Platense,2,2,D,2.17,3.2,3.84,2.2,3.38,3.84,2.11,3.15,3.53,,,,,,,,,,,,,,
ARG,Copa De La Liga Profesional,2022,16/04/2022,20:30,Colon Santa FE,Independiente,2,2,D,2.03,3.26,4.25,2.27,3.33,4.33,2.05,3.08,3.87,,,,,,,,,,,,,,
ARG,Copa De La Liga Profesional,2022,16/04/2022,23:00,Barracas Central,Estudiantes L.P.,1,6,A,4.22,3.31,2.02,4.4,3.48,2.14,3.81,3.19,2.02,,,,,,,,,,,,,,
ARG,Copa De La Liga Profesional,2022,17/04/2022,01:30,Racing Club,Union de Santa Fe,1,0,H,2.03,3.26,4.28,2.07,3.64,4.37,1.97,3.24,3.94,,,,,,,,,,,,,,
ARG,Copa De La Liga Profesional,2022,17/04/2022,18:00,Defensa y Justicia,Atl. Tucuman,1,1,D,1.52,4.15,7.09,1.57,4.35,7.2,1.49,4.02,6.54,,,,,,,,,,,,,,
ARG,Copa De La Liga Profesional,2022,17/04/2022,18:00,Godoy Cruz,Velez Sarsfield,0,0,D,2.16,3.26,3.79,2.48,3.42,3.85,2.12,3.18,3.51,,,,,,,,,,,,,,
ARG,Copa De La Liga Profesional,2022,17/04/2022,20:30,Argentinos Jrs,Talleres Cordoba,2,1,H,1.96,3.32,4.46,2.05,3.5,4.71,1.95,3.21,4.06,,,,,,,,,,,,,,
ARG,Copa De La Liga Profesional,2022,17/04/2022,23:00,Boca Juniors,Lanus,1,1,D,1.65,3.91,5.76,1.69,3.91,6,1.63,3.7,5.34,,,,,,,,,,,,,,
ARG,Copa De La Liga Profesional,2022,18/04/2022,01:30,Banfield,River Plate,1,2,A,5.31,3.83,1.7,5.31,3.83,1.86,4.94,3.54,1.7,,,,,,,,,,,,,,
ARG,Copa De La Liga Profesional,2022,19/04/2022,18:00,Arsenal Sarandi,Barracas Central,0,1,A,2.04,3.28,4.15,2.05,3.44,4.25,1.96,3.26,3.9,,,,,,,,,,,,,,
ARG,Copa De La Liga Profesional,2022,19/04/2022,20:30,Union de Santa Fe,San Lorenzo,1,2,A,1.91,3.31,4.75,1.97,3.45,4.75,1.88,3.26,4.28,,,,,,,,,,,,,,
ARG,Copa De La Liga Profesional,2022,19/04/2022,23:00,Estudiantes L.P.,Tigre,2,1,H,2.51,3.05,3.26,2.51,3.2,3.38,2.36,3.07,3.09,,,,,,,,,,,,,,
ARG,Copa De La Liga Profesional,2022,19/04/2022,23:00,Huracan,Colon Santa FE,1,1,D,3.07,3.28,2.49,3.07,3.3,2.88,2.74,3.15,2.57,,,,,,,,,,,,,,
ARG,Copa De La Liga Profesional,2022,20/04/2022,01:30,Independiente,Aldosivi,1,1,D,1.54,4.08,6.91,1.57,4.15,6.91,1.52,3.86,6.33,,,,,,,,,,,,,,
ARG,Copa De La Liga Profesional,2022,20/04/2022,01:30,Platense,Gimnasia L.P.,0,3,A,2.82,3.07,2.83,2.87,3.26,3,2.67,3.04,2.71,,,,,,,,,,,,,,
ARG,Copa De La Liga Profesional,2022,20/04/2022,18:00,Newells Old Boys,Banfield,1,0,H,2.21,3.07,3.91,2.3,3.1,3.91,2.22,2.94,3.56,,,,,,,,,,,,,,
ARG,Copa De La Liga Profesional,2022,20/04/2022,20:30,Patronato,Racing Club,2,3,A,3.55,3.22,2.26,3.55,3.25,2.45,3.26,3.1,2.26,,,,,,,,,,,,,,
ARG,Copa De La Liga Profesional,2022,20/04/2022,20:30,Velez Sarsfield,Central Cordoba,1,2,A,2,3.25,4.4,2.14,3.38,4.33,2.02,3.15,3.83,,,,,,,,,,,,,,
ARG,Copa De La Liga Profesional,2022,20/04/2022,23:00,Lanus,Rosario Central,3,1,H,2.26,3.3,3.47,2.26,3.5,3.75,2.14,3.23,3.37,,,,,,,,,,,,,,
ARG,Copa De La Liga Profesional,2022,20/04/2022,23:00,Talleres Cordoba,River Plate,1,0,H,3.48,3.36,2.23,3.79,3.45,2.23,3.37,3.26,2.13,,,,,,,,,,,,,,
ARG,Copa De La Liga Profesional,2022,21/04/2022,01:30,Boca Juniors,Godoy Cruz,1,1,D,1.81,3.58,4.94,1.95,3.66,4.94,1.83,3.39,4.35,,,,,,,,,,,,,,
ARG,Copa De La Liga Profesional,2022,21/04/2022,20:00,Sarmiento Junin,Defensa y Justicia,2,1,H,3.91,3.6,2,3.95,3.75,2.01,3.62,3.52,1.96,,,,,,,,,,,,,,
ARG,Copa De La Liga Profesional,2022,21/04/2022,22:30,Atl. Tucuman,Argentinos Jrs,2,4,A,4.4,3.72,1.85,4.6,3.72,1.95,4.27,3.47,1.82,,,,,,,,,,,,,,
ARG,Copa De La Liga Profesional,2022,23/04/2022,00:30,Colon Santa FE,Estudiantes L.P.,2,2,D,1.44,4.8,6.7,1.53,4.8,7,1.45,4.4,6.3,,,,,,,,,,,,,,
ARG,Copa De La Liga Profesional,2022,23/04/2022,18:00,Gimnasia L.P.,Union de Santa Fe,1,0,H,2.42,3.11,3.35,2.42,3.21,3.42,2.34,3.03,3.17,,,,,,,,,,,,,,
ARG,Copa De La Liga Profesional,2022,23/04/2022,18:00,San Lorenzo,Patronato,1,2,A,2.37,3.15,3.42,2.42,3.41,3.7,2.27,3.13,3.18,,,,,,,,,,,,,,
ARG,Copa De La Liga Profesional,2022,23/04/2022,20:30,Rosario Central,Independiente,3,0,H,3.05,3.11,2.6,3.05,3.11,2.7,2.87,3.01,2.54,,,,,,,,,,,,,,
ARG,Copa De La Liga Profesional,2022,23/04/2022,23:00,Central Cordoba,Boca Juniors,1,2,A,3.37,3.16,2.38,3.4,3.23,2.48,3.1,3.04,2.37,,,,,,,,,,,,,,
ARG,Copa De La Liga Profesional,2022,24/04/2022,01:30,Banfield,Talleres Cordoba,3,1,H,2.34,3.02,3.65,2.4,3.13,3.85,2.22,2.95,3.52,,,,,,,,,,,,,,
ARG,Copa De La Liga Profesional,2022,24/04/2022,01:30,Barracas Central,Velez Sarsfield,1,1,D,3.17,2.92,2.64,3.17,3.18,2.75,2.95,2.91,2.56,,,,,,,,,,,,,,
ARG,Copa De La Liga Profesional,2022,24/04/2022,20:30,Racing Club,Newells Old Boys,0,0,D,1.88,3.44,4.72,1.95,3.58,4.72,1.84,3.37,4.29,,,,,,,,,,,,,,
ARG,Copa De La Liga Profesional,2022,24/04/2022,23:00,River Plate,Atl. Tucuman,1,1,D,1.16,8.17,18.61,1.18,8.3,19,1.15,7.38,15.5,,,,,,,,,,,,,,
ARG,Copa De La Liga Profesional,2022,25/04/2022,01:30,Defensa y Justicia,Platense,1,1,D,1.61,4.14,5.8,1.68,4.25,5.92,1.59,3.9,5.31,,,,,,,,,,,,,,
ARG,Copa De La Liga Profesional,2022,25/04/2022,01:30,Godoy Cruz,Lanus,1,1,D,1.75,3.95,4.77,1.8,3.97,4.77,1.75,3.73,4.36,,,,,,,,,,,,,,
ARG,Copa De La Liga Profesional,2022,25/04/2022,19:30,Tigre,Arsenal Sarandi,0,0,D,1.85,3.37,5.05,1.93,3.6,5.05,1.8,3.34,4.58,,,,,,,,,,,,,,
ARG,Copa De La Liga Profesional,2022,26/04/2022,01:30,Aldosivi,Huracan,0,2,A,2.99,3.53,2.41,3,3.6,2.42,2.86,3.41,2.32,,,,,,,,,,,,,,
ARG,Copa De La Liga Profesional,2022,26/04/2022,01:30,Argentinos Jrs,Sarmiento Junin,0,0,D,1.64,3.93,5.85,1.66,4.1,6.3,1.61,3.81,5.34,,,,,,,,,,,,,,
ARG,Copa De La Liga Profesional,2022,28/04/2022,00:30,Newells Old Boys,San Lorenzo,1,2,A,1.91,2.99,5.65,2.1,3.3,5.65,1.94,2.91,4.79,,,,,,,,,,,,,,
ARG,Copa De La Liga Profesional,2022,29/04/2022,23:00,Estudiantes L.P.,Aldosivi,2,1,H,1.59,4.05,6.17,1.64,4.1,6.17,1.59,3.88,5.41,,,,,,,,,,,,,,
ARG,Copa De La Liga Profesional,2022,30/04/2022,01:30,Patronato,Gimnasia L.P.,0,6,A,2.35,3.21,3.36,2.45,3.22,3.36,2.37,3.05,3.09,,,,,,,,,,,,,,
ARG,Copa De La Liga Profesional,2022,30/04/2022,16:00,Atl. Tucuman,Talleres Cordoba,3,0,H,2.21,3.15,3.8,2.23,3.34,3.8,2.15,3.11,3.5,,,,,,,,,,,,,,
ARG,Copa De La Liga Profesional,2022,30/04/2022,20:00,Racing Club,Banfield,1,1,D,2.02,3.35,4.14,2.1,3.4,4.17,2.01,3.17,3.85,,,,,,,,,,,,,,
ARG,Copa De La Liga Profesional,2022,30/04/2022,20:00,Velez Sarsfield,Tigre,3,2,H,2.44,3.05,3.38,2.8,3.13,3.38,2.52,2.92,3,,,,,,,,,,,,,,
ARG,Copa De La Liga Profesional,2022,30/04/2022,23:00,Arsenal Sarandi,Colon Santa FE,2,0,H,2,3.45,4.07,2.5,3.5,4.5,2.06,3.25,3.64,,,,,,,,,,,,,,
ARG,Copa De La Liga Profesional,2022,30/04/2022,23:00,Boca Juniors,Barracas Central,2,0,H,1.42,4.57,8.64,1.43,5,8.64,1.4,4.44,7.56,,,,,,,,,,,,,,
ARG,Copa De La Liga Profesional,2022,01/05/2022,01:30,Lanus,Independiente,1,0,H,3.24,3.01,2.55,3.3,3.15,2.6,3.05,2.96,2.47,,,,,,,,,,,,,,
ARG,Copa De La Liga Profesional,2022,01/05/2022,01:30,Sarmiento Junin,River Plate,0,7,A,8.45,5.25,1.37,8.5,5.3,1.43,7.86,4.9,1.35,,,,,,,,,,,,,,
ARG,Copa De La Liga Profesional,2022,02/05/2022,23:00,Godoy Cruz,Central Cordoba,1,0,H,1.8,3.62,4.88,1.8,3.82,4.88,1.77,3.56,4.43,,,,,,,,,,,,,,
ARG,Copa De La Liga Profesional,2022,02/05/2022,23:00,Union de Santa Fe,Defensa y Justicia,1,2,A,3.31,3.09,2.45,3.34,3.4,2.45,3.09,3.14,2.32,,,,,,,,,,,,,,
ARG,Copa De La Liga Profesional,2022,03/05/2022,01:30,Huracan,Rosario Central,2,1,H,1.88,3.66,4.32,1.95,3.66,4.33,1.85,3.48,4.03,,,,,,,,,,,,,,
ARG,Copa De La Liga Profesional,2022,03/05/2022,01:30,Platense,Argentinos Jrs,1,1,D,5.84,3.31,1.78,6,3.66,1.81,5.33,3.4,1.7,,,,,,,,,,,,,,
ARG,Copa De La Liga Profesional,2022,06/05/2022,22:30,San Lorenzo,Racing Club,1,1,D,3.47,3.35,2.24,3.47,3.51,2.32,3.19,3.3,2.19,,,,,,,,,,,,,,
ARG,Copa De La Liga Profesional,2022,07/05/2022,01:30,Barracas Central,Godoy Cruz,3,1,H,5.49,3.86,1.68,5.49,3.92,1.75,4.72,3.65,1.71,,,,,,,,,,,,,,
ARG,Copa De La Liga Profesional,2022,07/05/2022,20:30,Aldosivi,Arsenal Sarandi,1,2,A,2.54,3.24,3.03,2.54,3.4,3.3,2.31,3.21,3.05,,,,,,,,,,,,,,
ARG,Copa De La Liga Profesional,2022,07/05/2022,20:30,Independiente,Huracan,3,0,H,2.52,3.05,3.24,2.52,3.15,3.24,2.43,2.96,3.09,,,,,,,,,,,,,,
ARG,Copa De La Liga Profesional,2022,07/05/2022,20:30,Tigre,Boca Juniors,0,2,A,2.54,2.89,3.4,2.55,3.15,3.42,2.44,2.88,3.16,,,,,,,,,,,,,,
ARG,Copa De La Liga Profesional,2022,07/05/2022,23:00,Rosario Central,Estudiantes L.P.,3,1,H,1.74,3.92,4.85,1.91,3.92,4.85,1.77,3.59,4.36,,,,,,,,,,,,,,
ARG,Copa De La Liga Profesional,2022,08/05/2022,20:00,Argentinos Jrs,Union de Santa Fe,2,1,H,1.65,3.56,6.67,1.75,3.6,6.67,1.65,3.43,5.76,,,,,,,,,,,,,,
ARG,Copa De La Liga Profesional,2022,08/05/2022,20:00,Defensa y Justicia,Patronato,1,0,H,1.55,4.17,6.5,1.61,4.4,6.5,1.55,4,5.58,,,,,,,,,,,,,,
ARG,Copa De La Liga Profesional,2022,08/05/2022,20:00,Gimnasia L.P.,Newells Old Boys,3,1,H,2.08,3.39,3.87,2.15,3.44,4,2.04,3.25,3.63,,,,,,,,,,,,,,
ARG,Copa De La Liga Profesional,2022,08/05/2022,20:00,Talleres Cordoba,Sarmiento Junin,1,0,H,1.85,3.54,4.73,1.95,3.54,4.73,1.84,3.34,4.35,,,,,,,,,,,,,,
ARG,Copa De La Liga Profesional,2022,09/05/2022,01:00,River Plate,Platense,2,1,H,1.45,4.73,7.21,1.49,4.75,7.3,1.44,4.5,6.41,,,,,,,,,,,,,,
ARG,Copa De La Liga Profesional,2022,09/05/2022,23:00,Central Cordoba,Lanus,3,3,D,2.27,3.31,3.44,2.3,3.45,3.5,2.2,3.23,3.26,,,,,,,,,,,,,,
ARG,Copa De La Liga Profesional,2022,09/05/2022,23:00,Colon Santa FE,Velez Sarsfield,1,2,A,2.42,3.1,3.37,2.42,3.26,3.6,2.27,3.08,3.26,,,,,,,,,,,,,,
ARG,Copa De La Liga Profesional,2022,10/05/2022,01:30,Banfield,Atl. Tucuman,1,1,D,2.03,3.31,4.17,2.11,3.46,4.2,1.98,3.23,3.87,,,,,,,,,,,,,,
ARG,Copa De La Liga Profesional,2022,10/05/2022,23:15,Racing Club,Aldosivi,5,0,H,1.44,4.65,7.63,1.45,4.9,7.8,1.4,4.53,7.04,,,,,,,,,,,,,,
ARG,Copa De La Liga Profesional,2022,11/05/2022,01:30,Boca Juniors,Defensa y Justicia,2,0,H,1.99,3.45,4.29,2.03,3.72,4.33,1.93,3.39,3.87,,,,,,,,,,,,,,
ARG,Copa De La Liga Profesional,2022,11/05/2022,23:15,Estudiantes L.P.,Argentinos Jrs,1,1,D,2.31,3.28,3.39,2.41,3.38,3.39,2.28,3.19,3.12,,,,,,,,,,,,,,
ARG,Copa De La Liga Profesional,2022,12/05/2022,01:30,River Plate,Tigre,1,2,A,1.5,4.41,6.92,1.5,4.47,7,1.47,4.21,6.43,,,,,,,,,,,,,,
ARG,Copa De La Liga Profesional,2022,14/05/2022,21:00,Boca Juniors,Racing Club,0,0,D,2.48,2.88,3.54,2.48,3.1,3.54,2.36,2.87,3.3,,,,,,,,,,,,,,
ARG,Copa De La Liga Profesional,2022,15/05/2022,20:00,Tigre,Argentinos Jrs,1,1,D,2.98,2.93,2.81,3.1,3.15,2.81,2.92,2.92,2.58,,,,,,,,,,,,,,
ARG,Copa De La Liga Profesional,2022,22/05/2022,20:00,Boca Juniors,Tigre,3,0,H,2.26,2.88,4.1,2.26,3.03,4.1,2.18,2.86,3.78,,,,,,,,,,,,,,
ARG,Liga Profesional,2022,04/06/2022,00:00,Barracas Central,Central Cordoba,1,1,D,3.36,3.2,2.37,3.55,3.3,2.4,3.18,3.17,2.32,,,,,,,9,12,5,6,12,20,6,4
ARG,Liga Profesional,2022,04/06/2022,16:00,Atl. Tucuman,Colon Santa FE,1,1,D,2.65,3.36,2.79,2.67,3.47,3,2.5,3.32,2.77,,,,,,,,,,,,,,
ARG,Liga Profesional,2022,04/06/2022,18:00,San Lorenzo,Independiente,1,1,D,3.2,2.95,2.63,3.2,3.06,2.66,3.01,2.94,2.56,,,,,,,11,17,3,4,11,7,9,5
ARG,Liga Profesional,2022,04/06/2022,20:30,Banfield,Newells Old Boys,1,2,A,2.06,3.13,4.37,2.14,3.25,4.38,2.05,3.1,3.98,,,,,,,12,11,3,3,6,15,12,4
ARG,Liga Profesional,2022,04/06/2022,23:00,Patronato,Velez Sarsfield,1,1,D,3.6,3.14,2.29,3.65,3.29,2.35,3.33,3.14,2.25,,,,,,,15,9,7,5,20,17,3,2
ARG,Liga Profesional,2022,04/06/2022,23:00,Platense,Godoy Cruz,2,1,H,2.83,3.18,2.73,2.85,3.34,2.75,2.72,3.19,2.62,,,,,,,11,15,6,3,12,10,11,5
ARG,Liga Profesional,2022,05/06/2022,01:30,Racing Club,Huracan,2,0,H,2.01,3.37,4.14,2.06,3.54,4.14,2,3.34,3.8,,,,,,,21,7,9,1,10,12,4,3
ARG,Liga Profesional,2022,05/06/2022,17:00,Talleres Cordoba,Sarmiento Junin,2,0,H,1.78,3.45,5.57,1.83,3.55,5.7,1.78,3.35,5.01,,,,,,,20,9,5,2,11,11,7,4
ARG,Liga Profesional,2022,05/06/2022,17:00,Union de Santa Fe,Tigre,1,2,A,2.46,2.91,3.53,2.56,3.1,3.53,2.44,2.93,3.21,,,,,,,13,10,2,4,13,15,11,1
ARG,Liga Profesional,2022,05/06/2022,21:00,Estudiantes L.P.,Gimnasia L.P.,1,1,D,2.04,3.27,4.18,2.18,3.4,4.18,2.05,3.25,3.74,,,,,,,17,11,5,6,11,11,4,3
ARG,Liga Profesional,2022,05/06/2022,23:30,Boca Juniors,Arsenal Sarandi,2,1,H,1.93,3.1,5.12,2.01,3.22,5.12,1.93,3.1,4.52,,,,,,,17,6,8,2,12,14,11,1
ARG,Liga Profesional,2022,06/06/2022,01:30,Defensa y Justicia,River Plate,0,0,D,3.24,3.65,2.22,3.24,3.8,2.36,3.03,3.54,2.22,,,,,,,9,9,5,2,14,15,0,3
ARG,Liga Profesional,2022,06/06/2022,23:00,Rosario Central,Lanus,0,0,D,2.33,3.19,3.44,2.4,3.28,3.44,2.3,3.13,3.22,,,,,,,14,11,1,3,10,9,4,5
ARG,Liga Profesional,2022,07/06/2022,01:30,Argentinos Jrs,Aldosivi,2,1,H,1.6,3.93,6.28,1.65,4.25,6.5,1.6,3.83,5.63,,,,,,,12,15,3,4,10,12,3,6
ARG,Liga Profesional,2022,10/06/2022,00:00,Newells Old Boys,San Lorenzo,0,0,D,1.95,3.35,4.46,2.1,3.4,4.48,1.99,3.23,4.02,,,,,,,18,4,4,0,12,8,4,1
ARG,Liga Profesional,2022,10/06/2022,20:30,Gimnasia L.P.,Patronato,2,0,H,1.78,3.57,4.87,1.88,3.75,5.25,1.8,3.44,4.58,,,,,,,14,12,5,2,9,22,7,11
ARG,Liga Profesional,2022,10/06/2022,23:00,Aldosivi,Estudiantes L.P.,0,1,A,4.75,3.66,1.81,5.25,3.68,1.85,4.44,3.52,1.8,,,,,,,17,15,4,2,14,11,3,5
ARG,Liga Profesional,2022,10/06/2022,23:00,Lanus,Defensa y Justicia,1,1,D,3.29,3.16,2.42,3.66,3.23,2.46,3.29,3.08,2.3,,,,,,,12,5,4,3,11,9,5,1
ARG,Liga Profesional,2022,11/06/2022,01:30,Huracan,Rosario Central,2,0,H,1.96,3.4,4.33,2.05,3.48,4.33,1.99,3.3,3.89,,,,,,,,,,,,,,
ARG,Liga Profesional,2022,11/06/2022,01:30,Independiente,Talleres Cordoba,1,0,H,2.19,3.16,3.85,2.26,3.35,3.85,2.16,3.08,3.64,,,,,,,10,16,3,4,13,12,6,2
ARG,Liga Profesional,2022,11/06/2022,19:30,Arsenal Sarandi,Banfield,0,0,D,2.89,2.84,2.99,2.9,2.92,3,2.79,2.84,2.83,,,,,,,12,10,3,2,12,9,2,5
ARG,Liga Profesional,2022,11/06/2022,19:30,Tigre,Barracas Central,1,1,D,1.55,4,7.12,1.56,4.19,7.48,1.52,3.96,6.55,,,,,,,19,4,6,2,10,23,7,2
ARG,Liga Profesional,2022,11/06/2022,22:00,Sarmiento Junin,Argentinos Jrs,1,0,H,3.75,3.15,2.22,3.75,3.28,2.26,3.49,3.15,2.18,,,,,,,8,17,2,3,17,9,2,7
ARG,Liga Profesional,2022,12/06/2022,00:30,River Plate,Atl. Tucuman,0,0,D,1.25,6.25,11.81,1.29,6.5,15,1.24,6.06,11.09,,,,,,,21,3,8,1,5,12,11,2
ARG,Liga Profesional,2022,12/06/2022,17:00,Colon Santa FE,Union de Santa Fe,2,2,D,2.4,3.15,3.35,2.45,3.25,3.35,2.35,3.11,3.18,,,,,,,,,,,,,,
ARG,Liga Profesional,2022,12/06/2022,19:30,Godoy Cruz,Racing Club,2,0,H,2.61,3.33,2.86,2.65,3.33,2.91,2.54,3.21,2.78,,,,,,,13,11,6,2,20,9,1,2
ARG,Liga Profesional,2022,12/06/2022,22:00,Velez Sarsfield,Platense,0,1,A,1.66,3.6,6.14,1.73,3.75,6.14,1.66,3.57,5.6,,,,,,,16,10,4,2,16,13,13,4
ARG,Liga Profesional,2022,13/06/2022,00:30,Central Cordoba,Boca Juniors,1,0,H,4.52,3.23,1.98,4.52,3.23,2.11,4.01,3.08,2.04,,,,,,,14,18,7,2,16,4,4,11
ARG,Liga Profesional,2022,14/06/2022,19:00,San Lorenzo,Arsenal Sarandi,3,3,D,2.6,2.94,3.25,2.6,3.1,3.25,2.52,2.93,3.08,,,,,,,10,13,4,6,9,12,5,5
ARG,Liga Profesional,2022,14/06/2022,23:00,Patronato,Aldosivi,1,0,H,1.77,3.64,5.12,1.85,3.85,5.53,1.69,3.63,5.13,,,,,,,12,6,2,2,19,11,5,1
ARG,Liga Profesional,2022,14/06/2022,23:00,Talleres Cordoba,Newells Old Boys,0,1,A,2.19,3.12,3.89,2.25,3.2,4,2.17,3.02,3.68,,,,,,,23,10,1,3,9,14,11,5
ARG,Liga Profesional,2022,15/06/2022,01:30,Defensa y Justicia,Huracan,1,1,D,2.75,3.04,2.94,2.75,3.38,3.93,2.57,3.03,2.91,,,,,,,11,11,1,5,7,9,5,4
ARG,Liga Profesional,2022,15/06/2022,01:30,Estudiantes L.P.,Sarmiento Junin,2,1,H,1.53,4.32,6.52,1.59,4.32,6.52,1.54,4.04,5.91,,,,,,,14,11,4,2,15,17,2,2
ARG,Liga Profesional,2022,15/06/2022,18:00,Barracas Central,Union de Santa Fe,1,2,A,4.59,3.41,1.91,4.75,3.55,1.92,4.37,3.38,1.86,,,,,,,19,15,5,5,7,15,3,5
ARG,Liga Profesional,2022,15/06/2022,20:30,Atl. Tucuman,Lanus,2,1,H,2.37,3.09,3.47,2.46,3.1,3.5,2.36,3,3.28,,,,,,,12,2,4,1,16,16,6,3
ARG,Liga Profesional,2022,15/06/2022,20:30,Banfield,Central Cordoba,2,1,H,1.9,3.47,4.54,1.96,3.47,4.54,1.91,3.31,4.17,,,,,,,11,17,3,6,16,9,3,4
ARG,Liga Profesional,2022,15/06/2022,23:00,Colon Santa FE,River Plate,1,0,H,3.82,3.84,1.95,4,3.9,2.02,3.68,3.72,1.91,,,,,,,,,,,,,,
ARG,Liga Profesional,2022,16/06/2022,01:30,Boca Juniors,Tigre,5,3,H,2.12,3.06,4.22,2.14,3.28,4.5,2.06,3.04,4.02,,,,,,,9,16,6,4,15,8,3,6
ARG,Liga Profesional,2022,16/06/2022,23:00,Argentinos Jrs,Independiente,2,1,H,2.29,3.02,3.77,2.33,3.18,3.87,2.24,2.99,3.54,,,,,,,14,10,3,1,13,13,5,5
ARG,Liga Profesional,2022,16/06/2022,23:00,Rosario Central,Godoy Cruz,1,0,H,2.57,3.31,2.93,2.67,3.42,2.96,2.5,3.26,2.81,,,,,,,13,9,5,1,12,12,11,2
ARG,Liga Profesional,2022,17/06/2022,01:30,Platense,Gimnasia L.P.,1,1,D,3.09,3.17,2.54,3.1,3.25,2.66,2.93,3.07,2.52,,,,,,,8,15,3,5,11,11,7,7
ARG,Liga Profesional,2022,17/06/2022,01:30,Racing Club,Velez Sarsfield,2,0,H,2.24,3.14,3.73,2.4,3.3,3.73,2.21,3.12,3.46,,,,,,,8,11,3,2,14,22,5,4
ARG,Liga Profesional,2022,18/06/2022,22:00,Arsenal Sarandi,Talleres Cordoba,1,1,D,2.87,2.94,2.91,2.9,3.1,3.04,2.7,2.93,2.85,,,,,,,15,9,5,1,16,14,4,3
ARG,Liga Profesional,2022,19/06/2022,00:30,Sarmiento Junin,Patronato,3,1,H,2.67,2.98,3.1,2.82,3.1,3.1,2.63,2.94,2.92,,,,,,,22,9,8,4,17,15,10,2
ARG,Liga Profesional,2022,19/06/2022,17:00,Tigre,Banfield,0,1,A,2,3.18,4.54,2.1,3.3,4.54,2.01,3.12,4.09,,,,,,,14,9,6,4,13,12,5,4
ARG,Liga Profesional,2022,19/06/2022,19:30,Huracan,Atl. Tucuman,0,0,D,1.92,3.28,4.79,1.95,3.43,4.9,1.88,3.24,4.5,,,,,,,14,5,1,1,9,17,6,5
ARG,Liga Profesional,2022,19/06/2022,19:30,Lanus,Colon Santa Fe,1,0,H,2.13,3.37,3.75,2.17,3.52,3.76,2.08,3.37,3.51,,,,,,,16,11,9,0,12,16,8,3
ARG,Liga Profesional,2022,19/06/2022,22:00,Union de Santa Fe,River Plate,1,5,A,5.04,3.98,1.7,5.25,3.98,1.75,4.77,3.76,1.7,,,,,,,12,14,4,7,8,16,6,2
ARG,Liga Profesional,2022,20/06/2022,01:30,Barracas Central,Boca Juniors,1,3,A,7.47,4.11,1.51,7.5,4.33,1.53,6.9,4.07,1.49,,,,,,,5,14,2,7,15,12,2,9
ARG,Liga Profesional,2022,20/06/2022,20:30,Godoy Cruz,Defensa y Justicia,2,1,H,2.11,3.49,3.66,2.16,3.65,3.75,2.05,3.41,3.52,,,,,,,15,14,5,4,10,15,7,1
ARG,Liga Profesional,2022,20/06/2022,23:00,Gimnasia L.P.,Racing Club,3,1,H,3.15,3.06,2.57,3.15,3.23,2.7,2.91,3.03,2.57,,,,,,,9,14,6,3,19,17,6,7
ARG,Liga Profesional,2022,20/06/2022,23:00,Velez Sarsfield,Rosario Central,2,0,H,1.85,3.44,4.89,1.87,3.62,5.08,1.82,3.41,4.54,,,,,,,12,10,4,5,10,10,7,7
ARG,Liga Profesional,2022,21/06/2022,01:30,Independiente,Estudiantes L.P.,2,1,H,2.41,3.01,3.49,2.5,3.13,3.52,2.4,2.92,3.28,,,,,,,14,13,5,3,17,11,3,3
ARG,Liga Profesional,2022,21/06/2022,01:30,Newells Old Boys,Argentinos Jrs,1,0,H,3.12,2.99,2.65,3.12,3.11,2.66,2.97,2.94,2.58,,,,,,,12,15,6,2,13,12,4,9
ARG,Liga Profesional,2022,21/06/2022,23:00,Aldosivi,Platense,0,0,D,2.98,3.04,2.71,2.98,3.22,2.85,2.83,3.01,2.64,,,,,,,11,11,2,6,9,12,7,7
ARG,Liga Profesional,2022,22/06/2022,01:30,Central Cordoba,San Lorenzo,0,2,A,1.91,3.43,4.57,2.09,3.52,4.57,1.95,3.26,4.05,,,,,,,11,14,4,5,10,12,4,6
ARG,Liga Profesional,2022,24/06/2022,23:00,Banfield,Barracas Central,1,1,D,1.71,3.69,5.52,1.75,3.75,5.6,1.7,3.54,5.21,,,,,,,23,4,6,1,12,13,10,1
ARG,Liga Profesional,2022,24/06/2022,23:00,Rosario Central,Gimnasia L.P.,0,1,A,2.86,3.19,2.7,2.87,3.3,2.8,2.73,3.11,2.66,,,,,,,8,11,1,3,16,9,7,3
ARG,Liga Profesional,2022,25/06/2022,01:30,Boca Juniors,Union de Santa Fe,1,2,A,1.69,3.6,6.32,1.72,3.7,6.35,1.65,3.48,5.83,,,,,,,11,6,4,2,17,16,4,4
ARG,Liga Profesional,2022,25/06/2022,19:30,Defensa y Justicia,Velez Sarsfield,1,1,D,2.73,3.09,2.91,2.73,3.2,3.1,2.52,3.05,2.95,,,,,,,11,7,2,2,17,22,4,3
ARG,Liga Profesional,2022,25/06/2022,19:30,Talleres Cordoba,Central Cordoba,0,2,A,1.88,3.44,4.69,2.07,3.52,4.75,1.88,3.35,4.28,,,,,,,6,9,1,6,11,7,3,4
ARG,Liga Profesional,2022,25/06/2022,22:00,Colon Santa Fe,Huracan,0,1,A,3.74,3.25,2.18,3.74,3.39,2.28,3.42,3.18,2.19,,,,,,,7,6,2,4,11,16,3,1
ARG,Liga Profesional,2022,25/06/2022,22:00,Estudiantes L.P.,Newells Old Boys,0,2,A,1.83,3.44,5.02,1.97,3.55,5.02,1.86,3.33,4.45,,,,,,,18,9,3,5,14,16,5,1
ARG,Liga Profesional,2022,26/06/2022,00:30,River Plate,Lanus,2,1,H,1.4,4.81,8.77,1.45,4.9,9,1.39,4.55,7.88,,,,,,,12,7,4,3,14,17,5,4
ARG,Liga Profesional,2022,26/06/2022,17:00,San Lorenzo,Tigre,1,1,D,3.2,3.19,2.46,3.23,3.29,2.56,3,3.12,2.44,,,,,,,11,8,5,4,12,12,6,2
ARG,Liga Profesional,2022,26/06/2022,19:30,Platense,Sarmiento Junin,0,0,D,2.43,3.04,3.43,2.44,3.23,3.53,2.31,3.04,3.31,,,,,,,19,7,5,5,18,14,4,4
ARG,Liga Profesional,2022,26/06/2022,22:00,Racing Club,Aldosivi,5,0,H,1.32,5.51,9.81,1.37,5.51,9.81,1.33,5.1,8.93,,,,,,,15,16,7,1,12,13,5,2
ARG,Liga Profesional,2022,27/06/2022,00:30,Argentinos Jrs,Arsenal Sarandi,1,1,D,1.94,3.18,4.88,2.05,3.31,4.88,1.97,3.1,4.3,,,,,,,16,12,10,4,10,15,10,4
ARG,Liga Profesional,2022,27/06/2022,19:30,Patronato,Independiente,3,1,H,2.94,3.08,2.72,3.3,3.15,2.72,2.97,2.98,2.55,,,,,,,7,19,5,6,9,8,2,11
ARG,Liga Profesional,2022,28/06/2022,00:00,Atl. Tucuman,Godoy Cruz,1,1,D,2.73,3.16,2.86,2.85,3.25,2.87,2.66,3.07,2.77,,,,,,,19,13,7,3,11,9,6,8
ARG,Liga Profesional,2022,01/07/2022,23:00,Central Cordoba,Argentinos Jrs,1,2,A,2.68,2.95,3.13,2.75,3.18,3.13,2.6,2.99,2.89,,,,,,,4,13,1,4,9,6,0,7
ARG,Liga Profesional,2022,02/07/2022,01:30,Boca Juniors,Banfield,0,3,A,2.34,2.9,3.82,2.37,3.13,4,2.25,2.94,3.59,,,,,,,13,11,5,5,11,20,7,1
ARG,Liga Profesional,2022,02/07/2022,19:30,Tigre,Talleres Cordoba,1,1,D,2.07,3.23,4.14,2.14,3.4,4.3,2.02,3.15,3.98,,,,,,,21,7,8,2,8,12,11,4
ARG,Liga Profesional,2022,02/07/2022,22:00,Godoy Cruz,Colon Santa Fe,1,0,H,1.47,4.27,7.95,1.57,4.5,7.95,1.48,4.18,6.69,,,,,,,17,4,5,0,7,10,10,2
ARG,Liga Profesional,2022,02/07/2022,22:00,Velez Sarsfield,Atl. Tucuman,0,1,A,2.27,3.05,3.76,2.29,3.18,4.4,2.19,2.98,3.69,,,,,,,12,13,2,5,15,11,3,5
ARG,Liga Profesional,2022,03/07/2022,00:30,Gimnasia L.P.,Defensa y Justicia,1,0,H,2.35,3.17,3.42,2.36,3.3,3.63,2.28,3.15,3.25,,,,,,,13,14,4,6,13,15,10,7
ARG,Liga Profesional,2022,03/07/2022,17:00,Union de Santa Fe,Lanus,3,0,H,1.96,3.2,4.7,2.07,3.5,4.7,1.95,3.24,4.12,,,,,,,11,17,7,3,16,16,2,5
ARG,Liga Profesional,2022,03/07/2022,19:00,Barracas Central,San Lorenzo,2,1,H,3.57,3,2.35,3.57,3.25,2.45,3.29,3.05,2.31,,,,,,,8,12,2,4,19,15,0,2
ARG,Liga Profesional,2022,03/07/2022,22:00,Sarmiento Junin,Racing Club,1,1,D,4,3.34,2.06,4.15,3.4,2.1,3.7,3.26,2.05,,,,,,,11,21,4,10,15,11,4,8
ARG,Liga Profesional,2022,04/07/2022,01:00,Huracan,River Plate,3,2,H,3.27,3.09,2.48,3.27,3.38,2.51,3.03,3.12,2.41,,,,,,,10,12,7,3,15,17,6,2
ARG,Liga Profesional,2022,04/07/2022,21:00,Arsenal Sarandi,Estudiantes L.P.,2,1,H,2.97,3.07,2.7,2.97,3.15,2.81,2.82,2.97,2.67,,,,,,,15,11,6,4,8,12,3,2
ARG,Liga Profesional,2022,04/07/2022,23:00,Aldosivi,Rosario Central,2,1,H,2.93,3.11,2.7,3.25,3.2,2.7,2.96,3.07,2.49,,,,,,,11,13,4,5,18,14,5,6
ARG,Liga Profesional,2022,04/07/2022,23:00,Newells Old Boys,Patronato,2,2,D,1.81,3.49,5.05,1.87,3.6,5.05,1.8,3.37,4.67,,,,,,,13,8,5,4,11,16,6,2
ARG,Liga Profesional,2022,05/07/2022,01:30,Independiente,Platense,1,3,A,1.86,3.36,4.99,1.97,3.42,5.1,1.88,3.23,4.46,,,,,,,13,14,5,8,16,11,4,5
ARG,Liga Profesional,2022,09/07/2022,00:00,Rosario Central,Sarmiento Junin,1,0,H,2.35,3.14,3.45,2.35,3.32,3.65,2.23,3.15,3.36,,,,,,,23,6,5,3,11,9,11,0
ARG,Liga Profesional,2022,09/07/2022,17:00,Patronato,Arsenal Sarandi,0,1,A,2.32,3.13,3.54,2.45,3.3,3.54,2.34,3.08,3.2,,,,,,,18,9,3,3,10,16,7,4
ARG,Liga Profesional,2022,09/07/2022,19:30,San Lorenzo,Boca Juniors,2,1,H,4.71,3.19,1.99,4.71,3.3,2.09,4.4,3.08,1.96,,,,,,,14,9,7,2,15,13,5,4
ARG,Liga Profesional,2022,09/07/2022,22:00,Banfield,Union de Santa Fe,2,3,A,1.91,3.22,4.97,1.95,3.32,4.97,1.89,3.15,4.57,,,,,,,19,8,7,5,9,8,12,2
ARG,Liga Profesional,2022,10/07/2022,00:30,Platense,Newells Old Boys,1,1,D,2.8,2.97,2.95,2.8,3.1,3.02,2.62,2.97,2.89,,,,,,,12,9,4,2,12,14,3,5
ARG,Liga Profesional,2022,10/07/2022,00:30,Talleres Cordoba,Barracas Central,0,2,A,1.69,3.63,5.94,1.72,3.9,6.05,1.64,3.64,5.61,,,,,,,14,10,5,6,17,13,4,2
ARG,Liga Profesional,2022,10/07/2022,17:00,Estudiantes L.P.,Central Cordoba,2,2,D,1.67,3.87,5.6,1.8,3.87,5.6,1.71,3.6,4.96,,,,,,,,,,,,,,
ARG,Liga Profesional,2022,10/07/2022,19:30,Racing Club,Independiente,1,0,H,1.93,3.39,4.51,2,3.5,4.51,1.94,3.29,4.08,,,,,,,14,16,4,4,18,19,4,2
ARG,Liga Profesional,2022,10/07/2022,22:00,Atl. Tucuman,Gimnasia L.P.,2,0,H,2.23,3.08,3.85,2.59,3.14,4,2.31,2.97,3.4,,,,,,,11,7,5,3,15,14,7,4
ARG,Liga Profesional,2022,10/07/2022,22:00,Lanus,Huracan,2,3,A,3.13,3,2.63,3.13,3.05,2.72,2.95,2.91,2.62,,,,,,,12,8,6,4,7,18,3,4
ARG,Liga Profesional,2022,11/07/2022,00:30,River Plate,Godoy Cruz,0,2,A,1.59,4.15,5.96,1.61,4.4,6,1.55,4.11,5.69,,,,,,,18,8,8,4,11,11,9,0
ARG,Liga Profesional,2022,11/07/2022,23:00,Colon Santa Fe,Velez Sarsfield,2,1,H,3.77,3.15,2.22,3.77,3.28,2.4,3.52,3.09,2.19,,,,,,,10,14,5,3,5,6,5,9
ARG,Liga Profesional,2022,11/07/2022,23:00,Defensa y Justicia,Aldosivi,3,2,H,1.66,3.82,5.8,1.7,3.92,6.1,1.65,3.7,5.28,,,,,,,19,9,6,4,9,13,3,5
ARG,Liga Profesional,2022,12/07/2022,01:30,Argentinos Jrs,Tigre,2,1,H,2.49,3.04,3.3,2.5,3.14,3.5,2.4,2.96,3.22,,,,,,,13,11,4,4,12,7,4,6
ARG,Liga Profesional,2022,15/07/2022,01:00,Central Cordoba,Patronato,1,3,A,2.19,3.41,3.54,2.35,3.41,3.7,2.19,3.25,3.37,,,,,,,16,10,7,4,8,11,10,7
ARG,Liga Profesional,2022,15/07/2022,23:00,Sarmiento Junin,Defensa y Justicia,2,0,H,3.01,3.08,2.66,3.01,3.22,2.7,2.85,3.06,2.59,,,,,,,11,18,7,7,10,10,3,9
ARG,Liga Profesional,2022,16/07/2022,01:30,Aldosivi,Atl. Tucuman,0,1,A,3.5,3.1,2.35,3.5,3.22,2.43,3.21,3.04,2.36,,,,,,,7,18,1,4,15,17,0,5
ARG,Liga Profesional,2022,16/07/2022,01:30,Arsenal Sarandi,Platense,1,1,D,2.45,3.05,3.36,2.55,3.2,3.36,2.45,3.02,3.08,,,,,,,6,15,3,4,11,15,1,5
ARG,Liga Profesional,2022,16/07/2022,17:00,Barracas Central,Argentinos Jrs,1,3,A,4.49,3.42,1.93,4.5,3.6,2.07,4.13,3.25,1.96,,,,,,,13,7,7,5,10,12,4,7
ARG,Liga Profesional,2022,16/07/2022,19:30,Gimnasia L.P.,Colon Santa Fe,0,0,D,1.97,3.47,4.2,2.05,3.75,4.2,1.96,3.43,3.82,,,,,,,19,5,2,1,11,14,6,1
ARG,Liga Profesional,2022,16/07/2022,19:30,Independiente,Rosario Central,0,0,D,1.77,3.56,5.27,1.93,3.8,5.27,1.81,3.46,4.53,,,,,,,8,13,0,4,18,19,7,5
ARG,Liga Profesional,2022,16/07/2022,22:00,Newells Old Boys,Racing Club,0,0,D,3.24,3.26,2.4,3.3,3.32,2.46,3.07,3.19,2.36,,,,,,,6,10,2,4,13,13,2,8
ARG,Liga Profesional,2022,17/07/2022,00:30,Boca Juniors,Talleres Cordoba,1,0,H,1.75,3.39,5.9,1.8,3.44,5.9,1.75,3.29,5.25,,,,,,,14,8,2,2,16,12,6,6
ARG,Liga Profesional,2022,17/07/2022,17:00,Godoy Cruz,Lanus,2,1,H,1.71,3.86,5.14,1.87,4,5.14,1.73,3.63,4.79,,,,,,,23,7,8,1,10,8,8,5
ARG,Liga Profesional,2022,17/07/2022,17:00,Union de Santa Fe,Huracan,0,0,D,2.59,3.06,3.12,2.82,3.11,3.12,2.57,2.98,2.94,,,,,,,9,11,4,3,16,16,2,3
ARG,Liga Profesional,2022,17/07/2022,19:30,Banfield,San Lorenzo,1,1,D,2.28,3.13,3.62,2.3,3.3,3.8,2.23,3.02,3.55,,,,,,,20,7,7,3,12,17,11,2
ARG,Liga Profesional,2022,17/07/2022,22:00,Tigre,Estudiantes L.P.,2,1,H,2.24,3.26,3.57,2.33,3.3,3.57,2.24,3.18,3.31,,,,,,,10,12,5,5,9,10,1,4
ARG,Liga Profesional,2022,18/07/2022,00:30,Velez Sarsfield,River Plate,2,2,D,2.6,3.11,3.06,3.15,3.3,3.06,2.6,3.08,2.83,,,,,,,17,12,6,3,14,11,8,3
ARG,Liga Profesional,2022,19/07/2022,20:30,Colon Santa Fe,Aldosivi,1,1,D,1.46,4.67,7.18,1.57,4.75,7.18,1.48,4.37,6.35,,,,,,,10,19,5,5,14,13,5,7
ARG,Liga Profesional,2022,19/07/2022,20:30,Platense,Central Cordoba,2,0,H,2.06,3.25,4.13,2.22,3.28,4.13,2.12,3.09,3.74,,,,,,,14,16,8,6,10,7,10,5
ARG,Liga Profesional,2022,19/07/2022,23:00,Atl. Tucuman,Sarmiento Junin,1,0,H,1.8,3.38,5.43,1.93,3.45,5.5,1.83,3.25,4.81,,,,,,,25,7,8,2,12,11,7,0
ARG,Liga Profesional,2022,19/07/2022,23:00,Racing Club,Arsenal Sarandi,1,1,D,1.84,3.35,5.17,1.9,4,6.5,1.76,3.52,4.73,,,,,,,28,7,6,4,8,10,7,0
ARG,Liga Profesional,2022,20/07/2022,01:30,Argentinos Jrs,Boca Juniors,2,0,H,2.97,2.92,2.83,3.17,3.1,2.89,2.87,2.85,2.74,,,,,,,9,6,5,1,16,13,3,2
ARG,Liga Profesional,2022,20/07/2022,18:00,San Lorenzo,Union de Santa Fe,2,2,D,2.32,3.21,3.44,2.32,3.25,3.65,2.23,3.12,3.38,,,,,,,3,20,2,6,14,11,0,13
ARG,Liga Profesional,2022,20/07/2022,20:30,Patronato,Tigre,1,0,H,2.95,3.16,2.64,2.95,3.23,2.71,2.81,3.07,2.62,,,,,,,12,23,5,4,16,4,5,6
ARG,Liga Profesional,2022,20/07/2022,23:00,Defensa y Justicia,Independiente,2,1,H,2.67,3.13,2.97,2.67,3.2,3.15,2.56,3.08,2.87,,,,,,,13,12,4,5,9,13,3,5
ARG,Liga Profesional,2022,20/07/2022,23:00,Estudiantes L.P.,Barracas Central,3,1,H,1.52,4.11,7.41,1.56,4.42,7.41,1.5,4.14,6.48,,,,,,,23,5,6,4,7,14,10,2
ARG,Liga Profesional,2022,21/07/2022,01:30,Huracan,Godoy Cruz,0,0,D,2.52,3.16,3.13,2.58,3.25,3.2,2.45,3.08,3.01,,,,,,,20,15,2,2,7,14,6,7
ARG,Liga Profesional,2022,21/07/2022,01:30,Lanus,Velez Sarsfield,2,2,D,3.61,3.13,2.29,3.61,3.25,2.33,3.42,3.06,2.25,,,,,,,7,11,3,6,8,15,3,2
ARG,Liga Profesional,2022,21/07/2022,20:30,Rosario Central,Newells Old Boys,1,0,H,2.74,3,2.99,2.75,3.15,3,2.65,2.96,2.86,,,,,,,7,9,3,3,8,18,4,4
ARG,Liga Profesional,2022,21/07/2022,23:00,Talleres Cordoba,Banfield,1,0,H,2.02,3.18,4.43,2.44,3.27,4.5,2.04,3.07,4.03,,,,,,,17,8,5,3,12,18,7,0
ARG,Liga Profesional,2022,22/07/2022,01:30,River Plate,Gimnasia L.P.,1,0,H,1.68,3.89,5.39,1.73,4.05,5.5,1.67,3.83,4.97,,,,,,,20,9,9,3,15,18,7,4
ARG,Liga Profesional,2022,23/07/2022,19:30,Sarmiento Junin,Colon Santa Fe,1,3,A,2.43,3.13,3.32,2.62,3.24,3.4,2.44,3.07,3.04,,,,,,,23,13,7,4,7,14,4,5
ARG,Liga Profesional,2022,24/07/2022,00:30,Central Cordoba,Racing Club,1,3,A,3.71,3.46,2.11,4.1,3.6,2.11,3.58,3.44,2.01,,,,,,,11,16,2,6,6,12,4,5
ARG,Liga Profesional,2022,24/07/2022,15:00,Independiente,Atl. Tucuman,0,1,A,2.99,2.82,2.91,2.99,3.05,3.04,2.77,2.89,2.84,,,,,,,11,6,3,3,16,9,9,1
ARG,Liga Profesional,2022,24/07/2022,17:00,Tigre,Platense,3,0,H,1.94,3.28,4.66,1.95,3.4,4.7,1.9,3.25,4.35,,,,,,,20,8,6,2,9,18,3,5
ARG,Liga Profesional,2022,24/07/2022,19:30,Aldosivi,River Plate,0,3,A,7,4.52,1.48,7.4,4.6,1.5,6.65,4.45,1.45,,,,,,,6,19,1,9,10,11,3,9
ARG,Liga Profesional,2022,24/07/2022,22:00,Gimnasia L.P.,Lanus,1,0,H,2.01,3.34,4.22,2.13,3.34,4.22,2.05,3.21,3.78,,,,,,,20,9,7,3,14,16,2,9
ARG,Liga Profesional,2022,25/07/2022,00:30,Boca Juniors,Estudiantes L.P.,3,1,H,1.99,3.25,4.45,2.05,3.4,4.45,1.98,3.22,4.06,,,,,,,20,10,6,4,14,16,8,3
ARG,Liga Profesional,2022,25/07/2022,20:30,San Lorenzo,Talleres Cordoba,1,1,D,2.9,2.96,2.86,2.95,3.1,2.9,2.77,2.97,2.75,,,,,,,18,10,5,4,14,7,7,3
ARG,Liga Profesional,2022,25/07/2022,23:00,Banfield,Argentinos Jrs,1,1,D,2.79,2.98,2.96,2.85,3.15,3,2.65,2.95,2.86,,,,,,,7,15,2,2,17,12,1,1
ARG,Liga Profesional,2022,25/07/2022,23:00,Newells Old Boys,Defensa y Justicia,1,2,A,2.13,3.28,3.87,2.26,3.28,4,2.15,3.13,3.57,,,,,,,21,5,7,4,14,18,11,1
ARG,Liga Profesional,2022,26/07/2022,01:30,Union de Santa Fe,Godoy Cruz,2,1,H,2.86,3.27,2.64,2.86,3.48,2.7,2.73,3.24,2.56,,,,,,,22,17,8,4,13,9,6,5
ARG,Liga Profesional,2022,26/07/2022,01:30,Velez Sarsfield,Huracan,1,1,D,2.25,3,3.89,2.25,3.21,3.93,2.16,3.05,3.64,,,,,,,11,14,4,6,12,8,3,4
ARG,Liga Profesional,2022,27/07/2022,00:00,Arsenal Sarandi,Rosario Central,0,3,A,2.57,3.04,3.16,2.6,3.15,3.16,2.49,3.03,3,,,,,,,8,16,5,6,7,12,5,6
ARG,Liga Profesional,2022,27/07/2022,00:00,Barracas Central,Patronato,2,1,H,3.11,3.38,2.41,3.17,3.38,2.6,3.01,3.2,2.39,,,,,,,8,16,4,7,10,19,4,8
ARG,Liga Profesional,2022,30/07/2022,00:00,Godoy Cruz,Velez Sarsfield,1,1,D,2.01,3.28,4.3,2.05,3.5,4.3,1.99,3.29,3.92,,,,,,,15,6,5,1,8,16,2,5
ARG,Liga Profesional,2022,30/07/2022,19:30,Argentinos Jrs,San Lorenzo,0,1,A,2.08,3.19,4.15,2.1,3.45,4.8,1.96,3.24,4.12,,,,,,,7,11,0,5,12,16,4,3
ARG,Liga Profesional,2022,30/07/2022,22:00,Estudiantes L.P.,Banfield,0,0,D,1.94,3.49,4.26,2.07,3.5,4.26,2,3.3,3.86,,,,,,,14,10,7,3,9,14,7,2
ARG,Liga Profesional,2022,31/07/2022,00:30,Atl. Tucuman,Newells Old Boys,2,0,H,2.23,2.99,3.97,2.38,3.1,3.97,2.28,2.94,3.55,,,,,,,12,9,3,2,19,10,4,3
ARG,Liga Profesional,2022,31/07/2022,00:30,Huracan,Gimnasia L.P.,0,1,A,2.13,3.22,3.94,2.16,3.3,4,2.1,3.16,3.73,,,,,,,14,8,1,1,10,12,2,4
ARG,Liga Profesional,2022,31/07/2022,17:00,Lanus,Aldosivi,0,1,A,1.92,3.45,4.48,1.95,3.5,4.65,1.89,3.39,4.16,,,,,,,19,11,6,3,9,16,8,2
ARG,Liga Profesional,2022,31/07/2022,17:00,Platense,Barracas Central,0,0,D,1.93,3.38,4.49,1.97,3.51,4.8,1.89,3.36,4.23,,,,,,,18,5,5,2,16,11,6,1
ARG,Liga Profesional,2022,31/07/2022,19:30,Racing Club,Tigre,3,3,D,2.02,3.38,4.11,2.05,3.5,4.11,1.98,3.4,3.77,,,,,,,13,16,7,5,13,11,3,5
ARG,Liga Profesional,2022,31/07/2022,22:00,Patronato,Boca Juniors,3,0,H,4.46,3.32,1.96,4.46,3.4,2.06,3.97,3.25,1.99,,,,,,,12,18,8,8,22,6,3,5
ARG,Liga Profesional,2022,01/08/2022,00:30,River Plate,Sarmiento Junin,1,2,A,1.27,5.91,11.11,1.3,6,12,1.26,5.6,10.61,,,,,,,29,5,5,3,15,11,6,4
ARG,Liga Profesional,2022,01/08/2022,23:00,Defensa y Justicia,Arsenal Sarandi,0,0,D,1.94,3.26,4.69,1.96,3.49,4.69,1.91,3.32,4.2,,,,,,,14,15,2,2,6,11,5,5
ARG,Liga Profesional,2022,01/08/2022,23:00,Rosario Central,Central Cordoba,0,3,A,1.98,3.48,4.12,2.02,3.6,4.2,1.95,3.4,3.89,,,,,,,13,10,3,5,12,15,6,3
ARG,Liga Profesional,2022,02/08/2022,01:30,Colon Santa Fe,Independiente,0,3,A,2.37,3.27,3.27,2.5,3.35,3.27,2.36,3.22,3.02,,,,,,,18,14,2,5,6,11,5,5
ARG,Liga Profesional,2022,05/08/2022,23:00,Gimnasia L.P.,Godoy Cruz,2,0,H,2.84,3.22,2.7,3.05,3.3,2.7,2.87,3.11,2.54,,,,,,,17,12,4,3,5,10,4,11
ARG,Liga Profesional,2022,06/08/2022,01:30,Banfield,Patronato,0,0,D,2.24,3.24,3.6,2.36,3.34,3.6,2.23,3.12,3.39,,,,,,,17,9,6,2,15,13,5,1
ARG,Liga Profesional,2022,06/08/2022,01:30,Sarmiento Junin,Lanus,2,1,H,2.6,3.1,3.07,2.6,3.25,3.2,2.45,3.08,3.04,,,,,,,11,7,4,2,13,8,5,2
ARG,Liga Profesional,2022,06/08/2022,17:00,Arsenal Sarandi,Atl. Tucuman,3,1,H,3.16,2.83,2.75,3.36,2.95,3.1,2.94,2.81,2.74,,,,,,,17,18,4,1,12,8,3,10
ARG,Liga Profesional,2022,06/08/2022,19:00,Barracas Central,Racing Club,0,0,D,5.48,3.81,1.69,5.48,3.85,1.77,4.83,3.7,1.71,,,,,,,10,9,5,3,15,10,12,5
ARG,Liga Profesional,2022,06/08/2022,22:00,Talleres Cordoba,Argentinos Jrs,2,0,H,2.45,3.05,3.36,3.01,3.1,3.5,2.5,2.97,3.08,,,,,,,12,8,3,3,12,9,4,5
ARG,Liga Profesional,2022,06/08/2022,22:00,Union de Santa Fe,Velez Sarsfield,2,1,H,1.88,3.4,4.79,1.92,3.45,4.97,1.87,3.3,4.43,,,,,,,11,14,4,4,11,13,3,2
ARG,Liga Profesional,2022,07/08/2022,01:00,Boca Juniors,Platense,2,1,H,1.67,3.51,6.54,1.73,3.51,6.66,1.68,3.41,5.85,,,,,,,20,8,6,1,16,19,9,1
ARG,Liga Profesional,2022,07/08/2022,17:00,Aldosivi,Huracan,0,1,A,4.58,3.27,1.96,4.6,3.35,2.02,4.19,3.22,1.94,,,,,,,4,9,1,4,15,8,1,6
ARG,Liga Profesional,2022,07/08/2022,19:00,San Lorenzo,Estudiantes L.P.,0,0,D,1.91,3.38,4.62,1.96,3.55,4.62,1.9,3.32,4.28,,,,,,,18,8,3,1,9,14,8,4
ARG,Liga Profesional,2022,07/08/2022,21:30,Independiente,River Plate,0,1,A,3.97,3.33,2.07,4.05,3.4,2.1,3.76,3.27,2.03,,,,,,,11,19,3,4,8,8,2,6
ARG,Liga Profesional,2022,08/08/2022,00:00,Newells Old Boys,Colon Santa Fe,0,0,D,2.15,3.18,3.93,2.19,3.35,4.3,2.08,3.17,3.77,,,,,,,14,6,2,0,8,16,2,1
ARG,Liga Profesional,2022,08/08/2022,15:00,Central Cordoba,Defensa y Justicia,1,0,H,2.39,3.3,3.21,2.45,3.5,3.21,2.37,3.27,2.98,,,,,,,7,12,1,4,11,8,4,9
ARG,Liga Profesional,2022,09/08/2022,00:00,Tigre,Rosario Central,3,1,H,1.54,4.14,6.75,1.57,4.33,7.5,1.5,4.11,6.52,,,,,,,10,11,5,3,7,10,4,2
ARG,Liga Profesional,2022,11/08/2022,23:00,Godoy Cruz,Aldosivi,2,0,H,1.45,4.9,7,1.47,5.07,8,1.42,4.72,6.9,,,,,,,15,9,4,0,12,10,4,6
ARG,Liga Profesional,2022,12/08/2022,01:30,Atl. Tucuman,Central Cordoba,1,0,H,1.86,3.45,4.82,1.95,3.65,4.85,1.87,3.36,4.39,,,,,,,17,9,4,3,7,8,8,4
ARG,Liga Profesional,2022,12/08/2022,01:30,Colon Santa Fe,Arsenal Sarandi,1,1,D,2.01,3.4,4.13,2.1,3.52,4.13,2.01,3.33,3.81,,,,,,,15,9,4,4,11,12,4,7
ARG,Liga Profesional,2022,12/08/2022,23:00,Huracan,Sarmiento Junin,4,1,H,1.74,3.48,5.76,1.76,3.52,5.76,1.72,3.36,5.49,,,,,,,13,4,5,1,13,13,5,1
ARG,Liga Profesional,2022,12/08/2022,23:00,Platense,Banfield,3,1,H,2.87,2.78,3.08,2.87,2.91,3.14,2.74,2.77,2.97,,,,,,,16,7,5,1,11,13,6,4
ARG,Liga Profesional,2022,13/08/2022,01:30,Patronato,San Lorenzo,3,2,H,2.87,3.22,2.68,2.87,3.25,3.15,2.68,3.09,2.72,,,,,,,11,14,5,3,13,10,3,4
ARG,Liga Profesional,2022,13/08/2022,19:30,Defensa y Justicia,Tigre,0,0,D,3.12,3.22,2.48,3.36,3.3,2.48,3.05,3.15,2.41,,,,,,,13,14,5,4,8,5,2,3
ARG,Liga Profesional,2022,13/08/2022,19:30,Rosario Central,Barracas Central,3,1,H,2.4,3.01,3.53,2.4,3.29,4,2.28,3.07,3.38,,,,,,,10,4,4,2,13,7,2,4
ARG,Liga Profesional,2022,13/08/2022,22:00,Lanus,Independiente,1,1,D,3,3.01,2.72,3,3.16,2.99,2.82,2.97,2.72,,,,,,,10,7,3,2,17,15,3,5
ARG,Liga Profesional,2022,14/08/2022,00:30,River Plate,Newells Old Boys,4,1,H,1.45,4.54,7.85,1.47,4.62,8.64,1.43,4.35,7.57,,,,,,,15,16,7,2,9,26,7,5
ARG,Liga Profesional,2022,14/08/2022,19:30,Velez Sarsfield,Gimnasia L.P.,1,1,D,1.93,3.41,4.5,1.99,3.45,4.5,1.9,3.3,4.29,,,,,,,16,13,6,7,12,5,7,5
ARG,Liga Profesional,2022,14/08/2022,22:00,Argentinos Jrs,Union de Santa Fe,2,0,H,2,3.26,4.38,2.07,3.41,4.5,1.99,3.2,4.05,,,,,,,14,7,5,3,18,8,3,2
ARG,Liga Profesional,2022,14/08/2022,22:00,Estudiantes L.P.,Talleres Cordoba,1,0,H,2.2,3.24,3.69,2.27,3.3,3.69,2.2,3.14,3.46,,,,,,,8,18,2,3,14,16,1,7
ARG,Liga Profesional,2022,15/08/2022,00:30,Racing Club,Boca Juniors,0,0,D,2.46,3.26,3.12,2.54,3.4,3.12,2.43,3.15,2.99,,,,,,,18,14,6,7,16,12,9,6
ARG,Liga Profesional,2022,16/08/2022,20:30,Central Cordoba,Colon Santa Fe,3,0,H,2.52,3.19,3.1,2.53,3.46,3.13,2.43,3.23,2.92,,,,,,,10,16,5,2,12,10,3,8
ARG,Liga Profesional,2022,16/08/2022,20:30,Sarmiento Junin,Godoy Cruz,1,2,A,3.28,3.37,2.32,3.3,3.57,2.32,3.19,3.29,2.25,,,,,,,15,17,4,7,10,8,8,7
ARG,Liga Profesional,2022,16/08/2022,23:00,San Lorenzo,Platense,2,0,H,2.25,2.93,4.04,2.27,3.09,4.04,2.21,2.93,3.76,,,,,,,9,5,3,1,19,13,7,4
ARG,Liga Profesional,2022,17/08/2022,01:30,Independiente,Huracan,1,1,D,2.89,2.81,3.02,3.04,2.97,3.02,2.87,2.78,2.82,,,,,,,7,17,3,6,13,9,3,7
ARG,Liga Profesional,2022,17/08/2022,20:30,Newells Old Boys,Lanus,2,0,H,2.37,3.01,3.57,2.38,3.14,3.77,2.3,2.96,3.45,,,,,,,9,8,2,4,12,10,5,4
ARG,Liga Profesional,2022,17/08/2022,20:30,Tigre,Atl. Tucuman,0,0,D,2.11,3.32,3.88,2.2,3.36,3.88,2.11,3.21,3.61,,,,,,,8,10,3,5,11,6,5,5
ARG,Liga Profesional,2022,17/08/2022,23:00,Arsenal Sarandi,River Plate,0,0,D,6.1,3.85,1.63,6.15,4.09,1.65,5.43,3.85,1.62,,,,,,,12,12,2,1,14,9,5,5
ARG,Liga Profesional,2022,18/08/2022,01:30,Boca Juniors,Rosario Central,0,0,D,1.58,4.02,6.36,1.6,4.2,6.7,1.57,3.89,6.03,,,,,,,11,8,3,3,7,13,4,8
ARG,Liga Profesional,2022,18/08/2022,18:30,Barracas Central,Defensa y Justicia,3,1,H,3.43,3.22,2.32,3.43,3.22,2.46,3.21,3.09,2.34,,,,,,,13,14,10,4,11,12,8,9
ARG,Liga Profesional,2022,18/08/2022,20:30,Aldosivi,Velez Sarsfield,3,2,H,3.99,3.19,2.13,3.99,3.38,2.14,3.75,3.22,2.07,,,,,,,13,15,7,8,17,5,5,4
ARG,Liga Profesional,2022,18/08/2022,23:00,Talleres Cordoba,Patronato,3,3,D,1.83,3.53,4.85,1.95,3.65,4.85,1.86,3.43,4.27,,,,,,,15,12,6,6,6,16,7,7
ARG,Liga Profesional,2022,18/08/2022,23:00,Union de Santa Fe,Gimnasia L.P.,0,2,A,2.12,3.3,3.84,2.3,3.35,3.84,2.18,3.19,3.45,,,,,,,9,14,2,8,18,17,12,1
ARG,Liga Profesional,2022,19/08/2022,01:30,Argentinos Jrs,Estudiantes L.P.,1,0,H,2.24,3.3,3.53,2.37,3.35,3.6,2.29,3.16,3.25,,,,,,,17,10,3,2,12,8,7,1
ARG,Liga Profesional,2022,19/08/2022,01:30,Banfield,Racing Club,0,2,A,3.35,3.15,2.4,3.46,3.25,2.42,3.18,3.1,2.36,,,,,,,19,11,8,6,13,14,2,4
ARG,Liga Profesional,2022,20/08/2022,22:00,Colon Santa Fe,Tigre,2,1,H,2.77,3.19,2.79,2.88,3.45,2.85,2.68,3.18,2.68,,,,,,,12,18,5,9,15,6,4,8
ARG,Liga Profesional,2022,21/08/2022,00:30,Huracan,Newells Old Boys,1,0,H,2.05,3.1,4.48,2.05,3.24,4.6,1.99,3.08,4.27,,,,,,,13,18,4,4,10,14,5,2
ARG,Liga Profesional,2022,21/08/2022,17:00,Lanus,Arsenal Sarandi,1,0,H,2.12,3.2,4.01,2.23,3.4,4.01,2.14,3.14,3.63,,,,,,,13,4,4,2,17,12,4,2
ARG,Liga Profesional,2022,21/08/2022,19:30,Godoy Cruz,Independiente,1,1,D,2.16,3.27,3.76,2.19,3.53,4.1,2.08,3.27,3.69,,,,,,,11,12,5,2,9,9,5,5
ARG,Liga Profesional,2022,21/08/2022,22:00,River Plate,Central Cordoba,3,0,H,1.34,5.6,8.89,1.38,5.8,9,1.34,5.26,8.2,,,,,,,15,9,4,4,11,6,9,3
ARG,Liga Profesional,2022,22/08/2022,00:30,Defensa y Justicia,Boca Juniors,0,1,A,3.05,2.99,2.7,3.06,3.19,2.78,2.91,3,2.62,,,,,,,15,6,2,2,6,11,5,4
ARG,Liga Profesional,2022,22/08/2022,20:30,Estudiantes L.P.,Union de Santa Fe,1,0,H,2.07,3.39,3.91,2.13,3.57,3.91,2.06,3.35,3.63,,,,,,,11,12,6,1,9,16,2,1
ARG,Liga Profesional,2022,22/08/2022,20:30,Rosario Central,Banfield,0,1,A,2.42,2.86,3.7,2.45,3.05,3.7,2.36,2.89,3.43,,,,,,,13,4,3,1,15,11,7,3
ARG,Liga Profesional,2022,22/08/2022,23:00,Racing Club,San Lorenzo,1,2,A,1.82,3.57,4.84,1.9,3.69,4.9,1.83,3.49,4.38,,,,,,,6,10,1,6,8,12,1,3
ARG,Liga Profesional,2022,23/08/2022,01:30,Platense,Talleres Cordoba,0,0,D,3.07,2.74,2.92,3.1,2.88,2.92,2.95,2.74,2.8,,,,,,,15,15,4,2,10,11,4,4
ARG,Liga Profesional,2022,23/08/2022,01:30,Velez Sarsfield,Sarmiento Junin,1,1,D,1.71,3.68,5.54,1.85,3.75,5.54,1.73,3.51,5.11,,,,,,,22,9,6,3,13,15,15,2
ARG,Liga Profesional,2022,23/08/2022,23:00,Patronato,Argentinos Jrs,0,0,D,3.18,3.25,2.43,3.2,3.28,2.53,3.02,3.12,2.43,,,,,,,14,6,5,1,14,11,6,1
ARG,Liga Profesional,2022,24/08/2022,01:30,Atl. Tucuman,Barracas Central,4,0,H,1.61,3.77,6.6,1.66,3.85,7.01,1.6,3.68,6.05,,,,,,,15,15,7,2,15,14,5,8
ARG,Liga Profesional,2022,24/08/2022,01:30,Gimnasia L.P.,Aldosivi,0,0,D,1.76,3.62,5.17,1.8,3.62,5.46,1.75,3.51,4.86,,,,,,,10,8,2,3,9,15,5,8
ARG,Liga Profesional,2022,26/08/2022,22:00,Central Cordoba,Lanus,2,2,D,2.36,3.28,3.26,2.45,3.39,3.31,2.33,3.17,3.14,,,,,,,12,17,2,5,13,12,3,7
ARG,Liga Profesional,2022,27/08/2022,01:00,Arsenal Sarandi,Huracan,1,1,D,3.97,3.01,2.22,3.97,3.14,2.33,3.55,2.98,2.24,,,,,,,8,21,4,4,12,8,3,6
ARG,Liga Profesional,2022,27/08/2022,17:00,San Lorenzo,Rosario Central,1,1,D,2.05,3.11,4.42,2.06,3.38,4.6,1.97,3.17,4.21,,,,,,,7,6,2,3,21,16,6,3
ARG,Liga Profesional,2022,27/08/2022,19:30,Banfield,Defensa y Justicia,1,2,A,2.26,3.12,3.71,2.49,3.3,3.71,2.29,3.08,3.34,,,,,,,21,8,8,3,14,10,5,1
ARG,Liga Profesional,2022,27/08/2022,19:30,Newells Old Boys,Godoy Cruz,1,2,A,2.67,3.04,3.04,2.7,3.18,3.05,2.59,3.05,2.89,,,,,,,7,19,2,5,13,12,1,3
ARG,Liga Profesional,2022,27/08/2022,22:00,Argentinos Jrs,Platense,0,2,A,1.93,3.11,5.09,1.98,3.25,5.13,1.91,3.1,4.64,,,,,,,12,8,3,3,16,13,4,2
ARG,Liga Profesional,2022,27/08/2022,22:00,Talleres Cordoba,Racing Club,1,1,D,2.59,3.13,3.06,2.7,3.22,3.06,2.56,3.08,2.88,,,,,,,8,17,2,6,15,7,7,7
ARG,Liga Profesional,2022,28/08/2022,00:30,Tigre,River Plate,1,1,D,3.42,3.36,2.26,3.59,3.48,2.28,3.22,3.35,2.22,,,,,,,12,8,2,2,15,9,4,2
ARG,Liga Profesional,2022,28/08/2022,17:00,Barracas Central,Colon Santa Fe,1,0,H,3.25,3.24,2.4,3.29,3.53,2.47,3.03,3.24,2.38,,,,,,,0,7,0,1,0,16,0,1
ARG,Liga Profesional,2022,28/08/2022,17:00,Sarmiento Junin,Gimnasia L.P.,0,0,D,2.75,2.94,3.04,2.81,3.11,3.05,2.67,2.91,2.92,,,,,,,11,10,2,3,15,9,4,1
ARG,Liga Profesional,2022,28/08/2022,19:30,Independiente,Velez Sarsfield,1,1,D,2.25,2.96,3.96,2.32,3.13,3.96,2.23,2.92,3.71,,,,,,,9,10,3,2,8,10,5,4
ARG,Liga Profesional,2022,28/08/2022,22:00,Boca Juniors,Atl. Tucuman,2,1,H,2.01,3.15,4.53,2.08,3.31,5.08,1.98,3.11,4.25,,,,,,,13,13,4,5,5,8,6,3
ARG,Liga Profesional,2022,29/08/2022,00:30,Estudiantes L.P.,Patronato,1,0,H,2.01,3.36,4.16,2.06,3.54,4.2,2,3.35,3.83,,,,,,,11,17,3,1,8,10,2,6
ARG,Liga Profesional,2022,29/08/2022,00:30,Union de Santa Fe,Aldosivi,0,0,D,1.7,3.69,5.62,1.74,3.85,6.45,1.68,3.63,5.28,,,,,,,11,6,2,1,14,16,9,3
ARG,Liga Profesional,2022,02/09/2022,00:00,Huracan,Central Cordoba,2,0,H,1.43,4.49,8.62,1.54,4.5,8.62,1.46,4.22,7.15,,,,,,,14,3,5,1,15,14,8,0
ARG,Liga Profesional,2022,03/09/2022,16:00,Lanus,Tigre,1,2,A,2.68,3.09,2.97,2.95,3.32,2.97,2.67,3.1,2.72,,,,,,,9,20,3,8,12,17,4,6
ARG,Liga Profesional,2022,03/09/2022,17:00,Rosario Central,Talleres Cordoba,1,0,H,2.52,3.02,3.27,2.6,3.2,3.28,2.47,2.99,3.12,,,,,,,8,11,6,1,18,10,2,6
ARG,Liga Profesional,2022,03/09/2022,19:30,Aldosivi,Sarmiento Junin,1,2,A,2.82,3.05,2.85,2.82,3.26,2.9,2.66,3.07,2.77,,,,,,,15,9,3,3,10,13,6,6
ARG,Liga Profesional,2022,03/09/2022,19:30,Velez Sarsfield,Newells Old Boys,0,1,A,1.88,3.43,4.74,2,3.5,5,1.83,3.38,4.54,,,,,,,20,12,9,4,13,11,5,3
ARG,Liga Profesional,2022,03/09/2022,22:00,Racing Club,Argentinos Jrs,1,0,H,2.11,3.25,3.98,2.12,3.34,4.1,2.06,3.22,3.77,,,,,,,19,10,7,1,20,9,4,3
ARG,Liga Profesional,2022,04/09/2022,00:30,Gimnasia L.P.,Independiente,3,1,H,2.82,3,2.9,2.83,3.03,3.06,2.72,2.9,2.85,,,,,,,18,8,6,3,15,11,5,7
ARG,Liga Profesional,2022,04/09/2022,19:30,Patronato,Union de Santa Fe,0,0,D,2.36,3.22,3.34,2.36,3.32,3.4,2.28,3.2,3.23,,,,,,,8,21,3,8,16,6,3,5
ARG,Liga Profesional,2022,04/09/2022,19:30,Platense,Estudiantes L.P.,0,0,D,2.67,2.97,3.12,2.7,3.16,3.15,2.56,2.97,2.98,,,,,,,19,11,6,3,10,18,4,4
ARG,Liga Profesional,2022,04/09/2022,22:00,Colon Santa Fe,Boca Juniors,1,2,A,2.88,3.14,2.72,2.95,3.33,2.75,2.83,3.11,2.59,,,,,,,17,9,7,7,7,15,5,2
ARG,Liga Profesional,2022,05/09/2022,00:30,River Plate,Barracas Central,2,0,H,1.23,6.25,15,1.26,6.6,15,1.22,6.1,12.6,,,,,,,15,9,4,0,17,9,11,3
ARG,Liga Profesional,2022,05/09/2022,23:00,Defensa y Justicia,San Lorenzo,0,0,D,2.87,2.88,2.97,2.87,3.02,2.97,2.76,2.87,2.85,,,,,,,10,11,2,3,18,5,4,7
ARG,Liga Profesional,2022,05/09/2022,23:00,Godoy Cruz,Arsenal Sarandi,1,0,H,1.7,3.63,5.73,1.75,3.73,5.73,1.7,3.57,5.2,,,,,,,7,20,1,3,13,9,0,10
ARG,Liga Profesional,2022,06/09/2022,01:30,Atl. Tucuman,Banfield,0,0,D,1.85,3.34,5.12,1.97,3.34,5.15,1.86,3.17,4.68,,,,,,,23,6,5,1,8,14,8,0
ARG,Liga Profesional,2022,08/09/2022,22:00,Independiente,Aldosivi,3,0,H,1.66,3.59,6.41,1.67,3.75,6.6,1.62,3.6,6.11,,,,,,,19,5,7,1,17,10,3,2
ARG,Liga Profesional,2022,09/09/2022,00:30,Argentinos Jrs,Rosario Central,2,1,H,2.02,3.12,4.56,2.1,3.22,4.6,2.01,3.08,4.14,,,,,,,16,12,6,4,10,15,6,4
ARG,Liga Profesional,2022,09/09/2022,00:30,Union de Santa Fe,Sarmiento Junin,1,0,H,1.93,3.46,4.38,2,3.5,4.4,1.93,3.33,4.09,,,,,,,17,8,6,2,7,10,10,3
ARG,Liga Profesional,2022,09/09/2022,19:30,Barracas Central,Lanus,2,0,H,3.08,3.06,2.62,3.21,3.24,2.62,2.96,3.06,2.51,,,,,,,6,15,4,4,11,7,1,7
ARG,Liga Profesional,2022,09/09/2022,22:00,Patronato,Platense,1,0,H,2.44,3.03,3.41,2.47,3.15,3.42,2.37,3.02,3.24,,,,,,,11,9,2,4,22,12,8,4
ARG,Liga Profesional,2022,10/09/2022,00:30,Estudiantes L.P.,Racing Club,1,0,H,3.04,3.2,2.56,3.04,3.3,2.7,2.89,3.15,2.51,,,,,,,16,7,3,0,14,12,6,2
ARG,Liga Profesional,2022,10/09/2022,00:30,Tigre,Huracan,1,1,D,2.71,2.91,3.12,2.9,3.09,3.12,2.69,2.91,2.9,,,,,,,14,9,3,3,10,11,7,7
ARG,Liga Profesional,2022,10/09/2022,19:30,Central Cordoba,Godoy Cruz,3,0,H,2.9,3.24,2.63,3.08,3.39,2.63,2.86,3.21,2.49,,,,,,,20,14,9,2,14,9,8,6
ARG,Liga Profesional,2022,10/09/2022,22:00,San Lorenzo,Atl. Tucuman,1,1,D,2.55,2.93,3.34,2.55,3.1,3.45,2.46,2.94,3.19,,,,,,,17,5,5,2,15,12,4,2
ARG,Liga Profesional,2022,11/09/2022,00:30,Banfield,Colon Santa Fe,2,1,H,2.27,3.13,3.67,2.34,3.26,3.67,2.25,3.1,3.39,,,,,,,,,,,,,,
ARG,Liga Profesional,2022,11/09/2022,17:00,Arsenal Sarandi,Velez Sarsfield,2,2,D,3.46,3.01,2.43,3.46,3.18,2.56,3.16,2.98,2.44,,,,,,,18,9,8,4,8,13,4,3
ARG,Liga Profesional,2022,11/09/2022,17:00,Newells Old Boys,Gimnasia L.P.,2,0,H,2.8,2.96,2.96,2.83,3.16,2.96,2.7,2.94,2.85,,,,,,,15,20,5,5,19,8,3,4
ARG,Liga Profesional,2022,11/09/2022,21:00,Boca Juniors,River Plate,1,0,H,3.68,3.03,2.31,3.75,3.18,2.35,3.47,3,2.27,,,,,,,10,10,2,2,21,11,4,3
ARG,Liga Profesional,2022,12/09/2022,00:00,Talleres Cordoba,Defensa y Justicia,1,0,H,1.93,3.31,4.65,2.03,3.4,4.7,1.92,3.26,4.3,,,,,,,15,9,7,2,13,8,4,5
ARG,Liga Profesional,2022,12/09/2022,21:00,Sarmiento Junin,Independiente,1,2,A,3.12,2.92,2.71,3.12,3.06,2.71,2.97,2.9,2.62,,,,,,,9,15,2,4,5,10,3,10
ARG,Liga Profesional,2022,13/09/2022,23:00,Godoy Cruz,Tigre,1,1,D,2.29,3.25,3.46,2.35,3.38,3.46,2.25,3.19,3.25,,,,,,,20,8,4,3,10,10,8,3
ARG,Liga Profesional,2022,13/09/2022,23:00,Huracan,Barracas Central,1,1,D,1.53,4.09,7.21,1.54,4.2,7.3,1.5,4.01,6.75,,,,,,,17,8,7,2,16,15,6,5
ARG,Liga Profesional,2022,14/09/2022,01:30,Platense,Union de Santa Fe,1,0,H,2.63,2.88,3.27,2.7,3.1,3.28,2.54,2.91,3.05,,,,,,,,,,,,,,
ARG,Liga Profesional,2022,14/09/2022,01:30,Racing Club,Patronato,1,0,H,1.65,3.83,5.98,1.8,4.1,6,1.64,3.81,5.24,,,,,,,12,19,5,7,9,22,10,6
ARG,Liga Profesional,2022,14/09/2022,18:00,Aldosivi,Newells Old Boys,1,2,A,2.68,3.12,2.94,3.31,3.33,2.94,2.64,3.09,2.79,,,,,,,,,,,,,,
ARG,Liga Profesional,2022,14/09/2022,20:30,Colon Santa Fe,San Lorenzo,0,0,D,2.99,3.03,2.72,2.99,3.29,2.75,2.83,3.02,2.64,,,,,,,9,11,3,3,15,18,2,3
ARG,Liga Profesional,2022,14/09/2022,23:00,River Plate,Banfield,1,2,A,1.45,4.47,8,1.45,4.7,9.22,1.41,4.38,7.99,,,,,,,23,10,8,4,4,14,15,2
ARG,Liga Profesional,2022,15/09/2022,01:30,Lanus,Boca Juniors,0,1,A,3.6,2.76,2.55,3.9,3,2.57,3.35,2.78,2.48,,,,,,,14,5,4,2,14,15,5,3
ARG,Liga Profesional,2022,15/09/2022,23:00,Defensa y Justicia,Argentinos Jrs,2,1,H,3.11,2.82,2.8,3.24,2.99,2.81,3,2.83,2.66,,,,,,,12,10,5,2,7,15,3,5
ARG,Liga Profesional,2022,15/09/2022,23:00,Rosario Central,Estudiantes L.P.,1,1,D,2.64,2.95,3.18,2.73,3.06,3.18,2.59,2.92,3,,,,,,,18,13,3,4,9,10,10,6
ARG,Liga Profesional,2022,16/09/2022,01:30,Atl. Tucuman,Talleres Cordoba,1,1,D,2.11,3.15,4.13,2.16,3.28,4.3,2.06,3.15,3.86,,,,,,,16,14,6,3,13,16,8,3
ARG,Liga Profesional,2022,16/09/2022,01:30,Gimnasia L.P.,Arsenal Sarandi,2,0,H,2.31,2.99,3.77,2.32,3.14,3.88,2.23,3.01,3.56,,,,,,,15,11,8,3,8,14,4,5
ARG,Liga Profesional,2022,17/09/2022,19:30,Barracas Central,Godoy Cruz,3,1,H,3.17,3.12,2.52,3.17,3.2,2.59,3,3.05,2.51,,,,,,,18,15,11,5,10,16,10,8
ARG,Liga Profesional,2022,18/09/2022,00:30,Newells Old Boys,Sarmiento Junin,0,1,A,2.18,3.28,3.69,2.23,3.44,3.75,2.16,3.17,3.54,,,,,,,19,6,6,2,12,14,9,3
ARG,Liga Profesional,2022,18/09/2022,17:00,Tigre,Velez Sarsfield,2,0,H,2.1,3.29,3.96,2.1,3.46,4.1,2.03,3.28,3.79,,,,,,,16,8,5,2,12,15,4,0
ARG,Liga Profesional,2022,18/09/2022,19:30,San Lorenzo,River Plate,0,1,A,3.59,3.21,2.25,3.85,3.26,2.31,3.47,3.07,2.24,,,,,,,10,11,2,2,16,7,6,6
ARG,Liga Profesional,2022,18/09/2022,22:00,Banfield,Lanus,1,2,A,2.33,2.93,3.79,2.35,3.14,3.93,2.29,2.93,3.56,,,,,,,7,12,2,5,18,9,1,6
ARG,Liga Profesional,2022,19/09/2022,00:30,Platense,Racing Club,0,1,A,3.47,2.95,2.46,3.67,3.04,2.49,3.33,2.91,2.4,,,,,,,11,8,3,3,21,14,4,1
ARG,Liga Profesional,2022,19/09/2022,00:30,Talleres Cordoba,Colon Santa Fe,2,0,H,2.17,3.3,3.69,2.17,3.56,4.4,2.07,3.31,3.66,,,,,,,11,16,3,4,12,9,4,6
ARG,Liga Profesional,2022,19/09/2022,20:30,Arsenal Sarandi,Aldosivi,3,0,H,1.76,3.4,5.75,1.79,3.54,5.8,1.75,3.38,5.19,,,,,,,18,9,8,2,11,15,2,2
ARG,Liga Profesional,2022,19/09/2022,23:00,Boca Juniors,Huracan,0,0,D,2.57,2.9,3.35,2.6,3,3.88,2.51,2.86,3.21,,,,,,,9,6,2,1,16,18,1,3
ARG,Liga Profesional,2022,19/09/2022,23:00,Union de Santa Fe,Independiente,0,1,A,2.69,2.91,3.16,2.86,3.08,3.16,2.61,2.93,2.97,,,,,,,13,9,3,4,12,17,5,3
ARG,Liga Profesional,2022,20/09/2022,01:30,Argentinos Jrs,Atl. Tucuman,1,2,A,2.3,2.99,3.78,2.34,3.14,3.79,2.27,2.98,3.5,,,,,,,20,5,4,2,16,10,8,3
ARG,Liga Profesional,2022,20/09/2022,01:30,Estudiantes L.P.,Defensa y Justicia,1,2,A,1.92,3.31,4.71,2,3.53,4.71,1.93,3.25,4.31,,,,,,,25,8,8,3,9,15,13,2
ARG,Liga Profesional,2022,20/09/2022,22:00,Patronato,Rosario Central,0,0,D,2.22,3.16,3.76,2.3,3.24,3.91,2.23,3.1,3.44,,,,,,,9,14,4,3,16,12,7,4
ARG,Liga Profesional,2022,21/09/2022,00:30,Central Cordoba,Gimnasia L.P.,1,0,H,2.73,3.16,2.86,2.95,3.33,2.86,2.7,3.1,2.72,,,,,,,11,11,1,2,12,7,4,7
ARG,Liga Profesional,2022,23/09/2022,23:00,Godoy Cruz,Boca Juniors,0,1,A,2.43,2.96,3.51,2.75,3.17,3.51,2.45,2.96,3.19,,,,,,,13,15,3,3,9,14,1,8
ARG,Liga Profesional,2022,23/09/2022,23:00,Huracan,Banfield,3,1,H,1.95,3.21,4.72,2,3.29,4.91,1.94,3.13,4.45,,,,,,,19,10,10,2,11,12,5,6
ARG,Liga Profesional,2022,24/09/2022,17:00,Defensa y Justicia,Patronato,2,1,H,2.21,3.28,3.61,2.33,3.57,3.61,2.22,3.24,3.31,,,,,,,18,20,9,6,11,18,5,3
ARG,Liga Profesional,2022,24/09/2022,17:00,Sarmiento Junin,Arsenal Sarandi,2,0,H,2.63,2.97,3.17,2.67,3.14,3.17,2.58,2.95,2.97,,,,,,,14,13,6,1,9,12,4,7
ARG,Liga Profesional,2022,24/09/2022,19:30,Lanus,San Lorenzo,2,0,H,3.18,2.73,2.84,3.18,2.95,2.86,2.96,2.78,2.75,,,,,,,13,11,5,5,14,10,2,5
ARG,Liga Profesional,2022,24/09/2022,22:00,River Plate,Talleres Cordoba,0,1,A,1.58,4.03,6.35,1.64,4.1,6.4,1.58,3.93,5.84,,,,,,,13,16,2,8,16,12,5,6
ARG,Liga Profesional,2022,25/09/2022,00:30,Independiente,Newells Old Boys,1,0,H,2.16,3.06,4.12,2.3,3.15,4.12,2.14,3,3.84,,,,,,,19,6,7,1,17,10,4,2
ARG,Liga Profesional,2022,25/09/2022,19:30,Gimnasia L.P.,Tigre,0,1,A,2.68,3.18,2.9,2.69,3.3,3.06,2.59,3.12,2.82,,,,,,,12,12,2,2,7,6,2,8
ARG,Liga Profesional,2022,25/09/2022,19:30,Rosario Central,Platense,1,1,D,2.41,2.88,3.69,2.42,3.02,3.79,2.31,2.85,3.58,,,,,,,22,7,6,2,21,10,13,6
ARG,Liga Profesional,2022,25/09/2022,22:00,Racing Club,Union de Santa Fe,2,1,H,1.76,3.65,5.11,1.84,3.76,5.16,1.79,3.56,4.5,,,,,,,12,16,4,5,12,7,4,9
ARG,Liga Profesional,2022,26/09/2022,00:30,Atl. Tucuman,Estudiantes L.P.,3,1,H,2.52,3,3.31,2.53,3.12,3.54,2.44,2.97,3.19,,,,,,,10,13,5,3,14,8,4,2
ARG,Liga Profesional,2022,26/09/2022,00:30,Velez Sarsfield,Barracas Central,1,0,H,1.88,3.56,4.49,1.95,3.69,4.7,1.86,3.44,4.28,,,,,,,12,7,4,3,15,12,8,4
ARG,Liga Profesional,2022,26/09/2022,21:00,Aldosivi,Central Cordoba,0,3,A,2.87,3.23,2.71,3.01,3.33,2.75,2.77,3.14,2.63,,,,,,,9,10,2,5,15,12,4,4
ARG,Liga Profesional,2022,26/09/2022,21:00,Colon Santa Fe,Argentinos Jrs,0,4,A,3.47,3.29,2.29,3.57,3.37,2.38,3.29,3.17,2.27,,,,,,,10,10,6,7,10,12,2,3
ARG,Liga Profesional,2022,29/09/2022,19:30,Barracas Central,Gimnasia L.P.,1,1,D,2.89,3.09,2.79,2.89,3.18,2.85,2.71,3.04,2.77,,,,,,,16,20,5,5,9,16,3,6
ARG,Liga Profesional,2022,30/09/2022,23:00,Estudiantes L.P.,Colon Santa Fe,2,4,A,1.74,3.71,5.41,1.81,3.86,5.95,1.71,3.68,4.92,,,,,,,18,13,10,5,12,16,6,3
ARG,Liga Profesional,2022,30/09/2022,23:00,Tigre,Aldosivi,3,0,H,1.32,5.37,11.67,1.37,5.5,11.67,1.3,5.15,10.02,,,,,,,22,3,9,1,11,17,9,1
ARG,Liga Profesional,2022,01/10/2022,01:30,Racing Club,Rosario Central,4,3,H,1.63,3.82,6.5,1.67,3.88,6.64,1.6,3.71,5.98,,,,,,,25,11,10,5,8,7,14,2
ARG,Liga Profesional,2022,01/10/2022,01:30,Union de Santa Fe,Newells Old Boys,0,1,A,2.36,3.25,3.37,2.36,3.35,3.78,2.24,3.19,3.32,,,,,,,16,10,1,3,10,12,7,5
ARG,Liga Profesional,2022,01/10/2022,17:00,Central Cordoba,Sarmiento Junin,0,0,D,2.3,3.08,3.61,2.3,3.31,3.73,2.22,3.1,3.43,,,,,,,14,13,4,5,11,13,6,6
ARG,Liga Profesional,2022,01/10/2022,17:00,Platense,Defensa y Justicia,0,0,D,2.48,2.95,3.39,2.5,3.19,3.45,2.39,2.99,3.23,,,,,,,15,8,3,0,9,11,6,2
ARG,Liga Profesional,2022,01/10/2022,19:30,San Lorenzo,Huracan,1,0,H,2.95,2.65,3.12,3,2.96,3.14,2.8,2.73,2.96,,,,,,,7,7,3,4,16,11,2,3
ARG,Liga Profesional,2022,01/10/2022,22:00,Banfield,Godoy Cruz,1,1,D,2.33,3.09,3.51,2.4,3.33,3.51,2.3,3.1,3.28,,,,,,,20,13,5,4,5,11,8,5
ARG,Liga Profesional,2022,02/10/2022,00:30,Arsenal Sarandi,Independiente,0,1,A,2.98,2.89,2.82,3.04,3.07,2.95,2.82,2.91,2.75,,,,,,,14,9,5,2,9,13,7,1
ARG,Liga Profesional,2022,02/10/2022,19:30,Patronato,Atl. Tucuman,2,1,H,2.48,3.25,3.16,2.66,3.43,3.16,2.49,3.16,2.93,,,,,,,18,13,6,5,16,10,4,4
ARG,Liga Profesional,2022,02/10/2022,22:00,Boca Juniors,Velez Sarsfield,1,0,H,2.1,3.07,4.43,2.14,3.26,4.43,2.05,3.05,4.07,,,,,,,6,15,5,6,12,17,1,5
ARG,Liga Profesional,2022,02/10/2022,22:30,Talleres Cordoba,Lanus,0,1,A,2.06,3.11,4.51,2.08,3.35,4.51,2.01,3.15,4.06,,,,,,,13,8,1,5,11,15,3,2
ARG,Liga Profesional,2022,03/10/2022,00:30,Argentinos Jrs,River Plate,0,3,A,3.37,3.11,2.44,3.62,3.16,2.49,3.18,3.05,2.39,,,,,,,13,11,3,4,11,20,3,5
ARG,Liga Profesional,2022,04/10/2022,00:00,Rosario Central,Union de Santa Fe,1,1,D,2.37,3.06,3.58,2.45,3.16,3.69,2.34,3.03,3.31,,,,,,,16,9,6,5,10,15,12,4
ARG,Liga Profesional,2022,04/10/2022,18:00,Aldosivi,Barracas Central,2,0,H,3.18,3.27,2.42,3.3,3.35,2.45,3.06,3.23,2.36,,,,,,,6,13,3,3,16,9,1,5
ARG,Liga Profesional,2022,04/10/2022,20:30,Godoy Cruz,San Lorenzo,0,0,D,2.55,2.97,3.29,2.61,3.08,3.38,2.46,2.95,3.18,,,,,,,14,5,2,1,12,10,4,0
ARG,Liga Profesional,2022,04/10/2022,20:30,Newells Old Boys,Arsenal Sarandi,0,0,D,2.15,3.08,4.11,2.18,3.28,4.11,2.12,3.07,3.81,,,,,,,12,2,1,0,11,21,4,4
ARG,Liga Profesional,2022,04/10/2022,23:00,Sarmiento Junin,Tigre,2,2,D,3.63,3.26,2.21,3.66,3.44,2.3,3.32,3.2,2.24,,,,,,,17,22,8,5,13,12,6,5
ARG,Liga Profesional,2022,05/10/2022,01:30,Velez Sarsfield,Banfield,1,0,H,2.51,3.1,3.2,2.51,3.25,3.28,2.41,3.06,3.14,,,,,,,13,6,3,0,14,16,4,1
ARG,Liga Profesional,2022,05/10/2022,20:30,Colon Santa Fe,Patronato,1,0,H,2.25,3.43,3.36,2.38,3.57,3.36,2.25,3.39,3.11,,,,,,,12,19,2,6,12,16,3,3
ARG,Liga Profesional,2022,05/10/2022,23:00,Atl. Tucuman,Platense,2,1,H,1.93,3.22,4.9,2.1,3.26,4.9,1.96,3.11,4.39,,,,,,,8,5,4,1,9,18,3,2
ARG,Liga Profesional,2022,05/10/2022,23:00,Defensa y Justicia,Racing Club,3,3,D,3.16,3.24,2.45,3.36,3.46,2.47,3.01,3.22,2.39,,,,,,,14,25,6,9,12,6,3,10
ARG,Liga Profesional,2022,06/10/2022,01:30,Independiente,Central Cordoba,1,2,A,2.04,3.15,4.42,2.08,3.25,4.62,2.01,3.11,4.15,,,,,,,25,10,4,4,7,8,6,3
ARG,Liga Profesional,2022,06/10/2022,01:30,River Plate,Estudiantes L.P.,5,0,H,1.5,4.32,7.16,1.55,4.39,7.16,1.5,4.19,6.43,,,,,,,17,11,7,4,19,6,7,3
ARG,Liga Profesional,2022,06/10/2022,23:00,Huracan,Talleres Cordoba,1,0,H,1.62,3.61,6.98,1.7,3.61,7,1.64,3.46,6.16,,,,,,,13,7,3,3,15,11,4,3
ARG,Liga Profesional,2022,06/10/2022,23:00,Lanus,Argentinos Jrs,0,4,A,3.29,2.83,2.66,3.51,3.01,2.7,3.17,2.82,2.56,,,,,,,7,15,2,13,11,11,3,2
ARG,Liga Profesional,2022,08/10/2022,17:00,Barracas Central,Sarmiento Junin,1,1,D,2.65,3.15,2.96,2.65,3.23,3.25,2.51,3.11,2.93,,,,,,,18,9,6,1,5,11,6,4
ARG,Liga Profesional,2022,08/10/2022,20:00,San Lorenzo,Velez Sarsfield,1,0,H,2.51,2.84,3.53,2.7,2.93,3.62,2.46,2.8,3.37,,,,,,,14,7,3,3,10,18,4,2
ARG,Liga Profesional,2022,08/10/2022,22:15,Union de Santa Fe,Arsenal Sarandi,1,0,H,2.25,3.02,3.91,2.25,3.18,3.91,2.2,3.03,3.65,,,,,,,12,6,4,0,18,10,9,2
ARG,Liga Profesional,2022,09/10/2022,00:30,Platense,Colon Santa Fe,1,2,A,2.4,3.08,3.42,2.57,3.28,4,2.32,3.14,3.23,,,,,,,13,8,2,3,7,9,7,4
ARG,Liga Profesional,2022,09/10/2022,17:00,Tigre,Independiente,2,1,H,2.12,3.18,4.03,2.12,3.28,4.1,2.06,3.17,3.85,,,,,,,15,7,6,2,9,13,7,2
ARG,Liga Profesional,2022,09/10/2022,19:30,Banfield,Gimnasia L.P.,0,2,A,2.94,3.04,2.71,2.95,3.18,2.94,2.83,2.97,2.69,,,,,,,18,15,5,6,9,11,8,2
ARG,Liga Profesional,2022,09/10/2022,19:30,Talleres Cordoba,Godoy Cruz,3,1,H,2.15,3.31,3.74,2.23,3.37,3.8,2.15,3.19,3.56,,,,,,,15,11,5,4,7,7,3,5
ARG,Liga Profesional,2022,09/10/2022,22:00,Boca Juniors,Aldosivi,2,1,H,1.32,5.17,11.62,1.35,5.25,11.9,1.31,4.93,10.59,,,,,,,14,8,6,2,9,13,2,7
ARG,Liga Profesional,2022,10/10/2022,00:30,Patronato,River Plate,0,1,A,4.58,3.91,1.78,4.75,4.08,1.83,4.34,3.79,1.77,,,,,,,20,17,5,2,16,5,11,6
ARG,Liga Profesional,2022,10/10/2022,20:30,Argentinos Jrs,Huracan,1,1,D,2.8,2.78,3.16,2.8,2.85,3.2,2.71,2.72,3.06,,,,,,,13,8,4,4,12,11,3,4
ARG,Liga Profesional,2022,10/10/2022,20:30,Rosario Central,Defensa y Justicia,0,0,D,1.88,3.47,4.62,2.08,3.5,4.62,1.94,3.34,4.06,,,,,,,17,7,6,3,8,14,11,3
ARG,Liga Profesional,2022,10/10/2022,23:00,Estudiantes L.P.,Lanus,3,1,H,2.06,3.22,4.17,2.1,3.45,4.87,1.98,3.27,4.03,,,,,,,15,13,3,7,12,10,0,4
ARG,Liga Profesional,2022,10/10/2022,23:00,Racing Club,Atl. Tucuman,2,0,H,1.97,3.53,4.11,2.03,3.59,4.2,1.95,3.41,3.92,,,,,,,18,10,7,0,11,15,4,5
ARG,Liga Profesional,2022,11/10/2022,01:30,Central Cordoba,Newells Old Boys,0,3,A,2.77,2.99,2.96,2.84,3.02,3.35,2.61,2.93,2.99,,,,,,,9,16,2,4,8,10,4,5
ARG,Liga Profesional,2022,12/10/2022,18:00,Aldosivi,Banfield,0,1,A,3.02,3.17,2.59,3.02,3.31,2.79,2.86,3.12,2.56,,,,,,,16,8,4,3,12,15,3,4
ARG,Liga Profesional,2022,12/10/2022,20:30,Sarmiento Junin,Boca Juniors,0,1,A,4.09,3.1,2.14,4.37,3.21,2.2,3.8,3.01,2.14,,,,,,,10,17,6,7,14,14,9,6
ARG,Liga Profesional,2022,12/10/2022,20:30,Gimnasia L.P.,San Lorenzo,0,1,A,2.74,2.8,3.22,2.74,3,3.57,2.6,2.75,3.19,,,,,,,11,10,2,2,12,15,8,5
ARG,Liga Profesional,2022,12/10/2022,23:00,Independiente,Barracas Central,2,2,D,1.78,3.35,5.65,1.9,3.51,5.65,1.81,3.27,4.9,,,,,,,21,10,7,5,7,4,7,5
ARG,Liga Profesional,2022,13/10/2022,01:30,River Plate,Platense,2,1,H,1.38,4.9,9.22,1.4,5.09,10,1.36,4.77,8.63,,,,,,,18,9,6,3,12,18,6,2
ARG,Liga Profesional,2022,13/10/2022,20:30,Velez Sarsfield,Talleres Cordoba,2,1,H,2.27,2.94,3.93,2.3,3.11,4,2.24,2.94,3.66,,,,,,,12,13,3,9,15,12,4,8
ARG,Liga Profesional,2022,13/10/2022,23:00,Godoy Cruz,Argentinos Jrs,0,0,D,3.25,2.98,2.57,3.35,3.2,2.65,3.1,2.96,2.49,,,,,,,10,18,1,5,10,13,5,7
ARG,Liga Profesional,2022,13/10/2022,23:00,Lanus,Patronato,0,1,A,2.2,3.29,3.64,2.3,3.35,3.75,2.2,3.24,3.36,,,,,,,15,11,6,4,15,17,5,5
ARG,Liga Profesional,2022,14/10/2022,01:30,Atl. Tucuman,Rosario Central,1,1,D,1.83,3.41,5.06,1.9,3.49,5.25,1.84,3.35,4.55,,,,,,,14,5,4,2,12,18,5,4
ARG,Liga Profesional,2022,14/10/2022,01:30,Newells Old Boys,Tigre,0,2,A,3.67,3.11,2.27,3.7,3.3,2.45,3.36,3.08,2.27,,,,,,,21,7,13,3,12,12,3,2
ARG,Liga Profesional,2022,14/10/2022,20:30,Colon Santa Fe,Racing Club,0,2,A,3.29,3.67,2.19,3.35,3.85,2.2,3.2,3.61,2.13,,,,,,,8,18,2,7,8,7,2,3
ARG,Liga Profesional,2022,14/10/2022,23:00,Huracan,Estudiantes L.P.,3,1,H,1.78,3.43,5.45,1.87,3.44,5.64,1.79,3.31,5,,,,,,,16,9,9,1,16,20,7,1
ARG,Liga Profesional,2022,14/10/2022,23:00,Defensa y Justicia,Union de Santa Fe,1,0,H,2.19,3.2,3.78,2.3,3.4,3.78,2.17,3.18,3.5,,,,,,,19,12,6,3,7,7,2,8
ARG,Liga Profesional,2022,15/10/2022,01:30,Arsenal Sarandi,Central Cordoba,2,0,H,2,3.05,4.85,2.15,3.27,4.85,2.01,3.04,4.24,,,,,,,18,5,5,2,13,8,7,1
ARG,Liga Profesional,2022,16/10/2022,17:00,Aldosivi,Talleres Cordoba,1,3,A,3.26,3.2,2.42,3.45,3.27,2.51,3.08,3.16,2.38,,,,,,,11,16,3,9,11,13,3,9
ARG,Liga Profesional,2022,16/10/2022,19:30,Newells Old Boys,Boca Juniors,2,0,H,3.04,2.77,2.92,3.4,2.92,2.92,3.04,2.76,2.71,,,,,,,10,11,4,2,18,10,0,8
ARG,Liga Profesional,2022,16/10/2022,22:00,Independiente,Banfield,1,0,H,2.12,3.16,4.06,2.17,3.26,4.06,2.1,3.05,3.88,,,,,,,12,7,4,3,11,13,5,5
ARG,Liga Profesional,2022,16/10/2022,22:00,Godoy Cruz,Patronato,0,1,A,1.93,3.63,4.15,2,3.63,4.27,1.92,3.5,3.92,,,,,,,22,9,3,3,7,15,8,2
ARG,Liga Profesional,2022,17/10/2022,00:30,River Plate,Rosario Central,1,2,A,1.51,4.34,6.95,1.51,4.7,9,1.47,4.27,6.82,,,,,,,19,6,10,4,17,16,3,2
ARG,Liga Profesional,2022,17/10/2022,18:00,Arsenal Sarandi,Barracas Central,1,2,A,2.25,3.06,3.82,2.3,3.17,3.91,2.21,3.05,3.54,,,,,,,,,,,,,,
ARG,Liga Profesional,2022,17/10/2022,19:00,Gimnasia L.P.,Argentinos Jrs,0,0,D,3.87,2.94,2.3,3.87,3.1,2.4,3.52,2.96,2.28,,,,,,,9,23,2,3,17,11,2,7
ARG,Liga Profesional,2022,17/10/2022,20:30,Velez Sarsfield,Estudiantes L.P.,4,0,H,2.28,3.19,3.55,2.32,3.25,3.8,2.27,3.14,3.32,,,,,,,17,9,9,5,10,15,4,8
ARG,Liga Profesional,2022,18/10/2022,01:30,Sarmiento Junin,San Lorenzo,2,4,A,3.31,2.95,2.55,3.55,2.98,2.58,3.25,2.86,2.48,,,,,,,16,15,4,6,10,12,4,6
ARG,Liga Profesional,2022,18/10/2022,01:30,Atl. Tucuman,Union de Santa Fe,1,1,D,1.7,3.62,5.77,1.71,3.8,7.16,1.65,3.68,5.49,,,,,,,14,16,3,5,13,11,3,6
ARG,Liga Profesional,2022,18/10/2022,20:30,Colon Santa Fe,Defensa y Justicia,1,2,A,2.34,3.51,3.12,2.4,3.51,3.16,2.33,3.4,2.97,,,,,,,32,12,9,4,5,9,9,5
ARG,Liga Profesional,2022,18/10/2022,23:00,Lanus,Racing Club,0,1,A,5.55,3.76,1.69,5.95,3.81,1.75,5.17,3.6,1.69,,,,,,,12,7,0,1,13,11,8,6
ARG,Liga Profesional,2022,19/10/2022,01:30,Huracan,Platense,2,0,H,1.65,3.58,6.66,1.65,3.65,6.75,1.63,3.5,6.19,,,,,,,10,10,5,2,8,9,7,4
ARG,Liga Profesional,2022,19/10/2022,01:30,Central Cordoba,Tigre,1,2,A,3.23,3.26,2.4,3.23,3.3,2.5,3.06,3.16,2.38,,,,,,,20,21,6,8,10,11,7,4
ARG,Liga Profesional,2022,20/10/2022,01:30,Talleres Cordoba,Union de Santa Fe,2,2,D,1.78,3.54,5.21,2,3.6,5.21,1.81,3.44,4.59,,,,,,,14,12,4,3,9,16,7,9
ARG,Liga Profesional,2022,20/10/2022,19:00,Gimnasia L.P.,Boca Juniors,1,2,A,3.13,3.03,2.61,3.7,3,2.55,3.29,2.9,2.45,,,,,,,12,8,2,7,15,12,2,1
ARG,Liga Profesional,2022,22/10/2022,18:00,Union de Santa Fe,Central Cordoba,1,4,A,1.99,3.35,4.28,2.05,3.35,4.6,1.98,3.22,4.1,,,,,,,13,8,2,5,7,12,9,3
ARG,Liga Profesional,2022,22/10/2022,20:30,Defensa y Justicia,Atl. Tucuman,3,1,H,2.89,3.16,2.7,2.89,3.22,2.78,2.73,3.13,2.65,,,,,,,12,7,6,2,7,8,6,5
ARG,Liga Profesional,2022,22/10/2022,20:30,Estudiantes L.P.,Godoy Cruz,2,0,H,1.93,3.45,4.39,1.95,3.59,4.45,1.91,3.4,4.12,,,,,,,22,5,6,3,12,16,8,2
ARG,Liga Profesional,2022,22/10/2022,20:30,San Lorenzo,Aldosivi,3,0,H,1.2,6.32,19.7,1.22,6.6,21,1.19,6.14,16.79,,,,,,,13,7,5,5,6,7,5,0
ARG,Liga Profesional,2022,22/10/2022,23:30,Argentinos Jrs,Velez Sarsfield,2,0,H,1.91,3.35,4.7,1.96,3.6,5.55,1.83,3.37,4.61,,,,,,,12,10,4,3,11,10,1,4
ARG,Liga Profesional,2022,23/10/2022,16:00,Banfield,Sarmiento Junin,0,0,D,3.01,3.21,2.57,3.09,3.3,2.65,2.92,3.16,2.5,,,,,,,10,13,2,2,10,14,11,4
ARG,Liga Profesional,2022,23/10/2022,18:30,Talleres Cordoba,Gimnasia L.P.,2,1,H,3.53,3.15,2.32,3.65,3.2,2.35,3.44,3.08,2.25,,,,,,,10,8,6,3,15,14,4,3
ARG,Liga Profesional,2022,23/10/2022,21:00,Boca Juniors,Independiente,2,2,D,1.39,4.46,10.6,1.42,4.55,11,1.38,4.27,9.48,,,,,,,10,10,6,5,15,17,6,4
ARG,Liga Profesional,2022,23/10/2022,21:00,Patronato,Huracan,3,2,H,6.17,3.96,1.58,6.65,4.14,1.6,6,3.96,1.56,,,,,,,10,17,2,5,18,7,2,3
ARG,Liga Profesional,2022,23/10/2022,21:00,Racing Club,River Plate,1,2,A,1.88,3.76,4.22,1.95,3.77,4.3,1.88,3.6,3.97,,,,,,,17,12,9,6,14,16,7,3
ARG,Liga Profesional,2022,24/10/2022,19:30,Barracas Central,Newells Old Boys,1,1,D,2.8,3.06,2.86,2.81,3.29,2.88,2.69,3.06,2.76,,,,,,,10,11,4,4,11,11,5,6
ARG,Liga Profesional,2022,24/10/2022,20:30,Rosario Central,Colon Santa Fe,1,1,D,2.23,3.46,3.38,2.26,3.57,3.4,2.19,3.38,3.23,,,,,,,15,12,4,2,8,8,10,3
ARG,Liga Profesional,2022,25/10/2022,00:30,Tigre,Arsenal Sarandi,1,4,A,1.5,4.18,7.67,1.55,4.39,8,1.46,4.11,7.45,,,,,,,18,10,12,6,9,6,4,2
ARG,Liga Profesional,2022,25/10/2022,23:00,Velez Sarsfield,Central Cordoba,3,1,H,1.95,3.49,4.22,2,3.6,4.3,1.94,3.37,3.97,,,,,,,9,12,3,3,10,7,0,6
ARG,Liga Profesional,2022,26/10/2022,00:00,Platense,Lanus,1,1,D,2.75,2.95,3.03,2.84,3.1,3.4,2.56,2.97,2.98,,,,,,,14,8,4,3,14,15,6,1
ARG,Liga Profesional,2023,27/01/2023,22:15,Rosario Central,Argentinos Jrs,1,0,H,3.3,2.93,2.57,3.36,3.11,2.57,3.16,2.93,2.47,,,,,,,6,18,4,7,16,13,3,3
ARG,Liga Profesional,2023,28/01/2023,00:30,Defensa y Justicia,Huracan,2,4,A,3.35,2.93,2.54,3.35,3.17,2.56,3.15,2.93,2.47,,,,,,,14,15,3,9,13,11,5,7
ARG,Liga Profesional,2023,28/01/2023,20:00,San Lorenzo,Arsenal Sarandi,1,0,H,1.74,3.29,6.41,1.8,3.49,6.5,1.73,3.18,5.81,,,,,,,12,10,3,4,15,15,6,3
ARG,Liga Profesional,2023,28/01/2023,22:15,Estudiantes L.P.,Tigre,1,2,A,2.71,3.15,2.89,2.78,3.33,3.12,2.54,3.12,2.87,,,,,,,17,15,4,4,12,12,8,4
ARG,Liga Profesional,2023,28/01/2023,22:15,Talleres Cordoba,Independiente,0,1,A,2.24,3.03,3.89,2.3,3.16,3.89,2.21,2.96,3.64,,,,,,,7,11,1,2,15,21,2,2
ARG,Liga Profesional,2023,29/01/2023,00:30,Central Cordoba,River Plate,0,2,A,5.55,3.72,1.72,5.66,3.91,1.73,5.07,3.63,1.7,,,,,,,10,21,4,6,12,15,6,6
ARG,Liga Profesional,2023,29/01/2023,20:00,Platense,Newells Old Boys,2,2,D,3.17,2.82,2.75,3.17,2.98,3.05,2.95,2.8,2.74,,,,,,,9,10,3,8,16,11,1,3
ARG,Liga Profesional,2023,29/01/2023,22:15,Colon Santa Fe,Lanus,1,2,A,2.42,3.07,3.41,2.45,3.32,3.46,2.36,3.1,3.17,,,,,,,11,14,1,4,13,15,5,2
ARG,Liga Profesional,2023,29/01/2023,22:15,Instituto,Sarmiento Junin,0,0,D,2.08,3.08,4.36,2.19,3.3,4.36,2.08,3.07,3.88,,,,,,,18,5,2,3,10,10,6,3
ARG,Liga Profesional,2023,29/01/2023,22:15,Racing Club,Belgrano,0,0,D,1.57,3.95,6.71,1.65,3.95,6.71,1.59,3.75,5.87,,,,,,,14,7,2,1,3,15,7,3
ARG,Liga Profesional,2023,30/01/2023,00:30,Boca Juniors,Atl. Tucuman,1,0,H,1.77,3.43,5.56,1.83,3.57,5.56,1.78,3.3,5,,,,,,,19,13,4,2,13,24,5,5
ARG,Liga Profesional,2023,30/01/2023,20:00,Barracas Central,Godoy Cruz,0,1,A,2.71,3.09,2.94,2.8,3.24,2.94,2.65,3.07,2.78,,,,,,,6,13,0,5,11,11,2,7
ARG,Liga Profesional,2023,30/01/2023,23:00,Banfield,Union de Santa Fe,0,0,D,2.56,2.98,3.26,2.6,3.18,3.27,2.52,2.94,3.07,,,,,,,15,16,3,5,11,12,6,5
ARG,Liga Profesional,2023,30/01/2023,23:00,Velez Sarsfield,Gimnasia L.P.,3,1,H,1.57,3.86,7.09,1.71,3.93,7.63,1.54,3.74,6.93,,,,,,,9,12,6,3,16,16,5,9
ARG,Liga Profesional,2023,03/02/2023,23:00,Newells Old Boys,Velez Sarsfield,1,0,H,2.89,2.93,2.89,2.9,3.07,2.98,2.71,2.92,2.85,,,,,,,2,2,1,0,11,14,1,2
ARG,Liga Profesional,2023,03/02/2023,23:00,Tigre,Rosario Central,2,2,D,1.65,3.82,5.99,1.77,3.84,5.99,1.67,3.65,5.33,,,,,,,22,11,12,7,12,6,10,4
ARG,Liga Profesional,2023,04/02/2023,20:00,Arsenal Sarandi,Estudiantes L.P.,1,1,D,3.92,3.11,2.19,3.92,3.25,2.33,3.65,3.08,2.16,,,,,,,10,21,2,7,9,13,5,10
ARG,Liga Profesional,2023,04/02/2023,20:00,Sarmiento Junin,Barracas Central,3,5,A,1.88,3.3,4.96,2,3.45,5,1.9,3.24,4.46,,,,,,,7,20,3,11,19,8,4,5
ARG,Liga Profesional,2023,04/02/2023,22:15,Belgrano,River Plate,2,1,H,4.62,3.47,1.88,4.75,3.6,1.95,4.29,3.38,1.88,,,,,,,3,15,2,4,13,17,1,8
ARG,Liga Profesional,2023,05/02/2023,00:30,Argentinos Jrs,Racing Club,1,0,H,2.75,3.08,2.9,2.99,3.22,2.96,2.68,2.99,2.82,,,,,,,18,5,6,1,18,18,2,2
ARG,Liga Profesional,2023,05/02/2023,00:30,Lanus,San Lorenzo,2,1,H,2.93,2.73,3.08,3.05,2.89,3.1,2.85,2.7,2.94,,,,,,,9,24,6,3,14,14,1,7
ARG,Liga Profesional,2023,05/02/2023,20:00,Independiente,Platense,1,2,A,2.08,3.08,4.36,2.1,3.17,4.42,2.04,3.04,4.12,,,,,,,15,8,2,3,17,18,9,1
ARG,Liga Profesional,2023,05/02/2023,22:15,Boca Juniors,Central Cordoba,0,0,D,1.53,4,7.41,1.56,4.1,8.23,1.52,3.91,6.84,,,,,,,12,11,3,3,6,13,3,4
ARG,Liga Profesional,2023,06/02/2023,00:30,Atl. Tucuman,Talleres Cordoba,0,2,A,2.63,2.93,3.21,2.81,3.08,3.21,2.64,2.93,2.93,,,,,,,10,8,4,2,19,8,4,5
ARG,Liga Profesional,2023,06/02/2023,00:30,Godoy Cruz,Colon Santa Fe,1,0,H,2.04,3.36,4.05,2.15,3.53,4.06,2.07,3.31,3.64,,,,,,,21,14,6,3,13,14,9,1
ARG,Liga Profesional,2023,06/02/2023,00:30,Union de Santa Fe,Instituto,0,2,A,2.47,2.98,3.42,2.48,3.3,3.56,2.38,3.03,3.22,,,,,,,11,12,2,3,9,15,5,0
ARG,Liga Profesional,2023,06/02/2023,21:00,Gimnasia L.P.,Defensa y Justicia,0,2,A,2.89,3.09,2.76,3.01,3.27,2.78,2.78,3.11,2.64,,,,,,,16,6,4,2,10,19,8,3
ARG,Liga Profesional,2023,07/02/2023,00:30,Huracan,Banfield,3,2,H,1.93,3.23,4.79,2.02,3.41,5.19,1.94,3.21,4.28,,,,,,,21,11,10,3,25,9,8,3
ARG,Liga Profesional,2023,11/02/2023,00:30,Central Cordoba,Belgrano,0,1,A,2.74,3.09,2.9,2.88,3.3,2.9,2.64,3.1,2.78,,,,,,,10,20,4,4,2,6,3,10
ARG,Liga Profesional,2023,11/02/2023,00:30,Colon Santa Fe,Sarmiento Junin,0,2,A,2.06,3.33,4,2.18,3.45,4.09,2.03,3.31,3.76,,,,,,,26,9,8,5,15,13,11,2
ARG,Liga Profesional,2023,11/02/2023,20:00,Defensa y Justicia,Newells Old Boys,1,0,H,2.43,3.08,3.37,2.44,3.17,3.48,2.36,3.02,3.26,,,,,,,6,17,4,9,9,7,2,13
ARG,Liga Profesional,2023,11/02/2023,20:00,San Lorenzo,Godoy Cruz,1,0,H,2.23,3.01,3.95,2.32,3.16,4.12,2.18,3.01,3.69,,,,,,,10,11,4,0,12,8,3,3
ARG,Liga Profesional,2023,11/02/2023,22:15,Platense,Atl. Tucuman,1,1,D,2.71,2.97,3.06,2.77,3.08,3.17,2.61,2.91,2.98,,,,,,,6,16,1,6,18,12,3,4
ARG,Liga Profesional,2023,12/02/2023,00:30,Talleres Cordoba,Boca Juniors,2,1,H,2.62,2.92,3.22,2.72,3.08,3.25,2.55,2.9,3.09,,,,,,,17,4,3,3,14,5,6,4
ARG,Liga Profesional,2023,12/02/2023,00:30,Velez Sarsfield,Independiente,0,0,D,2.29,3.09,3.66,2.39,3.15,3.75,2.26,3.01,3.5,,,,,,,11,10,2,2,21,17,3,7
ARG,Liga Profesional,2023,12/02/2023,20:00,Banfield,Gimnasia L.P.,0,0,D,2,3.17,4.54,2.15,3.23,4.6,2.01,3.09,4.19,,,,,,,20,4,5,2,7,16,12,1
ARG,Liga Profesional,2023,12/02/2023,20:00,Rosario Central,Arsenal Sarandi,2,1,H,1.71,3.59,5.73,1.83,3.66,5.73,1.75,3.43,5.07,,,,,,,26,5,7,2,13,5,6,1
ARG,Liga Profesional,2023,12/02/2023,22:15,River Plate,Argentinos Jrs,2,1,H,1.85,3.47,4.81,1.98,3.5,5.2,1.87,3.35,4.39,,,,,,,8,9,3,1,15,12,2,5
ARG,Liga Profesional,2023,13/02/2023,00:30,Instituto,Huracan,0,0,D,2.77,2.96,3,2.99,3.07,3.03,2.69,2.91,2.89,,,,,,,11,6,2,1,11,7,7,4
ARG,Liga Profesional,2023,13/02/2023,00:30,Racing Club,Tigre,2,2,D,2.14,3.49,3.55,2.26,3.55,3.7,2.15,3.41,3.33,,,,,,,9,12,7,3,12,9,5,5
ARG,Liga Profesional,2023,13/02/2023,20:00,Barracas Central,Union de Santa Fe,1,1,D,2.91,3.14,2.7,2.95,3.27,2.78,2.83,3.05,2.63,,,,,,,6,18,2,5,12,12,5,5
ARG,Liga Profesional,2023,13/02/2023,23:00,Estudiantes L.P.,Lanus,0,2,A,2.25,3.32,3.47,2.28,3.45,3.7,2.19,3.28,3.36,,,,,,,19,6,6,2,5,15,10,4
ARG,Liga Profesional,2023,17/02/2023,21:00,Gimnasia L.P.,Instituto,2,0,H,3.54,2.74,2.68,3.54,3.03,2.68,3.21,2.83,2.53,,,,,,,11,16,5,1,10,19,2,9
ARG,Liga Profesional,2023,18/02/2023,00:30,Arsenal Sarandi,Racing Club,0,3,A,6.56,3.8,1.61,7,4,1.63,6.06,3.76,1.59,,,,,,,10,16,4,9,15,14,3,6
ARG,Liga Profesional,2023,18/02/2023,00:30,Huracan,Barracas Central,2,0,H,1.54,4.03,7.07,1.55,4.2,7.2,1.53,3.97,6.44,,,,,,,12,5,5,1,20,10,9,2
ARG,Liga Profesional,2023,18/02/2023,20:00,Lanus,Rosario Central,3,0,H,2.17,3.09,4.01,2.27,3.17,4.13,2.19,3,3.71,,,,,,,14,5,6,2,17,17,5,3
ARG,Liga Profesional,2023,18/02/2023,21:00,Tigre,River Plate,0,1,A,3.13,3.39,2.39,3.26,3.52,2.48,3.02,3.29,2.34,,,,,,,15,15,3,5,11,9,4,8
ARG,Liga Profesional,2023,18/02/2023,22:15,Argentinos Jrs,Belgrano,3,0,H,1.84,3.36,5.15,1.9,3.45,6,1.8,3.29,4.93,,,,,,,12,7,6,2,8,15,2,2
ARG,Liga Profesional,2023,18/02/2023,22:15,Godoy Cruz,Estudiantes L.P.,0,1,A,2.48,3.12,3.23,2.51,3.35,3.29,2.41,3.12,3.07,,,,,,,11,6,1,2,15,15,6,2
ARG,Liga Profesional,2023,19/02/2023,00:00,Newells Old Boys,Banfield,2,0,H,2.32,2.9,3.89,2.41,3.1,3.81,2.29,2.94,3.5,,,,,,,6,13,4,4,11,21,1,3
ARG,Liga Profesional,2023,19/02/2023,20:00,Union de Santa Fe,Colon Santa Fe,1,1,D,2.25,3.14,3.71,2.27,3.31,4.42,2.17,3.08,3.64,,,,,,,12,10,1,2,16,16,5,3
ARG,Liga Profesional,2023,19/02/2023,22:15,Boca Juniors,Platense,3,1,H,1.82,3.17,5.83,1.83,3.47,5.83,1.78,3.32,5.11,,,,,,,12,13,4,2,17,16,2,2
ARG,Liga Profesional,2023,20/02/2023,00:30,Independiente,Defensa y Justicia,0,2,A,2.15,3.16,3.97,2.15,3.32,4.1,2.09,3.11,3.82,,,,,,,16,15,2,5,10,16,4,2
ARG,Liga Profesional,2023,20/02/2023,00:30,Talleres Cordoba,Central Cordoba,2,0,H,1.63,3.69,6.58,1.65,3.98,7,1.6,3.7,6.07,,,,,,,20,6,7,2,11,6,7,4
ARG,Liga Profesional,2023,20/02/2023,22:15,Sarmiento Junin,San Lorenzo,0,1,A,4.17,2.98,2.18,4.17,3.17,2.42,3.78,2.98,2.17,,,,,,,13,10,5,5,10,13,6,5
ARG,Liga Profesional,2023,21/02/2023,00:30,Atl. Tucuman,Velez Sarsfield,1,1,D,2.54,2.86,3.45,2.59,3.04,3.5,2.45,2.86,3.3,,,,,,,8,17,3,6,14,15,4,3
ARG,Liga Profesional,2023,25/02/2023,00:00,Belgrano,Tigre,0,2,A,2.91,3.14,2.7,2.97,3.25,2.73,2.83,3.1,2.59,,,,,,,8,20,3,7,8,8,2,3
ARG,Liga Profesional,2023,25/02/2023,00:00,Rosario Central,Godoy Cruz,1,0,H,2.48,3.01,3.36,2.54,3.17,3.38,2.44,2.99,3.15,,,,,,,8,11,3,1,9,20,1,3
ARG,Liga Profesional,2023,25/02/2023,20:00,San Lorenzo,Union de Santa Fe,1,0,H,2.25,3.01,3.9,2.3,3.1,4.13,2.23,2.95,3.65,,,,,,,13,3,3,1,13,16,3,6
ARG,Liga Profesional,2023,25/02/2023,22:15,Estudiantes L.P.,Sarmiento Junin,1,1,D,1.75,3.51,5.58,1.77,3.7,6,1.71,3.53,5.25,,,,,,,12,10,3,2,8,15,5,3
ARG,Liga Profesional,2023,25/02/2023,22:15,Platense,Talleres Cordoba,2,4,A,3.72,3.13,2.24,3.92,3.18,2.38,3.49,3.05,2.24,,,,,,,14,11,8,7,12,17,4,2
ARG,Liga Profesional,2023,26/02/2023,00:30,Velez Sarsfield,Boca Juniors,1,2,A,2.54,2.89,3.41,2.57,3,3.47,2.48,2.86,3.24,,,,,,,10,7,5,4,17,14,4,3
ARG,Liga Profesional,2023,26/02/2023,20:00,Colon Santa Fe,Huracan,1,1,D,2.43,3.09,3.38,2.5,3.2,3.45,2.4,3.03,3.17,,,,,,,11,10,3,4,12,14,6,6
ARG,Liga Profesional,2023,26/02/2023,20:00,Defensa y Justicia,Atl. Tucuman,3,0,H,2.09,3.25,4.01,2.15,3.35,4.01,2.08,3.22,3.71,,,,,,,11,12,5,1,9,16,4,5
ARG,Liga Profesional,2023,26/02/2023,22:15,River Plate,Arsenal Sarandi,1,2,A,1.2,6.65,16.04,1.23,7.2,17,1.2,6.43,14.15,,,,,,,19,10,10,5,9,14,11,6
ARG,Liga Profesional,2023,27/02/2023,00:30,Banfield,Independiente,0,0,D,2.26,2.99,3.91,2.32,3.05,3.91,2.25,2.95,3.6,,,,,,,6,8,0,0,9,20,6,2
ARG,Liga Profesional,2023,27/02/2023,00:30,Instituto,Newells Old Boys,3,1,H,2.53,2.81,3.56,2.58,3.08,3.63,2.45,2.81,3.38,,,,,,,12,13,6,9,13,5,2,3
ARG,Liga Profesional,2023,27/02/2023,20:00,Barracas Central,Gimnasia L.P.,1,0,H,2.56,3.01,3.22,2.62,3.14,3.27,2.49,3,3.08,,,,,,,9,15,3,3,16,16,3,8
ARG,Liga Profesional,2023,27/02/2023,22:15,Racing Club,Lanus,2,1,H,1.86,3.55,4.62,1.95,3.65,4.7,1.85,3.52,4.24,,,,,,,15,11,4,2,14,16,6,5
ARG,Liga Profesional,2023,28/02/2023,00:30,Central Cordoba,Argentinos Jrs,1,0,H,4.84,3.35,1.88,4.9,3.41,1.95,4.47,3.28,1.88,,,,,,,6,16,1,4,6,9,3,7
ARG,Liga Profesional,2023,03/03/2023,23:00,Sarmiento Junin,Rosario Central,4,1,H,2.85,3.05,2.82,2.92,3.16,2.91,2.73,2.96,2.77,,,,,,,29,13,14,7,13,8,13,5
ARG,Liga Profesional,2023,03/03/2023,23:00,Union de Santa Fe,Estudiantes L.P.,2,0,H,2.51,3.08,3.23,2.51,3.14,3.45,2.39,2.99,3.21,,,,,,,13,16,8,5,14,10,4,5
ARG,Liga Profesional,2023,04/03/2023,20:00,Gimnasia L.P.,Colon Santa Fe,0,0,D,2.44,3.09,3.34,2.51,3.18,3.37,2.4,3.02,3.15,,,,,,,14,8,4,3,13,21,7,2
ARG,Liga Profesional,2023,04/03/2023,20:00,Platense,Central Cordoba,1,1,D,2.18,3.12,3.94,2.2,3.25,3.94,2.12,3.08,3.71,,,,,,,20,13,6,3,8,10,3,1
ARG,Liga Profesional,2023,04/03/2023,22:15,Lanus,River Plate,0,2,A,4.18,3.33,2.02,4.42,3.48,2.05,3.93,3.25,1.99,,,,,,,13,3,3,2,16,15,10,1
ARG,Liga Profesional,2023,05/03/2023,00:30,Atl. Tucuman,Banfield,1,0,H,2.45,3.01,3.41,2.51,3.1,3.41,2.42,2.93,3.2,,,,,,,10,7,2,2,15,15,6,3
ARG,Liga Profesional,2023,05/03/2023,00:30,Newells Old Boys,Barracas Central,1,0,H,1.73,3.48,5.84,1.75,3.56,6.2,1.71,3.4,5.43,,,,,,,17,7,7,2,22,10,9,5
ARG,Liga Profesional,2023,05/03/2023,20:00,Independiente,Instituto,2,2,D,2.44,2.95,3.52,2.45,3.26,3.55,2.36,2.93,3.34,,,,,,,18,11,7,5,12,10,3,11
ARG,Liga Profesional,2023,05/03/2023,22:15,Huracan,San Lorenzo,1,1,D,2.45,2.76,3.81,2.45,3,3.89,2.34,2.78,3.58,,,,,,,9,7,4,3,10,14,5,4
ARG,Liga Profesional,2023,06/03/2023,00:30,Talleres Cordoba,Velez Sarsfield,1,2,A,1.93,3.26,4.8,2.06,3.45,5.4,1.9,3.17,4.52,,,,,,,7,8,2,1,11,13,2,6
ARG,Liga Profesional,2023,06/03/2023,00:30,Tigre,Argentinos Jrs,0,1,A,2.71,3.18,2.86,2.74,3.23,3.03,2.62,3.09,2.78,,,,,,,13,11,2,7,10,14,8,5
ARG,Liga Profesional,2023,06/03/2023,20:00,Arsenal Sarandi,Belgrano,0,1,A,2.85,2.96,2.9,3.1,3.1,2.9,2.8,2.94,2.72,,,,,,,5,14,2,3,9,12,4,3
ARG,Liga Profesional,2023,06/03/2023,20:00,Godoy Cruz,Racing Club,2,0,H,3.09,3.17,2.54,3.34,3.24,2.55,3.04,3.08,2.44,,,,,,,13,12,7,2,18,10,4,3
ARG,Liga Profesional,2023,07/03/2023,00:00,Boca Juniors,Defensa y Justicia,0,0,D,1.8,3.44,5.27,1.87,3.6,5.42,1.79,3.38,4.79,,,,,,,25,20,4,8,4,13,14,3
ARG,Liga Profesional,2023,10/03/2023,20:00,Barracas Central,Independiente,1,1,D,3.24,3.29,2.38,3.31,3.4,2.38,3.13,3.2,2.31,,,,,,,13,8,5,3,11,21,6,4
ARG,Liga Profesional,2023,11/03/2023,00:00,Argentinos Jrs,Arsenal Sarandi,1,1,D,1.42,4.48,8.93,1.49,4.7,9.3,1.41,4.31,8.16,,,,,,,25,8,7,2,15,13,8,4
ARG,Liga Profesional,2023,11/03/2023,00:00,Instituto,Atl. Tucuman,1,1,D,2.29,3.03,3.74,2.34,3.17,3.74,2.27,3,3.46,,,,,,,14,11,4,4,13,9,5,3
ARG,Liga Profesional,2023,11/03/2023,20:00,San Lorenzo,Gimnasia L.P.,4,0,H,1.77,3.34,5.83,1.87,3.35,6.13,1.78,3.18,5.29,,,,,,,15,8,5,2,16,9,7,4
ARG,Liga Profesional,2023,11/03/2023,22:15,Defensa y Justicia,Talleres Cordoba,1,1,D,3.22,3.29,2.39,3.23,3.35,2.51,3.05,3.23,2.35,,,,,,,16,9,6,2,10,12,9,6
ARG,Liga Profesional,2023,12/03/2023,00:30,Belgrano,Lanus,0,0,D,3.11,2.96,2.67,3.11,3.17,2.76,2.94,2.93,2.6,,,,,,,6,15,2,3,13,12,2,10
ARG,Liga Profesional,2023,12/03/2023,00:30,Central Cordoba,Tigre,2,0,H,3.91,3.43,2.05,3.91,3.57,2.05,3.68,3.37,2,,,,,,,13,8,5,1,4,8,2,4
ARG,Liga Profesional,2023,12/03/2023,20:00,Racing Club,Sarmiento Junin,1,0,H,1.68,3.9,5.34,1.7,4,5.6,1.66,3.78,5.01,,,,,,,15,8,3,1,12,14,11,1
ARG,Liga Profesional,2023,12/03/2023,22:15,Estudiantes L.P.,Huracan,2,1,H,2.1,3.12,4.22,2.24,3.18,4.22,2.09,3.06,3.84,,,,,,,19,8,5,3,5,12,9,4
ARG,Liga Profesional,2023,12/03/2023,22:15,River Plate,Godoy Cruz,3,0,H,1.49,4.37,7.21,1.53,4.6,7.55,1.47,4.26,6.57,,,,,,,16,6,5,3,9,17,7,3
ARG,Liga Profesional,2023,13/03/2023,00:30,Banfield,Boca Juniors,1,0,H,3.3,2.99,2.53,3.31,3.08,2.73,3.08,2.93,2.5,,,,,,,15,13,6,2,17,10,7,6
ARG,Liga Profesional,2023,13/03/2023,00:30,Rosario Central,Union de Santa Fe,1,1,D,2.84,3.07,2.81,2.87,3.2,2.86,2.74,3.02,2.68,,,,,,,14,7,4,2,13,14,5,1
ARG,Liga Profesional,2023,14/03/2023,00:00,Colon Santa Fe,Newells Old Boys,1,1,D,3.05,3.09,2.62,3.27,3.18,2.87,2.92,2.99,2.59,,,,,,,16,12,4,7,17,5,5,3
ARG,Liga Profesional,2023,14/03/2023,00:00,Velez Sarsfield,Platense,1,1,D,1.65,3.62,6.56,1.73,3.62,6.56,1.67,3.43,5.82,,,,,,,15,11,4,5,14,10,6,10
ARG,Liga Profesional,2023,18/03/2023,00:00,Union de Santa Fe,Racing Club,1,3,A,2.76,3.31,2.71,2.98,3.43,2.72,2.74,3.16,2.6,,,,,,,8,11,5,6,13,11,1,5
ARG,Liga Profesional,2023,18/03/2023,19:30,Arsenal Sarandi,Tigre,2,0,H,4.5,3.46,1.91,4.65,3.54,1.99,4.15,3.34,1.91,,,,,,,12,24,5,5,13,8,2,7
ARG,Liga Profesional,2023,18/03/2023,22:00,Independiente,Colon Santa Fe,2,2,D,2.2,3.14,3.82,2.21,3.42,4.15,2.12,3.13,3.65,,,,,,,10,12,6,8,11,17,2,9
ARG,Liga Profesional,2023,18/03/2023,22:00,Platense,Defensa y Justicia,1,0,H,3.14,3.21,2.48,3.29,3.3,2.58,2.99,3.11,2.44,,,,,,,15,17,3,4,11,14,7,7
ARG,Liga Profesional,2023,19/03/2023,00:30,Atl. Tucuman,Barracas Central,1,1,D,1.7,3.81,5.34,1.84,3.92,5.5,1.7,3.62,5,,,,,,,16,13,9,6,13,6,6,4
ARG,Liga Profesional,2023,19/03/2023,00:30,Godoy Cruz,Belgrano,3,1,H,2.16,3,4.22,2.16,3.18,4.59,2.06,3,4.05,,,,,,,10,12,6,6,9,8,5,8
ARG,Liga Profesional,2023,19/03/2023,19:35,Gimnasia L.P.,Estudiantes L.P.,2,1,H,3.46,3.18,2.33,3.46,3.29,2.42,3.2,3.09,2.33,,,,,,,13,8,6,3,13,17,11,3
ARG,Liga Profesional,2023,19/03/2023,22:00,Boca Juniors,Instituto,2,3,A,1.84,3.37,5.11,1.94,3.53,5.11,1.85,3.28,4.52,,,,,,,18,8,5,4,12,22,8,2
ARG,Liga Profesional,2023,20/03/2023,00:30,Sarmiento Junin,River Plate,0,2,A,6.13,3.91,1.62,7.16,4.1,1.73,5.48,3.73,1.63,,,,,,,14,25,4,8,18,8,9,7
ARG,Liga Profesional,2023,20/03/2023,00:30,Talleres Cordoba,Banfield,0,1,A,1.7,3.48,6.15,1.86,3.55,6.3,1.74,3.34,5.31,,,,,,,18,11,7,7,14,11,9,1
ARG,Liga Profesional,2023,20/03/2023,21:30,Newells Old Boys,San Lorenzo,1,0,H,2.67,2.81,3.3,2.7,2.98,3.47,2.55,2.78,3.19,,,,,,,12,6,2,1,13,12,9,0
ARG,Liga Profesional,2023,21/03/2023,00:00,Huracan,Rosario Central,0,2,A,1.75,3.34,6.05,1.8,3.4,6.52,1.73,3.27,5.58,,,,,,,10,9,1,4,16,14,9,2
ARG,Liga Profesional,2023,21/03/2023,00:00,Lanus,Argentinos Jrs,0,0,D,3.17,2.91,2.67,3.2,3.1,2.83,2.99,2.89,2.6,,,,,,,7,13,2,3,18,19,6,6
ARG,Liga Profesional,2023,22/03/2023,00:00,Velez Sarsfield,Central Cordoba,4,0,H,1.83,3.27,5.59,1.87,3.44,5.59,1.8,3.22,5.02,,,,,,,12,10,6,1,9,9,4,4
ARG,Liga Profesional,2023,31/03/2023,00:00,Defensa y Justicia,Velez Sarsfield,0,0,D,2.7,2.99,3.04,2.75,3.17,3.13,2.61,2.99,2.89,,,,,,,12,13,3,3,17,5,4,6
ARG,Liga Profesional,2023,31/03/2023,01:30,Argentinos Jrs,Godoy Cruz,3,0,H,1.65,3.6,6.5,1.8,3.8,6.75,1.61,3.55,6.16,,,,,,,16,6,5,0,7,15,3,4
ARG,Liga Profesional,2023,31/03/2023,23:00,Estudiantes L.P.,Newells Old Boys,3,0,H,2.47,2.96,3.44,2.48,3.1,3.53,2.36,2.96,3.3,,,,,,,10,6,6,0,14,17,1,4
ARG,Liga Profesional,2023,31/03/2023,23:00,Rosario Central,Gimnasia L.P.,3,1,H,2.27,3.15,3.63,2.34,3.2,3.72,2.24,3.04,3.47,,,,,,,21,11,5,2,14,14,7,8
ARG,Liga Profesional,2023,01/04/2023,01:30,River Plate,Union de Santa Fe,1,0,H,1.4,4.73,9.71,1.44,4.9,9.71,1.38,4.58,8.37,,,,,,,19,3,7,0,18,17,4,3
ARG,Liga Profesional,2023,01/04/2023,19:30,Barracas Central,Boca Juniors,0,3,A,4.34,3.34,1.98,4.57,3.42,2.05,4.05,3.24,1.97,,,,,,,5,20,1,7,17,14,0,6
ARG,Liga Profesional,2023,01/04/2023,23:00,San Lorenzo,Independiente,0,0,D,2.31,2.82,4.05,2.31,3.05,4.34,2.22,2.84,3.82,,,,,,,13,6,6,2,14,17,7,1
ARG,Liga Profesional,2023,01/04/2023,23:30,Racing Club,Huracan,2,1,H,2.22,3.16,3.73,2.25,3.4,3.75,2.17,3.1,3.55,,,,,,,18,8,7,2,16,14,5,3
ARG,Liga Profesional,2023,02/04/2023,01:30,Tigre,Lanus,2,1,H,2.3,3.27,3.43,2.34,3.45,3.5,2.23,3.22,3.27,,,,,,,19,13,6,3,15,10,6,3
ARG,Liga Profesional,2023,02/04/2023,20:30,Instituto,Talleres Cordoba,0,3,A,3.08,3.06,2.62,3.08,3.2,2.7,2.95,3,2.55,,,,,,,13,8,3,4,19,13,8,2
ARG,Liga Profesional,2023,02/04/2023,23:00,Colon Santa Fe,Atl. Tucuman,0,0,D,2.51,3.09,3.21,2.52,3.26,3.37,2.42,3.08,3.06,,,,,,,15,13,6,2,13,8,6,6
ARG,Liga Profesional,2023,03/04/2023,01:30,Banfield,Platense,0,2,A,1.96,3.31,4.49,2.01,3.4,4.86,1.94,3.18,4.24,,,,,,,14,6,2,4,10,18,6,4
ARG,Liga Profesional,2023,04/04/2023,00:00,Belgrano,Sarmiento Junin,0,0,D,2.13,3.07,4.19,2.17,3.18,4.33,2.1,3,3.94,,,,,,,18,8,3,2,11,18,9,2
ARG,Liga Profesional,2023,04/04/2023,01:30,Central Cordoba,Arsenal Sarandi,1,0,H,2.01,3.28,4.3,2.2,3.3,4.3,2.03,3.18,3.91,,,,,,,14,7,8,0,4,11,6,4
ARG,Liga Profesional,2023,07/04/2023,23:00,Lanus,Arsenal Sarandi,3,0,H,1.55,3.83,7.51,1.61,3.92,7.51,1.55,3.72,6.55,,,,,,,7,15,3,3,11,12,0,8
ARG,Liga Profesional,2023,07/04/2023,23:00,Platense,Instituto,1,0,H,2.78,2.88,3.07,2.79,3.1,3.13,2.66,2.89,2.92,,,,,,,21,11,11,3,8,8,10,3
ARG,Liga Profesional,2023,08/04/2023,01:30,Talleres Cordoba,Barracas Central,3,0,H,1.35,5.1,9.81,1.38,5.25,10,1.34,4.87,9.14,,,,,,,12,7,5,0,12,7,5,3
ARG,Liga Profesional,2023,08/04/2023,01:30,Velez Sarsfield,Banfield,3,3,D,2.14,2.99,4.28,2.18,3.1,4.33,2.1,2.91,4.09,,,,,,,12,10,5,5,13,12,5,3
ARG,Liga Profesional,2023,08/04/2023,19:30,Sarmiento Junin,Argentinos Jrs,2,0,H,3.83,3.08,2.23,4.16,3.2,2.24,3.8,3.02,2.13,,,,,,,16,15,6,3,18,11,8,5
ARG,Liga Profesional,2023,08/04/2023,22:00,Gimnasia L.P.,Racing Club,3,1,H,3.76,3.28,2.16,3.76,3.33,2.25,3.48,3.18,2.16,,,,,,,16,12,7,5,12,15,4,2
ARG,Liga Profesional,2023,08/04/2023,22:00,Union de Santa Fe,Belgrano,0,3,A,2.36,3,3.62,2.36,3.2,3.77,2.26,2.97,3.49,,,,,,,18,14,6,5,11,9,7,6
ARG,Liga Profesional,2023,09/04/2023,00:30,Atl. Tucuman,San Lorenzo,1,3,A,2.54,2.83,3.49,2.64,2.98,4.2,2.44,2.82,3.34,,,,,,,19,15,7,6,10,14,6,5
ARG,Liga Profesional,2023,09/04/2023,00:30,Defensa y Justicia,Central Cordoba,1,2,A,2.02,3.33,4.19,2.13,3.42,4.35,2.05,3.24,3.75,,,,,,,18,13,4,7,10,3,10,6
ARG,Liga Profesional,2023,09/04/2023,18:00,Godoy Cruz,Tigre,1,1,D,2.47,3.28,3.08,2.53,3.34,3.23,2.42,3.2,2.95,,,,,,,7,26,4,7,9,6,2,10
ARG,Liga Profesional,2023,09/04/2023,18:00,Independiente,Estudiantes L.P.,1,2,A,3.7,3.02,2.31,3.75,3.07,2.63,3.33,2.93,2.36,,,,,,,5,15,0,4,15,8,4,4
ARG,Liga Profesional,2023,09/04/2023,20:30,Newells Old Boys,Rosario Central,0,0,D,2.1,3.07,4.32,2.14,3.2,4.32,2.06,3.03,4,,,,,,,8,12,0,4,10,15,5,7
ARG,Liga Profesional,2023,09/04/2023,23:00,Huracan,River Plate,0,3,A,4.48,3.35,1.95,4.78,3.45,1.98,4.24,3.29,1.91,,,,,,,7,19,1,6,13,12,4,3
ARG,Liga Profesional,2023,10/04/2023,01:30,Boca Juniors,Colon Santa Fe,1,2,A,1.74,3.63,5.42,1.75,3.75,6.08,1.7,3.58,5.13,,,,,,,20,5,6,2,5,20,4,0
ARG,Liga Profesional,2023,11/04/2023,18:00,Barracas Central,Platense,1,0,H,3.71,3.07,2.28,3.71,3.2,2.35,3.48,3.06,2.23,,,,,,,14,9,2,3,16,18,3,4
ARG,Liga Profesional,2023,11/04/2023,23:00,Argentinos Jrs,Union de Santa Fe,5,1,H,1.4,4.64,9.03,1.51,4.66,9.13,1.46,4.04,7.63,,,,,,,17,15,9,3,11,11,5,6
ARG,Liga Profesional,2023,12/04/2023,01:30,Banfield,Defensa y Justicia,0,3,A,2.25,3.27,3.52,2.3,3.31,3.55,2.22,3.21,3.31,,,,,,,14,10,2,4,9,16,6,2
ARG,Liga Profesional,2023,12/04/2023,01:30,Central Cordoba,Lanus,1,1,D,2.83,2.97,2.92,3.03,3.05,3.05,2.72,2.92,2.83,,,,,,,9,21,3,8,16,11,7,5
ARG,Liga Profesional,2023,12/04/2023,01:30,Instituto,Velez Sarsfield,1,0,H,3,2.86,2.86,3.08,3,2.91,2.86,2.86,2.74,,,,,,,10,5,3,1,14,12,4,2
ARG,Liga Profesional,2023,12/04/2023,21:30,San Lorenzo,Boca Juniors,1,0,H,2.79,2.82,3.13,2.81,2.89,3.17,2.67,2.76,3,,,,,,,9,12,4,2,20,16,1,3
ARG,Liga Profesional,2023,12/04/2023,23:00,Belgrano,Huracan,2,0,H,2.53,2.85,3.5,2.76,2.97,3.5,2.56,2.82,3.13,,,,,,,14,4,5,1,15,11,7,2
ARG,Liga Profesional,2023,12/04/2023,23:30,Racing Club,Newells Old Boys,0,1,A,1.76,3.62,5.24,1.83,3.72,5.3,1.75,3.48,4.89,,,,,,,15,9,2,2,12,20,4,5
ARG,Liga Profesional,2023,13/04/2023,01:30,Estudiantes L.P.,Atl. Tucuman,0,0,D,1.92,3.3,4.76,1.97,3.45,4.88,1.87,3.29,4.44,,,,,,,12,8,1,1,10,15,4,1
ARG,Liga Profesional,2023,13/04/2023,01:30,Rosario Central,Independiente,1,0,H,2.07,3.1,4.39,2.16,3.25,4.39,2.08,3.02,3.94,,,,,,,16,16,3,3,12,12,2,12
ARG,Liga Profesional,2023,13/04/2023,18:00,Arsenal Sarandi,Godoy Cruz,2,3,A,2.86,2.89,2.97,3.07,3,2.97,2.79,2.85,2.82,,,,,,,9,15,3,7,15,10,1,3
ARG,Liga Profesional,2023,13/04/2023,20:30,Colon Santa Fe,Talleres Cordoba,2,2,D,3.06,3.3,2.48,3.28,3.34,2.5,3.01,3.16,2.4,,,,,,,11,13,6,6,11,14,1,5
ARG,Liga Profesional,2023,13/04/2023,23:30,River Plate,Gimnasia L.P.,3,0,H,1.16,7.91,18.1,1.19,8.25,21,1.16,7.41,16.44,,,,,,,22,13,7,2,9,14,6,1
ARG,Liga Profesional,2023,14/04/2023,01:30,Tigre,Sarmiento Junin,1,0,H,1.87,3.33,4.98,1.89,3.8,5.3,1.8,3.39,4.71,,,,,,,15,20,3,4,11,16,1,6
ARG,Liga Profesional,2023,15/04/2023,20:30,Defensa y Justicia,Instituto,1,0,H,2.24,3.18,3.67,2.24,3.25,4.25,2.14,3.09,3.66,,,,,,,14,20,6,7,8,7,5,4
ARG,Liga Profesional,2023,15/04/2023,23:00,Boca Juniors,Estudiantes L.P.,0,1,A,2.53,3.05,3.24,2.56,3.19,3.4,2.45,3.02,3.09,,,,,,,8,6,1,2,14,24,4,0
ARG,Liga Profesional,2023,16/04/2023,01:30,Gimnasia L.P.,Belgrano,0,2,A,2.84,3.09,2.8,3.01,3.13,2.85,2.76,2.98,2.72,,,,,,,18,6,4,3,6,12,16,4
ARG,Liga Profesional,2023,16/04/2023,01:30,Huracan,Argentinos Jrs,0,0,D,3.26,2.94,2.6,3.34,3.14,2.63,3.08,2.92,2.51,,,,,,,8,4,2,1,20,15,7,2
ARG,Liga Profesional,2023,16/04/2023,18:00,Union de Santa Fe,Tigre,0,0,D,2.42,3.25,3.2,2.49,3.36,3.23,2.35,3.17,3.07,,,,,,,17,10,6,3,12,12,7,4
ARG,Liga Profesional,2023,16/04/2023,18:00,Velez Sarsfield,Barracas Central,0,0,D,1.56,3.8,7.46,1.61,4.1,7.46,1.55,3.69,6.74,,,,,,,6,10,1,2,10,10,1,5
ARG,Liga Profesional,2023,16/04/2023,20:30,Independiente,Racing Club,1,1,D,3.35,3.12,2.41,3.5,3.15,2.42,3.28,3.02,2.33,,,,,,,8,9,3,5,14,11,4,4
ARG,Liga Profesional,2023,16/04/2023,23:00,Newells Old Boys,River Plate,0,1,A,4.5,3.28,1.97,4.85,3.4,2.05,4.19,3.19,1.95,,,,,,,12,12,3,5,14,16,1,6
ARG,Liga Profesional,2023,17/04/2023,01:30,Talleres Cordoba,San Lorenzo,0,0,D,2.21,2.98,4.08,2.24,3.1,4.35,2.12,2.95,3.92,,,,,,,18,5,4,1,10,9,5,3
ARG,Liga Profesional,2023,17/04/2023,20:30,Platense,Colon Santa Fe,0,0,D,2.53,3.1,3.17,2.66,3.24,3.17,2.49,3.05,2.99,,,,,,,12,8,1,4,12,10,2,7
ARG,Liga Profesional,2023,17/04/2023,23:00,Banfield,Central Cordoba,1,0,H,2.24,3.02,3.9,2.25,3.2,4,2.18,3,3.67,,,,,,,10,11,5,0,9,17,3,6
ARG,Liga Profesional,2023,17/04/2023,23:00,Sarmiento Junin,Arsenal Sarandi,1,0,H,2,3.22,4.47,2.06,3.3,4.5,1.99,3.14,4.09,,,,,,,15,14,4,3,11,16,4,7
ARG,Liga Profesional,2023,18/04/2023,01:30,Atl. Tucuman,Rosario Central,2,2,D,2.24,3.15,3.7,2.33,3.25,3.8,2.23,3.09,3.41,,,,,,,16,13,6,5,8,13,3,7
ARG,Liga Profesional,2023,18/04/2023,01:30,Godoy Cruz,Lanus,4,4,D,2.7,2.98,3.05,2.71,3.06,3.1,2.6,2.92,2.97,,,,,,,14,8,6,4,14,15,1,0
ARG,Liga Profesional,2023,22/04/2023,00:30,Colon Santa Fe,Velez Sarsfield,2,1,H,2.12,3.15,4.07,2.44,3.45,4.3,2.1,3.13,3.78,,,,,,,11,9,5,4,12,13,7,5
ARG,Liga Profesional,2023,22/04/2023,19:30,Arsenal Sarandi,Union de Santa Fe,2,1,H,3.1,3.07,2.6,3.13,3.18,2.7,2.95,3,2.55,,,,,,,12,16,3,2,14,8,4,1
ARG,Liga Profesional,2023,22/04/2023,19:30,Lanus,Sarmiento Junin,2,1,H,1.78,3.38,5.61,1.9,3.59,5.61,1.78,3.33,4.97,,,,,,,15,16,4,3,6,19,3,6
ARG,Liga Profesional,2023,23/04/2023,00:30,Belgrano,Newells Old Boys,1,0,H,2.48,2.88,3.53,2.51,2.96,3.55,2.42,2.83,3.35,,,,,,,10,10,3,0,6,12,5,4
ARG,Liga Profesional,2023,23/04/2023,00:30,Central Cordoba,Godoy Cruz,0,2,A,2.52,3.08,3.22,2.61,3.1,3.25,2.46,3.02,3.06,,,,,,,11,14,0,6,11,13,5,3
ARG,Liga Profesional,2023,23/04/2023,15:00,San Lorenzo,Platense,1,0,H,2.02,3.02,4.78,2.04,3.2,5.14,1.96,2.97,4.58,,,,,,,9,12,2,2,17,13,3,2
ARG,Liga Profesional,2023,23/04/2023,19:30,Rosario Central,Boca Juniors,2,2,D,2.88,3.01,2.83,2.89,3.2,2.85,2.76,2.98,2.72,,,,,,,9,16,5,6,11,14,2,5
ARG,Liga Profesional,2023,23/04/2023,21:30,Instituto,Banfield,1,1,D,2.09,3.08,4.34,2.43,3.15,4.34,2.13,3,3.85,,,,,,,15,11,4,5,12,12,7,1
ARG,Liga Profesional,2023,23/04/2023,22:00,Estudiantes L.P.,Talleres Cordoba,1,0,H,2.22,3.14,3.78,2.5,3.18,3.85,2.3,3.03,3.34,,,,,,,9,4,3,0,15,22,4,6
ARG,Liga Profesional,2023,24/04/2023,00:30,River Plate,Independiente,2,0,H,1.33,5.42,10.05,1.35,5.6,11,1.32,5.09,9.29,,,,,,,19,6,8,0,7,13,4,1
ARG,Liga Profesional,2023,24/04/2023,19:30,Barracas Central,Defensa y Justicia,0,2,A,3.46,3.38,2.23,3.92,3.45,2.33,3.42,3.22,2.17,,,,,,,10,14,1,7,15,13,5,5
ARG,Liga Profesional,2023,24/04/2023,23:00,Racing Club,Atl. Tucuman,1,3,A,1.88,3.47,4.66,1.95,3.75,5.3,1.77,3.51,4.71,,,,,,,16,10,3,4,4,12,6,6
ARG,Liga Profesional,2023,25/04/2023,01:30,Argentinos Jrs,Gimnasia L.P.,2,4,A,1.39,4.82,9.17,1.5,4.9,10,1.39,4.57,8.13,,,,,,,21,13,7,8,8,11,12,4
ARG,Liga Profesional,2023,25/04/2023,23:30,Tigre,Huracan,1,0,H,2.39,3.02,3.52,2.46,3.06,3.74,2.38,2.99,3.34,,,,,,,15,18,4,1,12,11,5,6
ARG,Liga Profesional,2023,28/04/2023,00:00,Platense,Estudiantes L.P.,1,2,A,3.65,2.92,2.4,3.75,3,2.54,3.55,2.85,2.31,,,,,,,8,12,3,8,15,8,5,5
ARG,Liga Profesional,2023,28/04/2023,00:00,Sarmiento Junin,Godoy Cruz,1,1,D,2.41,3.07,3.41,2.45,3.16,3.5,2.32,3.02,3.29,,,,,,,14,26,4,9,11,14,4,6
ARG,Liga Profesional,2023,28/04/2023,23:00,Huracan,Arsenal Sarandi,2,1,H,1.74,3.62,5.45,1.8,3.8,5.6,1.73,3.48,5.07,,,,,,,10,10,4,4,15,13,2,5
ARG,Liga Profesional,2023,28/04/2023,23:00,Newells Old Boys,Argentinos Jrs,0,0,D,2.38,2.95,3.66,3.15,3.06,3.8,2.57,2.91,3.09,,,,,,,10,7,3,3,14,12,7,3
ARG,Liga Profesional,2023,29/04/2023,01:30,Atl. Tucuman,River Plate,1,1,D,3.54,3.42,2.18,4.2,3.68,2.25,3.43,3.35,2.11,,,,,,,13,6,2,3,15,12,5,6
ARG,Liga Profesional,2023,29/04/2023,18:00,Velez Sarsfield,San Lorenzo,0,0,D,3.01,2.75,2.97,3.01,2.88,3.17,2.82,2.72,2.91,,,,,,,8,13,4,3,10,11,3,7
ARG,Liga Profesional,2023,29/04/2023,20:30,Gimnasia L.P.,Tigre,1,1,D,3.21,3.34,2.37,3.26,3.37,2.58,2.97,3.21,2.41,,,,,,,5,14,4,8,8,7,3,5
ARG,Liga Profesional,2023,29/04/2023,23:00,Banfield,Barracas Central,0,0,D,1.96,3.26,4.57,1.98,3.7,4.8,1.88,3.31,4.33,,,,,,,6,8,1,3,13,17,1,2
ARG,Liga Profesional,2023,29/04/2023,23:00,Instituto,Central Cordoba,0,2,A,1.95,3.34,4.49,1.99,3.47,4.69,1.9,3.27,4.26,,,,,,,22,7,4,2,6,14,6,1
ARG,Liga Profesional,2023,30/04/2023,01:30,Boca Juniors,Racing Club,3,1,H,2.71,3.18,2.87,2.75,3.29,3.15,2.59,3.13,2.8,,,,,,,8,10,6,4,14,9,4,6
ARG,Liga Profesional,2023,30/04/2023,19:30,Defensa y Justicia,Colon Santa Fe,2,0,H,2,3.53,3.98,2.3,3.59,3.98,2.01,3.41,3.67,,,,,,,16,6,8,1,14,13,6,5
ARG,Liga Profesional,2023,30/04/2023,22:00,Independiente,Belgrano,2,0,H,2.49,2.94,3.43,2.65,3.08,3.43,2.49,2.9,3.14,,,,,,,12,9,7,2,18,12,3,3
ARG,Liga Profesional,2023,01/05/2023,00:30,Talleres Cordoba,Rosario Central,3,1,H,1.96,3.39,4.35,2.01,3.49,4.4,1.93,3.28,4.13,,,,,,,18,8,7,4,15,11,2,2
ARG,Liga Profesional,2023,05/05/2023,19:30,Barracas Central,Instituto,3,0,H,3.22,3.01,2.56,3.28,3.13,2.56,3.09,3,2.47,,,,,,,11,13,5,5,13,12,8,11
ARG,Liga Profesional,2023,05/05/2023,19:30,Godoy Cruz,Union de Santa Fe,0,0,D,2.21,3.25,3.65,2.25,3.35,3.92,2.13,3.22,3.54,,,,,,,20,11,4,4,15,14,6,5
ARG,Liga Profesional,2023,06/05/2023,19:30,Lanus,Huracan,1,0,H,2.41,2.94,3.58,2.41,3.13,3.81,2.31,2.93,3.45,,,,,,,12,10,4,2,9,8,4,7
ARG,Liga Profesional,2023,06/05/2023,22:00,Belgrano,Atl. Tucuman,1,0,H,2.38,3,3.57,2.48,3.16,3.73,2.37,2.98,3.29,,,,,,,11,19,4,4,6,11,3,4
ARG,Liga Profesional,2023,06/05/2023,22:00,Colon Santa Fe,Banfield,2,0,H,2.22,3.16,3.77,2.25,3.25,3.79,2.18,3.12,3.52,,,,,,,12,17,5,3,16,8,5,4
ARG,Liga Profesional,2023,07/05/2023,00:30,Argentinos Jrs,Independiente,2,2,D,1.87,3.44,4.78,1.93,3.65,4.78,1.86,3.36,4.41,,,,,,,19,14,7,4,12,19,8,3
ARG,Liga Profesional,2023,07/05/2023,18:00,Rosario Central,Platense,4,0,H,2.02,3.18,4.45,2.12,3.28,4.72,2.03,3.11,4.03,,,,,,,10,14,7,3,7,9,6,3
ARG,Liga Profesional,2023,07/05/2023,21:30,River Plate,Boca Juniors,1,0,H,1.64,4.06,5.52,1.75,4.25,5.8,1.65,3.79,5.19,,,,,,,16,5,5,2,17,22,8,0
ARG,Liga Profesional,2023,08/05/2023,01:00,Estudiantes L.P.,Velez Sarsfield,2,0,H,1.96,3.14,4.86,2.04,3.41,5,1.92,3.09,4.57,,,,,,,17,8,6,2,14,15,5,6
ARG,Liga Profesional,2023,08/05/2023,01:00,Tigre,Newells Old Boys,2,2,D,2.32,3.01,3.7,2.4,3.3,3.7,2.3,2.96,3.42,,,,,,,9,15,3,6,9,12,1,5
ARG,Liga Profesional,2023,08/05/2023,19:30,Arsenal Sarandi,Gimnasia L.P.,0,1,A,2.4,3.26,3.23,2.42,3.3,3.6,2.26,3.15,3.28,,,,,,,7,15,0,5,15,8,3,4
ARG,Liga Profesional,2023,08/05/2023,21:00,San Lorenzo,Defensa y Justicia,0,0,D,2.19,3.02,4.04,2.23,3.13,4.1,2.17,2.98,3.75,,,,,,,11,5,3,0,7,11,9,0
ARG,Liga Profesional,2023,08/05/2023,23:30,Racing Club,Talleres Cordoba,2,4,A,2.86,2.98,2.88,2.89,3.31,2.94,2.76,3.06,2.69,,,,,,,12,18,5,8,10,8,5,4
ARG,Liga Profesional,2023,09/05/2023,01:30,Central Cordoba,Sarmiento Junin,0,1,A,2.4,3.04,3.48,2.43,3.13,3.81,2.33,2.99,3.32,,,,,,,24,17,5,3,7,12,7,4
ARG,Liga Profesional,2023,13/05/2023,00:00,Huracan,Godoy Cruz,0,0,D,2.11,2.99,3.71,2.25,3.17,4.03,2.16,3,3.68,,,,,,,9,5,3,2,11,19,2,3
ARG,Liga Profesional,2023,13/05/2023,01:30,Atl. Tucuman,Argentinos Jrs,1,2,A,3.31,3.03,2.49,3.31,3.2,2.6,3.11,3.04,2.42,,,,,,,10,13,3,6,12,18,2,4
ARG,Liga Profesional,2023,13/05/2023,19:30,Independiente,Tigre,2,1,H,2.75,3.1,2.89,2.84,3.28,2.89,2.67,3.05,2.77,,,,,,,13,9,4,3,5,9,11,3
ARG,Liga Profesional,2023,13/05/2023,22:00,Banfield,San Lorenzo,1,2,A,3.06,2.81,2.86,3.21,3.01,2.89,2.98,2.78,2.72,,,,,,,12,8,2,4,13,14,9,1
ARG,Liga Profesional,2023,14/05/2023,00:30,Instituto,Colon Santa Fe,1,0,H,2.4,3.1,3.4,2.51,3.29,3.43,2.33,3.1,3.21,,,,,,,19,7,4,3,7,10,9,4
ARG,Liga Profesional,2023,14/05/2023,00:30,Newells Old Boys,Arsenal Sarandi,2,0,H,1.64,3.65,6.57,1.79,3.88,6.8,1.65,3.45,5.97,,,,,,,16,4,7,3,8,12,4,3
ARG,Liga Profesional,2023,14/05/2023,18:00,Defensa y Justicia,Estudiantes L.P.,1,1,D,3.12,3.13,2.55,3.2,3.15,2.73,3.01,3.03,2.49,,,,,,,7,23,2,8,9,19,3,4
ARG,Liga Profesional,2023,14/05/2023,20:30,Platense,Racing Club,3,0,H,3.27,3.13,2.45,3.5,3.23,2.47,3.21,3.03,2.38,,,,,,,15,6,5,1,15,14,6,3
ARG,Liga Profesional,2023,14/05/2023,23:00,Boca Juniors,Belgrano,2,0,H,1.78,3.44,5.41,1.9,3.67,6.25,1.72,3.46,5.27,,,,,,,21,7,5,1,16,7,9,2
ARG,Liga Profesional,2023,15/05/2023,01:30,Talleres Cordoba,River Plate,2,1,H,3.27,3.36,2.33,3.46,3.47,2.33,3.24,3.31,2.21,,,,,,,11,14,4,5,16,10,3,5
ARG,Liga Profesional,2023,15/05/2023,19:30,Barracas Central,Central Cordoba,2,2,D,2.35,3.13,3.45,2.43,3.25,3.46,2.34,3.06,3.25,,,,,,,19,10,5,3,10,16,4,4
ARG,Liga Profesional,2023,15/05/2023,19:30,Union de Santa Fe,Sarmiento Junin,0,2,A,2.2,3.16,3.82,2.3,3.32,3.85,2.16,3.15,3.58,,,,,,,19,7,5,3,12,8,14,4
ARG,Liga Profesional,2023,15/05/2023,22:00,Gimnasia L.P.,Lanus,1,0,H,3.39,3.02,2.46,3.47,3.1,2.5,3.25,2.96,2.4,,,,,,,10,15,2,4,12,15,4,5
ARG,Liga Profesional,2023,16/05/2023,00:30,Velez Sarsfield,Rosario Central,0,0,D,2.25,3.07,3.78,2.28,3.16,4.15,2.18,3.01,3.71,,,,,,,13,7,2,2,7,10,3,4
ARG,Liga Profesional,2023,19/05/2023,01:00,Arsenal Sarandi,Independiente,2,1,H,4.47,3.16,2.02,4.47,3.37,2.25,4.01,3.2,2.01,,,,,,,6,11,3,4,11,9,3,3
ARG,Liga Profesional,2023,19/05/2023,19:30,Godoy Cruz,Gimnasia L.P.,2,0,H,1.9,3.4,4.63,2,3.55,4.63,1.89,3.34,4.31,,,,,,,17,6,5,1,13,10,9,2
ARG,Liga Profesional,2023,19/05/2023,23:00,Central Cordoba,Union de Santa Fe,0,1,A,2.08,3.26,4.07,2.19,3.32,4.2,2.05,3.19,3.88,,,,,,,21,9,7,3,11,14,7,2
ARG,Liga Profesional,2023,19/05/2023,23:00,Estudiantes L.P.,Banfield,1,0,H,1.75,3.42,5.83,1.83,3.55,6,1.72,3.4,5.39,,,,,,,10,7,3,2,16,13,3,7
ARG,Liga Profesional,2023,19/05/2023,23:00,Rosario Central,Defensa y Justicia,2,1,H,2.36,3.13,3.46,2.42,3.35,3.8,2.29,3.17,3.23,,,,,,,21,17,6,6,9,6,6,5
ARG,Liga Profesional,2023,20/05/2023,01:30,Argentinos Jrs,Boca Juniors,0,1,A,2.37,3.1,3.46,2.45,3.2,3.57,2.29,3.08,3.34,,,,,,,20,5,1,3,13,17,5,1
ARG,Liga Profesional,2023,20/05/2023,18:00,San Lorenzo,Instituto,2,0,H,2.03,2.98,4.82,2.06,3.13,4.9,1.99,2.94,4.53,,,,,,,9,4,5,1,10,13,7,0
ARG,Liga Profesional,2023,21/05/2023,01:30,Lanus,Newells Old Boys,1,0,H,2.15,2.93,4.4,2.28,3.09,4.5,2.12,2.87,4.15,,,,,,,12,6,5,2,8,10,10,3
ARG,Liga Profesional,2023,21/05/2023,01:30,Tigre,Atl. Tucuman,0,0,D,1.88,3.56,4.49,1.98,3.64,4.55,1.88,3.45,4.13,,,,,,,19,10,5,1,5,12,5,4
ARG,Liga Profesional,2023,21/05/2023,19:30,Belgrano,Talleres Cordoba,1,1,D,3.85,3.08,2.22,3.86,3.18,2.28,3.62,3.01,2.2,,,,,,,12,14,4,5,14,14,4,5
ARG,Liga Profesional,2023,21/05/2023,22:00,Colon Santa Fe,Barracas Central,1,1,D,1.96,3.28,4.53,2,3.5,4.7,1.9,3.33,4.26,,,,,,,9,9,4,3,13,2,9,4
ARG,Liga Profesional,2023,21/05/2023,22:00,Sarmiento Junin,Huracan,0,0,D,2.9,2.95,2.87,2.95,3.09,3.06,2.75,2.88,2.85,,,,,,,13,20,6,5,11,16,5,2
ARG,Liga Profesional,2023,22/05/2023,00:30,River Plate,Platense,2,1,H,1.29,5.65,11.99,1.35,5.75,13,1.28,5.25,11,,,,,,,20,14,4,3,14,14,7,5
ARG,Liga Profesional,2023,27/05/2023,01:30,Atl. Tucuman,Arsenal Sarandi,1,0,H,1.83,3.54,4.79,1.92,3.65,4.8,1.85,3.39,4.44,,,,,,,17,11,4,1,12,7,7,0
ARG,Liga Profesional,2023,27/05/2023,15:00,Gimnasia L.P.,Sarmiento Junin,0,0,D,2.47,3.19,3.17,2.48,3.38,3.41,2.37,3.09,3.16,,,,,,,20,6,2,0,10,16,10,1
ARG,Liga Profesional,2023,27/05/2023,22:00,Platense,Belgrano,1,0,H,2.36,2.88,3.82,2.4,3.05,3.88,2.31,2.87,3.56,,,,,,,8,7,2,3,15,10,5,4
ARG,Liga Profesional,2023,28/05/2023,00:30,Independiente,Lanus,1,1,D,2.91,2.85,2.95,2.96,3.09,3,2.75,2.86,2.87,,,,,,,14,6,7,1,17,12,4,1
ARG,Liga Profesional,2023,28/05/2023,18:00,Barracas Central,San Lorenzo,1,0,H,3.74,2.98,2.33,4.11,3.05,2.35,3.63,2.93,2.25,,,,,,,10,10,3,4,15,12,4,5
ARG,Liga Profesional,2023,28/05/2023,20:30,Defensa y Justicia,Racing Club,1,1,D,2.2,3.49,3.43,2.37,3.57,3.55,2.2,3.33,3.25,,,,,,,12,10,4,3,15,12,5,6
ARG,Liga Profesional,2023,28/05/2023,20:30,Talleres Cordoba,Argentinos Jrs,1,0,H,2.17,3.25,3.77,2.26,3.34,3.8,2.15,3.18,3.53,,,,,,,12,11,3,4,9,15,7,2
ARG,Liga Profesional,2023,28/05/2023,23:00,Boca Juniors,Tigre,1,0,H,2.04,3.31,4.14,2.08,3.65,4.14,2,3.26,3.9,,,,,,,11,3,3,0,12,17,4,2
ARG,Liga Profesional,2023,29/05/2023,01:30,Newells Old Boys,Godoy Cruz,2,0,H,2.19,2.96,4.17,2.26,3.09,4.37,2.17,2.86,3.99,,,,,,,5,14,3,1,7,10,0,7
ARG,Liga Profesional,2023,29/05/2023,20:30,Colon Santa Fe,Central Cordoba,2,2,D,2.11,3.38,3.8,2.16,3.53,3.86,2.09,3.29,3.57,,,,,,,11,15,2,4,6,8,1,6
ARG,Liga Profesional,2023,29/05/2023,23:00,Banfield,Rosario Central,2,0,H,2.16,3.17,3.91,2.29,3.28,3.93,2.16,3.08,3.64,,,,,,,19,14,6,2,16,11,7,8
ARG,Liga Profesional,2023,29/05/2023,23:00,Huracan,Union de Santa Fe,0,1,A,2.06,3.2,4.26,2.11,3.35,4.6,2.01,3.16,4.06,,,,,,,23,9,5,4,12,17,7,4
ARG,Liga Profesional,2023,30/05/2023,00:00,Instituto,Estudiantes L.P.,0,0,D,3.48,2.91,2.48,3.68,2.97,2.56,3.37,2.85,2.41,,,,,,,13,9,3,3,10,10,6,4
ARG,Liga Profesional,2023,30/05/2023,01:30,Velez Sarsfield,River Plate,2,2,D,4.98,3.62,1.79,5.19,3.7,1.87,4.62,3.46,1.8,,,,,,,13,19,4,11,16,18,3,10
ARG,Liga Profesional,2023,02/06/2023,00:00,Sarmiento Junin,Newells Old Boys,0,0,D,2.83,2.76,3.16,2.98,2.89,3.27,2.71,2.71,3.08,,,,,,,8,12,0,2,12,6,4,6
ARG,Liga Profesional,2023,02/06/2023,01:30,Arsenal Sarandi,Boca Juniors,1,0,H,6.32,3.25,1.75,6.55,3.45,1.77,5.74,3.29,1.71,,,,,,,7,9,2,2,18,9,4,4
ARG,Liga Profesional,2023,02/06/2023,23:00,Estudiantes L.P.,Barracas Central,5,2,H,1.52,4.12,7.29,1.59,4.2,7.5,1.51,3.97,6.74,,,,,,,12,18,8,8,12,8,7,1
ARG,Liga Profesional,2023,03/06/2023,01:30,Argentinos Jrs,Platense,1,0,H,1.67,3.62,6.25,1.7,3.78,6.5,1.63,3.57,5.96,,,,,,,22,7,4,2,11,14,13,2
ARG,Liga Profesional,2023,03/06/2023,01:30,Tigre,Talleres Cordoba,1,3,A,3.55,3.17,2.29,3.55,3.3,2.43,3.32,3.1,2.28,,,,,,,17,22,5,7,13,13,6,4
ARG,Liga Profesional,2023,03/06/2023,18:00,Belgrano,Velez Sarsfield,2,0,H,2.56,2.84,3.45,2.61,3.07,3.48,2.49,2.84,3.24,,,,,,,16,9,5,1,9,14,4,7
ARG,Liga Profesional,2023,03/06/2023,23:00,Central Cordoba,Huracan,2,0,H,2.46,3.11,3.29,2.53,3.3,3.3,2.45,3.02,3.09,,,,,,,13,12,3,0,13,7,1,5
ARG,Liga Profesional,2023,03/06/2023,23:00,Rosario Central,Instituto,4,1,H,2.42,3.06,3.63,2.42,3.18,3.8,2.26,3.04,3.46,,,,,,,19,9,12,3,9,14,2,2
ARG,Liga Profesional,2023,04/06/2023,01:30,Racing Club,Banfield,2,0,H,2.04,3.23,4.25,2.09,3.37,4.35,2,3.22,3.95,,,,,,,11,15,4,3,17,16,1,5
ARG,Liga Profesional,2023,04/06/2023,15:00,Union de Santa Fe,Gimnasia L.P.,2,0,H,2.28,3.21,3.53,2.37,3.34,3.59,2.25,3.14,3.34,,,,,,,11,9,6,1,16,8,6,8
ARG,Liga Profesional,2023,04/06/2023,18:00,San Lorenzo,Colon Santa Fe,0,0,D,1.8,3.31,5.58,1.99,3.41,5.6,1.79,3.26,5.08,,,,,,,12,9,2,4,12,10,8,1
ARG,Liga Profesional,2023,04/06/2023,21:00,Godoy Cruz,Independiente,2,1,H,2.18,3.12,3.92,2.29,3.18,3.95,2.19,3.05,3.59,,,,,,,12,12,8,5,15,11,7,1
ARG,Liga Profesional,2023,05/06/2023,01:30,Lanus,Atl. Tucuman,2,1,H,1.84,3.33,5.2,2.01,3.5,5.3,1.83,3.29,4.73,,,,,,,30,13,8,5,12,9,10,5
ARG,Liga Profesional,2023,09/06/2023,19:30,Barracas Central,Rosario Central,0,0,D,2.78,3.15,2.82,2.94,3.27,2.93,2.67,3.09,2.75,,,,,,,7,7,2,2,12,8,9,2
ARG,Liga Profesional,2023,10/06/2023,00:00,Independiente,Sarmiento Junin,2,0,H,2.15,3.05,4.17,2.17,3.15,4.54,2.11,2.99,3.95,,,,,,,15,3,4,0,12,15,10,4
ARG,Liga Profesional,2023,10/06/2023,23:00,Platense,Tigre,1,0,H,2.83,2.96,2.94,2.93,2.96,3.03,2.75,2.81,2.9,,,,,,,9,11,2,2,12,10,2,6
ARG,Liga Profesional,2023,11/06/2023,00:00,Boca Juniors,Lanus,1,1,D,2.71,2.85,3.19,2.88,2.93,3.26,2.69,2.83,2.96,,,,,,,13,9,5,4,10,15,6,4
ARG,Liga Profesional,2023,11/06/2023,01:30,Talleres Cordoba,Arsenal Sarandi,1,0,H,1.32,5.27,11.08,1.35,5.3,11.5,1.32,4.95,10.23,,,,,,,10,11,4,2,8,16,8,6
ARG,Liga Profesional,2023,12/06/2023,18:00,Newells Old Boys,Union de Santa Fe,1,1,D,1.8,3.35,5.53,1.9,3.44,5.6,1.78,3.26,5.17,,,,,,,11,5,3,2,6,13,7,2
ARG,Liga Profesional,2023,12/06/2023,21:00,San Lorenzo,Central Cordoba,0,0,D,1.72,3.31,6.45,1.78,3.38,6.55,1.73,3.2,5.81,,,,,,,14,4,5,0,9,17,5,7
ARG,Liga Profesional,2023,12/06/2023,23:15,Banfield,River Plate,1,4,A,4.75,3.66,1.81,5.31,3.82,1.86,4.54,3.57,1.78,,,,,,,9,10,2,7,16,12,7,4
ARG,Liga Profesional,2023,13/06/2023,01:45,Instituto,Racing Club,1,1,D,2.23,3.06,3.87,2.4,3.13,3.87,2.26,2.97,3.55,,,,,,,16,15,2,7,11,11,4,5
ARG,Liga Profesional,2023,13/06/2023,01:45,Velez Sarsfield,Argentinos Jrs,0,1,A,2.85,2.89,2.97,3.09,2.93,3.01,2.84,2.79,2.85,,,,,,,9,15,3,3,12,17,3,3
ARG,Liga Profesional,2023,13/06/2023,22:00,Colon Santa Fe,Estudiantes L.P.,1,0,H,3.68,3.14,2.26,3.92,3.28,2.3,3.52,3.1,2.2,,,,,,,10,15,2,4,11,3,3,6
ARG,Liga Profesional,2023,13/06/2023,22:00,Defensa y Justicia,Belgrano,2,0,H,1.76,3.57,5.3,1.78,3.75,5.5,1.72,3.5,5.18,,,,,,,18,16,9,7,9,6,6,5
ARG,Liga Profesional,2023,14/06/2023,00:30,Atl. Tucuman,Godoy Cruz,2,1,H,2.28,3.08,3.69,2.5,3.13,3.85,2.28,2.96,3.52,,,,,,,12,16,5,2,9,11,4,5
ARG,Liga Profesional,2023,14/06/2023,00:30,Gimnasia L.P.,Huracan,1,0,H,2.99,2.79,2.94,3.02,2.91,3.13,2.87,2.76,2.85,,,,,,,12,11,4,3,9,17,1,4
ARG,Liga Profesional,2023,17/06/2023,19:30,Union de Santa Fe,Lanus,1,1,D,2.73,3.07,2.94,3.03,3.16,2.96,2.74,2.99,2.8,,,,,,,10,9,3,1,14,14,7,2
ARG,Liga Profesional,2023,17/06/2023,22:00,Racing Club,Velez Sarsfield,2,1,H,2.26,3.04,3.82,2.41,3.08,4.12,2.25,2.94,3.62,,,,,,,11,13,4,7,17,16,3,3
ARG,Liga Profesional,2023,18/06/2023,01:00,River Plate,Defensa y Justicia,1,0,H,1.47,4.74,6.73,1.51,4.9,8.5,1.45,4.52,6.57,,,,,,,23,11,8,4,7,19,6,6
ARG,Liga Profesional,2023,21/06/2023,23:00,Estudiantes L.P.,San Lorenzo,1,1,D,2.23,2.88,4.18,2.26,2.96,4.54,2.19,2.81,4,,,,,,,11,8,3,5,11,17,3,3
ARG,Liga Profesional,2023,22/06/2023,01:30,Central Cordoba,Gimnasia L.P.,0,0,D,2.21,3.11,3.86,2.34,3.2,3.87,2.2,3.03,3.59,,,,,,,17,18,3,4,7,10,7,6
ARG,Liga Profesional,2023,22/06/2023,21:00,Tigre,Velez Sarsfield,2,1,H,2.63,2.94,3.23,2.8,3.1,3.76,2.51,2.87,3.18,,,,,,,19,13,4,4,7,11,5,6
ARG,Liga Profesional,2023,22/06/2023,22:00,Racing Club,Barracas Central,1,1,D,1.85,3.47,4.84,1.91,3.69,4.84,1.83,3.41,4.44,,,,,,,11,12,5,3,14,11,7,3
ARG,Liga Profesional,2023,22/06/2023,23:45,River Plate,Instituto,3,1,H,1.26,5.87,12.73,1.32,6,13,1.27,5.54,10.98,,,,,,,26,7,9,3,8,13,11,3
ARG,Liga Profesional,2023,23/06/2023,01:45,Godoy Cruz,Boca Juniors,4,0,H,2.78,2.78,3.19,3.02,2.93,3.19,2.69,2.81,2.98,,,,,,,14,8,6,2,13,4,3,4
ARG,Liga Profesional,2023,23/06/2023,23:00,Huracan,Newells Old Boys,1,1,D,2.78,2.73,3.26,3.11,2.8,3.26,2.75,2.68,3.09,,,,,,,16,6,8,2,15,11,5,1
ARG,Liga Profesional,2023,24/06/2023,01:30,Argentinos Jrs,Defensa y Justicia,3,1,H,1.7,3.68,5.7,2.04,3.7,5.75,1.76,3.5,4.87,,,,,,,11,11,5,2,8,15,5,5
ARG,Liga Profesional,2023,24/06/2023,21:00,Union de Santa Fe,Independiente,3,0,H,2.43,2.99,3.47,2.43,3.06,3.69,2.35,2.95,3.35,,,,,,,12,7,6,0,16,12,4,4
ARG,Liga Profesional,2023,25/06/2023,00:00,Lanus,Talleres Cordoba,2,1,H,2.99,2.8,2.82,3.28,2.95,2.9,2.9,2.81,2.76,,,,,,,10,13,5,2,15,10,6,7
ARG,Liga Profesional,2023,25/06/2023,19:30,Arsenal Sarandi,Platense,0,2,A,3.23,2.77,2.76,3.29,2.87,2.9,3.08,2.74,2.68,,,,,,,7,10,2,4,8,13,5,5
ARG,Liga Profesional,2023,25/06/2023,23:00,Rosario Central,Colon Santa Fe,1,1,D,2,3.39,4.18,2.05,3.43,4.2,1.99,3.31,3.88,,,,,,,16,11,6,3,15,10,2,6
ARG,Liga Profesional,2023,26/06/2023,00:30,Sarmiento Junin,Atl. Tucuman,4,1,H,2.61,2.97,3.19,2.61,3.13,3.45,2.49,2.92,3.15,,,,,,,20,17,6,4,9,7,7,3
ARG,Liga Profesional,2023,27/06/2023,00:00,Belgrano,Banfield,3,1,H,2.41,3.05,3.45,2.42,3.12,3.85,2.31,3,3.38,,,,,,,8,10,4,4,12,13,3,6
ARG,Liga Profesional,2023,30/06/2023,23:00,Platense,Lanus,0,1,A,3.2,2.7,2.86,3.22,2.97,2.89,2.99,2.79,2.75,,,,,,,8,7,0,4,12,8,5,4
ARG,Liga Profesional,2023,01/07/2023,01:30,Atl. Tucuman,Union de Santa Fe,1,0,H,2.25,3.14,3.7,2.33,3.2,3.7,2.26,3.07,3.43,,,,,,,10,13,3,2,17,9,3,6
ARG,Liga Profesional,2023,01/07/2023,01:30,Velez Sarsfield,Arsenal Sarandi,1,0,H,1.89,3.13,5.32,1.91,3.4,6.4,1.79,3.2,5.3,,,,,,,6,8,1,4,11,11,3,5
ARG,Liga Profesional,2023,01/07/2023,19:00,Barracas Central,River Plate,2,1,H,5.28,3.71,1.73,7.5,4.61,1.76,5.05,3.72,1.7,,,,,,,6,13,5,3,16,10,5,4
ARG,Liga Profesional,2023,01/07/2023,21:30,San Lorenzo,Rosario Central,1,0,H,1.81,3.27,5.58,1.98,3.35,5.9,1.8,3.19,5.26,,,,,,,12,10,3,4,16,10,5,1
ARG,Liga Profesional,2023,01/07/2023,23:00,Estudiantes L.P.,Central Cordoba,1,1,D,1.6,3.9,6.48,1.65,4,7.07,1.59,3.72,6.07,,,,,,,27,16,7,6,5,10,10,6
ARG,Liga Profesional,2023,02/07/2023,01:30,Talleres Cordoba,Godoy Cruz,1,1,D,1.86,3.45,4.81,1.92,3.59,5.2,1.81,3.39,4.66,,,,,,,17,19,6,5,13,13,5,7
ARG,Liga Profesional,2023,02/07/2023,19:00,Independiente,Huracan,1,0,H,2.58,2.82,3.44,2.61,2.89,3.84,2.49,2.79,3.31,,,,,,,6,7,2,1,15,14,2,1
ARG,Liga Profesional,2023,02/07/2023,21:00,Colon Santa Fe,Racing Club,0,4,A,2.72,3.06,2.96,2.89,3.13,2.99,2.68,2.99,2.82,,,,,,,5,19,2,9,9,9,3,5
ARG,Liga Profesional,2023,02/07/2023,23:00,Instituto,Belgrano,1,0,H,2.42,2.94,3.58,2.54,3,3.61,2.37,2.89,3.36,,,,,,,11,8,5,6,15,6,4,3
ARG,Liga Profesional,2023,02/07/2023,23:30,Banfield,Argentinos Jrs,1,0,H,3.54,2.89,2.48,3.65,3.08,2.55,3.33,2.91,2.39,,,,,,,15,9,5,2,13,9,4,4
ARG,Liga Profesional,2023,02/07/2023,23:30,Defensa y Justicia,Tigre,1,0,H,2.16,3.25,3.79,2.2,3.45,4.59,2.09,3.27,3.59,,,,,,,13,18,5,8,4,11,1,11
ARG,Liga Profesional,2023,03/07/2023,01:30,Boca Juniors,Sarmiento Junin,2,0,H,1.76,3.34,5.86,1.81,3.58,6.55,1.74,3.29,5.48,,,,,,,13,8,5,2,6,13,5,4
ARG,Liga Profesional,2023,04/07/2023,00:00,Newells Old Boys,Gimnasia L.P.,2,2,D,1.85,3.21,5.45,2.03,3.31,5.73,1.85,3.14,4.93,,,,,,,17,12,6,5,15,13,5,6
ARG,Liga Profesional,2023,05/07/2023,00:00,Lanus,Velez Sarsfield,0,1,A,2.15,3.07,4.13,2.23,3.32,5.43,2,3.04,4.3,,,,,,,18,10,3,3,9,11,6,0
ARG,Liga Profesional,2023,05/07/2023,19:30,Godoy Cruz,Platense,2,1,H,1.9,3.2,5.06,1.95,3.3,5.4,1.85,3.17,4.83,,,,,,,13,14,4,6,11,13,4,7
ARG,Liga Profesional,2023,05/07/2023,21:00,Tigre,Banfield,1,2,A,2.76,3.1,2.88,2.76,3.16,3.07,2.63,3.02,2.84,,,,,,,23,8,8,2,13,7,8,1
ARG,Liga Profesional,2023,05/07/2023,22:00,Rosario Central,Estudiantes L.P.,0,0,D,2.95,2.93,2.5,3.3,3.1,2.67,3.08,2.98,2.46,,,,,,,17,16,4,4,14,15,7,4
ARG,Liga Profesional,2023,05/07/2023,23:30,Racing Club,San Lorenzo,1,1,D,2.81,2.74,3.2,2.82,2.82,3.51,2.64,2.71,3.15,,,,,,,6,18,2,3,9,12,2,3
ARG,Liga Profesional,2023,06/07/2023,01:30,River Plate,Colon Santa Fe,2,0,H,1.23,6.7,11.9,1.26,7.4,14,1.22,6.32,11.95,,,,,,,20,4,5,0,13,18,3,2
ARG,Liga Profesional,2023,06/07/2023,18:00,Arsenal Sarandi,Defensa y Justicia,1,2,A,3.5,3.16,2.32,3.63,3.33,2.36,3.36,3.1,2.27,,,,,,,12,21,2,7,13,11,4,6
ARG,Liga Profesional,2023,06/07/2023,21:00,Union de Santa Fe,Boca Juniors,0,0,D,3.01,2.84,2.87,3.24,3.01,2.9,2.91,2.84,2.73,,,,,,,21,4,6,0,14,15,8,2
ARG,Liga Profesional,2023,06/07/2023,23:00,Argentinos Jrs,Instituto,0,0,D,1.71,3.57,5.8,1.74,3.83,6.5,1.67,3.54,5.53,,,,,,,18,8,3,4,10,15,10,5
ARG,Liga Profesional,2023,06/07/2023,23:00,Sarmiento Junin,Talleres Cordoba,0,1,A,3.66,3.34,2.17,4.22,3.36,2.28,3.39,3.23,2.2,,,,,,,15,10,4,5,15,9,9,5
ARG,Liga Profesional,2023,07/07/2023,01:30,Belgrano,Barracas Central,0,2,A,1.93,3.16,4.96,2,3.25,5,1.92,3.07,4.62,,,,,,,7,9,3,3,18,12,2,1
ARG,Liga Profesional,2023,07/07/2023,01:30,Huracan,Atl. Tucuman,0,1,A,2.23,3.01,3.96,2.27,3.17,4.33,2.14,2.95,3.88,,,,,,,19,6,7,2,14,13,3,1
ARG,Liga Profesional,2023,07/07/2023,23:00,Gimnasia L.P.,Independiente,1,1,D,2.9,2.83,2.99,2.96,2.9,3.29,2.81,2.76,2.92,,,,,,,10,7,6,1,16,17,2,6
ARG,Liga Profesional,2023,08/07/2023,01:30,Central Cordoba,Newells Old Boys,2,0,H,2.5,2.78,3.67,2.57,2.85,3.85,2.44,2.75,3.47,,,,,,,9,12,4,5,5,5,6,8
ARG,Liga Profesional,2023,08/07/2023,22:00,Estudiantes L.P.,Racing Club,0,0,D,1.88,3.41,4.8,1.96,3.53,5.2,1.81,3.37,4.69,,,,,,,9,6,2,1,8,16,3,3
ARG,Liga Profesional,2023,09/07/2023,00:30,San Lorenzo,River Plate,0,0,D,4.27,3.21,2.05,4.27,3.34,2.2,3.89,3.16,2.05,,,,,,,9,14,5,3,17,12,9,7
ARG,Liga Profesional,2023,09/07/2023,19:30,Instituto,Tigre,0,1,A,2.23,3.07,3.84,2.3,3.38,3.84,2.2,3.02,3.62,,,,,,,12,4,5,2,8,11,9,1
ARG,Liga Profesional,2023,09/07/2023,19:30,Platense,Sarmiento Junin,1,0,H,2.23,2.89,4.19,2.37,3.14,4.19,2.24,2.89,3.73,,,,,,,8,7,3,1,12,7,7,1
ARG,Liga Profesional,2023,09/07/2023,22:00,Velez Sarsfield,Godoy Cruz,1,1,D,2.3,3.01,3.75,2.36,3.2,3.75,2.27,2.98,3.49,,,,,,,12,4,5,2,8,17,8,1
ARG,Liga Profesional,2023,10/07/2023,00:30,Banfield,Arsenal Sarandi,0,0,D,1.83,3.18,5.75,2,3.3,5.75,1.86,3.11,4.97,,,,,,,11,8,1,4,8,15,3,3
ARG,Liga Profesional,2023,10/07/2023,00:30,Defensa y Justicia,Lanus,2,2,D,2.43,3.21,3.24,2.55,3.25,3.24,2.44,3.1,3.04,,,,,,,20,21,3,8,13,15,3,5
ARG,Liga Profesional,2023,10/07/2023,18:00,Barracas Central,Argentinos Jrs,0,0,D,4.17,3.28,2.04,4.3,3.3,2.22,3.89,3.15,2.05,,,,,,,11,5,1,2,9,16,2,6
ARG,Liga Profesional,2023,10/07/2023,20:30,Colon Santa Fe,Belgrano,0,0,D,2.26,3,3.89,2.33,3.13,3.98,2.2,2.98,3.63,,,,,,,12,10,3,3,12,17,5,5
ARG,Liga Profesional,2023,10/07/2023,23:30,Boca Juniors,Huracan,1,0,H,1.98,2.94,5.23,2,3.2,5.57,1.91,3,4.9,,,,,,,,,,,,,,
ARG,Liga Profesional,2023,11/07/2023,01:30,Talleres Cordoba,Union de Santa Fe,0,0,D,1.66,3.81,5.86,1.71,3.89,5.89,1.66,3.67,5.34,,,,,,,19,7,5,3,13,18,4,5
ARG,Liga Profesional,2023,11/07/2023,22:45,Rosario Central,Central Cordoba,2,0,H,2.02,3.31,4.23,2.05,3.52,4.4,1.95,3.28,4.07,,,,,,,13,13,5,3,14,9,4,7
ARG,Liga Profesional,2023,12/07/2023,00:00,Independiente,Newells Old Boys,0,2,A,2.54,2.76,3.61,2.5,2.95,3.75,2.36,2.82,3.48,,,,,,,14,9,4,5,15,18,3,6
ARG,Liga Profesional,2023,12/07/2023,01:30,Atl. Tucuman,Gimnasia L.P.,2,0,H,1.99,3.26,4.42,2.01,3.45,4.7,1.94,3.23,4.23,,,,,,,13,13,6,2,11,8,7,7
ARG,Liga Profesional,2023,14/07/2023,23:00,Godoy Cruz,Defensa y Justicia,2,2,D,2.1,3.23,4.02,2.42,3.45,4.06,2.13,3.24,3.56,,,,,,,15,15,3,5,9,9,5,3
ARG,Liga Profesional,2023,14/07/2023,23:00,Sarmiento Junin,Velez Sarsfield,1,1,D,2.98,2.72,3.03,3.15,2.9,3.03,2.89,2.73,2.88,,,,,,,4,19,1,4,13,7,4,14
ARG,Liga Profesional,2023,15/07/2023,01:30,Huracan,Talleres Cordoba,0,1,A,2.9,3.07,2.77,3.18,3.11,2.77,2.9,2.96,2.65,,,,,,,6,15,1,3,13,10,5,4
ARG,Liga Profesional,2023,15/07/2023,18:00,Union de Santa Fe,Platense,0,0,D,2.3,2.89,3.95,2.34,3.1,3.96,2.25,2.88,3.67,,,,,,,11,5,3,3,11,12,6,2
ARG,Liga Profesional,2023,15/07/2023,20:00,Racing Club,Rosario Central,1,1,D,2.34,3.16,3.45,2.35,3.28,3.6,2.27,3.12,3.35,,,,,,,19,19,6,4,12,17,6,1
ARG,Liga Profesional,2023,15/07/2023,23:00,River Plate,Estudiantes L.P.,3,1,H,1.41,4.51,9.15,1.5,4.7,9.5,1.41,4.34,8.4,,,,,,,12,22,6,2,7,14,2,8
ARG,Liga Profesional,2023,16/07/2023,18:00,Belgrano,San Lorenzo,0,1,A,2.21,2.78,4.49,2.26,3.05,4.88,2.15,2.78,4.22,,,,,,,18,2,9,1,11,17,9,4
ARG,Liga Profesional,2023,16/07/2023,20:30,Gimnasia L.P.,Boca Juniors,1,3,A,3.85,3.12,2.2,3.92,3.17,2.32,3.62,3.02,2.21,,,,,,,19,9,6,5,18,12,11,4
ARG,Liga Profesional,2023,16/07/2023,23:00,Lanus,Banfield,2,2,D,2.25,3.06,3.82,2.29,3.12,4.08,2.19,2.99,3.7,,,,,,,21,7,6,3,7,17,5,3
ARG,Liga Profesional,2023,17/07/2023,01:30,Argentinos Jrs,Colon Santa Fe,1,0,H,1.83,3.4,5.17,1.86,3.6,6,1.77,3.37,5.08,,,,,,,15,7,6,4,13,15,4,4
ARG,Liga Profesional,2023,17/07/2023,01:30,Central Cordoba,Independiente,0,1,A,2.52,2.97,3.35,2.58,3.17,3.37,2.46,2.92,3.19,,,,,,,8,9,2,2,9,12,4,2
ARG,Liga Profesional,2023,17/07/2023,22:00,Arsenal Sarandi,Instituto,0,2,A,3.22,2.8,2.74,3.25,2.93,2.85,3.02,2.74,2.73,,,,,,,4,7,2,3,10,9,4,2
ARG,Liga Profesional,2023,17/07/2023,22:00,Tigre,Barracas Central,0,1,A,2.31,3,3.75,2.41,3.1,3.75,2.32,2.94,3.45,,,,,,,15,8,3,3,12,14,3,3
ARG,Liga Profesional,2023,18/07/2023,00:30,Newells Old Boys,Atl. Tucuman,0,0,D,2.08,2.99,4.56,2.17,3.17,4.76,2.05,2.99,4.17,,,,,,,14,11,5,3,11,14,7,1
ARG,Liga Profesional,2023,22/07/2023,19:30,San Lorenzo,Argentinos Jrs,0,2,A,2.95,2.62,3.21,3,2.82,4,2.75,2.61,3.19,,,,,,,13,9,2,7,15,15,2,4
ARG,Liga Profesional,2023,22/07/2023,22:00,Estudiantes L.P.,Belgrano,4,0,H,1.81,3.32,5.42,1.84,3.6,5.84,1.76,3.32,5.25,,,,,,,19,4,10,0,16,11,6,1
ARG,Liga Profesional,2023,23/07/2023,00:30,Platense,Huracan,0,1,A,2.5,2.57,3.76,2.52,2.88,3.77,2.43,2.72,3.51,,,,,,,8,11,3,3,7,12,4,2
ARG,Liga Profesional,2023,23/07/2023,20:30,Atl. Tucuman,Independiente,1,0,H,2.57,2.86,3.4,2.69,2.97,3.4,2.55,2.83,3.17,,,,,,,5,16,2,5,13,9,2,6
ARG,Liga Profesional,2023,23/07/2023,22:45,Defensa y Justicia,Sarmiento Junin,3,0,H,1.81,3.57,4.96,1.84,3.65,5.12,1.78,3.5,4.71,,,,,,,21,3,12,0,5,11,10,2
ARG,Liga Profesional,2023,24/07/2023,01:00,Rosario Central,River Plate,3,3,D,3.15,3.11,2.54,3.2,3.28,2.73,2.95,3.09,2.51,,,,,,,16,17,5,8,13,10,4,9
ARG,Liga Profesional,2023,24/07/2023,20:30,Talleres Cordoba,Gimnasia L.P.,2,2,D,1.43,4.41,8.98,1.52,4.6,10.2,1.41,4.37,8.27,,,,,,,17,22,4,7,14,8,6,7
ARG,Liga Profesional,2023,24/07/2023,20:30,Velez Sarsfield,Union de Santa Fe,0,0,D,2.12,2.98,4.39,2.22,3,4.86,2.08,2.89,4.25,,,,,,,5,7,0,1,14,16,3,6
ARG,Liga Profesional,2023,24/07/2023,22:30,Banfield,Godoy Cruz,2,0,H,1.74,3.46,5.79,1.94,3.55,5.82,1.76,3.3,5.28,,,,,,,10,10,5,2,15,21,5,5
ARG,Liga Profesional,2023,24/07/2023,23:30,Racing Club,Central Cordoba,3,1,H,1.91,3.29,4.83,1.99,3.55,5.17,1.89,3.29,4.44,,,,,,,14,15,6,8,16,16,6,4
ARG,Liga Profesional,2023,25/07/2023,00:45,Boca Juniors,Newells Old Boys,2,1,H,2.58,2.64,3.76,2.64,2.94,4.34,2.42,2.79,3.5,,,,,,,,,,,,,,
ARG,Liga Profesional,2023,25/07/2023,19:30,Barracas Central,Arsenal Sarandi,0,0,D,1.89,3.22,5.08,1.92,3.49,5.2,1.87,3.17,4.75,,,,,,,12,14,5,7,5,16,5,4
ARG,Liga Profesional,2023,25/07/2023,22:00,Colon Santa Fe,Tigre,1,3,A,2.26,3.15,3.73,2.3,3.25,3.88,2.19,3.09,3.56,,,,,,,12,17,5,7,8,8,3,5
ARG,Liga Profesional,2023,26/07/2023,00:30,Instituto,Lanus,2,1,H,3.02,2.83,2.87,3.26,2.88,3.19,2.93,2.78,2.78,,,,,,,9,11,5,4,10,12,4,3
ARG,Liga Profesional,2023,28/07/2023,20:30,Argentinos Jrs,Estudiantes L.P.,2,3,A,2.77,2.94,3.01,2.77,3.08,3.28,2.6,2.92,2.98,,,,,,,18,11,6,5,11,18,6,5
ARG,Liga Profesional,2023,28/07/2023,20:30,Union de Santa Fe,Defensa y Justicia,2,0,H,1.81,3.56,4.97,2.09,3.6,4.97,1.86,3.35,4.46,,,,,,,15,2,5,1,12,17,8,2
ARG,Liga Profesional,2023,28/07/2023,23:00,Belgrano,Rosario Central,0,0,D,2.46,2.86,3.61,2.78,3,3.63,2.39,2.85,3.42,,,,,,,12,4,2,1,12,11,3,5
ARG,Liga Profesional,2023,28/07/2023,23:00,Newells Old Boys,Talleres Cordoba,1,1,D,3.34,2.96,2.52,3.6,3.08,2.69,3.24,2.91,2.45,,,,,,,17,8,4,1,15,13,7,3
ARG,Liga Profesional,2023,29/07/2023,01:30,River Plate,Racing Club,2,1,H,1.55,4.4,6.08,1.68,4.55,6.11,1.56,4.17,5.57,,,,,,,18,8,6,4,15,16,7,5
ARG,Liga Profesional,2023,29/07/2023,18:30,Central Cordoba,Atl. Tucuman,0,2,A,2.64,3.03,3.08,2.7,3.09,3.31,2.52,2.95,3.08,,,,,,,8,13,3,5,9,12,3,1
ARG,Liga Profesional,2023,29/07/2023,19:00,Sarmiento Junin,Banfield,0,0,D,3.27,2.85,2.66,3.27,2.9,3.13,2.95,2.81,2.74,,,,,,,12,9,2,2,18,11,0,4
ARG,Liga Profesional,2023,29/07/2023,21:00,Independiente,Boca Juniors,0,2,A,2.99,2.67,3.1,3.1,2.85,3.1,2.88,2.69,2.92,,,,,,,12,4,5,2,18,12,5,4
ARG,Liga Profesional,2023,30/07/2023,00:00,Tigre,San Lorenzo,2,0,H,1.96,3.03,5.15,2.14,3.14,5.15,1.99,2.97,4.5,,,,,,,17,5,9,3,11,12,3,1
ARG,Liga Profesional,2023,30/07/2023,19:00,Arsenal Sarandi,Colon Santa Fe,2,0,H,2.96,2.9,2.85,3.05,3.05,2.87,2.85,2.88,2.74,,,,,,,23,14,5,4,18,10,7,7
ARG,Liga Profesional,2023,30/07/2023,19:00,Lanus,Barracas Central,2,0,H,1.97,3.15,4.78,2.07,3.42,5.03,1.95,3.08,4.45,,,,,,,9,9,5,1,20,16,5,8
ARG,Liga Profesional,2023,30/07/2023,21:30,Gimnasia L.P.,Platense,1,1,D,2.33,2.9,3.84,2.42,2.98,3.9,2.29,2.85,3.61,,,,,,,16,13,4,4,12,12,4,2
ARG,Liga Profesional,2023,30/07/2023,21:30,Huracan,Velez Sarsfield,1,0,H,2.63,2.73,3.5,2.72,2.85,3.5,2.58,2.71,3.26,,,,,,,6,3,5,0,15,16,3,1
ARG,Liga Profesional,2023,31/07/2023,00:00,Godoy Cruz,Instituto,4,2,H,2.57,3.02,3.2,2.64,3.07,3.48,2.48,2.93,3.15,,,,,,,22,9,11,3,4,10,5,5
ARG,Copa De La Liga Profesional,2023,17/08/2023,23:30,Belgrano,Estudiantes L.P.,2,1,H,3.76,2.81,2.43,3.76,2.9,2.5,3.52,2.73,2.36,,,,,,,,,,,,,,
ARG,Copa De La Liga Profesional,2023,18/08/2023,23:00,Union de Santa Fe,Racing Club,1,1,D,1.97,3.17,4.71,2.01,3.38,4.85,1.91,3.14,4.3,,,,,,,,,,,,,,
ARG,Copa De La Liga Profesional,2023,19/08/2023,01:00,Boca Juniors,Platense,3,1,H,1.75,3.26,6.35,1.78,3.4,6.4,1.72,3.15,5.72,,,,,,,,,,,,,,
ARG,Copa De La Liga Profesional,2023,19/08/2023,20:30,Independiente,Colon Santa Fe,0,1,A,1.92,3.21,4.93,2.01,3.3,5.25,1.86,3.12,4.65,,,,,,,,,,,,,,
ARG,Copa De La Liga Profesional,2023,19/08/2023,23:00,Gimnasia L.P.,Talleres Cordoba,0,3,A,2.82,3.16,2.76,2.82,3.3,2.76,2.71,3.09,2.61,,,,,,,,,,,,,,
ARG,Copa De La Liga Profesional,2023,20/08/2023,01:00,Velez Sarsfield,Barracas Central,1,0,H,1.91,3.15,5.14,2.1,3.15,5.14,1.91,2.96,4.68,,,,,,,,,,,,,,
ARG,Copa De La Liga Profesional,2023,20/08/2023,18:00,Arsenal Sarandi,Instituto,0,1,A,3.36,2.73,2.71,3.36,2.94,2.71,3.15,2.69,2.57,,,,,,,,,,,,,,
ARG,Copa De La Liga Profesional,2023,20/08/2023,20:00,Sarmiento Junin,Tigre,2,0,H,2.78,2.77,3.2,3.09,3.05,3.2,2.83,2.92,2.64,,,,,,,,,,,,,,
ARG,Copa De La Liga Profesional,2023,20/08/2023,20:15,Rosario Central,Atl. Tucuman,0,0,D,1.99,3.37,4.26,2.03,3.41,4.26,1.96,3.23,3.89,,,,,,,,,,,,,,
ARG,Copa De La Liga Profesional,2023,20/08/2023,22:30,Lanus,San Lorenzo,0,1,A,2.65,2.7,3.52,2.72,2.85,4,2.51,2.64,3.37,,,,,,,,,,,,,,
ARG,Copa De La Liga Profesional,2023,21/08/2023,01:00,Argentinos Jrs,River Plate,3,2,H,3.5,3.19,2.3,3.56,3.38,2.3,3.26,3.17,2.21,,,,,,,,,,,,,,
ARG,Copa De La Liga Profesional,2023,21/08/2023,22:00,Huracan,Banfield,2,0,H,2.4,2.86,3.74,2.46,2.9,3.75,2.35,2.75,3.5,,,,,,,,,,,,,,
ARG,Copa De La Liga Profesional,2023,22/08/2023,00:30,Newells Old Boys,Central Cordoba,2,0,H,1.6,3.65,7.29,1.6,4.1,7.8,1.52,3.67,6.97,,,,,,,,,,,,,,
ARG,Copa De La Liga Profesional,2023,25/08/2023,23:00,Arsenal Sarandi,Argentinos Jrs,3,2,H,5.85,3.46,1.74,5.85,3.7,2,4.94,3.31,1.78,,,,,,,,,,,,,,
ARG,Copa De La Liga Profesional,2023,26/08/2023,01:30,Colon Santa Fe,Gimnasia L.P.,2,0,H,1.95,3.45,4.3,1.96,3.6,4.55,1.87,3.41,4.13,,,,,,,,,,,,,,
ARG,Copa De La Liga Profesional,2023,26/08/2023,18:30,San Lorenzo,Belgrano,2,2,D,2.02,2.86,5.25,2.05,3.1,5.5,1.98,2.77,4.86,,,,,,,,,,,,,,
ARG,Copa De La Liga Profesional,2023,26/08/2023,20:30,Estudiantes L.P.,Union de Santa Fe,1,3,A,2.27,3.04,3.77,2.3,3.35,3.8,2.21,3,3.5,,,,,,,,,,,,,,
ARG,Copa De La Liga Profesional,2023,26/08/2023,23:00,Newells Old Boys,Lanus,1,0,H,2.09,3.01,4.48,2.2,3.2,4.5,2.07,2.9,4.12,,,,,,,,,,,,,,
ARG,Copa De La Liga Profesional,2023,26/08/2023,23:00,Talleres Cordoba,Huracan,2,1,H,1.94,3.23,4.73,2,3.28,4.73,1.92,3.11,4.33,,,,,,,,,,,,,,
ARG,Copa De La Liga Profesional,2023,27/08/2023,01:30,Tigre,Racing Club,1,2,A,1.66,3.82,5.82,1.7,3.9,6,1.62,3.62,5.58,,,,,,,,,,,,,,
ARG,Copa De La Liga Profesional,2023,27/08/2023,18:30,Godoy Cruz,Central Cordoba,1,0,H,1.85,3.44,4.87,1.9,3.6,4.87,1.82,3.4,4.36,,,,,,,,,,,,,,
ARG,Copa De La Liga Profesional,2023,27/08/2023,18:30,Platense,Defensa y Justicia,0,0,D,2.08,3.11,4.32,2.15,3.19,4.32,2.05,3.04,3.91,,,,,,,,,,,,,,
ARG,Copa De La Liga Profesional,2023,27/08/2023,21:00,Sarmiento Junin,Boca Juniors,1,0,H,3.42,2.92,2.51,3.42,3,2.6,3.09,2.87,2.49,,,,,,,,,,,,,,
ARG,Copa De La Liga Profesional,2023,27/08/2023,23:00,Independiente,Velez Sarsfield,2,1,H,2.79,2.72,3.26,2.79,2.78,3.4,2.63,2.69,3.12,,,,,,,,,,,,,,
ARG,Copa De La Liga Profesional,2023,28/08/2023,01:00,River Plate,Barracas Central,5,1,H,1.29,5.7,11.19,1.33,5.82,12,1.28,5.2,10.2,,,,,,,,,,,,,,
ARG,Copa De La Liga Profesional,2023,29/08/2023,00:00,Banfield,Rosario Central,3,0,H,2.24,3.02,3.92,2.3,3.08,4,2.2,2.93,3.63,,,,,,,,,,,,,,
ARG,Copa De La Liga Profesional,2023,29/08/2023,01:30,Atl. Tucuman,Instituto,0,0,D,2.22,3.03,3.95,2.3,3.03,3.95,2.2,2.92,3.64,,,,,,,,,,,,,,
ARG,Copa De La Liga Profesional,2023,02/09/2023,01:00,Central Cordoba,Platense,3,2,H,3.03,2.69,3.02,3.03,2.89,3.05,2.83,2.68,2.89,,,,,,,,,,,,,,
ARG,Copa De La Liga Profesional,2023,02/09/2023,19:00,Gimnasia L.P.,Independiente,1,2,A,3.03,2.89,2.81,3.03,3.06,2.88,2.79,2.9,2.72,,,,,,,,,,,,,,
ARG,Copa De La Liga Profesional,2023,02/09/2023,20:30,Lanus,Godoy Cruz,2,2,D,2.06,3.15,4.32,2.13,3.35,4.32,2.03,3.16,3.79,,,,,,,,,,,,,,
ARG,Copa De La Liga Profesional,2023,02/09/2023,23:00,Belgrano,Newells Old Boys,1,1,D,2.85,2.67,3.25,2.88,2.79,3.25,2.75,2.61,3.07,,,,,,,,,,,,,,
ARG,Copa De La Liga Profesional,2023,02/09/2023,23:00,Huracan,Colon Santa Fe,2,1,H,2.12,2.93,4.54,2.25,3.1,4.75,2.08,2.87,4.13,,,,,,,,,,,,,,
ARG,Copa De La Liga Profesional,2023,03/09/2023,01:30,Velez Sarsfield,River Plate,2,0,H,4.35,3.41,1.95,4.35,3.45,2.06,3.97,3.27,1.95,,,,,,,,,,,,,,
ARG,Copa De La Liga Profesional,2023,03/09/2023,18:00,Defensa y Justicia,Sarmiento Junin,1,1,D,2.41,3.13,3.35,2.41,3.36,3.79,2.28,3.11,3.2,,,,,,,,,,,,,,
ARG,Copa De La Liga Profesional,2023,03/09/2023,18:00,Instituto,Banfield,0,1,A,2.45,2.74,3.85,2.6,2.84,3.85,2.42,2.71,3.46,,,,,,,,,,,,,,
ARG,Copa De La Liga Profesional,2023,03/09/2023,20:15,Argentinos Jrs,Atl. Tucuman,2,2,D,1.75,3.46,5.63,1.85,3.57,6.5,1.73,3.35,5.13,,,,,,,,,,,,,,
ARG,Copa De La Liga Profesional,2023,03/09/2023,20:15,Rosario Central,Talleres Cordoba,2,0,H,3.38,3.18,2.36,3.38,3.28,2.5,3.19,3.1,2.29,,,,,,,,,,,,,,
ARG,Copa De La Liga Profesional,2023,03/09/2023,22:30,Boca Juniors,Tigre,0,1,A,2.11,3.13,4.15,2.15,3.22,4.3,2.06,3.01,3.92,,,,,,,,,,,,,,
ARG,Copa De La Liga Profesional,2023,04/09/2023,00:30,Racing Club,Estudiantes L.P.,2,1,H,2.62,3.02,3.13,2.65,3.1,3.13,2.53,2.98,2.92,,,,,,,,,,,,,,
ARG,Copa De La Liga Profesional,2023,04/09/2023,22:00,Barracas Central,Arsenal Sarandi,2,1,H,2.29,2.96,3.87,2.31,3,3.9,2.23,2.87,3.63,,,,,,,,,,,,,,
ARG,Copa De La Liga Profesional,2023,05/09/2023,00:00,Union de Santa Fe,San Lorenzo,1,1,D,2.6,2.79,3.45,2.8,2.8,3.7,2.53,2.64,3.32,,,,,,,,,,,,,,
ARG,Copa De La Liga Profesional,2023,12/09/2023,00:00,Defensa y Justicia,Godoy Cruz,2,2,D,2.48,3.19,3.16,2.51,3.4,3.3,2.37,3.13,3.03,,,,,,,,,,,,,,
ARG,Copa De La Liga Profesional,2023,13/09/2023,22:00,Gimnasia L.P.,Velez Sarsfield,2,1,H,3.16,2.92,2.68,3.4,3.05,2.72,3.08,2.85,2.54,,,,,,,,,,,,,,
ARG,Copa De La Liga Profesional,2023,14/09/2023,00:00,Sarmiento Junin,Central Cordoba,0,1,A,2.08,3.06,4.41,2.1,3.1,4.59,2.01,2.94,4.2,,,,,,,,,,,,,,
ARG,Copa De La Liga Profesional,2023,14/09/2023,23:00,Platense,Lanus,2,1,H,3.11,2.72,2.91,3.11,2.89,2.91,2.96,2.69,2.78,,,,,,,,,,,,,,
ARG,Copa De La Liga Profesional,2023,15/09/2023,01:00,Independiente,Huracan,1,0,H,2.39,2.76,3.96,2.4,2.88,4.03,2.32,2.66,3.77,,,,,,,,,,,,,,
ARG,Copa De La Liga Profesional,2023,15/09/2023,21:00,Tigre,Estudiantes L.P.,0,0,D,2.42,3.11,3.36,2.42,3.22,3.36,2.32,3.03,3.22,,,,,,,,,,,,,,
ARG,Copa De La Liga Profesional,2023,15/09/2023,22:45,Defensa y Justicia,Boca Juniors,1,0,H,2.96,3.2,2.61,3.1,3.35,2.88,2.8,3.07,2.57,,,,,,,,,,,,,,
ARG,Copa De La Liga Profesional,2023,16/09/2023,01:00,Banfield,Argentinos Jrs,0,1,A,3.68,2.98,2.35,3.68,3.12,2.5,3.41,2.9,2.31,,,,,,,,,,,,,,
ARG,Copa De La Liga Profesional,2023,16/09/2023,01:00,Colon Santa Fe,Rosario Central,2,1,H,2.44,3.2,3.23,2.52,3.37,3.23,2.38,3.13,3.01,,,,,,,,,,,,,,
ARG,Copa De La Liga Profesional,2023,16/09/2023,19:00,Newells Old Boys,Union de Santa Fe,1,1,D,2.29,2.92,3.93,2.34,2.96,3.93,2.26,2.84,3.59,,,,,,,,,,,,,,
ARG,Copa De La Liga Profesional,2023,16/09/2023,21:00,San Lorenzo,Racing Club,1,1,D,2.47,2.91,3.51,2.47,2.95,3.51,2.38,2.85,3.32,,,,,,,,,,,,,,
ARG,Copa De La Liga Profesional,2023,16/09/2023,23:00,Atl. Tucuman,Barracas Central,1,0,H,1.97,3.18,4.67,2.02,3.35,5.5,1.86,3.17,4.62,,,,,,,,,,,,,,
ARG,Copa De La Liga Profesional,2023,17/09/2023,01:00,Talleres Cordoba,Instituto,0,0,D,2.13,3.08,4.15,2.21,3.15,4.35,2.1,2.98,3.85,,,,,,,,,,,,,,
ARG,Copa De La Liga Profesional,2023,17/09/2023,21:00,Godoy Cruz,Belgrano,0,0,D,2.08,3.01,4.51,2.13,3.14,4.58,2.05,2.98,4.03,,,,,,,,,,,,,,
ARG,Copa De La Liga Profesional,2023,17/09/2023,23:30,River Plate,Arsenal Sarandi,3,1,H,1.23,6.24,13.73,11,6.5,15,2.39,5.72,10.84,,,,,,,,,,,,,,
ARG,Copa De La Liga Profesional,2023,19/09/2023,00:00,Lanus,Sarmiento Junin,0,0,D,1.75,3.44,5.74,1.78,3.55,5.8,1.73,3.29,5.27,,,,,,,,,,,,,,
ARG,Copa De La Liga Profesional,2023,19/09/2023,22:45,Central Cordoba,Boca Juniors,0,3,A,3.57,3.12,2.31,3.57,3.3,2.5,3.32,2.99,2.29,,,,,,,,,,,,,,
ARG,Copa De La Liga Profesional,2023,20/09/2023,01:00,Huracan,Gimnasia L.P.,2,0,H,1.9,3.1,5.38,2.1,3.19,5.56,1.91,2.97,4.77,,,,,,,,,,,,,,
ARG,Copa De La Liga Profesional,2023,20/09/2023,01:00,Rosario Central,Independiente,1,1,D,2.78,3.02,2.93,2.81,3.02,3.15,2.63,2.86,2.93,,,,,,,,,,,,,,
ARG,Copa De La Liga Profesional,2023,20/09/2023,20:00,Barracas Central,Banfield,1,0,H,3.41,2.8,2.61,3.41,2.94,2.85,3.12,2.77,2.56,,,,,,,,,,,,,,
ARG,Copa De La Liga Profesional,2023,20/09/2023,20:00,Defensa y Justicia,Tigre,2,0,H,2.67,3.03,3.04,2.67,3.25,3.3,2.52,3,2.93,,,,,,,,,,,,,,
ARG,Copa De La Liga Profesional,2023,20/09/2023,22:30,Estudiantes L.P.,San Lorenzo,0,0,D,2.29,2.85,4.05,2.29,3.06,4.07,2.22,2.83,3.74,,,,,,,,,,,,,,
ARG,Copa De La Liga Profesional,2023,20/09/2023,22:30,Velez Sarsfield,Arsenal Sarandi,2,1,H,1.74,3.4,6,1.8,3.43,6,1.72,3.26,5.46,,,,,,,,,,,,,,
ARG,Copa De La Liga Profesional,2023,21/09/2023,01:00,Instituto,Colon Santa Fe,3,1,H,2.18,3,4.13,2.25,3.18,4.13,2.15,2.97,3.71,,,,,,,,,,,,,,
ARG,Copa De La Liga Profesional,2023,21/09/2023,01:00,Racing Club,Newells Old Boys,2,1,H,2.35,3.13,3.47,2.42,3.3,3.47,2.28,3.07,3.24,,,,,,,,,,,,,,
ARG,Copa De La Liga Profesional,2023,21/09/2023,21:00,Belgrano,Platense,3,0,H,2.28,2.76,4.28,2.35,2.91,4.28,2.24,2.7,3.93,,,,,,,,,,,,,,
ARG,Copa De La Liga Profesional,2023,21/09/2023,22:30,Union de Santa Fe,Godoy Cruz,0,0,D,2.31,3,3.75,2.35,3.14,3.75,2.24,2.93,3.51,,,,,,,,,,,,,,
ARG,Copa De La Liga Profesional,2023,21/09/2023,23:15,Argentinos Jrs,Talleres Cordoba,3,1,H,1.91,3.51,4.43,2.08,3.51,4.43,1.91,3.33,4.04,,,,,,,,,,,,,,
ARG,Copa De La Liga Profesional,2023,22/09/2023,01:00,River Plate,Atl. Tucuman,1,0,H,1.45,4.62,7.56,1.46,4.8,8.25,1.41,4.5,7.16,,,,,,,,,,,,,,
ARG,Copa De La Liga Profesional,2023,23/09/2023,20:00,Gimnasia L.P.,Rosario Central,2,1,H,2.06,3.28,4.09,2.06,3.4,4.09,2.01,3.23,3.79,,,,,,,,,,,,,,
ARG,Copa De La Liga Profesional,2023,23/09/2023,22:30,Boca Juniors,Lanus,1,1,D,2.18,3.1,3.96,2.2,3.25,4,2.14,2.95,3.77,,,,,,,,,,,,,,
ARG,Copa De La Liga Profesional,2023,24/09/2023,01:00,Central Cordoba,Defensa y Justicia,2,1,H,2.02,3.32,4.23,4.95,3.6,5.25,2.03,3.32,4.04,,,,,,,,,,,,,,
ARG,Copa De La Liga Profesional,2023,24/09/2023,01:00,Huracan,Velez Sarsfield,3,0,H,2.49,2.71,3.81,2.6,2.9,3.81,2.41,2.66,3.57,,,,,,,,,,,,,,
ARG,Copa De La Liga Profesional,2023,24/09/2023,19:00,Independiente,Instituto,0,0,D,2.35,2.91,3.79,2.36,3.03,3.96,2.25,2.85,3.62,,,,,,,,,,,,,,
ARG,Copa De La Liga Profesional,2023,24/09/2023,21:45,Newells Old Boys,Estudiantes L.P.,0,1,A,2.39,2.8,3.86,2.47,3.05,4.1,2.29,2.79,3.63,,,,,,,,,,,,,,
ARG,Copa De La Liga Profesional,2023,24/09/2023,23:00,Tigre,San Lorenzo,0,0,D,2.39,2.87,3.75,2.4,3,3.96,2.28,2.79,3.64,,,,,,,,,,,,,,
ARG,Copa De La Liga Profesional,2023,25/09/2023,01:00,Banfield,River Plate,1,1,D,3.89,3.36,2.08,4.3,3.5,2.11,3.8,3.3,1.98,,,,,,,,,,,,,,
ARG,Copa De La Liga Profesional,2023,25/09/2023,20:00,Platense,Union de Santa Fe,1,0,H,2.59,2.77,3.5,2.82,2.92,3.5,2.55,2.72,3.22,,,,,,,,,,,,,,
ARG,Copa De La Liga Profesional,2023,25/09/2023,20:00,Sarmiento Junin,Belgrano,0,0,D,3.16,2.72,2.86,3.16,2.91,3,2.98,2.71,2.74,,,,,,,,,,,,,,
ARG,Copa De La Liga Profesional,2023,25/09/2023,22:30,Colon Santa Fe,Argentinos Jrs,3,1,H,2.95,3.16,2.64,3.5,3.32,2.64,2.88,3.09,2.5,,,,,,,,,,,,,,
ARG,Copa De La Liga Profesional,2023,25/09/2023,22:30,Godoy Cruz,Racing Club,1,1,D,2.29,3.36,3.35,2.41,3.36,3.45,2.27,3.21,3.13,,,,,,,,,,,,,,
ARG,Copa De La Liga Profesional,2023,26/09/2023,01:00,Atl. Tucuman,Arsenal Sarandi,1,0,H,1.72,3.54,5.8,1.75,3.59,6,1.69,3.41,5.36,,,,,,,,,,,,,,
ARG,Copa De La Liga Profesional,2023,26/09/2023,01:00,Talleres Cordoba,Barracas Central,4,0,H,1.67,3.69,5.96,1.67,4,7,1.59,3.62,5.95,,,,,,,,,,,,,,
ARG,Copa De La Liga Profesional,2023,30/09/2023,00:00,Tigre,Velez Sarsfield,0,0,D,2.3,2.85,4.04,3.75,3.03,4.1,2.37,2.85,3.58,,,,,,,,,,,,,,
ARG,Copa De La Liga Profesional,2023,30/09/2023,15:00,Arsenal Sarandi,Defensa y Justicia,1,0,H,2.43,3.07,3.39,3.3,3.2,3.39,2.48,3.03,3.03,,,,,,,,,,,,,,
ARG,Copa De La Liga Profesional,2023,30/09/2023,20:00,San Lorenzo,Huracan,1,1,D,2.62,2.68,3.59,2.68,2.8,3.8,2.52,2.59,3.45,,,,,,,,,,,,,,
ARG,Copa De La Liga Profesional,2023,30/09/2023,20:30,Rosario Central,Newells Old Boys,1,0,H,3.32,2.91,2.57,3.32,3.1,2.57,3.18,2.89,2.43,,,,,,,,,,,,,,
ARG,Copa De La Liga Profesional,2023,30/09/2023,23:00,Racing Club,Independiente,0,2,A,1.85,3.43,4.88,2.15,3.43,4.88,1.86,3.26,4.43,,,,,,,,,,,,,,
ARG,Copa De La Liga Profesional,2023,01/10/2023,01:30,Banfield,Lanus,1,0,H,2.47,2.82,3.65,2.54,2.98,3.65,2.38,2.81,3.36,,,,,,,,,,,,,,
ARG,Copa De La Liga Profesional,2023,01/10/2023,18:00,Boca Juniors,River Plate,0,2,A,4.41,3.3,1.98,4.59,3.34,2.14,4.12,3.21,1.94,,,,,,,,,,,,,,
ARG,Copa De La Liga Profesional,2023,01/10/2023,20:30,Colon Santa Fe,Union de Santa Fe,0,0,D,2.2,2.93,4.2,2.3,3.18,4.2,2.16,2.98,3.67,,,,,,,,,,,,,,
ARG,Copa De La Liga Profesional,2023,01/10/2023,21:00,Estudiantes L.P.,Gimnasia L.P.,0,0,D,1.91,3.29,4.85,1.96,3.64,5.5,1.79,3.32,4.77,,,,,,,,,,,,,,
ARG,Copa De La Liga Profesional,2023,01/10/2023,22:45,Talleres Cordoba,Belgrano,0,0,D,1.92,3.2,4.96,1.95,3.31,4.96,1.89,3.15,4.44,,,,,,,,,,,,,,
ARG,Copa De La Liga Profesional,2023,02/10/2023,22:30,Barracas Central,Sarmiento Junin,1,1,D,2.14,3.03,4.22,2.19,3.2,4.25,2.06,3.02,3.9,,,,,,,,,,,,,,
ARG,Copa De La Liga Profesional,2023,02/10/2023,22:30,Godoy Cruz,Instituto,1,1,D,2.49,2.86,3.54,3.25,3.01,3.54,2.54,2.87,3.09,,,,,,,,,,,,,,
ARG,Copa De La Liga Profesional,2023,03/10/2023,01:00,Atl. Tucuman,Central Cordoba,0,0,D,1.91,3.2,5.03,1.97,3.28,5.03,1.87,3.12,4.6,,,,,,,,,,,,,,
ARG,Copa De La Liga Profesional,2023,03/10/2023,01:00,Platense,Argentinos Jrs,0,0,D,3.28,2.93,2.59,3.38,3.1,2.63,3.16,2.85,2.47,,,,,,,,,,,,,,
ARG,Copa De La Liga Profesional,2023,07/10/2023,00:30,Rosario Central,Huracan,1,0,H,3.44,2.84,2.56,3.44,2.98,2.62,3.18,2.79,2.5,,,,,,,,,,,,,,
ARG,Copa De La Liga Profesional,2023,07/10/2023,20:30,San Lorenzo,Newells Old Boys,0,3,A,2.63,2.66,3.61,2.63,2.74,3.69,2.5,2.6,3.44,,,,,,,,,,,,,,
ARG,Copa De La Liga Profesional,2023,07/10/2023,23:00,Estudiantes L.P.,Godoy Cruz,0,1,A,2.17,3.06,4.04,2.17,3.22,4.45,2.07,3.03,3.87,,,,,,,,,,,,,,
ARG,Copa De La Liga Profesional,2023,07/10/2023,23:00,Lanus,Defensa y Justicia,0,2,A,1.9,3.47,4.55,2.12,3.47,4.75,1.91,3.25,4.14,,,,,,,,,,,,,,
ARG,Copa De La Liga Profesional,2023,08/10/2023,01:30,Argentinos Jrs,Independiente,0,0,D,2.1,3.09,4.26,2.13,3.25,4.28,2.03,3.03,3.96,,,,,,,,,,,,,,
ARG,Copa De La Liga Profesional,2023,08/10/2023,01:30,Central Cordoba,Tigre,1,0,H,3.4,3.02,2.45,3.8,3.14,2.53,3.17,2.94,2.4,,,,,,,,,,,,,,
ARG,Copa De La Liga Profesional,2023,08/10/2023,18:30,Instituto,Gimnasia L.P.,1,1,D,2.08,2.95,4.67,2.15,3.1,4.67,2.05,2.94,4.07,,,,,,,,,,,,,,
ARG,Copa De La Liga Profesional,2023,08/10/2023,18:30,Union de Santa Fe,Sarmiento Junin,1,0,H,1.88,3.14,5.34,1.95,3.4,5.34,1.84,3.13,4.73,,,,,,,,,,,,,,
ARG,Copa De La Liga Profesional,2023,08/10/2023,20:45,River Plate,Talleres Cordoba,1,0,H,1.6,4.16,5.87,1.64,4.16,6,1.58,3.9,5.47,,,,,,,,,,,,,,
ARG,Copa De La Liga Profesional,2023,08/10/2023,22:45,Racing Club,Platense,1,2,A,1.78,3.61,5.06,1.95,3.61,5.25,1.76,3.37,4.76,,,,,,,,,,,,,,
ARG,Copa De La Liga Profesional,2023,09/10/2023,22:00,Arsenal Sarandi,Banfield,0,0,D,3.55,2.9,2.46,3.55,2.98,2.46,3.37,2.82,2.37,,,,,,,,,,,,,,
ARG,Copa De La Liga Profesional,2023,09/10/2023,22:00,Barracas Central,Colon Santa Fe,2,1,H,2.6,2.84,2.91,2.75,3.1,3.09,2.56,2.94,2.9,,,,,,,,,,,,,,
ARG,Copa De La Liga Profesional,2023,10/10/2023,00:30,Velez Sarsfield,Atl. Tucuman,3,1,H,1.89,3.03,5.6,2.03,3.1,5.6,1.87,2.93,5.06,,,,,,,,,,,,,,
ARG,Copa De La Liga Profesional,2023,11/10/2023,00:00,Belgrano,Boca Juniors,4,3,H,2.58,2.96,3.24,2.87,3.1,3.24,2.54,2.89,2.99,,,,,,,,,,,,,,
ARG,Copa De La Liga Profesional,2023,16/10/2023,20:00,Banfield,Atl. Tucuman,0,0,D,1.93,3.13,5.11,2.15,3.13,5.11,1.93,3.02,4.58,,,,,,,,,,,,,,
ARG,Copa De La Liga Profesional,2023,16/10/2023,22:00,Central Cordoba,Lanus,0,0,D,3.15,2.87,2.73,3.19,3.01,2.77,2.97,2.83,2.62,,,,,,,,,,,,,,
ARG,Copa De La Liga Profesional,2023,17/10/2023,00:00,Defensa y Justicia,Belgrano,0,2,A,2.27,2.94,3.94,2.3,3.14,3.97,2.19,2.95,3.64,,,,,,,,,,,,,,
ARG,Copa De La Liga Profesional,2023,18/10/2023,23:00,Platense,Estudiantes L.P.,2,1,H,3.51,2.87,2.5,3.6,3,2.5,3.33,2.81,2.4,,,,,,,,,,,,,,
ARG,Copa De La Liga Profesional,2023,19/10/2023,01:00,Independiente,Barracas Central,3,0,H,1.89,3.18,5.19,1.91,3.4,5.5,1.81,3.16,4.9,,,,,,,,,,,,,,
ARG,Copa De La Liga Profesional,2023,19/10/2023,20:00,Gimnasia L.P.,Argentinos Jrs,3,2,H,3.27,3.12,2.49,3.35,3.12,2.49,3.15,3,2.37,,,,,,,,,,,,,,
ARG,Copa De La Liga Profesional,2023,19/10/2023,21:00,Godoy Cruz,San Lorenzo,1,0,H,2.26,2.83,4.22,2.36,2.9,4.22,2.18,2.77,3.92,,,,,,,,,,,,,,
ARG,Copa De La Liga Profesional,2023,19/10/2023,22:30,Colon Santa Fe,River Plate,2,2,D,3.82,3.73,1.99,4.21,3.78,2.02,3.72,3.52,1.93,,,,,,,,,,,,,,
ARG,Copa De La Liga Profesional,2023,20/10/2023,00:45,Rosario Central,Velez Sarsfield,1,1,D,2.99,2.87,2.86,2.99,3.1,2.86,2.78,2.88,2.74,,,,,,,,,,,,,,
ARG,Copa De La Liga Profesional,2023,20/10/2023,01:00,Sarmiento Junin,Racing Club,1,1,D,4.05,3.12,2,4.17,3.5,2.06,3.89,3.23,1.97,,,,,,,,,,,,,,
ARG,Copa De La Liga Profesional,2023,20/10/2023,20:45,Tigre,Newells Old Boys,0,2,A,2.61,2.86,3.33,2.7,2.95,3.33,2.53,2.82,3.1,,,,,,,,,,,,,,
ARG,Copa De La Liga Profesional,2023,20/10/2023,23:00,Huracan,Instituto,1,3,A,2.04,2.89,5.06,2.1,2.94,5.47,2,2.8,4.68,,,,,,,,,,,,,,
ARG,Copa De La Liga Profesional,2023,20/10/2023,23:00,Talleres Cordoba,Arsenal Sarandi,1,1,D,1.48,4.33,7.59,1.52,4.35,7.6,1.45,4.11,7.04,,,,,,,,,,,,,,
ARG,Copa De La Liga Profesional,2023,21/10/2023,01:30,Boca Juniors,Union de Santa Fe,2,1,H,1.81,3.29,5.63,1.85,3.31,6,1.79,3.16,5.06,,,,,,,,,,,,,,
ARG,Copa De La Liga Profesional,2023,23/10/2023,23:00,Estudiantes L.P.,Sarmiento Junin,2,1,H,1.49,4.07,8.27,1.58,4.07,8.5,1.48,3.84,7.35,,,,,,,,,,,,,,
ARG,Copa De La Liga Profesional,2023,24/10/2023,01:00,Velez Sarsfield,Banfield,0,1,A,2.1,2.91,4.67,2.18,3.04,4.8,2.02,2.88,4.35,,,,,,,,,,,,,,
ARG,Copa De La Liga Profesional,2023,24/10/2023,20:00,Barracas Central,Gimnasia L.P.,1,2,A,2.79,2.92,3.01,2.8,3.2,3.18,2.59,2.96,2.88,,,,,,,,,,,,,,
ARG,Copa De La Liga Profesional,2023,24/10/2023,21:00,Union de Santa Fe,Defensa y Justicia,0,0,D,2.38,3.19,3.34,2.41,3.42,3.36,2.3,3.15,3.14,,,,,,,,,,,,,,
ARG,Copa De La Liga Profesional,2023,24/10/2023,23:00,Racing Club,Boca Juniors,2,1,H,1.76,3.77,4.94,1.82,3.8,4.94,1.75,3.58,4.53,,,,,,,,,,,,,,
ARG,Copa De La Liga Profesional,2023,25/10/2023,01:30,Argentinos Jrs,Huracan,1,2,A,1.9,3.11,5.33,2.04,3.4,5.4,1.88,3.07,4.69,,,,,,,,,,,,,,
ARG,Copa De La Liga Profesional,2023,25/10/2023,01:30,Instituto,Rosario Central,0,0,D,1.95,3.15,4.84,1.98,3.32,4.85,1.9,3.11,4.47,,,,,,,,,,,,,,
ARG,Copa De La Liga Profesional,2023,25/10/2023,20:00,Arsenal Sarandi,Colon Santa Fe,1,0,H,3.11,3.02,2.63,3.55,3.16,2.64,3.09,2.97,2.43,,,,,,,,,,,,,,
ARG,Copa De La Liga Profesional,2023,25/10/2023,22:30,Atl. Tucuman,Talleres Cordoba,1,0,H,2.55,3.06,3.18,2.79,3.25,3.18,2.6,3.01,2.83,,,,,,,,,,,,,,
ARG,Copa De La Liga Profesional,2023,25/10/2023,22:30,Belgrano,Central Cordoba,1,1,D,1.89,3.14,5.29,2,3.26,5.4,1.89,3.05,4.68,,,,,,,,,,,,,,
ARG,Copa De La Liga Profesional,2023,26/10/2023,01:00,River Plate,Independiente,3,0,H,1.68,3.83,5.51,1.74,4,5.7,1.67,3.63,5.06,,,,,,,,,,,,,,
ARG,Copa De La Liga Profesional,2023,26/10/2023,22:30,San Lorenzo,Platense,1,1,D,2.11,2.77,5.04,2.3,2.85,5.04,2.16,2.64,4.36,,,,,,,,,,,,,,
ARG,Copa De La Liga Profesional,2023,27/10/2023,01:00,Lanus,Tigre,2,1,H,2.6,2.96,3.19,2.6,3.06,3.25,2.49,2.91,3.06,,,,,,,,,,,,,,
ARG,Copa De La Liga Profesional,2023,27/10/2023,01:00,Newells Old Boys,Godoy Cruz,0,2,A,2.15,3.04,4.18,2.2,3.09,4.39,2.1,2.92,3.96,,,,,,,,,,,,,,
ARG,Copa De La Liga Profesional,2023,28/10/2023,23:00,Boca Juniors,Estudiantes L.P.,0,0,D,3.12,2.94,2.68,3.12,3.12,3.41,2.94,2.92,2.59,,,,,,,,,,,,,,
ARG,Copa De La Liga Profesional,2023,29/10/2023,01:30,Instituto,Velez Sarsfield,0,1,A,2.57,2.73,3.6,2.62,2.9,3.69,2.43,2.71,3.42,,,,,,,,,,,,,,
ARG,Copa De La Liga Profesional,2023,29/10/2023,17:00,Colon Santa Fe,Atl. Tucuman,1,0,H,2.27,3.07,3.75,2.27,3.27,3.8,2.18,3.06,3.48,,,,,,,,,,,,,,
ARG,Copa De La Liga Profesional,2023,29/10/2023,19:30,Rosario Central,Argentinos Jrs,3,1,H,3.13,2.96,2.66,3.13,3.13,2.84,2.85,2.96,2.6,,,,,,,,,,,,,,
ARG,Copa De La Liga Profesional,2023,29/10/2023,20:30,Gimnasia L.P.,River Plate,1,2,A,5.41,3.95,1.67,5.45,3.96,1.72,4.99,3.74,1.65,,,,,,,,,,,,,,
ARG,Copa De La Liga Profesional,2023,30/10/2023,00:00,Independiente,Arsenal Sarandi,0,0,D,1.51,4.08,7.6,1.54,4.5,8.15,1.46,3.99,7.22,,,,,,,,,,,,,,
ARG,Copa De La Liga Profesional,2023,30/10/2023,19:00,Talleres Cordoba,Banfield,0,0,D,2.05,3.26,4.17,2.16,3.4,4.17,2.03,3.12,3.87,,,,,,,,,,,,,,
ARG,Copa De La Liga Profesional,2023,30/10/2023,21:30,Lanus,Belgrano,2,0,H,2.27,2.94,3.93,2.34,3.02,4.06,2.25,2.87,3.57,,,,,,,,,,,,,,
ARG,Copa De La Liga Profesional,2023,30/10/2023,22:00,Sarmiento Junin,San Lorenzo,0,0,D,3.62,2.77,2.52,3.62,2.8,2.52,3.39,2.73,2.43,,,,,,,,,,,,,,
ARG,Copa De La Liga Profesional,2023,31/10/2023,00:00,Huracan,Barracas Central,0,0,D,1.81,3.27,5.58,1.81,3.34,6.05,1.75,3.18,5.33,,,,,,,,,,,,,,
ARG,Copa De La Liga Profesional,2023,31/10/2023,00:15,Platense,Newells Old Boys,0,0,D,2.91,2.76,3.07,2.95,2.9,3.07,2.8,2.73,2.86,,,,,,,,,,,,,,
ARG,Copa De La Liga Profesional,2023,31/10/2023,22:00,Tigre,Godoy Cruz,1,0,H,2.66,3.01,3.08,2.75,3.11,3.35,2.52,2.92,3,,,,,,,,,,,,,,
ARG,Copa De La Liga Profesional,2023,01/11/2023,00:00,Central Cordoba,Union de Santa Fe,2,0,H,2.99,2.72,3.02,2.99,2.88,3.02,2.8,2.77,2.8,,,,,,,,,,,,,,
ARG,Copa De La Liga Profesional,2023,01/11/2023,23:00,Defensa y Justicia,Racing Club,2,2,D,2.88,3.45,2.52,2.88,3.6,2.65,2.75,3.33,2.43,,,,,,,,,,,,,,
ARG,Copa De La Liga Profesional,2023,03/11/2023,22:00,Arsenal Sarandi,Gimnasia L.P.,0,0,D,3.52,3.09,2.35,3.52,3.25,2.45,3.25,3.05,2.31,,,,,,,,,,,,,,
ARG,Copa De La Liga Profesional,2023,04/11/2023,00:00,River Plate,Huracan,1,2,A,1.48,4.3,7.83,1.53,4.35,8,1.45,4.14,7.2,,,,,,,,,,,,,,
ARG,Copa De La Liga Profesional,2023,04/11/2023,18:00,Argentinos Jrs,Instituto,1,2,A,1.88,3.35,4.83,1.97,3.4,5,1.84,3.24,4.65,,,,,,,,,,,,,,
ARG,Copa De La Liga Profesional,2023,05/11/2023,00:00,Atl. Tucuman,Independiente,1,2,A,3.32,2.6,2.88,3.32,2.85,2.96,3.06,2.66,2.75,,,,,,,,,,,,,,
ARG,Copa De La Liga Profesional,2023,05/11/2023,19:00,Velez Sarsfield,Talleres Cordoba,1,1,D,2.22,3.08,3.87,2.5,3.15,3.87,2.26,2.97,3.49,,,,,,,,,,,,,,
ARG,Copa De La Liga Profesional,2023,05/11/2023,19:30,Union de Santa Fe,Lanus,0,0,D,2.59,2.84,3.39,2.59,3.06,3.46,2.46,2.9,3.15,,,,,,,,,,,,,,
ARG,Copa De La Liga Profesional,2023,05/11/2023,21:30,Racing Club,Central Cordoba,1,1,D,1.6,3.96,6.28,1.65,3.96,6.28,1.59,3.78,5.72,,,,,,,,,,,,,,
ARG,Copa De La Liga Profesional,2023,05/11/2023,23:30,Estudiantes L.P.,Defensa y Justicia,2,1,H,1.85,3.44,4.85,1.95,3.5,4.85,1.87,3.36,4.23,,,,,,,,,,,,,,
ARG,Copa De La Liga Profesional,2023,06/11/2023,00:00,Newells Old Boys,Sarmiento Junin,0,1,A,1.74,3.43,5.96,1.74,3.55,6.05,1.69,3.37,5.63,,,,,,,,,,,,,,
ARG,Copa De La Liga Profesional,2023,06/11/2023,21:30,Barracas Central,Rosario Central,1,1,D,2.37,2.99,3.61,2.45,3.14,3.61,2.34,2.94,3.32,,,,,,,,,,,,,,
ARG,Copa De La Liga Profesional,2023,06/11/2023,21:30,Godoy Cruz,Platense,2,0,H,1.87,3.2,5.29,1.95,3.27,5.7,1.81,3.13,5.08,,,,,,,,,,,,,,
ARG,Copa De La Liga Profesional,2023,07/11/2023,00:00,Banfield,Colon Santa Fe,2,1,H,2.23,3,3.98,2.35,3.17,4,2.17,2.98,3.71,,,,,,,,,,,,,,
ARG,Copa De La Liga Profesional,2023,07/11/2023,00:00,Belgrano,Tigre,0,3,A,2.57,2.79,3.5,2.58,2.98,3.52,2.45,2.82,3.28,,,,,,,,,,,,,,
ARG,Copa De La Liga Profesional,2023,08/11/2023,22:00,San Lorenzo,Boca Juniors,1,1,D,2.93,2.76,3.04,3.11,2.88,3.25,2.76,2.73,2.93,,,,,,,,,,,,,,
ARG,Copa De La Liga Profesional,2023,10/11/2023,22:00,Central Cordoba,Estudiantes L.P.,0,1,A,3.36,3.06,2.44,3.36,3.15,2.48,3.19,2.98,2.37,,,,,,,,,,,,,,
ARG,Copa De La Liga Profesional,2023,11/11/2023,00:00,Gimnasia L.P.,Atl. Tucuman,1,2,A,2.31,3.06,3.65,2.34,3.2,3.75,2.22,2.99,3.47,,,,,,,,,,,,,,
ARG,Copa De La Liga Profesional,2023,11/11/2023,19:00,Argentinos Jrs,Velez Sarsfield,1,1,D,2.2,2.94,4.19,2.24,3.05,4.22,2.1,2.91,3.94,,,,,,,,,,,,,,
ARG,Copa De La Liga Profesional,2023,11/11/2023,21:30,Rosario Central,River Plate,3,1,H,4.63,3.89,1.78,4.63,3.9,1.83,4.3,3.69,1.76,,,,,,,,,,,,,,
ARG,Copa De La Liga Profesional,2023,11/11/2023,23:00,Lanus,Racing Club,0,2,A,2.48,3.11,3.24,2.65,3.22,3.24,2.47,3.04,2.95,,,,,,,,,,,,,,
ARG,Copa De La Liga Profesional,2023,12/11/2023,00:00,Huracan,Arsenal Sarandi,1,0,H,1.66,3.37,7.26,1.68,3.6,7.26,1.63,3.33,6.25,,,,,,,,,,,,,,
ARG,Copa De La Liga Profesional,2023,12/11/2023,17:30,Colon Santa Fe,Talleres Cordoba,3,0,H,2.39,3.22,3.3,2.4,3.25,3.35,2.32,3.09,3.12,,,,,,,,,,,,,,
ARG,Copa De La Liga Profesional,2023,12/11/2023,17:30,Defensa y Justicia,San Lorenzo,0,1,A,2.73,2.85,3.17,2.73,3,3.17,2.59,2.85,2.98,,,,,,,,,,,,,,
ARG,Copa De La Liga Profesional,2023,12/11/2023,19:45,Boca Juniors,Newells Old Boys,1,0,H,2.06,3.03,4.57,2.11,3.13,4.85,1.99,3.01,4.26,,,,,,,,,,,,,,
ARG,Copa De La Liga Profesional,2023,12/11/2023,19:45,Tigre,Platense,1,1,D,1.93,3.21,4.83,2.05,3.27,5.25,1.9,3.07,4.58,,,,,,,,,,,,,,
ARG,Copa De La Liga Profesional,2023,12/11/2023,22:00,Belgrano,Union de Santa Fe,4,1,H,2.7,2.74,3.36,2.7,2.8,3.38,2.58,2.73,3.13,,,,,,,,,,,,,,
ARG,Copa De La Liga Profesional,2023,12/11/2023,22:00,Independiente,Banfield,0,0,D,1.93,3.09,5.17,2.08,3.15,5.17,1.9,3,4.66,,,,,,,,,,,,,,
ARG,Copa De La Liga Profesional,2023,13/11/2023,22:00,Sarmiento Junin,Godoy Cruz,0,0,D,3.27,2.85,2.66,3.27,2.9,2.74,3.03,2.8,2.6,,,,,,,,,,,,,,
ARG,Copa De La Liga Profesional,2023,14/11/2023,00:00,Instituto,Barracas Central,0,0,D,1.73,3.38,6.16,1.83,3.5,6.4,1.69,3.24,5.72,,,,,,,,,,,,,,
ARG,Copa De La Liga Profesional,2023,25/11/2023,21:00,Banfield,Gimnasia L.P.,2,0,H,2.27,3.1,3.71,2.34,3.16,3.99,2.19,2.98,3.55,,,,,,,,,,,,,,
ARG,Copa De La Liga Profesional,2023,25/11/2023,21:00,Platense,Sarmiento Junin,1,0,H,2.28,2.9,4,2.28,3.1,4.25,2.19,2.9,3.73,,,,,,,,,,,,,,
ARG,Copa De La Liga Profesional,2023,25/11/2023,21:00,Union de Santa Fe,Tigre,1,0,H,2.11,3.06,4.28,2.15,3.25,4.35,2.05,3.06,3.88,,,,,,,,,,,,,,
ARG,Copa De La Liga Profesional,2023,25/11/2023,21:00,Velez Sarsfield,Colon Santa Fe,3,1,H,2.2,2.9,4.28,2.27,3.15,4.35,2.14,2.9,3.85,,,,,,,,,,,,,,
ARG,Copa De La Liga Profesional,2023,26/11/2023,21:00,Arsenal Sarandi,Rosario Central,1,2,A,4.32,3.6,1.9,5.2,3.78,1.9,4.52,3.49,1.77,,,,,,,,,,,,,,
ARG,Copa De La Liga Profesional,2023,26/11/2023,21:00,Atl. Tucuman,Huracan,0,2,A,2.57,2.76,3.56,2.74,3,3.56,2.5,2.75,3.26,,,,,,,,,,,,,,
ARG,Copa De La Liga Profesional,2023,26/11/2023,21:00,River Plate,Instituto,0,0,D,1.45,4.27,8.9,1.54,4.6,9.99,1.4,4.25,8.13,,,,,,,,,,,,,,
ARG,Copa De La Liga Profesional,2023,26/11/2023,21:00,Talleres Cordoba,Independiente,3,2,H,2.68,2.44,3.98,2.74,2.75,3.98,2.57,2.5,3.53,,,,,,,,,,,,,,
ARG,Copa De La Liga Profesional,2023,27/11/2023,00:30,Godoy Cruz,Boca Juniors,1,2,A,2.42,3.01,3.49,2.48,3.2,3.52,2.35,2.97,3.22,,,,,,,,,,,,,,
ARG,Copa De La Liga Profesional,2023,27/11/2023,22:00,Estudiantes L.P.,Lanus,1,1,D,1.72,3.69,5.37,2.04,3.69,5.6,1.77,3.41,4.73,,,,,,,,,,,,,,
ARG,Copa De La Liga Profesional,2023,27/11/2023,22:00,San Lorenzo,Central Cordoba,2,0,H,2.08,2.96,4.6,2.1,3.2,4.6,2.03,2.94,4.17,,,,,,,,,,,,,,
ARG,Copa De La Liga Profesional,2023,28/11/2023,00:30,Newells Old Boys,Defensa y Justicia,3,0,H,1.69,3.64,5.85,2.07,3.7,5.85,1.73,3.44,5.03,,,,,,,,,,,,,,
ARG,Copa De La Liga Profesional,2023,28/11/2023,00:30,Racing Club,Belgrano,4,1,H,2.06,3.21,4.14,2.17,3.35,4.21,2.03,3.15,3.82,,,,,,,,,,,,,,
ARG,Copa De La Liga Profesional,2023,28/11/2023,22:00,Barracas Central,Argentinos Jrs,1,1,D,3.71,2.87,2.41,3.71,3.08,2.48,3.39,2.85,2.35,,,,,,,,,,,,,,
ARG,Copa De La Liga Profesional,2023,01/12/2023,20:00,Gimnasia L.P.,Colon Santa Fe,1,0,H,3.83,3.03,2.26,3.85,3.1,2.34,3.62,2.97,2.2,,,,,,,,,,,,,,
ARG,Copa De La Liga Profesional,2023,02/12/2023,21:30,Huracan,Platense,1,1,D,2.55,2.68,3.73,2.56,2.89,3.9,2.4,2.68,3.61,,,,,,,,,,,,,,
ARG,Copa De La Liga Profesional,2023,03/12/2023,00:30,Godoy Cruz,Banfield,0,0,D,2.74,2.7,3.36,2.74,2.96,3.44,2.59,2.71,3.2,,,,,,,,,,,,,,
ARG,Copa De La Liga Profesional,2023,03/12/2023,21:30,River Plate,Belgrano,2,1,H,1.58,3.87,6.73,1.63,3.94,6.73,1.55,3.74,6.17,,,,,,,,,,,,,,
ARG,Copa De La Liga Profesional,2023,04/12/2023,00:30,Racing Club,Rosario Central,2,2,D,1.93,3.3,4.62,2.01,3.51,4.62,1.94,3.25,4.09,,,,,,,,,,,,,,
ARG,Copa De La Liga Profesional,2023,09/12/2023,21:00,Godoy Cruz,Platense,1,1,D,2.44,2.8,3.75,2.45,2.92,3.93,2.32,2.77,3.61,,,,,,,,,,,,,,
ARG,Copa De La Liga Profesional,2023,10/12/2023,01:00,River Plate,Rosario Central,0,0,D,1.62,4.15,5.59,1.63,4.2,6.28,1.58,3.97,5.39,,,,,,,,,,,,,,
ARG,Copa De La Liga Profesional,2023,17/12/2023,00:00,Rosario Central,Platense,1,0,H,2.74,2.8,3.21,2.74,2.88,3.27,2.61,2.75,3.05,,,,,,,,,,,,,,
ARG,Copa De La Liga Profesional,2024,25/01/2024,22:00,Instituto,Dep. Riestra,0,0,D,2.36,2.75,4.06,2.42,2.9,4.06,2.29,2.77,3.67,,,,,,,,,,,,,,
ARG,Copa De La Liga Profesional,2024,25/01/2024,22:00,Tigre,Sarmiento Junin,0,0,D,1.88,3.21,5.26,1.96,3.4,5.4,1.83,3.14,4.79,,,,,,,,,,,,,,
ARG,Copa De La Liga Profesional,2024,26/01/2024,00:15,Atl. Tucuman,Rosario Central,1,1,D,2.12,3.02,4.32,2.14,3.2,4.4,2.06,2.99,3.97,,,,,,,,,,,,,,
ARG,Copa De La Liga Profesional,2024,26/01/2024,00:15,Central Cordoba,Newells Old Boys,0,1,A,3.49,2.83,2.54,3.55,2.93,2.56,3.3,2.78,2.45,,,,,,,,,,,,,,
ARG,Copa De La Liga Profesional,2024,26/01/2024,21:00,Barracas Central,Velez Sarsfield,1,1,D,3.48,2.84,2.54,3.55,2.87,2.56,3.37,2.77,2.42,,,,,,,,,,,,,,
ARG,Copa De La Liga Profesional,2024,26/01/2024,22:00,Talleres Cordoba,Gimnasia L.P.,0,1,A,1.78,3.4,5.56,1.85,3.45,5.56,1.78,3.3,4.87,,,,,,,,,,,,,,
ARG,Copa De La Liga Profesional,2024,27/01/2024,00:15,Banfield,Huracan,0,2,A,3.01,2.68,3.05,3.01,2.88,3.2,2.82,2.65,2.95,,,,,,,,,,,,,,
ARG,Copa De La Liga Profesional,2024,27/01/2024,00:15,Ind. Rivadavia,Independiente,0,1,A,3.65,2.89,2.42,3.7,2.94,2.58,3.44,2.81,2.38,,,,,,,,,,,,,,
ARG,Copa De La Liga Profesional,2024,27/01/2024,20:00,San Lorenzo,Lanus,0,2,A,2.98,2.75,2.99,3,2.81,3.1,2.79,2.7,2.93,,,,,,,,,,,,,,
ARG,Copa De La Liga Profesional,2024,27/01/2024,22:00,Platense,Boca Juniors,0,0,D,3.97,2.91,2.28,4,3.16,2.28,3.68,2.93,2.19,,,,,,,,,,,,,,
ARG,Copa De La Liga Profesional,2024,28/01/2024,00:00,Racing Club,Union de Santa Fe,0,1,A,1.83,3.29,5.39,1.84,3.52,5.39,1.78,3.29,4.86,,,,,,,,,,,,,,
ARG,Copa De La Liga Profesional,2024,28/01/2024,20:00,Godoy Cruz,Defensa y Justicia,2,0,H,1.95,3.32,4.5,2.01,3.4,4.8,1.9,3.21,4.3,,,,,,,,,,,,,,
ARG,Copa De La Liga Profesional,2024,28/01/2024,22:00,River Plate,Argentinos Jrs,1,1,D,1.56,4.03,6.74,1.6,4.03,6.8,1.55,3.83,6.06,,,,,,,,,,,,,,
ARG,Copa De La Liga Profesional,2024,29/01/2024,00:00,Estudiantes L.P.,Belgrano,1,0,H,2,3.1,4.7,2.04,3.19,4.7,1.97,3.02,4.3,,,,,,,,,,,,,,
ARG,Copa De La Liga Profesional,2024,30/01/2024,00:00,Instituto,Atl. Tucuman,3,0,H,2.42,2.83,3.75,2.44,2.81,3.89,2.33,2.73,3.6,,,,,,,,,,,,,,
ARG,Copa De La Liga Profesional,2024,30/01/2024,20:00,Huracan,Talleres Cordoba,1,2,A,2.6,2.93,3.25,2.69,3,3.5,2.55,2.91,2.99,,,,,,,,,,,,,,
ARG,Copa De La Liga Profesional,2024,30/01/2024,22:15,Gimnasia L.P.,Ind. Rivadavia,2,3,A,1.88,3.2,5.2,2.05,3.25,5.2,1.91,3.1,4.48,,,,,,,,,,,,,,
ARG,Copa De La Liga Profesional,2024,30/01/2024,22:15,Rosario Central,Banfield,0,0,D,2.24,2.95,4.03,2.35,2.95,4.03,2.23,2.86,3.66,,,,,,,,,,,,,,
ARG,Copa De La Liga Profesional,2024,31/01/2024,00:30,Lanus,Newells Old Boys,0,2,A,2.53,2.84,3.24,2.68,2.9,3.55,2.55,2.79,3.1,,,,,,,,,,,,,,
ARG,Copa De La Liga Profesional,2024,31/01/2024,00:30,Velez Sarsfield,Independiente,0,1,A,2.77,2.79,3.2,2.77,2.9,3.2,2.65,2.79,2.97,,,,,,,,,,,,,,
ARG,Copa De La Liga Profesional,2024,31/01/2024,20:00,Argentinos Jrs,Dep. Riestra,2,0,H,2.04,3.03,4.68,2.09,3.35,5.14,1.97,3,4.38,,,,,,,,,,,,,,
ARG,Copa De La Liga Profesional,2024,31/01/2024,20:45,Defensa y Justicia,Platense,3,0,H,2.31,3.08,3.62,2.36,3.11,3.8,2.25,3,3.42,,,,,,,,,,,,,,
ARG,Copa De La Liga Profesional,2024,31/01/2024,22:15,Belgrano,San Lorenzo,1,1,D,2.14,2.84,4.65,2.2,3.1,4.65,2.12,2.83,4.12,,,,,,,,,,,,,,
ARG,Copa De La Liga Profesional,2024,31/01/2024,23:00,Racing Club,Tigre,3,0,H,1.88,3.38,4.76,1.95,3.5,4.76,1.87,3.31,4.29,,,,,,,,,,,,,,
ARG,Copa De La Liga Profesional,2024,01/02/2024,00:30,Barracas Central,River Plate,0,2,A,5.26,3.63,1.63,6,3.9,1.78,5.32,3.64,1.64,,,,,,,,,,,,,,
ARG,Copa De La Liga Profesional,2024,01/02/2024,22:00,Boca Juniors,Sarmiento Junin,1,1,D,1.58,3.77,7.2,1.7,3.77,7.6,1.59,3.57,6.26,,,,,,,,,,,,,,
ARG,Copa De La Liga Profesional,2024,02/02/2024,00:30,Central Cordoba,Godoy Cruz,0,2,A,4.45,2.92,2.14,4.5,3.06,2.31,4.03,2.91,2.1,,,,,,,,,,,,,,
ARG,Copa De La Liga Profesional,2024,02/02/2024,00:30,Union de Santa Fe,Estudiantes L.P.,0,1,A,2.75,2.93,3.05,2.9,3,3.06,2.66,2.84,2.92,,,,,,,,,,,,,,
ARG,Copa De La Liga Profesional,2024,03/02/2024,22:00,Independiente,Gimnasia L.P.,0,1,A,1.94,3.22,4.78,2.11,3.14,4.79,2,3.04,4.14,,,,,,,,,,,,,,
ARG,Copa De La Liga Profesional,2024,04/02/2024,00:15,Ind. Rivadavia,Huracan,2,0,H,3.15,2.87,2.73,3.15,3,2.73,3.02,2.84,2.58,,,,,,,,,,,,,,
ARG,Copa De La Liga Profesional,2024,04/02/2024,00:15,Talleres Cordoba,Rosario Central,4,1,H,1.78,3.41,5.56,1.9,3.45,5.75,1.77,3.3,4.97,,,,,,,,,,,,,,
ARG,Copa De La Liga Profesional,2024,04/02/2024,20:00,Dep. Riestra,Barracas Central,0,1,A,2.65,2.82,3.32,2.65,2.9,3.5,2.49,2.78,3.23,,,,,,,,,,,,,,
ARG,Copa De La Liga Profesional,2024,04/02/2024,22:15,River Plate,Velez Sarsfield,5,0,H,1.58,3.82,6.89,1.7,3.83,6.89,1.58,3.66,6,,,,,,,,,,,,,,
ARG,Copa De La Liga Profesional,2024,04/02/2024,23:30,Platense,Central Cordoba,1,0,H,2.08,2.97,4.63,2.2,3.1,4.63,2.07,2.93,4.07,,,,,,,,,,,,,,
ARG,Copa De La Liga Profesional,2024,05/02/2024,00:30,Newells Old Boys,Belgrano,1,0,H,1.93,3.06,5.44,2.07,3.1,5.44,1.9,2.98,4.83,,,,,,,,,,,,,,
ARG,Copa De La Liga Profesional,2024,05/02/2024,20:30,Godoy Cruz,Lanus,1,0,H,2.26,2.99,3.9,2.26,3.1,4,2.17,2.99,3.62,,,,,,,,,,,,,,
ARG,Copa De La Liga Profesional,2024,05/02/2024,21:00,San Lorenzo,Union de Santa Fe,0,0,D,2.38,2.65,4.24,2.38,2.8,4.24,2.3,2.68,3.81,,,,,,,,,,,,,,
ARG,Copa De La Liga Profesional,2024,05/02/2024,22:45,Tigre,Boca Juniors,0,2,A,3.58,2.9,2.45,3.7,3,2.5,3.49,2.84,2.32,,,,,,,,,,,,,,
ARG,Copa De La Liga Profesional,2024,06/02/2024,00:30,Estudiantes L.P.,Racing Club,0,0,D,2.26,3.12,3.7,2.26,3.25,3.73,2.17,3.06,3.51,,,,,,,,,,,,,,
ARG,Copa De La Liga Profesional,2024,06/02/2024,01:00,Banfield,Instituto,0,2,A,2.66,2.58,3.71,2.66,2.7,3.88,2.45,2.6,3.59,,,,,,,,,,,,,,
ARG,Copa De La Liga Profesional,2024,09/02/2024,00:15,Huracan,Independiente,0,0,D,2.67,2.73,3.42,2.82,2.8,3.42,2.64,2.69,3.11,,,,,,,,,,,,,,
ARG,Copa De La Liga Profesional,2024,08/02/2024,22:30,Rosario Central,Ind. Rivadavia,1,0,H,2.04,3.15,4.43,2.13,3.2,4.5,2.02,3.05,4.07,,,,,,,,,,,,,,
ARG,Copa De La Liga Profesional,2024,07/02/2024,00:15,Atl. Tucuman,Argentinos Jrs,0,0,D,2.58,2.92,3.31,2.64,3,3.35,2.48,2.86,3.15,,,,,,,,,,,,,,
ARG,Copa De La Liga Profesional,2024,06/02/2024,22:00,Sarmiento Junin,Defensa y Justicia,2,3,A,2.98,2.89,2.84,3.06,2.92,2.94,2.81,2.85,2.77,,,,,,,,,,,,,,
ARG,Copa De La Liga Profesional,2024,09/02/2024,22:00,Estudiantes L.P.,Tigre,2,0,H,1.68,3.64,5.98,1.8,3.8,5.98,1.67,3.49,5.41,,,,,,,,,,,,,,
ARG,Copa De La Liga Profesional,2024,09/02/2024,22:00,Union de Santa Fe,Newells Old Boys,1,3,A,3.16,2.73,2.85,3.28,2.76,2.89,3.05,2.67,2.72,,,,,,,,,,,,,,
ARG,Copa De La Liga Profesional,2024,10/02/2024,00:15,Racing Club,San Lorenzo,4,1,H,2.27,2.94,3.97,2.28,3,4.52,2.16,2.9,3.8,,,,,,,,,,,,,,
ARG,Copa De La Liga Profesional,2024,10/02/2024,00:15,Velez Sarsfield,Gimnasia L.P.,3,1,H,2.21,3.07,3.91,2.25,3.18,4.01,2.14,2.98,3.72,,,,,,,,,,,,,,
ARG,Copa De La Liga Profesional,2024,10/02/2024,20:00,Argentinos Jrs,Banfield,4,2,H,2.21,2.91,4.23,2.21,3,4.38,2.11,2.88,4.01,,,,,,,,,,,,,,
ARG,Copa De La Liga Profesional,2024,10/02/2024,22:15,Boca Juniors,Defensa y Justicia,0,0,D,1.71,3.65,5.61,1.78,3.75,5.61,1.71,3.51,4.97,,,,,,,,,,,,,,
ARG,Copa De La Liga Profesional,2024,11/02/2024,00:30,Belgrano,Godoy Cruz,0,1,A,2.42,2.95,3.55,2.82,3.1,3.55,2.43,2.84,3.26,,,,,,,,,,,,,,
ARG,Copa De La Liga Profesional,2024,11/02/2024,00:30,Central Cordoba,Sarmiento Junin,3,0,H,2.73,2.68,3.41,2.82,2.8,3.41,2.62,2.68,3.18,,,,,,,,,,,,,,
ARG,Copa De La Liga Profesional,2024,11/02/2024,20:00,Dep. Riestra,River Plate,0,3,A,7.33,4.26,1.5,7.33,4.5,1.53,6.55,4.1,1.48,,,,,,,,,,,,,,
ARG,Copa De La Liga Profesional,2024,11/02/2024,22:00,Lanus,Platense,3,0,H,2.04,3.04,4.64,2.1,3.1,4.64,2.02,2.97,4.17,,,,,,,,,,,,,,
ARG,Copa De La Liga Profesional,2024,12/02/2024,00:00,Barracas Central,Atl. Tucuman,2,0,H,2.97,2.8,2.96,2.97,2.86,3.26,2.79,2.75,2.86,,,,,,,,,,,,,,
ARG,Copa De La Liga Profesional,2024,12/02/2024,22:00,Instituto,Talleres Cordoba,2,2,D,3.73,2.94,2.36,3.73,3,2.38,3.44,2.87,2.31,,,,,,,,,,,,,,
ARG,Copa De La Liga Profesional,2024,13/02/2024,00:00,Newells Old Boys,Racing Club,0,4,A,2.17,3.13,3.93,2.2,3.15,4.25,2.11,3.02,3.76,,,,,,,,,,,,,,
ARG,Copa De La Liga Profesional,2024,13/02/2024,20:00,San Lorenzo,Estudiantes L.P.,1,1,D,3.62,2.86,2.45,3.62,3,2.55,3.37,2.81,2.39,,,,,,,,,,,,,,
ARG,Copa De La Liga Profesional,2024,13/02/2024,22:15,Gimnasia L.P.,Huracan,3,1,H,2.72,2.94,3.07,2.78,3.06,3.25,2.57,2.94,2.96,,,,,,,,,,,,,,
ARG,Copa De La Liga Profesional,2024,14/02/2024,00:30,Godoy Cruz,Union de Santa Fe,0,0,D,2.12,3.01,4.32,2.25,3.16,4.48,2.11,2.93,3.89,,,,,,,,,,,,,,
ARG,Copa De La Liga Profesional,2024,14/02/2024,00:30,Independiente,Rosario Central,1,0,H,2.02,3.16,4.48,2.08,3.3,4.8,1.95,3.13,4.19,,,,,,,,,,,,,,
ARG,Copa De La Liga Profesional,2024,14/02/2024,20:00,Sarmiento Junin,Lanus,0,1,A,4.01,2.97,2.23,4.01,3,2.57,3.65,2.9,2.22,,,,,,,,,,,,,,
ARG,Copa De La Liga Profesional,2024,14/02/2024,20:00,Tigre,Defensa y Justicia,0,1,A,2.93,2.96,2.82,2.93,3.05,3.19,2.77,2.92,2.73,,,,,,,,,,,,,,
ARG,Copa De La Liga Profesional,2024,14/02/2024,22:15,Banfield,Barracas Central,0,0,D,2.54,2.71,3.68,2.64,2.8,3.93,2.48,2.7,3.38,,,,,,,,,,,,,,
ARG,Copa De La Liga Profesional,2024,14/02/2024,22:15,Boca Juniors,Central Cordoba,2,0,H,1.35,4.87,10.77,1.48,5,10.77,1.35,4.55,9.25,,,,,,,,,,,,,,
ARG,Copa De La Liga Profesional,2024,15/02/2024,00:30,Atl. Tucuman,River Plate,0,0,D,4.01,3.47,2.01,4.33,3.47,2.01,3.96,3.26,1.95,,,,,,,,,,,,,,
ARG,Copa De La Liga Profesional,2024,15/02/2024,20:00,Dep. Riestra,Velez Sarsfield,1,2,A,4,2.96,2.24,4,3,2.25,3.73,2.91,2.19,,,,,,,,,,,,,,
ARG,Copa De La Liga Profesional,2024,15/02/2024,22:00,Platense,Belgrano,1,1,D,2.44,2.91,3.57,2.67,2.96,3.6,2.39,2.83,3.36,,,,,,,,,,,,,,
ARG,Copa De La Liga Profesional,2024,16/02/2024,00:00,Ind. Rivadavia,Instituto,0,2,A,3.63,2.64,2.64,3.63,2.8,2.85,3.27,2.67,2.57,,,,,,,,,,,,,,
ARG,Copa De La Liga Profesional,2024,16/02/2024,00:30,Talleres Cordoba,Argentinos Jrs,2,1,H,1.87,3.44,4.76,2,3.44,4.76,1.9,3.29,4.17,,,,,,,,,,,,,,
ARG,Copa De La Liga Profesional,2024,17/02/2024,20:00,San Lorenzo,Tigre,2,0,H,1.79,3.32,5.72,1.86,3.5,5.72,1.79,3.23,4.99,,,,,,,,,,,,,,
ARG,Copa De La Liga Profesional,2024,17/02/2024,22:00,Racing Club,Godoy Cruz,0,2,A,1.7,3.56,5.89,1.75,3.65,6,1.69,3.45,5.37,,,,,,,,,,,,,,
ARG,Copa De La Liga Profesional,2024,18/02/2024,00:00,Rosario Central,Gimnasia L.P.,2,1,H,2.46,3.11,3.28,2.58,3.11,3.3,2.42,2.99,3.08,,,,,,,,,,,,,,
ARG,Copa De La Liga Profesional,2024,18/02/2024,20:00,Instituto,Independiente,0,2,A,2.65,2.81,3.34,2.68,3,3.35,2.6,2.72,3.13,,,,,,,,,,,,,,
ARG,Copa De La Liga Profesional,2024,18/02/2024,20:00,Velez Sarsfield,Huracan,1,0,H,2.03,3.25,4.26,2.08,3.35,4.5,1.98,3.13,4.05,,,,,,,,,,,,,,
ARG,Copa De La Liga Profesional,2024,18/02/2024,22:15,River Plate,Banfield,1,1,D,1.42,4.47,9.09,1.46,4.47,9.09,1.42,4.12,7.9,,,,,,,,,,,,,,
ARG,Copa De La Liga Profesional,2024,19/02/2024,00:30,Lanus,Boca Juniors,2,1,H,3.4,2.96,2.49,3.5,3.1,2.62,3.24,2.87,2.41,,,,,,,,,,,,,,
ARG,Copa De La Liga Profesional,2024,19/02/2024,20:00,Dep. Riestra,Atl. Tucuman,1,0,H,3.21,2.83,2.72,3.3,3,2.72,3.04,2.82,2.58,,,,,,,,,,,,,,
ARG,Copa De La Liga Profesional,2024,19/02/2024,22:15,Barracas Central,Talleres Cordoba,2,1,H,4.37,3.48,1.93,4.39,3.6,2.05,3.98,3.36,1.92,,,,,,,,,,,,,,
ARG,Copa De La Liga Profesional,2024,19/02/2024,22:15,Estudiantes L.P.,Newells Old Boys,2,0,H,2.15,3.02,4.19,2.2,3.14,4.19,2.1,2.99,3.84,,,,,,,,,,,,,,
ARG,Copa De La Liga Profesional,2024,20/02/2024,00:30,Belgrano,Sarmiento Junin,4,1,H,1.92,3.09,5.23,2.1,3.19,5.39,1.93,2.95,4.69,,,,,,,,,,,,,,
ARG,Copa De La Liga Profesional,2024,20/02/2024,00:30,Union de Santa Fe,Platense,0,0,D,2.17,2.91,4.35,2.26,3,4.35,2.17,2.83,3.88,,,,,,,,,,,,,,
ARG,Copa De La Liga Profesional,2024,20/02/2024,22:30,Argentinos Jrs,Ind. Rivadavia,2,1,H,1.68,3.5,6.42,1.75,3.5,6.42,1.67,3.4,5.58,,,,,,,,,,,,,,
ARG,Copa De La Liga Profesional,2024,20/02/2024,23:00,Defensa y Justicia,Central Cordoba,1,1,D,1.66,3.88,5.69,1.66,4,6.37,1.61,3.74,5.49,,,,,,,,,,,,,,
ARG,Copa De La Liga Profesional,2024,24/02/2024,20:00,Independiente,Racing Club,0,1,A,2.75,2.92,3.06,2.9,3,3.06,2.68,2.86,2.87,,,,,,,,,,,,,,
ARG,Copa De La Liga Profesional,2024,24/02/2024,22:30,Belgrano,Talleres Cordoba,2,2,D,3.24,3.01,2.55,3.25,3.1,2.55,3.13,2.93,2.44,,,,,,,,,,,,,,
ARG,Copa De La Liga Profesional,2024,24/02/2024,22:30,Huracan,San Lorenzo,0,0,D,2.79,2.7,3.29,2.81,2.75,3.3,2.69,2.64,3.12,,,,,,,,,,,,,,
ARG,Copa De La Liga Profesional,2024,25/02/2024,01:00,Sarmiento Junin,Barracas Central,0,0,D,2.77,2.81,3.17,2.8,2.88,3.25,2.61,2.78,3.04,,,,,,,,,,,,,,
ARG,Copa De La Liga Profesional,2024,25/02/2024,01:00,Union de Santa Fe,Ind. Rivadavia,4,1,H,1.81,3.26,5.72,1.85,3.29,6,1.78,3.12,5.29,,,,,,,,,,,,,,
ARG,Copa De La Liga Profesional,2024,25/02/2024,20:00,River Plate,Boca Juniors,1,1,D,1.91,3.37,4.69,2.02,3.45,4.7,1.9,3.21,4.28,,,,,,,,,,,,,,
ARG,Copa De La Liga Profesional,2024,25/02/2024,22:30,Gimnasia L.P.,Estudiantes L.P.,0,0,D,3.47,2.99,2.44,3.57,3.05,2.44,3.34,2.92,2.32,,,,,,,,,,,,,,
ARG,Copa De La Liga Profesional,2024,25/02/2024,22:45,Newells Old Boys,Rosario Central,0,1,A,2.14,3,4.29,2.16,3.05,4.5,2.07,2.9,4.11,,,,,,,,,,,,,,
ARG,Copa De La Liga Profesional,2024,26/02/2024,01:00,Instituto,Godoy Cruz,0,2,A,1.89,3.18,5.2,2.06,3.18,5.25,1.92,2.98,4.72,,,,,,,,,,,,,,
ARG,Copa De La Liga Profesional,2024,26/02/2024,01:00,Lanus,Banfield,1,1,D,2.06,2.95,4.75,2.13,3,4.75,2.04,2.87,4.27,,,,,,,,,,,,,,
ARG,Copa De La Liga Profesional,2024,26/02/2024,22:00,Defensa y Justicia,Dep. Riestra,1,1,D,1.68,3.81,5.61,1.75,3.81,5.9,1.68,3.59,5.16,,,,,,,,,,,,,,
ARG,Copa De La Liga Profesional,2024,26/02/2024,22:30,Argentinos Jrs,Platense,3,1,H,2.13,2.98,4.36,2.13,3.1,4.36,2.07,2.91,4.05,,,,,,,,,,,,,,
ARG,Copa De La Liga Profesional,2024,27/02/2024,00:30,Velez Sarsfield,Tigre,2,2,D,1.52,4.09,7.38,1.55,4.1,7.6,1.5,3.91,6.75,,,,,,,,,,,,,,
ARG,Copa De La Liga Profesional,2024,27/02/2024,00:45,Central Cordoba,Atl. Tucuman,0,0,D,3.04,2.9,2.79,3.2,2.98,2.79,2.92,2.84,2.65,,,,,,,,,,,,,,
ARG,Copa De La Liga Profesional,2024,29/02/2024,22:00,Gimnasia L.P.,Instituto,1,3,A,2.5,2.99,3.36,2.6,3.1,3.36,2.44,2.91,3.13,,,,,,,,,,,,,,
ARG,Copa De La Liga Profesional,2024,01/03/2024,00:15,Huracan,Rosario Central,2,0,H,2.27,2.94,3.95,2.3,3.1,3.95,2.21,2.91,3.62,,,,,,,,,,,,,,
ARG,Copa De La Liga Profesional,2024,01/03/2024,00:15,Ind. Rivadavia,Barracas Central,1,3,A,2.68,2.93,3.13,2.7,3.11,3.2,2.54,2.93,2.97,,,,,,,,,,,,,,
ARG,Copa De La Liga Profesional,2024,01/03/2024,22:00,Tigre,Central Cordoba,1,0,H,2.21,3.1,3.86,2.33,3.25,3.86,2.21,2.99,3.5,,,,,,,,,,,,,,
ARG,Copa De La Liga Profesional,2024,02/03/2024,00:15,Banfield,Dep. Riestra,2,0,H,1.99,2.92,5.29,2.12,3.06,5.29,1.96,2.93,4.56,,,,,,,,,,,,,,
ARG,Copa De La Liga Profesional,2024,02/03/2024,00:15,Platense,Racing Club,0,0,D,3.95,3.09,2.19,4,3.1,2.2,3.69,2.99,2.13,,,,,,,,,,,,,,
ARG,Copa De La Liga Profesional,2024,02/03/2024,20:00,Sarmiento Junin,Union de Santa Fe,1,2,A,2.78,2.69,3.33,2.85,2.8,3.58,2.63,2.64,3.19,,,,,,,,,,,,,,
ARG,Copa De La Liga Profesional,2024,02/03/2024,22:00,Atl. Tucuman,Velez Sarsfield,0,0,D,2.79,2.92,3.02,2.79,3.1,3.02,2.67,2.88,2.85,,,,,,,,,,,,,,
ARG,Copa De La Liga Profesional,2024,02/03/2024,22:15,Independiente,Argentinos Jrs,2,1,H,2.14,2.95,4.38,2.33,3,4.38,2.13,2.88,3.95,,,,,,,,,,,,,,
ARG,Copa De La Liga Profesional,2024,03/03/2024,00:30,Talleres Cordoba,River Plate,2,2,D,3.06,3.36,2.45,3.17,3.36,2.45,2.96,3.21,2.35,,,,,,,,,,,,,,
ARG,Copa De La Liga Profesional,2024,03/03/2024,20:00,Defensa y Justicia,Lanus,0,4,A,2.67,2.96,3.11,2.7,3.15,3.11,2.57,2.93,2.94,,,,,,,,,,,,,,
ARG,Copa De La Liga Profesional,2024,03/03/2024,20:00,Godoy Cruz,Estudiantes L.P.,1,2,A,3.19,2.97,2.61,3.2,3.1,3.2,2.97,2.92,2.55,,,,,,,,,,,,,,
ARG,Copa De La Liga Profesional,2024,03/03/2024,22:15,Boca Juniors,Belgrano,3,2,H,1.68,3.61,6.05,1.78,3.65,6.05,1.68,3.46,5.25,,,,,,,,,,,,,,
ARG,Copa De La Liga Profesional,2024,04/03/2024,00:30,Newells Old Boys,San Lorenzo,2,2,D,2.2,2.86,3.97,2.26,2.9,4.23,2.18,2.77,3.91,,,,,,,,,,,,,,
ARG,Copa De La Liga Profesional,2024,05/03/2024,00:00,Instituto,Huracan,2,0,H,2.16,2.96,4.27,2.25,3,4.27,2.12,2.89,3.91,,,,,,,,,,,,,,
ARG,Copa De La Liga Profesional,2024,05/03/2024,22:00,Barracas Central,Independiente,2,2,D,3.89,3.03,2.24,4,3.11,2.29,3.63,2.99,2.16,,,,,,,,,,,,,,
ARG,Copa De La Liga Profesional,2024,05/03/2024,23:00,Racing Club,Sarmiento Junin,0,1,A,1.37,4.7,10.24,1.43,4.75,10.24,1.37,4.48,8.5,,,,,,,,,,,,,,
ARG,Copa De La Liga Profesional,2024,06/03/2024,00:30,Velez Sarsfield,Rosario Central,1,0,H,1.96,3.17,4.76,2.05,3.3,4.76,1.92,3.15,4.29,,,,,,,,,,,,,,
ARG,Copa De La Liga Profesional,2024,06/03/2024,20:00,Argentinos Jrs,Gimnasia L.P.,2,0,H,1.93,3.49,4.33,1.97,3.5,4.5,1.91,3.38,3.95,,,,,,,,,,,,,,
ARG,Copa De La Liga Profesional,2024,06/03/2024,22:15,Estudiantes L.P.,Platense,1,2,A,1.78,3.35,5.72,1.8,3.46,6.08,1.73,3.23,5.34,,,,,,,,,,,,,,
ARG,Copa De La Liga Profesional,2024,06/03/2024,22:15,Union de Santa Fe,Boca Juniors,1,0,H,3.44,2.98,2.46,3.65,3,2.5,3.29,2.87,2.38,,,,,,,,,,,,,,
ARG,Copa De La Liga Profesional,2024,07/03/2024,00:30,Atl. Tucuman,Banfield,0,3,A,2.22,2.93,4.11,2.25,3,4.5,2.15,2.86,3.89,,,,,,,,,,,,,,
ARG,Copa De La Liga Profesional,2024,07/03/2024,00:30,River Plate,Ind. Rivadavia,2,0,H,1.23,6.52,12.74,1.27,7,14.5,1.21,6.12,11.49,,,,,,,,,,,,,,
ARG,Copa De La Liga Profesional,2024,07/03/2024,20:00,Dep. Riestra,Talleres Cordoba,0,1,A,5.54,3.46,1.76,5.6,3.55,1.9,4.9,3.27,1.79,,,,,,,,,,,,,,
ARG,Copa De La Liga Profesional,2024,07/03/2024,22:00,Lanus,Central Cordoba,0,1,A,1.6,3.72,7.04,1.69,3.81,7.2,1.59,3.56,6.33,,,,,,,,,,,,,,
ARG,Copa De La Liga Profesional,2024,08/03/2024,00:15,Belgrano,Defensa y Justicia,1,1,D,2.36,3.09,3.5,2.47,3.13,3.51,2.35,3.02,3.16,,,,,,,,,,,,,,
ARG,Copa De La Liga Profesional,2024,08/03/2024,00:15,Newells Old Boys,Tigre,1,0,H,1.62,3.74,6.54,1.69,3.75,6.54,1.63,3.49,5.76,,,,,,,,,,,,,,
ARG,Copa De La Liga Profesional,2024,09/03/2024,20:00,Gimnasia L.P.,Barracas Central,2,0,H,2.27,3.17,3.59,2.3,3.25,3.65,2.21,3.15,3.3,,,,,,,,,,,,,,
ARG,Copa De La Liga Profesional,2024,09/03/2024,20:00,Sarmiento Junin,Estudiantes L.P.,3,1,H,3.35,3.01,2.48,3.35,3.1,2.53,3.18,2.94,2.4,,,,,,,,,,,,,,
ARG,Copa De La Liga Profesional,2024,09/03/2024,22:15,Independiente,River Plate,1,1,D,3.33,3.18,2.39,3.46,3.2,2.42,3.19,3.06,2.31,,,,,,,,,,,,,,
ARG,Copa De La Liga Profesional,2024,10/03/2024,00:30,Platense,San Lorenzo,0,0,D,3.13,2.6,3.05,3.13,2.75,3.21,2.89,2.53,3.03,,,,,,,,,,,,,,
ARG,Copa De La Liga Profesional,2024,10/03/2024,00:30,Rosario Central,Instituto,1,0,H,2.65,2.85,3.29,2.76,2.95,3.3,2.61,2.79,3.03,,,,,,,,,,,,,,
ARG,Copa De La Liga Profesional,2024,10/03/2024,20:00,Godoy Cruz,Newells Old Boys,1,1,D,2.09,2.98,4.52,2.11,3.1,4.66,2.02,2.95,4.18,,,,,,,,,,,,,,
ARG,Copa De La Liga Profesional,2024,10/03/2024,20:00,Huracan,Argentinos Jrs,1,1,D,2.36,2.97,3.66,2.4,3.1,3.66,2.32,2.9,3.36,,,,,,,,,,,,,,
ARG,Copa De La Liga Profesional,2024,10/03/2024,22:15,Defensa y Justicia,Union de Santa Fe,2,1,H,2.29,3.03,3.74,2.29,3.03,3.8,2.21,2.94,3.57,,,,,,,,,,,,,,
ARG,Copa De La Liga Profesional,2024,10/03/2024,22:15,Talleres Cordoba,Atl. Tucuman,4,1,H,2,3.34,4.27,2.05,3.35,4.5,1.97,3.23,3.93,,,,,,,,,,,,,,
ARG,Copa De La Liga Profesional,2024,11/03/2024,00:30,Boca Juniors,Racing Club,4,2,H,3.06,3,2.68,3.1,3.17,2.71,2.85,2.99,2.59,,,,,,,,,,,,,,
ARG,Copa De La Liga Profesional,2024,11/03/2024,22:15,Tigre,Lanus,2,3,A,4.01,2.97,2.24,4.04,3.16,2.3,3.64,2.97,2.17,,,,,,,,,,,,,,
ARG,Copa De La Liga Profesional,2024,12/03/2024,00:15,Ind. Rivadavia,Dep. Riestra,1,2,A,2.28,2.98,3.86,2.35,3.1,3.86,2.24,2.91,3.54,,,,,,,,,,,,,,
ARG,Copa De La Liga Profesional,2024,12/03/2024,00:45,Banfield,Velez Sarsfield,1,2,A,3.08,2.88,2.77,3.08,3,2.75,2.9,2.85,2.64,,,,,,,,,,,,,,
ARG,Copa De La Liga Profesional,2024,13/03/2024,00:15,Central Cordoba,Belgrano,2,2,D,3.09,3.01,2.65,3.12,3.01,2.7,2.94,2.9,2.58,,,,,,,,,,,,,,
ARG,Copa De La Liga Profesional,2024,15/03/2024,19:30,Dep. Riestra,Independiente,1,0,H,5.35,3.15,1.88,5.5,3.15,2,4.99,3.02,1.86,,,,,,,,,,,,,,
ARG,Copa De La Liga Profesional,2024,16/03/2024,00:00,Newells Old Boys,Platense,0,0,D,1.91,3.11,5.28,2.03,3.2,5.5,1.95,2.97,4.63,,,,,,,,,,,,,,
ARG,Copa De La Liga Profesional,2024,16/03/2024,20:00,San Lorenzo,Sarmiento Junin,1,0,H,1.8,3.22,5.87,1.85,3.27,6.1,1.76,3.11,5.54,,,,,,,,,,,,,,
ARG,Copa De La Liga Profesional,2024,16/03/2024,22:15,Racing Club,Defensa y Justicia,1,1,D,1.63,3.9,6.01,1.64,4.1,6.16,1.58,3.88,5.55,,,,,,,,,,,,,,
ARG,Copa De La Liga Profesional,2024,17/03/2024,00:30,Atl. Tucuman,Ind. Rivadavia,2,2,D,1.75,3.54,5.48,1.76,3.57,5.61,1.72,3.42,5.14,,,,,,,,,,,,,,
ARG,Copa De La Liga Profesional,2024,17/03/2024,00:30,Velez Sarsfield,Instituto,1,0,H,2.25,2.96,3.67,2.33,3.1,3.73,2.22,2.95,3.52,,,,,,,,,,,,,,
ARG,Copa De La Liga Profesional,2024,17/03/2024,19:00,Barracas Central,Huracan,1,0,H,3.54,2.92,2.45,3.54,3.05,2.45,3.28,2.91,2.38,,,,,,,,,,,,,,
ARG,Copa De La Liga Profesional,2024,17/03/2024,19:00,Godoy Cruz,Tigre,1,0,H,1.54,4.1,6.92,1.56,4.2,7.09,1.52,3.97,6.31,,,,,,,,,,,,,,
ARG,Copa De La Liga Profesional,2024,17/03/2024,21:30,River Plate,Gimnasia L.P.,3,1,H,1.4,5.09,7.78,1.4,5.15,8.19,1.36,4.87,7.58,,,,,,,,,,,,,,
ARG,Copa De La Liga Profesional,2024,18/03/2024,00:00,Banfield,Talleres Cordoba,0,0,D,3.11,3.02,2.64,3.11,3.1,2.72,2.92,2.98,2.54,,,,,,,,,,,,,,
ARG,Copa De La Liga Profesional,2024,19/03/2024,00:15,Union de Santa Fe,Central Cordoba,2,2,D,1.75,3.48,5.68,1.83,3.56,5.9,1.74,3.32,5.08,,,,,,,,,,,,,,
ARG,Copa De La Liga Profesional,2024,20/03/2024,00:15,Argentinos Jrs,Rosario Central,3,0,H,1.93,3.29,4.66,1.97,3.4,4.75,1.89,3.25,4.22,,,,,,,,,,,,,,
ARG,Copa De La Liga Profesional,2024,21/03/2024,00:15,Belgrano,Lanus,0,1,A,3.22,3.14,2.47,3.22,3.38,2.47,3.1,3.06,2.36,,,,,,,,,,,,,,
ARG,Copa De La Liga Profesional,2024,21/03/2024,22:00,San Lorenzo,Godoy Cruz,1,0,H,2.79,2.8,3.1,2.8,2.88,3.4,2.66,2.78,2.99,,,,,,,,,,,,,,
ARG,Copa De La Liga Profesional,2024,28/03/2024,00:30,Lanus,Union de Santa Fe,2,2,D,1.98,3.13,4.64,2.07,3.25,4.64,1.98,3.02,4.24,,,,,,,,,,,,,,
ARG,Copa De La Liga Profesional,2024,28/03/2024,23:00,Rosario Central,Barracas Central,1,2,A,2.06,3.17,4.17,2.1,3.3,4.2,2.02,3.13,3.85,,,,,,,,,,,,,,
ARG,Copa De La Liga Profesional,2024,29/03/2024,00:00,Instituto,Argentinos Jrs,1,2,A,2.32,2.93,3.76,2.42,3.3,3.78,2.3,2.96,3.33,,,,,,,,,,,,,,
ARG,Copa De La Liga Profesional,2024,29/03/2024,21:00,Defensa y Justicia,Estudiantes L.P.,1,0,H,3.53,3.37,2.18,3.53,3.4,2.45,3.16,3.2,2.25,,,,,,,,,,,,,,
ARG,Copa De La Liga Profesional,2024,29/03/2024,21:00,Tigre,Belgrano,1,4,A,2.78,3.04,2.86,3.2,3.2,2.93,2.65,3.01,2.76,,,,,,,,,,,,,,
ARG,Copa De La Liga Profesional,2024,29/03/2024,23:30,Huracan,River Plate,1,0,H,4.42,3.44,1.91,4.58,3.5,1.96,4.14,3.35,1.88,,,,,,,,,,,,,,
ARG,Copa De La Liga Profesional,2024,30/03/2024,20:00,Boca Juniors,San Lorenzo,2,1,H,2.07,3.01,4.47,2.12,3.1,4.75,1.99,2.95,4.33,,,,,,,,,,,,,,
ARG,Copa De La Liga Profesional,2024,30/03/2024,22:00,Central Cordoba,Racing Club,1,3,A,5.19,3.62,1.75,5.5,3.62,1.85,4.67,3.41,1.77,,,,,,,,,,,,,,
ARG,Copa De La Liga Profesional,2024,31/03/2024,00:00,Talleres Cordoba,Velez Sarsfield,1,0,H,1.87,3.41,4.67,1.99,3.41,4.67,1.88,3.3,4.2,,,,,,,,,,,,,,
ARG,Copa De La Liga Profesional,2024,31/03/2024,20:00,Gimnasia L.P.,Dep. Riestra,2,1,H,1.83,3.31,5.13,1.85,3.4,5.19,1.78,3.26,4.79,,,,,,,,,,,,,,
ARG,Copa De La Liga Profesional,2024,31/03/2024,20:00,Sarmiento Junin,Newells Old Boys,0,1,A,3.33,2.83,2.6,3.35,3,2.6,3.18,2.78,2.51,,,,,,,,,,,,,,
ARG,Copa De La Liga Profesional,2024,31/03/2024,22:30,Independiente,Atl. Tucuman,1,1,D,1.89,3.32,4.76,1.99,3.4,5,1.87,3.17,4.46,,,,,,,,,,,,,,
ARG,Copa De La Liga Profesional,2024,01/04/2024,01:00,Ind. Rivadavia,Banfield,1,2,A,3.32,2.87,2.57,3.35,3,2.63,3.14,2.78,2.52,,,,,,,,,,,,,,
ARG,Copa De La Liga Profesional,2024,01/04/2024,23:00,Platense,Godoy Cruz,1,2,A,3.67,2.8,2.44,3.75,2.82,2.63,3.37,2.74,2.42,,,,,,,,,,,,,,
ARG,Copa De La Liga Profesional,2024,05/04/2024,23:30,Velez Sarsfield,Argentinos Jrs,0,0,D,2.45,3.19,3.16,2.45,3.25,3.55,2.27,3.11,3.21,,,,,,,,,,,,,,
ARG,Copa De La Liga Profesional,2024,06/04/2024,01:00,Banfield,Independiente,0,1,A,2.8,2.87,3,3.1,3.1,3,2.82,2.83,2.75,,,,,,,,,,,,,,
ARG,Copa De La Liga Profesional,2024,06/04/2024,21:00,Newells Old Boys,Boca Juniors,1,3,A,2.97,2.82,2.88,3.1,3.1,2.88,2.85,2.82,2.72,,,,,,,,,,,,,,
ARG,Copa De La Liga Profesional,2024,06/04/2024,23:15,Estudiantes L.P.,Central Cordoba,5,0,H,1.45,4.24,8.5,1.5,4.24,8.5,1.45,3.95,7.52,,,,,,,,,,,,,,
ARG,Copa De La Liga Profesional,2024,06/04/2024,23:15,San Lorenzo,Defensa y Justicia,0,2,A,2.89,2.91,2.87,2.9,3.2,3.1,2.65,2.89,2.87,,,,,,,,,,,,,,
ARG,Copa De La Liga Profesional,2024,07/04/2024,01:30,Talleres Cordoba,Ind. Rivadavia,1,1,D,1.56,4.06,6.3,1.6,4.25,6.8,1.53,3.95,5.89,,,,,,,,,,,,,,
ARG,Copa De La Liga Profesional,2024,07/04/2024,01:30,Union de Santa Fe,Belgrano,1,2,A,1.85,3.22,5.19,1.96,3.4,5.4,1.82,3.17,4.73,,,,,,,,,,,,,,
ARG,Copa De La Liga Profesional,2024,07/04/2024,20:00,Atl. Tucuman,Gimnasia L.P.,3,2,H,2.02,3.39,4,2.08,3.39,4.35,1.98,3.23,3.85,,,,,,,,,,,,,,
ARG,Copa De La Liga Profesional,2024,07/04/2024,20:00,Barracas Central,Instituto,3,2,H,2.9,2.97,2.8,2.9,3.1,2.81,2.79,2.93,2.68,,,,,,,,,,,,,,
ARG,Copa De La Liga Profesional,2024,07/04/2024,22:30,Racing Club,Lanus,2,0,H,1.99,3.31,4.43,2,3.4,4.43,1.94,3.24,4.02,,,,,,,,,,,,,,
ARG,Copa De La Liga Profesional,2024,08/04/2024,01:00,River Plate,Rosario Central,2,1,H,1.24,6.21,11.74,1.27,6.8,13,1.22,5.93,11.77,,,,,,,,,,,,,,
ARG,Copa De La Liga Profesional,2024,08/04/2024,19:30,Dep. Riestra,Huracan,0,0,D,3.85,2.89,2.31,3.85,3,2.43,3.41,2.88,2.31,,,,,,,,,,,,,,
ARG,Copa De La Liga Profesional,2024,09/04/2024,00:00,Godoy Cruz,Sarmiento Junin,1,0,H,1.48,4.11,8.12,1.57,4.2,8.8,1.48,3.83,7.28,,,,,,,,,,,,,,
ARG,Copa De La Liga Profesional,2024,09/04/2024,00:00,Platense,Tigre,3,1,H,2.13,2.99,4.23,2.2,3.1,4.43,2.1,2.93,3.9,,,,,,,,,,,,,,
ARG,Copa De La Liga Profesional,2024,12/04/2024,23:30,Estudiantes L.P.,Boca Juniors,1,0,H,2.37,3.01,3.58,2.45,3.01,3.58,2.34,2.95,3.26,,,,,,,,,,,,,,
ARG,Copa De La Liga Profesional,2024,13/04/2024,21:00,Tigre,Union de Santa Fe,0,1,A,2.94,2.99,2.74,3.2,3.1,2.74,2.93,2.96,2.52,,,,,,,,,,,,,,
ARG,Copa De La Liga Profesional,2024,13/04/2024,23:00,Huracan,Atl. Tucuman,4,0,H,2.01,3.17,4.41,2.1,3.3,4.49,1.98,3.11,4.02,,,,,,,,,,,,,,
ARG,Copa De La Liga Profesional,2024,14/04/2024,20:00,Sarmiento Junin,Platense,0,1,A,2.65,2.71,3.42,2.65,2.88,3.48,2.46,2.72,3.31,,,,,,,,,,,,,,
ARG,Copa De La Liga Profesional,2024,14/04/2024,22:15,Gimnasia L.P.,Banfield,1,2,A,2.8,2.89,2.99,2.8,3.2,2.99,2.64,2.9,2.85,,,,,,,,,,,,,,
ARG,Copa De La Liga Profesional,2024,15/04/2024,00:00,Central Cordoba,San Lorenzo,0,0,D,3.72,3.01,2.28,3.72,3.2,2.58,3.43,2.9,2.29,,,,,,,,,,,,,,
ARG,Copa De La Liga Profesional,2024,16/04/2024,00:00,Argentinos Jrs,Barracas Central,3,3,D,1.92,3.12,5.01,2.09,3.4,5.04,1.88,3.06,4.64,,,,,,,,,,,,,,
ARG,Copa De La Liga Profesional,2024,16/04/2024,00:00,Ind. Rivadavia,Velez Sarsfield,0,1,A,4.6,3.45,1.88,4.6,3.6,1.99,4.26,3.3,1.86,,,,,,,,,,,,,,
ARG,Copa De La Liga Profesional,2024,16/04/2024,00:00,Independiente,Talleres Cordoba,2,2,D,2.38,3.06,3.42,2.38,3.1,3.51,2.27,3,3.32,,,,,,,,,,,,,,
ARG,Copa De La Liga Profesional,2024,16/04/2024,00:00,Instituto,River Plate,1,3,A,3.67,3.22,2.19,4,3.22,2.27,3.56,3.1,2.12,,,,,,,,,,,,,,
ARG,Copa De La Liga Profesional,2024,16/04/2024,23:30,Belgrano,Racing Club,0,4,A,4.3,3.46,1.93,4.42,3.52,1.95,4.09,3.36,1.88,,,,,,,,,,,,,,
ARG,Copa De La Liga Profesional,2024,16/04/2024,23:30,Boca Juniors,Godoy Cruz,1,0,H,1.57,3.93,6.45,1.62,4,6.6,1.56,3.76,5.98,,,,,,,,,,,,,,
ARG,Copa De La Liga Profesional,2024,16/04/2024,23:30,Defensa y Justicia,Newells Old Boys,1,0,H,2.51,3.37,2.91,2.51,3.4,3.05,2.41,3.23,2.86,,,,,,,,,,,,,,
ARG,Copa De La Liga Profesional,2024,16/04/2024,23:30,Lanus,Estudiantes L.P.,1,2,A,2.79,3.03,2.86,2.79,3.2,3.04,2.64,2.95,2.8,,,,,,,,,,,,,,
ARG,Copa De La Liga Profesional,2024,17/04/2024,23:30,Rosario Central,Dep. Riestra,1,1,D,1.82,3.25,5.39,1.94,3.38,5.7,1.77,3.21,5.12,,,,,,,,,,,,,,
ARG,Copa De La Liga Profesional,2024,20/04/2024,19:30,Argentinos Jrs,Defensa y Justicia,2,1,H,2.35,3.11,3.43,2.43,3.25,3.43,2.34,3.09,3.13,,,,,,,,,,,,,,
ARG,Copa De La Liga Profesional,2024,20/04/2024,22:30,Estudiantes L.P.,Barracas Central,3,0,H,1.57,4.03,6.21,1.6,4.1,6.7,1.55,3.88,5.88,,,,,,,,,,,,,,
ARG,Copa De La Liga Profesional,2024,21/04/2024,01:30,Godoy Cruz,Velez Sarsfield,1,2,A,2.47,2.96,3.39,2.7,3.04,3.4,2.45,2.91,3.14,,,,,,,,,,,,,,
ARG,Copa De La Liga Profesional,2024,21/04/2024,19:30,River Plate,Boca Juniors,2,3,A,2.25,3.1,3.67,2.29,3.15,3.8,2.21,3.01,3.51,,,,,,,,,,,,,,
ARG,Copa De La Liga Profesional,2024,28/04/2024,19:30,Argentinos Jrs,Velez Sarsfield,0,0,D,3.01,2.89,2.78,3.01,3,2.92,2.76,2.8,2.77,,,,,,,,,,,,,,
ARG,Copa De La Liga Profesional,2024,01/05/2024,00:00,Estudiantes L.P.,Boca Juniors,1,1,D,3,2.95,2.73,3,3,2.75,2.87,2.89,2.62,,,,,,,,,,,,,,
ARG,Copa De La Liga Profesional,2024,05/05/2024,19:30,Estudiantes L.P.,Velez Sarsfield,1,1,D,2.36,2.9,3.69,2.4,3.05,3.69,2.29,2.87,3.45,,,,,,,,,,,,,,
ARG,Liga Profesional,2024,10/05/2024,23:00,Sarmiento Junin,Instituto,1,2,A,3.89,2.93,2.27,3.91,3.04,2.31,3.72,2.92,2.23,,,,,,,16,9,5,3,12,10,7,3
ARG,Liga Profesional,2024,11/05/2024,01:15,Argentinos Jrs,Rosario Central,3,2,H,1.93,3.13,4.9,1.96,3.25,4.97,1.91,3.13,4.66,,,,,,,16,10,9,4,10,12,6,0
ARG,Liga Profesional,2024,11/05/2024,01:15,Newells Old Boys,Platense,2,0,H,2.04,3.03,4.56,2.04,3.2,4.8,1.97,3.06,4.42,,,,,,,11,10,8,1,13,17,1,5
ARG,Liga Profesional,2024,11/05/2024,18:30,Huracan,Defensa y Justicia,3,1,H,2.05,3.18,4.21,2.24,3.3,4.39,2.06,3.11,3.94,,,,,,,16,12,6,4,13,14,6,5
ARG,Liga Profesional,2024,11/05/2024,19:30,Godoy Cruz,Barracas Central,0,1,A,1.74,3.28,5.4,1.83,3.7,5.75,1.71,3.54,5.15,,,,,,,26,9,6,4,15,6,7,6
ARG,Liga Profesional,2024,11/05/2024,21:30,Independiente,Talleres Cordoba,1,3,A,2.14,3.1,3.95,2.27,3.31,3.97,2.11,3.1,3.76,,,,,,,7,14,5,5,15,14,5,5
ARG,Liga Profesional,2024,11/05/2024,23:45,River Plate,Central Cordoba,3,0,H,1.16,8.1,16.12,1.32,8.17,17.5,1.18,7.11,14.49,,,,,,,23,5,13,2,17,12,7,2
ARG,Liga Profesional,2024,12/05/2024,19:30,Dep. Riestra,San Lorenzo,1,0,H,2.91,2.76,3.01,3.21,2.98,3.05,2.87,2.73,2.9,,,,,,,8,6,3,0,13,12,3,4
ARG,Liga Profesional,2024,12/05/2024,19:30,Tigre,Estudiantes L.P.,0,1,A,4.59,3.4,1.89,4.76,3.49,2.46,4.22,3.29,1.93,,,,,,,11,9,2,3,11,14,8,2
ARG,Liga Profesional,2024,12/05/2024,21:45,Belgrano,Racing Club,4,4,D,3,3.17,2.57,3.45,3.3,2.57,2.99,3.14,2.45,,,,,,,10,17,4,9,14,10,4,9
ARG,Liga Profesional,2024,12/05/2024,21:45,Lanus,Ind. Rivadavia,0,2,A,1.58,4,6.18,1.67,4,6.95,1.56,3.84,6.13,,,,,,,18,7,3,4,10,12,6,3
ARG,Liga Profesional,2024,13/05/2024,00:15,Atl. Tucuman,Boca Juniors,1,0,H,2.81,3.03,2.84,2.95,3.1,2.84,2.78,2.97,2.73,,,,,,,12,11,5,4,12,11,3,13
ARG,Liga Profesional,2024,13/05/2024,23:00,Gimnasia L.P.,Velez Sarsfield,3,1,H,3.39,3.14,2.36,3.39,3.2,2.5,3.18,3.1,2.36,,,,,,,15,15,5,4,14,8,4,7
ARG,Liga Profesional,2024,14/05/2024,01:00,Union de Santa Fe,Banfield,1,0,H,2.62,2.73,3.45,2.78,2.88,3.55,2.52,2.74,3.35,,,,,,,19,6,6,2,10,15,5,2
ARG,Liga Profesional,2024,18/05/2024,19:30,Ind. Rivadavia,Godoy Cruz,0,0,D,4.22,3.1,2.08,4.22,3.26,2.25,3.9,3.04,2.1,,,,,,,5,16,0,2,13,16,1,8
ARG,Liga Profesional,2024,18/05/2024,22:00,River Plate,Belgrano,3,0,H,1.25,6.19,11.12,1.46,6.3,13.3,1.26,5.68,10.94,,,,,,,22,7,10,0,12,15,8,1
ARG,Liga Profesional,2024,19/05/2024,00:00,Defensa y Justicia,Gimnasia L.P.,1,1,D,2.56,3.29,2.91,2.6,3.3,3.3,2.43,3.21,2.95,,,,,,,16,14,3,3,9,12,3,7
ARG,Liga Profesional,2024,19/05/2024,00:30,Instituto,Union de Santa Fe,1,1,D,2.18,3.05,3.96,2.19,3.07,4.16,2.14,2.96,3.89,,,,,,,7,12,1,2,10,8,5,6
ARG,Liga Profesional,2024,19/05/2024,19:00,Barracas Central,Sarmiento Junin,1,1,D,2.06,3.16,4.22,2.06,3.32,4.38,2,3.14,4.1,,,,,,,17,8,8,4,14,25,5,2
ARG,Liga Profesional,2024,19/05/2024,19:30,Platense,Independiente,0,0,D,3.34,2.75,2.67,3.51,2.96,2.69,3.25,2.76,2.55,,,,,,,15,4,4,4,13,13,3,1
ARG,Liga Profesional,2024,19/05/2024,21:45,Banfield,Huracan,1,1,D,3.05,2.79,2.84,3.08,2.98,3,2.87,2.83,2.79,,,,,,,15,11,5,1,12,10,6,1
ARG,Liga Profesional,2024,19/05/2024,21:45,Talleres Cordoba,Atl. Tucuman,2,0,H,1.76,3.62,5.03,1.83,3.66,5.25,1.75,3.5,4.88,,,,,,,12,18,3,4,9,15,1,9
ARG,Liga Profesional,2024,20/05/2024,00:00,Central Cordoba,Boca Juniors,2,4,A,5.97,3.92,1.61,6.5,3.97,1.99,5.86,3.77,1.6,,,,,,,12,16,2,12,14,15,2,6
ARG,Liga Profesional,2024,20/05/2024,23:00,Estudiantes L.P.,Dep. Riestra,2,0,H,1.41,4.26,9.72,1.48,4.3,10.7,1.42,4.06,9.03,,,,,,,22,6,8,1,14,12,6,3
ARG,Liga Profesional,2024,20/05/2024,23:00,San Lorenzo,Lanus,1,1,D,2.64,2.9,3.18,2.64,3,3.5,2.45,2.85,3.28,,,,,,,20,13,4,4,10,21,7,6
ARG,Liga Profesional,2024,21/05/2024,01:15,Racing Club,Argentinos Jrs,3,0,H,1.76,3.49,5.37,1.91,3.55,5.63,1.76,3.41,4.98,,,,,,,18,6,9,0,17,14,3,4
ARG,Liga Profesional,2024,21/05/2024,01:15,Rosario Central,Tigre,1,1,D,1.68,3.6,5.87,1.75,3.82,6.6,1.66,3.53,5.68,,,,,,,8,9,4,3,8,10,7,2
ARG,Liga Profesional,2024,22/05/2024,00:00,Velez Sarsfield,Newells Old Boys,1,0,H,1.98,3.17,4.51,2.21,3.19,4.59,2.03,3.04,4.18,,,,,,,5,8,2,2,17,16,2,4
ARG,Liga Profesional,2024,24/05/2024,19:30,Dep. Riestra,Rosario Central,0,2,A,2.59,2.75,3.47,2.64,2.86,3.78,2.45,2.75,3.48,,,,,,,19,9,6,6,12,14,7,1
ARG,Liga Profesional,2024,24/05/2024,23:00,Tigre,Racing Club,0,4,A,5.48,3.74,1.68,5.79,3.85,1.74,5.05,3.69,1.69,,,,,,,13,15,4,8,13,8,1,3
ARG,Liga Profesional,2024,25/05/2024,01:15,Belgrano,Central Cordoba,2,1,H,1.75,3.58,5.26,1.77,3.66,5.5,1.73,3.56,4.97,,,,,,,12,10,6,2,20,8,4,7
ARG,Liga Profesional,2024,25/05/2024,01:15,Lanus,Estudiantes L.P.,2,1,H,2.83,3.04,2.81,2.95,3.07,2.91,2.75,2.96,2.77,,,,,,,12,12,5,5,11,12,1,5
ARG,Liga Profesional,2024,25/05/2024,19:00,Argentinos Jrs,River Plate,1,0,H,4.24,3.64,1.88,4.5,3.64,1.91,4.21,3.48,1.86,,,,,,,10,6,4,0,12,27,3,5
ARG,Liga Profesional,2024,25/05/2024,21:30,Newells Old Boys,Defensa y Justicia,1,0,H,1.85,3.33,4.99,1.95,3.42,5,1.84,3.31,4.62,,,,,,,14,11,4,3,12,11,5,4
ARG,Liga Profesional,2024,26/05/2024,00:00,Boca Juniors,Talleres Cordoba,0,0,D,1.87,3.39,4.75,1.97,3.5,4.75,1.88,3.33,4.35,,,,,,,11,20,2,5,10,17,5,4
ARG,Liga Profesional,2024,26/05/2024,19:30,Huracan,Instituto,1,0,H,2.06,3.13,4.23,2.06,3.28,4.4,2.01,3.08,4.12,,,,,,,7,10,2,3,11,18,7,3
ARG,Liga Profesional,2024,26/05/2024,21:30,Sarmiento Junin,Ind. Rivadavia,0,1,A,2.38,2.8,3.82,2.4,2.98,3.82,2.33,2.83,3.56,,,,,,,7,10,3,2,16,15,5,3
ARG,Liga Profesional,2024,26/05/2024,21:45,Gimnasia L.P.,Banfield,3,0,H,1.81,3.38,5.19,1.96,3.45,5.25,1.84,3.28,4.69,,,,,,,23,11,9,4,11,13,3,5
ARG,Liga Profesional,2024,27/05/2024,00:00,Independiente,Velez Sarsfield,1,1,D,2.94,2.95,2.78,2.99,2.98,2.87,2.86,2.87,2.73,,,,,,,12,9,4,2,14,22,4,3
ARG,Liga Profesional,2024,27/05/2024,23:00,Union de Santa Fe,Barracas Central,2,0,H,1.79,3.41,5.2,1.86,3.46,5.5,1.79,3.35,4.92,,,,,,,28,15,9,2,14,8,5,3
ARG,Liga Profesional,2024,28/05/2024,01:00,Atl. Tucuman,Platense,1,1,D,2.1,3,4.32,2.11,3.06,4.6,2.03,2.97,4.28,,,,,,,19,6,4,2,14,11,6,0
ARG,Liga Profesional,2024,01/06/2024,22:00,Racing Club,Dep. Riestra,1,0,H,1.38,4.71,9.29,1.43,4.75,9.98,1.4,4.39,8.56,,,,,,,20,6,3,2,9,11,12,6
ARG,Liga Profesional,2024,02/06/2024,00:15,Belgrano,Argentinos Jrs,1,0,H,2.92,2.87,2.88,2.92,3.1,2.97,2.8,2.89,2.79,,,,,,,7,19,3,2,10,14,1,9
ARG,Liga Profesional,2024,02/06/2024,00:15,Velez Sarsfield,Atl. Tucuman,1,1,D,2.02,3.11,4.44,2.06,3.45,4.6,1.96,3.2,4.19,,,,,,,14,10,7,3,7,17,9,4
ARG,Liga Profesional,2024,02/06/2024,18:30,Platense,Boca Juniors,1,0,H,4.38,3.01,2.08,4.49,3.02,2.18,4.15,2.91,2.09,,,,,,,15,9,6,4,15,12,7,6
ARG,Liga Profesional,2024,02/06/2024,22:00,Central Cordoba,Talleres Cordoba,2,4,A,5.02,3.7,1.75,5.02,3.78,1.83,4.72,3.6,1.75,,,,,,,8,16,3,7,11,16,5,0
ARG,Liga Profesional,2024,02/06/2024,22:00,Rosario Central,Lanus,1,1,D,2.26,3.1,3.64,2.26,3.28,3.83,2.18,3.08,3.59,,,,,,,17,3,5,1,15,16,6,1
ARG,Liga Profesional,2024,03/06/2024,00:15,Instituto,Gimnasia L.P.,2,1,H,2.52,3.06,3.18,2.61,3.32,3.3,2.48,3.08,2.99,,,,,,,12,13,2,4,10,12,4,3
ARG,Liga Profesional,2024,03/06/2024,00:15,River Plate,Tigre,3,1,H,1.2,6.85,15.06,1.21,8.06,16.1,1.19,6.73,14.09,,,,,,,16,11,9,2,13,15,6,5
ARG,Liga Profesional,2024,03/06/2024,23:00,San Lorenzo,Sarmiento Junin,0,1,A,1.78,3.03,6.61,1.87,3.12,6.67,1.77,3.02,6.04,,,,,,,23,5,4,2,5,21,10,0
ARG,Liga Profesional,2024,04/06/2024,01:15,Defensa y Justicia,Independiente,0,0,D,2.84,2.97,2.86,2.9,3.16,2.94,2.74,2.94,2.8,,,,,,,11,12,2,3,14,12,4,6
ARG,Liga Profesional,2024,04/06/2024,01:15,Estudiantes L.P.,Godoy Cruz,1,1,D,1.75,3.47,5.26,1.83,3.5,5.6,1.78,3.3,5.06,,,,,,,19,9,8,1,7,13,5,2
ARG,Liga Profesional,2024,04/06/2024,19:00,Barracas Central,Huracan,0,2,A,3.49,3.07,2.35,3.49,3.2,2.45,3.25,3.05,2.35,,,,,,,11,15,4,6,15,11,4,3
ARG,Liga Profesional,2024,05/06/2024,00:00,Banfield,Newells Old Boys,2,0,H,3.22,2.89,2.62,3.4,2.98,2.62,3.22,2.85,2.49,,,,,,,13,9,5,5,11,13,6,3
ARG,Liga Profesional,2024,05/06/2024,00:00,Ind. Rivadavia,Union de Santa Fe,0,1,A,3.53,2.96,2.4,3.62,3.1,2.42,3.48,2.91,2.32,,,,,,,13,9,5,1,8,13,4,4
ARG,Liga Profesional,2024,12/06/2024,21:00,Godoy Cruz,Rosario Central,1,1,D,2.41,2.96,3.49,2.45,3.06,3.65,2.34,2.95,3.41,,,,,,,10,9,3,4,18,17,2,5
ARG,Liga Profesional,2024,12/06/2024,23:00,Argentinos Jrs,Central Cordoba,2,1,H,1.39,4.62,9.3,1.42,4.86,9.6,1.38,4.5,8.64,,,,,,,12,6,5,1,13,12,5,0
ARG,Liga Profesional,2024,13/06/2024,01:15,Gimnasia L.P.,Barracas Central,2,1,H,1.54,4.15,6.48,1.65,4.31,6.6,1.53,4.08,6.14,,,,,,,10,20,4,6,13,8,4,10
ARG,Liga Profesional,2024,13/06/2024,01:15,Independiente,Banfield,2,1,H,2.04,3.12,4.36,2.06,3.25,4.71,1.95,3.12,4.44,,,,,,,14,8,6,4,14,16,5,6
ARG,Liga Profesional,2024,13/06/2024,19:00,Dep. Riestra,River Plate,2,0,H,7.35,4.17,1.5,7.5,4.44,1.53,6.88,4.14,1.48,,,,,,,8,16,3,2,13,17,1,3
ARG,Liga Profesional,2024,13/06/2024,23:00,Sarmiento Junin,Estudiantes L.P.,2,0,H,4.67,3.17,1.95,4.75,3.17,2.05,4.43,3.07,1.97,,,,,,,20,13,9,4,14,9,5,6
ARG,Liga Profesional,2024,13/06/2024,23:00,Tigre,Belgrano,1,1,D,2.56,2.93,3.27,2.7,3,3.27,2.53,2.89,3.13,,,,,,,7,12,4,4,9,10,2,6
ARG,Liga Profesional,2024,14/06/2024,01:15,Lanus,Racing Club,2,0,H,4.1,3.4,1.99,4.23,3.5,2.15,3.87,3.31,2.01,,,,,,,14,10,8,1,9,19,6,3
ARG,Liga Profesional,2024,14/06/2024,01:15,Newells Old Boys,Instituto,0,2,A,2.13,3.01,4.18,2.2,3.05,4.2,2.13,2.95,3.97,,,,,,,13,10,2,5,12,7,7,1
ARG,Liga Profesional,2024,14/06/2024,23:00,Boca Juniors,Velez Sarsfield,1,0,H,1.94,3.24,4.62,1.99,3.39,5.32,1.85,3.26,4.71,,,,,,,10,11,3,3,16,11,5,5
ARG,Liga Profesional,2024,14/06/2024,23:00,Talleres Cordoba,Platense,2,1,H,1.89,3.1,5.27,1.96,3.21,5.61,1.83,3.13,5.18,,,,,,,14,9,6,2,8,11,3,4
ARG,Liga Profesional,2024,15/06/2024,20:00,Union de Santa Fe,San Lorenzo,2,1,H,2.31,2.75,4.11,2.34,2.86,4.2,2.28,2.74,3.93,,,,,,,14,5,8,3,11,11,7,2
ARG,Liga Profesional,2024,15/06/2024,22:00,Huracan,Ind. Rivadavia,1,0,H,1.67,3.46,6.49,1.75,3.57,6.51,1.66,3.41,6.12,,,,,,,8,12,3,3,21,12,2,4
ARG,Liga Profesional,2024,16/06/2024,00:30,Atl. Tucuman,Defensa y Justicia,1,1,D,1.92,3.38,4.45,1.97,3.5,4.5,1.92,3.3,4.22,,,,,,,14,15,5,5,8,10,3,4
ARG,Liga Profesional,2024,18/07/2024,22:45,Argentinos Jrs,Tigre,0,2,A,1.78,3.33,5.34,1.85,3.36,5.6,1.79,3.28,5.18,1.81,3.35,6.2,,,,21,10,3,4,8,14,6,0
ARG,Liga Profesional,2024,18/07/2024,23:00,Ind. Rivadavia,Gimnasia L.P.,1,0,H,2.8,2.93,2.9,2.9,3,2.98,2.76,2.91,2.83,2.92,3.05,2.98,,,,14,4,3,0,6,14,5,0
ARG,Liga Profesional,2024,19/07/2024,01:00,Instituto,Independiente,3,1,H,2.38,2.88,3.68,2.42,2.95,3.76,2.32,2.83,3.65,2.42,2.98,3.85,,,,12,12,4,3,14,16,8,3
ARG,Liga Profesional,2024,19/07/2024,19:00,Barracas Central,Newells Old Boys,0,1,A,3.29,3.14,2.41,3.3,3.18,2.47,3.23,3.06,2.37,3.45,3.2,2.48,,,,4,14,2,4,11,16,2,7
ARG,Liga Profesional,2024,19/07/2024,23:00,Belgrano,Dep. Riestra,2,1,H,2.11,2.94,4.46,2.17,2.97,4.6,2.07,2.91,4.29,2.18,3,4.7,,,,12,4,5,2,12,11,8,1
ARG,Liga Profesional,2024,20/07/2024,01:00,Rosario Central,Sarmiento Junin,4,2,H,2.27,2.8,4.14,2.27,2.9,4.33,2.18,2.82,4.09,2.24,2.98,4.5,,,,14,7,5,5,9,15,6,2
ARG,Liga Profesional,2024,20/07/2024,19:00,San Lorenzo,Huracan,1,1,D,2.66,2.68,3.45,2.7,2.76,3.6,2.59,2.66,3.37,2.78,2.74,3.55,,,,14,7,3,2,14,13,5,1
ARG,Liga Profesional,2024,20/07/2024,21:00,Racing Club,Godoy Cruz,3,0,H,1.61,3.69,5.77,1.71,3.82,5.9,1.64,3.68,5.58,1.7,3.85,6.4,,,,13,6,6,0,13,6,3,3
ARG,Liga Profesional,2024,20/07/2024,23:30,Banfield,Atl. Tucuman,1,1,D,2.64,2.91,3.17,2.7,3,3.17,2.6,2.88,3.06,2.72,3,3.2,,,,13,7,5,2,10,13,10,0
ARG,Liga Profesional,2024,21/07/2024,19:00,River Plate,Lanus,2,2,D,1.57,4.03,6.28,1.6,4.45,8,1.55,4.01,6.09,1.58,4.3,7.2,,,,16,10,7,4,10,16,6,0
ARG,Liga Profesional,2024,21/07/2024,21:15,Central Cordoba,Platense,0,2,A,3.42,2.88,2.5,3.42,3.06,2.55,3.26,2.86,2.47,3.45,2.98,2.64,,,,9,5,2,2,6,14,4,1
ARG,Liga Profesional,2024,21/07/2024,21:15,Estudiantes L.P.,Union de Santa Fe,0,0,D,2.06,2.96,4.59,2.3,3.15,4.62,2.05,2.95,4.29,2.08,3.05,4.9,,,,20,8,6,3,9,13,5,3
ARG,Liga Profesional,2024,22/07/2024,00:00,Defensa y Justicia,Boca Juniors,2,2,D,3.08,2.94,2.68,3.54,3.23,2.7,3.01,2.97,2.57,3.15,3.1,2.74,,,,15,11,7,4,10,16,4,7
ARG,Liga Profesional,2024,22/07/2024,00:00,Velez Sarsfield,Talleres Cordoba,3,0,H,3.01,3.02,2.66,3.04,3.17,3.26,2.91,3,2.62,3.05,3.1,2.8,,,,11,15,4,4,15,14,2,8
ARG,Liga Profesional,2024,23/07/2024,19:00,Dep. Riestra,Argentinos Jrs,2,0,H,3.84,2.85,2.33,3.86,2.9,2.37,3.72,2.79,2.3,4.1,2.9,2.42,,,,10,9,6,2,9,7,3,9
ARG,Liga Profesional,2024,23/07/2024,22:45,Gimnasia L.P.,San Lorenzo,0,1,A,2.77,2.92,2.99,2.96,3,2.99,2.8,2.89,2.8,2.94,3.05,3,,,,8,9,1,5,12,9,9,1
ARG,Liga Profesional,2024,23/07/2024,22:45,Newells Old Boys,Ind. Rivadavia,0,0,D,1.76,3.28,5.85,1.87,3.4,6,1.74,3.28,5.54,1.8,3.4,6.4,,,,14,12,6,3,13,12,3,5
ARG,Liga Profesional,2024,24/07/2024,01:00,Independiente,Barracas Central,0,0,D,1.63,3.86,5.87,1.77,4.1,6.25,1.62,3.76,5.67,1.66,4,6.6,,,,16,5,4,2,13,13,14,0
ARG,Liga Profesional,2024,24/07/2024,21:00,Talleres Cordoba,Defensa y Justicia,1,1,D,1.6,3.72,6.67,1.6,4.15,7.12,1.57,3.77,6.39,1.62,4.1,7.2,,,,9,11,1,4,6,17,5,5
ARG,Liga Profesional,2024,24/07/2024,21:15,Sarmiento Junin,Racing Club,1,0,H,5.04,3.35,1.83,5.18,3.37,1.93,4.79,3.25,1.84,5.4,3.4,1.91,,,,10,17,4,2,13,10,1,11
ARG,Liga Profesional,2024,24/07/2024,23:30,Godoy Cruz,River Plate,2,1,H,4.13,3.25,2.04,4.58,3.39,2.05,4.09,3.21,1.98,4.4,3.4,2.06,,,,15,13,5,4,11,7,6,8
ARG,Liga Profesional,2024,24/07/2024,23:30,Huracan,Estudiantes L.P.,0,0,D,2.99,2.71,2.99,3,2.84,3.09,2.92,2.69,2.89,3.05,2.88,3.05,,,,11,14,1,1,10,15,7,3
ARG,Liga Profesional,2024,25/07/2024,22:45,Lanus,Belgrano,3,2,H,2.09,3.12,4.14,2.09,3.3,4.39,2.01,3.14,4.11,2.08,3.3,4.5,,,,13,15,6,5,13,13,6,8
ARG,Liga Profesional,2024,25/07/2024,22:45,Platense,Velez Sarsfield,0,2,A,3.3,2.67,2.77,3.45,2.71,2.86,3.25,2.62,2.7,3.45,2.76,2.86,,,,12,5,5,2,10,13,3,0
ARG,Liga Profesional,2024,26/07/2024,01:00,Atl. Tucuman,Instituto,1,0,H,2.49,2.78,3.6,2.55,2.93,3.62,2.43,2.79,3.45,2.54,2.96,3.7,,,,15,14,4,3,10,13,9,9
ARG,Liga Profesional,2024,26/07/2024,01:00,Tigre,Central Cordoba,1,1,D,1.92,3.16,4.9,2.08,3.25,5,1.94,3.11,4.53,2.02,3.3,4.9,,,,9,10,4,3,15,13,3,8
ARG,Liga Profesional,2024,27/07/2024,19:00,Ind. Rivadavia,Independiente,1,0,H,2.63,2.79,3.33,2.7,2.8,3.35,2.61,2.76,3.2,2.84,2.84,3.3,,,,10,7,5,2,11,11,4,4
ARG,Liga Profesional,2024,27/07/2024,21:00,San Lorenzo,Newells Old Boys,1,1,D,2.18,2.83,4.38,2.3,2.96,4.38,2.22,2.78,4.02,2.3,2.9,4.4,,,,24,12,9,2,9,21,17,1
ARG,Liga Profesional,2024,27/07/2024,23:00,Rosario Central,Huracan,0,1,A,2.79,2.68,3.25,2.79,2.82,3.28,2.7,2.69,3.14,2.9,2.78,3.25,,,,10,10,1,3,8,9,9,2
ARG,Liga Profesional,2024,28/07/2024,19:00,Banfield,Talleres Cordoba,1,1,D,3.07,2.92,2.7,3.18,2.98,2.71,3.01,2.9,2.63,3.2,3,2.8,,,,18,13,3,5,12,14,7,2
ARG,Liga Profesional,2024,28/07/2024,19:00,Estudiantes L.P.,Gimnasia L.P.,4,1,H,2.07,3.2,4.11,2.08,3.28,4.33,2.01,3.2,4.02,2.1,3.35,4.3,,,,13,15,9,4,12,17,3,8
ARG,Liga Profesional,2024,28/07/2024,21:15,Racing Club,Union de Santa Fe,2,1,H,1.67,3.51,6.22,1.68,3.78,7.2,1.6,3.58,6.34,1.61,3.95,7.6,,,,10,14,4,2,8,9,4,6
ARG,Liga Profesional,2024,28/07/2024,22:30,River Plate,Sarmiento Junin,1,0,H,1.31,5.25,11.04,1.32,5.5,12.3,1.29,5.16,10.98,1.33,5.7,13,,,,29,2,9,0,10,11,5,1
ARG,Liga Profesional,2024,29/07/2024,00:30,Instituto,Boca Juniors,0,0,D,2.51,2.9,3.4,2.51,2.95,3.47,2.43,2.86,3.32,2.58,3,3.5,,,,17,6,4,0,12,9,8,7
ARG,Liga Profesional,2024,29/07/2024,19:00,Barracas Central,Atl. Tucuman,0,2,A,3.62,3.12,2.26,3.62,3.2,2.28,3.51,3.05,2.24,3.75,3.15,2.36,,,,13,16,1,5,6,17,3,1
ARG,Liga Profesional,2024,29/07/2024,20:30,Defensa y Justicia,Platense,1,3,A,2.11,2.95,4.39,2.2,3,4.56,2.08,2.89,4.25,2.18,3.05,4.6,,,,21,10,6,6,16,14,8,1
ARG,Liga Profesional,2024,29/07/2024,22:45,Central Cordoba,Velez Sarsfield,0,2,A,4.77,3.53,1.82,5.1,3.66,1.87,4.76,3.49,1.78,4.9,3.65,1.89,,,,21,5,8,4,9,16,8,1
ARG,Liga Profesional,2024,29/07/2024,22:45,Tigre,Dep. Riestra,2,1,H,2.28,2.91,3.9,2.29,3.1,3.97,2.24,2.88,3.77,2.34,3,4.1,,,,18,8,9,5,6,11,3,2
ARG,Liga Profesional,2024,30/07/2024,01:00,Argentinos Jrs,Lanus,2,0,H,2.26,3.09,3.67,2.27,3.34,3.8,2.17,3.12,3.58,2.24,3.25,4,,,,18,4,6,1,9,13,5,1
ARG,Liga Profesional,2024,30/07/2024,01:00,Belgrano,Godoy Cruz,1,0,H,2.27,2.95,3.85,2.3,3.07,4.2,2.2,2.93,3.8,2.3,3,4.1,,,,9,14,2,3,11,9,7,4
ARG,Liga Profesional,2024,31/07/2024,22:30,Union de Santa Fe,Rosario Central,1,0,H,2.22,2.97,3.91,2.27,3.06,3.93,2.21,2.93,3.79,2.34,3.05,4,,,,11,7,5,2,16,13,3,2
ARG,Liga Profesional,2024,01/08/2024,00:30,Boca Juniors,Banfield,3,0,H,1.75,3.42,5.68,1.83,3.42,5.8,1.76,3.31,5.26,1.78,3.5,6.2,,,,8,10,6,1,14,15,3,3
ARG,Liga Profesional,2024,03/08/2024,00:00,Newells Old Boys,Estudiantes L.P.,1,4,A,3.08,2.83,2.78,3.15,2.91,3.05,2.87,2.81,2.85,3.05,2.92,3,,,,10,12,3,5,10,10,3,1
ARG,Liga Profesional,2024,03/08/2024,19:00,Godoy Cruz,Argentinos Jrs,1,0,H,1.77,3.44,5.35,1.86,3.45,5.35,1.8,3.27,5.11,1.84,3.45,5.7,,,,9,6,1,2,14,10,2,6
ARG,Liga Profesional,2024,03/08/2024,19:00,Velez Sarsfield,Defensa y Justicia,3,0,H,1.9,3.47,4.42,1.97,3.51,4.75,1.86,3.39,4.4,1.95,3.5,4.7,,,,16,10,5,1,8,15,5,5
ARG,Liga Profesional,2024,03/08/2024,21:15,Talleres Cordoba,Instituto,1,1,D,2.18,3.13,3.85,2.22,3.18,3.95,2.16,3.06,3.69,2.26,3.15,4,,,,10,14,2,4,11,7,2,4
ARG,Liga Profesional,2024,03/08/2024,23:15,Independiente,San Lorenzo,0,0,D,1.88,3.24,4.99,1.99,3.3,5.25,1.86,3.13,4.85,1.95,3.25,5.3,,,,11,8,4,3,17,14,2,7
ARG,Liga Profesional,2024,04/08/2024,00:30,Huracan,Racing Club,0,0,D,4.11,3.2,2.07,5,3.4,2.16,4.08,3.2,2,4.2,3.3,2.14,,,,19,16,3,3,9,15,4,3
ARG,Liga Profesional,2024,04/08/2024,19:00,Sarmiento Junin,Belgrano,0,0,D,2.81,2.81,3.07,2.96,2.85,3.08,2.8,2.76,2.94,2.96,2.86,3.1,,,,12,11,3,3,7,8,7,7
ARG,Liga Profesional,2024,04/08/2024,19:00,Union de Santa Fe,River Plate,0,0,D,3.56,3.19,2.25,3.82,3.21,2.25,3.54,3.14,2.18,3.8,3.3,2.24,,,,6,12,0,2,9,9,2,7
ARG,Liga Profesional,2024,04/08/2024,21:30,Boca Juniors,Barracas Central,1,1,D,1.51,4.06,7.36,1.55,4.1,7.52,1.51,3.97,6.8,1.55,4.3,7.8,,,,24,16,3,3,13,11,11,2
ARG,Liga Profesional,2024,05/08/2024,00:00,Atl. Tucuman,Ind. Rivadavia,2,1,H,1.88,3.03,5.57,1.97,3.17,5.6,1.87,3.01,5.19,1.95,3.15,5.7,,,,12,10,3,2,9,13,11,5
ARG,Liga Profesional,2024,05/08/2024,00:00,Lanus,Tigre,3,2,H,1.82,3.58,4.69,1.92,3.66,4.69,1.83,3.45,4.45,1.89,3.65,4.9,,,,17,14,8,7,8,8,4,0
ARG,Liga Profesional,2024,05/08/2024,18:30,Dep. Riestra,Central Cordoba,1,0,H,2.67,2.99,3.05,2.71,3.01,3.2,2.62,2.94,2.98,2.8,3.05,3.15,,,,8,9,4,0,13,14,0,3
ARG,Liga Profesional,2024,05/08/2024,21:00,Gimnasia L.P.,Rosario Central,0,1,A,2.51,3.02,3.24,2.75,3.1,3.3,2.52,2.96,3.08,2.56,3.05,3.5,,,,12,9,6,4,11,8,11,3
ARG,Liga Profesional,2024,06/08/2024,00:00,Platense,Banfield,0,1,A,2.55,2.71,3.6,2.55,2.8,3.66,2.46,2.72,3.5,2.56,2.86,3.75,,,,16,4,3,1,6,17,6,0
ARG,Liga Profesional,2024,08/08/2024,19:00,Argentinos Jrs,Sarmiento Junin,0,0,D,1.62,3.52,7,1.76,3.59,7,1.67,3.38,6.19,1.68,3.6,7.4,,,,27,7,5,3,7,15,9,1
ARG,Liga Profesional,2024,09/08/2024,19:00,Dep. Riestra,Lanus,3,1,H,4.04,2.94,2.21,4.04,3.18,2.25,3.82,2.94,2.19,4.1,3.05,2.26,,,,26,13,14,4,16,8,9,4
ARG,Liga Profesional,2024,09/08/2024,20:30,Barracas Central,Talleres Cordoba,1,1,D,3.95,3.35,2.05,4,3.38,2.13,3.8,3.27,2.04,4,3.45,2.14,,,,8,14,5,6,11,11,2,5
ARG,Liga Profesional,2024,09/08/2024,23:00,Belgrano,Union de Santa Fe,1,1,D,2.59,2.77,3.35,2.84,2.9,3.51,2.58,2.75,3.25,2.68,2.86,3.55,,,,11,8,4,2,10,9,5,3
ARG,Liga Profesional,2024,10/08/2024,01:00,Racing Club,Gimnasia L.P.,0,1,A,1.67,3.85,5.4,1.72,4,6,1.62,3.84,5.44,1.61,4.3,6.6,,,,19,12,3,7,12,16,9,1
ARG,Liga Profesional,2024,10/08/2024,18:30,San Lorenzo,Atl. Tucuman,0,1,A,2.38,2.89,3.67,2.58,2.89,3.8,2.38,2.79,3.56,2.5,2.92,3.85,,,,13,8,4,5,7,13,12,6
ARG,Liga Profesional,2024,10/08/2024,20:30,Rosario Central,Newells Old Boys,1,0,H,2.36,2.7,4.07,2.46,2.77,4.1,2.34,2.67,3.88,2.44,2.84,4.1,,,,,,,,,,,
ARG,Liga Profesional,2024,10/08/2024,22:45,Ind. Rivadavia,Boca Juniors,1,1,D,3.82,2.9,2.31,4.03,3,2.37,3.66,2.87,2.29,3.95,3,2.36,,,,12,9,4,5,10,12,6,5
ARG,Liga Profesional,2024,11/08/2024,00:30,River Plate,Huracan,1,1,D,1.67,3.55,6.18,1.75,3.79,6.3,1.66,3.56,5.6,1.69,3.75,7,,,,13,8,3,3,13,14,6,4
ARG,Liga Profesional,2024,11/08/2024,19:00,Central Cordoba,Defensa y Justicia,2,0,H,2.69,3.13,2.88,2.95,3.2,2.88,2.78,3.09,2.66,2.92,3.25,2.82,,,,16,10,5,5,16,10,3,3
ARG,Liga Profesional,2024,11/08/2024,19:00,Instituto,Platense,2,0,H,1.87,3.09,5.44,2.06,3.24,5.5,1.88,3.03,5.08,1.93,3.1,5.9,,,,8,12,4,3,9,13,5,7
ARG,Liga Profesional,2024,11/08/2024,21:30,Banfield,Velez Sarsfield,2,2,D,3.65,3.03,2.3,3.85,3.1,2.54,3.63,2.99,2.22,3.95,3.1,2.32,,,,15,10,5,2,13,8,6,2
ARG,Liga Profesional,2024,12/08/2024,00:00,Estudiantes L.P.,Independiente,0,2,A,2.07,2.96,4.58,2.15,3.05,4.75,2.03,2.91,4.42,2.1,3.1,4.9,,,,12,11,3,5,15,8,6,5
ARG,Liga Profesional,2024,12/08/2024,23:00,Tigre,Godoy Cruz,0,2,A,2.43,2.87,3.59,2.45,3,3.64,2.38,2.84,3.46,2.52,2.94,3.75,,,,9,11,2,4,6,18,8,2
ARG,Liga Profesional,2024,16/08/2024,23:00,Platense,Barracas Central,0,0,D,1.77,3.27,5.88,1.88,3.29,6,1.75,3.2,5.62,1.81,3.35,6.4,,,,13,9,5,1,19,10,7,6
ARG,Liga Profesional,2024,17/08/2024,01:00,Newells Old Boys,Racing Club,0,1,A,3.37,3.06,2.41,3.47,3.15,2.53,3.26,2.99,2.4,3.5,3.1,2.5,,,,14,9,4,1,15,19,4,7
ARG,Liga Profesional,2024,17/08/2024,19:00,Lanus,Central Cordoba,1,1,D,2.09,3.25,3.94,2.23,3.5,4.5,2.06,3.21,3.8,2.14,3.35,4.2,,,,3,7,2,2,12,10,1,7
ARG,Liga Profesional,2024,17/08/2024,19:30,Independiente,Rosario Central,1,0,H,1.68,3.2,7.5,1.94,3.24,8,1.7,3.08,6.94,1.74,3.3,7.8,,,,12,6,5,2,16,20,4,1
ARG,Liga Profesional,2024,17/08/2024,21:30,Gimnasia L.P.,River Plate,1,1,D,3.52,3.22,2.25,3.7,3.3,2.35,3.38,3.2,2.22,3.7,3.35,2.28,,,,13,6,7,1,11,15,4,5
ARG,Liga Profesional,2024,18/08/2024,00:00,Talleres Cordoba,Ind. Rivadavia,2,1,H,2.08,3.09,4.24,2.11,3.25,4.3,2.05,3.08,4.03,2.12,3.2,4.5,,,,19,3,6,2,11,7,2,0
ARG,Liga Profesional,2024,18/08/2024,00:00,Velez Sarsfield,Instituto,1,0,H,2.05,3.2,4.16,2.15,3.2,4.32,2.03,3.1,4.06,2.1,3.2,4.6,,,,13,12,3,3,10,13,7,8
ARG,Liga Profesional,2024,18/08/2024,18:30,Boca Juniors,San Lorenzo,3,2,H,1.83,3.26,5.34,1.92,3.3,5.34,1.83,3.17,4.97,1.88,3.3,5.8,,,,,,,,,,,
ARG,Liga Profesional,2024,18/08/2024,21:00,Atl. Tucuman,Estudiantes L.P.,2,0,H,2.48,2.84,3.52,2.48,2.94,3.6,2.4,2.83,3.44,2.52,2.94,3.7,,,,11,12,7,2,11,16,3,8
ARG,Liga Profesional,2024,18/08/2024,21:00,Sarmiento Junin,Tigre,0,0,D,2.92,2.85,2.9,2.92,2.94,3.1,2.78,2.8,2.92,2.94,2.92,3.1,,,,12,11,0,3,14,8,3,7
ARG,Liga Profesional,2024,19/08/2024,00:30,Huracan,Belgrano,1,0,H,1.5,3.84,8.54,1.55,4.15,8.54,1.49,3.78,8.01,1.55,3.95,9.6,,,,10,10,4,3,9,13,2,3
ARG,Liga Profesional,2024,19/08/2024,22:45,Godoy Cruz,Dep. Riestra,4,1,H,1.65,3.48,6.69,1.74,3.51,6.69,1.66,3.42,6,1.71,3.55,7.2,,,,10,10,6,4,8,14,3,3
ARG,Liga Profesional,2024,19/08/2024,22:45,Union de Santa Fe,Argentinos Jrs,3,0,H,2.29,2.77,4.15,2.36,2.88,4.15,2.26,2.77,3.89,2.38,2.88,4.1,,,,12,15,5,4,10,13,3,4
ARG,Liga Profesional,2024,20/08/2024,01:00,Defensa y Justicia,Banfield,1,0,H,2.36,3.12,3.39,2.45,3.2,3.39,2.38,3.06,3.2,2.44,3.25,3.5,,,,14,7,3,3,9,9,4,6
ARG,Liga Profesional,2024,23/08/2024,22:00,Ind. Rivadavia,Platense,0,2,A,2.49,2.64,3.86,2.49,2.7,4,2.41,2.59,3.75,2.56,2.7,4.1,,,,9,13,0,3,7,11,1,5
ARG,Liga Profesional,2024,24/08/2024,18:30,Dep. Riestra,Sarmiento Junin,2,1,H,2.07,2.97,4.55,2.15,3,4.7,2.06,2.91,4.34,2.1,3,4.8,,,,17,10,5,4,12,17,5,7
ARG,Liga Profesional,2024,24/08/2024,19:00,Argentinos Jrs,Huracan,0,0,D,2.53,2.58,3.89,2.58,2.65,3.92,2.5,2.59,3.66,2.6,2.72,3.95,,,,15,11,4,2,11,9,9,2
ARG,Liga Profesional,2024,24/08/2024,21:00,Instituto,Defensa y Justicia,4,1,H,1.75,3.47,5.44,1.84,3.51,5.65,1.74,3.43,5.17,1.82,3.55,5.7,,,,18,10,6,3,8,11,3,7
ARG,Liga Profesional,2024,24/08/2024,23:30,Tigre,Union de Santa Fe,5,1,H,3.55,2.79,2.5,3.55,2.8,2.9,3.35,2.72,2.56,3.5,2.82,2.74,,,,11,13,5,3,9,5,3,5
ARG,Liga Profesional,2024,25/08/2024,18:30,Lanus,Godoy Cruz,1,1,D,2.13,3.1,4.05,2.17,3.26,4.3,2.08,3.07,3.96,2.18,3.2,4.2,,,,16,17,7,7,12,14,4,9
ARG,Liga Profesional,2024,25/08/2024,18:30,San Lorenzo,Talleres Cordoba,2,0,H,2.94,2.64,3.14,2.97,2.9,3.25,2.82,2.65,3.06,3,2.8,3.2,,,,12,9,4,0,15,14,5,6
ARG,Liga Profesional,2024,25/08/2024,21:00,Racing Club,Independiente,0,0,D,2.01,3.1,4.57,2.25,3.1,4.61,2.08,2.97,4.13,2.14,3.1,4.6,,,,18,2,8,0,9,9,6,0
ARG,Liga Profesional,2024,26/08/2024,00:31,River Plate,Newells Old Boys,0,0,D,1.49,4.14,7.52,1.53,4.25,7.7,1.48,4.07,7.2,1.52,4.3,8.6,,,,11,6,3,2,11,18,5,3
ARG,Liga Profesional,2024,26/08/2024,20:00,Barracas Central,Velez Sarsfield,0,5,A,4.66,3.54,1.83,4.82,3.6,1.85,4.53,3.5,1.81,5,3.65,1.89,,,,7,18,2,10,12,14,2,3
ARG,Liga Profesional,2024,26/08/2024,20:00,Central Cordoba,Banfield,0,0,D,2.55,2.85,3.38,2.58,2.9,3.41,2.51,2.83,3.27,2.64,2.92,3.5,,,,16,3,4,1,15,15,6,2
ARG,Liga Profesional,2024,26/08/2024,22:30,Belgrano,Gimnasia L.P.,0,1,A,2.15,3.03,4.09,2.29,3.2,4.09,2.18,2.99,3.78,2.26,3.1,4.1,,,,9,15,2,5,10,15,5,4
ARG,Liga Profesional,2024,26/08/2024,22:30,Rosario Central,Atl. Tucuman,1,0,H,2.3,2.83,3.97,2.47,2.9,3.99,2.33,2.8,3.7,2.38,2.96,4,,,,12,12,1,2,11,15,4,6
ARG,Liga Profesional,2024,27/08/2024,01:00,Estudiantes L.P.,Boca Juniors,1,1,D,2.52,2.85,3.44,2.52,2.95,3.55,2.45,2.82,3.4,2.58,2.96,3.55,,,,16,9,4,4,16,22,3,8
ARG,Liga Profesional,2024,30/08/2024,23:00,Sarmiento Junin,Lanus,0,0,D,3.67,2.92,2.36,3.73,3.17,2.41,3.55,2.93,2.31,3.85,3.05,2.4,,,,13,17,1,5,12,11,7,7
ARG,Liga Profesional,2024,31/08/2024,01:00,Union de Santa Fe,Dep. Riestra,0,0,D,1.67,3.42,6.62,1.7,3.48,6.89,1.66,3.36,6.35,1.73,3.5,7.2,,,,23,6,6,2,11,13,5,1
ARG,Liga Profesional,2024,31/08/2024,19:00,Defensa y Justicia,Barracas Central,1,0,H,1.73,3.72,5.1,1.8,3.75,5.13,1.73,3.62,4.85,1.78,3.85,5.4,,,,7,14,2,1,17,11,2,3
ARG,Liga Profesional,2024,31/08/2024,19:00,Newells Old Boys,Belgrano,0,0,D,2.13,2.95,4.31,2.15,3.13,4.47,2.06,2.97,4.21,2.14,3.05,4.7,,,,17,3,4,1,12,10,13,2
ARG,Liga Profesional,2024,31/08/2024,22:00,Talleres Cordoba,Estudiantes L.P.,1,0,H,2.26,3,3.79,2.33,3.1,3.79,2.23,2.96,3.64,2.28,3.1,4,,,,12,10,4,2,4,13,4,4
ARG,Liga Profesional,2024,31/08/2024,22:00,Velez Sarsfield,Ind. Rivadavia,4,0,H,1.45,4.27,8.35,1.5,4.3,8.98,1.45,4.11,7.86,1.49,4.4,9.4,,,,16,10,6,3,7,10,3,3
ARG,Liga Profesional,2024,01/09/2024,01:00,Boca Juniors,Rosario Central,2,1,H,1.75,3.32,5.88,1.84,3.4,6.47,1.74,3.25,5.62,1.78,3.45,6.6,,,,11,23,6,6,16,17,0,10
ARG,Liga Profesional,2024,01/09/2024,18:30,Huracan,Tigre,0,2,A,1.83,3.26,5.34,1.94,3.53,5.55,1.79,3.29,5.04,1.85,3.4,5.8,,,,11,6,1,2,16,19,8,1
ARG,Liga Profesional,2024,01/09/2024,18:30,Platense,San Lorenzo,1,2,A,2.73,2.61,3.46,2.75,2.7,3.56,2.67,2.57,3.36,2.82,2.62,3.7,,,,10,7,4,3,14,12,6,1
ARG,Liga Profesional,2024,01/09/2024,21:00,Independiente,River Plate,0,0,D,3.85,3.03,2.22,3.87,3.1,2.29,3.69,2.96,2.21,4.1,3.1,2.26,,,,7,12,0,1,13,15,0,7
ARG,Liga Profesional,2024,01/09/2024,23:00,Atl. Tucuman,Racing Club,1,0,H,3.54,2.88,2.44,3.56,3,2.55,3.32,2.89,2.42,3.55,3,2.56,,,,8,20,3,4,16,8,4,13
ARG,Liga Profesional,2024,02/09/2024,01:00,Banfield,Instituto,1,2,A,3.02,2.8,2.86,3.1,2.84,2.91,2.97,2.75,2.77,3.1,2.9,2.98,,,,14,22,4,8,10,12,7,8
ARG,Liga Profesional,2024,02/09/2024,21:00,Gimnasia L.P.,Argentinos Jrs,1,0,H,2.46,2.95,3.4,2.48,2.95,3.59,2.41,2.87,3.38,2.54,3,3.55,,,,9,13,6,2,16,11,7,7
ARG,Liga Profesional,2024,02/09/2024,23:00,Godoy Cruz,Central Cordoba,1,1,D,1.84,3.27,5.17,1.86,3.45,5.35,1.81,3.26,5.01,1.9,3.35,5.7,,,,8,10,3,1,15,11,6,1
ARG,Liga Profesional,2024,13/09/2024,19:00,Dep. Riestra,Huracan,1,0,H,4.13,2.94,2.17,4.33,2.97,2.31,3.92,2.89,2.18,4.3,3.05,2.24,,,,9,14,1,3,11,9,5,4
ARG,Liga Profesional,2024,13/09/2024,22:30,Central Cordoba,Instituto,2,1,H,3.56,2.95,2.39,3.62,3.06,2.58,3.36,2.92,2.39,3.7,3,2.48,,,,22,11,9,4,9,7,3,1
ARG,Liga Profesional,2024,13/09/2024,22:30,Lanus,Union de Santa Fe,1,1,D,2.55,2.93,3.27,2.58,3,3.5,2.49,2.91,3.19,2.62,2.96,3.5,,,,18,13,6,5,5,18,5,3
ARG,Liga Profesional,2024,14/09/2024,01:00,River Plate,Atl. Tucuman,4,1,H,1.47,4.16,8.1,1.55,4.18,8.2,1.49,3.97,7.41,1.48,4.4,9.6,,,,27,11,10,1,7,12,11,4
ARG,Liga Profesional,2024,14/09/2024,19:00,San Lorenzo,Velez Sarsfield,0,1,A,3.9,2.89,2.29,3.9,3,2.45,3.63,2.84,2.32,3.9,2.94,2.44,,,,11,16,4,6,12,11,8,9
ARG,Liga Profesional,2024,14/09/2024,21:30,Racing Club,Boca Juniors,2,1,H,2.19,3.25,3.65,2.3,3.27,3.9,2.15,3.16,3.6,2.24,3.3,3.9,,,,14,7,3,4,16,12,2,2
ARG,Liga Profesional,2024,15/09/2024,00:00,Belgrano,Independiente,1,1,D,3.16,2.73,2.81,3.16,2.78,2.95,3.03,2.7,2.78,3.2,2.8,2.96,,,,15,11,5,6,16,10,2,2
ARG,Liga Profesional,2024,15/09/2024,00:00,Tigre,Gimnasia L.P.,1,1,D,2.76,3.08,2.84,2.76,3.11,2.97,2.69,3.03,2.8,2.86,3.15,2.92,,,,9,13,3,8,4,10,5,5
ARG,Liga Profesional,2024,15/09/2024,19:00,Estudiantes L.P.,Platense,1,1,D,1.75,3.34,5.86,1.95,3.4,5.9,1.76,3.24,5.43,1.8,3.45,6.2,,,,12,6,5,2,16,17,3,1
ARG,Liga Profesional,2024,15/09/2024,19:00,Godoy Cruz,Sarmiento Junin,1,1,D,1.82,3.17,5.64,1.91,3.4,5.65,1.81,3.21,5.11,1.84,3.35,6.2,,,,19,15,6,6,11,13,7,6
ARG,Liga Profesional,2024,15/09/2024,21:30,Rosario Central,Talleres Cordoba,2,2,D,3.02,2.75,2.91,3.07,2.88,2.95,2.96,2.73,2.8,3.1,2.86,2.98,,,,11,9,6,5,6,10,5,1
ARG,Liga Profesional,2024,16/09/2024,00:00,Argentinos Jrs,Newells Old Boys,3,0,H,2.19,2.85,4.31,2.2,2.9,4.33,2.14,2.83,4.14,2.24,2.98,4.5,,,,13,6,7,1,14,10,6,3
ARG,Liga Profesional,2024,16/09/2024,19:00,Barracas Central,Banfield,0,1,A,3.2,3.14,2.45,3.35,3.2,2.54,3.13,3.1,2.4,3.4,3.2,2.5,,,,14,13,1,8,16,7,4,6
ARG,Liga Profesional,2024,17/09/2024,01:00,Ind. Rivadavia,Defensa y Justicia,1,0,H,2.44,3.07,3.3,2.44,3.1,3.6,2.34,3,3.33,2.42,3.15,3.6,,,,6,15,2,3,17,6,4,3
ARG,Liga Profesional,2024,20/09/2024,21:30,Gimnasia L.P.,Dep. Riestra,0,0,D,1.97,3.34,4.27,2.05,3.49,4.5,1.94,3.3,4.2,1.94,3.45,4.9,,,,16,7,4,3,6,11,4,1
ARG,Liga Profesional,2024,21/09/2024,00:00,Union de Santa Fe,Godoy Cruz,3,1,H,1.74,3.28,6.12,1.84,3.3,6.12,1.75,3.22,5.65,1.77,3.45,6.6,,,,16,3,5,1,11,16,11,2
ARG,Liga Profesional,2024,21/09/2024,20:00,Boca Juniors,River Plate,0,1,A,2.76,2.83,3.09,2.77,2.88,3.2,2.69,2.8,3.04,2.84,3,3.15,,,,9,6,2,3,17,16,11,0
ARG,Liga Profesional,2024,21/09/2024,23:00,Instituto,Barracas Central,0,1,A,1.44,4.52,7.81,1.49,4.52,8.5,1.43,4.37,7.65,1.46,4.6,10,,,,17,6,1,3,9,16,7,1
ARG,Liga Profesional,2024,21/09/2024,23:00,Newells Old Boys,Tigre,1,0,H,2.11,3.08,4.16,2.12,3.18,4.58,2.07,3.04,4.06,2.12,3.15,4.5,,,,15,12,6,5,17,10,10,3
ARG,Liga Profesional,2024,22/09/2024,01:15,Defensa y Justicia,San Lorenzo,0,0,D,2.88,2.87,2.92,2.98,2.95,3.05,2.77,2.85,2.89,2.94,2.92,3.1,,,,11,10,2,4,16,12,4,1
ARG,Liga Profesional,2024,22/09/2024,18:30,Huracan,Lanus,3,0,H,1.88,3.17,5.12,2.18,3.2,5.12,1.94,3.08,4.56,1.95,3.2,5.5,,,,17,11,7,3,15,9,5,3
ARG,Liga Profesional,2024,22/09/2024,18:30,Independiente,Argentinos Jrs,0,0,D,2.38,2.83,3.78,2.38,2.98,3.99,2.3,2.82,3.72,2.42,2.92,4,,,,8,5,1,1,19,14,4,2
ARG,Liga Profesional,2024,22/09/2024,21:00,Talleres Cordoba,Racing Club,2,0,H,2.1,3.1,4.15,2.15,3.2,4.15,2.06,3.09,3.98,2.18,3.3,4.1,,,,7,11,4,4,6,13,0,5
ARG,Liga Profesional,2024,22/09/2024,23:30,Atl. Tucuman,Belgrano,2,4,A,1.99,3.21,4.43,2.09,3.21,4.5,1.98,3.13,4.25,2.06,3.2,4.7,,,,14,9,5,7,10,11,9,4
ARG,Liga Profesional,2024,22/09/2024,23:30,Platense,Rosario Central,1,0,H,2.57,2.72,3.55,2.57,2.8,3.7,2.5,2.68,3.49,2.62,2.78,3.8,,,,13,6,6,1,12,15,8,0
ARG,Liga Profesional,2024,23/09/2024,22:45,Sarmiento Junin,Central Cordoba,1,3,A,2.76,2.74,3.22,2.76,2.88,3.5,2.58,2.73,3.27,2.74,2.92,3.4,,,,16,18,6,5,8,14,5,3
ARG,Liga Profesional,2024,24/09/2024,01:00,Banfield,Ind. Rivadavia,2,0,H,1.94,3.15,4.78,2.05,3.2,4.9,1.93,3.12,4.55,1.95,3.35,5.3,,,,14,14,6,4,11,12,6,3
ARG,Liga Profesional,2024,24/09/2024,01:00,Velez Sarsfield,Estudiantes L.P.,2,0,H,1.76,3.43,5.48,1.92,3.45,5.64,1.8,3.33,4.97,1.89,3.45,5.3,,,,17,9,6,3,9,11,9,1
ARG,Liga Profesional,2024,27/09/2024,19:00,Dep. Riestra,Newells Old Boys,3,3,D,2.69,2.93,3.07,2.69,2.94,3.2,2.57,2.87,3.08,2.76,2.98,3.25,,,,10,23,3,11,19,19,1,2
ARG,Liga Profesional,2024,28/09/2024,01:00,Ind. Rivadavia,Instituto,1,1,D,3.54,2.88,2.44,3.6,2.92,2.47,3.43,2.85,2.4,3.65,3,2.52,,,,17,16,6,3,14,15,8,2
ARG,Liga Profesional,2024,28/09/2024,19:00,San Lorenzo,Banfield,2,1,H,2.03,2.91,4.9,2.06,2.96,5,2.01,2.89,4.66,2.08,2.98,5.1,,,,12,14,3,3,11,12,1,6
ARG,Liga Profesional,2024,28/09/2024,21:30,Estudiantes L.P.,Defensa y Justicia,1,0,H,1.67,3.65,5.89,1.73,3.7,5.9,1.67,3.55,5.52,1.74,3.7,6.2,,,,18,21,4,4,14,10,8,8
ARG,Liga Profesional,2024,28/09/2024,21:30,Godoy Cruz,Huracan,1,1,D,2.73,2.79,3.18,2.73,2.9,3.2,2.64,2.79,3.08,2.82,2.82,3.35,,,,9,0,4,0,11,0,5,0
ARG,Liga Profesional,2024,29/09/2024,00:00,Belgrano,Boca Juniors,2,0,H,3.12,2.93,2.66,3.2,3.1,2.66,3.06,2.89,2.57,3.25,3,2.74,,,,18,3,7,2,17,7,6,4
ARG,Liga Profesional,2024,29/09/2024,18:30,Central Cordoba,Barracas Central,2,1,H,1.67,3.51,6.34,1.77,3.52,6.34,1.7,3.37,5.77,1.73,3.6,6.6,,,,12,8,6,3,16,11,2,2
ARG,Liga Profesional,2024,29/09/2024,22:15,River Plate,Talleres Cordoba,0,1,A,1.63,3.6,6.56,1.62,3.78,8,1.56,3.61,6.86,1.59,3.85,8.6,,,,24,8,7,3,9,16,7,1
ARG,Liga Profesional,2024,29/09/2024,23:30,Sarmiento Junin,Union de Santa Fe,1,0,H,3.5,2.94,2.44,3.71,2.97,2.54,3.37,2.87,2.41,3.65,2.96,2.54,,,,14,11,5,3,14,8,2,2
ARG,Liga Profesional,2024,30/09/2024,23:00,Argentinos Jrs,Atl. Tucuman,0,0,D,1.85,3.25,5.17,1.92,3.29,5.34,1.83,3.2,4.98,1.91,3.35,5.6,,,,16,14,2,3,8,12,5,3
ARG,Liga Profesional,2024,01/10/2024,01:00,Racing Club,Platense,1,1,D,1.79,3.42,5.26,1.86,3.52,5.85,1.74,3.39,5.28,1.74,3.6,6.6,,,,20,9,7,4,6,9,8,0
ARG,Liga Profesional,2024,01/10/2024,01:15,Lanus,Gimnasia L.P.,0,0,D,2.11,3.09,4.05,2.15,3.15,4.1,2.1,3.03,3.94,2.18,3.15,4.2,,,,23,8,4,2,10,14,7,3
ARG,Liga Profesional,2024,01/10/2024,22:30,Tigre,Independiente,1,1,D,3.73,2.84,2.39,3.73,2.95,2.5,3.52,2.8,2.39,3.85,2.9,2.5,,,,7,16,1,5,11,8,2,3
ARG,Liga Profesional,2024,02/10/2024,00:30,Rosario Central,Velez Sarsfield,3,0,H,4.12,2.99,2.16,4.22,3.06,2.2,4,2.97,2.12,4.2,3.05,2.24,,,,10,9,4,2,13,6,10,5
ARG,Liga Profesional,2024,04/10/2024,23:00,Union de Santa Fe,Central Cordoba,0,2,A,1.93,3.2,4.79,2.01,3.46,4.79,1.92,3.21,4.43,2,3.25,5,,,,13,9,1,4,14,15,7,1
ARG,Liga Profesional,2024,05/10/2024,01:00,Huracan,Sarmiento Junin,3,1,H,1.81,2.99,6.44,1.94,3.19,6.44,1.83,2.97,5.75,1.84,3.15,7,,,,17,4,6,1,8,15,9,3
ARG,Liga Profesional,2024,05/10/2024,19:00,Velez Sarsfield,Racing Club,1,0,H,2.05,3.2,4.17,2.08,3.25,4.21,2.03,3.18,3.97,2.14,3.25,4.3,,,,16,12,6,1,9,9,8,5
ARG,Liga Profesional,2024,05/10/2024,21:30,Gimnasia L.P.,Godoy Cruz,0,1,A,1.91,3.27,4.75,2,3.3,4.8,1.89,3.2,4.52,1.93,3.35,5.2,,,,13,9,4,4,9,13,7,3
ARG,Liga Profesional,2024,05/10/2024,21:30,Newells Old Boys,Lanus,2,1,H,2.87,2.93,2.87,2.87,3.07,3,2.76,2.92,2.83,2.96,3.05,2.94,,,,,,,,,,,
ARG,Liga Profesional,2024,06/10/2024,00:00,Instituto,San Lorenzo,2,0,H,2.11,2.99,4.33,2.15,3,4.33,2.1,2.92,4.14,2.16,3,4.7,,,,18,7,7,2,15,13,8,1
ARG,Liga Profesional,2024,06/10/2024,19:00,Independiente,Dep. Riestra,3,1,H,1.61,3.57,6.99,1.7,3.69,7,1.61,3.5,6.53,1.65,3.65,8.2,,,,12,6,7,3,14,15,1,3
ARG,Liga Profesional,2024,06/10/2024,20:30,Talleres Cordoba,Belgrano,0,0,D,1.98,3.13,4.65,2,3.2,4.83,1.96,3.08,4.45,2,3.25,5,,,,26,5,3,2,9,12,4,3
ARG,Liga Profesional,2024,06/10/2024,23:00,Platense,River Plate,0,0,D,4.69,3.05,2,4.81,3.18,2.04,4.58,3.03,1.96,5.2,3.15,2.02,,,,7,10,0,3,18,10,3,6
ARG,Liga Profesional,2024,07/10/2024,01:00,Boca Juniors,Argentinos Jrs,1,0,H,2.28,2.94,3.85,2.39,3.04,4,2.25,2.91,3.69,2.36,3.05,3.95,,,,17,16,6,5,14,8,3,7
ARG,Liga Profesional,2024,07/10/2024,19:00,Barracas Central,Ind. Rivadavia,1,1,D,2.93,2.91,2.83,2.93,3.04,2.94,2.84,2.88,2.79,3.05,3,2.94,,,,14,8,3,3,14,7,5,4
ARG,Liga Profesional,2024,07/10/2024,22:00,Banfield,Estudiantes L.P.,1,2,A,3.05,2.9,2.74,3.13,2.99,2.8,3.02,2.85,2.64,3.1,3,2.86,,,,8,16,3,4,14,13,2,8
ARG,Liga Profesional,2024,07/10/2024,22:45,Defensa y Justicia,Rosario Central,2,1,H,2.67,3,3.03,2.67,3,3.2,2.58,2.93,3.03,2.74,3.05,3.2,,,,8,17,2,6,15,11,3,12
ARG,Liga Profesional,2024,08/10/2024,01:00,Atl. Tucuman,Tigre,1,2,A,2.01,3.31,4.14,2.08,3.39,4.37,1.98,3.26,4.07,2.04,3.45,4.5,,,,19,10,8,4,10,15,6,4
ARG,Liga Profesional,2024,12/10/2024,19:30,Godoy Cruz,San Lorenzo,1,1,D,1.96,2.97,5.13,2.04,3.14,5.5,1.94,2.99,4.87,2,3.05,5.5,,,,,,,,,,,
ARG,Liga Profesional,2024,18/10/2024,19:00,Dep. Riestra,Atl. Tucuman,2,0,H,2.8,3.18,2.72,3.2,3.23,2.72,2.86,3.15,2.56,3.05,3.2,2.74,,,,7,16,4,5,9,10,2,6
ARG,Liga Profesional,2024,18/10/2024,21:00,Sarmiento Junin,Gimnasia L.P.,1,1,D,2.31,2.91,3.83,2.4,2.95,3.98,2.25,2.89,3.74,2.3,3.1,4,,,,5,15,2,4,10,10,4,5
ARG,Liga Profesional,2024,18/10/2024,22:45,Central Cordoba,Ind. Rivadavia,2,0,H,1.93,3.09,5.03,2.01,3.11,5.41,1.93,3.01,4.84,2,3.15,5.2,,,,15,5,6,2,12,14,3,3
ARG,Liga Profesional,2024,18/10/2024,23:15,Lanus,Independiente,0,2,A,2.34,2.89,3.78,2.5,2.89,4.03,2.33,2.82,3.66,2.44,2.94,3.85,,,,12,9,3,4,8,5,4,2
ARG,Liga Profesional,2024,19/10/2024,01:00,River Plate,Velez Sarsfield,1,1,D,2.12,3.25,3.85,2.15,3.38,3.96,2.09,3.18,3.75,2.14,3.25,4.2,,,,11,9,3,3,12,14,5,2
ARG,Liga Profesional,2024,19/10/2024,21:00,Belgrano,Platense,0,1,A,2.53,2.78,3.52,2.53,2.88,3.71,2.42,2.77,3.48,2.52,2.88,3.75,,,,9,9,3,2,10,12,4,6
ARG,Liga Profesional,2024,19/10/2024,21:00,Racing Club,Defensa y Justicia,4,3,H,1.66,4.03,5.18,1.73,4.03,5.75,1.64,3.85,5.18,1.67,4.1,6,,,,15,20,5,7,13,8,4,8
ARG,Liga Profesional,2024,19/10/2024,23:15,Tigre,Boca Juniors,3,0,H,3.59,3.15,2.26,3.59,3.2,2.3,3.42,3.14,2.23,3.7,3.3,2.3,,,,13,9,9,2,13,7,4,10
ARG,Liga Profesional,2024,20/10/2024,01:15,Union de Santa Fe,Huracan,0,1,A,2.5,2.54,4.07,2.61,2.59,4.1,2.5,2.54,3.76,2.58,2.56,4.3,,,,18,6,5,2,7,13,2,6
ARG,Liga Profesional,2024,20/10/2024,19:00,Argentinos Jrs,Talleres Cordoba,3,0,H,2.48,3.03,3.27,2.64,3.18,3.27,2.49,3,3.09,2.6,3.1,3.35,,,,9,16,3,2,8,12,5,2
ARG,Liga Profesional,2024,20/10/2024,21:15,Estudiantes L.P.,Instituto,3,2,H,2.32,2.99,3.65,2.4,3.17,3.8,2.25,3.01,3.57,2.38,3.1,3.8,,,,10,11,5,4,13,10,3,6
ARG,Liga Profesional,2024,20/10/2024,21:15,Rosario Central,Banfield,1,1,D,1.79,3.31,5.56,2.05,3.31,5.75,1.84,3.19,5.01,1.84,3.35,6,,,,,,,,,,,
ARG,Liga Profesional,2024,20/10/2024,23:30,Godoy Cruz,Newells Old Boys,2,0,H,2.04,3.1,4.38,2.1,3.2,4.4,2.03,3.04,4.16,2.1,3.25,4.5,,,,10,11,6,2,17,6,9,5
ARG,Liga Profesional,2024,20/10/2024,23:30,San Lorenzo,Barracas Central,1,0,H,1.75,3.33,5.9,1.84,3.45,6.5,1.74,3.28,5.56,1.79,3.4,6.6,,,,8,9,3,0,15,16,5,3
ARG,Liga Profesional,2024,25/10/2024,19:00,Barracas Central,Estudiantes L.P.,1,1,D,4.42,3.17,2.01,4.75,3.35,2.01,4.41,3.15,1.94,4.6,3.3,2.06,,,,14,12,3,6,10,11,4,7
ARG,Liga Profesional,2024,26/10/2024,01:00,Defensa y Justicia,River Plate,0,0,D,3.61,3.24,2.2,3.61,3.35,2.23,3.46,3.21,2.18,3.75,3.45,2.24,,,,22,11,7,3,9,13,7,4
ARG,Liga Profesional,2024,26/10/2024,21:15,Instituto,Rosario Central,0,0,D,2.26,2.98,3.84,2.36,3.07,3.9,2.24,2.94,3.69,2.34,3,4,,,,9,8,3,2,14,15,5,4
ARG,Liga Profesional,2024,26/10/2024,21:15,Newells Old Boys,Sarmiento Junin,1,1,D,1.97,2.96,5.11,2.07,3.08,5.31,1.94,2.97,4.86,2.02,3.05,5.4,,,,15,8,3,3,8,20,6,2
ARG,Liga Profesional,2024,26/10/2024,23:30,Independiente,Godoy Cruz,1,1,D,1.83,3.11,5.73,1.96,3.15,5.73,1.84,3.08,5.29,1.89,3.2,6,,,,,,,,,,,
ARG,Liga Profesional,2024,27/10/2024,01:00,Velez Sarsfield,Belgrano,1,1,D,1.42,4.35,8.87,1.44,4.35,8.5,1.42,4.26,8.32,1.45,4.7,9.2,,,,25,4,9,2,8,11,9,2
ARG,Liga Profesional,2024,27/10/2024,01:45,Ind. Rivadavia,San Lorenzo,1,0,H,3.17,2.59,2.97,3.07,2.8,3.1,3,2.66,2.93,3.2,2.72,3,,,,10,14,2,3,14,12,1,9
ARG,Liga Profesional,2024,27/10/2024,18:00,Platense,Argentinos Jrs,2,1,H,2.49,2.8,3.57,2.54,2.85,3.62,2.46,2.74,3.46,2.58,2.88,3.75,,,,8,23,2,6,7,11,2,13
ARG,Liga Profesional,2024,27/10/2024,20:15,Banfield,Racing Club,2,1,H,2.93,3.03,2.72,3.16,3.1,2.72,2.92,3,2.61,2.98,3.2,2.78,,,,9,12,4,2,8,11,1,5
ARG,Liga Profesional,2024,27/10/2024,22:00,Boca Juniors,Dep. Riestra,1,1,D,1.64,3.65,6.33,1.64,3.85,6.94,1.58,3.71,6.29,1.64,3.85,7.2,,,,23,6,10,5,9,14,12,3
ARG,Liga Profesional,2024,28/10/2024,00:15,Atl. Tucuman,Lanus,1,0,H,1.74,3.48,5.6,1.8,3.6,6.32,1.72,3.41,5.44,1.79,3.6,6,,,,22,10,5,0,14,9,11,2
ARG,Liga Profesional,2024,28/10/2024,00:15,Talleres Cordoba,Tigre,1,1,D,1.65,3.65,6.2,1.73,3.69,6.41,1.65,3.54,5.84,1.7,3.75,6.6,,,,11,11,4,3,8,16,9,1
ARG,Liga Profesional,2024,28/10/2024,22:00,Gimnasia L.P.,Union de Santa Fe,2,3,A,2.5,2.85,3.48,2.51,2.88,3.7,2.45,2.8,3.39,2.56,2.94,3.65,,,,,,,,,,,
ARG,Liga Profesional,2024,29/10/2024,00:00,Huracan,Central Cordoba,0,0,D,2.02,2.96,4.85,2.1,3,4.86,2.02,2.92,4.5,2.08,3,5.1,,,,14,15,5,3,16,11,6,3
ARG,Liga Profesional,2024,31/10/2024,22:00,Estudiantes L.P.,Ind. Rivadavia,1,1,D,1.53,3.69,7.35,1.58,3.93,8,1.53,3.71,7.23,1.58,3.95,8.4,,,,13,3,3,3,12,7,7,1
ARG,Liga Profesional,2024,31/10/2024,22:00,Sarmiento Junin,Independiente,0,0,D,4.42,2.79,2.2,4.42,2.86,2.29,4.17,2.79,2.17,4.6,2.96,2.22,,,,6,22,2,3,11,10,1,4
ARG,Liga Profesional,2024,01/11/2024,00:15,Godoy Cruz,Atl. Tucuman,1,1,D,2.32,3.03,3.6,2.4,3.2,3.7,2.29,3.03,3.4,2.34,3.2,3.65,,,,13,8,4,2,9,17,4,4
ARG,Liga Profesional,2024,01/11/2024,00:15,Rosario Central,Barracas Central,0,1,A,1.57,3.71,7.22,1.67,3.74,7.76,1.58,3.57,6.88,1.61,3.75,8.6,,,,9,10,1,4,18,11,8,7
ARG,Liga Profesional,2024,01/11/2024,22:00,Central Cordoba,San Lorenzo,0,1,A,2.34,2.74,4.06,2.4,2.94,4.33,2.25,2.75,4.01,2.28,2.9,4.5,,,,13,6,1,1,16,8,7,1
ARG,Liga Profesional,2024,01/11/2024,22:45,Huracan,Gimnasia L.P.,0,0,D,2.01,3.06,4.61,2.1,3.14,4.99,2.02,2.98,4.42,2.08,3.05,5,,,,8,9,2,1,12,20,2,5
ARG,Liga Profesional,2024,02/11/2024,00:15,Union de Santa Fe,Newells Old Boys,2,0,H,1.69,3.39,6.4,1.74,3.48,6.4,1.69,3.35,5.91,1.74,3.5,6.4,,,,13,12,4,3,13,8,2,1
ARG,Liga Profesional,2024,02/11/2024,01:00,Argentinos Jrs,Velez Sarsfield,1,1,D,3.53,3.09,2.31,3.77,3.25,2.33,3.56,3.09,2.21,3.7,3.2,2.36,,,,17,8,5,3,13,10,3,4
ARG,Liga Profesional,2024,02/11/2024,18:00,Dep. Riestra,Talleres Cordoba,0,0,D,3.83,3.18,2.16,3.99,3.18,2.23,3.76,3.11,2.11,4.1,3.3,2.16,,,,12,10,2,2,15,13,11,3
ARG,Liga Profesional,2024,02/11/2024,21:00,River Plate,Banfield,3,1,H,1.3,5.27,11.78,1.33,5.27,13.4,1.3,4.97,11.22,1.33,5.4,14.5,,,,19,7,7,2,13,11,8,2
ARG,Liga Profesional,2024,02/11/2024,23:00,Belgrano,Defensa y Justicia,1,2,A,2.16,3.2,3.78,2.17,3.3,3.87,2.13,3.16,3.64,2.24,3.25,3.95,,,,15,15,6,8,8,12,4,3
ARG,Liga Profesional,2024,03/11/2024,20:00,Tigre,Platense,0,0,D,3.03,2.67,2.99,3.04,2.75,3.1,2.9,2.67,2.93,3.05,2.82,3.1,,,,10,5,3,2,15,14,7,1
ARG,Liga Profesional,2024,03/11/2024,20:30,Racing Club,Instituto,2,0,H,2.13,3.19,3.88,2.2,3.25,4.1,2.14,3.13,3.68,2.22,3.3,3.95,,,,7,16,3,5,14,7,6,10
ARG,Liga Profesional,2024,03/11/2024,22:30,Lanus,Boca Juniors,1,0,H,2.78,2.94,2.95,2.85,3.05,2.96,2.73,2.92,2.84,2.9,3.1,2.98,,,,20,8,7,2,12,13,5,3
ARG,Liga Profesional,2024,04/11/2024,22:00,Atl. Tucuman,Sarmiento Junin,1,0,H,1.68,3.62,5.87,1.8,3.62,6.12,1.7,3.48,5.44,1.73,3.65,6.4,,,,16,10,7,0,16,10,9,3
ARG,Liga Profesional,2024,05/11/2024,00:00,Ind. Rivadavia,Rosario Central,1,1,D,3.06,2.7,2.93,3.12,2.82,2.95,3,2.68,2.83,3.2,2.78,2.98,,,,19,8,6,3,11,20,4,2
ARG,Liga Profesional,2024,05/11/2024,21:45,Gimnasia L.P.,Central Cordoba,0,0,D,2.02,3,4.68,2.12,3.01,4.7,2.01,2.96,4.41,2.06,3.1,4.9,,,,12,10,2,1,9,12,11,5
ARG,Liga Profesional,2024,05/11/2024,21:45,San Lorenzo,Estudiantes L.P.,1,1,D,3.05,2.66,2.99,3.09,2.75,3.02,2.96,2.65,2.9,3.1,2.72,3.1,,,,7,12,2,5,6,21,4,4
ARG,Liga Profesional,2024,06/11/2024,00:00,Independiente,Union de Santa Fe,3,0,H,2.21,2.81,4.34,2.25,2.84,4.34,2.18,2.77,4.18,2.2,2.92,4.9,,,,13,1,8,0,11,9,3,1
ARG,Liga Profesional,2024,06/11/2024,00:00,Newells Old Boys,Huracan,2,4,A,2.89,2.64,3.19,3.05,2.68,3.25,2.86,2.6,3.06,3.25,2.68,3,,,,25,5,4,4,10,17,9,1
ARG,Liga Profesional,2024,06/11/2024,19:00,Barracas Central,Racing Club,0,2,A,5.4,3.49,1.75,5.83,3.55,1.76,5.27,3.46,1.72,5.9,3.55,1.78,,,,17,12,1,6,14,18,4,6
ARG,Liga Profesional,2024,06/11/2024,20:00,Banfield,Belgrano,1,1,D,2.46,2.83,3.58,2.55,2.9,3.58,2.42,2.83,3.41,2.48,3,3.7,,,,10,13,2,2,9,11,4,5
ARG,Liga Profesional,2024,06/11/2024,22:30,Boca Juniors,Godoy Cruz,4,1,H,1.87,3.22,5.09,1.92,3.35,5.4,1.86,3.2,4.76,1.93,3.25,5.4,,,,9,13,5,5,10,11,2,1
ARG,Liga Profesional,2024,07/11/2024,00:30,Instituto,River Plate,2,3,A,4.41,3.23,1.98,4.65,3.4,2,4.25,3.2,1.95,4.7,3.25,2.04,,,,6,19,4,6,14,8,1,6
ARG,Liga Profesional,2024,07/11/2024,21:45,Talleres Cordoba,Lanus,1,2,A,1.94,3.22,4.62,1.97,3.3,4.8,1.89,3.21,4.57,1.93,3.4,5.2,,,,16,10,6,5,14,7,3,4
ARG,Liga Profesional,2024,07/11/2024,22:00,Defensa y Justicia,Argentinos Jrs,2,1,H,2.71,3.03,2.95,2.88,3.22,2.95,2.69,3,2.81,2.82,3.15,3,,,,12,8,5,1,9,15,5,4
ARG,Liga Profesional,2024,08/11/2024,00:00,Platense,Dep. Riestra,0,0,D,1.84,3.07,5.8,1.95,3.17,5.82,1.83,3.05,5.41,1.9,3.2,6,,,,12,3,3,1,11,4,6,1
ARG,Liga Profesional,2024,08/11/2024,00:15,Velez Sarsfield,Tigre,1,0,H,1.44,4.45,7.99,1.48,4.7,8.5,1.43,4.37,7.51,1.47,4.7,9,,,,16,7,1,2,9,17,8,4
ARG,Liga Profesional,2024,09/11/2024,19:45,Union de Santa Fe,Atl. Tucuman,1,0,H,2.05,3.16,4.26,2.16,3.3,4.4,2.01,3.14,4.12,2.12,3.15,4.4,,,,16,8,4,3,10,12,8,6
ARG,Liga Profesional,2024,09/11/2024,20:00,Gimnasia L.P.,Newells Old Boys,1,0,H,2.06,3.11,4.3,2.13,3.2,4.67,2.02,3.07,4.21,2.16,3.15,4.4,,,,11,7,5,1,19,10,2,5
ARG,Liga Profesional,2024,09/11/2024,22:00,Rosario Central,San Lorenzo,0,1,A,2.26,2.63,4.59,2.32,2.82,4.66,2.23,2.65,4.25,2.3,2.74,4.6,,,,12,12,2,3,14,15,8,2
ARG,Liga Profesional,2024,10/11/2024,00:00,Huracan,Independiente,1,0,H,2.89,2.57,3.31,2.89,2.66,3.41,2.8,2.54,3.25,2.96,2.62,3.4,,,,7,10,4,1,13,13,4,3
ARG,Liga Profesional,2024,10/11/2024,19:00,Central Cordoba,Estudiantes L.P.,1,1,D,3.21,2.81,2.7,3.27,2.81,2.76,3.13,2.76,2.66,3.35,2.84,2.78,,,,10,8,4,2,5,8,7,2
ARG,Liga Profesional,2024,10/11/2024,20:15,River Plate,Barracas Central,3,0,H,1.17,6.97,20.19,1.21,6.97,20.19,1.18,6.42,17.5,1.22,7,22,,,,34,3,15,2,10,16,10,3
ARG,Liga Profesional,2024,10/11/2024,22:15,Godoy Cruz,Talleres Cordoba,0,1,A,3.13,2.98,2.6,3.17,3.06,2.75,3,2.96,2.56,2.86,3.05,3,,,,10,15,2,8,13,9,1,8
ARG,Liga Profesional,2024,10/11/2024,22:30,Racing Club,Ind. Rivadavia,2,1,H,1.38,4.65,9.72,1.43,4.8,9.9,1.38,4.47,9.13,1.41,4.8,11.5,,,,14,6,5,2,11,15,9,2
ARG,Liga Profesional,2024,11/11/2024,00:30,Sarmiento Junin,Boca Juniors,0,2,A,4.35,3.21,2,4.55,3.26,2.09,4.19,3.13,1.99,4.5,3.25,2.08,,,,8,11,3,5,12,13,3,7
ARG,Liga Profesional,2024,11/11/2024,19:00,Dep. Riestra,Velez Sarsfield,1,1,D,7.53,3.99,1.51,7.53,4,1.56,6.85,3.85,1.52,8.4,4.1,1.56,,,,18,13,5,5,11,7,8,3
ARG,Liga Profesional,2024,11/11/2024,21:45,Lanus,Platense,0,0,D,2.23,2.87,4.11,2.29,2.95,4.11,2.22,2.86,3.85,2.34,2.96,4.2,,,,11,8,5,1,8,7,3,3
ARG,Liga Profesional,2024,11/11/2024,21:45,Tigre,Defensa y Justicia,0,4,A,2.37,3.26,3.24,2.42,3.35,3.35,2.31,3.24,3.16,2.4,3.35,3.45,,,,11,16,3,6,12,9,5,3
ARG,Liga Profesional,2024,12/11/2024,00:00,Argentinos Jrs,Banfield,1,0,H,1.8,3.3,5.48,1.84,3.4,5.7,1.76,3.29,5.24,1.76,3.5,6.4,,,,9,7,2,2,16,14,5,3
ARG,Liga Profesional,2024,12/11/2024,00:00,Belgrano,Instituto,3,1,H,2.79,3.01,2.88,2.84,3.1,3,2.71,2.97,2.81,2.92,3.1,2.94,,,,9,13,4,4,10,11,4,4
ARG,Liga Profesional,2024,17/11/2024,20:30,San Lorenzo,Racing Club,1,2,A,3.41,2.84,2.54,3.41,2.9,2.65,3.25,2.78,2.55,3.55,2.84,2.7,,,,13,14,3,4,11,15,1,3
ARG,Liga Profesional,2024,18/11/2024,20:00,Banfield,Tigre,0,1,A,3.66,3.08,2.27,3.66,3.2,2.77,3.2,2.99,2.45,3,3.05,2.88,,,,13,7,3,2,11,10,3,1
ARG,Liga Profesional,2024,18/11/2024,22:15,Defensa y Justicia,Dep. Riestra,1,1,D,1.72,3.67,5.31,2.01,3.91,5.31,1.74,3.62,4.77,1.82,3.7,5.3,,,,18,12,6,3,9,9,8,4
ARG,Liga Profesional,2024,18/11/2024,22:15,Platense,Godoy Cruz,1,0,H,1.84,3.1,5.66,1.95,3.17,5.75,1.84,3.05,5.34,1.88,3.25,6,,,,13,6,5,1,14,11,6,4
ARG,Liga Profesional,2024,19/11/2024,00:30,Atl. Tucuman,Huracan,4,2,H,2.21,3.07,3.83,2.3,3.2,3.9,2.19,3.04,3.64,2.26,3.15,4.1,,,,12,8,7,3,17,5,3,3
ARG,Liga Profesional,2024,19/11/2024,00:30,Instituto,Argentinos Jrs,1,0,H,2.28,2.95,3.84,2.35,3.07,3.91,2.25,2.95,3.63,2.38,3.05,3.85,,,,6,16,5,1,10,9,5,4
ARG,Liga Profesional,2024,20/11/2024,20:00,Newells Old Boys,Central Cordoba,2,3,A,2.61,2.94,3.17,2.61,3.06,3.35,2.52,2.92,3.15,2.64,3,3.4,,,,10,10,6,4,13,17,3,2
ARG,Liga Profesional,2024,20/11/2024,22:15,Estudiantes L.P.,Rosario Central,1,1,D,1.89,3.17,5.07,1.92,3.2,5.16,1.88,3.11,4.83,1.91,3.35,5.5,,,,10,10,5,2,12,14,1,3
ARG,Liga Profesional,2024,20/11/2024,22:15,Velez Sarsfield,Lanus,0,0,D,1.58,3.99,6.19,1.63,4.1,6.4,1.56,3.91,6.11,1.61,4.2,6.8,,,,13,4,4,0,8,17,11,3
ARG,Liga Profesional,2024,21/11/2024,00:30,Boca Juniors,Union de Santa Fe,1,0,H,1.99,3.14,4.58,2.08,3.31,4.65,1.98,3.17,4.2,1.99,3.25,5.1,,,,6,6,3,0,14,18,2,0
ARG,Liga Profesional,2024,21/11/2024,20:00,Barracas Central,Belgrano,1,1,D,3.97,3.12,2.14,4.06,3.19,2.23,3.77,3.09,2.13,4.1,3.25,2.18,,,,,,,,,,,
ARG,Liga Profesional,2024,21/11/2024,22:15,Independiente,Gimnasia L.P.,1,0,H,1.92,3.11,5.06,1.99,3.3,5.06,1.92,3.1,4.65,1.94,3.2,5.5,,,,25,4,6,2,10,24,5,2
ARG,Liga Profesional,2024,21/11/2024,22:15,Talleres Cordoba,Sarmiento Junin,2,0,H,1.47,4.19,7.86,1.5,4.41,8,1.47,4.11,7.4,1.51,4.3,9,,,,20,11,4,0,7,13,8,5
ARG,Liga Profesional,2024,22/11/2024,00:30,Ind. Rivadavia,River Plate,2,1,H,8.26,4.27,1.45,8.7,4.33,1.49,7.97,4.16,1.44,9,4.3,1.5,,,,25,16,12,4,5,8,4,3
ARG,Liga Profesional,2024,23/11/2024,22:30,Tigre,Instituto,0,0,D,2.58,2.96,3.19,2.61,3.1,3.67,2.5,2.93,3.13,2.64,3.05,3.3,,,,14,8,3,2,11,10,5,2
ARG,Liga Profesional,2024,24/11/2024,00:45,Huracan,Boca Juniors,0,0,D,2.25,2.98,3.86,2.33,3.11,3.86,2.26,2.93,3.61,2.36,3,4,,,,7,6,2,1,13,17,11,0
ARG,Liga Profesional,2024,24/11/2024,20:00,Dep. Riestra,Banfield,1,1,D,2.08,3.05,4.31,2.13,3.07,4.63,2.05,2.98,4.19,2.14,3.15,4.5,,,,15,6,2,1,15,14,3,3
ARG,Liga Profesional,2024,24/11/2024,20:00,Gimnasia L.P.,Atl. Tucuman,1,0,H,2.64,2.95,3.11,2.76,3.1,3.15,2.61,2.92,2.97,2.76,3.05,3.1,,,,12,13,4,3,9,12,8,6
ARG,Liga Profesional,2024,24/11/2024,22:15,Godoy Cruz,Velez Sarsfield,0,0,D,4.69,3.31,1.9,4.8,3.44,1.92,4.54,3.27,1.88,4.9,3.55,1.92,,,,11,7,2,1,10,10,7,6
ARG,Liga Profesional,2024,25/11/2024,00:30,Lanus,Defensa y Justicia,0,0,D,2.27,3.19,3.51,2.35,3.25,3.58,2.24,3.14,3.38,2.28,3.3,3.8,,,,21,12,5,2,13,8,8,7
ARG,Liga Profesional,2024,25/11/2024,22:00,Central Cordoba,Rosario Central,0,1,A,2.34,2.89,3.77,2.38,2.95,3.77,2.31,2.84,3.59,2.4,2.98,3.9,,,,10,10,5,3,15,7,1,6
ARG,Liga Profesional,2024,26/11/2024,00:15,Argentinos Jrs,Barracas Central,0,1,A,1.42,4.24,9.66,1.49,4.35,9.66,1.42,4.16,8.49,1.47,4.4,10,,,,20,10,5,3,13,14,11,1
ARG,Liga Profesional,2024,26/11/2024,00:15,Belgrano,Ind. Rivadavia,0,2,A,1.9,3.22,4.87,1.97,3.41,4.92,1.89,3.23,4.44,1.96,3.4,5,,,,17,9,7,5,9,9,10,5
ARG,Liga Profesional,2024,26/11/2024,22:00,Newells Old Boys,Independiente,2,1,H,3.6,2.72,2.54,3.7,2.86,2.63,3.41,2.72,2.5,3.7,2.84,2.62,,,,10,15,7,6,15,16,0,8
ARG,Liga Profesional,2024,27/11/2024,00:15,Sarmiento Junin,Platense,1,0,H,3.74,2.75,2.46,3.81,2.86,2.48,3.64,2.74,2.39,3.8,2.82,2.54,,,,13,9,5,3,9,4,1,4
ARG,Liga Profesional,2024,27/11/2024,00:15,Union de Santa Fe,Talleres Cordoba,2,3,A,3.05,2.9,2.74,3.08,2.98,2.95,2.96,2.86,2.69,3.15,2.98,2.86,,,,15,10,6,4,7,11,5,4
ARG,Liga Profesional,2024,29/11/2024,22:00,San Lorenzo,Belgrano,0,2,A,2.14,2.93,4.32,2.23,2.95,4.41,2.14,2.88,4.08,2.2,2.98,4.7,,,,19,8,4,6,9,15,13,3
ARG,Liga Profesional,2024,30/11/2024,00:00,Estudiantes L.P.,River Plate,1,2,A,3.43,3.05,2.38,3.81,3.15,2.38,3.5,3,2.26,3.65,3.25,2.38,,,,25,7,11,4,9,21,4,3
ARG,Liga Profesional,2024,30/11/2024,22:30,Banfield,Lanus,0,1,A,3.87,2.85,2.32,4,2.95,2.34,3.76,2.82,2.26,4,3,2.34,,,,13,8,1,4,19,9,7,2
ARG,Liga Profesional,2024,30/11/2024,22:30,Rosario Central,Racing Club,0,2,A,3.74,3.12,2.22,3.74,3.12,2.44,3.53,3.03,2.24,3.95,3.15,2.3,,,,7,14,0,6,15,16,6,3
ARG,Liga Profesional,2024,01/12/2024,00:45,Defensa y Justicia,Godoy Cruz,2,1,H,1.86,3.53,4.51,1.91,3.68,4.51,1.85,3.48,4.29,1.92,3.65,4.7,,,,5,13,2,4,5,10,0,6
ARG,Liga Profesional,2024,01/12/2024,00:45,Instituto,Dep. Riestra,2,1,H,1.93,3.24,4.7,1.96,3.38,4.8,1.9,3.23,4.46,1.95,3.45,5,,,,17,9,4,3,9,23,4,2
ARG,Liga Profesional,2024,01/12/2024,20:00,Independiente,Central Cordoba,2,0,H,1.92,3.04,5.21,1.96,3.18,5.3,1.92,3,4.86,1.99,3.1,5.5,,,,10,12,7,3,9,20,3,5
ARG,Liga Profesional,2024,01/12/2024,22:15,Velez Sarsfield,Sarmiento Junin,1,0,H,1.34,4.98,10.37,1.37,5.15,11.25,1.32,4.89,9.98,1.36,5.5,11,,,,20,5,8,2,11,18,10,0
ARG,Liga Profesional,2024,02/12/2024,00:45,Boca Juniors,Gimnasia L.P.,1,0,H,1.68,3.63,5.76,1.74,3.8,5.76,1.68,3.55,5.4,1.7,3.8,6.4,,,,16,4,4,2,9,18,11,2
ARG,Liga Profesional,2024,02/12/2024,20:00,Barracas Central,Tigre,0,0,D,3.38,3.05,2.41,3.48,3.1,2.41,3.3,2.99,2.36,3.5,3.15,2.48,,,,12,13,2,5,11,7,4,5
ARG,Liga Profesional,2024,02/12/2024,22:15,Platense,Union de Santa Fe,1,0,H,2.49,2.54,4.09,2.49,2.76,4.4,2.37,2.58,4,2.54,2.68,4.2,,,,11,9,4,3,11,11,1,4
ARG,Liga Profesional,2024,02/12/2024,22:45,Talleres Cordoba,Huracan,1,0,H,1.93,3.09,5.01,2,3.2,5.5,1.92,3.03,4.81,1.98,3.25,5.2,,,,17,5,6,1,11,14,4,4
ARG,Liga Profesional,2024,03/12/2024,00:30,Ind. Rivadavia,Argentinos Jrs,2,1,H,3.03,2.84,2.81,3.19,2.84,2.98,3.02,2.75,2.74,3.15,2.86,2.9,,,,9,18,3,4,9,12,4,8
ARG,Liga Profesional,2024,03/12/2024,01:00,Atl. Tucuman,Newells Old Boys,0,0,D,1.7,3.65,5.51,1.74,3.75,5.7,1.69,3.53,5.3,1.76,3.7,6,,,,,,,,,,,
ARG,Liga Profesional,2024,04/12/2024,22:00,Racing Club,Estudiantes L.P.,4,5,A,1.85,3.48,4.73,1.93,3.5,5.04,1.84,3.38,4.52,1.9,3.5,5.1,,,,27,10,11,4,9,10,10,2
ARG,Liga Profesional,2024,05/12/2024,00:00,River Plate,San Lorenzo,1,1,D,1.43,4.27,9.02,1.45,4.45,9.5,1.41,4.28,8.5,,,,,,,19,8,6,4,17,11,6,3
ARG,Liga Profesional,2024,06/12/2024,20:00,Dep. Riestra,Barracas Central,0,0,D,2.02,3.25,4.2,2.05,3.3,4.83,1.98,3.22,4.11,2.06,3.35,4.4,,,,10,17,3,5,18,13,3,4
ARG,Liga Profesional,2024,06/12/2024,23:00,Sarmiento Junin,Defensa y Justicia,1,1,D,,,,3.32,3.02,2.66,3.02,2.92,2.58,3.1,3.15,2.74,,,,13,13,4,4,11,10,3,5
ARG,Liga Profesional,2024,07/12/2024,20:00,Lanus,Instituto,2,0,H,1.96,3.21,4.56,2.15,3.35,4.75,1.96,3.15,4.34,2,3.25,4.8,,,,,,,,,,,
ARG,Liga Profesional,2024,07/12/2024,22:00,Union de Santa Fe,Velez Sarsfield,1,0,H,3.73,2.84,2.39,3.83,3.1,2.39,3.6,2.88,2.3,3.85,2.98,2.46,,,,9,13,5,5,13,5,5,3
ARG,Liga Profesional,2024,08/12/2024,00:15,Central Cordoba,Racing Club,3,1,H,4.88,3.57,1.79,5,3.57,2.31,4.52,3.32,1.87,5.1,3.6,1.88,,,,15,15,8,4,8,9,5,6
ARG,Liga Profesional,2024,08/12/2024,20:00,Gimnasia L.P.,Talleres Cordoba,0,1,A,4.44,3.48,1.89,4.65,3.48,2.25,4.36,3.3,1.89,4.7,3.5,1.96,,,,11,10,2,2,13,9,6,6
ARG,Liga Profesional,2024,08/12/2024,20:00,Godoy Cruz,Banfield,4,0,H,1.86,3.16,5.33,1.91,3.27,5.33,1.83,3.17,5,1.9,3.3,5.8,,,,14,10,7,2,15,5,5,5
ARG,Liga Profesional,2024,08/12/2024,22:15,River Plate,Rosario Central,4,0,H,1.25,6,11.88,1.4,6,14.42,1.27,5.4,11.57,1.27,6.4,15.5,,,,22,2,9,1,12,19,6,2
ARG,Liga Profesional,2024,09/12/2024,00:00,Newells Old Boys,Boca Juniors,0,1,A,3.76,3.2,2.17,3.98,3.23,2.24,3.65,3.1,2.15,3.9,3.3,2.22,,,,20,9,2,3,11,9,4,3
ARG,Liga Profesional,2024,09/12/2024,20:00,Tigre,Ind. Rivadavia,0,2,A,2.47,2.85,3.52,2.47,3.1,3.93,2.33,2.91,3.48,2.48,3,3.7,,,,14,13,3,3,14,6,5,6
ARG,Liga Profesional,2024,09/12/2024,22:15,Argentinos Jrs,San Lorenzo,1,0,H,1.97,3,4.97,2.05,3.05,5.18,1.95,2.97,4.69,2.06,3.1,5.1,,,,7,14,2,2,15,4,4,2
ARG,Liga Profesional,2024,09/12/2024,22:15,Belgrano,Estudiantes L.P.,2,2,D,2.86,2.95,2.87,3.04,3.09,2.93,2.79,2.98,2.73,2.92,3.15,2.88,,,,13,10,6,5,6,10,9,3
ARG,Liga Profesional,2024,10/12/2024,00:30,Huracan,Platense,1,0,H,2.29,2.57,4.66,2.4,2.8,4.66,2.24,2.59,4.34,2.32,2.7,4.8,,,,14,10,3,1,10,11,4,3
ARG,Liga Profesional,2024,10/12/2024,00:30,Independiente,Atl. Tucuman,2,1,H,1.65,3.44,6.87,2,3.55,6.87,1.7,3.35,5.94,1.69,3.65,7.2,,,,21,6,9,3,10,11,10,4
ARG,Liga Profesional,2024,13/12/2024,22:00,Barracas Central,Lanus,3,3,D,6.42,3.73,1.61,6.91,3.75,1.64,6.19,3.65,1.6,6.8,3.75,1.69,,,,13,10,7,4,10,7,1,4
ARG,Liga Profesional,2024,13/12/2024,22:00,Estudiantes L.P.,Argentinos Jrs,2,2,D,2.46,3.1,3.22,2.55,3.1,3.34,2.41,3.04,3.15,2.54,3.2,3.35,,,,14,21,9,5,7,12,1,10
ARG,Liga Profesional,2024,14/12/2024,00:15,Banfield,Sarmiento Junin,1,1,D,2.33,2.86,3.84,2.45,3,3.86,2.3,2.87,3.59,2.32,3,4,,,,11,21,4,6,10,10,6,6
ARG,Liga Profesional,2024,14/12/2024,00:15,San Lorenzo,Tigre,0,1,A,2.01,3.18,4.38,2.08,3.18,4.69,2,3.1,4.26,2.08,3.25,4.6,,,,,,,,,,,
ARG,Liga Profesional,2024,14/12/2024,20:00,Instituto,Godoy Cruz,1,3,A,1.84,3.57,4.58,2.09,3.7,4.58,1.9,3.39,4.2,1.95,3.55,4.7,,,,15,13,5,6,16,12,5,4
ARG,Liga Profesional,2024,14/12/2024,20:00,Rosario Central,Belgrano,2,1,H,2.17,3.21,3.74,2.3,3.27,3.74,2.2,3.1,3.54,2.24,3.3,3.85,,,,12,19,4,4,5,15,5,11
ARG,Liga Profesional,2024,14/12/2024,22:15,Boca Juniors,Independiente,0,0,D,2.23,3.05,3.8,2.27,3.12,3.82,2.18,3.02,3.67,2.34,3.15,3.8,,,,8,13,2,4,14,17,3,6
ARG,Liga Profesional,2024,15/12/2024,00:15,Racing Club,River Plate,1,0,H,3.82,3.59,2,4.08,3.6,2.15,3.61,3.49,2.02,3.95,3.8,2.04,,,,14,17,6,8,16,15,6,8
ARG,Liga Profesional,2024,15/12/2024,20:00,Defensa y Justicia,Union de Santa Fe,0,0,D,2.01,3.14,4.46,2.04,3.27,4.75,1.97,3.17,4.18,2.06,3.25,4.6,,,,11,11,4,3,7,9,6,1
ARG,Liga Profesional,2024,15/12/2024,20:00,Platense,Gimnasia L.P.,1,0,H,1.84,3.16,5.51,1.96,3.19,5.51,1.86,3.05,5.15,1.92,3.2,5.8,,,,0,6,0,0,0,14,0,7
ARG,Liga Profesional,2024,15/12/2024,22:30,Talleres Cordoba,Newells Old Boys,1,3,A,1.2,6.22,19.56,1.28,6.75,19.56,1.22,5.82,15.08,1.25,6.4,19.5,,,,21,13,2,8,13,7,6,2
ARG,Liga Profesional,2024,15/12/2024,22:30,Velez Sarsfield,Huracan,2,0,H,1.96,3.22,4.52,1.96,3.35,4.85,1.89,3.23,4.44,1.94,3.45,5.1,,,,13,4,5,0,16,14,3,0
ARG,Liga Profesional,2024,17/12/2024,00:00,Atl. Tucuman,Central Cordoba,2,0,H,1.86,3.33,4.93,1.89,3.5,5.07,1.8,3.36,4.81,1.84,3.6,5.5,,,,11,4,4,0,13,13,2,7
ARG,Liga Profesional,2024,17/12/2024,00:00,Ind. Rivadavia,Dep. Riestra,0,0,D,1.8,3.41,5.16,2.01,3.6,5.3,1.79,3.37,4.95,1.87,3.45,5.5,,,,10,6,2,1,4,14,6,2
ARG,Liga Profesional,2025,23/01/2025,22:00,Godoy Cruz,Rosario Central,0,3,A,2.98,2.88,2.82,2.98,2.97,2.92,2.88,2.81,2.81,3.05,2.9,3,,,,10,10,0,5,14,11,4,4
ARG,Liga Profesional,2025,23/01/2025,22:00,Tigre,Velez Sarsfield,3,0,H,3.63,3.02,2.31,3.77,3.16,2.31,3.63,2.94,2.25,3.95,3.05,2.36,,,,13,6,6,1,15,10,0,3
ARG,Liga Profesional,2025,24/01/2025,00:30,Defensa y Justicia,Banfield,0,1,A,1.85,3.39,4.82,1.92,3.39,5.1,1.86,3.28,4.63,1.94,3.4,5.1,,,,9,6,4,4,9,10,5,2
ARG,Liga Profesional,2025,24/01/2025,00:30,Lanus,Dep. Riestra,0,2,A,1.75,3.52,5.36,1.8,3.58,6.1,1.72,3.45,5.21,1.79,3.6,5.9,,,,12,8,4,2,6,14,7,3
ARG,Liga Profesional,2025,24/01/2025,00:30,Newells Old Boys,Ind. Rivadavia,0,1,A,2.33,2.9,3.77,2.36,3,3.82,2.28,2.85,3.67,2.42,2.96,3.9,,,,18,12,7,7,13,11,9,7
ARG,Liga Profesional,2025,24/01/2025,20:00,Barracas Central,Racing Club,1,3,A,5.99,3.83,1.63,6.25,3.94,1.63,5.9,3.81,1.59,6.4,3.9,1.68,,,,12,16,4,6,12,11,1,7
ARG,Liga Profesional,2025,24/01/2025,22:15,Independiente,Sarmiento Junin,2,1,H,1.5,3.92,8.29,1.58,3.95,8.71,1.53,3.71,7.28,1.58,3.85,8.8,,,,20,5,7,2,10,18,4,2
ARG,Liga Profesional,2025,25/01/2025,00:00,Belgrano,Huracan,1,1,D,2.13,3.03,4.14,2.31,3.05,4.3,2.14,2.94,3.92,2.18,3.15,4.3,,,,14,11,5,4,17,12,11,4
ARG,Liga Profesional,2025,25/01/2025,00:30,San Martin S.J.,Atl. Tucuman,0,1,A,2.73,2.86,3.1,2.74,3.06,3.1,2.67,2.88,2.98,2.8,3,3.15,,,,10,13,1,5,11,18,5,0
ARG,Liga Profesional,2025,25/01/2025,20:00,San Lorenzo,Talleres Cordoba,1,0,H,3.66,2.75,2.49,3.69,2.87,2.6,3.47,2.75,2.46,3.7,2.9,2.54,,,,7,18,2,8,14,17,3,6
ARG,Liga Profesional,2025,25/01/2025,22:15,Estudiantes L.P.,Union de Santa Fe,3,1,H,1.79,3.25,5.63,1.82,3.38,5.64,1.77,3.23,5.3,1.84,3.45,5.9,,,,20,8,9,3,14,11,5,3
ARG,Liga Profesional,2025,25/01/2025,22:15,Instituto,Gimnasia L.P.,3,0,H,1.96,3.16,4.66,1.99,3.3,4.82,1.94,3.09,4.54,2.02,3.15,5.1,,,,11,7,5,2,12,14,6,1
ARG,Liga Profesional,2025,26/01/2025,00:30,Platense,River Plate,1,1,D,6.63,3.33,1.69,6.67,3.45,1.76,5.83,3.28,1.71,6.6,3.45,1.77,,,,5,12,3,6,9,8,3,7
ARG,Liga Profesional,2025,26/01/2025,22:00,Boca Juniors,Argentinos Jrs,0,0,D,2.17,3.04,4.01,2.28,3.07,4.61,2.16,2.93,3.9,2.28,3.05,4.1,,,,7,11,1,2,10,13,5,5
ARG,Liga Profesional,2025,27/01/2025,00:00,Central Cordoba,Aldosivi,1,0,H,1.86,3.27,5.03,1.92,3.3,5.32,1.86,3.17,4.82,1.91,3.35,5.5,,,,11,14,3,3,17,11,5,4
ARG,Liga Profesional,2025,27/01/2025,23:00,Banfield,Newells Old Boys,3,0,H,2.46,2.85,3.57,2.51,2.88,3.6,2.42,2.79,3.44,2.52,2.92,3.75,,,,10,11,7,4,19,13,7,6
ARG,Liga Profesional,2025,28/01/2025,20:00,Dep. Riestra,San Martin S.J.,0,0,D,2.15,2.89,4.36,2.41,2.96,4.36,2.16,2.81,4.15,2.22,2.94,4.7,,,,9,17,1,2,18,10,2,5
ARG,Liga Profesional,2025,28/01/2025,22:15,Rosario Central,Lanus,2,1,H,2.25,2.98,3.88,2.45,2.98,4.05,2.27,2.87,3.68,2.32,3,4.1,,,,7,11,3,3,17,10,4,7
ARG,Liga Profesional,2025,28/01/2025,22:15,Sarmiento Junin,Godoy Cruz,0,0,D,2.41,3.01,3.43,2.41,3.06,3.53,2.34,2.94,3.41,2.48,3.05,3.65,,,,15,8,6,2,13,19,9,1
ARG,Liga Profesional,2025,29/01/2025,00:30,Ind. Rivadavia,Barracas Central,0,0,D,1.87,3.04,5.61,1.92,3.29,5.61,1.85,3.09,5.17,1.89,3.3,5.8,,,,8,8,2,1,11,16,3,4
ARG,Liga Profesional,2025,29/01/2025,00:30,Velez Sarsfield,Platense,0,1,A,1.9,3.04,5.39,1.95,3.25,5.59,1.87,3.02,5.18,1.91,3.15,6,,,,14,10,4,3,10,19,7,3
ARG,Liga Profesional,2025,29/01/2025,20:00,Gimnasia L.P.,San Lorenzo,0,2,A,2.54,2.7,3.64,2.54,2.85,3.66,2.48,2.71,3.46,2.6,2.8,3.7,,,,10,8,1,4,14,5,10,2
ARG,Liga Profesional,2025,29/01/2025,20:00,Talleres Cordoba,Independiente,2,3,A,2.23,2.86,4.14,2.31,2.93,4.14,2.22,2.85,3.84,2.26,2.98,4.3,,,,15,7,5,4,9,18,7,3
ARG,Liga Profesional,2025,29/01/2025,22:15,Huracan,Estudiantes L.P.,0,0,D,3.24,2.92,2.58,3.32,3,2.63,3.17,2.89,2.5,3.3,3,2.68,,,,19,8,6,2,13,20,8,2
ARG,Liga Profesional,2025,29/01/2025,22:15,Union de Santa Fe,Boca Juniors,1,1,D,3.03,2.9,2.75,3.04,2.95,2.81,2.93,2.87,2.69,3.15,2.96,2.88,,,,10,9,2,3,13,13,8,2
ARG,Liga Profesional,2025,30/01/2025,00:30,River Plate,Instituto,1,0,H,1.42,4.56,8.37,1.45,4.9,9.5,1.41,4.52,7.63,1.47,4.5,10,,,,12,8,3,2,15,15,3,0
ARG,Liga Profesional,2025,30/01/2025,20:00,Aldosivi,Defensa y Justicia,0,5,A,3.19,3.06,2.51,3.19,3.1,2.7,3.03,2.98,2.53,3.3,3.1,2.62,,,,17,10,8,6,7,13,11,4
ARG,Liga Profesional,2025,30/01/2025,22:15,Racing Club,Belgrano,4,0,H,1.63,3.83,5.99,1.64,4,6.25,1.61,3.85,5.55,1.64,4.2,6.4,,,,17,8,7,1,15,11,7,6
ARG,Liga Profesional,2025,31/01/2025,00:30,Argentinos Jrs,Tigre,1,0,H,2.06,3.14,4.25,2.12,3.3,4.25,2.04,3.13,3.96,2.1,3.2,4.6,,,,9,6,2,0,8,13,5,2
ARG,Liga Profesional,2025,31/01/2025,00:30,Central Cordoba,Atl. Tucuman,2,0,H,2.47,2.93,3.43,2.48,3.1,3.43,2.44,2.91,3.24,2.52,3.1,3.45,,,,15,8,5,1,9,10,4,1
ARG,Liga Profesional,2025,01/02/2025,20:00,Barracas Central,Banfield,1,0,H,3.02,2.77,2.88,3.1,2.9,2.88,3,2.75,2.75,3.1,2.84,3,,,,6,12,2,5,13,17,0,6
ARG,Liga Profesional,2025,01/02/2025,22:00,San Martin S.J.,Rosario Central,0,0,D,3.76,2.66,2.52,3.76,2.88,2.55,3.51,2.74,2.44,3.7,2.82,2.6,,,,12,9,0,3,8,12,4,7
ARG,Liga Profesional,2025,02/02/2025,00:00,Lanus,Sarmiento Junin,2,0,H,1.59,3.64,7.19,1.66,3.7,7.19,1.6,3.51,6.54,1.64,3.75,7.6,,,,15,10,5,5,11,10,1,6
ARG,Liga Profesional,2025,02/02/2025,20:00,San Lorenzo,River Plate,0,0,D,5.19,3.19,1.87,5.22,3.38,1.89,4.86,3.21,1.84,5.7,3.25,1.92,,,,9,11,3,3,14,17,4,4
ARG,Liga Profesional,2025,02/02/2025,22:15,Boca Juniors,Huracan,2,1,H,1.91,3.25,4.76,2.11,3.41,5.1,1.91,3.16,4.52,1.94,3.3,5.4,,,,12,10,3,4,14,14,7,4
ARG,Liga Profesional,2025,02/02/2025,22:15,Newells Old Boys,Aldosivi,1,0,H,1.71,3.41,6.05,1.83,3.5,6.05,1.73,3.34,5.39,1.76,3.55,6.4,,,,13,11,4,2,9,13,5,5
ARG,Liga Profesional,2025,03/02/2025,00:30,Independiente,Gimnasia L.P.,2,0,H,1.69,3.46,6.11,1.7,3.5,6.4,1.66,3.41,5.82,1.69,3.65,7,,,,16,10,5,2,9,15,9,3
ARG,Liga Profesional,2025,03/02/2025,00:30,Instituto,Velez Sarsfield,2,0,H,2.68,3.05,2.96,2.71,3.1,2.96,2.61,2.98,2.9,2.8,3.1,3.1,,,,10,4,3,1,23,18,3,2
ARG,Liga Profesional,2025,03/02/2025,20:00,Defensa y Justicia,Central Cordoba,2,1,H,2.06,3.12,4.28,2.25,3.2,4.28,2.08,3.08,3.93,2.1,3.25,4.4,,,,14,6,6,4,11,9,2,6
ARG,Liga Profesional,2025,03/02/2025,22:15,Estudiantes L.P.,Racing Club,2,0,H,2.34,3.25,3.29,2.65,3.25,3.29,2.37,3.11,3.13,2.46,3.25,3.4,,,,11,11,6,1,13,22,2,4
ARG,Liga Profesional,2025,03/02/2025,22:15,Tigre,Union de Santa Fe,1,0,H,2.5,2.75,3.64,2.5,2.95,3.71,2.38,2.82,3.48,2.56,2.86,3.75,,,,15,12,6,3,11,11,3,5
ARG,Liga Profesional,2025,04/02/2025,00:30,Argentinos Jrs,Platense,1,0,H,2.27,2.74,4.29,2.27,2.88,4.63,2.18,2.71,4.27,2.28,2.84,4.6,,,,14,6,3,2,11,12,5,2
ARG,Liga Profesional,2025,04/02/2025,00:30,Belgrano,Ind. Rivadavia,0,3,A,1.93,3.28,4.58,2,3.31,4.58,1.93,3.19,4.29,1.96,3.4,5,,,,22,11,3,5,15,11,6,2
ARG,Liga Profesional,2025,05/02/2025,00:00,Atl. Tucuman,Dep. Riestra,0,3,A,1.89,3.19,4.99,1.94,3.26,4.99,1.89,3.13,4.7,1.96,3.3,5.3,,,,13,9,5,5,11,11,12,5
ARG,Liga Profesional,2025,06/02/2025,20:00,Aldosivi,Barracas Central,1,3,A,2.37,2.89,3.71,2.5,2.9,3.71,2.36,2.82,3.49,2.44,2.94,3.9,,,,18,7,7,4,7,12,4,4
ARG,Liga Profesional,2025,06/02/2025,23:00,Sarmiento Junin,San Martin S.J.,1,1,D,2.46,2.72,3.77,2.5,2.8,3.77,2.43,2.7,3.57,2.52,2.84,3.9,,,,17,10,4,4,9,17,4,7
ARG,Liga Profesional,2025,07/02/2025,20:45,Banfield,Belgrano,1,1,D,2.39,2.95,3.61,2.57,3.04,3.61,2.41,2.91,3.31,2.42,3.05,3.75,,,,10,8,3,4,19,21,6,3
ARG,Liga Profesional,2025,07/02/2025,23:00,Central Cordoba,Newells Old Boys,2,0,H,2.27,3.07,3.73,2.27,3.2,3.96,2.18,3.02,3.7,2.32,3.1,3.95,,,,18,7,9,3,5,6,2,4
ARG,Liga Profesional,2025,07/02/2025,23:00,Huracan,Tigre,2,0,H,2.25,2.93,4.01,2.28,2.93,4.01,2.23,2.84,3.87,2.32,2.96,4.2,,,,9,15,5,4,12,13,3,8
ARG,Liga Profesional,2025,08/02/2025,01:15,Ind. Rivadavia,Estudiantes L.P.,2,2,D,3.41,2.91,2.52,3.42,3.14,2.56,3.22,2.91,2.48,3.5,2.98,2.58,,,,20,13,6,3,9,15,6,3
ARG,Liga Profesional,2025,08/02/2025,01:15,Union de Santa Fe,Argentinos Jrs,0,1,A,3.14,2.83,2.77,3.14,2.95,2.77,3.03,2.83,2.65,3.3,2.9,2.82,,,,14,12,4,7,13,14,4,4
ARG,Liga Profesional,2025,08/02/2025,21:00,Velez Sarsfield,San Lorenzo,0,0,D,2.34,2.81,3.99,2.49,2.81,4.07,2.35,2.72,3.75,2.44,2.82,4.1,,,,9,6,3,1,13,19,6,5
ARG,Liga Profesional,2025,08/02/2025,22:30,Rosario Central,Atl. Tucuman,3,1,H,1.76,3.45,5.63,1.83,3.5,5.63,1.76,3.35,5.19,1.84,3.45,5.9,,,,,,,,,,,
ARG,Liga Profesional,2025,08/02/2025,23:15,River Plate,Independiente,2,0,H,1.8,3.58,4.97,1.82,3.75,5.1,1.76,3.49,4.78,1.79,3.6,5.8,,,,14,10,5,3,13,7,2,6
ARG,Liga Profesional,2025,09/02/2025,01:15,Racing Club,Boca Juniors,2,0,H,2.3,3.36,3.33,2.38,3.36,3.33,2.3,3.2,3.18,2.38,3.45,3.35,,,,13,15,3,3,17,12,8,3
ARG,Liga Profesional,2025,09/02/2025,20:00,Dep. Riestra,Defensa y Justicia,1,1,D,2.63,3.02,3.11,2.8,3.15,3.11,2.59,2.97,2.95,2.72,3.1,3.15,,,,10,11,2,3,14,17,8,6
ARG,Liga Profesional,2025,09/02/2025,20:00,Platense,Instituto,1,0,H,2.97,2.61,3.19,2.97,2.75,3.2,2.8,2.62,3.1,2.94,2.68,3.35,,,,15,1,5,0,14,17,3,2
ARG,Liga Profesional,2025,09/02/2025,22:15,Gimnasia L.P.,Godoy Cruz,3,0,H,2.03,3.11,4.52,2.11,3.55,4.75,1.95,3.16,4.31,2.04,3.3,4.7,,,,8,6,5,1,16,12,4,5
ARG,Liga Profesional,2025,10/02/2025,00:30,Talleres Cordoba,Lanus,0,1,A,2.12,3.19,4,2.16,3.55,4.6,2.01,3.24,4.02,2.14,3.25,4.3,,,,21,5,8,2,7,16,10,3
ARG,Liga Profesional,2025,11/02/2025,20:45,Barracas Central,Central Cordoba,3,3,D,3.67,2.86,2.43,3.91,2.86,2.47,3.7,2.73,2.35,3.85,2.94,2.48,,,,9,12,5,4,11,10,2,4
ARG,Liga Profesional,2025,11/02/2025,23:00,Boca Juniors,Ind. Rivadavia,2,0,H,1.69,3.47,6.33,1.75,3.47,6.5,1.7,3.33,5.79,1.73,3.55,6.8,,,,16,14,6,3,13,11,5,4
ARG,Liga Profesional,2025,11/02/2025,23:00,Estudiantes L.P.,Banfield,1,0,H,1.59,3.78,6.93,1.62,3.8,7,1.58,3.66,6.43,1.62,3.8,8,,,,13,10,4,0,14,13,4,1
ARG,Liga Profesional,2025,12/02/2025,01:15,Belgrano,Aldosivi,2,0,H,1.66,3.65,6.18,1.7,3.75,6.28,1.65,3.55,5.79,1.69,3.7,6.8,,,,8,9,6,2,17,11,5,6
ARG,Liga Profesional,2025,12/02/2025,01:15,Tigre,Racing Club,1,0,H,2.67,2.96,3.11,2.85,2.99,3.11,2.67,2.86,2.94,2.74,3.05,3.2,,,,7,10,3,3,14,15,3,4
ARG,Liga Profesional,2025,12/02/2025,20:00,Dep. Riestra,Rosario Central,0,0,D,2.22,3.07,3.87,2.3,3.07,3.87,2.22,2.97,3.65,2.32,3.1,3.95,,,,9,6,2,2,14,16,7,7
ARG,Liga Profesional,2025,12/02/2025,20:45,Newells Old Boys,Defensa y Justicia,0,1,A,2.83,3.11,2.79,2.84,3.12,2.79,2.78,3.04,2.69,2.94,3.1,2.9,,,,12,12,3,4,13,8,5,4
ARG,Liga Profesional,2025,12/02/2025,23:00,Argentinos Jrs,Huracan,1,1,D,1.95,3.08,5.04,2.02,3.11,5.04,1.95,3,4.66,1.99,3.15,5.4,,,,18,7,4,2,16,17,4,4
ARG,Liga Profesional,2025,12/02/2025,23:00,Independiente,Velez Sarsfield,3,0,H,1.88,3.19,5.27,1.95,3.2,5.27,1.9,3.1,4.72,1.93,3.3,5.4,,,,14,9,5,1,6,18,1,8
ARG,Liga Profesional,2025,13/02/2025,01:15,Godoy Cruz,River Plate,0,0,D,6.31,3.78,1.63,6.75,3.95,1.64,6.05,3.73,1.59,7,3.75,1.68,,,,15,15,5,3,17,7,7,9
ARG,Liga Profesional,2025,13/02/2025,20:45,Lanus,Gimnasia L.P.,0,0,D,1.93,3.24,4.8,1.95,3.25,4.8,1.91,3.15,4.54,2,3.3,5,,,,20,6,7,1,4,9,13,6
ARG,Liga Profesional,2025,13/02/2025,23:00,San Lorenzo,Platense,2,1,H,2.7,2.52,3.77,2.78,2.55,3.86,2.6,2.45,3.74,2.72,2.52,4.1,,,,14,8,7,2,5,15,3,4
ARG,Liga Profesional,2025,13/02/2025,23:00,San Martin S.J.,Talleres Cordoba,0,1,A,4.57,3,2.07,4.6,3.2,2.09,4.33,2.99,2.02,4.7,3.05,2.12,,,,13,16,4,7,8,11,4,2
ARG,Liga Profesional,2025,14/02/2025,01:15,Atl. Tucuman,Sarmiento Junin,5,0,H,1.82,3.43,5.12,1.88,3.5,5.21,1.81,3.29,4.92,1.89,3.45,5.4,,,,17,7,8,2,12,12,3,5
ARG,Liga Profesional,2025,14/02/2025,01:15,Union de Santa Fe,Instituto,0,0,D,2.82,2.75,3.19,2.84,2.8,3.35,2.72,2.68,3.13,2.84,2.84,3.3,,,,12,15,3,5,11,10,8,5
ARG,Liga Profesional,2025,14/02/2025,23:00,Banfield,Boca Juniors,0,1,A,3.16,2.89,2.7,3.16,3.1,2.7,3.07,2.9,2.56,3.3,3,2.72,,,,13,11,2,1,12,15,5,4
ARG,Liga Profesional,2025,15/02/2025,20:00,Aldosivi,Estudiantes L.P.,2,2,D,5.05,3.19,1.91,5.05,3.38,2.02,4.45,3.19,1.92,5.1,3.35,1.96,,,,14,9,4,4,16,15,6,4
ARG,Liga Profesional,2025,15/02/2025,20:00,Defensa y Justicia,Barracas Central,1,1,D,1.84,3.37,5.13,1.93,3.5,5.5,1.84,3.27,4.8,1.88,3.35,5.6,,,,12,9,7,3,12,8,6,2
ARG,Liga Profesional,2025,15/02/2025,22:15,Central Cordoba,Belgrano,4,0,H,2.29,3.02,3.77,2.35,3.02,4,2.27,2.92,3.6,2.36,3.1,3.9,,,,18,9,10,1,6,9,9,0
ARG,Liga Profesional,2025,15/02/2025,22:15,Ind. Rivadavia,Tigre,1,4,A,2.4,2.82,3.82,2.42,2.86,3.98,2.34,2.78,3.67,2.5,2.88,3.85,,,,14,20,7,6,6,8,4,8
ARG,Liga Profesional,2025,16/02/2025,00:30,Racing Club,Argentinos Jrs,2,3,A,2.74,2.94,3.06,2.74,2.98,3.35,2.6,2.9,3,2.74,3.15,3.1,,,,13,14,3,7,12,13,7,6
ARG,Liga Profesional,2025,16/02/2025,20:00,Newells Old Boys,Rosario Central,1,2,A,3.47,2.75,2.62,3.63,2.77,2.66,3.32,2.7,2.57,3.55,2.82,2.68,,,,19,7,7,2,15,18,13,5
ARG,Liga Profesional,2025,16/02/2025,22:15,River Plate,Lanus,1,0,H,1.61,3.89,6.36,1.61,3.89,6.36,1.58,3.78,6.01,1.65,4,6.8,,,,17,13,4,5,15,16,2,4
ARG,Liga Profesional,2025,17/02/2025,00:30,Huracan,Union de Santa Fe,1,0,H,1.91,3.13,5.21,1.95,3.13,5.21,1.91,3.03,4.85,1.94,3.25,5.5,,,,9,12,4,3,12,15,6,8
ARG,Liga Profesional,2025,17/02/2025,00:30,Talleres Cordoba,Atl. Tucuman,1,1,D,1.62,3.79,6.45,1.65,4,6.45,1.61,3.7,5.98,1.68,3.9,6.6,,,,18,8,5,2,9,8,5,5
ARG,Liga Profesional,2025,17/02/2025,20:00,Gimnasia L.P.,San Martin S.J.,1,0,H,1.82,3.23,5.65,1.86,3.32,5.65,1.81,3.16,5.23,1.89,3.25,5.9,,,,6,9,2,1,13,14,2,4
ARG,Liga Profesional,2025,17/02/2025,20:00,Sarmiento Junin,Dep. Riestra,2,1,H,2.86,2.77,3.1,3.09,2.81,3.1,2.82,2.74,2.94,3,2.84,3.1,,,,14,5,5,3,7,14,10,1
ARG,Liga Profesional,2025,17/02/2025,22:15,Platense,Independiente,1,1,D,3.66,2.68,2.58,3.73,2.77,2.58,3.49,2.65,2.53,3.75,2.74,2.66,,,,8,4,1,1,12,11,9,1
ARG,Liga Profesional,2025,18/02/2025,00:30,Instituto,San Lorenzo,0,1,A,2.48,2.7,3.86,2.52,2.86,3.86,2.41,2.69,3.67,2.48,2.78,4.2,,,,14,8,0,6,12,20,4,1
ARG,Liga Profesional,2025,18/02/2025,00:30,Velez Sarsfield,Godoy Cruz,0,2,A,1.66,3.52,6.6,1.67,3.75,6.6,1.61,3.52,6.31,1.67,3.65,7.6,,,,16,5,3,1,7,13,7,4
ARG,Liga Profesional,2025,21/02/2025,20:00,Dep. Riestra,Talleres Cordoba,0,0,D,4.61,3.06,2.04,4.61,3.24,2.16,4.19,3.03,2.04,4.6,3.2,2.08,,,,9,13,1,4,9,14,3,7
ARG,Liga Profesional,2025,21/02/2025,22:15,Estudiantes L.P.,Central Cordoba,3,2,H,1.86,3.45,4.78,1.9,3.47,5.04,1.85,3.34,4.58,1.87,3.5,5.3,,,,16,8,6,3,13,8,5,3
ARG,Liga Profesional,2025,21/02/2025,22:15,Godoy Cruz,Platense,1,1,D,3.11,2.64,3.01,3.81,2.64,3.08,3.15,2.58,2.82,3.3,2.68,3.05,,,,9,12,4,3,13,7,4,1
ARG,Liga Profesional,2025,22/02/2025,00:30,Lanus,Velez Sarsfield,0,0,D,2.27,3.08,3.72,2.27,3.2,3.88,2.2,3.02,3.63,2.3,3.1,4,,,,18,5,6,1,11,13,7,0
ARG,Liga Profesional,2025,22/02/2025,21:00,Independiente,Instituto,2,0,H,1.94,3.2,4.82,2,3.3,5.1,1.92,3.13,4.51,1.98,3.25,5.2,,,,14,2,3,0,16,14,1,2
ARG,Liga Profesional,2025,22/02/2025,22:30,Boca Juniors,Aldosivi,2,1,H,1.71,3.63,5.61,1.72,3.73,5.9,1.67,3.57,5.42,1.72,3.75,6.4,,,,11,8,6,2,15,12,4,5
ARG,Liga Profesional,2025,23/02/2025,00:30,San Martin S.J.,River Plate,0,2,A,8.08,3.92,1.52,8.5,4.2,1.52,7.77,3.88,1.48,8.6,3.95,1.56,,,,14,13,3,4,18,13,6,6
ARG,Liga Profesional,2025,23/02/2025,00:45,Rosario Central,Sarmiento Junin,1,0,H,1.66,3.56,6.45,1.7,3.56,6.5,1.65,3.43,6.08,1.73,3.55,6.8,,,,6,7,2,3,12,13,3,3
ARG,Liga Profesional,2025,23/02/2025,21:00,Huracan,San Lorenzo,2,0,H,2.63,2.67,3.58,2.65,2.82,3.58,2.56,2.66,3.4,2.72,2.78,3.6,,,,11,9,5,1,13,15,2,3
ARG,Liga Profesional,2025,24/02/2025,00:00,Atl. Tucuman,Gimnasia L.P.,0,1,A,2,3.24,4.43,2.05,3.49,4.43,1.97,3.22,4.12,2,3.4,4.7,,,,9,6,4,2,8,15,5,4
ARG,Liga Profesional,2025,24/02/2025,00:00,Belgrano,Defensa y Justicia,2,0,H,2.34,3.11,3.51,2.65,3.24,3.52,2.45,3.09,3.05,2.4,3.2,3.55,,,,12,12,6,0,9,5,3,10
ARG,Liga Profesional,2025,24/02/2025,20:00,Barracas Central,Newells Old Boys,2,0,H,3.06,2.83,2.84,3.1,2.83,3.07,2.93,2.75,2.81,3.05,2.92,3,,,,11,13,4,4,11,14,3,3
ARG,Liga Profesional,2025,24/02/2025,22:00,Argentinos Jrs,Ind. Rivadavia,0,0,D,1.64,3.6,6.74,1.65,3.85,6.82,1.62,3.54,6.16,1.69,3.7,6.8,,,,26,6,8,1,10,16,10,2
ARG,Liga Profesional,2025,25/02/2025,00:00,Tigre,Banfield,1,0,H,2.34,2.95,3.74,2.4,3,3.77,2.32,2.85,3.58,2.38,2.96,4,,,,10,4,6,1,16,21,3,2
ARG,Liga Profesional,2025,28/02/2025,23:00,Boca Juniors,Rosario Central,1,0,H,1.99,3.29,4.37,2.14,3.35,4.68,1.98,3.18,4.17,2.04,3.25,4.7,,,,16,11,4,4,11,12,5,4
ARG,Liga Profesional,2025,01/03/2025,01:15,Central Cordoba,Dep. Riestra,0,0,D,1.72,3.63,5.57,1.79,3.63,5.57,1.73,3.45,5.21,1.73,3.7,6.4,,,,24,8,7,1,4,17,8,1
ARG,Liga Profesional,2025,01/03/2025,01:15,San Martin S.J.,Belgrano,3,1,H,2.91,3.05,2.76,2.91,3.1,2.76,2.85,2.98,2.67,2.98,3.05,2.9,,,,12,14,4,4,11,14,5,7
ARG,Liga Profesional,2025,01/03/2025,20:00,Aldosivi,Sarmiento Junin,2,2,D,2.32,2.9,3.88,2.38,2.97,3.88,2.31,2.81,3.66,2.38,2.92,4.1,,,,20,11,11,3,10,8,6,0
ARG,Liga Profesional,2025,01/03/2025,22:15,River Plate,Estudiantes L.P.,0,2,A,1.67,3.72,5.37,1.72,3.77,5.5,1.67,3.64,5.16,1.72,3.95,6,,,,16,9,3,5,14,19,7,2
ARG,Liga Profesional,2025,02/03/2025,00:30,Talleres Cordoba,Tigre,1,2,A,1.95,3.16,4.84,1.96,3.48,5.21,1.82,3.27,4.85,1.86,3.45,5.6,,,,26,6,6,4,11,10,8,1
ARG,Liga Profesional,2025,02/03/2025,00:30,Union de Santa Fe,Gimnasia L.P.,1,0,H,2.39,3.04,3.51,2.39,3.05,3.51,2.34,2.94,3.4,2.48,3.05,3.65,,,,18,4,4,0,13,14,8,1
ARG,Liga Profesional,2025,02/03/2025,20:00,Argentinos Jrs,Instituto,2,0,H,1.67,3.5,6.59,1.7,3.67,6.59,1.64,3.45,6.15,1.7,3.6,7.2,,,,16,8,4,2,14,13,7,4
ARG,Liga Profesional,2025,02/03/2025,20:00,Ind. Rivadavia,Lanus,1,1,D,3.06,2.97,2.71,3.06,3.09,2.73,2.91,2.9,2.68,3.05,3.1,2.82,,,,5,17,2,4,6,10,4,7
ARG,Liga Profesional,2025,02/03/2025,22:15,Velez Sarsfield,Huracan,0,2,A,2.57,2.8,3.49,2.65,2.83,3.7,2.48,2.75,3.4,2.54,2.92,3.65,,,,3,12,0,6,17,14,1,4
ARG,Liga Profesional,2025,03/03/2025,20:00,Barracas Central,Godoy Cruz,1,2,A,2.44,2.85,3.67,2.5,2.99,3.71,2.41,2.79,3.48,2.52,2.84,3.8,,,,11,16,3,6,11,14,2,4
ARG,Liga Profesional,2025,03/03/2025,22:00,San Lorenzo,Racing Club,3,2,H,2.56,2.78,3.54,2.56,2.86,3.54,2.51,2.75,3.35,2.64,2.88,3.6,,,,19,11,12,7,11,22,10,6
ARG,Liga Profesional,2025,04/03/2025,00:00,Atl. Tucuman,Newells Old Boys,1,2,A,2.19,3.12,3.91,2.2,3.19,4.4,2.11,3.03,3.86,2.2,3.25,4.1,,,,20,13,4,4,10,8,7,3
ARG,Liga Profesional,2025,04/03/2025,22:30,Banfield,Independiente,0,0,D,3.1,2.92,2.75,3.18,3.06,2.75,3.05,2.88,2.64,3.25,2.9,2.8,,,,12,6,1,3,22,15,5,3
ARG,Liga Profesional,2025,04/03/2025,23:00,Platense,Defensa y Justicia,0,1,A,2.34,2.94,3.76,2.35,3.03,3.8,2.29,2.86,3.64,2.44,2.94,3.95,,,,20,11,5,3,4,7,9,3
ARG,Liga Profesional,2025,07/03/2025,22:00,Banfield,Argentinos Jrs,1,2,A,4.88,3.05,1.99,4.94,3.05,2.12,4.58,2.98,1.97,5.1,3.1,2.06,,,,12,18,6,7,13,13,2,3
ARG,Liga Profesional,2025,07/03/2025,22:00,Velez Sarsfield,San Martin S.J.,1,0,H,1.99,3.03,4.97,2,3.15,5.4,1.9,3.02,4.86,1.94,3.15,5.8,,,,15,11,5,3,9,13,5,6
ARG,Liga Profesional,2025,08/03/2025,00:15,Central Cordoba,Boca Juniors,0,3,A,2.77,3.1,2.86,2.82,3.5,2.86,2.64,3.22,2.69,2.88,3.2,2.88,,,,10,6,4,4,16,12,5,2
ARG,Liga Profesional,2025,08/03/2025,20:00,San Lorenzo,Independiente,1,2,A,2.97,2.73,3.04,3.13,2.89,3.04,2.92,2.73,2.85,3,2.78,3.15,,,,10,10,3,3,7,15,3,6
ARG,Liga Profesional,2025,08/03/2025,22:15,Racing Club,Huracan,0,1,A,2.48,3.08,3.28,2.49,3.17,3.45,2.37,3.04,3.23,2.48,3.15,3.5,,,,18,12,1,2,10,16,6,1
ARG,Liga Profesional,2025,09/03/2025,00:30,Platense,Lanus,0,0,D,3.15,2.83,2.76,3.15,2.88,2.85,3.04,2.78,2.69,3.3,2.86,2.84,,,,11,12,4,5,8,13,2,4
ARG,Liga Profesional,2025,09/03/2025,00:30,Sarmiento Junin,Barracas Central,1,1,D,2.36,2.85,3.88,2.38,2.98,3.88,2.33,2.8,3.64,2.42,2.86,4.1,,,,17,22,2,10,13,6,4,5
ARG,Liga Profesional,2025,09/03/2025,20:00,Aldosivi,Tigre,0,2,A,3.12,2.89,2.74,3.19,2.9,2.74,3.06,2.85,2.6,3.25,3,2.74,,,,14,13,3,4,10,12,4,4
ARG,Liga Profesional,2025,09/03/2025,20:00,Defensa y Justicia,Estudiantes L.P.,1,0,H,3.04,3.05,2.66,3.21,3.12,2.66,2.93,2.99,2.59,3.15,3.1,2.74,,,,19,11,5,4,12,10,6,4
ARG,Liga Profesional,2025,09/03/2025,22:15,River Plate,Atl. Tucuman,1,0,H,1.33,4.74,13.08,1.33,5.2,13.28,1.31,4.82,11.31,1.33,5.6,13.5,,,,38,7,13,3,13,11,9,3
ARG,Liga Profesional,2025,10/03/2025,00:30,Instituto,Godoy Cruz,1,1,D,2.14,2.94,4.4,2.15,3.01,4.4,2.11,2.89,4.1,2.18,2.98,4.7,,,,18,4,5,1,18,14,11,1
ARG,Liga Profesional,2025,10/03/2025,00:30,Newells Old Boys,Belgrano,0,0,D,2.47,3.08,3.28,2.48,3.2,3.28,2.42,3.05,3.11,2.5,3.15,3.4,,,,15,7,3,3,10,17,5,3
ARG,Liga Profesional,2025,10/03/2025,22:00,Gimnasia L.P.,Dep. Riestra,1,1,D,2.19,2.91,4.3,2.19,2.96,4.4,2.14,2.85,4.1,2.2,3.05,4.5,,,,16,4,4,2,12,16,7,2
ARG,Liga Profesional,2025,11/03/2025,00:15,Ind. Rivadavia,Union de Santa Fe,2,0,H,2.71,2.84,3.21,2.71,2.9,3.21,2.66,2.82,3.02,2.74,2.88,3.4,,,,7,19,6,3,9,10,5,5
ARG,Liga Profesional,2025,11/03/2025,00:15,Talleres Cordoba,Rosario Central,0,0,D,1.97,3.22,4.63,2.03,3.22,4.63,1.95,3.11,4.39,2.04,3.3,4.8,,,,15,5,5,2,9,13,6,2
ARG,Liga Profesional,2025,14/03/2025,22:00,Argentinos Jrs,Aldosivi,0,2,A,1.37,4.56,11.18,1.37,5,12,1.33,4.61,10.71,1.39,4.8,12.5,,,,12,17,3,7,9,17,11,2
ARG,Liga Profesional,2025,15/03/2025,00:00,Godoy Cruz,San Lorenzo,0,0,D,3.63,2.79,2.51,3.63,2.85,2.51,3.49,2.74,2.43,3.7,2.82,2.62,,,,8,12,0,2,15,8,3,6
ARG,Liga Profesional,2025,15/03/2025,19:00,Dep. Riestra,River Plate,0,0,D,6,3.5,1.71,6,3.65,1.73,5.44,3.46,1.7,6,3.6,1.78,,,,10,17,1,3,17,13,5,6
ARG,Liga Profesional,2025,15/03/2025,21:30,Estudiantes L.P.,Newells Old Boys,1,1,D,1.68,3.74,5.76,1.72,3.74,6.1,1.68,3.57,5.31,1.7,3.8,6.4,,,,20,11,5,2,15,10,9,4
ARG,Liga Profesional,2025,15/03/2025,21:30,Rosario Central,Gimnasia L.P.,2,1,H,2.24,2.95,4.03,2.24,3.05,4.3,2.15,2.91,3.93,2.2,3,4.5,,,,9,14,4,6,8,10,4,3
ARG,Liga Profesional,2025,16/03/2025,00:00,Huracan,Ind. Rivadavia,2,0,H,1.83,3.15,5.78,1.89,3.3,5.78,1.83,3.12,5.14,1.89,3.25,5.9,,,,8,8,4,2,12,20,2,4
ARG,Liga Profesional,2025,16/03/2025,00:00,Sarmiento Junin,Talleres Cordoba,0,0,D,4.78,3.41,1.88,4.78,3.41,1.9,4.47,3.3,1.87,5.1,3.45,1.93,,,,11,17,4,6,9,13,3,10
ARG,Liga Profesional,2025,16/03/2025,19:00,Independiente,Racing Club,1,1,D,2.67,2.99,3.08,2.67,3.01,3.21,2.57,2.95,3,2.72,3.05,3.2,,,,19,10,3,5,2,18,7,4
ARG,Liga Profesional,2025,16/03/2025,21:15,Boca Juniors,Defensa y Justicia,4,0,H,1.85,3.58,4.67,1.88,3.59,5.1,1.84,3.46,4.39,1.89,3.6,5,,,,10,9,5,2,13,9,3,3
ARG,Liga Profesional,2025,17/03/2025,00:00,Belgrano,Barracas Central,1,1,D,1.76,3.53,5.43,1.8,3.53,5.5,1.75,3.38,5.14,1.77,3.6,5.9,,,,17,5,4,2,11,10,8,6
ARG,Liga Profesional,2025,17/03/2025,00:00,Lanus,Instituto,4,1,H,2.11,2.91,4.61,2.12,3.2,4.61,2.07,2.92,4.26,2.18,3,4.6,,,,27,9,10,5,13,13,6,2
ARG,Liga Profesional,2025,17/03/2025,22:00,Tigre,Central Cordoba,1,2,A,2.18,3.13,3.9,2.38,3.16,4.2,2.12,3.06,3.81,2.22,3.2,4.1,,,,15,8,2,4,15,11,5,2
ARG,Liga Profesional,2025,17/03/2025,22:00,Union de Santa Fe,Banfield,3,1,H,2.29,2.91,3.95,2.29,3.06,4.5,2.2,2.83,3.96,2.28,2.98,4.3,,,,13,17,6,3,11,12,5,3
ARG,Liga Profesional,2025,18/03/2025,00:15,Atl. Tucuman,Velez Sarsfield,1,2,A,2.45,2.93,3.53,2.45,2.96,3.56,2.4,2.89,3.36,2.48,3.05,3.65,,,,13,9,3,2,18,13,7,1
ARG,Liga Profesional,2025,18/03/2025,00:15,San Martin S.J.,Platense,0,2,A,3.31,2.54,2.97,3.31,2.77,3.1,3.11,2.56,2.86,3.3,2.66,3.05,,,,15,12,5,4,10,12,3,2
ARG,Liga Profesional,2025,21/03/2025,00:00,Union de Santa Fe,Racing Club,0,1,A,3.24,3.03,2.54,3.24,3.15,2.64,3.02,3,2.53,3.2,3.2,2.64,,,,34,5,7,1,8,7,10,1
ARG,Liga Profesional,2025,22/03/2025,20:00,Godoy Cruz,Talleres Cordoba,0,0,D,4.38,3.2,2,4.5,3.3,2.02,4.28,3.14,1.96,4.7,3.25,2.06,,,,12,12,0,4,12,8,4,6
ARG,Liga Profesional,2025,27/03/2025,18:30,Aldosivi,Union de Santa Fe,2,1,H,3.19,2.88,2.69,3.25,3.05,2.69,3.13,2.85,2.57,3.25,2.96,2.78,,,,13,25,7,10,20,4,5,8
ARG,Liga Profesional,2025,27/03/2025,21:00,Barracas Central,Estudiantes L.P.,2,1,H,4.79,3.33,1.9,5.06,3.4,1.9,4.67,3.29,1.85,5.1,3.35,1.97,,,,12,13,4,3,8,19,4,2
ARG,Liga Profesional,2025,28/03/2025,00:00,Ind. Rivadavia,Racing Club,2,1,H,3.15,3.17,2.5,3.21,3.37,2.5,3.09,3.17,2.38,3.25,3.3,2.52,,,,16,17,3,4,13,13,2,8
ARG,Liga Profesional,2025,28/03/2025,20:00,Defensa y Justicia,Tigre,1,2,A,2.29,3.15,3.59,2.35,3.2,3.66,2.27,3.09,3.35,2.4,3.15,3.6,,,,7,17,3,5,9,12,0,7
ARG,Liga Profesional,2025,28/03/2025,22:15,Banfield,Huracan,0,0,D,3.36,2.8,2.65,3.5,2.84,2.83,3.2,2.74,2.6,3.55,2.86,2.64,,,,10,5,3,2,13,12,3,4
ARG,Liga Profesional,2025,28/03/2025,22:15,San Lorenzo,Lanus,1,1,D,2.87,2.85,3,3,2.88,3,2.84,2.79,2.86,3,2.86,3.1,,,,12,18,3,6,10,11,3,5
ARG,Liga Profesional,2025,29/03/2025,00:30,Platense,Atl. Tucuman,2,1,H,1.91,3.18,5.09,1.92,3.25,5.09,1.88,3.07,4.79,1.98,3.2,5.3,,,,9,6,3,2,12,7,3,3
ARG,Liga Profesional,2025,29/03/2025,00:30,Velez Sarsfield,Dep. Riestra,0,1,A,1.93,3.11,5.14,1.97,3.2,5.14,1.92,3.03,4.77,1.94,3.2,5.6,,,,10,8,2,3,9,20,4,1
ARG,Liga Profesional,2025,29/03/2025,19:30,Instituto,San Martin S.J.,1,0,H,1.88,3.2,5.21,1.9,3.2,5.5,1.86,3.09,4.99,1.94,3.2,5.6,,,,16,4,4,1,9,17,10,1
ARG,Liga Profesional,2025,29/03/2025,21:30,Central Cordoba,Argentinos Jrs,1,1,D,4.03,3.05,2.19,4.03,3.26,2.4,3.57,3.08,2.2,4.1,3.25,2.18,,,,6,11,3,2,14,8,2,3
ARG,Liga Profesional,2025,29/03/2025,21:45,Independiente,Godoy Cruz,4,0,H,1.41,4.31,10.48,1.49,4.41,10.5,1.41,4.22,9.25,1.44,4.3,12,,,,13,10,8,2,6,12,3,2
ARG,Liga Profesional,2025,30/03/2025,00:00,River Plate,Rosario Central,2,2,D,1.54,4.01,7.18,1.54,4.2,8,1.5,3.93,7.13,1.56,4.1,8.2,,,,20,6,5,3,17,12,4,4
ARG,Liga Profesional,2025,30/03/2025,19:00,Belgrano,Talleres Cordoba,1,1,D,3.29,3.04,2.5,3.3,3.22,2.54,3.16,2.98,2.44,3.4,3.05,2.58,,,,13,11,4,1,8,14,5,1
ARG,Liga Profesional,2025,30/03/2025,20:00,Gimnasia L.P.,Sarmiento Junin,0,0,D,1.85,3.3,5.2,1.85,3.45,5.2,1.82,3.24,4.81,1.88,3.35,5.6,,,,21,11,3,2,10,14,8,2
ARG,Liga Profesional,2025,30/03/2025,23:30,Newells Old Boys,Boca Juniors,2,0,H,3.77,3.22,2.18,4.1,3.28,2.18,3.78,3.18,2.07,4,3.2,2.26,,,,9,12,4,2,17,11,3,7
ARG,Liga Profesional,2025,04/04/2025,23:00,Estudiantes L.P.,Belgrano,0,1,A,1.93,3.4,4.53,1.93,3.46,4.53,1.89,3.41,4.22,1.94,3.5,4.9,,,,14,7,4,1,11,13,9,5
ARG,Liga Profesional,2025,05/04/2025,02:00,San Martin S.J.,San Lorenzo,0,1,A,3.29,2.72,2.76,3.4,2.95,2.76,3.21,2.76,2.58,3.45,2.82,2.76,,,,9,5,4,3,15,17,4,7
ARG,Liga Profesional,2025,05/04/2025,19:30,Godoy Cruz,Ind. Rivadavia,1,1,D,3.38,2.9,2.55,3.5,2.9,2.85,3.25,2.79,2.54,3.5,2.92,2.62,,,,8,9,1,4,18,13,1,5
ARG,Liga Profesional,2025,05/04/2025,19:30,Rosario Central,Velez Sarsfield,2,1,H,2.31,2.88,3.94,2.31,3.05,4.25,2.21,2.88,3.84,2.36,2.92,4.2,,,,8,4,4,3,6,16,10,3
ARG,Liga Profesional,2025,05/04/2025,22:00,Huracan,Aldosivi,3,3,D,1.87,3.28,5.11,1.87,3.5,5.6,1.83,3.24,4.79,1.91,3.35,5.4,,,,12,11,4,7,7,17,5,5
ARG,Liga Profesional,2025,05/04/2025,22:00,Talleres Cordoba,Gimnasia L.P.,2,0,H,2.09,3.14,4.2,2.14,3.2,4.6,2.04,3.07,4.13,2.14,3.15,4.4,,,,16,18,6,0,6,15,9,5
ARG,Liga Profesional,2025,06/04/2025,00:30,Sarmiento Junin,River Plate,1,1,D,5.45,3.63,1.73,5.45,3.69,1.75,5.14,3.54,1.72,6,3.75,1.75,,,,15,13,6,7,9,16,4,5
ARG,Liga Profesional,2025,06/04/2025,19:30,Lanus,Independiente,1,1,D,2.28,3.14,3.62,2.3,3.3,3.62,2.26,3.08,3.4,2.4,3.15,3.7,,,,9,14,5,11,24,14,2,2
ARG,Liga Profesional,2025,06/04/2025,19:30,Union de Santa Fe,Central Cordoba,1,0,H,2.14,3.32,3.78,2.17,3.35,3.78,2.11,3.22,3.61,2.18,3.35,4,,,,13,9,4,1,16,13,8,2
ARG,Liga Profesional,2025,06/04/2025,22:00,Boca Juniors,Barracas Central,1,0,H,1.48,4.08,8.41,1.49,4.25,8.61,1.46,4.02,7.83,1.53,4.1,9,,,,6,8,1,0,15,13,6,2
ARG,Liga Profesional,2025,07/04/2025,00:15,Argentinos Jrs,Defensa y Justicia,4,1,H,1.57,3.92,6.81,1.57,3.99,6.93,1.55,3.88,6.35,1.58,4.2,7.4,,,,13,8,8,3,5,17,2,3
ARG,Liga Profesional,2025,07/04/2025,00:15,Racing Club,Banfield,4,1,H,1.65,3.89,5.73,1.68,4,6.1,1.64,3.76,5.45,1.69,3.95,6.2,,,,19,8,7,4,17,9,8,0
ARG,Liga Profesional,2025,07/04/2025,19:30,Dep. Riestra,Platense,1,0,H,3.72,2.59,2.64,3.72,2.7,2.7,3.51,2.59,2.56,3.9,2.66,2.62,,,,9,12,5,1,24,8,2,5
ARG,Liga Profesional,2025,08/04/2025,01:00,Atl. Tucuman,Instituto,3,2,H,2.39,3.05,3.49,2.45,3.05,3.49,2.36,2.95,3.28,2.48,3.05,3.6,,,,18,13,5,6,14,13,4,5
ARG,Liga Profesional,2025,08/04/2025,01:00,Tigre,Newells Old Boys,0,2,A,2,3.1,4.7,2.04,3.25,4.7,1.96,3.1,4.35,2.08,3.15,4.8,,,,29,6,11,2,10,14,7,3
ARG,Liga Profesional,2025,11/04/2025,23:00,Banfield,Ind. Rivadavia,1,1,D,2.63,2.87,3.28,2.63,2.89,3.35,2.53,2.84,3.16,2.66,2.94,3.45,,,,10,7,3,4,17,16,5,2
ARG,Liga Profesional,2025,12/04/2025,01:00,Newells Old Boys,Argentinos Jrs,0,0,D,3.98,3.03,2.21,3.98,3.05,2.25,3.68,2.97,2.2,4,3.1,2.3,,,,14,14,5,5,13,12,7,11
ARG,Liga Profesional,2025,12/04/2025,19:30,San Lorenzo,Atl. Tucuman,1,0,H,1.92,3.21,4.97,1.93,3.4,4.97,1.9,3.21,4.47,1.97,3.3,5.2,,,,8,13,4,3,9,18,2,3
ARG,Liga Profesional,2025,12/04/2025,22:00,Barracas Central,Tigre,1,0,H,3.78,2.91,2.35,3.78,3,2.35,3.58,2.89,2.28,3.9,3,2.4,,,,5,13,2,2,9,11,2,9
ARG,Liga Profesional,2025,13/04/2025,00:30,Belgrano,Boca Juniors,1,3,A,3.32,3.01,2.5,3.44,3.07,2.5,3.3,3,2.34,3.55,3,2.54,,,,10,11,2,5,16,8,4,6
ARG,Liga Profesional,2025,13/04/2025,19:30,Gimnasia L.P.,Estudiantes L.P.,1,1,D,3.29,2.9,2.6,3.35,2.91,2.6,3.14,2.88,2.53,3.4,2.98,2.64,,,,10,17,5,7,16,13,3,2
ARG,Liga Profesional,2025,13/04/2025,19:30,Instituto,Dep. Riestra,3,0,H,2.21,2.91,4.21,2.21,3,4.21,2.17,2.91,3.9,2.26,3,4.4,,,,14,9,2,2,7,16,4,2
ARG,Liga Profesional,2025,13/04/2025,22:00,Independiente,San Martin S.J.,2,0,H,1.5,3.96,8.56,1.5,4.2,8.56,1.47,3.87,7.94,1.53,4,9.8,,,,15,7,4,2,8,19,10,0
ARG,Liga Profesional,2025,14/04/2025,00:15,River Plate,Talleres Cordoba,1,1,D,1.6,3.99,6.25,1.64,4.1,6.25,1.59,3.87,5.73,1.62,4,7,,,,17,10,8,2,9,14,5,1
ARG,Liga Profesional,2025,14/04/2025,19:30,Aldosivi,Racing Club,0,2,A,3.73,3.5,2.08,3.85,3.68,2.08,3.59,3.52,2,3.9,3.6,2.12,,,,10,16,2,7,9,12,4,3
ARG,Liga Profesional,2025,14/04/2025,22:00,Central Cordoba,Huracan,1,2,A,2.35,2.94,3.75,2.45,3,3.75,2.33,2.88,3.5,2.42,2.96,3.9,,,,11,11,2,6,9,14,5,2
ARG,Liga Profesional,2025,14/04/2025,23:00,Defensa y Justicia,Union de Santa Fe,0,0,D,2.71,2.98,3.05,2.77,3.02,3.05,2.61,2.95,2.94,2.76,3.05,3.15,,,,12,16,4,2,11,11,2,6
ARG,Liga Profesional,2025,15/04/2025,01:15,Godoy Cruz,Lanus,0,0,D,3.62,3.03,2.34,3.62,3.1,2.34,3.47,2.96,2.28,3.85,3.1,2.38,,,,14,6,2,1,12,10,3,5
ARG,Liga Profesional,2025,15/04/2025,01:15,Velez Sarsfield,Sarmiento Junin,0,1,A,1.68,3.55,6.25,1.68,3.55,6.4,1.66,3.44,5.83,1.69,3.65,7.2,,,,18,7,4,1,11,13,12,1
ARG,Liga Profesional,2025,16/04/2025,00:00,Platense,Rosario Central,0,0,D,2.47,2.67,3.94,2.47,2.7,3.94,2.4,2.63,3.76,2.56,2.68,4.1,,,,13,10,3,0,11,9,5,5
ARG,Liga Profesional,2025,18/04/2025,21:00,Gimnasia L.P.,River Plate,0,3,A,4.81,3.53,1.84,4.81,3.6,1.92,4.39,3.45,1.85,5.1,3.6,1.89,,,,10,12,3,5,14,10,2,4
ARG,Liga Profesional,2025,18/04/2025,23:15,Racing Club,Central Cordoba,1,0,H,1.58,4.1,6.21,1.62,4.25,6.25,1.56,4.02,5.87,1.63,4.1,6.6,,,,23,10,7,3,13,9,9,3
ARG,Liga Profesional,2025,18/04/2025,23:15,Talleres Cordoba,Velez Sarsfield,0,1,A,2.38,3.1,3.44,2.38,3.25,3.45,2.29,3.07,3.32,2.42,3.15,3.65,,,,17,5,4,2,13,13,5,1
ARG,Liga Profesional,2025,19/04/2025,01:30,Union de Santa Fe,Newells Old Boys,1,1,D,2.33,3.06,3.6,2.33,3.2,3.6,2.25,2.98,3.51,2.4,3.1,3.7,,,,21,11,14,2,16,15,10,4
ARG,Liga Profesional,2025,19/04/2025,20:15,Lanus,Banfield,1,1,D,1.89,3.08,5.49,1.9,3.1,5.55,1.87,2.99,5.22,1.93,3.2,5.7,,,,10,7,5,1,20,21,2,5
ARG,Liga Profesional,2025,19/04/2025,22:15,Huracan,Defensa y Justicia,1,1,D,2.23,2.97,4.03,2.23,3.22,4.5,2.07,3.05,4.02,2.16,3.1,4.5,,,,26,11,9,3,10,20,3,4
ARG,Liga Profesional,2025,20/04/2025,00:30,Boca Juniors,Estudiantes L.P.,2,0,H,2.12,3.18,4.01,2.25,3.3,4.4,2.08,3.09,3.87,2.14,3.25,4.3,,,,8,11,3,2,18,19,2,3
ARG,Liga Profesional,2025,20/04/2025,19:30,Dep. Riestra,San Lorenzo,0,0,D,3.77,2.65,2.56,3.77,2.75,2.58,3.42,2.67,2.53,3.65,2.74,2.72,,,,6,11,1,4,15,6,2,6
ARG,Liga Profesional,2025,20/04/2025,20:30,San Martin S.J.,Godoy Cruz,1,0,H,2.69,2.83,3.26,2.69,2.9,3.4,2.56,2.8,3.17,2.74,2.82,3.45,,,,10,7,3,2,17,17,4,5
ARG,Liga Profesional,2025,20/04/2025,22:00,Sarmiento Junin,Platense,0,1,A,3.84,2.65,2.53,3.84,2.75,2.53,3.62,2.65,2.45,4,2.72,2.58,,,,13,12,2,3,10,18,7,5
ARG,Liga Profesional,2025,21/04/2025,00:30,Rosario Central,Instituto,3,0,H,2.15,3.05,4.13,2.15,3.15,4.4,2.08,2.99,4.03,2.18,3.1,4.5,,,,18,14,8,1,13,9,2,4
ARG,Liga Profesional,2025,22/04/2025,23:00,Argentinos Jrs,Barracas Central,3,0,H,1.62,3.59,7.15,1.62,4,7.5,1.55,3.72,6.84,1.61,3.85,7.8,,,,9,5,4,0,14,9,2,2
ARG,Liga Profesional,2025,22/04/2025,23:00,Tigre,Belgrano,0,0,D,2.12,3.14,4.08,2.12,3.3,4.08,2.05,3.19,3.81,2.18,3.5,3.85,,,,10,7,4,4,11,21,2,3
ARG,Liga Profesional,2025,23/04/2025,01:15,Ind. Rivadavia,Aldosivi,1,0,H,1.96,3.38,4.38,1.97,3.45,4.5,1.93,3.27,4.24,1.99,3.5,4.6,,,,8,23,2,4,7,9,3,3
ARG,Liga Profesional,2025,26/04/2025,19:00,Aldosivi,Banfield,2,1,H,2.5,2.85,3.55,2.52,2.85,3.55,2.47,2.78,3.37,2.6,2.92,3.6,,,,14,15,4,3,19,8,2,7
ARG,Liga Profesional,2025,26/04/2025,21:00,San Lorenzo,Rosario Central,0,1,A,2.46,2.73,3.84,2.5,2.8,3.84,2.45,2.68,3.59,2.54,2.72,4,,,,10,8,2,4,9,13,6,4
ARG,Liga Profesional,2025,26/04/2025,23:00,Belgrano,Argentinos Jrs,1,1,D,3.54,3.02,2.39,3.63,3.15,2.39,3.38,3.01,2.31,3.55,3.1,2.46,,,,10,12,3,3,11,16,2,7
ARG,Liga Profesional,2025,27/04/2025,19:30,River Plate,Boca Juniors,2,1,H,1.89,3.21,5.12,1.99,3.21,5.12,1.91,3.12,4.6,1.96,3.25,5.3,,,,15,9,9,3,12,13,4,5
ARG,Liga Profesional,2025,27/04/2025,23:00,Instituto,Sarmiento Junin,1,1,D,2,3.17,4.54,2,3.25,4.6,1.94,3.16,4.34,2,3.3,4.9,,,,15,7,6,3,8,21,12,3
ARG,Liga Profesional,2025,27/04/2025,23:00,Lanus,San Martin S.J.,1,0,H,1.68,3.36,6.84,1.7,3.4,7.27,1.66,3.27,6.47,1.72,3.45,7.4,,,,13,8,4,1,14,18,6,6
ARG,Liga Profesional,2025,28/04/2025,01:15,Independiente,Dep. Riestra,0,0,D,1.6,3.66,7.23,1.6,3.85,7.77,1.57,3.54,6.89,1.63,3.7,8.2,,,,14,8,1,1,8,13,9,4
ARG,Liga Profesional,2025,28/04/2025,19:00,Barracas Central,Union de Santa Fe,2,1,H,3.25,2.85,2.67,3.25,3,3,2.96,2.87,2.67,3.3,2.86,2.82,,,,19,7,4,4,12,18,5,1
ARG,Liga Profesional,2025,28/04/2025,21:15,Godoy Cruz,Atl. Tucuman,1,0,H,2.44,3.1,3.34,2.44,3.15,3.41,2.36,3.06,3.17,2.5,3.2,3.4,,,,15,4,4,1,14,14,7,0
ARG,Liga Profesional,2025,28/04/2025,23:30,Defensa y Justicia,Racing Club,1,2,A,3.89,3.45,2.05,3.89,3.6,2.17,3.6,3.39,2.03,3.9,3.55,2.12,,,,17,10,6,3,12,15,5,3
ARG,Liga Profesional,2025,28/04/2025,23:30,Estudiantes L.P.,Tigre,0,0,D,2.23,3.06,3.86,2.23,3.15,4.33,2.11,3.01,3.92,2.26,3.15,4.1,,,,17,7,2,1,11,16,6,5
ARG,Liga Profesional,2025,29/04/2025,01:45,Central Cordoba,Ind. Rivadavia,1,2,A,1.92,3.23,4.88,1.95,3.25,4.88,1.92,3.15,4.45,2,3.25,4.9,,,,14,7,4,4,7,11,3,2
ARG,Liga Profesional,2025,29/04/2025,01:45,Velez Sarsfield,Gimnasia L.P.,1,0,H,2.15,3.01,4.24,2.15,3.03,4.24,2.1,2.94,4.05,2.16,3.05,4.6,,,,7,14,1,1,12,17,1,3
ARG,Liga Profesional,2025,29/04/2025,23:00,Newells Old Boys,Huracan,2,0,H,2.72,2.98,3.06,2.89,2.98,3.06,2.75,2.88,2.87,2.78,3.05,3.15,,,,7,4,3,0,20,16,1,3
ARG,Liga Profesional,2025,29/04/2025,23:00,Platense,Talleres Cordoba,2,1,H,2.8,2.81,3.13,2.99,2.94,3.13,2.71,2.8,2.98,2.82,2.92,3.25,,,,13,15,6,7,11,14,5,5
ARG,Liga Profesional,2025,01/05/2025,01:00,Atl. Tucuman,Independiente,2,0,H,3.15,3.08,2.56,3.45,3.1,2.56,3.13,3.01,2.44,3.25,3.15,2.62,,,,8,12,4,2,20,11,3,3
ARG,Liga Profesional,2025,02/05/2025,19:30,Argentinos Jrs,Estudiantes L.P.,4,0,H,2,3.18,4.54,2.2,3.31,4.54,2.09,3.08,3.87,2.18,3.2,4.3,,,,16,7,6,2,8,12,6,4
ARG,Liga Profesional,2025,02/05/2025,19:30,Banfield,Central Cordoba,3,1,H,1.96,3.29,4.54,2.09,3.4,4.54,1.96,3.23,4.13,2.02,3.3,4.8,,,,9,15,3,5,14,9,1,6
ARG,Liga Profesional,2025,02/05/2025,19:30,Ind. Rivadavia,Defensa y Justicia,3,2,H,2.36,3.01,3.61,2.4,3.18,3.61,2.3,3.04,3.34,2.38,3.2,3.65,,,,12,18,5,6,16,11,5,5
ARG,Liga Profesional,2025,02/05/2025,19:30,Racing Club,Newells Old Boys,1,0,H,1.65,3.98,5.58,1.85,3.98,5.75,1.72,3.68,4.84,1.74,3.9,5.8,,,,14,17,2,5,11,15,5,5
ARG,Liga Profesional,2025,02/05/2025,22:00,Union de Santa Fe,Belgrano,1,1,D,2.26,3.25,3.55,2.31,3.25,3.55,2.26,3.17,3.3,2.4,3.25,3.5,,,,15,6,2,1,6,15,3,5
ARG,Liga Profesional,2025,03/05/2025,20:00,Dep. Riestra,Godoy Cruz,3,0,H,2.73,2.63,3.48,2.73,2.66,3.6,2.62,2.6,3.35,2.74,2.74,3.65,,,,12,21,7,5,10,9,1,3
ARG,Liga Profesional,2025,03/05/2025,20:00,Sarmiento Junin,San Lorenzo,1,1,D,3.53,2.75,2.59,3.53,2.75,2.74,3.31,2.69,2.57,3.6,2.86,2.6,,,,6,10,0,3,12,14,5,6
ARG,Liga Profesional,2025,03/05/2025,20:00,Talleres Cordoba,Instituto,1,2,A,2.12,3.26,3.93,2.12,3.26,4,2.07,3.13,3.83,2.16,3.25,4.2,,,,16,10,4,5,18,15,4,3
ARG,Liga Profesional,2025,03/05/2025,22:30,Rosario Central,Independiente,1,0,H,2.01,3.01,4.87,2.05,3.01,5.15,1.99,2.9,4.64,2.08,3.05,5,,,,14,8,6,1,20,14,1,5
ARG,Liga Profesional,2025,04/05/2025,01:00,Atl. Tucuman,Lanus,1,0,H,2.14,3.12,4.05,2.3,3.12,4.13,2.15,3.03,3.79,2.2,3.15,4.3,,,,14,11,5,2,19,10,5,5
ARG,Liga Profesional,2025,04/05/2025,01:00,Huracan,Barracas Central,0,1,A,1.98,3.1,4.81,2,3.13,4.81,1.97,3.01,4.5,2.02,3.1,5.3,,,,11,12,3,3,14,17,7,2
ARG,Liga Profesional,2025,04/05/2025,19:30,Gimnasia L.P.,Platense,1,0,H,2.11,2.95,4.51,2.25,3,4.51,2.15,2.89,4.05,2.26,2.98,4.4,,,,16,9,4,5,8,13,13,3
ARG,Liga Profesional,2025,04/05/2025,19:30,San Martin S.J.,Aldosivi,0,3,A,2.22,3.02,3.97,2.7,3.02,3.97,2.21,2.95,3.77,2.26,3.05,4.2,,,,11,13,4,5,11,12,4,2
ARG,Liga Profesional,2025,04/05/2025,22:00,Tigre,Boca Juniors,1,1,D,3.69,2.94,2.37,3.79,2.95,2.37,3.55,2.88,2.31,3.9,3,2.4,,,,14,9,5,4,16,8,4,5
ARG,Liga Profesional,2025,05/05/2025,00:30,River Plate,Velez Sarsfield,4,1,H,1.55,3.99,7.03,1.62,3.99,7.03,1.54,3.87,6.43,1.56,4.1,8.2,,,,17,10,8,3,15,18,6,3
ARG,Liga Profesional,2025,10/05/2025,18:00,San Lorenzo,Tigre,2,1,H,2.24,2.73,4.55,2.26,2.82,4.55,2.23,2.71,4.1,2.32,2.78,4.6,,,,6,12,3,5,13,16,3,2
ARG,Liga Profesional,2025,10/05/2025,20:30,Rosario Central,Estudiantes L.P.,2,0,H,2.58,2.86,3.39,2.63,2.86,3.75,2.45,2.74,3.47,2.62,2.9,3.6,,,,17,12,7,2,6,12,2,3
ARG,Liga Profesional,2025,10/05/2025,22:45,Racing Club,Platense,0,1,A,1.89,3.46,4.6,1.89,3.5,4.9,1.85,3.4,4.4,1.93,3.45,5,,,,13,16,3,6,8,10,9,4
ARG,Liga Profesional,2025,11/05/2025,01:00,Boca Juniors,Lanus,0,0,D,1.94,3.05,5.17,1.95,3.2,5.3,1.91,3.02,4.81,2.02,3.05,5.4,,,,17,18,3,4,11,7,4,1
ARG,Liga Profesional,2025,11/05/2025,19:30,Independiente,Ind. Rivadavia,1,0,H,1.65,3.66,6.35,1.67,3.8,6.35,1.63,3.54,5.94,1.67,3.75,7.2,,,,16,8,7,1,11,19,7,5
ARG,Liga Profesional,2025,11/05/2025,22:00,Argentinos Jrs,Instituto,3,1,H,1.6,3.71,6.95,1.6,3.95,6.95,1.58,3.64,6.45,1.66,3.75,7.4,,,,14,14,4,2,15,10,4,1
ARG,Liga Profesional,2025,12/05/2025,00:30,Huracan,Dep. Riestra,3,2,H,2.06,2.84,5.09,2.06,2.85,5.1,2.01,2.77,4.85,2.06,2.88,5.6,,,,11,8,3,3,12,20,6,1
ARG,Liga Profesional,2025,13/05/2025,00:30,River Plate,Barracas Central,3,0,H,1.39,4.53,10.41,1.42,5,11.4,1.36,4.5,9.4,1.39,4.9,12.5,,,,14,4,9,1,12,12,3,4
ARG,Liga Profesional,2025,18/05/2025,23:00,Rosario Central,Huracan,0,1,A,2.07,2.81,5.15,2.07,2.81,5.26,2.01,2.75,5.01,2.14,2.84,5.3,,,,15,7,6,3,10,19,7,4
ARG,Liga Profesional,2025,19/05/2025,23:00,Argentinos Jrs,San Lorenzo,1,1,D,1.78,3.1,6.41,1.78,3.15,6.5,1.74,3.06,6.28,1.83,3.15,7,,,,10,5,3,2,15,18,4,0
ARG,Liga Profesional,2025,20/05/2025,01:30,Boca Juniors,Independiente,0,1,A,2.46,2.83,3.65,2.46,2.95,3.67,2.35,2.87,3.49,2.48,2.96,3.75,,,,8,13,1,5,14,11,7,6
ARG,Liga Profesional,2025,21/05/2025,00:30,River Plate,Platense,1,1,D,1.51,3.79,9.06,1.51,4,9.47,1.49,3.8,8.2,1.53,4,9.8,,,,21,7,5,3,9,21,3,2
ARG,Liga Profesional,2025,24/05/2025,22:30,Independiente,Huracan,0,0,D,2.28,2.83,4.12,2.28,2.95,4.12,2.2,2.83,3.95,2.32,2.9,4.3,,,,9,8,3,5,21,18,7,9
ARG,Liga Profesional,2025,25/05/2025,20:00,San Lorenzo,Platense,0,1,A,2.59,2.54,3.96,2.65,2.56,3.96,2.56,2.51,3.72,2.74,2.54,4,,,,6,8,1,3,16,18,5,3
ARG,Liga Profesional,2025,01/06/2025,21:00,Huracan,Platense,0,1,A,2.54,2.56,4.04,2.6,2.63,4.04,2.51,2.54,3.72,2.58,2.58,4.1,,,,10,12,3,3,12,21,1,3
ARG,Liga Profesional,2025,11/07/2025,19:30,Aldosivi,Central Cordoba,0,0,D,3.17,2.94,2.65,3.17,2.94,2.65,2.96,2.86,2.55,3.25,3.05,2.72,,,,14,5,2,1,13,12,5,2
ARG,Liga Profesional,2025,12/07/2025,00:00,Talleres Cordoba,San Lorenzo,1,2,A,2.12,2.96,4.45,2.2,2.96,4.45,2.12,2.85,3.92,2.26,2.96,4.4,,,,9,8,2,2,17,13,1,5
ARG,Liga Profesional,2025,12/07/2025,20:00,Rosario Central,Godoy Cruz,1,1,D,1.56,3.65,8.33,1.57,3.85,8.33,1.51,3.6,7.32,1.59,3.85,8.6,,,,13,11,5,3,9,16,7,2
ARG,Liga Profesional,2025,12/07/2025,22:30,Gimnasia L.P.,Instituto,0,1,A,2.8,2.81,3.13,2.8,2.9,3.25,2.58,2.75,3.06,2.86,2.86,3.25,,,,15,17,6,5,18,6,7,8
ARG,Liga Profesional,2025,12/07/2025,22:30,Huracan,Belgrano,0,3,A,2.25,2.98,3.95,2.25,3,4.1,2.08,2.94,3.89,2.2,3.1,4.3,,,,14,6,1,3,5,25,9,1
ARG,Liga Profesional,2025,13/07/2025,00:45,Racing Club,Barracas Central,0,1,A,1.49,4.16,8.03,1.5,4.2,8.03,1.45,4.04,7.2,1.5,4.4,8.8,,,,10,7,2,4,10,8,5,2
ARG,Liga Profesional,2025,13/07/2025,18:15,Sarmiento Junin,Independiente,2,2,D,4.47,3.27,1.98,4.47,3.27,1.98,4.17,3.15,1.93,4.8,3.35,2.02,,,,12,12,4,4,19,10,2,2
ARG,Liga Profesional,2025,13/07/2025,20:30,Atl. Tucuman,San Martin S.J.,2,1,H,1.96,3.23,4.62,1.96,3.25,4.62,1.89,3.15,4.32,2,3.3,4.9,,,,8,10,3,4,16,11,4,7
ARG,Liga Profesional,2025,13/07/2025,20:30,Ind. Rivadavia,Newells Old Boys,1,2,A,1.86,3.21,5.33,1.99,3.21,5.33,1.89,3.05,4.47,1.96,3.2,5.4,,,,15,13,6,7,16,9,5,4
ARG,Liga Profesional,2025,13/07/2025,22:45,Argentinos Jrs,Boca Juniors,0,0,D,2.36,2.98,3.64,2.36,2.98,3.75,2.25,2.84,3.54,2.34,3.05,3.95,,,,15,5,4,4,14,12,4,1
ARG,Liga Profesional,2025,14/07/2025,01:00,River Plate,Platense,3,1,H,1.61,3.67,7.03,1.61,3.8,7.03,1.56,3.55,6.49,1.61,3.8,8.2,,,,11,9,6,3,17,15,2,4
ARG,Liga Profesional,2025,14/07/2025,20:30,Dep. Riestra,Lanus,1,0,H,4.23,2.79,2.28,4.23,2.8,2.45,3.71,2.7,2.3,3.95,2.78,2.56,,,,6,14,3,5,22,9,2,8
ARG,Liga Profesional,2025,14/07/2025,23:00,Banfield,Defensa y Justicia,0,0,D,3.43,3.17,2.35,3.43,3.17,2.38,3.23,3.03,2.28,2.02,2.96,2.8,,,,10,10,2,4,14,13,6,3
ARG,Liga Profesional,2025,15/07/2025,01:15,Union de Santa Fe,Estudiantes L.P.,1,0,H,2.69,2.96,3.09,2.71,2.96,3.09,2.58,2.86,2.92,2.84,3,3.1,,,,17,5,8,1,11,12,4,1
ARG,Liga Profesional,2025,15/07/2025,01:15,Velez Sarsfield,Tigre,2,1,H,1.93,3.09,5.17,2.16,3.09,5.17,2.03,2.84,4.3,2.06,3.05,5.2,,,,9,16,4,4,9,13,2,4
ARG,Liga Profesional,2025,18/07/2025,23:30,Boca Juniors,Union de Santa Fe,1,1,D,1.85,3.23,5.38,1.85,3.4,5.38,1.77,3.21,4.91,1.91,3.3,5.6,,,,9,10,2,1,8,15,8,2
ARG,Liga Profesional,2025,19/07/2025,01:30,Atl. Tucuman,Central Cordoba,1,1,D,2.32,2.91,3.87,2.4,2.91,3.9,2.31,2.82,3.44,2.46,2.98,3.8,,,,10,6,3,2,12,9,8,3
ARG,Liga Profesional,2025,19/07/2025,18:30,San Lorenzo,Gimnasia L.P.,0,0,D,2.01,2.98,4.97,2.1,3,5,2.03,2.83,4.32,2.16,2.9,5.1,,,,16,2,5,1,11,12,6,3
ARG,Liga Profesional,2025,19/07/2025,20:30,Lanus,Rosario Central,0,1,A,2.2,3.01,4.04,2.25,3.01,4.04,2.17,2.87,3.75,2.3,3,4.2,,,,15,8,5,6,12,12,6,5
ARG,Liga Profesional,2025,19/07/2025,22:45,Godoy Cruz,Sarmiento Junin,0,0,D,1.8,3.31,5.58,1.91,3.31,5.58,1.83,3.11,4.89,1.88,3.35,5.7,,,,11,6,3,1,11,14,3,3
ARG,Liga Profesional,2025,19/07/2025,22:45,Platense,Velez Sarsfield,0,0,D,2.66,2.74,3.43,2.72,2.75,3.43,2.62,2.67,3.12,2.78,2.76,3.5,,,,13,9,4,4,12,17,2,3
ARG,Liga Profesional,2025,20/07/2025,01:00,Instituto,River Plate,0,4,A,3.8,3.06,2.25,3.8,3.15,2.25,3.52,3.02,2.16,3.95,3.1,2.3,,,,8,15,4,7,10,9,5,2
ARG,Liga Profesional,2025,20/07/2025,18:30,Barracas Central,Ind. Rivadavia,0,3,A,2.66,2.84,3.28,2.7,2.9,3.4,2.53,2.78,3.08,2.76,2.9,3.35,,,,6,9,3,4,12,15,1,2
ARG,Liga Profesional,2025,20/07/2025,20:45,Newells Old Boys,Banfield,1,2,A,1.87,3.27,5.14,1.91,3.27,5.14,1.87,3.1,4.57,1.92,3.25,5.5,,,,12,17,5,7,11,25,4,5
ARG,Liga Profesional,2025,20/07/2025,20:45,Tigre,Argentinos Jrs,2,1,H,3.81,2.96,2.31,3.81,3,2.31,3.52,2.91,2.23,3.85,3,2.4,,,,9,13,5,6,11,15,1,1
ARG,Liga Profesional,2025,20/07/2025,23:00,Belgrano,Racing Club,0,1,A,2.84,3.15,2.75,2.95,3.15,2.75,2.83,3.07,2.52,3.05,3.25,2.64,,,,16,14,3,4,7,14,5,4
ARG,Liga Profesional,2025,21/07/2025,01:00,Independiente,Talleres Cordoba,1,2,A,1.78,3.44,5.51,1.81,3.44,5.75,1.76,3.29,4.97,1.83,3.45,5.7,,,,11,14,5,6,4,13,4,4
ARG,Liga Profesional,2025,21/07/2025,23:00,Estudiantes L.P.,Huracan,2,1,H,2.27,2.9,4.03,2.37,2.9,4.2,2.23,2.73,3.84,2.38,2.98,4,,,,9,18,6,3,15,14,5,5
ARG,Liga Profesional,2025,22/07/2025,01:15,Defensa y Justicia,Aldosivi,2,0,H,1.98,3.22,4.56,1.98,3.22,4.8,1.9,3.08,4.44,2,3.25,5.1,,,,15,6,7,1,11,7,2,2
ARG,Liga Profesional,2025,22/07/2025,01:15,San Martin S.J.,Dep. Riestra,3,2,H,2.84,2.71,3.21,2.88,2.71,3.21,2.73,2.61,3.04,2.92,2.76,3.3,,,,11,3,4,2,12,21,6,2
ARG,Liga Profesional,2025,25/07/2025,23:00,Sarmiento Junin,Lanus,0,2,A,4.19,2.88,2.23,4.19,2.88,2.45,3.63,2.67,2.33,3.9,2.74,2.6,,,,14,7,6,3,13,10,8,8
ARG,Liga Profesional,2025,26/07/2025,01:15,Ind. Rivadavia,Belgrano,0,0,D,2.37,3.03,3.56,2.37,3.03,3.7,2.21,2.97,3.47,2.28,3.1,4,,,,9,13,2,2,11,10,3,4
ARG,Liga Profesional,2025,26/07/2025,01:15,Union de Santa Fe,Tigre,0,0,D,2.2,3.01,4.05,2.2,3.01,4.05,2.14,2.94,3.74,2.2,3.1,4.4,,,,10,9,4,2,9,16,10,0
ARG,Liga Profesional,2025,26/07/2025,18:30,Aldosivi,Newells Old Boys,0,0,D,2.89,2.93,2.9,2.9,3.1,2.9,2.76,2.9,2.69,2.98,3.05,2.88,,,,17,11,6,2,17,12,6,6
ARG,Liga Profesional,2025,26/07/2025,20:45,Rosario Central,San Martin S.J.,0,0,D,1.67,3.47,6.73,1.68,3.5,6.73,1.65,3.37,5.85,1.7,3.55,7.4,,,,13,7,5,2,8,13,9,5
ARG,Liga Profesional,2025,26/07/2025,23:00,Platense,Argentinos Jrs,0,0,D,3.75,2.84,2.41,3.75,2.84,2.45,3.53,2.63,2.41,3.9,2.82,2.56,,,,10,7,3,3,18,14,5,4
ARG,Liga Profesional,2025,26/07/2025,23:15,Velez Sarsfield,Instituto,0,0,D,2.15,3.03,4.21,2.15,3.1,4.5,2,3,4.11,2.06,3.1,4.8,,,,15,12,5,4,11,17,12,4
ARG,Liga Profesional,2025,27/07/2025,01:15,Racing Club,Estudiantes L.P.,0,1,A,1.98,3.33,4.35,2.05,3.4,4.35,1.94,3.22,4,2.08,3.4,4.2,,,,18,5,5,2,9,13,9,2
ARG,Liga Profesional,2025,27/07/2025,20:00,Gimnasia L.P.,Independiente,1,0,H,4.47,3.06,2.07,4.47,3.1,2.07,4.14,3.01,1.99,4.5,3.25,2.08,,,,8,14,3,3,19,16,4,7
ARG,Liga Profesional,2025,27/07/2025,20:00,Talleres Cordoba,Godoy Cruz,0,0,D,1.85,3.32,5.15,1.91,3.32,5.15,1.81,3.17,4.76,1.93,3.35,5.3,,,,5,14,0,4,9,10,3,9
ARG,Liga Profesional,2025,27/07/2025,22:30,Huracan,Boca Juniors,1,0,H,3.15,2.79,2.8,3.15,2.88,2.87,3,2.67,2.72,3.2,2.76,3,,,,12,5,8,1,16,17,4,2
ARG,Liga Profesional,2025,28/07/2025,00:30,River Plate,San Lorenzo,0,0,D,1.56,3.71,7.93,1.57,3.85,8,1.51,3.56,7.26,1.57,3.85,9.4,,,,11,5,2,0,12,14,7,6
ARG,Liga Profesional,2025,28/07/2025,20:00,Dep. Riestra,Atl. Tucuman,1,0,H,2.46,2.89,3.57,2.46,2.95,3.9,2.27,2.85,3.53,2.42,2.94,4,,,,11,11,3,3,11,10,3,3
ARG,Liga Profesional,2025,28/07/2025,22:00,Central Cordoba,Defensa y Justicia,2,1,H,2.23,3.09,3.83,2.25,3.1,3.83,2.19,3.02,3.43,2.32,3.05,3.95,,,,21,12,9,4,5,12,5,3
ARG,Liga Profesional,2025,29/07/2025,00:00,Banfield,Barracas Central,1,3,A,2.45,2.68,3.97,2.45,2.85,3.97,2.34,2.69,3.6,2.52,2.72,4.2,,,,22,11,8,6,7,9,7,1
ARG,Liga Profesional,2025,07/08/2025,21:00,Godoy Cruz,Gimnasia L.P.,1,2,A,1.98,3.09,4.86,2,3.2,4.75,1.93,3.04,4.47,2.02,3.15,5,,,,20,5,4,3,9,14,8,4
ARG,Liga Profesional,2025,07/08/2025,23:00,San Lorenzo,Velez Sarsfield,1,0,H,2.57,2.66,3.73,2.6,2.63,4.1,2.53,2.53,3.59,2.68,2.7,3.85,,,,22,6,6,0,8,18,7,5
ARG,Liga Profesional,2025,08/08/2025,01:00,Estudiantes L.P.,Ind. Rivadavia,2,1,H,2.45,2.93,3.52,2.45,3.05,3.45,2.34,2.89,3.33,2.52,2.98,3.65,,,,11,7,4,4,12,15,4,3
ARG,Liga Profesional,2025,08/08/2025,23:00,Tigre,Huracan,0,1,A,3.11,2.58,3.08,2.9,2.63,3.3,2.77,2.52,3.18,3.05,2.6,3.45,,,,10,6,2,2,11,12,4,6
ARG,Liga Profesional,2025,09/08/2025,01:00,Newells Old Boys,Central Cordoba,1,1,D,2.44,2.99,3.46,2.45,3,3.6,2.33,2.92,3.33,2.48,3.1,3.55,,,,9,13,3,5,7,8,2,10
ARG,Liga Profesional,2025,09/08/2025,01:15,Lanus,Talleres Cordoba,1,0,H,2.25,2.91,4.07,2.35,2.95,3.9,2.24,2.82,3.69,2.38,2.92,4.1,,,,15,9,6,1,7,6,1,7
ARG,Liga Profesional,2025,09/08/2025,18:30,San Martin S.J.,Sarmiento Junin,0,1,A,2.12,2.95,4.48,2.2,3,4.2,2.13,2.87,3.93,2.2,2.92,4.6,,,,15,7,4,1,10,15,8,3
ARG,Liga Profesional,2025,09/08/2025,20:30,Boca Juniors,Racing Club,1,1,D,2.52,3.05,3.24,2.46,3,3.45,2.39,2.96,3.2,2.56,3.1,3.4,,,,17,15,5,5,6,19,11,4
ARG,Liga Profesional,2025,09/08/2025,22:30,Independiente,River Plate,0,0,D,3.21,3,2.57,3.3,3,2.6,3.01,2.93,2.51,3.1,3.15,2.72,,,,6,5,3,1,15,14,2,1
ARG,Liga Profesional,2025,10/08/2025,00:45,Atl. Tucuman,Rosario Central,0,0,D,3.31,2.87,2.62,3.75,2.9,2.55,3.49,2.73,2.4,3.65,3,2.48,,,,14,8,3,0,17,13,3,3
ARG,Liga Profesional,2025,10/08/2025,00:45,Belgrano,Banfield,2,1,H,1.95,3.19,4.8,1.97,3.25,5.33,1.87,3.05,4.81,1.91,3.3,5.7,,,,12,12,5,3,12,12,3,4
ARG,Liga Profesional,2025,10/08/2025,19:00,Barracas Central,Aldosivi,3,1,H,2.24,2.97,4,2.26,2.95,4,2.2,2.87,3.7,2.34,3,4,,,,11,11,7,2,9,14,5,5
ARG,Liga Profesional,2025,10/08/2025,21:00,Instituto,Platense,1,1,D,2.65,2.76,3.41,2.66,2.8,3.65,2.43,2.72,3.44,2.7,2.76,3.65,,,,13,12,3,4,11,18,3,4
ARG,Liga Profesional,2025,11/08/2025,00:00,Argentinos Jrs,Union de Santa Fe,1,0,H,1.78,3.38,5.6,1.73,3.6,5.75,1.69,3.39,5.4,1.81,3.55,5.9,,,,9,15,3,1,9,16,2,6
ARG,Liga Profesional,2025,11/08/2025,23:00,Defensa y Justicia,Dep. Riestra,1,0,H,2,3.15,4.58,2.28,3.2,4.33,2.08,3.01,3.88,2.14,3.1,4.5,,,,12,10,7,5,7,7,6,3
ARG,Liga Profesional,2025,15/08/2025,19:30,Aldosivi,Belgrano,0,0,D,3.64,2.9,2.42,3.7,3.05,2.48,3.39,2.85,2.36,3.7,3,2.46,3.7,2.88,2.3,12,7,1,0,16,13,1,3
ARG,Liga Profesional,2025,15/08/2025,23:00,Instituto,Union de Santa Fe,0,4,A,2.53,2.9,3.42,2.45,3,3.55,2.36,2.87,3.36,2.56,2.92,3.6,2.45,2.88,3.4,21,13,0,5,10,9,7,6
ARG,Liga Profesional,2025,16/08/2025,01:00,Racing Club,Tigre,1,2,A,2.27,3.1,3.69,2.25,3.1,4,2.15,3,3.67,2.28,3.1,4,2.15,3,3.8,9,14,1,4,13,7,3,6
ARG,Liga Profesional,2025,16/08/2025,18:15,Platense,San Lorenzo,2,1,H,2.51,2.63,3.92,2.45,2.75,4,2.39,2.58,3.8,2.48,2.72,4.3,2.35,2.75,3.75,7,8,2,2,11,17,4,2
ARG,Liga Profesional,2025,16/08/2025,20:15,Huracan,Argentinos Jrs,1,0,H,3.88,2.77,2.41,4.33,2.88,2.17,4.16,2.79,2.11,4.6,2.9,2.26,4.33,2.88,2.1,3,8,2,1,11,13,2,6
ARG,Liga Profesional,2025,16/08/2025,22:30,Rosario Central,Dep. Riestra,1,1,D,1.75,3.24,6.43,1.7,3.5,8.5,1.58,3.35,7.19,1.62,3.55,9,1.55,3.4,8.5,13,8,5,1,12,19,5,5
ARG,Liga Profesional,2025,17/08/2025,00:30,Velez Sarsfield,Independiente,2,1,H,2.9,2.84,2.98,3.2,2.95,2.75,3,2.81,2.63,3.25,2.84,2.84,3.2,2.75,2.7,12,9,3,3,17,12,10,0
ARG,Liga Profesional,2025,17/08/2025,18:00,Defensa y Justicia,Newells Old Boys,1,1,D,1.78,3.46,5.39,1.73,3.6,6.25,1.7,3.38,5.45,1.82,3.45,5.9,1.7,3.3,5.75,16,5,4,2,7,7,5,4
ARG,Liga Profesional,2025,17/08/2025,18:00,Gimnasia L.P.,Lanus,1,2,A,2.45,2.83,3.69,2.45,2.95,3.55,2.36,2.81,3.44,2.52,2.86,3.75,2.45,2.8,3.5,8,10,4,5,18,8,4,3
ARG,Liga Profesional,2025,17/08/2025,20:15,Banfield,Estudiantes L.P.,3,2,H,2.51,3.03,3.28,2.75,3,3.1,2.62,2.86,2.96,2.92,2.98,3.05,2.63,2.9,3,14,16,6,5,13,13,8,6
ARG,Liga Profesional,2025,17/08/2025,20:15,Central Cordoba,Barracas Central,1,1,D,2.37,3.1,3.47,2.12,3.2,4.1,2.06,3.06,3.87,2.14,3.2,4.4,2.05,3.2,3.9,18,10,7,2,6,11,10,1
ARG,Liga Profesional,2025,17/08/2025,22:30,River Plate,Godoy Cruz,4,2,H,1.58,3.93,6.7,1.75,3.75,5.75,1.69,3.45,5.3,1.75,3.55,6.2,1.73,3.5,5,23,12,10,5,17,11,6,2
ARG,Liga Profesional,2025,18/08/2025,00:30,Ind. Rivadavia,Boca Juniors,0,3,A,3.07,2.99,2.69,3.1,3.1,2.65,2.97,2.93,2.56,3.15,3.05,2.72,3.1,3,2.5,11,11,1,4,11,12,6,5
ARG,Liga Profesional,2025,18/08/2025,23:00,Sarmiento Junin,Atl. Tucuman,2,2,D,2.83,2.83,3.06,2.92,2.9,2.95,2.83,2.78,2.78,3.05,2.88,3,2.9,2.75,2.8,13,19,5,8,21,11,3,9
ARG,Liga Profesional,2025,19/08/2025,01:00,Talleres Cordoba,San Martin S.J.,0,0,D,1.76,3.42,5.68,1.81,3.45,5.5,1.75,3.29,5.07,1.83,3.4,6,1.75,3.3,5.25,16,9,8,3,15,16,11,5
ARG,Liga Profesional,2025,22/08/2025,19:30,Barracas Central,Defensa y Justicia,1,1,D,2.79,3.1,2.84,2.8,3.3,4.5,2.54,3.06,2.96,2.88,3.1,3,2.63,3.1,2.8,10,15,4,7,13,6,3,3
ARG,Liga Profesional,2025,23/08/2025,00:00,Tigre,Ind. Rivadavia,1,1,D,2.33,2.8,4.04,2.3,3,4,2.24,2.81,3.74,2.34,2.92,4.2,2.2,3,3.9,7,6,2,1,14,13,6,7
ARG,Liga Profesional,2025,23/08/2025,18:30,San Lorenzo,Instituto,1,0,H,2.21,2.84,4.38,2.3,2.9,4.1,2.18,2.8,3.94,2.34,2.82,4.3,2.3,2.8,3.8,15,7,2,0,19,14,8,4
ARG,Liga Profesional,2025,23/08/2025,21:30,Rosario Central,Newells Old Boys,1,0,H,1.88,3.07,5.57,1.83,3.2,6.25,1.78,3.05,5.52,1.86,3.2,6.2,1.75,3,6.25,18,3,4,0,17,19,8,3
ARG,Liga Profesional,2025,24/08/2025,00:00,Atl. Tucuman,Talleres Cordoba,3,0,H,2.52,2.95,3.36,2.5,3.05,3.3,2.39,2.92,3.22,2.58,2.98,3.55,2.4,2.9,3.3,13,17,7,6,14,10,2,7
ARG,Liga Profesional,2025,24/08/2025,00:00,San Martin S.J.,Gimnasia L.P.,1,0,H,2.48,2.85,3.58,2.45,2.9,3.9,2.33,2.78,3.54,2.46,2.92,3.9,2.3,2.75,3.9,14,13,4,2,9,6,7,4
ARG,Liga Profesional,2025,24/08/2025,18:00,Union de Santa Fe,Huracan,1,1,D,2.26,2.88,4.1,2.25,3.1,4,2.18,2.89,3.77,2.32,2.98,4.2,2.2,3.1,3.7,8,8,3,2,19,9,5,1
ARG,Liga Profesional,2025,24/08/2025,20:15,Argentinos Jrs,Racing Club,4,1,H,2.34,3.03,3.62,2.35,3.1,3.55,2.26,2.99,3.41,2.4,3.1,3.7,2.35,3,3.4,14,12,6,2,9,20,2,3
ARG,Liga Profesional,2025,24/08/2025,22:15,Boca Juniors,Banfield,2,0,H,1.78,3.42,5.54,1.77,3.7,5.5,1.71,3.39,5.19,1.78,3.55,6,1.75,3.5,5,20,9,8,2,9,7,3,2
ARG,Liga Profesional,2025,25/08/2025,19:00,Dep. Riestra,Sarmiento Junin,3,0,H,2.21,2.76,4.58,2.2,3,4.75,2.06,2.86,4.26,2.22,2.92,4.6,2.05,2.8,4.75,11,8,4,1,26,14,3,5
ARG,Liga Profesional,2025,25/08/2025,21:00,Godoy Cruz,Velez Sarsfield,0,2,A,2.66,2.91,3.2,2.62,3,3.4,2.54,2.8,3.13,2.8,2.92,3.3,2.55,2.75,3.4,7,6,2,2,14,16,5,2
ARG,Liga Profesional,2025,25/08/2025,23:00,Belgrano,Central Cordoba,0,3,A,2.07,3.13,4.29,2.15,3.2,4.75,1.97,3.08,4.21,1.97,3.25,5.2,1.91,3.1,4.75,19,5,6,3,12,15,7,0
ARG,Liga Profesional,2025,25/08/2025,23:15,Estudiantes L.P.,Aldosivi,1,0,H,1.64,3.68,6.49,1.67,3.6,6,1.63,3.5,5.75,1.72,3.65,6.6,1.62,3.6,6,17,9,7,5,15,11,4,3
ARG,Liga Profesional,2025,26/08/2025,01:15,Lanus,River Plate,1,1,D,3.08,2.97,2.69,2.95,3,2.75,2.85,2.89,2.66,2.98,3,2.98,2.8,2.88,2.75,13,14,5,4,12,11,5,5
ARG,Liga Profesional,2025,29/08/2025,23:00,Banfield,Tigre,1,0,H,2.79,2.77,3.19,2.72,2.85,3.1,2.65,2.76,3.02,2.72,2.88,3.35,2.57,2.75,3.1,14,11,7,5,12,19,6,4
ARG,Liga Profesional,2025,29/08/2025,23:00,Newells Old Boys,Barracas Central,1,2,A,2.27,3.03,3.8,2.33,3.1,3.55,2.25,2.95,3.46,2.38,3,3.95,2.25,3.1,3.4,10,11,3,3,17,14,2,3
ARG,Liga Profesional,2025,30/08/2025,01:15,Instituto,Independiente,0,0,D,3.23,2.87,2.67,3.1,3,2.71,2.99,2.86,2.6,3.2,3,2.78,3,2.82,2.65,10,9,2,2,15,10,10,7
ARG,Liga Profesional,2025,30/08/2025,18:45,San Lorenzo,Huracan,0,0,D,2.59,2.56,3.89,2.6,2.75,3.7,2.46,2.61,3.54,2.62,2.7,3.9,2.35,2.7,3.6,10,9,3,2,16,14,1,1
ARG,Liga Profesional,2025,30/08/2025,21:00,Central Cordoba,Estudiantes L.P.,2,0,H,2.83,2.91,2.98,3,3,2.75,2.89,2.88,2.65,3.1,3,2.86,3,2.85,2.55,8,10,3,2,11,14,5,8
ARG,Liga Profesional,2025,30/08/2025,21:00,Ind. Rivadavia,Argentinos Jrs,2,1,H,3.21,2.94,2.62,3.4,3.05,2.55,3.14,2.88,2.46,3.4,3,2.6,3.2,2.85,2.35,8,22,3,8,10,8,6,12
ARG,Liga Profesional,2025,31/08/2025,01:30,Velez Sarsfield,Lanus,3,0,H,2.63,2.73,3.49,2.33,2.9,4,2.24,2.82,3.71,2.28,2.98,4.2,2.1,2.77,4,14,10,5,2,11,13,8,4
ARG,Liga Profesional,2025,31/08/2025,18:30,Aldosivi,Boca Juniors,0,2,A,5.83,3.08,1.85,6,3.4,1.8,5.51,3.22,1.72,6.2,3.45,1.79,6,3.3,1.58,8,8,3,4,17,11,3,7
ARG,Liga Profesional,2025,31/08/2025,20:45,Defensa y Justicia,Belgrano,2,1,H,2.27,2.96,3.91,2.32,3.1,3.8,2.24,2.93,3.52,2.4,3.05,3.8,2.3,2.85,3.5,12,10,5,4,8,16,7,6
ARG,Liga Profesional,2025,31/08/2025,20:45,Talleres Cordoba,Dep. Riestra,0,1,A,1.92,3.18,5.01,2.2,3.35,5,1.88,3.14,4.58,1.97,3.2,5.5,1.81,3.2,5,18,8,7,3,13,7,10,1
ARG,Liga Profesional,2025,31/08/2025,23:15,River Plate,San Martin S.J.,2,0,H,1.4,4.6,9.29,1.4,4.6,11,1.38,4.29,8.98,1.43,4.5,11.5,1.39,4.1,11,12,13,7,4,20,10,8,4
ARG,Liga Profesional,2025,01/09/2025,01:15,Racing Club,Union de Santa Fe,2,3,A,1.85,3.36,5.06,1.85,3.5,5.1,1.78,3.35,4.71,1.84,3.45,5.6,1.71,3.4,5,16,13,7,10,14,8,8,6
ARG,Liga Profesional,2025,01/09/2025,21:00,Gimnasia L.P.,Atl. Tucuman,1,0,H,2.77,2.89,3.08,2.75,2.88,3,2.67,2.8,2.95,2.78,2.98,3.2,2.75,2.75,2.85,14,14,1,2,12,11,6,6
ARG,Liga Profesional,2025,01/09/2025,23:15,Platense,Godoy Cruz,1,3,A,2.35,2.82,3.94,2.33,2.82,4,2.25,2.74,3.8,2.46,2.84,4.1,2.25,2.82,3.75,25,10,5,6,7,14,7,4
ARG,Liga Profesional,2025,12/09/2025,00:00,Belgrano,San Martin S.J.,0,0,D,2.08,2.86,4.91,2.1,3,4.75,2.03,2.83,4.46,2.2,2.9,4.8,2.1,2.75,4.33,11,7,2,1,20,15,6,2
ARG,Liga Profesional,2025,12/09/2025,18:30,Dep. Riestra,Central Cordoba,2,0,H,2.48,2.77,3.7,2.45,2.95,3.66,2.37,2.79,3.44,2.5,2.86,3.9,2.32,2.75,3.6,6,10,4,0,16,12,2,3
ARG,Liga Profesional,2025,12/09/2025,23:00,Huracan,Velez Sarsfield,0,0,D,2.16,2.85,4.52,2.38,2.8,4.2,2.3,2.66,3.89,2.44,2.74,4.2,2.3,2.55,4,7,6,1,3,12,24,4,4
ARG,Liga Profesional,2025,12/09/2025,23:00,Racing Club,San Lorenzo,2,0,H,1.93,3.19,4.92,1.96,3.15,4.75,1.93,3.06,4.48,2.02,3.2,5,1.91,3,4.75,7,10,4,1,21,12,1,3
ARG,Liga Profesional,2025,13/09/2025,01:15,Lanus,Ind. Rivadavia,1,0,H,1.98,3.05,4.94,2,3.13,4.5,1.95,3.06,4.34,2.04,3.1,5.2,1.91,3.1,4.5,9,10,3,1,12,13,2,4
ARG,Liga Profesional,2025,13/09/2025,01:15,Newells Old Boys,Atl. Tucuman,2,0,H,2.47,2.93,3.49,2.45,3,3.5,2.39,2.89,3.28,2.5,2.98,3.7,2.35,2.85,3.4,10,13,3,3,6,13,6,5
ARG,Liga Profesional,2025,13/09/2025,18:30,Godoy Cruz,Barracas Central,0,0,D,2.16,2.86,4.52,2.25,3,4,2.16,2.91,3.79,2.32,2.9,4.2,2.15,3,3.8,13,9,3,3,7,16,6,2
ARG,Liga Profesional,2025,13/09/2025,20:45,Independiente,Banfield,0,1,A,1.69,3.49,6.32,1.88,3.4,5.33,1.81,3.2,4.93,1.92,3.25,5.5,1.86,3.2,4.75,13,8,1,4,10,23,4,5
ARG,Liga Profesional,2025,13/09/2025,23:00,Estudiantes L.P.,River Plate,1,2,A,2.92,3.05,2.76,3.2,3.15,2.66,2.96,2.96,2.52,3.3,3.05,2.66,2.82,3.1,2.5,11,6,2,3,12,9,6,4
ARG,Liga Profesional,2025,14/09/2025,01:15,Sarmiento Junin,Aldosivi,2,0,H,2.35,2.96,3.7,2.33,3.05,3.85,2.24,2.89,3.59,2.44,2.94,3.85,2.25,2.75,3.75,12,10,5,1,19,12,5,2
ARG,Liga Profesional,2025,14/09/2025,19:00,Gimnasia L.P.,Union de Santa Fe,1,3,A,3.66,2.93,2.39,3.6,2.9,2.5,3.38,2.85,2.35,3.85,2.98,2.42,3.6,2.75,2.25,15,9,5,5,8,13,5,8
ARG,Liga Profesional,2025,14/09/2025,19:00,Instituto,Argentinos Jrs,2,0,H,3.55,2.92,2.45,4.5,3.1,2.2,4.11,2.97,2.04,4.5,3.2,2.12,4.33,3.1,1.96,9,13,6,4,19,12,2,4
ARG,Liga Profesional,2025,14/09/2025,21:30,Rosario Central,Boca Juniors,1,1,D,2.69,2.85,3.21,2.6,3,3.2,2.52,2.85,3.08,2.7,2.96,3.3,2.45,2.85,3.1,11,10,6,3,8,15,9,6
ARG,Liga Profesional,2025,15/09/2025,00:00,Defensa y Justicia,Platense,1,2,A,2.52,2.94,3.38,2.4,3.05,3.5,2.35,2.88,3.36,2.5,2.98,3.7,2.35,2.85,3.4,13,14,4,5,6,15,5,2
ARG,Liga Profesional,2025,15/09/2025,00:00,Tigre,Talleres Cordoba,0,0,D,2.65,2.84,3.3,3,2.9,3,2.87,2.78,2.77,3.15,2.9,2.9,3,2.82,2.65,9,15,3,5,10,14,4,7
ARG,Liga Profesional,2025,19/09/2025,21:00,Dep. Riestra,Gimnasia L.P.,1,0,H,2.22,2.95,4.1,2.2,3.13,4.75,2.02,2.96,4.21,2.08,3.1,4.8,1.91,2.85,4.75,12,10,2,4,9,11,2,4
ARG,Liga Profesional,2025,19/09/2025,23:00,Huracan,Racing Club,0,2,A,2.02,3.1,4.6,2.12,3.1,4.75,2.01,2.99,4.24,2.06,3.15,4.8,1.96,3.1,4.33,20,10,4,6,6,12,8,2
ARG,Liga Profesional,2025,19/09/2025,23:15,San Martin S.J.,Velez Sarsfield,1,2,A,2.44,2.78,3.79,2.5,2.9,3.66,2.41,2.73,3.48,2.52,2.8,3.95,2.35,2.75,3.5,17,9,5,5,23,9,11,4
ARG,Liga Profesional,2025,20/09/2025,01:15,Lanus,Platense,2,1,H,3,2.82,2.9,2.9,2.8,3.4,2.63,2.7,3.13,2.8,2.82,3.4,2.5,2.65,3.4,7,20,3,6,18,6,0,5
ARG,Liga Profesional,2025,20/09/2025,18:30,Barracas Central,Sarmiento Junin,0,1,A,2.34,2.89,3.84,2.2,3,4.33,2.16,2.85,3.95,2.28,2.96,4.3,2.15,2.75,4.2,10,4,3,3,6,14,7,4
ARG,Liga Profesional,2025,20/09/2025,20:45,Union de Santa Fe,Ind. Rivadavia,2,2,D,1.88,3.45,4.65,1.91,3.5,4.4,1.86,3.35,4.27,1.94,3.5,4.8,1.86,3.4,4.33,13,6,6,2,14,14,8,6
ARG,Liga Profesional,2025,21/09/2025,01:15,Atl. Tucuman,River Plate,2,0,H,2.57,3.14,3.07,2.88,3.3,2.65,2.79,3.16,2.53,3,3.3,2.66,2.85,3.1,2.5,17,18,7,3,14,11,10,4
ARG,Liga Profesional,2025,21/09/2025,16:00,Tigre,Aldosivi,2,0,H,1.9,3.2,5.08,1.83,3.33,5.75,1.76,3.19,5.33,1.81,3.45,6,1.68,3.2,5.75,16,8,5,2,14,27,6,4
ARG,Liga Profesional,2025,21/09/2025,18:30,Independiente,San Lorenzo,1,1,D,2.21,2.85,4.32,2.2,3,4.2,2.13,2.8,4.1,2.24,2.84,4.6,2.05,2.82,4.2,4,6,0,3,17,23,1,3
ARG,Liga Profesional,2025,21/09/2025,20:45,Godoy Cruz,Instituto,1,1,D,2.27,2.89,4.05,2.75,2.9,3.4,2.54,2.79,3.15,2.8,2.8,3.3,2.4,2.75,3.4,14,10,3,3,19,14,4,2
ARG,Liga Profesional,2025,21/09/2025,23:00,Argentinos Jrs,Banfield,3,0,H,1.71,3.46,6.06,1.7,3.5,6,1.67,3.38,5.65,1.73,3.5,7,1.62,3.4,6,9,10,4,1,11,17,1,6
ARG,Liga Profesional,2025,21/09/2025,23:00,Rosario Central,Talleres Cordoba,1,1,D,2.1,3.06,4.33,2.15,3.1,4.5,2.06,2.97,4.06,2.08,3.15,4.8,1.96,3.1,4.33,12,11,6,3,11,19,11,4
ARG,Liga Profesional,2025,22/09/2025,01:15,Boca Juniors,Central Cordoba,2,2,D,1.48,4.04,8.75,1.62,3.95,7.5,1.54,3.64,6.87,1.63,3.8,7.6,1.56,3.5,7,24,9,8,2,7,23,12,4
ARG,Liga Profesional,2025,22/09/2025,23:00,Estudiantes L.P.,Defensa y Justicia,1,0,H,2.72,3,3.02,2.5,3.05,3.2,2.44,2.97,3.07,2.62,3.1,3.3,2.45,3,3.1,10,10,3,3,14,6,8,6
ARG,Liga Profesional,2025,23/09/2025,01:00,Belgrano,Newells Old Boys,3,0,H,1.83,3.34,5.3,1.8,3.5,5.33,1.77,3.31,4.89,1.81,3.55,5.8,1.71,3.4,5,7,11,4,5,8,13,2,6
ARG,Liga Profesional,2025,26/09/2025,23:00,Banfield,Union de Santa Fe,0,0,D,3.18,2.84,2.73,3.2,2.95,2.75,2.96,2.85,2.62,3.1,2.98,2.86,2.82,2.82,2.75,16,10,4,1,11,10,9,2
ARG,Liga Profesional,2025,26/09/2025,23:00,Platense,San Martin S.J.,2,2,D,1.88,3.17,5.35,1.91,3.25,5.5,1.83,3.04,5.15,1.89,3.25,5.8,1.76,3.25,5.25,13,5,3,2,14,16,3,4
ARG,Liga Profesional,2025,27/09/2025,01:15,Central Cordoba,Tigre,0,1,A,2.44,2.94,3.54,2.5,3,3.5,2.39,2.84,3.33,2.44,3,3.8,2.45,2.7,3.4,17,5,2,3,9,5,6,2
ARG,Liga Profesional,2025,27/09/2025,18:30,Aldosivi,Argentinos Jrs,0,2,A,6.13,3.39,1.73,6,3.45,1.73,5.61,3.31,1.7,6,3.35,1.8,6,3.3,1.66,8,14,4,4,14,10,5,6
ARG,Liga Profesional,2025,27/09/2025,18:30,Gimnasia L.P.,Rosario Central,0,3,A,4.06,3.02,2.19,5,3.1,2.06,4.25,2.99,1.99,4.9,3.15,2.04,5,3,1.86,9,22,1,9,9,13,6,3
ARG,Liga Profesional,2025,27/09/2025,20:45,San Lorenzo,Godoy Cruz,2,0,H,1.93,2.98,5.47,1.98,2.95,5.75,1.9,2.86,5.18,2,3,5.8,1.81,2.85,5.5,8,7,4,0,13,13,2,10
ARG,Liga Profesional,2025,27/09/2025,23:00,Defensa y Justicia,Boca Juniors,2,1,H,3.97,3.23,2.12,4,3.2,2.12,3.75,3.11,2.08,4.2,3.3,2.14,4,3.1,2.01,11,16,6,2,13,7,3,5
ARG,Liga Profesional,2025,28/09/2025,01:15,Talleres Cordoba,Sarmiento Junin,1,0,H,1.64,3.7,6.32,1.68,3.6,6.5,1.63,3.42,6.08,1.7,3.65,7,1.57,3.5,6.25,13,8,3,1,11,16,1,2
ARG,Liga Profesional,2025,28/09/2025,19:15,Racing Club,Independiente,0,0,D,2.33,3.04,3.65,2.3,3.1,3.75,2.24,2.96,3.49,2.32,3.05,3.95,2.2,2.85,3.6,8,8,2,4,12,9,7,3
ARG,Liga Profesional,2025,28/09/2025,22:00,River Plate,Dep. Riestra,1,2,A,1.55,3.74,8.06,1.56,4,9.5,1.48,3.78,7.82,1.55,3.9,9.6,1.45,3.7,9,21,6,9,2,9,12,15,1
ARG,Liga Profesional,2025,28/09/2025,23:30,Ind. Rivadavia,Huracan,0,0,D,2.68,2.77,3.35,2.7,2.85,3.4,2.49,2.76,3.25,2.54,2.98,3.6,2.35,2.85,3.3,14,21,2,4,9,7,3,5
ARG,Liga Profesional,2025,29/09/2025,00:15,Instituto,Lanus,0,0,D,2.49,2.86,3.56,2.87,2.8,3.05,2.74,2.77,2.91,2.96,2.88,3.05,2.75,2.75,2.85,22,17,8,4,9,9,7,4
ARG,Liga Profesional,2025,29/09/2025,19:30,Barracas Central,Belgrano,1,1,D,2.88,2.82,3.03,3.1,2.9,2.75,2.96,2.8,2.69,3.25,2.82,2.86,3,2.7,2.75,14,12,5,5,15,15,3,2
ARG,Liga Profesional,2025,30/09/2025,00:00,Velez Sarsfield,Atl. Tucuman,3,1,H,1.95,3.21,4.72,1.95,3.3,4.75,1.9,3.12,4.5,1.95,3.3,5.2,1.86,3.3,4.33,20,8,10,4,10,16,3,2
ARG,Liga Profesional,2025,30/09/2025,23:00,Newells Old Boys,Estudiantes L.P.,1,1,D,3.24,2.9,2.64,3.3,2.9,2.6,3.12,2.84,2.5,3.3,3,2.68,3.2,2.82,2.4,12,16,4,5,12,16,7,2
ARG,Liga Profesional,2025,03/10/2025,23:00,Tigre,Defensa y Justicia,1,1,D,2.37,2.88,3.79,2.38,3.05,3.8,2.29,2.9,3.47,2.42,3.05,3.75,2.25,3,3.5,12,6,5,1,12,8,3,4
ARG,Liga Profesional,2025,04/10/2025,01:15,Argentinos Jrs,Central Cordoba,0,0,D,1.5,4.02,8.04,1.62,3.9,7.5,1.54,3.73,6.56,1.62,3.8,7.8,1.51,3.9,6.5,20,4,5,1,6,19,8,2
ARG,Liga Profesional,2025,04/10/2025,01:15,Union de Santa Fe,Aldosivi,0,2,A,1.58,3.71,7.47,1.6,3.7,7.5,1.57,3.55,6.45,1.66,3.65,7.8,1.56,3.6,6.5,20,13,4,5,12,16,2,4
ARG,Liga Profesional,2025,04/10/2025,18:30,Sarmiento Junin,Gimnasia L.P.,0,1,A,2.31,2.99,3.75,2.38,3,3.85,2.28,2.86,3.56,2.4,2.92,3.95,2.25,3,3.4,18,9,3,3,14,12,8,3
ARG,Liga Profesional,2025,04/10/2025,20:45,San Martin S.J.,Instituto,0,0,D,2.6,2.83,3.38,2.6,2.8,3.45,2.52,2.73,3.24,2.68,2.86,3.5,2.57,2.7,3.2,16,8,2,0,17,19,4,4
ARG,Liga Profesional,2025,04/10/2025,23:00,Atl. Tucuman,Platense,2,0,H,2.06,3.21,4.23,2.38,3.25,4.1,2.06,3.08,3.88,2.1,3.25,4.3,2.01,3.25,3.8,12,13,6,5,8,8,6,5
ARG,Liga Profesional,2025,04/10/2025,23:00,Huracan,Banfield,1,0,H,2.18,2.85,4.45,2.25,2.9,4.1,2.19,2.79,3.89,2.26,2.9,4.4,2.2,2.75,3.9,19,15,3,2,11,19,5,2
ARG,Liga Profesional,2025,05/10/2025,01:15,Lanus,San Lorenzo,2,1,H,2.4,2.74,3.97,2.45,2.75,3.9,2.38,2.65,3.69,2.54,2.72,4,2.4,2.57,3.9,8,22,5,3,14,15,3,7
ARG,Liga Profesional,2025,05/10/2025,18:30,Godoy Cruz,Independiente,1,1,D,3.04,2.9,2.79,3.15,2.9,2.7,3.03,2.8,2.61,3.2,2.94,2.8,3,2.85,2.5,15,7,4,3,13,14,4,2
ARG,Liga Profesional,2025,05/10/2025,20:30,Estudiantes L.P.,Barracas Central,1,1,D,1.64,3.65,6.58,1.65,3.75,6.66,1.58,3.61,6.32,1.6,3.95,7.8,1.53,3.75,6.5,14,9,9,3,13,11,6,3
ARG,Liga Profesional,2025,05/10/2025,20:45,Talleres Cordoba,Belgrano,0,0,D,2.22,2.96,4.09,2.38,3,3.7,2.3,2.88,3.47,2.44,3,3.8,2.35,3,3.4,15,9,4,2,12,11,4,6
ARG,Liga Profesional,2025,05/10/2025,23:00,Boca Juniors,Newells Old Boys,5,0,H,1.44,4.3,8.87,1.47,4.4,9.5,1.41,4.21,8.02,1.47,4.4,10,1.39,4.2,9.5,19,5,13,2,11,14,6,1
ARG,Liga Profesional,2025,06/10/2025,01:15,Rosario Central,River Plate,2,1,H,3.02,2.81,2.9,3,2.9,2.82,2.9,2.82,2.7,3.05,2.96,2.9,3,2.65,2.82,18,7,7,2,8,16,8,3
ARG,Liga Profesional,2025,06/10/2025,23:00,Dep. Riestra,Velez Sarsfield,2,2,D,3.21,2.79,2.75,3.1,2.8,2.9,2.97,2.67,2.79,3.1,2.82,2.98,3,2.75,2.82,10,7,4,1,21,11,2,5
ARG,Liga Profesional,2025,07/10/2025,01:00,Racing Club,Ind. Rivadavia,0,0,D,2.1,3.17,4.14,2.12,3.25,4.1,2.06,3.12,3.79,2.2,3.25,4,2.01,3.1,4.1,9,11,2,4,7,11,5,3
ARG,Liga Profesional,2025,10/10/2025,18:30,San Lorenzo,San Martin S.J.,0,1,A,1.88,2.99,5.9,1.83,3.2,6.8,1.75,3.03,5.88,1.8,3.2,7,1.68,3.2,6,19,6,7,1,9,13,11,5
ARG,Liga Profesional,2025,10/10/2025,20:15,Defensa y Justicia,Argentinos Jrs,1,0,H,3.91,3.01,2.24,3.75,3.1,2.26,3.59,2.96,2.2,4,3,2.32,3.7,2.85,2.2,12,15,3,1,6,15,4,10
ARG,Liga Profesional,2025,10/10/2025,20:45,Central Cordoba,Union de Santa Fe,3,1,H,2.58,2.79,3.48,2.63,2.88,3.4,2.54,2.78,3.17,2.66,2.9,3.45,2.57,2.75,3.2,11,9,3,3,9,16,3,3
ARG,Liga Profesional,2025,10/10/2025,22:30,Newells Old Boys,Tigre,1,1,D,2.76,2.88,3.09,2.65,2.95,3.1,2.59,2.86,2.97,2.72,3.05,3.2,2.57,2.75,3,17,16,5,3,12,16,5,1
ARG,Liga Profesional,2025,11/10/2025,20:00,Gimnasia L.P.,Talleres Cordoba,1,2,A,3.56,2.8,2.53,3.8,2.9,2.35,3.65,2.82,2.27,4.2,3.05,2.26,3.7,2.82,2.2,14,15,7,7,12,15,0,6
ARG,Liga Profesional,2025,11/10/2025,22:00,Banfield,Racing Club,1,3,A,2.6,3.05,3.11,2.6,3.1,3.1,2.5,2.99,2.97,2.66,3.1,3.25,2.5,3.1,3,19,11,4,6,8,13,4,4
ARG,Liga Profesional,2025,12/10/2025,02:15,Belgrano,Estudiantes L.P.,1,1,D,2.87,2.95,2.89,2.7,3,3.14,2.59,2.89,2.97,2.72,2.88,3.35,2.5,3,3.1,6,19,4,6,9,6,3,10
ARG,Liga Profesional,2025,12/10/2025,02:15,Velez Sarsfield,Rosario Central,1,2,A,2.48,2.9,3.51,2.66,2.9,3.3,2.51,2.84,3.11,2.66,3,3.35,2.55,2.85,2.85,12,11,3,3,16,12,7,2
ARG,Liga Profesional,2025,12/10/2025,18:30,Aldosivi,Huracan,2,0,H,3.86,2.91,2.32,3.7,3,2.3,3.58,2.89,2.25,3.9,3,2.42,3.5,3,2.25,13,13,9,4,17,12,6,1
ARG,Liga Profesional,2025,12/10/2025,20:45,Ind. Rivadavia,Godoy Cruz,0,0,D,2.31,2.95,3.8,2.2,3.1,4.2,2.1,2.94,3.93,2.16,3.15,4.4,2.05,3.1,4.1,15,12,3,4,14,15,5,7
ARG,Liga Profesional,2025,12/10/2025,20:45,Instituto,Atl. Tucuman,2,0,H,2.23,3.05,3.88,2.3,3.25,3.65,2.2,3.03,3.49,2.34,3.2,3.8,2.2,3,3.6,12,8,5,3,10,10,2,7
ARG,Liga Profesional,2025,12/10/2025,23:15,River Plate,Sarmiento Junin,0,1,A,1.46,4.21,8.56,1.38,4.75,11,1.34,4.45,9.94,1.35,5.1,14,1.33,4.2,11,28,7,7,4,10,20,13,3
ARG,Liga Profesional,2025,13/10/2025,01:15,Independiente,Lanus,0,2,A,2.22,2.93,4.12,2.2,3,4.1,2.17,2.87,3.84,2.28,2.96,4.3,2.1,2.75,4.1,20,8,7,3,6,17,10,2
ARG,Liga Profesional,2025,13/10/2025,22:30,Platense,Dep. Riestra,1,1,D,2.64,2.85,3.3,2.64,2.8,3.3,2.56,2.73,3.17,2.8,2.8,3.45,2.5,2.75,3.3,20,2,5,2,12,18,7,2
ARG,Liga Profesional,2025,17/10/2025,23:00,Racing Club,Aldosivi,1,0,H,1.77,3.56,5.26,1.83,3.6,5.3,1.77,3.45,4.71,1.89,3.55,5.1,1.76,3.4,5,13,11,5,3,13,12,2,7
ARG,Liga Profesional,2025,18/10/2025,01:15,Argentinos Jrs,Newells Old Boys,3,1,H,1.57,3.9,6.85,1.58,4,7.5,1.53,3.74,6.64,1.62,3.85,7.6,1.53,3.8,6.25,23,4,9,3,10,13,12,3
ARG,Liga Profesional,2025,18/10/2025,01:15,Lanus,Godoy Cruz,2,0,H,2.15,2.99,4.26,2.32,2.95,3.95,2.26,2.85,3.63,2.34,2.96,4.1,2.3,2.95,3.4,9,17,3,2,16,16,1,6
ARG,Liga Profesional,2025,18/10/2025,19:45,Ind. Rivadavia,Banfield,1,2,A,2.43,2.97,3.51,2.4,3.1,3.5,2.34,2.9,3.34,2.4,3,3.85,2.32,2.85,3.4,21,14,4,6,15,7,5,2
ARG,Liga Profesional,2025,18/10/2025,22:00,Boca Juniors,Belgrano,1,2,A,1.63,3.49,7.34,1.61,3.75,7.5,1.57,3.59,6.51,1.61,3.85,8,1.53,3.6,6.5,19,7,7,3,8,15,7,4
ARG,Liga Profesional,2025,19/10/2025,00:30,Talleres Cordoba,River Plate,0,2,A,3.34,3.05,2.47,3.3,3.05,2.45,3.19,2.96,2.39,3.4,3.05,2.56,3.2,2.95,2.4,14,11,3,5,7,11,5,1
ARG,Liga Profesional,2025,19/10/2025,19:00,Estudiantes L.P.,Gimnasia L.P.,2,0,H,1.52,4.02,7.49,1.55,4,9,1.5,3.69,7.63,1.57,3.75,9.8,1.46,3.6,9,16,6,6,2,13,16,8,4
ARG,Liga Profesional,2025,19/10/2025,19:00,Sarmiento Junin,Velez Sarsfield,0,2,A,3.68,2.83,2.45,3.8,3,2.38,3.56,2.84,2.29,3.95,2.86,2.48,3.6,2.75,2.3,10,12,4,10,16,16,6,9
ARG,Liga Profesional,2025,19/10/2025,22:00,Rosario Central,Platense,1,0,H,1.66,3.34,7.36,1.65,3.5,8.5,1.62,3.37,6.59,1.69,3.55,7.6,1.61,3.3,7,9,11,2,1,9,15,6,2
ARG,Liga Profesional,2025,19/10/2025,22:00,San Martin S.J.,Independiente,1,0,H,3.26,2.87,2.65,3.3,2.88,2.65,3.14,2.8,2.53,3.25,2.98,2.74,3.05,2.75,2.65,6,10,5,3,9,9,3,7
ARG,Liga Profesional,2025,20/10/2025,23:00,Dep. Riestra,Instituto,1,0,H,2.62,2.72,3.53,2.4,2.75,4,2.37,2.67,3.67,2.46,2.72,4.3,2.4,2.7,3.5,16,12,7,3,14,10,7,8
ARG,Liga Profesional,2025,20/10/2025,23:00,Tigre,Barracas Central,2,2,D,2.06,2.96,4.71,2.45,2.9,3.5,2.39,2.79,3.4,2.52,2.8,3.85,2.4,2.82,3.3,9,6,2,3,11,22,9,5
ARG,Liga Profesional,2025,21/10/2025,01:15,Atl. Tucuman,San Lorenzo,1,2,A,2.69,2.75,3.36,2.7,2.9,3.25,2.6,2.74,3.11,2.8,2.76,3.45,2.65,2.75,3.05,8,15,4,9,11,11,3,6
ARG,Liga Profesional,2025,21/10/2025,23:15,Union de Santa Fe,Defensa y Justicia,3,0,H,2.18,3.09,3.99,2.15,3.2,4,2.1,3.05,3.8,2.16,3.1,4.5,2.05,3.2,3.8,10,4,4,1,6,7,3,3
ARG,Liga Profesional,2025,22/10/2025,23:30,Huracan,Central Cordoba,0,1,A,2.1,2.85,4.84,2.25,2.9,4.75,2.18,2.75,4.05,2.28,2.92,4.5,2.25,2.65,4,25,6,5,3,7,7,8,2
ARG,Liga Profesional,2025,24/10/2025,20:00,Sarmiento Junin,Rosario Central,0,1,A,4.23,3.03,2.14,4.6,3.15,2.07,4.19,2.99,2,4.8,3.1,2.1,4.2,3.1,1.92,5,10,2,7,22,5,6,6
ARG,Liga Profesional,2025,24/10/2025,22:00,Independiente,Platense,3,0,H,1.91,3.1,4.87,2,3.1,4.75,1.96,2.97,4.48,2.04,3.1,4.9,1.96,2.85,4.75,11,8,6,1,12,12,2,1
ARG,Liga Profesional,2025,27/10/2025,19:00,Barracas Central,Boca Juniors,1,3,A,4.81,2.83,2.04,5.66,3.1,1.95,5.26,2.99,1.83,5.9,3.35,1.87,5.5,2.95,1.79,7,14,5,7,9,8,2,3
ARG,Liga Profesional,2025,31/10/2025,22:00,San Lorenzo,Dep. Riestra,1,0,H,,,,2.15,2.8,4.85,2.08,2.7,4.57,2.24,2.74,5.2,2.05,2.75,4.33,12,9,3,5,12,18,2,4
ARG,Liga Profesional,2025,01/11/2025,00:15,Instituto,Rosario Central,1,3,A,,,,3.55,3.1,2.45,3.27,2.94,2.36,3.4,3.2,2.48,3.3,2.95,2.32,25,6,5,3,9,9,6,0
ARG,Liga Profesional,2025,01/11/2025,00:15,Newells Old Boys,Union de Santa Fe,0,1,A,,,,4,3,2.3,3.74,2.82,2.24,4.1,2.94,2.34,3.6,2.95,2.2,20,9,5,4,4,11,9,2
ARG,Liga Profesional,2025,01/11/2025,17:45,Aldosivi,Ind. Rivadavia,3,1,H,,,,2,3.2,4.6,1.93,3.07,4.37,2.02,3.25,4.9,1.86,3.05,4.5,17,9,7,4,17,15,6,7
ARG,Liga Profesional,2025,01/11/2025,19:00,Barracas Central,Argentinos Jrs,2,0,H,,,,3.4,3.05,2.45,3.29,2.91,2.37,3.6,3.1,2.48,3.2,3.05,2.3,5,15,3,6,14,5,3,7
ARG,Liga Profesional,2025,01/11/2025,20:00,Velez Sarsfield,Talleres Cordoba,0,1,A,,,,2.15,3.1,4,2.09,3,3.87,2.2,3.15,4.3,2.05,3.05,3.8,12,15,4,4,7,13,6,1
ARG,Liga Profesional,2025,01/11/2025,23:00,Independiente,Atl. Tucuman,3,0,H,,,,1.83,3.45,5,1.8,3.29,4.68,1.86,3.5,5.6,1.79,3.4,4.5,12,10,8,4,6,16,5,5
ARG,Liga Profesional,2025,02/11/2025,19:00,Estudiantes L.P.,Boca Juniors,1,2,A,,,,2.38,3,3.75,2.27,2.9,3.53,2.38,3.05,3.8,2.25,2.82,3.75,13,10,4,4,11,11,5,2
ARG,Liga Profesional,2025,02/11/2025,21:30,Godoy Cruz,San Martin S.J.,0,0,D,,,,2.33,2.85,4,2.26,2.71,3.89,2.4,2.76,4.4,2.25,2.75,3.9,11,8,2,4,16,12,4,5
ARG,Liga Profesional,2025,02/11/2025,23:30,River Plate,Gimnasia L.P.,0,1,A,,,,1.32,5.25,12,1.29,4.97,10.86,1.31,5.6,14.5,1.27,5,12,19,4,6,2,13,15,9,3
ARG,Liga Profesional,2025,03/11/2025,19:45,Defensa y Justicia,Huracan,1,3,A,,,,2.6,3,3.25,2.47,2.9,3.13,2.72,3,3.3,2.5,2.95,3.05,9,16,2,4,11,10,5,8
ARG,Liga Profesional,2025,03/11/2025,19:45,Platense,Sarmiento Junin,1,1,D,,,,1.81,3.5,6.33,1.7,3.25,5.7,1.78,3.45,6.4,1.62,3.5,5.75,10,5,3,3,11,21,6,0
ARG,Liga Profesional,2025,03/11/2025,22:00,Central Cordoba,Racing Club,0,0,D,,,,2.6,3,3.2,2.5,2.95,3.02,2.62,3.1,3.25,2.4,2.95,3.2,14,9,2,3,7,6,7,4
ARG,Liga Profesional,2025,04/11/2025,00:15,Banfield,Lanus,2,1,H,,,,2.57,2.9,3.4,2.46,2.81,3.24,2.58,2.9,3.65,2.4,2.82,3.3,16,10,4,3,10,14,7,2
ARG,Liga Profesional,2025,04/11/2025,00:15,Belgrano,Tigre,0,0,D,,,,2.15,3.2,4,2.1,3.01,3.82,2.28,3.05,4.2,2.1,2.95,3.8,15,5,1,4,12,17,7,4
ARG,Liga Profesional,2025,08/11/2025,00:00,Rosario Central,San Lorenzo,0,0,D,,,,2.02,2.95,5.33,1.93,2.87,4.93,1.99,3.05,5.6,1.91,2.95,5,8,11,2,1,10,18,7,3
ARG,Liga Profesional,2025,08/11/2025,20:00,Huracan,Newells Old Boys,0,2,A,,,,1.86,3.2,6,1.81,3.1,5.1,1.86,3.2,6.2,1.76,3.2,5.5,14,9,4,4,14,22,6,0
ARG,Liga Profesional,2025,08/11/2025,20:00,Racing Club,Defensa y Justicia,1,0,H,,,,1.83,3.55,5.6,1.75,3.33,5.06,1.85,3.45,5.7,1.68,3.4,5.25,20,14,6,6,17,8,11,1
ARG,Liga Profesional,2025,08/11/2025,22:15,Talleres Cordoba,Platense,1,0,H,,,,1.85,3.13,6,1.79,2.97,5.77,1.82,3.15,6.8,1.71,3.05,5.75,13,10,4,1,15,5,6,4
ARG,Liga Profesional,2025,09/11/2025,00:30,San Martin S.J.,Lanus,1,1,D,,,,3,2.87,2.8,2.9,2.77,2.74,3.15,2.82,3,2.85,2.82,2.75,15,10,3,3,9,8,8,3
ARG,Liga Profesional,2025,09/11/2025,00:30,Union de Santa Fe,Barracas Central,0,0,D,,,,1.91,3.25,5.1,1.87,3.11,4.74,1.94,3.3,5.3,1.86,3.05,4.75,8,8,1,1,13,16,5,2
ARG,Liga Profesional,2025,09/11/2025,19:30,Boca Juniors,River Plate,2,0,H,,,,2.7,3,3.35,2.48,2.81,3.24,2.68,2.92,3.45,2.7,2.65,3.2,11,8,7,2,9,19,2,2
ARG,Liga Profesional,2025,09/11/2025,22:20,Banfield,Aldosivi,0,1,A,,,,1.98,3.2,5.25,1.91,3.01,4.69,2.02,3.1,5.4,1.91,2.85,5.25,8,13,2,3,14,12,4,4
ARG,Liga Profesional,2025,09/11/2025,22:20,Sarmiento Junin,Instituto,2,1,H,,,,3.1,2.88,2.85,2.99,2.73,2.73,3.1,2.82,2.96,2.95,2.65,2.85,13,12,6,3,18,13,3,7
ARG,Liga Profesional,2025,10/11/2025,00:30,Atl. Tucuman,Godoy Cruz,2,1,H,,,,2.45,3,3.7,2.35,2.89,3.34,2.62,2.94,3.5,2.2,2.85,3.7,,,,,,,,
ARG,Liga Profesional,2025,10/11/2025,00:30,Tigre,Estudiantes L.P.,1,0,H,,,,3.8,2.83,2.4,3.58,2.77,2.33,3.9,2.9,2.44,3.8,2.7,2.3,9,12,2,3,17,13,2,2
ARG,Liga Profesional,2025,10/11/2025,20:00,Gimnasia L.P.,Velez Sarsfield,2,0,H,,,,3.75,2.95,2.28,3.56,2.88,2.22,3.9,3.1,2.3,3.6,2.95,2.2,11,14,6,1,13,11,3,14
ARG,Liga Profesional,2025,10/11/2025,22:00,Dep. Riestra,Independiente,0,1,A,,,,3.05,2.63,3.25,2.91,2.59,2.94,3,2.72,3.15,2.95,2.57,2.85,6,10,4,3,10,11,3,8
ARG,Liga Profesional,2025,11/11/2025,00:15,Argentinos Jrs,Belgrano,1,0,H,,,,1.78,3.55,5.6,1.73,3.35,5.23,1.8,3.5,6,1.71,3.4,5.5,15,13,4,2,8,8,4,3
ARG,Liga Profesional,2025,11/11/2025,00:15,Ind. Rivadavia,Central Cordoba,0,0,D,,,,2.7,3,3.05,2.6,2.91,2.93,2.72,3.1,3.2,2.55,2.95,2.95,16,14,5,1,6,7,7,6
ARG,Liga Profesional,2025,14/11/2025,23:00,Lanus,Atl. Tucuman,3,1,H,,,,1.79,3.6,5.5,1.73,3.39,5.08,1.77,3.6,6,1.68,3.6,5.25,12,17,8,4,7,19,1,3
ARG,Liga Profesional,2025,15/11/2025,20:00,Aldosivi,San Martin S.J.,4,2,H,,,,2.35,3,4,2.24,2.87,3.63,2.36,2.98,4,2.1,2.95,4,14,9,8,5,17,10,2,1
ARG,Liga Profesional,2025,15/11/2025,20:00,Godoy Cruz,Dep. Riestra,1,1,D,,,,1.84,3.3,5.5,1.77,3.22,5.11,1.83,3.4,6,1.71,3.25,5.25,31,8,8,3,9,20,12,3
ARG,Liga Profesional,2025,15/11/2025,22:30,San Lorenzo,Sarmiento Junin,1,1,D,,,,1.95,3.3,6,1.88,2.93,5.09,1.96,2.92,6,1.91,2.75,5.25,10,5,2,2,17,22,1,8
ARG,Liga Profesional,2025,16/11/2025,00:30,Independiente,Rosario Central,1,0,H,,,,2.15,3.1,5,2.01,2.97,4.25,2.06,3.15,4.9,2.05,2.95,4,15,9,4,5,10,14,4,2
ARG,Liga Profesional,2025,16/11/2025,20:00,Instituto,Talleres Cordoba,0,0,D,,,,3.05,2.88,2.8,2.95,2.76,2.71,3.1,2.94,2.9,2.95,2.75,2.7,10,8,4,2,14,18,3,3
ARG,Liga Profesional,2025,16/11/2025,20:00,Velez Sarsfield,River Plate,0,0,D,,,,3.35,3.25,2.4,3.23,2.99,2.34,3.35,3.2,2.48,3.05,3.25,2.32,11,10,3,2,14,17,6,3
ARG,Liga Profesional,2025,16/11/2025,23:15,Boca Juniors,Tigre,2,0,H,,,,1.5,4.1,9,1.47,3.77,8.26,1.53,4.1,9,1.42,3.8,9,9,12,4,4,7,14,8,6
ARG,Liga Profesional,2025,16/11/2025,23:15,Central Cordoba,Banfield,1,1,D,,,,2.66,2.95,3.2,2.56,2.85,3.04,2.78,3.05,3.15,2.57,2.82,2.95,10,23,4,6,9,9,6,6
ARG,Liga Profesional,2025,16/11/2025,23:15,Estudiantes L.P.,Argentinos Jrs,1,2,A,,,,2.28,3.05,3.85,2.19,2.88,3.74,2.36,2.98,4,2.15,2.85,3.8,17,8,3,4,10,12,5,2
ARG,Liga Profesional,2025,16/11/2025,23:15,Newells Old Boys,Racing Club,0,1,A,,,,3.95,3.25,2.15,3.71,3.2,2.05,3.95,3.35,2.18,3.9,3.25,2.01,8,9,2,4,11,13,2,5
ARG,Liga Profesional,2025,17/11/2025,20:00,Barracas Central,Huracan,1,1,D,,,,3.2,2.9,2.95,3.03,2.67,2.75,3.25,2.84,2.92,2.95,2.75,2.65,11,11,5,6,16,24,4,0
ARG,Liga Profesional,2025,17/11/2025,20:00,Belgrano,Union de Santa Fe,0,0,D,,,,2.45,3.1,4.2,2.11,2.99,3.87,2.22,3.15,4.2,2.01,3.05,4.2,18,14,4,3,10,11,9,3
ARG,Liga Profesional,2025,17/11/2025,20:00,Defensa y Justicia,Ind. Rivadavia,0,2,A,,,,1.87,3.5,5,1.8,3.33,4.65,1.89,3.6,4.9,1.76,3.3,5,11,8,3,3,6,15,4,2
ARG,Liga Profesional,2025,17/11/2025,22:30,Platense,Gimnasia L.P.,0,3,A,,,,2.8,3.1,4.5,2.65,2.73,3.12,2.96,2.76,3.2,2.75,2.65,3.05,12,8,2,4,16,15,7,3
ARG,Liga Profesional,2025,22/11/2025,23:00,Velez Sarsfield,Argentinos Jrs,0,2,A,3.01,2.88,2.83,3,3,2.82,2.82,2.83,2.76,3,2.94,2.96,2.82,2.75,2.75,8,11,5,4,17,7,1,5
ARG,Liga Profesional,2025,23/11/2025,01:00,Central Cordoba,San Lorenzo,2,1,H,3.17,2.6,3,3.1,2.6,3.1,2.97,2.52,2.97,3.2,2.64,3.1,3.05,2.45,2.95,14,5,3,2,13,11,4,2
ARG,Liga Profesional,2025,23/11/2025,20:30,Rosario Central,Estudiantes L.P.,0,1,A,2.42,2.84,3.72,2.38,3.05,3.8,2.29,2.86,3.54,2.46,2.96,3.8,2.35,2.82,3.3,18,8,3,3,10,24,3,1
ARG,Liga Profesional,2025,23/11/2025,23:00,Boca Juniors,Talleres Cordoba,2,0,H,1.68,3.4,6.78,1.68,3.5,6.5,1.65,3.36,6.1,1.74,3.55,6.6,1.57,3.5,6.25,10,16,6,4,11,13,4,5
ARG,Liga Profesional,2025,24/11/2025,20:00,Dep. Riestra,Barracas Central,0,0,D,2.17,2.87,4.45,2.2,2.9,4.33,2.12,2.82,4.1,2.22,2.96,4.6,2.05,2.82,4.33,,,,,,,,
ARG,Liga Profesional,2025,24/11/2025,22:15,Racing Club,River Plate,3,2,H,2.85,3.01,2.86,2.75,3.15,2.95,2.7,2.97,2.76,2.86,3.2,2.9,2.75,2.85,2.75,12,14,4,6,19,8,6,2
ARG,Liga Profesional,2025,25/11/2025,01:00,Union de Santa Fe,Gimnasia L.P.,1,2,A,1.79,3.44,5.34,1.83,3.5,5.33,1.76,3.26,5.11,1.84,3.4,5.8,1.76,3.2,5.25,24,6,7,3,9,12,7,3
ARG,Liga Profesional,2025,27/11/2025,00:30,Lanus,Tigre,0,1,A,2,3.05,4.83,2.02,3.1,4.75,1.97,2.97,4.44,2.04,3.15,5,1.91,2.95,4.75,18,9,3,1,13,12,2,1
ARG,Liga Profesional,2025,30/11/2025,00:30,Central Cordoba,Estudiantes L.P.,0,1,A,3.2,2.81,2.74,3.25,2.85,2.7,3.05,2.78,2.62,3.25,2.88,2.82,3.05,2.75,2.65,12,11,1,3,10,9,7,4
ARG,Liga Profesional,2025,30/11/2025,21:30,Boca Juniors,Argentinos Jrs,1,0,H,2.01,3.13,4.59,2.05,3.2,4.5,1.99,3.04,4.22,2.06,3.15,4.9,1.96,3.05,4.5,4,16,3,5,12,8,3,8
ARG,Liga Profesional,2025,01/12/2025,20:00,Barracas Central,Gimnasia L.P.,0,2,A,2.79,2.82,3.13,2.75,2.88,3.25,2.63,2.74,3.08,2.84,2.88,3.25,2.75,2.65,3.05,15,12,5,4,13,11,4,6
ARG,Liga Profesional,2025,02/12/2025,00:30,Racing Club,Tigre,0,0,D,1.75,3.33,6.11,1.75,3.45,6.66,1.69,3.3,5.73,1.76,3.55,6.6,1.68,3.3,5.5,24,14,4,1,16,15,9,2
ARG,Liga Profesional,2025,07/12/2025,22:00,Boca Juniors,Racing Club,0,1,A,1.93,3.26,4.77,1.98,3.4,4.75,1.9,3.19,4.35,1.98,3.3,4.9,1.91,3.05,4.5,7,8,2,2,7,19,4,0
ARG,Liga Profesional,2025,08/12/2025,20:00,Gimnasia L.P.,Estudiantes L.P.,0,1,A,3.6,2.78,2.53,3.9,2.85,2.42,3.55,2.75,2.36,3.65,2.82,2.58,3.9,2.7,2.3,8,7,1,4,14,17,4,2
ARG,Liga Profesional,2025,14/12/2025,00:00,Racing Club,Estudiantes L.P.,1,1,D,3.03,2.71,3,3,2.75,3.05,2.86,2.66,2.9,3.05,2.8,3.1,2.95,2.55,2.95,15,13,4,4,10,13,5,7
ARG,Liga Profesional,2026,22/01/2026,20:00,Aldosivi,Defensa y Justicia,0,0,D,,,,2.71,2.88,3.3,2.63,2.73,3.05,2.78,2.94,3.25,2.65,2.57,3.3,9,10,3,2,18,6,4,4
ARG,Liga Profesional,2026,22/01/2026,23:00,Banfield,Huracan,1,1,D,,,,2.63,2.8,3.75,2.43,2.71,3.42,2.56,2.8,3.85,2.4,2.57,3.75,14,11,4,4,8,14,4,2
ARG,Liga Profesional,2026,22/01/2026,23:00,Union de Santa Fe,Platense,0,0,D,,,,2.08,2.88,5.25,1.97,2.81,4.75,2.06,2.96,5.2,1.91,2.82,5.25,19,13,3,5,11,7,3,4
ARG,Liga Profesional,2026,23/01/2026,01:15,Central Cordoba,Gimnasia Mendoza,0,1,A,,,,2.45,2.9,3.8,2.34,2.78,3.44,2.56,2.88,3.75,2.35,2.75,3.3,16,11,4,4,9,10,14,2
ARG,Liga Profesional,2026,23/01/2026,01:15,Instituto,Velez Sarsfield,0,1,A,,,,2.83,2.8,3,2.72,2.73,2.91,2.86,2.9,3.2,2.65,2.75,3,13,7,5,3,10,16,4,2
ARG,Liga Profesional,2026,23/01/2026,22:00,San Lorenzo,Lanus,2,3,A,,,,2.8,2.65,3.35,2.71,2.59,3.11,2.92,2.66,3.35,2.75,2.57,3.1,17,13,4,6,14,20,6,8
ARG,Liga Profesional,2026,23/01/2026,23:00,Independiente,Estudiantes L.P.,1,1,D,,,,2.54,2.88,3.5,2.44,2.75,3.3,2.62,2.92,3.55,2.45,2.65,3.5,13,11,3,2,9,10,10,5
ARG,Liga Profesional,2026,24/01/2026,01:15,Ind. Rivadavia,Atl. Tucuman,2,1,H,,,,1.82,3.4,5.75,1.74,3.25,5.16,1.83,3.5,5.7,1.68,3.3,5.75,11,14,5,5,13,11,1,3
ARG,Liga Profesional,2026,24/01/2026,01:15,Talleres Cordoba,Newells Old Boys,2,1,H,,,,1.9,3.35,5,1.82,3.17,4.78,1.95,3.3,5.2,1.79,3.3,5,17,10,6,3,10,10,11,4
ARG,Liga Profesional,2026,24/01/2026,20:00,Barracas Central,River Plate,0,1,A,,,,5.75,3.4,1.8,5.08,3.27,1.75,5.9,3.5,1.8,5.75,3.3,1.68,11,20,2,7,15,9,6,6
ARG,Liga Profesional,2026,24/01/2026,22:30,Gimnasia L.P.,Racing Club,2,1,H,,,,4,3.13,2.25,3.62,3.02,2.14,4.1,3.2,2.2,3.75,3.1,2.1,7,13,5,3,13,15,4,5
ARG,Liga Profesional,2026,25/01/2026,01:00,Rosario Central,Belgrano,1,2,A,,,,1.95,3.3,4.9,1.89,3.1,4.54,1.96,3.35,5,1.86,3.1,4.5,17,13,8,6,6,11,4,4
ARG,Liga Profesional,2026,25/01/2026,21:30,Boca Juniors,Dep. Riestra,1,0,H,,,,1.63,3.5,7.1,1.6,3.35,6.65,1.67,3.5,8,1.61,3.4,6.5,19,6,3,1,9,19,12,1
ARG,Liga Profesional,2026,26/01/2026,00:00,Argentinos Jrs,Sarmiento Junin,1,0,H,,,,1.43,4.33,11,1.38,4.1,9.31,1.42,4.6,11,1.35,4.1,11,24,2,11,1,8,21,9,2
ARG,Liga Profesional,2026,26/01/2026,00:00,Tigre,Estudiantes Rio Cuarto,2,0,H,,,,2,3.1,4.8,1.94,2.95,4.58,2.04,3,5.4,1.91,3,4.75,11,9,3,2,16,9,3,6
ARG,Liga Profesional,2026,26/01/2026,20:00,Platense,Instituto,2,1,H,,,,2.5,2.7,3.7,2.43,2.61,3.57,2.56,2.76,3.85,2.45,2.57,3.7,10,10,5,5,12,13,3,2
ARG,Liga Profesional,2026,27/01/2026,20:45,Velez Sarsfield,Talleres Cordoba,2,1,H,,,,2.33,2.9,4,2.26,2.77,3.69,2.46,2.94,3.8,2.3,2.75,3.8,10,21,4,8,8,11,6,7
ARG,Liga Profesional,2026,27/01/2026,23:00,Gimnasia Mendoza,San Lorenzo,0,1,A,,,,3.8,2.8,2.42,3.63,2.67,2.35,4,2.84,2.48,3.8,2.7,2.3,13,9,3,1,11,12,4,4
ARG,Liga Profesional,2026,27/01/2026,23:00,Huracan,Ind. Rivadavia,1,2,A,,,,2.1,2.88,4.75,2.06,2.76,4.4,2.24,2.84,4.8,2.05,2.75,4.75,9,8,2,6,14,14,2,5
ARG,Liga Profesional,2026,28/01/2026,01:15,Atl. Tucuman,Central Cordoba,0,0,D,,,,2.15,3.1,3.9,2.1,3.07,3.67,2.2,3.25,4.1,2.05,3.1,3.9,21,3,5,2,17,14,5,2
ARG,Liga Profesional,2026,28/01/2026,01:15,Newells Old Boys,Independiente,1,1,D,,,,3.75,2.9,2.6,3.45,2.81,2.33,3.75,3.05,2.42,3.75,2.75,2.25,12,6,4,2,13,19,6,3
ARG,Liga Profesional,2026,28/01/2026,20:00,Aldosivi,Barracas Central,0,0,D,,,,2.35,2.75,4.5,2.18,2.69,4.1,2.3,2.84,4.4,2.05,2.7,4.5,8,8,3,3,16,5,3,1
ARG,Liga Profesional,2026,28/01/2026,22:00,Racing Club,Rosario Central,1,2,A,,,,2.23,3.13,4,2.12,3.02,3.71,2.2,3.2,4.1,2.1,3,4,21,6,7,3,16,11,1,2
ARG,Liga Profesional,2026,28/01/2026,23:00,River Plate,Gimnasia L.P.,2,0,H,,,,1.6,3.9,7.5,1.53,3.7,6.54,1.6,4,7.6,1.53,3.6,7,17,3,8,1,12,11,6,4
ARG,Liga Profesional,2026,29/01/2026,01:15,Estudiantes L.P.,Boca Juniors,2,1,H,,,,3,2.85,2.8,2.96,2.71,2.73,3.15,2.88,2.9,3,2.75,2.7,13,10,7,3,14,8,5,7
ARG,Liga Profesional,2026,29/01/2026,20:00,Dep. Riestra,Defensa y Justicia,0,1,A,,,,2.17,2.9,4.33,2.1,2.82,4.11,2.22,3,4.4,2.1,2.82,4.1,12,5,2,3,19,10,4,3
ARG,Liga Profesional,2026,29/01/2026,22:15,Belgrano,Tigre,1,1,D,,,,2,3.1,5,1.93,2.96,4.61,2.08,3.05,5,1.96,3,4.75,12,6,1,3,6,8,7,1
ARG,Liga Profesional,2026,29/01/2026,22:15,Lanus,Union de Santa Fe,2,1,H,,,,2.15,3,4.5,2.05,2.88,4.17,2.12,3.05,4.9,2.05,2.82,4.33,15,15,6,5,7,9,5,7
ARG,Liga Profesional,2026,30/01/2026,00:30,Estudiantes Rio Cuarto,Argentinos Jrs,0,0,D,,,,5.75,3.25,1.8,5.5,3.12,1.74,6,3.35,1.86,5.75,3.1,1.71,7,11,0,3,18,13,1,6
ARG,Liga Profesional,2026,30/01/2026,00:30,Sarmiento Junin,Banfield,1,0,H,,,,3.66,2.88,2.43,3.46,2.78,2.35,3.8,2.9,2.52,3.6,2.75,2.32,23,9,9,2,14,18,9,2
ARG,Liga Profesional,2026,31/01/2026,20:30,San Lorenzo,Central Cordoba,1,0,H,,,,1.83,3.15,6.5,1.78,3.01,5.7,1.86,3.1,6.8,1.71,3,6.5,11,8,1,3,12,17,7,4
ARG,Liga Profesional,2026,31/01/2026,22:45,Independiente,Velez Sarsfield,1,1,D,,,,2.2,3,4.2,2.13,2.95,3.79,2.28,3,4.2,2.1,3,3.75,13,12,4,5,9,14,3,6
ARG,Liga Profesional,2026,01/02/2026,01:00,Atl. Tucuman,Huracan,1,1,D,,,,2.7,2.88,3.35,2.59,2.76,3.09,2.8,2.86,3.3,2.7,2.7,3,11,9,4,1,9,15,6,5
ARG,Liga Profesional,2026,01/02/2026,01:00,Talleres Cordoba,Platense,1,2,A,,,,2,3.1,5.1,1.94,2.93,4.72,2.04,3.05,5.3,1.91,2.85,5,12,5,2,2,13,10,6,2
ARG,Liga Profesional,2026,01/02/2026,20:00,Barracas Central,Dep. Riestra,1,1,D,,,,3.1,2.62,3,3,2.55,2.87,3.15,2.7,3.1,3,2.57,2.85,11,9,4,2,8,19,0,2
ARG,Liga Profesional,2026,01/02/2026,22:15,Boca Juniors,Newells Old Boys,2,0,H,,,,1.48,4,9.5,1.45,3.9,8.23,1.5,4.1,10,1.42,3.9,9.5,8,6,5,1,14,23,2,1
ARG,Liga Profesional,2026,02/02/2026,00:30,Rosario Central,River Plate,0,0,D,,,,2.95,3,2.9,2.69,2.9,2.82,2.86,3,3.1,2.7,3,2.85,9,17,3,4,10,16,6,3
ARG,Liga Profesional,2026,02/02/2026,20:30,Gimnasia L.P.,Aldosivi,3,1,H,,,,2.12,3,4.75,2.03,2.85,4.36,2.08,3.05,5,2.01,2.82,4.75,14,13,6,1,13,17,1,3
ARG,Liga Profesional,2026,02/02/2026,22:45,Defensa y Justicia,Estudiantes L.P.,0,0,D,,,,3.6,3,2.45,3.38,2.85,2.35,3.7,2.94,2.5,3.3,3,2.3,14,9,6,1,8,8,3,0
ARG,Liga Profesional,2026,02/02/2026,22:45,Tigre,Racing Club,3,1,H,,,,4,3,2.32,3.68,2.86,2.22,4.1,3,2.34,4,2.75,2.2,12,12,8,3,10,13,5,7
ARG,Liga Profesional,2026,03/02/2026,01:00,Argentinos Jrs,Belgrano,0,0,D,,,,1.7,3.65,6.25,1.66,3.4,5.73,1.74,3.55,6.4,1.62,3.3,6,17,12,6,5,7,6,5,1
ARG,Liga Profesional,2026,03/02/2026,01:00,Union de Santa Fe,Gimnasia Mendoza,4,0,H,,,,1.83,3.3,6,1.74,3.22,5.37,1.79,3.45,6.4,1.66,3.25,6,17,4,7,1,13,9,3,1
ARG,Liga Profesional,2026,03/02/2026,22:00,Banfield,Estudiantes Rio Cuarto,2,1,H,,,,1.95,3.15,5,1.88,2.99,4.73,2,3.1,5.4,1.86,2.85,5,14,15,4,4,7,13,4,2
ARG,Liga Profesional,2026,04/02/2026,00:15,Ind. Rivadavia,Sarmiento Junin,2,1,H,,,,1.81,3.33,5.75,1.74,3.22,5.36,1.82,3.4,6,1.71,3.3,5.5,19,16,8,7,10,10,4,1
ARG,Liga Profesional,2026,04/02/2026,00:15,Instituto,Lanus,2,2,D,,,,2.9,3,2.8,2.84,2.84,2.69,3,3,2.9,2.85,2.82,2.65,11,11,4,7,14,15,3,3
ARG,Liga Profesional,2026,07/02/2026,00:00,Central Cordoba,Union de Santa Fe,1,0,H,,,,3.66,3,2.45,3.44,2.79,2.34,3.8,2.94,2.48,3.4,3,2.3,9,16,3,2,11,16,3,2
ARG,Liga Profesional,2026,07/02/2026,20:00,Aldosivi,Rosario Central,1,1,D,,,,4.75,3.1,2.12,4.27,2.9,2.02,4.6,3,2.18,4.75,3,1.91,15,10,4,4,20,10,7,4
ARG,Liga Profesional,2026,07/02/2026,21:00,Racing Club,Argentinos Jrs,2,1,H,,,,2.82,3,2.8,2.76,2.89,2.73,2.94,3,3,2.82,2.85,2.75,14,12,3,5,16,14,4,7
ARG,Liga Profesional,2026,07/02/2026,23:00,River Plate,Tigre,1,4,A,,,,1.65,3.75,7.5,1.6,3.54,6.08,1.68,3.75,7,1.57,3.6,6,17,11,5,6,9,13,7,2
ARG,Liga Profesional,2026,08/02/2026,01:15,Belgrano,Banfield,1,0,H,,,,1.91,3.4,5,1.81,3.26,4.69,1.86,3.5,5.5,1.76,3.4,5,16,6,7,3,16,9,11,1
ARG,Liga Profesional,2026,08/02/2026,01:15,Newells Old Boys,Defensa y Justicia,2,3,A,,,,2.2,3.05,4,2.16,2.89,3.76,2.26,3,4.1,2.15,2.85,3.9,23,4,7,3,18,14,7,1
ARG,Liga Profesional,2026,08/02/2026,20:00,Platense,Independiente,0,1,A,,,,3,2.85,3.1,2.76,2.71,2.93,2.98,2.74,3.2,2.7,2.75,3,5,10,1,5,12,9,4,1
ARG,Liga Profesional,2026,08/02/2026,20:00,Sarmiento Junin,Atl. Tucuman,2,1,H,,,,2.8,2.95,3,2.71,2.82,2.85,2.9,2.98,3.1,2.7,2.75,3,12,5,6,3,18,14,4,4
ARG,Liga Profesional,2026,08/02/2026,22:15,Huracan,San Lorenzo,1,0,H,,,,2.6,2.7,3.66,2.49,2.58,3.5,2.66,2.7,3.8,2.45,2.7,3.4,8,5,3,0,17,22,1,2
ARG,Liga Profesional,2026,09/02/2026,01:15,Gimnasia Mendoza,Instituto,1,0,H,,,,3.2,2.8,2.75,3.07,2.74,2.59,3.4,2.86,2.7,3.2,2.75,2.57,12,12,5,5,12,8,4,7
ARG,Liga Profesional,2026,09/02/2026,01:15,Velez Sarsfield,Boca Juniors,2,1,H,,,,3.5,2.9,2.58,3.21,2.77,2.49,3.5,2.9,2.64,3.1,2.85,2.45,15,9,4,3,11,10,3,7
ARG,Liga Profesional,2026,09/02/2026,20:00,Barracas Central,Gimnasia L.P.,2,0,H,,,,2.83,3,3.05,2.72,2.8,2.85,3,2.9,3.05,2.75,2.85,2.75,13,12,6,4,17,10,2,7
ARG,Liga Profesional,2026,09/02/2026,22:15,Estudiantes L.P.,Dep. Riestra,1,0,H,,,,1.93,3,5.5,1.88,2.88,5.11,1.98,3.05,5.8,1.86,3,5,16,8,6,3,7,22,4,5
ARG,Liga Profesional,2026,09/02/2026,22:15,Lanus,Talleres Cordoba,1,1,D,,,,2.06,3.13,4.33,1.99,3.01,4.17,2.12,3.15,4.6,2.01,2.85,4.33,9,12,4,5,12,12,0,3
ARG,Liga Profesional,2026,10/02/2026,00:30,Estudiantes Rio Cuarto,Ind. Rivadavia,0,1,A,,,,4,2.9,2.4,3.73,2.76,2.24,4.1,3,2.3,4,2.75,2.15,12,15,0,3,12,9,3,4
ARG,Liga Profesional,2026,12/02/2026,22:00,Tigre,Aldosivi,1,0,H,,,,1.77,3.3,6.2,1.72,3.13,5.79,1.79,3.35,6.6,1.71,3.1,6,14,10,6,0,9,17,7,4
ARG,Liga Profesional,2026,13/02/2026,00:15,Argentinos Jrs,River Plate,1,0,H,,,,2.32,3.1,3.7,2.24,2.94,3.45,2.4,3,3.9,2.2,2.85,3.7,14,9,5,1,9,17,1,1
ARG,Liga Profesional,2026,13/02/2026,23:00,Independiente,Lanus,2,0,H,,,,2.16,3.05,4.33,2.08,2.9,3.98,2.18,3.1,4.4,2.05,2.82,4.33,17,5,3,0,18,14,7,1
ARG,Liga Profesional,2026,14/02/2026,01:15,Defensa y Justicia,Velez Sarsfield,1,1,D,,,,3.7,3.1,2.38,3.47,2.86,2.29,3.8,3,2.44,3.7,2.75,2.3,6,12,2,2,14,10,5,1
ARG,Liga Profesional,2026,14/02/2026,01:15,Union de Santa Fe,San Lorenzo,0,0,D,,,,2.28,2.75,5,2.14,2.64,4.41,2.26,2.78,4.7,2.01,2.7,5,23,5,6,3,10,14,6,1
ARG,Liga Profesional,2026,14/02/2026,20:30,Banfield,Racing Club,0,2,A,,,,4.5,3.3,1.95,4.2,3.2,1.9,4.7,3.35,2.02,4.33,3.3,1.86,11,11,2,5,7,14,8,3
ARG,Liga Profesional,2026,14/02/2026,22:45,Huracan,Sarmiento Junin,1,0,H,,,,1.83,3.2,6,1.77,3.08,5.41,1.85,3.3,6.2,1.76,3.1,6,9,3,4,0,10,23,6,2
ARG,Liga Profesional,2026,14/02/2026,22:45,Talleres Cordoba,Gimnasia Mendoza,2,1,H,,,,2.12,3.4,7,1.71,3.23,5.79,1.76,3.45,6.6,1.62,3.25,7,13,8,6,5,12,14,4,2
ARG,Liga Profesional,2026,15/02/2026,01:00,Atl. Tucuman,Estudiantes Rio Cuarto,4,0,H,,,,1.91,3.25,4.75,1.87,3.13,4.59,1.94,3.35,5,1.86,3.25,4.5,18,5,7,0,13,11,7,2
ARG,Liga Profesional,2026,15/02/2026,01:00,Ind. Rivadavia,Belgrano,0,1,A,,,,2.42,3,3.65,2.33,2.83,3.41,2.48,3,3.65,2.35,2.7,3.5,16,11,3,3,14,12,8,5
ARG,Liga Profesional,2026,15/02/2026,20:00,Gimnasia L.P.,Estudiantes L.P.,0,0,D,,,,3.4,2.95,2.71,3.1,2.75,2.58,3.3,2.78,2.86,3.25,2.65,2.65,11,14,2,4,14,13,4,6
ARG,Liga Profesional,2026,15/02/2026,22:30,Boca Juniors,Platense,0,0,D,,,,1.65,3.5,7,1.61,3.36,6.38,1.7,3.55,7.2,1.61,3.4,6.5,10,14,3,1,6,12,1,2
ARG,Liga Profesional,2026,16/02/2026,01:00,Instituto,Central Cordoba,2,0,H,,,,1.98,3.14,5.25,1.87,3.06,4.69,1.93,3.3,5.5,1.81,3.1,4.75,11,8,2,0,22,18,3,5
ARG,Liga Profesional,2026,16/02/2026,01:00,Rosario Central,Barracas Central,2,0,H,,,,1.58,3.6,8.5,1.53,3.52,7.32,1.6,3.75,8.4,1.51,3.4,8.5,19,3,7,3,11,16,3,0
ARG,Liga Profesional,2026,16/02/2026,22:00,Dep. Riestra,Newells Old Boys,1,1,D,,,,2.33,2.88,4,2.28,2.69,3.75,2.42,2.84,4.1,2.25,2.65,3.9,16,7,5,4,17,6,4,4
ARG,Liga Profesional,2026,20/02/2026,20:15,Defensa y Justicia,Belgrano,1,1,D,,,,3.2,3,2.65,2.99,2.86,2.56,3.4,2.94,2.7,3.2,2.82,2.55,11,13,3,3,7,9,5,3
ARG,Liga Profesional,2026,20/02/2026,20:45,Estudiantes L.P.,Sarmiento Junin,1,0,H,,,,1.64,3.5,8,1.59,3.29,6.96,1.63,3.55,8.8,1.57,3.5,7,12,12,7,3,14,8,4,4
ARG,Liga Profesional,2026,20/02/2026,23:00,Boca Juniors,Racing Club,0,0,D,,,,2.3,3,3.75,2.23,2.92,3.51,2.44,3.05,3.7,2.3,2.85,3.5,4,6,0,2,12,15,8,3
ARG,Liga Profesional,2026,20/02/2026,23:00,Instituto,Atl. Tucuman,2,1,H,,,,2.05,3.3,4.3,1.98,3.11,4.02,2.08,3.25,4.6,2.01,3.1,4.2,15,7,3,1,9,14,4,2
ARG,Liga Profesional,2026,21/02/2026,01:15,Gimnasia Mendoza,Gimnasia L.P.,0,1,A,,,,2.7,2.9,3.1,2.59,2.8,3,2.76,2.9,3.3,2.7,2.75,3,26,9,6,2,10,16,7,4
ARG,Liga Profesional,2026,21/02/2026,01:15,Rosario Central,Talleres Cordoba,0,1,A,,,,2,3.33,5,1.82,3.2,4.72,1.83,3.45,5.7,1.86,3.25,4.5,14,8,4,4,9,18,12,2
ARG,Liga Profesional,2026,21/02/2026,20:00,Ind. Rivadavia,Independiente,3,2,H,,,,2.7,2.88,3.4,2.58,2.8,3.03,2.76,2.86,3.35,2.5,2.7,3.4,18,17,5,5,11,6,3,9
ARG,Liga Profesional,2026,21/02/2026,20:00,Platense,Barracas Central,1,0,H,,,,1.94,3.25,5.5,1.84,2.97,5.1,1.94,3.1,5.9,1.76,3.25,5.25,14,6,7,3,16,17,4,1
ARG,Liga Profesional,2026,21/02/2026,22:15,Banfield,Newells Old Boys,3,0,H,,,,2.4,3,3.5,2.33,2.88,3.34,2.48,2.94,3.8,2.3,2.85,3.4,17,10,9,2,15,18,4,2
ARG,Liga Profesional,2026,21/02/2026,22:15,Dep. Riestra,Huracan,0,0,D,,,,2.8,2.65,3.4,2.71,2.51,3.22,2.92,2.58,3.6,2.7,2.4,3.4,9,7,2,3,21,10,8,3
ARG,Liga Profesional,2026,22/02/2026,00:30,Central Cordoba,Tigre,0,0,D,,,,3.6,2.88,2.54,3.38,2.69,2.45,3.7,2.82,2.64,3.6,2.65,2.4,14,16,1,3,19,10,4,6
ARG,Liga Profesional,2026,22/02/2026,20:00,San Lorenzo,Estudiantes Rio Cuarto,2,0,H,,,,1.67,3.4,7.5,1.62,3.25,6.75,1.67,3.4,8,1.57,3.3,7.5,8,11,6,4,13,13,3,6
ARG,Liga Profesional,2026,22/02/2026,22:15,Velez Sarsfield,River Plate,1,0,H,,,,2.9,3,2.8,2.83,2.89,2.65,3,3.05,2.86,2.82,2.85,2.7,9,12,4,5,9,14,5,7
ARG,Liga Profesional,2026,23/02/2026,00:30,Union de Santa Fe,Aldosivi,1,0,H,,,,1.6,3.7,6.75,1.57,3.56,6.39,1.63,3.9,7.2,1.56,3.6,6.5,20,12,6,3,14,9,1,4
ARG,Liga Profesional,2026,24/02/2026,20:00,Platense,Defensa y Justicia,0,0,D,,,,2.05,3.05,4.55,2.02,2.86,4.28,2.12,3,4.8,2.01,2.82,4.5,10,9,1,2,7,7,5,3
ARG,Liga Profesional,2026,24/02/2026,22:15,San Lorenzo,Instituto,1,1,D,,,,2.54,2.88,3.45,2.47,2.72,3.28,2.62,2.86,3.6,2.5,2.7,3.4,11,15,3,6,6,10,0,6
ARG,Liga Profesional,2026,24/02/2026,22:45,Central Cordoba,Talleres Cordoba,2,0,H,,,,3.7,2.85,2.38,3.53,2.73,2.32,3.85,2.88,2.5,3.6,2.75,2.32,9,11,3,2,11,8,1,2
ARG,Liga Profesional,2026,25/02/2026,00:30,Belgrano,Atl. Tucuman,3,1,H,,,,1.8,3.55,5.25,1.74,3.33,4.93,1.81,3.6,5.7,1.71,3.4,5,11,11,4,2,12,14,0,5
ARG,Liga Profesional,2026,25/02/2026,01:00,Gimnasia Mendoza,Independiente,1,1,D,,,,4,2.95,2.25,3.74,2.81,2.2,4.2,2.96,2.32,3.9,2.75,2.2,6,8,4,3,12,11,5,4
ARG,Liga Profesional,2026,25/02/2026,20:00,Barracas Central,Tigre,2,1,H,,,,3.35,2.88,2.65,3.16,2.71,2.55,3.5,2.84,2.7,3.1,2.7,2.65,11,15,5,6,18,12,0,2
ARG,Liga Profesional,2026,25/02/2026,20:00,Gimnasia L.P.,Rosario Central,1,2,A,,,,3.5,2.8,2.7,3.3,2.67,2.49,3.5,2.98,2.6,3.25,2.5,2.7,13,9,6,2,14,20,6,3
ARG,Liga Profesional,2026,25/02/2026,22:30,Newells Old Boys,Estudiantes L.P.,0,2,A,,,,3.8,2.9,2.36,3.6,2.77,2.27,3.8,2.94,2.46,3.8,2.75,2.3,14,17,1,7,11,12,2,4
ARG,Liga Profesional,2026,25/02/2026,22:30,Velez Sarsfield,Dep. Riestra,0,0,D,,,,2,2.9,5.5,1.92,2.8,5.06,2.1,2.86,5.5,1.91,2.75,5.5,12,10,3,4,11,18,4,3
ARG,Liga Profesional,2026,26/02/2026,20:15,Racing Club,Ind. Rivadavia,1,1,D,,,,1.92,3.4,5.2,1.81,3.27,4.53,1.91,3.4,5.2,1.81,3.4,4.5,13,9,4,2,9,11,7,2
ARG,Liga Profesional,2026,26/02/2026,20:15,Sarmiento Junin,Union de Santa Fe,1,3,A,,,,3.55,2.95,2.45,3.31,2.81,2.36,3.6,2.96,2.52,3.3,2.85,2.35,14,16,6,8,14,17,7,2
ARG,Liga Profesional,2026,26/02/2026,22:30,Estudiantes Rio Cuarto,Huracan,2,0,H,,,,4.1,2.7,2.35,3.94,2.61,2.28,4.3,2.84,2.36,4,2.65,2.25,18,10,7,2,13,10,6,5
ARG,Liga Profesional,2026,26/02/2026,22:30,River Plate,Banfield,3,1,H,,,,1.65,3.95,6.1,1.6,3.6,5.79,1.69,3.8,6.6,1.61,3.7,5.5,25,6,8,2,15,13,6,3
ARG,Liga Profesional,2026,28/02/2026,20:45,Boca Juniors,Gimnasia Mendoza,1,1,D,,,,1.51,3.95,9,1.47,3.66,8.02,1.55,3.9,9.2,1.49,3.6,9,19,6,5,3,11,17,9,3
ARG,Liga Profesional,2026,28/02/2026,23:00,Independiente,Central Cordoba,2,0,H,,,,1.63,3.45,8.5,1.6,3.29,6.72,1.65,3.6,8.2,1.56,3.25,8.5,28,7,8,2,7,15,11,2
ARG,Liga Profesional,2026,01/03/2026,01:15,Talleres Cordoba,San Lorenzo,0,0,D,,,,2.2,2.85,4.25,2.13,2.75,4.07,2.26,2.86,4.7,2.05,2.85,4.2,15,11,6,5,12,10,12,6
ARG,Liga Profesional,2026,01/03/2026,20:00,Newells Old Boys,Rosario Central,0,2,A,,,,5.25,3.3,1.9,4.7,3.18,1.82,5.3,3.25,1.95,5.25,3.25,1.76,7,11,2,6,24,7,1,8
ARG,Liga Profesional,2026,01/03/2026,22:15,Argentinos Jrs,Barracas Central,1,1,D,,,,1.41,4.4,10.5,1.37,4.09,9.5,1.42,4.7,10.5,1.39,4.1,9.5,19,13,8,5,8,8,8,1
ARG,Liga Profesional,2026,01/03/2026,22:15,Instituto,Union de Santa Fe,1,2,A,,,,2.66,3,3.25,2.53,2.83,3.03,2.68,3,3.25,2.55,2.75,3.1,8,7,2,3,14,13,5,2
ARG,Liga Profesional,2026,02/03/2026,00:30,Defensa y Justicia,Lanus,1,1,D,,,,2.25,3.25,3.75,2.15,2.99,3.58,2.28,3.05,4,2.1,3.25,3.7,13,10,5,3,8,10,4,5
ARG,Liga Profesional,2026,02/03/2026,00:30,Tigre,Gimnasia L.P.,2,2,D,,,,2.1,3.1,4.75,1.99,2.98,4.19,2.1,3.15,4.6,1.91,3,4.75,21,5,6,3,9,18,9,2
ARG,Liga Profesional,2026,02/03/2026,22:15,Dep. Riestra,Platense,0,0,D,,,,2.75,2.65,3.6,2.6,2.51,3.39,2.74,2.66,3.7,2.5,2.55,3.5,8,9,4,3,14,12,7,4
ARG,Liga Profesional,2026,02/03/2026,22:15,Estudiantes L.P.,Velez Sarsfield,0,1,A,,,,2.3,2.9,4.33,2.19,2.79,3.85,2.26,2.92,4.5,2.15,2.65,4.33,12,9,2,1,13,16,9,5
ARG,Liga Profesional,2026,03/03/2026,00:30,Banfield,Aldosivi,2,0,H,,,,2.16,3.15,4.4,2.05,3,3.93,2.18,3.05,4.4,2.05,3.1,3.9,14,14,2,0,14,7,5,4
ARG,Liga Profesional,2026,03/03/2026,00:30,Ind. Rivadavia,River Plate,1,1,D,,,,3.15,3.1,2.57,2.99,3.04,2.42,3.1,3.25,2.66,3,3,2.57,12,12,5,3,13,10,2,2
ARG,Liga Profesional,2026,03/03/2026,22:00,Sarmiento Junin,Estudiantes Rio Cuarto,1,0,H,,,,1.93,3.2,5,1.87,3.03,4.65,2,3.15,5.2,1.86,3.1,4.75,12,10,3,2,18,12,6,8
ARG,Liga Profesional,2026,03/03/2026,22:15,Huracan,Belgrano,3,1,H,,,,3,2.8,3,2.9,2.64,2.81,3.1,2.82,3,3,2.57,2.85,20,9,7,2,12,11,3,3
ARG,Liga Profesional,2026,04/03/2026,00:15,Atl. Tucuman,Racing Club,0,3,A,,,,3.45,3,2.66,3.06,2.86,2.5,3.2,3.05,2.76,3.2,2.85,2.45,14,11,4,4,9,15,7,6
ARG,Liga Profesional,2026,05/03/2026,00:00,Lanus,Boca Juniors,0,3,A,,,,3,3,2.8,2.91,2.85,2.63,3.25,2.84,2.88,3,3,2.57,9,11,2,5,9,8,8,1
ARG,Liga Profesional,2026,10/03/2026,22:45,Independiente,Union de Santa Fe,4,4,D,,,,2.05,3.4,4,2.01,3.17,3.79,2.12,3.35,4.2,1.96,3.4,3.8,13,9,7,6,12,10,7,3
ARG,Liga Profesional,2026,10/03/2026,22:45,Tigre,Velez Sarsfield,1,1,D,,,,2.3,2.95,3.8,2.26,2.78,3.57,2.4,2.88,4,2.15,2.57,3.5,16,9,4,5,16,12,4,3
ARG,Liga Profesional,2026,11/03/2026,01:00,Newells Old Boys,Platense,1,1,D,,,,3.4,2.88,2.63,3.18,2.8,2.46,3.3,3.1,2.6,3.3,2.82,2.45,6,19,3,7,17,14,5,6
ARG,Liga Profesional,2026,11/03/2026,01:00,Sarmiento Junin,Racing Club,0,0,D,,,,3.85,3.1,2.28,3.49,2.98,2.19,3.8,3.15,2.34,3.5,3,2.25,8,9,3,5,8,14,3,4
ARG,Liga Profesional,2026,11/03/2026,20:30,Argentinos Jrs,Rosario Central,0,0,D,,,,2.08,3.25,4.75,1.98,2.96,4.24,2.04,3.2,4.9,1.91,3,4.75,12,11,2,4,11,12,5,5
ARG,Liga Profesional,2026,11/03/2026,20:30,Banfield,Gimnasia L.P.,1,2,A,,,,2.3,3.2,3.6,2.26,2.96,3.36,2.38,3.05,3.75,2.25,3,3.5,18,13,5,6,12,6,8,3
ARG,Liga Profesional,2026,11/03/2026,22:45,Boca Juniors,San Lorenzo,1,1,D,,,,1.76,3.4,6.2,1.71,3.16,5.78,1.78,3.35,6.8,1.68,3.25,6,11,4,3,2,8,14,1,2
ARG,Liga Profesional,2026,12/03/2026,01:00,Atl. Tucuman,Aldosivi,1,1,D,,,,2.2,3.25,4.35,2.07,2.98,3.89,2.24,3.05,4.3,2.1,2.85,4,17,7,5,1,10,18,11,5
ARG,Liga Profesional,2026,12/03/2026,01:00,Ind. Rivadavia,Barracas Central,1,2,A,,,,1.5,4,9,1.45,3.88,7.78,1.49,4.3,9.8,1.42,4,9,22,8,11,3,9,11,6,1
ARG,Liga Profesional,2026,12/03/2026,20:00,Defensa y Justicia,Central Cordoba,1,1,D,,,,1.95,3.25,4.75,1.89,3.1,4.4,1.98,3.2,5.1,1.86,3.1,4.75,11,8,6,5,14,10,5,2
ARG,Liga Profesional,2026,12/03/2026,20:00,Dep. Riestra,Gimnasia Mendoza,0,0,D,,,,2.1,2.8,5.5,2.04,2.67,4.68,2.18,2.82,5,2.01,2.57,5.5,14,7,7,2,20,13,7,2
ARG,Liga Profesional,2026,12/03/2026,22:15,Estudiantes Rio Cuarto,Belgrano,0,1,A,,,,3.4,2.87,2.5,3.31,2.77,2.41,3.55,2.94,2.6,3.4,2.75,2.4,16,8,2,1,4,10,8,2
ARG,Liga Profesional,2026,12/03/2026,22:15,Talleres Cordoba,Instituto,2,0,H,,,,2.28,2.95,4,2.19,2.85,3.69,2.3,3.05,4.1,2.15,2.85,3.9,5,17,3,5,10,18,1,8
ARG,Liga Profesional,2026,13/03/2026,00:30,Huracan,River Plate,1,2,A,,,,3.4,2.9,2.5,3.22,2.8,2.39,3.45,2.98,2.62,3.3,2.85,2.4,15,10,5,7,11,10,4,4
ARG,Liga Profesional,2026,14/03/2026,22:00,Platense,Velez Sarsfield,0,2,A,,,,2.9,2.8,3,2.81,2.7,2.81,3.05,2.76,3.1,2.85,2.75,2.7,14,14,4,6,11,9,5,7
ARG,Liga Profesional,2026,15/03/2026,00:00,Rosario Central,Banfield,2,1,H,,,,1.63,3.75,6.5,1.59,3.55,5.94,1.65,3.8,6.8,1.56,3.4,6.5,21,7,6,2,10,12,6,0
ARG,Liga Profesional,2026,15/03/2026,18:15,Gimnasia L.P.,Ind. Rivadavia,2,3,A,,,,3,3.1,2.63,2.83,2.98,2.54,3.05,3.25,2.68,3,3,2.5,9,13,3,3,12,11,4,2
ARG,Liga Profesional,2026,15/03/2026,20:30,Belgrano,Talleres Cordoba,0,0,D,,,,2.4,2.88,3.66,2.34,2.8,3.38,2.52,2.88,3.65,2.32,2.75,3.6,8,11,0,2,17,16,1,3
ARG,Liga Profesional,2026,15/03/2026,22:45,River Plate,Sarmiento Junin,2,0,H,,,,1.47,4,9,1.44,3.82,8.14,1.47,4.4,10.5,1.45,3.9,9,34,2,12,1,11,15,10,2
ARG,Liga Profesional,2026,16/03/2026,01:00,Tigre,Argentinos Jrs,1,1,D,,,,2.83,2.75,3.1,2.75,2.7,2.9,2.98,2.8,3.2,2.75,2.65,3,6,8,3,3,15,16,1,2
ARG,Liga Profesional,2026,16/03/2026,01:00,Union de Santa Fe,Boca Juniors,1,1,D,,,,3,2.8,3,2.84,2.68,2.81,3,2.78,3.15,2.85,2.5,3,14,16,3,6,7,8,5,4
ARG,Liga Profesional,2026,16/03/2026,18:30,Aldosivi,Huracan,0,0,D,,,,3.33,2.74,2.63,3.16,2.65,2.59,3.45,2.78,2.8,3.25,2.65,2.55,12,14,2,4,17,12,4,4
ARG,Liga Profesional,2026,16/03/2026,18:30,Barracas Central,Atl. Tucuman,2,1,H,,,,2.88,2.9,2.8,2.77,2.83,2.74,2.98,2.94,2.96,2.82,2.82,2.7,9,13,3,3,8,14,1,3
ARG,Liga Profesional,2026,16/03/2026,21:30,San Lorenzo,Defensa y Justicia,2,5,A,,,,2.2,2.9,4.25,2.16,2.78,3.87,2.3,2.9,4.4,2.1,2.75,4.2,17,11,6,6,5,7,9,2
ARG,Liga Profesional,2026,16/03/2026,23:00,Racing Club,Estudiantes Rio Cuarto,2,0,H,,,,1.43,4.25,12,1.39,4.06,8.75,1.44,4.5,11,1.41,4,8.5,22,3,3,0,12,13,3,1
ARG,Liga Profesional,2026,17/03/2026,01:15,Instituto,Independiente,2,1,H,,,,2.75,3,3,2.68,2.91,2.75,2.94,2.96,3,2.7,3,2.7,11,12,4,4,20,12,3,9
ARG,Liga Profesional,2026,17/03/2026,22:00,Lanus,Newells Old Boys,5,0,H,,,,1.67,3.6,6.5,1.64,3.42,5.64,1.72,3.6,6.8,1.62,3.3,6.5,14,5,7,2,12,7,7,0
ARG,Liga Profesional,2026,18/03/2026,00:15,Central Cordoba,Dep. Riestra,1,0,H,,,,3.2,2.6,2.9,3.03,2.53,2.82,3.25,2.6,3.15,3.1,2.55,2.82,4,11,2,4,7,14,2,3
ARG,Liga Profesional,2026,18/03/2026,00:15,Gimnasia Mendoza,Estudiantes L.P.,1,2,A,,,,4.2,2.9,2.16,3.92,2.82,2.12,4.3,3,2.26,4.2,2.85,2.1,13,10,2,6,10,17,4,3
ARG,Liga Profesional,2026,21/03/2026,00:00,Atl. Tucuman,Gimnasia L.P.,1,0,H,,,,2.1,3.3,4,2.01,3.13,3.8,2.1,3.3,4.3,1.96,3.25,4,16,10,2,1,12,14,6,4
ARG,Liga Profesional,2026,21/03/2026,00:00,Banfield,Tigre,1,0,H,,,,3.1,2.8,2.8,2.97,2.71,2.68,3.2,2.9,2.88,3.1,2.65,2.7,12,22,5,4,14,12,3,7
ARG,Liga Profesional,2026,21/03/2026,18:30,Velez Sarsfield,Lanus,0,1,A,,,,2.3,3,3.6,2.21,2.93,3.5,2.36,2.98,3.95,2.2,3,3.6,10,16,5,7,12,18,4,2
ARG,Liga Profesional,2026,21/03/2026,20:45,Defensa y Justicia,Union de Santa Fe,2,0,H,,,,3,3,2.65,2.85,2.92,2.58,3.2,2.98,2.72,2.85,3,2.57,10,19,6,4,9,12,5,6
ARG,Liga Profesional,2026,21/03/2026,20:45,Newells Old Boys,Gimnasia Mendoza,1,0,H,,,,2.5,2.88,3.45,2.43,2.75,3.27,2.6,2.9,3.55,2.5,2.7,3.4,16,10,5,3,13,15,6,5
ARG,Liga Profesional,2026,21/03/2026,23:00,Independiente,Talleres Cordoba,1,2,A,,,,1.95,3.2,4.75,1.91,3.1,4.25,1.98,3.25,4.9,1.86,3.1,4.75,16,8,4,4,8,16,6,5
ARG,Liga Profesional,2026,22/03/2026,01:15,Belgrano,Racing Club,1,2,A,,,,2.9,3,2.7,2.81,2.95,2.6,3.1,3,2.84,2.85,3,2.57,13,7,5,4,8,17,8,2
ARG,Liga Profesional,2026,22/03/2026,18:30,Sarmiento Junin,Aldosivi,2,0,H,,,,2.45,2.82,3.75,2.34,2.73,3.48,2.56,2.82,3.9,2.4,2.75,3.4,10,12,4,2,8,8,5,7
ARG,Liga Profesional,2026,22/03/2026,20:45,Estudiantes Rio Cuarto,River Plate,0,2,A,,,,10,3.7,1.53,7.73,3.56,1.5,9.8,3.7,1.57,10,3.6,1.46,7,9,1,3,7,8,5,7
ARG,Liga Profesional,2026,22/03/2026,23:00,Boca Juniors,Instituto,2,0,H,,,,1.64,3.6,6.5,1.6,3.42,6.13,1.68,3.65,7.2,1.57,3.5,6.5,18,12,5,5,3,10,7,6
ARG,Liga Profesional,2026,23/03/2026,01:15,Argentinos Jrs,Platense,1,0,H,,,,1.8,3.25,5.75,1.76,3.08,5.37,1.85,3.2,6.4,1.76,3,5.75,22,9,4,1,13,14,4,3
ARG,Liga Profesional,2026,23/03/2026,01:15,Ind. Rivadavia,Rosario Central,2,0,H,,,,2.75,2.98,3,2.64,2.85,2.86,2.94,2.96,3.05,2.75,2.75,2.85,8,13,4,3,14,10,3,3
ARG,Liga Profesional,2026,23/03/2026,22:00,Estudiantes L.P.,Central Cordoba,5,0,H,,,,1.52,3.75,9.2,1.48,3.6,7.71,1.57,3.95,8.8,1.46,3.7,8,25,4,13,1,10,13,8,4
ARG,Liga Profesional,2026,24/03/2026,00:15,Huracan,Barracas Central,0,0,D,,,,1.93,3.1,5.4,1.84,2.97,5.02,1.97,3.05,5.8,1.86,2.85,5.25,15,5,4,1,9,14,7,5
ARG,Liga Profesional,2026,25/03/2026,22:00,Dep. Riestra,San Lorenzo,1,1,D,,,,2.5,2.75,3.7,2.41,2.65,3.51,2.54,2.72,4,2.4,2.65,3.7,9,7,2,2,14,14,2,4
ARG,Liga Profesional,2026,27/03/2026,00:00,Argentinos Jrs,Lanus,2,1,H,,,,2.1,3.05,4.75,2.02,2.88,4.21,2.1,3.05,4.8,2.01,2.75,4.75,16,11,5,1,10,14,7,1
ARG,Liga Profesional,2026,31/03/2026,18:00,Aldosivi,Argentinos Jrs,0,2,A,,,,5.25,3.3,1.88,4.8,3.1,1.82,5.6,3.3,1.88,5.25,3.3,1.76,11,5,5,4,14,11,2,7
ARG,Liga Profesional,2026,02/04/2026,00:00,Lanus,Platense,0,0,D,,,,2.18,3,4.3,2.11,2.87,3.86,2.26,2.96,4.4,2.1,2.85,3.9,12,3,1,0,6,11,1,2
ARG,Liga Profesional,2026,02/04/2026,19:00,Barracas Central,Sarmiento Junin,1,2,A,,,,2.4,2.85,3.7,2.36,2.74,3.42,2.52,2.92,3.75,2.32,2.7,3.7,14,13,3,3,12,14,5,1
ARG,Liga Profesional,2026,02/04/2026,21:30,Tigre,Ind. Rivadavia,0,2,A,,,,2.2,3.1,3.7,2.15,2.99,3.58,2.26,3.2,4,2.1,3.1,3.7,18,13,7,4,14,16,2,5
ARG,Liga Profesional,2026,03/04/2026,00:30,Talleres Cordoba,Boca Juniors,0,1,A,,,,2.6,3.35,3.3,2.43,2.86,3.11,2.56,3,3.55,2.25,2.85,3,15,8,1,2,9,7,6,3
ARG,Liga Profesional,2026,03/04/2026,19:00,Gimnasia Mendoza,Velez Sarsfield,3,2,H,,,,4.25,3,2.15,3.91,2.87,2.1,4.2,3,2.24,4,2.85,2.1,16,11,9,3,12,12,4,0
ARG,Liga Profesional,2026,03/04/2026,21:15,Union de Santa Fe,Dep. Riestra,2,0,H,,,,1.88,3.25,5,1.83,3.07,4.79,1.89,3.25,6,1.79,3.25,5,26,8,9,5,10,17,9,0
ARG,Liga Profesional,2026,03/04/2026,23:30,San Lorenzo,Estudiantes L.P.,1,0,H,,,,3.55,2.88,2.5,3.32,2.73,2.41,3.55,2.9,2.62,3.5,2.7,2.4,10,13,5,5,14,15,4,4
ARG,Liga Profesional,2026,04/04/2026,17:30,Aldosivi,Estudiantes Rio Cuarto,0,0,D,,,,2.3,2.8,4.1,2.19,2.72,3.92,2.38,2.78,4.2,2.25,2.65,4,11,13,3,2,16,11,6,10
ARG,Liga Profesional,2026,04/04/2026,21:30,Independiente,Racing Club,1,0,H,,,,2.5,3,3.3,2.38,2.88,3.17,2.54,3.05,3.55,2.4,2.85,3.2,8,10,3,1,9,15,6,4
ARG,Liga Profesional,2026,05/04/2026,01:00,Rosario Central,Atl. Tucuman,2,1,H,,,,1.75,3.5,5.75,1.67,3.39,5.32,1.76,3.6,6.2,1.66,3.5,5.5,18,17,8,4,12,13,5,6
ARG,Liga Profesional,2026,05/04/2026,19:30,Gimnasia L.P.,Huracan,0,3,A,,,,2.9,2.82,3,2.79,2.73,2.82,3.05,2.88,3,2.82,2.75,2.82,25,10,5,5,6,19,8,5
ARG,Liga Profesional,2026,05/04/2026,22:00,River Plate,Belgrano,3,0,H,,,,1.8,3.5,6.1,1.69,3.39,5.2,1.79,3.55,6,1.71,3.3,5.25,20,9,5,3,15,10,8,1
ARG,Liga Profesional,2026,06/04/2026,00:30,Central Cordoba,Newells Old Boys,1,3,A,,,,2.45,2.88,3.5,2.34,2.82,3.35,2.5,2.98,3.7,2.45,2.75,3.3,6,14,2,5,16,10,3,2
ARG,Liga Profesional,2026,06/04/2026,23:00,Argentinos Jrs,Banfield,3,2,H,,,,1.68,3.75,6.75,1.61,3.55,5.77,1.71,3.7,6.6,1.62,3.4,6.25,17,9,7,3,9,10,9,1
ARG,Liga Profesional,2026,07/04/2026,01:15,Instituto,Defensa y Justicia,2,0,H,,,,2.06,3.3,4.5,1.95,3.1,4.08,2.02,3.3,4.9,1.91,3.25,4.2,14,9,3,3,13,7,5,5
ARG,Liga Profesional,2026,11/04/2026,01:00,Belgrano,Aldosivi,1,0,H,,,,1.62,3.9,9,1.46,3.72,8.04,1.52,3.95,9.8,1.42,3.9,9,15,9,1,4,6,19,3,2
ARG,Liga Profesional,2026,11/04/2026,19:00,Dep. Riestra,Instituto,0,1,A,,,,2.9,2.75,3.05,2.72,2.66,2.95,3,2.74,3.25,2.75,2.65,3,14,16,4,6,12,15,7,5
ARG,Liga Profesional,2026,11/04/2026,19:30,Ind. Rivadavia,Argentinos Jrs,3,1,H,,,,3,3.1,2.75,2.88,2.82,2.64,3.15,2.98,2.82,3,2.75,2.7,11,7,7,1,13,17,5,4
ARG,Liga Profesional,2026,11/04/2026,21:15,Estudiantes L.P.,Union de Santa Fe,2,1,H,,,,2.6,2.88,3.75,2.44,2.75,3.25,2.66,3,3.35,2.45,2.75,3.3,10,12,3,2,17,14,4,6
ARG,Liga Profesional,2026,11/04/2026,23:30,Boca Juniors,Independiente,1,1,D,,,,2.5,3,3.7,2.35,2.85,3.28,2.58,3,3.5,2.32,2.75,3.7,12,9,5,1,7,17,3,3
ARG,Liga Profesional,2026,12/04/2026,01:45,Estudiantes Rio Cuarto,Barracas Central,1,2,A,,,,2.4,2.8,4,2.28,2.71,3.65,2.38,2.84,4.2,2.25,2.75,3.75,16,11,4,5,12,20,6,2
ARG,Liga Profesional,2026,12/04/2026,19:00,Newells Old Boys,San Lorenzo,0,0,D,,,,2.55,2.9,3.3,2.47,2.85,3.11,2.58,3,3.5,2.45,2.85,3.3,13,5,3,1,9,23,3,1
ARG,Liga Profesional,2026,12/04/2026,19:00,Platense,Gimnasia Mendoza,1,1,D,,,,2.45,3,4.33,2.3,2.76,3.58,2.5,2.9,3.75,2.4,2.7,3.5,12,8,4,5,12,15,5,2
ARG,Liga Profesional,2026,12/04/2026,21:30,Atl. Tucuman,Tigre,0,0,D,,,,2.54,3,3.6,2.37,2.89,3.24,2.52,2.98,3.7,2.3,3,3.6,7,12,1,4,13,10,5,4
ARG,Liga Profesional,2026,12/04/2026,21:30,Huracan,Rosario Central,3,1,H,,,,2.55,2.88,3.66,2.33,2.78,3.42,2.46,2.9,3.85,2.32,2.75,3.6,16,7,8,1,15,8,10,3
ARG,Liga Profesional,2026,13/04/2026,00:00,Racing Club,River Plate,0,2,A,,,,2.66,3,3.2,2.54,2.93,2.91,2.8,3,3.15,2.5,3,3.2,12,10,4,4,16,7,8,3
ARG,Liga Profesional,2026,13/04/2026,20:30,Defensa y Justicia,Talleres Cordoba,1,2,A,,,,3.1,2.8,2.85,2.91,2.73,2.7,3.15,2.88,2.92,2.85,2.7,2.85,17,8,6,5,7,12,6,2
ARG,Liga Profesional,2026,13/04/2026,20:30,Sarmiento Junin,Gimnasia L.P.,1,2,A,,,,2.72,2.88,3.2,2.63,2.76,2.95,2.9,2.92,3.1,2.57,2.75,3,11,17,3,7,17,12,3,7
ARG,Liga Profesional,2026,13/04/2026,23:00,Lanus,Banfield,1,0,H,,,,1.93,3.2,5,1.86,3.08,4.63,1.94,3.3,5.4,1.86,3,5,18,12,4,3,19,10,5,1
ARG,Liga Profesional,2026,14/04/2026,01:30,Velez Sarsfield,Central Cordoba,1,0,H,,,,1.38,4.6,12,1.35,4.29,9.73,1.4,4.8,11.5,1.33,4.33,12,21,11,8,2,8,10,4,4
ARG,Liga Profesional,2026,18/04/2026,00:30,Union de Santa Fe,Newells Old Boys,2,3,A,,,,1.71,3.75,7,1.59,3.59,5.84,,,,1.53,3.7,7,28,5,10,3,8,14,15,4
ARG,Liga Profesional,2026,18/04/2026,19:00,Gimnasia L.P.,Estudiantes Rio Cuarto,1,0,H,,,,1.85,3.3,5.75,1.79,3.14,4.92,,,,1.71,3.1,5.75,15,14,4,4,12,13,1,4
ARG,Liga Profesional,2026,18/04/2026,21:15,Instituto,Estudiantes L.P.,0,1,A,,,,2.64,3.1,3.14,2.5,2.91,2.98,,,,2.45,3.1,3,16,4,3,2,16,17,7,2
ARG,Liga Profesional,2026,18/04/2026,23:30,Independiente,Defensa y Justicia,3,1,H,,,,1.8,3.4,5.66,1.75,3.23,5.06,,,,1.71,3.3,5.25,14,9,6,1,7,12,6,5
ARG,Liga Profesional,2026,19/04/2026,01:45,Argentinos Jrs,Atl. Tucuman,1,0,H,,,,1.62,3.8,6.5,1.59,3.59,5.78,,,,1.57,3.5,6.5,14,4,6,0,5,12,7,2
ARG,Liga Profesional,2026,19/04/2026,17:30,Aldosivi,Racing Club,1,1,D,,,,5,3.1,1.95,4.6,3.01,1.89,,,,5,3,1.91,8,21,6,4,15,10,1,6
ARG,Liga Profesional,2026,19/04/2026,21:00,River Plate,Boca Juniors,0,1,A,,,,2.3,3.05,3.8,2.22,2.93,3.51,,,,2.25,3,3.5,13,10,3,5,14,19,6,1
ARG,Liga Profesional,2026,20/04/2026,00:30,Rosario Central,Sarmiento Junin,2,1,H,,,,1.48,4.2,8,1.43,4.02,7.49,,,,1.41,4.2,8,22,5,6,1,10,11,4,4
ARG,Liga Profesional,2026,20/04/2026,00:30,Talleres Cordoba,Dep. Riestra,2,0,H,,,,1.72,3.4,7,1.65,3.23,6.18,,,,1.57,3.4,6.5,15,9,8,1,10,13,4,7
ARG,Liga Profesional,2026,20/04/2026,19:00,Barracas Central,Belgrano,0,0,D,,,,4,2.9,2.35,3.6,2.83,2.24,,,,4,2.82,2.15,12,11,2,3,11,7,2,4
ARG,Liga Profesional,2026,20/04/2026,21:15,Banfield,Ind. Rivadavia,0,0,D,,,,2.75,3.1,3.33,2.51,2.92,2.97,,,,2.4,2.85,3.2,16,16,4,2,12,8,7,3
ARG,Liga Profesional,2026,20/04/2026,21:15,Central Cordoba,Platense,4,3,H,,,,3.75,2.88,2.36,3.55,2.76,2.29,,,,3.6,2.85,2.25,10,19,4,7,12,7,3,7
ARG,Liga Profesional,2026,20/04/2026,23:30,San Lorenzo,Velez Sarsfield,0,0,D,,,,3.15,2.88,2.66,3.01,2.81,2.56,,,,3,2.82,2.65,12,10,5,3,13,16,4,1
ARG,Liga Profesional,2026,21/04/2026,01:45,Gimnasia Mendoza,Lanus,1,0,H,,,,3.3,2.8,2.75,3.13,2.68,2.6,,,,3.1,2.65,2.7,19,8,4,0,17,18,6,1
ARG,Liga Profesional,2026,21/04/2026,01:45,Tigre,Huracan,1,1,D,,,,2.65,2.75,3.55,2.52,2.67,3.26,,,,2.65,2.57,3.3,9,5,2,2,15,14,0,3
ARG,Liga Profesional,2026,24/04/2026,00:00,Defensa y Justicia,Boca Juniors,0,4,A,,,,3.25,3,2.62,3.03,2.85,2.49,,,,3.25,2.75,2.5,8,11,1,7,5,11,4,1
ARG,Liga Profesional,2026,24/04/2026,21:00,Dep. Riestra,Independiente,2,0,H,,,,4,3,2.3,3.69,2.81,2.2,,,,3.7,3,2.15,8,13,4,2,16,13,3,3
ARG,Liga Profesional,2026,24/04/2026,23:15,Estudiantes Rio Cuarto,Rosario Central,1,2,A,,,,4.33,3.25,2.05,4.08,3.02,1.98,,,,4.1,3.25,1.96,14,12,2,4,12,11,0,4
ARG,Liga Profesional,2026,24/04/2026,23:15,Lanus,Central Cordoba,0,0,D,,,,1.44,4.33,10,1.4,4.07,8,,,,1.39,4.33,8,15,9,5,3,11,17,5,3
ARG,Liga Profesional,2026,25/04/2026,01:30,Platense,San Lorenzo,0,1,A,,,,2.5,2.82,3.66,2.37,2.74,3.38,,,,2.45,2.7,3.5,23,10,6,6,16,10,8,4
ARG,Liga Profesional,2026,25/04/2026,01:30,Racing Club,Barracas Central,1,1,D,,,,1.44,4.33,9.5,1.42,4.01,7.78,,,,1.41,4.33,7.5,5,17,1,3,11,8,2,3
ARG,Liga Profesional,2026,25/04/2026,21:00,Estudiantes L.P.,Talleres Cordoba,0,0,D,,,,2.25,3.05,4,2.15,2.94,3.65,,,,2.2,2.85,3.7,16,10,3,3,8,10,6,1
ARG,Liga Profesional,2026,25/04/2026,23:15,Sarmiento Junin,Tigre,1,0,H,,,,3.8,2.88,2.37,3.49,2.8,2.28,,,,3.7,2.75,2.3,10,15,4,2,11,15,3,6
ARG,Liga Profesional,2026,26/04/2026,01:30,River Plate,Aldosivi,3,1,H,,,,1.28,5.1,19,1.24,4.82,14.44,,,,1.24,4.75,19,24,5,6,2,12,16,8,1
ARG,Liga Profesional,2026,26/04/2026,19:00,Ind. Rivadavia,Gimnasia Mendoza,5,1,H,,,,1.91,3.25,5.6,1.84,3.03,4.86,,,,1.81,3.1,5,23,7,10,2,15,18,11,2
ARG,Liga Profesional,2026,26/04/2026,21:30,Belgrano,Gimnasia L.P.,0,1,A,,,,2.15,3.1,4.33,2.04,2.95,4,,,,2.05,2.85,4.33,7,6,0,2,16,9,3,6
ARG,Liga Profesional,2026,26/04/2026,21:30,Newells Old Boys,Instituto,1,1,D,,,,3.25,3,2.55,2.98,2.92,2.45,,,,2.75,2.82,2.35,11,6,4,3,10,11,4,3
ARG,Liga Profesional,2026,27/04/2026,00:00,Atl. Tucuman,Banfield,1,1,D,,,,2.25,3.05,3.75,2.17,2.95,3.51,,,,2.2,2.85,3.75,16,10,7,2,19,12,3,2
ARG,Liga Profesional,2026,27/04/2026,22:45,Velez Sarsfield,Union de Santa Fe,2,2,D,,,,2.25,3.15,3.75,2.16,3.04,3.45,,,,2.15,3,3.75,12,14,6,6,8,9,2,4
ARG,Liga Profesional,2026,28/04/2026,01:00,Huracan,Argentinos Jrs,1,2,A,,,,3.05,2.75,3,2.84,2.65,2.84,,,,2.75,2.65,3,11,5,4,2,15,11,4,5
ARG,Liga Profesional,2026,02/05/2026,18:00,Barracas Central,Banfield,1,2,A,,,,2.6,2.9,3.15,2.54,2.8,3.01,,,,2.57,2.82,3,15,16,7,6,10,7,2,6
ARG,Liga Profesional,2026,02/05/2026,18:30,Lanus,Dep. Riestra,0,0,D,,,,2.45,2.8,4,2.31,2.69,3.61,,,,2.35,2.65,3.6,12,5,7,2,14,20,4,7
ARG,Liga Profesional,2026,02/05/2026,20:15,Central Cordoba,Boca Juniors,1,2,A,,,,5.5,3.4,1.83,4.97,3.17,1.76,,,,5.5,3.2,1.71,14,11,4,8,16,11,3,3
ARG,Liga Profesional,2026,02/05/2026,22:45,San Lorenzo,Independiente,1,2,A,,,,3.33,2.9,2.83,3.09,2.61,2.68,,,,3.2,2.65,2.7,25,13,7,5,13,19,7,4
ARG,Liga Profesional,2026,02/05/2026,22:45,Union de Santa Fe,Talleres Cordoba,1,1,D,,,,2.1,3.4,4,2.02,3.11,3.78,,,,1.96,3.4,4,25,8,7,1,14,13,8,0
ARG,Liga Profesional,2026,03/05/2026,01:15,Platense,Estudiantes L.P.,0,2,A,,,,3,2.8,2.9,2.82,2.72,2.76,,,,2.75,2.75,2.85,18,16,7,8,10,12,7,6
ARG,Liga Profesional,2026,03/05/2026,17:30,Aldosivi,Ind. Rivadavia,1,1,D,,,,2.65,3,3.1,2.52,2.92,2.92,,,,2.45,3,3.1,18,15,4,4,7,9,5,7
ARG,Liga Profesional,2026,03/05/2026,20:00,Belgrano,Sarmiento Junin,4,0,H,,,,1.91,3.25,5,1.83,3.09,4.74,,,,1.86,3.1,4.75,12,6,6,3,8,8,3,2
ARG,Liga Profesional,2026,03/05/2026,20:00,Gimnasia L.P.,Argentinos Jrs,2,0,H,,,,3.7,3.1,2.33,3.38,2.98,2.22,,,,3.7,2.85,2.2,12,14,2,3,11,17,3,11
ARG,Liga Profesional,2026,03/05/2026,20:00,Racing Club,Huracan,0,0,D,,,,2.02,3.1,5,1.94,2.97,4.39,,,,1.86,3,5,9,5,1,1,15,11,6,1
ARG,Liga Profesional,2026,03/05/2026,20:00,Rosario Central,Tigre,1,1,D,,,,3.1,2.9,2.75,2.97,2.79,2.58,,,,3.1,2.75,2.55,15,17,5,4,14,17,3,11
ARG,Liga Profesional,2026,03/05/2026,22:30,River Plate,Atl. Tucuman,0,1,A,,,,1.57,4,6.6,1.52,3.81,6.16,,,,1.53,3.8,6.5,19,5,5,3,6,16,6,1
ARG,Liga Profesional,2026,04/05/2026,21:00,Gimnasia Mendoza,Defensa y Justicia,2,1,H,,,,2.37,3,3.7,2.25,2.93,3.38,,,,2.25,2.82,3.7,9,11,3,4,10,12,2,7
ARG,Liga Profesional,2026,04/05/2026,23:15,Velez Sarsfield,Newells Old Boys,1,1,D,,,,1.91,3.4,4.6,1.82,3.31,4.34,1.92,3.45,5.1,1.81,3.25,4.5,15,9,3,5,10,12,7,4
ARG,Liga Profesional,2026,05/05/2026,01:30,Estudiantes Rio Cuarto,Instituto,0,2,A,,,,3.6,3,2.38,3.43,2.89,2.25,3.65,3.05,2.42,3.5,2.82,2.3,9,22,2,7,6,15,3,8
ARG,Liga Profesional,2026,09/05/2026,20:30,Talleres Cordoba,Belgrano,0,1,A,,,,2.5,2.85,3.5,2.41,2.76,3.28,2.56,2.88,3.65,2.45,2.7,3.5,16,14,2,3,13,20,8,3
ARG,Liga Profesional,2026,09/05/2026,23:00,Boca Juniors,Huracan,1,1,D,,,,1.8,3.2,6,1.75,3.09,5.4,1.83,3.25,6.4,1.71,3.2,5.75,,,,,,,,
ARG,Liga Profesional,2026,10/05/2026,01:30,Ind. Rivadavia,Union de Santa Fe,1,2,A,,,,2.2,3.25,3.8,2.12,3.08,3.5,2.28,3.2,3.8,2.05,3.1,3.8,18,10,4,6,6,15,5,6
ARG,Liga Profesional,2026,10/05/2026,02:15,Argentinos Jrs,Lanus,2,0,H,,,,2.14,3.2,4.33,2.01,2.99,4.02,2.18,3,4.5,2.01,3,4.33,16,9,8,3,12,16,3,2
ARG,Liga Profesional,2026,10/05/2026,19:00,Rosario Central,Independiente,3,1,H,,,,2.05,3.2,4.33,2,3.04,3.94,2.08,3.2,4.6,1.96,3.1,4.2,14,6,6,4,11,14,2,3
ARG,Liga Profesional,2026,10/05/2026,21:00,Estudiantes L.P.,Racing Club,0,1,A,,,,2.45,3,3.4,2.33,2.87,3.28,2.58,2.94,3.5,2.4,2.75,3.4,13,8,4,2,1,18,1,4
ARG,Liga Profesional,2026,10/05/2026,23:00,River Plate,San Lorenzo,1,1,D,,,,1.6,3.65,8.25,1.52,3.52,7.18,1.58,3.75,9.2,1.51,3.6,7.5,,,,,,,,
ARG,Liga Profesional,2026,11/05/2026,01:30,Velez Sarsfield,Gimnasia L.P.,0,1,A,,,,2.05,3.13,4.5,1.97,3.04,4.08,2.06,3.2,4.7,1.96,3,4.5,27,7,5,3,9,13,17,0
ARG,Liga Profesional,2026,12/05/2026,23:00,Belgrano,Union de Santa Fe,2,0,H,,,,2.63,3,3.2,2.47,2.89,3.01,2.7,2.98,3.25,2.57,2.85,3,17,12,8,4,4,8,4,7
ARG,Liga Profesional,2026,13/05/2026,01:30,Argentinos Jrs,Huracan,0,0,D,,,,1.95,3.05,5.5,1.84,2.95,5.01,1.94,3.05,6,1.86,2.82,5.5,,,,,,,,
ARG,Liga Profesional,2026,13/05/2026,22:45,Rosario Central,Racing Club,1,1,D,,,,2.3,3.05,3.7,2.22,2.94,3.43,2.38,3,3.95,2.2,2.85,3.7,,,,,,,,
ARG,Liga Profesional,2026,14/05/2026,01:45,River Plate,Gimnasia L.P.,2,0,H,,,,1.6,3.9,7.2,1.53,3.65,6.56,1.6,3.8,7.6,1.56,3.5,6.5,18,12,8,6,21,16,7,5
ARG,Liga Profesional,2026,16/05/2026,23:30,River Plate,Rosario Central,1,0,H,,,,2.2,3,4.1,2.1,2.9,3.81,2.3,3,4.2,2.2,2.75,3.9,11,7,3,1,17,19,6,1
ARG,Liga Profesional,2026,17/05/2026,21:00,Argentinos Jrs,Belgrano,1,1,D,,,,2.02,3,5.25,1.94,2.86,4.56,2.02,3.1,5.3,1.91,2.75,5.25,18,9,8,3,17,22,5,3
ARG,Liga Profesional,2026,24/05/2026,19:30,River Plate,Belgrano,2,3,A,,,,2.25,2.9,4.2,2.15,2.79,3.9,,,,2.25,2.65,4,8,13,4,6,7,11,6,4
ARG,Liga Profesional,2026,23/07/2026,23:30,Belgrano,Rosario Central,2,1,H,,,,2.63,3,3.15,2.52,2.82,3.02,2.74,2.92,3.3,2.57,3,3,13,10,5,3,10,13,6,6
ARG,Liga Profesional,2026,23/07/2026,23:30,Sarmiento Junin,Argentinos Jrs,2,3,A,,,,4.35,3,2.1,4.16,2.88,2.02,4.6,3,2.2,4.33,2.85,2.05,11,13,3,5,15,14,7,2
ARG,Liga Profesional,2026,24/07/2026,01:45,Defensa y Justicia,Aldosivi,1,1,D,,,,1.95,3.2,4.75,1.87,3.1,4.44,1.97,3.25,5,1.91,3,4.75,15,8,5,3,9,16,7,2
ARG,Liga Profesional,2026,24/07/2026,20:45,Gimnasia Mendoza,Central Cordoba,1,0,H,,,,1.95,3.13,4.75,1.9,3.08,4.39,2.02,3.25,4.9,1.86,3.1,4.75,22,8,8,3,6,13,4,3
ARG,Liga Profesional,2026,24/07/2026,23:00,Racing Club,Gimnasia L.P.,2,1,H,,,,1.83,3.3,5.3,1.78,3.22,4.8,1.84,3.5,5.7,1.81,3.25,5,18,9,7,5,10,12,4,3
ARG,Liga Profesional,2026,24/07/2026,23:00,Velez Sarsfield,Instituto,1,0,H,,,,2.14,3.05,4.1,2.08,2.92,3.83,2.16,3.15,4.4,2.05,3,4.1,8,19,5,2,7,9,1,6
ARG,Liga Profesional,2026,25/07/2026,01:15,Huracan,Banfield,1,0,H,,,,2.05,3,4.6,1.97,2.91,4.35,2.06,3.1,5,2.01,2.85,4.5,21,5,11,1,11,12,4,2
ARG,Liga Profesional,2026,25/07/2026,01:15,Platense,Union de Santa Fe,2,2,D,,,,2.5,2.9,3.4,2.41,2.81,3.21,2.58,2.92,3.65,2.5,2.82,3.1,16,10,5,4,12,15,6,2
ARG,Liga Profesional,2026,25/07/2026,18:45,Estudiantes Rio Cuarto,Tigre,1,0,H,,,,3.7,2.82,2.4,3.5,2.73,2.31,3.85,2.84,2.5,3.4,2.82,2.4,8,18,2,4,18,13,4,5
ARG,Liga Profesional,2026,25/07/2026,21:00,Newells Old Boys,Talleres Cordoba,1,0,H,,,,2.75,21,251,2.49,4.02,18.35,2.78,2.98,3.2,2.45,2.85,3.2,11,17,4,5,14,12,8,9
ARG,Liga Profesional,2026,25/07/2026,23:15,River Plate,Barracas Central,0,1,A,,,,1.35,4.75,15,1.31,4.34,11.23,1.37,4.8,14.5,1.27,4.5,15,15,4,4,2,8,21,3,1
ARG,Liga Profesional,2026,26/07/2026,01:30,Lanus,San Lorenzo,1,0,H,,,,2.1,2.9,4.8,1.98,2.82,4.44,2.12,2.96,5.1,2.01,2.82,4.33,23,13,10,5,15,13,8,2
ARG,Liga Profesional,2026,26/07/2026,19:00,Atl. Tucuman,Ind. Rivadavia,0,0,D,,,,2.88,3.2,2.75,2.75,3.02,2.58,3,3.1,2.82,2.85,3,2.57,5,9,1,3,13,15,4,6
ARG,Liga Profesional,2026,26/07/2026,21:15,Estudiantes L.P.,Independiente,0,2,A,,,,2.2,3,4,2.11,2.93,3.75,2.22,3.05,4.3,2.1,2.85,4,15,14,3,5,15,14,5,5
ARG,Liga Profesional,2026,26/07/2026,23:30,Dep. Riestra,Boca Juniors,3,0,H,,,,4.8,2.88,2.15,4.24,2.77,2.05,4.6,2.94,2.22,3.75,2.82,2.1,6,13,4,3,20,8,2,8
ARG,Liga Profesional,2026,28/07/2026,23:00,Banfield,Sarmiento Junin,3,2,H,,,,2.25,3,4,2.14,2.92,3.67,2.3,3.05,4.1,2.15,2.82,4,16,13,8,5,11,10,4,4
ARG,Liga Profesional,2026,28/07/2026,23:00,San Lorenzo,Gimnasia Mendoza,1,0,H,,,,2,3.15,4.6,1.92,3.06,4.2,2.06,3.25,4.7,1.96,3.1,4.2,13,13,5,3,11,14,4,6
ARG,Liga Profesional,2026,29/07/2026,01:15,Argentinos Jrs,Estudiantes Rio Cuarto,3,0,H,,,,1.38,4.6,11,1.35,4.27,9.43,1.42,4.7,11,1.33,4.33,11,17,12,9,4,7,5,6,4
ARG,Liga Profesional,2026,29/07/2026,01:15,Rosario Central,Racing Club,0,0,D,,,,2.1,3.2,4.2,2.01,3.04,3.88,2.14,3.3,4.3,2.01,3.1,4.2,13,5,1,2,12,20,6,2
ARG,Liga Profesional,2026,29/07/2026,18:30,Barracas Central,Aldosivi,1,0,H,,,,2.4,2.8,3.7,2.31,2.69,3.58,2.46,2.82,4.1,2.4,2.65,3.7,10,9,4,1,12,17,1,8
ARG,Liga Profesional,2026,29/07/2026,21:00,Defensa y Justicia,Dep. Riestra,2,1,H,,,,2.68,2.8,3.4,2.48,2.71,3.18,2.74,2.84,3.45,2.5,2.7,3.3,12,18,7,5,13,12,5,3
ARG,Liga Profesional,2026,29/07/2026,23:15,Gimnasia L.P.,River Plate,1,0,H,,,,4.75,3.13,2,4.31,3.02,1.92,4.8,3.2,2.06,4.75,2.85,1.96,14,10,3,3,11,11,3,8
ARG,Liga Profesional,2026,30/07/2026,01:30,Instituto,Platense,2,1,H,,,,2.05,3.05,4.5,1.99,2.92,4.21,2.12,3.05,4.8,2.05,3,4.2,16,15,6,3,18,12,5,4
ARG,Liga Profesional,2026,30/07/2026,23:00,Ind. Rivadavia,Huracan,2,1,H,,,,2.15,3.05,4.75,2.01,2.91,4.19,2.2,3,4.5,2.15,2.85,3.9,21,14,7,7,12,8,3,6
ARG,Liga Profesional,2026,30/07/2026,23:00,Talleres Cordoba,Velez Sarsfield,1,3,A,,,,2.43,3,3.9,2.28,2.85,3.4,2.42,2.96,3.9,2.2,2.75,3.9,20,11,6,6,10,6,8,5
ARG,Liga Profesional,2026,31/07/2026,01:15,Central Cordoba,Atl. Tucuman,0,2,A,,,,3.4,3.1,2.38,3.2,2.98,2.3,3.65,3.15,2.42,3.4,3,2.3,10,8,1,3,10,13,4,3
ARG,Liga Profesional,2026,31/07/2026,01:15,Independiente,Newells Old Boys,1,0,H,,,,1.57,3.9,7,1.53,3.71,6.26,1.57,4.2,7.4,1.51,3.8,7,12,2,4,1,12,7,7,2
ARG,Liga Profesional,2026,01/08/2026,19:30,Estudiantes Rio Cuarto,Banfield,0,0,D,,,,2.88,3,2.85,2.72,2.84,2.72,3,3,2.9,2.82,2.85,2.7,8,14,0,3,19,14,7,5
ARG,Liga Profesional,2026,01/08/2026,19:30,Gimnasia Mendoza,Union de Santa Fe,2,0,H,,,,3.05,3.2,2.65,2.78,3.04,2.53,3,3.15,2.8,2.75,3.1,2.65,15,13,7,4,14,15,9,5
ARG,Liga Profesional,2026,01/08/2026,22:00,Belgrano,Argentinos Jrs,0,1,A,,,,2.4,3,3.5,2.3,2.85,3.32,2.5,3.05,3.6,2.32,2.85,3.4,10,9,2,4,10,7,2,2
ARG,Liga Profesional,2026,01/08/2026,22:00,Estudiantes L.P.,Defensa y Justicia,3,0,H,,,,1.61,3.75,7,1.56,3.54,6.12,1.65,3.85,7,1.53,3.6,7,15,20,9,8,14,9,2,5
ARG,Liga Profesional,2026,02/08/2026,00:30,Racing Club,Tigre,1,3,A,,,,2.25,3,4.1,2.13,2.89,3.69,2.34,3,4,2.2,2.85,3.7,11,11,5,5,15,9,6,0
ARG,Liga Profesional,2026,02/08/2026,18:30,Aldosivi,Gimnasia L.P.,1,2,A,,,,3.4,2.8,2.68,3.1,2.69,2.56,3.35,2.88,2.76,3.4,2.7,2.5,18,11,4,4,10,11,3,4
ARG,Liga Profesional,2026,02/08/2026,18:30,Dep. Riestra,Barracas Central,0,1,A,,,,2.25,2.75,4.33,2.16,2.64,4.1,2.32,2.78,4.6,2.2,2.65,4.33,12,10,4,3,15,15,5,3
ARG,Liga Profesional,2026,02/08/2026,21:00,Newells Old Boys,Boca Juniors,2,2,D,,,,4.8,3.25,1.85,4.55,3.17,1.81,5.2,3.45,1.92,4.75,3.25,1.81,9,16,2,4,12,11,5,7
ARG,Liga Profesional,2026,02/08/2026,23:15,River Plate,Rosario Central,0,1,A,,,,2,3.1,4.75,1.91,3.02,4.32,2.04,3.2,4.9,1.96,3,4.75,25,12,6,3,15,15,10,4
ARG,Liga Profesional,2026,03/08/2026,01:30,Lanus,Instituto,0,1,A,,,,2.25,3,4,2.15,2.87,3.7,2.34,2.96,4,2.2,2.85,3.7,15,19,3,7,5,16,7,7
ARG,Liga Profesional,2026,03/08/2026,20:45,Sarmiento Junin,Ind. Rivadavia,2,1,H,,,,3,3.13,2.75,2.8,2.94,2.57,3.05,3.1,2.8,2.75,2.85,2.75,9,19,3,7,16,7,3,7
ARG,Liga Profesional,2026,03/08/2026,23:00,Platense,Talleres Cordoba,0,4,A,,,,2.63,2.9,3.2,2.57,2.75,3.01,2.8,2.88,3.25,2.55,2.75,3.2,23,8,8,7,14,15,3,3
ARG,Liga Profesional,2026,03/08/2026,23:00,Velez Sarsfield,Independiente,1,0,H,,,,2.55,3.13,3.1,2.43,2.95,2.97,2.6,3.2,3.25,2.55,2.85,3.1,12,11,4,1,17,13,4,4
ARG,Liga Profesional,2026,04/08/2026,01:15,Central Cordoba,San Lorenzo,1,0,H,,,,3.25,3,2.5,3.07,2.88,2.45,3.3,3,2.68,3.25,3,2.4,14,15,7,2,16,10,3,5
ARG,Liga Profesional,2026,04/08/2026,01:15,Huracan,Atl. Tucuman,0,0,D,,,,2.07,3,4.75,2,2.87,4.19,2.08,3.15,4.7,1.96,2.85,4.75,16,16,1,3,4,12,4,6
ARG,Liga Profesional,2026,05/08/2026,23:00,Boca Juniors,Estudiantes L.P.,1,0,H,,,,1.84,3.3,5,1.79,3.19,4.77,1.87,3.5,5.3,1.71,3.3,5,12,8,2,4,16,11,5,2
ARG,Liga Profesional,2026,06/08/2026,01:15,Tigre,Belgrano,0,0,D,,,,2.54,2.75,3.8,2.41,2.64,3.46,2.52,2.76,4,2.4,2.65,3.8,18,15,5,6,6,19,4,4
ARG,Liga Profesional,2026,06/08/2026,23:00,Union de Santa Fe,Lanus,2,1,H,,,,2.7,2.9,3.2,2.54,2.79,3.02,2.72,2.98,3.35,2.7,2.65,3,11,10,3,2,6,7,4,2
ARG,Liga Profesional,2026,07/08/2026,23:30,Rosario Central,Aldosivi,2,1,H,,,,1.57,3.8,8.4,1.53,3.62,6.64,1.6,3.95,7.6,1.56,3.5,7,24,10,4,5,4,13,10,3
ARG,Liga Profesional,2026,08/08/2026,01:45,Ind. Rivadavia,Estudiantes Rio Cuarto,2,1,H,,,,1.5,4,9.5,1.44,3.89,7.82,1.51,4.2,9.4,1.42,3.8,9.5,19,6,3,3,10,11,4,3
ARG,Liga Profesional,2026,08/08/2026,18:45,Atl. Tucuman,Sarmiento Junin,1,2,A,,,,1.88,3.3,5,1.82,3.16,4.73,1.89,3.35,5.6,1.81,3.25,4.75,12,11,6,5,13,11,13,4
ARG,Liga Profesional,2026,08/08/2026,18:45,Dep. Riestra,Estudiantes L.P.,2,0,H,,,,2.55,2.82,3.4,2.48,2.73,3.22,2.6,2.86,3.7,2.32,2.82,3.4,10,9,4,1,15,13,2,0
ARG,Liga Profesional,2026,08/08/2026,21:00,Tigre,River Plate,1,0,H,,,,3.5,2.88,2.45,3.35,2.78,2.37,3.6,2.94,2.56,3.4,2.75,2.4,5,9,2,1,9,17,3,4
ARG,Liga Profesional,2026,08/08/2026,23:15,Boca Juniors,Velez Sarsfield,1,1,D,,,,1.65,3.6,6.5,1.6,3.46,6.03,1.68,3.7,6.8,1.53,3.6,6.5,30,8,9,4,12,10,5,4
ARG,Liga Profesional,2026,09/08/2026,01:30,Independiente,Platense,0,1,A,,,,1.83,3.25,5.5,1.8,3.13,4.95,1.89,3.3,5.7,1.76,3.1,5.5,19,8,5,2,12,17,13,1
ARG,Liga Profesional,2026,09/08/2026,01:30,Instituto,Gimnasia Mendoza,1,0,H,,,,1.57,3.9,7.5,1.54,3.67,6.36,1.59,4,7.8,1.56,3.6,6.5,15,5,7,1,17,12,4,2
ARG,Liga Profesional,2026,09/08/2026,19:00,San Lorenzo,Huracan,0,2,A,,,,2.8,3,3.1,2.7,2.74,2.91,2.96,2.86,3.15,2.57,3,2.85,8,14,2,5,10,21,2,4
ARG,Liga Profesional,2026,09/08/2026,21:45,Defensa y Justicia,Newells Old Boys,2,1,H,,,,2,3.25,4.75,1.92,3.12,4.27,2,3.35,4.7,1.86,3.2,4.75,16,10,6,4,14,10,3,7
ARG,Liga Profesional,2026,09/08/2026,21:45,Gimnasia L.P.,Barracas Central,2,0,H,,,,1.91,3.1,5,1.84,3.07,4.72,1.95,3.25,5.2,1.86,3.1,4.75,16,13,6,2,7,18,2,1
ARG,Liga Profesional,2026,10/08/2026,00:15,Argentinos Jrs,Racing Club,2,1,H,,,,2.05,3.2,4.5,1.98,3.02,4.09,2.06,3.2,4.7,1.96,2.85,4.5,23,16,10,3,14,10,9,4
ARG,Liga Profesional,2026,10/08/2026,23:00,Banfield,Belgrano,0,2,A,,,,3.1,3,2.6,2.93,2.92,2.52,3.1,3.1,2.78,3.1,3,2.45,18,14,6,5,15,11,4,1
ARG,Liga Profesional,2026,11/08/2026,01:15,Union de Santa Fe,Central Cordoba,1,2,A,,,,1.7,3.85,6.5,1.63,3.48,5.61,,,,1.68,3.3,5.75,25,9,7,4,16,6,8,4
ARG,Liga Profesional,2026,12/08/2026,01:00,Talleres Cordoba,Lanus,0,3,A,,,,2.38,2.9,3.9,2.33,2.77,3.44,2.44,2.98,3.85,2.32,2.75,3.6,18,23,7,7,4,9,2,5
ARG,Liga Profesional,2026,15/08/2026,00:30,Racing Club,Banfield,0,1,A,,,,1.61,3.9,6.5,1.59,3.64,5.79,1.68,3.9,6.4,1.56,3.7,6.5,23,6,2,2,9,11,6,1
ARG,Liga Profesional,2026,15/08/2026,18:30,Aldosivi,Tigre,0,0,D,,,,3.3,2.8,2.65,3.17,2.73,2.52,3.4,2.94,2.66,3.25,2.57,2.65,21,13,4,2,12,9,7,9
ARG,Liga Profesional,2026,15/08/2026,18:30,San Lorenzo,Union de Santa Fe,1,0,H,,,,2.88,3.1,3.1,2.78,2.97,2.64,3.05,3.05,2.82,2.85,3,2.65,14,6,8,1,8,21,4,1
ARG,Liga Profesional,2026,15/08/2026,20:45,Estudiantes L.P.,Gimnasia L.P.,4,0,H,,,,2.05,3.1,4.75,1.98,2.95,4.26,2.08,3.05,5,1.91,3,4.75,22,8,8,3,14,15,7,2
ARG,Liga Profesional,2026,15/08/2026,23:00,Belgrano,Ind. Rivadavia,2,0,H,,,,1.83,3.4,5,1.79,3.23,4.8,1.91,3.4,5.4,1.79,3.25,5,11,9,3,2,7,12,4,4
ARG,Liga Profesional,2026,15/08/2026,23:00,Newells Old Boys,Dep. Riestra,2,0,H,,,,2.87,2.8,3.1,2.77,2.71,2.87,2.98,2.82,3.15,2.82,2.65,3.1,9,11,3,3,12,16,6,3
ARG,Liga Profesional,2026,16/08/2026,01:15,Platense,Boca Juniors,1,1,D,,,,5.5,3.3,1.8,5.01,3.2,1.77,5.7,3.4,1.87,5.5,3.2,1.76,12,14,8,4,11,14,3,7
ARG,Liga Profesional,2026,16/08/2026,19:00,Sarmiento Junin,Huracan,2,0,H,,,,3.2,2.9,2.6,3.06,2.82,2.52,3.4,2.96,2.7,3.1,2.85,2.57,18,10,5,0,14,16,9,4
ARG,Liga Profesional,2026,16/08/2026,22:00,River Plate,Argentinos Jrs,2,0,H,,,,1.95,3.25,4.5,1.88,3.18,4.34,1.99,3.4,4.7,1.91,3.2,4.5,8,9,3,1,15,15,2,4
ARG,Liga Profesional,2026,17/08/2026,00:15,Barracas Central,Rosario Central,0,1,A,,,,2.7,2.8,3.2,2.62,2.71,3.07,2.86,2.84,3.3,2.7,2.65,3.2,16,7,5,3,10,7,7,1
ARG,Liga Profesional,2026,17/08/2026,00:15,Central Cordoba,Instituto,0,1,A,,,,4.5,3.1,2.1,4.01,3.01,2.02,4,3.25,2.1,4.5,3,1.96,7,13,1,6,13,10,4,9
ARG,Liga Profesional,2026,17/08/2026,18:45,Estudiantes Rio Cuarto,Atl. Tucuman,0,1,A,,,,3.7,2.9,2.3,3.58,2.82,2.26,3.95,2.96,2.4,3.7,2.85,2.25,12,9,1,3,12,15,4,7
ARG,Liga Profesional,2026,17/08/2026,21:00,Lanus,Independiente,1,3,A,,,,2.05,3.1,4.33,2.01,2.98,4.07,2.12,3.1,4.5,2.01,3,4.33,21,14,6,4,18,11,10,5
ARG,Liga Profesional,2026,17/08/2026,23:15,Velez Sarsfield,Defensa y Justicia,1,1,D,,,,2.05,3.3,4,1.98,3.21,3.81,2.1,3.4,4.2,2.01,3.2,4,10,20,3,6,15,19,6,9
ARG,Liga Profesional,2026,18/08/2026,01:30,Gimnasia Mendoza,Talleres Cordoba,3,1,H,,,,3,3.1,2.63,2.94,2.88,2.53,3.15,3.05,2.76,3,2.85,2.55,18,14,7,5,14,8,7,3
ARG,Liga Profesional,2026,21/08/2026,18:30,Aldosivi,Union de Santa Fe,1,3,A,,,,2.75,3.05,2.85,2.68,2.93,2.75,2.9,3.2,2.9,2.75,2.82,2.85,13,18,4,7,6,9,4,4
ARG,Liga Profesional,2026,22/08/2026,00:00,Estudiantes Rio Cuarto,San Lorenzo,0,0,D,,,,3.8,2.7,2.45,3.57,2.63,2.4,3.85,2.76,2.6,3.8,2.55,2.4,8,13,2,4,18,4,0,1
ARG,Liga Profesional,2026,22/08/2026,20:00,Atl. Tucuman,Instituto,0,0,D,,,,3,3,2.75,2.8,2.87,2.68,2.98,3.1,2.86,3,2.75,2.7,12,8,3,3,8,3,9,2
ARG,Liga Profesional,2026,22/08/2026,20:00,Gimnasia L.P.,Gimnasia Mendoza,2,3,A,,,,1.84,3.4,5.25,1.79,3.25,4.63,1.92,3.4,5.1,1.81,3.2,4.75,15,14,5,6,4,24,7,1
ARG,Liga Profesional,2026,22/08/2026,22:30,Independiente,Ind. Rivadavia,0,0,D,,,,2.48,3,3.5,2.37,2.89,3.22,2.48,3,3.6,2.35,2.82,3.5,12,10,3,4,8,12,11,3
ARG,Liga Profesional,2026,23/08/2026,01:00,Huracan,Dep. Riestra,0,0,D,,,,2.4,2.58,4.33,2.31,2.5,3.98,2.44,2.72,4.3,2.35,2.35,4.33,12,13,4,2,9,21,3,4
ARG,Liga Profesional,2026,23/08/2026,01:00,Newells Old Boys,Banfield,2,1,H,,,,2.16,3.2,4.5,2.07,3.02,3.77,2.18,3.3,4,1.96,3,4.5,14,14,6,6,12,15,3,3
ARG,Liga Profesional,2026,23/08/2026,18:45,Barracas Central,Platense,1,2,A,,,,2.56,2.8,3.4,2.46,2.72,3.25,2.64,2.9,3.5,2.5,2.65,3.4,11,19,6,7,18,10,4,4
ARG,Liga Profesional,2026,23/08/2026,18:45,Sarmiento Junin,Estudiantes L.P.,2,0,H,,,,3.2,3,2.6,2.99,2.91,2.49,3.3,3.1,2.64,3.2,2.82,2.55,11,19,6,6,17,9,3,5
ARG,Liga Profesional,2026,23/08/2026,21:00,Belgrano,Defensa y Justicia,1,2,A,,,,1.85,3.4,5,1.81,3.3,4.48,1.92,3.5,5,1.79,3.25,5,25,9,6,4,7,15,8,0
ARG,Liga Profesional,2026,23/08/2026,23:15,River Plate,Velez Sarsfield,2,2,D,,,,1.67,3.5,6.5,1.62,3.39,5.97,1.7,3.7,6.8,1.61,3.25,6.5,13,11,3,4,13,13,3,5
ARG,Liga Profesional,2026,24/08/2026,01:30,Racing Club,Boca Juniors,1,1,D,,,,3.2,3,2.57,3.07,2.88,2.46,3.4,3.05,2.6,3.2,2.75,2.57,14,15,5,2,11,9,5,1
ARG,Liga Profesional,2026,24/08/2026,23:00,Tigre,Central Cordoba,2,1,H,,,,1.67,3.5,7,1.63,3.35,6.19,1.71,3.55,7.2,1.57,3.4,7,15,12,2,2,12,13,4,5
ARG,Liga Profesional,2026,25/08/2026,01:15,Lanus,Argentinos Jrs,1,1,D,,,,2.55,3,3.2,2.48,2.88,3.02,2.6,3.1,3.3,2.55,2.82,3.2,14,14,8,4,8,7,5,2
ARG,Liga Profesional,2026,25/08/2026,01:15,Talleres Cordoba,Rosario Central,2,2,D,,,,3.4,3.1,2.7,2.95,2.91,2.52,3.1,3.05,2.72,3.1,3,2.45,6,25,3,11,15,14,1,10
ARG,Liga Profesional,2026,28/08/2026,23:00,Union de Santa Fe,Sarmiento Junin,4,1,H,,,,1.98,3.25,4.5,1.92,3.14,4.17,2.02,3.35,4.6,1.96,3.1,4.5,12,11,5,6,11,11,2,4
ARG,Liga Profesional,2026,29/08/2026,01:30,Boca Juniors,Lanus,1,0,H,,,,1.93,3.3,4.75,1.88,3.17,4.29,1.97,3.3,5.1,1.91,3.25,4.2,19,10,4,2,8,15,11,3
ARG,Liga Profesional,2026,29/08/2026,18:45,Dep. Riestra,Velez Sarsfield,1,1,D,,,,2.6,2.8,3.3,2.52,2.72,3.16,2.74,2.88,3.35,2.5,2.75,3.3,7,13,3,5,14,9,2,6
ARG,Liga Profesional,2026,29/08/2026,21:00,Rosario Central,Gimnasia L.P.,1,2,A,,,,1.61,3.9,6.5,1.57,3.7,5.77,1.65,4,6.6,1.53,3.9,6.25,14,11,7,3,13,12,11,3
ARG,Liga Profesional,2026,29/08/2026,23:00,Huracan,Estudiantes Rio Cuarto,1,1,D,,,,1.7,3.2,7,1.66,3.09,6.52,1.73,3.3,7.6,1.66,3.1,7,18,5,2,1,12,17,8,2
ARG,Liga Profesional,2026,30/08/2026,01:30,Atl. Tucuman,Belgrano,0,0,D,,,,2.55,2.9,3.2,2.51,2.81,3.08,2.7,2.94,3.35,2.55,2.82,3.2,17,10,2,3,11,8,7,3
ARG,Liga Profesional,2026,30/08/2026,01:30,Talleres Cordoba,Central Cordoba,0,0,D,,,,1.84,3.4,5.5,1.79,3.26,4.86,1.86,3.5,5.4,1.76,3.25,5.5,24,16,5,4,9,11,6,6
ARG,Liga Profesional,2026,30/08/2026,19:00,Banfield,River Plate,2,3,A,,,,7.5,4.2,1.52,7.07,3.87,1.46,8.6,4.2,1.53,7.5,3.9,1.46,14,19,5,8,9,13,4,3
ARG,Liga Profesional,2026,30/08/2026,21:00,Argentinos Jrs,Aldosivi,2,1,H,,,,1.37,4.6,11.5,1.33,4.36,10.06,1.38,4.9,12.5,1.35,4.2,11,24,7,7,2,7,14,14,2
ARG,Liga Profesional,2026,30/08/2026,23:15,Independiente,Gimnasia Mendoza,0,3,A,,,,1.83,3.4,5.75,1.77,3.29,4.77,1.84,3.5,5.4,1.71,3.25,5.75,11,11,4,4,7,15,7,4
ARG,Liga Profesional,2026,31/08/2026,01:30,Ind. Rivadavia,Racing Club,3,1,H,,,,2,3.25,4.33,1.95,3.12,4.05,2.04,3.4,4.5,1.96,3.1,4.33,19,11,9,4,15,12,3,5
ARG,Liga Profesional,2026,31/08/2026,23:00,Defensa y Justicia,Platense,1,0,H,,,,2.57,3,3.2,2.49,2.86,3.04,2.7,3,3.25,2.55,2.82,3.2,10,13,3,3,11,15,6,7
ARG,Liga Profesional,2026,31/08/2026,23:00,Estudiantes L.P.,Newells Old Boys,0,0,D,,,,1.62,3.6,7,1.6,3.45,6.14,1.68,3.75,6.8,1.57,3.4,7,24,9,9,2,10,15,6,0
ARG,Liga Profesional,2026,01/09/2026,01:15,Instituto,San Lorenzo,1,0,H,,,,1.91,3.1,5,1.88,2.99,4.59,1.97,3.15,5.2,1.86,3.1,4.5,19,5,3,1,8,11,11,1
ARG,Liga Profesional,2026,01/09/2026,01:15,Tigre,Barracas Central,0,0,D,,,,1.85,3.1,5.5,1.81,2.98,5.08,1.91,3.2,5.8,1.81,2.85,5.25,6,14,1,2,11,13,3,5
ARG,Liga Profesional,2026,04/09/2026,20:45,Estudiantes Rio Cuarto,Sarmiento Junin,0,2,A,,,,3.6,2.88,2.4,3.39,2.77,2.35,3.7,2.96,2.52,3.5,2.82,2.3,18,12,3,4,9,6,14,1
ARG,Liga Profesional,2026,04/09/2026,23:00,Belgrano,Huracan,1,1,D,,,,2.08,3,4.5,2.01,2.9,4.23,2.16,3,4.7,1.96,3,4.5,21,7,8,3,10,9,6,3
ARG,Liga Profesional,2026,04/09/2026,23:00,Platense,Dep. Riestra,1,1,D,,,,2.82,2.8,3.1,2.72,2.7,2.94,2.94,2.78,3.25,2.82,2.75,2.85,10,6,3,4,7,21,3,3
ARG,Liga Profesional,2026,05/09/2026,17:30,Aldosivi,Banfield,3,1,H,,,,2.75,3,2.85,2.65,2.94,2.76,2.86,3.1,2.98,2.57,3,2.85,20,13,9,3,18,13,8,4
ARG,Liga Profesional,2026,05/09/2026,18:30,Gimnasia L.P.,Tigre,2,1,H,,,,2.42,2.9,3.4,2.37,2.84,3.26,2.5,2.98,3.6,2.35,2.85,3.4,14,12,6,3,15,14,5,1
ARG,Liga Profesional,2026,05/09/2026,20:30,Gimnasia Mendoza,Boca Juniors,2,2,D,,,,3.25,3.05,2.55,3.08,2.9,2.42,3.25,3,2.64,3.1,2.75,2.5,17,12,7,6,6,8,5,6
ARG,Liga Profesional,2026,05/09/2026,23:00,San Lorenzo,Talleres Cordoba,1,0,H,,,,2.38,3,3.4,2.31,2.95,3.24,2.44,3.1,3.6,2.3,3,3.4,19,15,4,6,12,15,6,4
ARG,Liga Profesional,2026,06/09/2026,01:15,Velez Sarsfield,Estudiantes L.P.,1,0,H,,,,2.8,2.82,3.2,2.66,2.69,2.99,2.9,2.84,3.2,2.75,2.55,3.2,11,6,3,2,16,19,5,1
ARG,Liga Profesional,2026,06/09/2026,18:45,Rosario Central,Newells Old Boys,1,1,D,,,,1.61,3.75,7,1.56,3.6,6.17,1.65,3.75,7.2,1.56,3.6,6.5,12,5,2,2,20,21,10,2
ARG,Liga Profesional,2026,06/09/2026,21:00,Central Cordoba,Independiente,0,1,A,,,,3.3,3.1,2.45,3.13,3,2.37,3.25,3.15,2.6,3.3,3,2.35,30,15,5,5,11,9,11,3
ARG,Liga Profesional,2026,06/09/2026,21:00,Lanus,Defensa y Justicia,1,0,H,,,,1.87,3.3,5,1.84,3.19,4.48,1.93,3.35,5,1.81,3.2,5,15,12,5,4,14,11,7,4
ARG,Liga Profesional,2026,06/09/2026,23:15,River Plate,Ind. Rivadavia,3,1,H,,,,1.72,3.6,6,1.67,3.42,5.35,1.73,3.7,6.4,1.62,3.4,6,15,10,10,5,11,16,2,0
ARG,Liga Profesional,2026,07/09/2026,01:30,Racing Club,Atl. Tucuman,1,2,A,,,,2.1,3.15,4.4,1.99,3.04,4.05,2.12,3.2,4.4,2.1,3,4.1,19,12,4,6,8,12,3,3
ARG,Liga Profesional,2026,07/09/2026,23:00,Barracas Central,Argentinos Jrs,0,0,D,,,,4.2,3,2.1,3.95,2.87,2.08,4.4,3,2.22,4.2,2.75,2.1,7,7,1,3,26,12,3,4
ARG,Liga Profesional,2026,08/09/2026,01:15,Union de Santa Fe,Instituto,3,2,H,,,,3,2.98,2.72,2.86,2.88,2.61,3.1,3.05,2.78,3,2.85,2.65,9,11,4,2,6,12,2,7
ARG,Liga Profesional,2026,11/09/2026,21:00,Newells Old Boys,Velez Sarsfield,1,1,D,,,,2.74,3,3,2.64,2.89,2.82,2.82,2.98,3.1,2.65,3,2.85,15,7,6,1,13,13,8,2
ARG,Liga Profesional,2026,11/09/2026,23:15,Defensa y Justicia,Gimnasia Mendoza,2,0,H,,,,2,3.5,3.8,1.97,3.33,3.67,2.04,3.55,4.2,1.96,3.5,3.6,10,16,6,1,18,9,5,6
ARG,Liga Profesional,2026,12/09/2026,01:30,Boca Juniors,Central Cordoba,3,1,H,,,,1.58,3.95,6.5,1.55,3.79,6.16,1.6,4,7.4,1.56,3.9,6,9,15,6,1,15,10,2,6
ARG,Liga Profesional,2026,12/09/2026,18:45,Estudiantes L.P.,Platense,2,1,H,,,,2.01,3.1,4.5,1.97,2.96,4.25,2.12,3.15,4.5,2.01,2.85,4.5,16,12,10,2,15,19,2,2
ARG,Liga Profesional,2026,12/09/2026,18:45,Ind. Rivadavia,Aldosivi,4,3,H,,,,1.44,4.4,8.5,1.4,4.19,7.73,1.47,4.6,8.8,1.42,4.2,8,15,25,8,9,13,10,2,7
ARG,Liga Profesional,2026,12/09/2026,21:30,Atl. Tucuman,River Plate,1,2,A,,,,4.2,3.13,2.05,3.92,3.01,2.03,4.2,3.2,2.18,4.2,3,2.01,6,18,1,5,7,7,1,5
ARG,Liga Profesional,2026,13/09/2026,00:00,Talleres Cordoba,Union de Santa Fe,2,1,H,,,,2.24,3.1,3.9,2.13,2.95,3.68,2.28,3.05,4.1,2.1,2.85,3.9,23,17,8,4,12,10,11,4
ARG,Liga Profesional,2026,13/09/2026,18:45,Sarmiento Junin,Belgrano,1,1,D,,,,3.4,3,2.45,3.18,2.91,2.35,3.55,3.1,2.5,3.4,2.85,2.32,9,17,4,7,13,10,3,7
ARG,Liga Profesional,2026,13/09/2026,18:45,Tigre,Rosario Central,0,1,A,,,,3.45,2.8,2.5,3.28,2.75,2.44,3.55,2.92,2.6,3.4,2.7,2.5,13,12,3,6,13,8,4,4
ARG,Liga Profesional,2026,13/09/2026,21:00,Argentinos Jrs,Gimnasia L.P.,1,1,D,,,,1.8,3.5,5.25,1.73,3.38,4.9,1.83,3.55,5.5,1.71,3.3,5.25,14,9,2,2,6,16,6,3
ARG,Liga Profesional,2026,13/09/2026,23:15,Independiente,San Lorenzo,1,1,D,,,,2.12,3.1,4.33,2.05,2.94,3.99,2.18,3.05,4.4,1.96,3.1,4.33,23,8,5,3,12,17,8,6
ARG,Liga Profesional,2026,14/09/2026,01:30,Huracan,Racing Club,2,1,H,,,,2.66,2.88,3.3,2.53,2.8,3.06,2.66,3,3.3,2.5,2.75,3.3,21,15,6,9,11,10,3,5
ARG,Liga Profesional,2026,14/09/2026,23:00,Banfield,Barracas Central,1,1,D,,,,2.7,2.9,3.3,2.5,2.79,3.12,2.64,2.96,3.5,2.7,2.57,3.2,8,10,4,3,17,5,1,6
ARG,Liga Profesional,2026,14/09/2026,23:00,Dep. Riestra,Lanus,0,3,A,,,,3.1,2.8,2.9,3.03,2.61,2.71,3.2,2.78,2.92,3,2.65,2.75,23,11,6,6,18,8,4,4
ARG,Liga Profesional,2026,15/09/2026,01:15,Instituto,Estudiantes Rio Cuarto,2,1,H,,,,1.45,3.85,10,1.43,3.74,9.15,1.5,4.1,10.5,1.45,3.75,9.5,13,11,4,5,10,12,2,3
ARG,Liga Profesional,2026,18/09/2026,22:00,Central Cordoba,Defensa y Justicia,2,2,D,,,,2.85,3.13,2.65,2.78,3.07,2.59,3,3.2,2.72,2.85,3,2.65,17,17,6,7,4,19,8,1
ARG,Liga Profesional,2026,19/09/2026,01:15,Racing Club,Sarmiento Junin,3,1,H,,,,1.85,3.5,4.5,1.81,3.38,4.33,1.91,3.6,4.8,1.81,3.4,4.5,16,9,6,1,7,13,7,2
ARG,Liga Profesional,2026,19/09/2026,18:30,Gimnasia L.P.,Banfield,2,2,D,,,,1.67,3.8,6,1.63,3.63,5.28,1.7,3.9,6,1.57,3.7,6,23,11,7,5,9,16,6,2
ARG,Liga Profesional,2026,19/09/2026,18:30,Gimnasia Mendoza,Dep. Riestra,0,0,D,,,,2.45,2.9,3.45,2.36,2.82,3.32,2.52,2.94,3.65,2.45,2.75,3.4,16,9,3,2,10,10,4,2
ARG,Liga Profesional,2026,19/09/2026,20:45,Union de Santa Fe,Independiente,1,2,A,,,,2.42,3.13,3.5,2.31,3.02,3.18,2.44,3.15,3.5,2.25,3.1,3.5,20,8,4,4,11,12,6,1
ARG,Liga Profesional,2026,19/09/2026,23:00,River Plate,Huracan,1,2,A,,,,1.53,3.9,8.5,1.49,3.7,7.17,1.55,4.1,8.4,1.49,3.6,8.5,20,7,3,2,7,14,5,0
ARG,Liga Profesional,2026,20/09/2026,01:15,Instituto,Talleres Cordoba,3,1,H,,,,2.3,3.1,4.55,2.04,3.01,3.93,2.08,3.15,4.5,2.01,3,4.33,17,6,6,1,12,14,4,2
ARG,Liga Profesional,2026,20/09/2026,18:45,San Lorenzo,Boca Juniors,0,2,A,,,,5.25,3.1,1.9,4.84,3,1.85,5.5,3.2,1.96,5.25,3,1.81,4,16,1,7,15,13,2,8
ARG,Liga Profesional,2026,20/09/2026,21:00,Platense,Newells Old Boys,0,1,A,,,,2.5,2.96,3.5,2.36,2.84,3.28,2.5,2.96,3.65,2.35,2.75,3.5,5,9,2,4,13,11,6,1
ARG,Liga Profesional,2026,20/09/2026,21:00,Rosario Central,Argentinos Jrs,1,0,H,,,,2.05,3.2,4.3,1.98,3.15,3.9,2.1,3.3,4.3,2.05,3.2,3.8,12,11,6,3,10,8,6,9
ARG,Liga Profesional,2026,20/09/2026,23:15,Belgrano,Estudiantes Rio Cuarto,2,1,H,,,,1.45,4,11,1.42,3.83,8.78,1.48,4.1,11,1.41,3.7,11,15,16,6,5,11,15,6,5
ARG,Liga Profesional,2026,21/09/2026,01:30,Velez Sarsfield,Tigre,3,2,H,,,,2.25,3,3.8,2.17,2.89,3.65,2.32,3,4.1,2.15,2.85,3.8,23,13,8,9,9,9,2,7
ARG,Liga Profesional,2026,21/09/2026,18:30,Aldosivi,Atl. Tucuman,1,0,H,,,,3.4,3,2.4,3.21,2.89,2.36,3.45,3.05,2.58,3.4,2.85,2.35,13,13,3,1,10,11,3,6
ARG,Liga Profesional,2026,21/09/2026,23:00,Barracas Central,Ind. Rivadavia,0,1,A,,,,3.5,3,2.38,3.38,2.89,2.27,3.75,3,2.46,3.5,2.85,2.3,8,14,2,7,11,11,7,5
ARG,Liga Profesional,2026,22/09/2026,01:15,Lanus,Estudiantes L.P.,2,1,H,,,,2.25,3,4,2.19,2.87,3.65,2.32,3,4,2.2,2.85,3.7,6,24,3,5,11,10,1,8
ARG,Liga Profesional,2026,02/10/2026,23:15,Independiente,Instituto,1,4,A,,,,,,,,,,,,,,,,8,13,2,6,13,9,3,7
ARG,Liga Profesional,2026,03/10/2026,01:30,Boca Juniors,Union de Santa Fe,3,0,H,,,,,,,,,,,,,,,,25,4,7,1,7,11,2,1
ARG,Liga Profesional,2026,03/10/2026,01:30,Ind. Rivadavia,Gimnasia L.P.,1,1,D,,,,,,,,,,,,,,,,21,15,6,4,8,6,5,3
ARG,Liga Profesional,2026,03/10/2026,18:45,Defensa y Justicia,San Lorenzo,3,0,H,,,,,,,,,,,,,,,,18,19,4,5,13,10,3,8
ARG,Liga Profesional,2026,03/10/2026,21:00,Atl. Tucuman,Barracas Central,2,3,A,,,,,,,,,,,,,,,,10,9,8,5,12,6,4,4
ARG,Liga Profesional,2026,03/10/2026,21:00,Newells Old Boys,Lanus,0,0,D,,,,,,,,,,,,,,,,8,11,3,3,11,13,3,5
