Country,League,Season,Date,Time,Home,Away,HG,AG,Res,PSCH,PSCD,PSCA,MaxCH,MaxCD,MaxCA,AvgCH,AvgCD,AvgCA,BFECH,BFECD,BFECA,B365CH,B365CD,B365CA
AUT,Bundesliga,2020/2021,11/09/2020,17:30,SK Rapid,Admira,4,1,H,1.4,5.21,7.4,1.42,5.5,8,1.37,4.91,7.22,,,,,,
AUT,Bundesliga,2020/2021,11/09/2020,19:30,LASK,Austria Vienna,1,0,H,1.53,4.64,5.94,1.6,4.7,6,1.51,4.42,5.63,,,,,,
AUT,Bundesliga,2020/2021,12/09/2020,16:00,Altach,Hartberg,1,1,D,2.08,4.04,3.32,2.18,4.04,3.5,2.04,3.77,3.21,,,,,,
AUT,Bundesliga,2020/2021,13/09/2020,13:30,Ried,Tirol,3,2,H,2.04,3.99,3.49,2.09,3.99,3.51,2,3.67,3.37,,,,,,
AUT,Bundesliga,2020/2021,13/09/2020,13:30,St. Polten,Sturm Graz,0,0,D,3.05,3.72,2.32,3.3,3.75,2.37,3.01,3.5,2.22,,,,,,
AUT,Bundesliga,2020/2021,13/09/2020,16:00,Wolfsberger AC,Salzburg,1,3,A,8.25,6.08,1.34,8.5,6.08,1.37,7.68,5.6,1.32,,,,,,
AUT,Bundesliga,2020/2021,19/09/2020,16:00,Salzburg,Altach,4,1,H,1.09,11.29,18.27,1.13,11.29,24,1.09,10.15,19.01,,,,,,
AUT,Bundesliga,2020/2021,19/09/2020,16:00,Sturm Graz,SK Rapid,1,1,D,4.43,4.45,1.72,4.75,4.45,1.84,4.31,4.06,1.71,,,,,,
AUT,Bundesliga,2020/2021,19/09/2020,16:00,Tirol,LASK,1,1,D,6.73,4.78,1.48,6.73,4.88,1.5,6.16,4.57,1.46,,,,,,
AUT,Bundesliga,2020/2021,20/09/2020,13:30,Admira,St. Polten,0,5,A,3.28,3.58,2.25,3.43,3.58,2.3,3.1,3.42,2.22,,,,,,
AUT,Bundesliga,2020/2021,20/09/2020,13:30,Hartberg,Wolfsberger AC,0,2,A,3.99,4.4,1.81,4.2,4.4,1.9,3.88,4.05,1.78,,,,,,
AUT,Bundesliga,2020/2021,20/09/2020,16:00,Austria Vienna,Ried,2,1,H,2.1,3.83,3.43,2.11,3.92,3.7,2.01,3.74,3.34,,,,,,
AUT,Bundesliga,2020/2021,26/09/2020,16:00,Altach,Tirol,0,2,A,2.01,3.95,3.61,2.06,3.95,3.93,1.93,3.72,3.55,,,,,,
AUT,Bundesliga,2020/2021,26/09/2020,16:00,Ried,Salzburg,1,3,A,11.85,6.85,1.22,13.5,8,1.25,10.71,6.82,1.21,,,,,,
AUT,Bundesliga,2020/2021,26/09/2020,16:00,St. Polten,SK Rapid,1,2,A,4.17,3.98,1.85,4.2,4.05,1.87,3.96,3.82,1.81,,,,,,
AUT,Bundesliga,2020/2021,27/09/2020,13:30,Austria Vienna,Admira,2,2,D,1.47,4.86,6.82,1.49,4.99,7.13,1.45,4.61,6.31,,,,,,
AUT,Bundesliga,2020/2021,27/09/2020,13:30,Hartberg,Sturm Graz,1,1,D,3.3,4.08,2.08,3.44,4.08,2.23,3.09,3.72,2.1,,,,,,
AUT,Bundesliga,2020/2021,27/09/2020,16:00,LASK,Wolfsberger AC,3,1,H,1.68,4.48,4.66,1.74,4.48,4.68,1.68,4.15,4.34,,,,,,
AUT,Bundesliga,2020/2021,03/10/2020,16:00,Admira,Ried,3,1,H,3.11,3.72,2.28,3.25,3.75,2.28,3.08,3.58,2.16,,,,,,
AUT,Bundesliga,2020/2021,03/10/2020,16:00,Tirol,Austria Vienna,0,2,A,3.09,3.65,2.33,3.2,3.72,2.33,2.95,3.56,2.24,,,,,,
AUT,Bundesliga,2020/2021,03/10/2020,16:00,Wolfsberger AC,St. Polten,2,4,A,1.77,4.14,4.49,1.83,4.15,4.49,1.75,3.91,4.15,,,,,,
AUT,Bundesliga,2020/2021,04/10/2020,13:30,Salzburg,Hartberg,7,1,H,1.07,15.01,30.51,1.07,15.5,36,1.05,13.57,27.06,,,,,,
AUT,Bundesliga,2020/2021,04/10/2020,13:30,Sturm Graz,Altach,4,0,H,1.91,4.01,3.91,2.64,4.01,4,1.91,3.71,3.7,,,,,,
AUT,Bundesliga,2020/2021,04/10/2020,16:00,SK Rapid,LASK,3,0,H,2.23,4.05,3,2.24,4.05,3.1,2.16,3.79,2.93,,,,,,
AUT,Bundesliga,2020/2021,24/10/2020,16:00,Altach,Admira,4,2,H,1.85,4.02,4.16,1.9,4.02,4.33,1.81,3.79,3.99,,,,,,
AUT,Bundesliga,2020/2021,24/10/2020,16:00,Austria Vienna,Salzburg,0,2,A,7.87,5.86,1.36,9,5.86,1.38,7.31,5.55,1.33,,,,,,
AUT,Bundesliga,2020/2021,24/10/2020,16:00,Ried,Sturm Graz,0,2,A,3.42,3.87,2.09,3.6,3.89,2.09,3.36,3.7,2,,,,,,
AUT,Bundesliga,2020/2021,25/10/2020,13:30,LASK,St. Polten,4,0,H,1.58,4.69,5.41,1.58,4.77,6,1.52,4.5,5.36,,,,,,
AUT,Bundesliga,2020/2021,25/10/2020,13:30,Tirol,Hartberg,1,1,D,2.17,4,3.15,2.22,4.13,3.15,2.11,3.86,2.97,,,,,,
AUT,Bundesliga,2020/2021,25/10/2020,16:00,Wolfsberger AC,SK Rapid,3,4,A,3.38,3.87,2.11,3.38,3.94,2.17,3.14,3.72,2.07,,,,,,
AUT,Bundesliga,2020/2021,31/10/2020,16:00,Hartberg,Austria Vienna,2,1,H,3.52,4.1,2,3.52,4.1,2.09,3.3,3.89,1.98,,,,,,
AUT,Bundesliga,2020/2021,31/10/2020,16:00,Salzburg,Tirol,5,0,H,1.12,10.99,22.06,1.13,11.52,23,1.1,9.86,19.11,,,,,,
AUT,Bundesliga,2020/2021,31/10/2020,16:00,St. Polten,Ried,4,0,H,1.93,4.17,3.69,1.96,4.2,3.8,1.88,3.98,3.54,,,,,,
AUT,Bundesliga,2020/2021,01/11/2020,13:30,Admira,Wolfsberger AC,1,3,A,3.43,3.81,2.11,3.53,3.81,2.12,3.34,3.68,2.02,,,,,,
AUT,Bundesliga,2020/2021,01/11/2020,13:30,SK Rapid,Altach,3,1,H,1.43,5.17,7.22,1.44,5.18,7.22,1.41,4.87,6.53,,,,,,
AUT,Bundesliga,2020/2021,01/11/2020,16:00,Sturm Graz,LASK,0,2,A,3.37,3.83,2.13,3.5,3.83,2.19,3.29,3.63,2.06,,,,,,
AUT,Bundesliga,2020/2021,07/11/2020,16:00,Altach,Austria Vienna,0,0,D,3.41,3.78,2.12,3.75,3.8,2.2,3.26,3.54,2.09,,,,,,
AUT,Bundesliga,2020/2021,07/11/2020,16:00,Ried,Hartberg,2,0,H,2.39,3.95,2.81,2.39,4.03,2.9,2.28,3.77,2.75,,,,,,
AUT,Bundesliga,2020/2021,07/11/2020,16:00,St. Polten,Tirol,0,1,A,2.26,4.02,2.96,2.31,4.02,3.2,2.18,3.77,2.91,,,,,,
AUT,Bundesliga,2020/2021,08/11/2020,13:30,LASK,Admira,4,0,H,1.18,8.12,14.65,1.2,8.12,15.43,1.18,7.13,13.07,,,,,,
AUT,Bundesliga,2020/2021,08/11/2020,16:00,SK Rapid,Salzburg,1,1,D,5.98,5.07,1.5,6,5.08,1.53,5.49,4.75,1.49,,,,,,
AUT,Bundesliga,2020/2021,21/11/2020,16:00,Altach,Wolfsberger AC,0,2,A,3.35,4.05,2.07,3.42,4.05,2.19,3.18,3.72,2.07,,,,,,
AUT,Bundesliga,2020/2021,21/11/2020,16:00,Hartberg,LASK,1,1,D,9.35,6.14,1.3,9.35,6.14,1.35,8.42,5.65,1.3,,,,,,
AUT,Bundesliga,2020/2021,21/11/2020,16:00,Salzburg,Sturm Graz,1,3,A,1.27,6.28,11.19,1.29,7,11.24,1.25,5.97,9.76,,,,,,
AUT,Bundesliga,2020/2021,22/11/2020,13:30,Austria Vienna,St. Polten,1,1,D,1.9,3.91,4.04,1.98,3.95,4.04,1.88,3.71,3.78,,,,,,
AUT,Bundesliga,2020/2021,22/11/2020,13:30,Tirol,Admira,3,0,H,1.7,4.27,4.82,1.74,4.27,5.25,1.69,3.97,4.51,,,,,,
AUT,Bundesliga,2020/2021,22/11/2020,16:00,Ried,SK Rapid,4,3,H,7.47,6.14,1.35,9,6.14,1.36,7.84,5.72,1.31,,,,,,
AUT,Bundesliga,2020/2021,28/11/2020,16:00,Admira,Hartberg,2,3,A,2.86,3.78,2.42,2.96,3.82,2.42,2.76,3.6,2.35,,,,,,
AUT,Bundesliga,2020/2021,28/11/2020,16:00,St. Polten,Salzburg,2,8,A,13.62,8.25,1.19,15,8.7,1.2,12.23,7.65,1.17,,,,,,
AUT,Bundesliga,2020/2021,28/11/2020,16:00,Sturm Graz,Tirol,1,0,H,1.8,3.99,4.45,1.95,4,4.5,1.79,3.78,4.12,,,,,,
AUT,Bundesliga,2020/2021,29/11/2020,13:30,LASK,Altach,3,0,H,1.23,6.94,12.04,1.28,6.94,12.44,1.24,6.25,10.42,,,,,,
AUT,Bundesliga,2020/2021,29/11/2020,13:30,Wolfsberger AC,Ried,1,1,D,1.67,4.48,4.81,1.7,4.78,5.53,1.63,4.22,4.64,,,,,,
AUT,Bundesliga,2020/2021,29/11/2020,16:00,SK Rapid,Austria Vienna,1,1,D,1.66,4.77,4.54,1.73,4.77,4.78,1.64,4.33,4.47,,,,,,
AUT,Bundesliga,2020/2021,05/12/2020,16:00,Admira,Salzburg,1,0,H,20.2,10.68,1.12,23,11,1.17,17.83,9.61,1.11,,,,,,
AUT,Bundesliga,2020/2021,05/12/2020,16:00,Altach,St. Polten,0,4,A,2.69,3.77,2.56,2.75,3.77,2.63,2.65,3.53,2.46,,,,,,
AUT,Bundesliga,2020/2021,05/12/2020,16:00,Austria Vienna,Sturm Graz,0,4,A,3.61,3.6,2.11,3.63,3.64,2.24,3.34,3.46,2.09,,,,,,
AUT,Bundesliga,2020/2021,06/12/2020,13:30,Hartberg,SK Rapid,1,3,A,5.63,5.27,1.51,6.2,5.28,1.56,5.68,4.94,1.45,,,,,,
AUT,Bundesliga,2020/2021,06/12/2020,13:30,Tirol,Wolfsberger AC,4,1,H,2.74,3.77,2.51,2.84,3.77,2.57,2.66,3.55,2.44,,,,,,
AUT,Bundesliga,2020/2021,06/12/2020,16:00,LASK,Ried,3,0,H,1.2,7.74,13.04,1.22,7.77,15,1.18,7.14,12.42,,,,,,
AUT,Bundesliga,2020/2021,12/12/2020,16:00,Ried,Altach,1,4,A,2.24,3.92,3.06,2.29,3.92,3.16,2.18,3.65,2.99,,,,,,
AUT,Bundesliga,2020/2021,12/12/2020,16:00,St. Polten,Hartberg,2,2,D,2.08,4.07,3.12,2.17,4.1,3.3,2.06,3.91,3.08,,,,,,
AUT,Bundesliga,2020/2021,12/12/2020,16:00,Sturm Graz,Admira,3,0,H,1.45,4.57,7.94,1.47,5,8,1.41,4.53,7.15,,,,,,
AUT,Bundesliga,2020/2021,13/12/2020,13:30,SK Rapid,Tirol,0,3,A,1.67,4.55,4.69,1.7,4.61,5,1.63,4.33,4.47,,,,,,
AUT,Bundesliga,2020/2021,13/12/2020,13:30,Wolfsberger AC,Austria Vienna,3,2,H,1.99,3.79,3.81,2.07,3.83,3.9,1.94,3.63,3.6,,,,,,
AUT,Bundesliga,2020/2021,13/12/2020,16:00,Salzburg,LASK,3,1,H,1.66,4.53,4.84,1.71,4.55,5,1.62,4.28,4.6,,,,,,
AUT,Bundesliga,2020/2021,19/12/2020,16:00,Admira,SK Rapid,0,1,A,6.56,5.32,1.44,6.64,5.32,1.48,6.23,4.88,1.43,,,,,,
AUT,Bundesliga,2020/2021,19/12/2020,16:00,Hartberg,Altach,1,0,H,2.15,4,3.18,2.2,4,3.23,2.1,3.76,3.09,,,,,,
AUT,Bundesliga,2020/2021,19/12/2020,16:00,Sturm Graz,St. Polten,3,0,H,1.55,4.87,5.52,1.6,4.87,6,1.52,4.47,5.47,,,,,,
AUT,Bundesliga,2020/2021,20/12/2020,13:30,Salzburg,Wolfsberger AC,2,3,A,1.23,7.05,11.91,1.26,7.25,12,1.23,6.69,9.7,,,,,,
AUT,Bundesliga,2020/2021,20/12/2020,13:30,Tirol,Ried,1,3,A,1.66,4.51,4.82,1.69,4.6,5,1.63,4.32,4.54,,,,,,
AUT,Bundesliga,2020/2021,20/12/2020,16:00,Austria Vienna,LASK,1,1,D,8.68,5.34,1.37,9.5,5.48,1.41,7.54,5.09,1.36,,,,,,
AUT,Bundesliga,2020/2021,17/01/2021,16:00,Wolfsberger AC,Sturm Graz,0,0,D,2.7,3.54,2.67,2.74,3.54,2.74,2.6,3.33,2.61,,,,,,
AUT,Bundesliga,2020/2021,22/01/2021,18:00,SK Rapid,Sturm Graz,4,1,H,2.02,3.89,3.62,2.15,3.89,3.75,2.03,3.56,3.44,,,,,,
AUT,Bundesliga,2020/2021,23/01/2021,16:00,Ried,Austria Vienna,0,1,A,2.69,3.79,2.55,2.84,3.79,2.55,2.7,3.56,2.42,,,,,,
AUT,Bundesliga,2020/2021,23/01/2021,16:00,St. Polten,Admira,2,2,D,1.98,3.89,3.74,1.98,3.89,4.21,1.9,3.6,3.84,,,,,,
AUT,Bundesliga,2020/2021,23/01/2021,16:00,Wolfsberger AC,Hartberg,0,0,D,1.6,4.33,5.7,1.65,4.5,5.7,1.57,4.2,5.15,,,,,,
AUT,Bundesliga,2020/2021,24/01/2021,13:30,Altach,Salzburg,0,2,A,16.26,9.07,1.16,19,9.07,1.17,14.56,8.09,1.15,,,,,,
AUT,Bundesliga,2020/2021,24/01/2021,16:00,LASK,Tirol,2,4,A,1.37,5.61,7.88,1.4,5.8,9,1.35,5.3,7.33,,,,,,
AUT,Bundesliga,2020/2021,26/01/2021,17:30,Admira,Austria Vienna,0,4,A,3.79,3.77,2,3.83,3.77,2.17,3.4,3.54,2.04,,,,,,
AUT,Bundesliga,2020/2021,26/01/2021,17:30,Sturm Graz,Hartberg,2,1,H,1.72,4.1,4.85,1.75,4.34,5.5,1.64,4.03,4.83,,,,,,
AUT,Bundesliga,2020/2021,27/01/2021,17:30,SK Rapid,St. Polten,2,1,H,1.39,5.41,7.77,1.39,5.75,8.5,1.36,5.24,7.2,,,,,,
AUT,Bundesliga,2020/2021,27/01/2021,17:30,Salzburg,Ried,3,0,H,1.13,10.04,21.94,1.14,11,21.99,1.11,9.31,18.32,,,,,,
AUT,Bundesliga,2020/2021,27/01/2021,17:30,Tirol,Altach,3,1,H,1.86,3.93,4.19,1.92,4.02,4.64,1.83,3.71,3.99,,,,,,
AUT,Bundesliga,2020/2021,27/01/2021,19:30,Wolfsberger AC,LASK,0,3,A,3.96,3.85,1.93,4,3.86,1.95,3.77,3.66,1.89,,,,,,
AUT,Bundesliga,2020/2021,30/01/2021,16:00,Altach,Sturm Graz,2,1,H,4.8,3.84,1.78,4.94,4,1.8,4.58,3.72,1.73,,,,,,
AUT,Bundesliga,2020/2021,30/01/2021,16:00,Hartberg,Salzburg,0,3,A,14.82,8.08,1.18,17,8.5,1.2,13.49,7.82,1.16,,,,,,
AUT,Bundesliga,2020/2021,30/01/2021,16:00,Ried,Admira,0,0,D,2.04,3.87,3.58,2.06,3.87,3.78,1.98,3.71,3.46,,,,,,
AUT,Bundesliga,2020/2021,31/01/2021,13:30,Austria Vienna,Tirol,2,2,D,2.57,3.65,2.75,2.75,3.7,2.86,2.56,3.47,2.58,,,,,,
AUT,Bundesliga,2020/2021,31/01/2021,13:30,St. Polten,Wolfsberger AC,0,2,A,4.34,4.22,1.78,4.34,4.22,1.87,4.02,4.01,1.76,,,,,,
AUT,Bundesliga,2020/2021,31/01/2021,16:00,LASK,SK Rapid,1,2,A,1.84,4.12,4.1,1.92,4.12,4.24,1.82,3.87,3.88,,,,,,
AUT,Bundesliga,2020/2021,09/02/2021,17:30,Sturm Graz,Ried,2,1,H,1.66,4,5.62,1.67,4.24,5.75,1.61,3.92,5.19,,,,,,
AUT,Bundesliga,2020/2021,09/02/2021,19:30,SK Rapid,Wolfsberger AC,1,0,H,1.79,4.08,4.43,1.81,4.08,4.43,1.76,3.89,4.12,,,,,,
AUT,Bundesliga,2020/2021,10/02/2021,17:30,Admira,Altach,3,1,H,2.84,3.31,2.68,2.87,3.5,2.68,2.7,3.25,2.56,,,,,,
AUT,Bundesliga,2020/2021,10/02/2021,17:30,St. Polten,LASK,1,3,A,9.37,6.11,1.31,10.5,6.11,1.32,8.92,5.73,1.28,,,,,,
AUT,Bundesliga,2020/2021,10/02/2021,19:30,Salzburg,Austria Vienna,3,1,H,1.19,7.86,14.62,1.21,8.5,15,1.18,7.22,12.7,,,,,,
AUT,Bundesliga,2020/2021,13/02/2021,16:00,Altach,SK Rapid,0,0,D,5.86,4.81,1.53,6.03,4.81,1.55,5.51,4.52,1.5,,,,,,
AUT,Bundesliga,2020/2021,13/02/2021,16:00,Tirol,Salzburg,2,4,A,9.25,6.69,1.29,10,6.69,1.31,8.54,6.11,1.27,,,,,,
AUT,Bundesliga,2020/2021,13/02/2021,16:00,Wolfsberger AC,Admira,2,1,H,1.69,4.01,5.24,1.7,4.04,5.32,1.67,3.8,4.89,,,,,,
AUT,Bundesliga,2020/2021,14/02/2021,13:30,Austria Vienna,Hartberg,0,1,A,2.13,3.68,3.48,2.13,3.98,3.78,2.06,3.58,3.32,,,,,,
AUT,Bundesliga,2020/2021,14/02/2021,13:30,Ried,St. Polten,1,1,D,2.35,3.84,2.92,2.4,3.86,2.92,2.28,3.67,2.81,,,,,,
AUT,Bundesliga,2020/2021,14/02/2021,16:00,LASK,Sturm Graz,2,0,H,1.61,4.42,5.43,1.64,4.5,5.5,1.58,4.23,5.09,,,,,,
AUT,Bundesliga,2020/2021,20/02/2021,16:00,Austria Vienna,Altach,5,1,H,1.84,3.97,4.26,1.87,4.03,4.44,1.79,3.78,4.05,,,,,,
AUT,Bundesliga,2020/2021,20/02/2021,16:00,Hartberg,Ried,1,1,D,2.5,3.65,2.83,2.55,3.76,2.92,2.37,3.54,2.75,,,,,,
AUT,Bundesliga,2020/2021,20/02/2021,16:00,Tirol,St. Polten,0,1,A,1.78,4.35,4.19,1.84,4.37,4.33,1.74,4.12,4.02,,,,,,
AUT,Bundesliga,2020/2021,21/02/2021,13:30,Admira,LASK,1,2,A,9.12,5.64,1.34,9.8,5.75,1.35,8.77,5.38,1.3,,,,,,
AUT,Bundesliga,2020/2021,21/02/2021,13:30,Sturm Graz,Wolfsberger AC,1,2,A,2.29,3.37,3.4,2.35,3.42,3.42,2.23,3.26,3.2,,,,,,
AUT,Bundesliga,2020/2021,21/02/2021,16:00,Salzburg,SK Rapid,4,2,H,1.52,5.11,5.69,1.57,5.11,5.91,1.51,4.61,5.29,,,,,,
AUT,Bundesliga,2020/2021,23/02/2021,17:30,Hartberg,Tirol,1,0,H,2.8,3.5,2.6,2.8,3.56,2.65,2.71,3.36,2.48,,,,,,
AUT,Bundesliga,2020/2021,27/02/2021,16:00,Admira,Tirol,1,1,D,3.37,3.6,2.2,3.46,3.8,2.21,3.23,3.53,2.1,,,,,,
AUT,Bundesliga,2020/2021,27/02/2021,16:00,LASK,Hartberg,1,2,A,1.37,5.41,8.5,1.4,5.66,8.5,1.34,5.19,7.64,,,,,,
AUT,Bundesliga,2020/2021,27/02/2021,16:00,SK Rapid,Ried,1,0,H,1.4,5.31,7.69,1.44,5.5,8,1.38,5.01,7.01,,,,,,
AUT,Bundesliga,2020/2021,28/02/2021,13:30,St. Polten,Austria Vienna,0,2,A,3.63,3.99,1.99,3.8,4,2.09,3.32,3.77,2,,,,,,
AUT,Bundesliga,2020/2021,28/02/2021,13:30,Wolfsberger AC,Altach,0,1,A,1.76,3.77,5.08,1.78,4,5.5,1.68,3.76,4.86,,,,,,
AUT,Bundesliga,2020/2021,28/02/2021,16:00,Sturm Graz,Salzburg,2,1,H,8.13,4.99,1.41,8.13,5.23,1.45,6.95,4.77,1.4,,,,,,
AUT,Bundesliga,2020/2021,06/03/2021,16:00,Altach,LASK,0,1,A,7.84,4.95,1.42,8.5,5,1.46,7.42,4.7,1.39,,,,,,
AUT,Bundesliga,2020/2021,06/03/2021,16:00,Hartberg,Admira,2,1,H,2.33,3.51,3.19,2.37,3.8,3.3,2.22,3.43,3.08,,,,,,
AUT,Bundesliga,2020/2021,06/03/2021,16:00,Tirol,Sturm Graz,1,1,D,3.1,3.61,2.33,3.1,3.66,2.36,2.99,3.47,2.25,,,,,,
AUT,Bundesliga,2020/2021,07/03/2021,13:30,Ried,Wolfsberger AC,0,4,A,4.27,4.02,1.83,4.34,4.02,1.86,4.11,3.72,1.81,,,,,,
AUT,Bundesliga,2020/2021,07/03/2021,13:30,Salzburg,St. Polten,4,1,H,1.09,12.71,22.97,1.1,14.03,36,1.07,11.62,24.86,,,,,,
AUT,Bundesliga,2020/2021,07/03/2021,16:00,Austria Vienna,SK Rapid,0,0,D,4.33,4.35,1.76,4.75,4.35,1.83,4.17,4.07,1.72,,,,,,
AUT,Bundesliga,2020/2021,13/03/2021,16:00,Salzburg,Admira,3,1,H,1.09,13.55,31.61,1.09,14,34,1.07,11.22,24.61,,,,,,
AUT,Bundesliga,2020/2021,14/03/2021,16:00,SK Rapid,Hartberg,4,0,H,1.45,5.03,7.04,1.47,5.4,7.5,1.42,4.78,6.48,,,,,,
AUT,Bundesliga,2020/2021,14/03/2021,16:00,Ried,LASK,0,3,A,8,5.17,1.4,8.54,5.34,1.44,7.37,4.87,1.38,,,,,,
AUT,Bundesliga,2020/2021,14/03/2021,16:00,St. Polten,Altach,0,1,A,2.49,3.62,2.86,2.58,3.62,3,2.42,3.41,2.77,,,,,,
AUT,Bundesliga,2020/2021,14/03/2021,16:00,Sturm Graz,Austria Vienna,2,1,H,2.05,3.61,3.8,2.13,3.65,3.8,2.01,3.44,3.57,,,,,,
AUT,Bundesliga,2020/2021,14/03/2021,16:00,Wolfsberger AC,Tirol,3,5,A,1.83,3.98,4.29,1.98,3.99,4.29,1.82,3.71,4.02,,,,,,
AUT,Bundesliga,2020/2021,20/03/2021,16:00,LASK,Salzburg,0,1,A,4.12,4.05,1.85,4.18,4.07,1.88,3.93,3.8,1.82,,,,,,
AUT,Bundesliga,2020/2021,21/03/2021,16:00,Admira,Sturm Graz,0,0,D,4.69,3.85,1.79,4.75,4.09,1.82,4.49,3.7,1.75,,,,,,
AUT,Bundesliga,2020/2021,21/03/2021,16:00,Altach,Ried,2,1,H,2.42,3.26,3.26,2.48,3.46,3.3,2.38,3.15,3.04,,,,,,
AUT,Bundesliga,2020/2021,21/03/2021,16:00,Austria Vienna,Wolfsberger AC,3,5,A,3.12,3.61,2.33,3.17,3.78,2.38,2.94,3.49,2.27,,,,,,
AUT,Bundesliga,2020/2021,21/03/2021,16:00,Hartberg,St. Polten,3,3,D,1.96,3.74,3.95,2.02,3.84,4.1,1.9,3.61,3.79,,,,,,
AUT,Bundesliga,2020/2021,21/03/2021,16:00,Tirol,SK Rapid,1,1,D,3.9,4.25,1.86,4.29,4.31,1.86,3.82,4.02,1.8,,,,,,
AUT,Bundesliga,2020/2021,03/04/2021,16:00,Austria Vienna,Altach,2,0,H,2.04,3.78,3.66,2.06,3.8,3.75,1.98,3.58,3.55,,,,,,
AUT,Bundesliga,2020/2021,03/04/2021,16:00,Ried,Hartberg,3,2,H,2.5,3.55,2.88,2.79,3.55,2.9,2.48,3.35,2.75,,,,,,
AUT,Bundesliga,2020/2021,03/04/2021,16:00,St. Polten,Admira,0,1,A,2.71,3.49,2.69,2.74,3.63,2.81,2.59,3.39,2.6,,,,,,
AUT,Bundesliga,2020/2021,04/04/2021,13:30,Tirol,LASK,2,0,H,5.46,4.98,1.54,6,4.98,1.71,5.27,4.56,1.52,,,,,,
AUT,Bundesliga,2020/2021,04/04/2021,13:30,Wolfsberger AC,SK Rapid,1,8,A,3.34,3.63,2.2,3.45,3.84,2.2,3.19,3.62,2.1,,,,,,
AUT,Bundesliga,2020/2021,04/04/2021,16:00,Salzburg,Sturm Graz,3,1,H,1.23,6.89,12.11,1.27,6.89,12.11,1.23,6.27,10.58,,,,,,
AUT,Bundesliga,2020/2021,10/04/2021,16:00,Admira,Ried,0,2,A,2.14,3.48,3.66,2.25,3.48,3.66,2.16,3.31,3.33,,,,,,
AUT,Bundesliga,2020/2021,10/04/2021,16:00,Altach,St. Polten,1,0,H,2.21,3.62,3.33,2.35,3.7,3.33,2.26,3.44,3.02,,,,,,
AUT,Bundesliga,2020/2021,10/04/2021,16:00,Hartberg,Austria Vienna,1,0,H,2.78,3.64,2.54,2.83,3.74,2.54,2.68,3.55,2.44,,,,,,
AUT,Bundesliga,2020/2021,11/04/2021,13:30,LASK,Wolfsberger AC,2,1,H,1.61,4.31,5.63,1.63,4.46,5.75,1.58,4.16,5.27,,,,,,
AUT,Bundesliga,2020/2021,11/04/2021,13:30,Sturm Graz,Tirol,3,2,H,2.01,3.77,3.78,2.05,3.77,3.87,1.98,3.57,3.58,,,,,,
AUT,Bundesliga,2020/2021,11/04/2021,16:00,SK Rapid,Salzburg,0,3,A,4.79,4.64,1.65,5.2,4.64,1.7,4.61,4.24,1.64,,,,,,
AUT,Bundesliga,2020/2021,17/04/2021,16:00,Admira,Hartberg,0,1,A,2.69,3.53,2.69,2.81,3.63,2.72,2.58,3.39,2.6,,,,,,
AUT,Bundesliga,2020/2021,17/04/2021,16:00,Ried,Altach,0,0,D,2.37,3.42,3.18,2.41,3.52,3.28,2.33,3.26,3.03,,,,,,
AUT,Bundesliga,2020/2021,17/04/2021,16:00,St. Polten,Austria Vienna,1,2,A,2.94,3.75,2.38,3.08,3.75,2.4,2.86,3.54,2.31,,,,,,
AUT,Bundesliga,2020/2021,18/04/2021,13:30,Salzburg,LASK,2,0,H,1.51,4.8,6.17,1.54,4.99,6.18,1.48,4.58,5.82,,,,,,
AUT,Bundesliga,2020/2021,18/04/2021,13:30,Wolfsberger AC,Tirol,2,0,H,2.04,3.94,3.52,2.08,3.97,3.81,1.95,3.77,3.5,,,,,,
AUT,Bundesliga,2020/2021,18/04/2021,16:00,SK Rapid,Sturm Graz,0,0,D,1.91,4.19,3.73,1.98,4.39,3.82,1.88,3.89,3.61,,,,,,
AUT,Bundesliga,2020/2021,20/04/2021,17:30,Altach,Admira,0,1,A,2.51,3.16,3.19,2.53,3.35,3.2,2.46,3.11,2.95,,,,,,
AUT,Bundesliga,2020/2021,20/04/2021,17:30,Hartberg,St. Polten,0,0,D,2.04,3.74,3.68,2.07,3.89,3.73,1.98,3.65,3.47,,,,,,
AUT,Bundesliga,2020/2021,20/04/2021,19:30,Austria Vienna,Ried,2,2,D,1.74,4.22,4.57,1.83,4.24,4.71,1.71,3.95,4.37,,,,,,
AUT,Bundesliga,2020/2021,21/04/2021,17:30,Sturm Graz,Wolfsberger AC,0,1,A,2.49,3.52,2.92,2.54,3.79,3.16,2.35,3.46,2.86,,,,,,
AUT,Bundesliga,2020/2021,21/04/2021,17:30,Tirol,Salzburg,3,2,H,11.49,6.96,1.24,12,7.2,1.25,10.66,6.76,1.21,,,,,,
AUT,Bundesliga,2020/2021,21/04/2021,19:30,LASK,SK Rapid,1,1,D,2.25,3.81,3.11,2.32,3.9,3.19,2.16,3.7,3.01,,,,,,
AUT,Bundesliga,2020/2021,24/04/2021,16:00,Admira,Austria Vienna,0,2,A,3.16,3.67,2.28,3.26,3.69,2.28,3.09,3.51,2.2,,,,,,
AUT,Bundesliga,2020/2021,24/04/2021,16:00,Altach,Hartberg,2,2,D,2.93,3.53,2.48,3.01,3.72,2.62,2.8,3.35,2.44,,,,,,
AUT,Bundesliga,2020/2021,24/04/2021,16:00,Ried,St. Polten,2,1,H,2.32,3.67,3.08,2.46,3.7,3.18,2.28,3.47,2.96,,,,,,
AUT,Bundesliga,2020/2021,25/04/2021,13:30,SK Rapid,Tirol,4,0,H,1.51,5.15,5.78,1.53,5.2,5.87,1.48,4.81,5.54,,,,,,
AUT,Bundesliga,2020/2021,25/04/2021,13:30,Wolfsberger AC,Salzburg,1,2,A,8.47,6.11,1.32,8.5,6.61,1.34,7.85,5.88,1.3,,,,,,
AUT,Bundesliga,2020/2021,25/04/2021,16:00,Sturm Graz,LASK,3,1,H,3.64,3.72,2.06,3.75,3.76,2.13,3.46,3.54,2.03,,,,,,
AUT,Bundesliga,2020/2021,27/04/2021,17:30,Austria Vienna,Admira,0,0,D,1.98,3.65,4,2.02,3.83,4.19,1.92,3.54,3.81,,,,,,
AUT,Bundesliga,2020/2021,27/04/2021,17:30,Hartberg,Altach,2,1,H,2.13,3.58,3.58,2.13,3.66,3.69,2.06,3.46,3.45,,,,,,
AUT,Bundesliga,2020/2021,27/04/2021,17:30,St. Polten,Ried,0,0,D,2.78,3.42,2.67,2.91,3.6,2.67,2.69,3.33,2.55,,,,,,
AUT,Bundesliga,2020/2021,28/04/2021,17:30,LASK,Sturm Graz,0,0,D,2.01,3.58,3.97,2.08,3.6,4,2.01,3.44,3.62,,,,,,
AUT,Bundesliga,2020/2021,28/04/2021,17:30,Salzburg,Wolfsberger AC,1,1,D,1.35,6.06,7.86,1.37,6.06,9,1.33,5.64,7.43,,,,,,
AUT,Bundesliga,2020/2021,28/04/2021,17:30,Tirol,SK Rapid,2,3,A,5.8,5.13,1.51,6,5.13,1.58,5.35,4.7,1.51,,,,,,
AUT,Bundesliga,2020/2021,08/05/2021,16:00,Admira,St. Polten,2,0,H,2.43,3.36,3.14,2.53,3.44,3.23,2.35,3.27,3.05,,,,,,
AUT,Bundesliga,2020/2021,08/05/2021,16:00,Altach,Austria Vienna,2,1,H,3.47,3.61,2.16,3.6,3.7,2.21,3.3,3.47,2.13,,,,,,
AUT,Bundesliga,2020/2021,08/05/2021,16:00,Hartberg,Ried,1,1,D,1.85,3.98,4.17,1.98,3.98,4.32,1.87,3.72,3.92,,,,,,
AUT,Bundesliga,2020/2021,09/05/2021,13:30,LASK,Tirol,3,3,D,1.39,5.52,7.68,1.42,5.52,8,1.38,5.02,7.37,,,,,,
AUT,Bundesliga,2020/2021,09/05/2021,13:30,Sturm Graz,Salzburg,1,3,A,8.27,5.79,1.35,10,5.8,1.41,7.71,5.35,1.34,,,,,,
AUT,Bundesliga,2020/2021,09/05/2021,16:00,SK Rapid,Wolfsberger AC,1,2,A,1.63,4.47,5.17,1.68,4.47,5.25,1.63,4.19,4.81,,,,,,
AUT,Bundesliga,2020/2021,11/05/2021,17:30,Ried,Admira,0,0,D,2.98,3.28,2.58,2.98,3.47,2.63,2.8,3.21,2.53,,,,,,
AUT,Bundesliga,2020/2021,11/05/2021,17:30,St. Polten,Altach,3,3,D,2.87,3.42,2.59,2.88,3.79,2.64,2.72,3.3,2.55,,,,,,
AUT,Bundesliga,2020/2021,11/05/2021,19:30,Austria Vienna,Hartberg,3,1,H,2.13,3.81,3.37,2.13,3.91,3.41,2.05,3.73,3.24,,,,,,
AUT,Bundesliga,2020/2021,12/05/2021,17:30,Tirol,Sturm Graz,2,3,A,3.11,3.66,2.26,3.2,3.75,2.26,3.04,3.59,2.19,,,,,,
AUT,Bundesliga,2020/2021,12/05/2021,17:30,Wolfsberger AC,LASK,0,4,A,3.74,4.03,1.92,3.9,4.1,1.95,3.64,3.85,1.89,,,,,,
AUT,Bundesliga,2020/2021,12/05/2021,19:30,Salzburg,SK Rapid,2,0,H,1.26,6.39,10.8,1.27,6.76,12.1,1.24,6.3,10.06,,,,,,
AUT,Bundesliga,2020/2021,15/05/2021,16:00,Altach,Ried,3,0,H,2.01,3.49,3.95,2.02,3.58,4.05,1.96,3.45,3.77,,,,,,
AUT,Bundesliga,2020/2021,15/05/2021,16:00,Austria Vienna,St. Polten,2,1,H,1.7,4.14,4.86,1.71,4.27,5.5,1.66,4.07,4.67,,,,,,
AUT,Bundesliga,2020/2021,15/05/2021,16:00,Hartberg,Admira,2,0,H,2.55,3.31,2.92,2.56,3.5,3.2,2.41,3.32,2.89,,,,,,
AUT,Bundesliga,2020/2021,16/05/2021,16:00,LASK,Salzburg,2,5,A,2.86,3.75,2.38,3,3.85,2.41,2.79,3.67,2.32,,,,,,
AUT,Bundesliga,2020/2021,16/05/2021,16:00,Sturm Graz,SK Rapid,4,1,H,3.06,3.86,2.22,3.32,3.88,2.24,3.02,3.67,2.18,,,,,,
AUT,Bundesliga,2020/2021,16/05/2021,16:00,Tirol,Wolfsberger AC,2,2,D,3.08,3.96,2.18,3.35,4,2.23,3,3.73,2.17,,,,,,
AUT,Bundesliga,2020/2021,21/05/2021,18:00,Admira,Altach,1,1,D,6.84,4.63,1.44,7.93,5.25,1.85,6.55,4.72,1.43,,,,,,
AUT,Bundesliga,2020/2021,21/05/2021,18:00,Ried,Austria Vienna,3,2,H,2.96,3.73,2.32,3.03,3.95,2.38,2.87,3.65,2.27,,,,,,
AUT,Bundesliga,2020/2021,21/05/2021,18:00,St. Polten,Hartberg,0,1,A,2.88,3.83,2.34,3.06,3.98,2.34,2.85,3.73,2.25,,,,,,
AUT,Bundesliga,2020/2021,22/05/2021,16:00,SK Rapid,LASK,3,0,H,2.44,4,2.71,2.45,4,2.79,2.39,3.78,2.65,,,,,,
AUT,Bundesliga,2020/2021,22/05/2021,16:00,Salzburg,Tirol,4,0,H,1.11,11.81,18.55,1.17,12.2,23,1.11,10.37,17.16,,,,,,
AUT,Bundesliga,2020/2021,22/05/2021,16:00,Wolfsberger AC,Sturm Graz,1,3,A,3.51,4.07,2.01,3.61,4.24,2.11,3.35,3.92,1.97,,,,,,
AUT,Bundesliga,2020/2021,24/05/2021,16:00,Hartberg,Austria Vienna,0,3,A,2.79,3.65,2.53,2.89,3.79,2.53,2.75,3.52,2.42,,,,,,
AUT,Bundesliga,2020/2021,26/05/2021,17:00,A. Klagenfurt,St. Polten,4,0,H,2.11,3.52,3.48,2.31,3.6,3.48,2.11,3.43,3.32,,,,,,
AUT,Bundesliga,2020/2021,27/05/2021,18:00,Austria Vienna,Wolfsberger AC,3,0,H,2.48,3.67,2.84,2.52,3.72,2.86,2.38,3.55,2.76,,,,,,
AUT,Bundesliga,2020/2021,29/05/2021,16:00,St. Polten,A. Klagenfurt,0,1,A,2.75,4,2.41,3.01,4,2.46,2.68,3.74,2.34,,,,,,
AUT,Bundesliga,2020/2021,30/05/2021,16:00,Wolfsberger AC,Austria Vienna,1,2,A,2.5,3.81,2.73,2.53,3.83,2.9,2.41,3.63,2.68,,,,,,
AUT,Bundesliga,2021/2022,23/07/2021,19:30,Sturm Graz,Salzburg,1,3,A,5.03,4.11,1.7,5.2,4.38,1.72,4.83,4.07,1.64,,,,,,
AUT,Bundesliga,2021/2022,24/07/2021,16:00,Altach,LASK,0,1,A,6.15,4.4,1.56,6.5,4.4,1.58,5.87,4.22,1.53,,,,,,
AUT,Bundesliga,2021/2022,24/07/2021,16:00,SK Rapid,Hartberg,0,2,A,1.37,5.45,8.29,1.39,5.57,8.3,1.36,5.2,7.5,,,,,,
AUT,Bundesliga,2021/2022,24/07/2021,16:00,Tirol,Admira,1,1,D,2.21,3.57,3.37,2.24,3.7,3.88,2.08,3.47,3.4,,,,,,
AUT,Bundesliga,2021/2022,25/07/2021,16:00,A. Klagenfurt,Wolfsberger AC,1,1,D,2.99,3.66,2.38,3.13,3.84,2.4,2.92,3.46,2.31,,,,,,
AUT,Bundesliga,2021/2022,25/07/2021,16:00,Ried,Austria Vienna,2,1,H,3.22,3.78,2.21,3.32,3.78,2.28,3.09,3.58,2.17,,,,,,
AUT,Bundesliga,2021/2022,31/07/2021,16:00,Admira,A. Klagenfurt,4,0,H,2.39,3.5,3.09,2.44,3.75,3.1,2.32,3.39,2.97,,,,,,
AUT,Bundesliga,2021/2022,31/07/2021,16:00,Hartberg,Altach,1,2,A,2.06,3.52,3.85,2.07,3.6,3.98,2,3.44,3.68,,,,,,
AUT,Bundesliga,2021/2022,31/07/2021,16:00,LASK,SK Rapid,1,1,D,2.11,3.81,3.41,2.16,3.87,3.5,2.06,3.65,3.29,,,,,,
AUT,Bundesliga,2021/2022,01/08/2021,16:00,Austria Vienna,Tirol,1,1,D,2.01,3.9,3.64,2.08,3.93,3.67,1.99,3.74,3.41,,,,,,
AUT,Bundesliga,2021/2022,01/08/2021,16:00,Salzburg,Ried,7,1,H,1.11,10.69,22.62,1.12,11.1,26,1.1,9.81,20.13,,,,,,
AUT,Bundesliga,2021/2022,01/08/2021,16:00,Wolfsberger AC,Sturm Graz,1,4,A,3.18,3.79,2.22,3.18,3.79,2.28,3.04,3.62,2.18,,,,,,
AUT,Bundesliga,2021/2022,07/08/2021,16:00,A. Klagenfurt,Hartberg,4,3,H,2.62,3.78,2.62,2.69,3.78,2.62,2.59,3.59,2.5,,,,,,
AUT,Bundesliga,2021/2022,07/08/2021,16:00,Ried,Admira,2,1,H,3.12,3.49,2.29,3.27,3.6,2.35,3.07,3.41,2.24,,,,,,
AUT,Bundesliga,2021/2022,07/08/2021,16:00,Sturm Graz,Altach,3,1,H,1.37,5.49,8.5,1.45,5.6,8.64,1.35,5.15,7.74,,,,,,
AUT,Bundesliga,2021/2022,08/08/2021,16:00,SK Rapid,Wolfsberger AC,3,0,H,1.67,4.33,4.99,1.69,4.5,5.12,1.64,4.18,4.72,,,,,,
AUT,Bundesliga,2021/2022,08/08/2021,16:00,Salzburg,Austria Vienna,1,0,H,1.14,9.46,19.92,1.15,9.8,21,1.13,8.77,17.14,,,,,,
AUT,Bundesliga,2021/2022,08/08/2021,16:00,Tirol,LASK,1,1,D,4.2,3.79,1.89,4.24,3.88,1.96,3.88,3.67,1.87,,,,,,
AUT,Bundesliga,2021/2022,14/08/2021,16:00,Admira,Salzburg,0,1,A,11.71,6.44,1.26,13,6.75,1.3,11,6.14,1.23,,,,,,
AUT,Bundesliga,2021/2022,14/08/2021,16:00,Hartberg,Ried,1,1,D,2.09,3.71,3.56,2.1,3.8,3.6,2.03,3.62,3.38,,,,,,
AUT,Bundesliga,2021/2022,14/08/2021,16:00,Wolfsberger AC,Tirol,2,2,D,1.81,4.3,4.05,2.1,4.3,4.33,1.84,3.95,3.75,,,,,,
AUT,Bundesliga,2021/2022,15/08/2021,16:00,Altach,SK Rapid,2,1,H,4.45,4.09,1.78,4.75,4.2,1.78,4.35,3.95,1.72,,,,,,
AUT,Bundesliga,2021/2022,15/08/2021,16:00,Austria Vienna,A. Klagenfurt,1,1,D,1.58,4.48,5.72,1.7,4.48,6,1.59,4.13,5.19,,,,,,
AUT,Bundesliga,2021/2022,15/08/2021,16:00,LASK,Sturm Graz,1,3,A,2.14,3.71,3.42,2.2,3.71,3.45,2.11,3.5,3.29,,,,,,
AUT,Bundesliga,2021/2022,21/08/2021,16:00,Salzburg,A. Klagenfurt,3,1,H,1.11,11.16,22.43,1.15,12,23,1.1,9.86,19.45,,,,,,
AUT,Bundesliga,2021/2022,21/08/2021,16:00,Tirol,Altach,0,0,D,1.89,4.14,3.87,1.98,4.16,4.2,1.88,3.89,3.65,,,,,,
AUT,Bundesliga,2021/2022,21/08/2021,16:00,Wolfsberger AC,Admira,3,0,H,1.88,3.78,4.25,2.03,4,4.26,1.93,3.59,3.78,,,,,,
AUT,Bundesliga,2021/2022,22/08/2021,16:00,LASK,Hartberg,1,1,D,1.54,4.85,5.66,1.57,4.85,6,1.52,4.55,5.44,,,,,,
AUT,Bundesliga,2021/2022,22/08/2021,16:00,SK Rapid,Ried,3,0,H,1.34,5.76,8.94,1.4,5.9,10,1.31,5.41,8.79,,,,,,
AUT,Bundesliga,2021/2022,22/08/2021,16:00,Sturm Graz,Austria Vienna,2,2,D,2.08,3.83,3.48,2.14,3.9,3.9,2.01,3.74,3.38,,,,,,
AUT,Bundesliga,2021/2022,28/08/2021,16:00,A. Klagenfurt,Tirol,2,1,H,2.66,3.85,2.55,2.69,3.88,2.65,2.58,3.68,2.48,,,,,,
AUT,Bundesliga,2021/2022,28/08/2021,16:00,Altach,Wolfsberger AC,1,2,A,3.59,3.68,2.09,3.59,3.85,2.17,3.31,3.53,2.09,,,,,,
AUT,Bundesliga,2021/2022,28/08/2021,16:00,Hartberg,Salzburg,0,1,A,10.41,6.4,1.27,10.41,6.5,1.31,9.17,6.01,1.27,,,,,,
AUT,Bundesliga,2021/2022,29/08/2021,16:00,Admira,Sturm Graz,1,1,D,5.3,3.92,1.7,5.4,4,1.74,4.9,3.76,1.69,,,,,,
AUT,Bundesliga,2021/2022,29/08/2021,16:00,Austria Vienna,SK Rapid,1,1,D,3.24,3.7,2.23,3.3,3.75,2.29,3.1,3.56,2.18,,,,,,
AUT,Bundesliga,2021/2022,29/08/2021,16:00,Ried,LASK,1,0,H,6.25,4.83,1.51,7,4.86,1.51,6.23,4.59,1.46,,,,,,
AUT,Bundesliga,2021/2022,11/09/2021,16:00,SK Rapid,Admira,1,2,A,1.45,4.92,7.06,1.46,5,8.4,1.41,4.72,6.99,,,,,,
AUT,Bundesliga,2021/2022,11/09/2021,16:00,Tirol,Salzburg,1,3,A,12.27,6.59,1.24,13,7,1.35,11.46,6.35,1.22,,,,,,
AUT,Bundesliga,2021/2022,11/09/2021,16:00,Wolfsberger AC,Hartberg,1,3,A,1.75,4.03,4.77,2.02,4.22,5,1.72,3.9,4.49,,,,,,
AUT,Bundesliga,2021/2022,12/09/2021,13:30,Altach,Ried,1,1,D,2.31,3.47,3.26,2.31,3.6,3.31,2.22,3.36,3.18,,,,,,
AUT,Bundesliga,2021/2022,12/09/2021,13:30,LASK,Austria Vienna,0,2,A,1.62,4.41,5.37,1.73,4.41,6,1.63,4.03,5,,,,,,
AUT,Bundesliga,2021/2022,12/09/2021,16:00,Sturm Graz,A. Klagenfurt,2,1,H,1.38,5.33,8.36,1.4,5.51,11,1.35,5.14,7.64,,,,,,
AUT,Bundesliga,2021/2022,18/09/2021,16:00,Admira,Hartberg,1,1,D,2.36,3.54,3.1,2.43,3.54,3.1,2.33,3.36,2.96,,,,,,
AUT,Bundesliga,2021/2022,18/09/2021,16:00,Austria Vienna,Altach,0,0,D,1.65,4.34,5.14,1.7,4.34,5.5,1.61,4.07,5.06,,,,,,
AUT,Bundesliga,2021/2022,18/09/2021,16:00,Ried,Wolfsberger AC,3,3,D,4.45,4.22,1.76,4.75,4.25,1.95,4.03,3.88,1.8,,,,,,
AUT,Bundesliga,2021/2022,19/09/2021,13:30,A. Klagenfurt,LASK,1,1,D,5.09,4.32,1.66,5.5,4.42,1.66,4.94,4.19,1.61,,,,,,
AUT,Bundesliga,2021/2022,19/09/2021,13:30,Sturm Graz,Tirol,5,0,H,1.48,4.92,6.51,1.49,5,7.5,1.45,4.72,6.22,,,,,,
AUT,Bundesliga,2021/2022,19/09/2021,16:00,Salzburg,SK Rapid,2,0,H,1.27,6.15,11.74,1.3,6.5,12.35,1.25,6,10.52,,,,,,
AUT,Bundesliga,2021/2022,25/09/2021,16:00,Altach,A. Klagenfurt,0,4,A,2.54,3.58,2.82,2.56,3.68,3.05,2.46,3.49,2.7,,,,,,
AUT,Bundesliga,2021/2022,25/09/2021,16:00,Tirol,Ried,4,2,H,1.93,4.11,3.76,2.15,4.11,3.89,1.93,3.81,3.54,,,,,,
AUT,Bundesliga,2021/2022,25/09/2021,16:00,Wolfsberger AC,Salzburg,0,2,A,8.2,5.57,1.37,8.28,5.6,1.4,7.49,5.2,1.35,,,,,,
AUT,Bundesliga,2021/2022,26/09/2021,13:30,Hartberg,Austria Vienna,3,4,A,2.86,3.53,2.53,2.9,3.62,2.54,2.77,3.46,2.41,,,,,,
AUT,Bundesliga,2021/2022,26/09/2021,13:30,LASK,Admira,3,1,H,1.43,5.04,7.46,1.45,5.04,7.6,1.42,4.67,6.94,,,,,,
AUT,Bundesliga,2021/2022,26/09/2021,16:00,SK Rapid,Sturm Graz,0,3,A,2.62,3.68,2.67,2.62,3.75,2.8,2.47,3.54,2.65,,,,,,
AUT,Bundesliga,2021/2022,02/10/2021,16:00,Admira,Altach,2,0,H,1.78,3.98,4.6,1.95,4,4.73,1.8,3.68,4.26,,,,,,
AUT,Bundesliga,2021/2022,02/10/2021,16:00,Ried,A. Klagenfurt,1,1,D,2.85,3.71,2.45,2.88,3.75,2.93,2.7,3.52,2.47,,,,,,
AUT,Bundesliga,2021/2022,02/10/2021,16:00,Wolfsberger AC,Austria Vienna,1,0,H,2.23,3.67,3.25,2.35,3.67,3.31,2.21,3.48,3.1,,,,,,
AUT,Bundesliga,2021/2022,03/10/2021,13:30,Hartberg,Sturm Graz,3,2,H,4.46,4.24,1.75,4.7,4.24,1.82,4.32,4,1.73,,,,,,
AUT,Bundesliga,2021/2022,03/10/2021,13:30,SK Rapid,Tirol,5,2,H,1.5,5.02,6.08,1.55,5.03,6.08,1.49,4.69,5.52,,,,,,
AUT,Bundesliga,2021/2022,03/10/2021,16:00,Salzburg,LASK,3,1,H,1.26,6.4,11.16,1.3,6.5,11.16,1.25,6.03,10.15,,,,,,
AUT,Bundesliga,2021/2022,16/10/2021,16:00,A. Klagenfurt,SK Rapid,1,1,D,4.31,4.19,1.79,4.31,4.24,1.95,3.99,3.93,1.78,,,,,,
AUT,Bundesliga,2021/2022,16/10/2021,16:00,Altach,Salzburg,1,1,D,14.34,8.14,1.19,16.5,8.14,1.21,13.69,7.11,1.18,,,,,,
AUT,Bundesliga,2021/2022,16/10/2021,16:00,Austria Vienna,Admira,2,2,D,2.23,3.38,3.52,2.23,3.7,3.9,2.11,3.3,3.47,,,,,,
AUT,Bundesliga,2021/2022,17/10/2021,13:30,LASK,Wolfsberger AC,0,1,A,1.89,3.97,4.01,1.93,3.97,4.1,1.86,3.74,3.83,,,,,,
AUT,Bundesliga,2021/2022,17/10/2021,13:30,Tirol,Hartberg,2,2,D,2.13,4,3.24,2.25,4,3.24,2.1,3.72,3.1,,,,,,
AUT,Bundesliga,2021/2022,17/10/2021,16:00,Sturm Graz,Ried,1,0,H,1.31,5.78,10.42,1.35,6,10.42,1.31,5.5,8.68,,,,,,
AUT,Bundesliga,2021/2022,23/10/2021,16:00,Admira,Tirol,0,1,A,2.37,3.45,3.16,2.37,3.62,3.4,2.27,3.36,3.05,,,,,,
AUT,Bundesliga,2021/2022,23/10/2021,16:00,Austria Vienna,Ried,4,1,H,1.58,4.46,5.76,1.65,4.48,6,1.56,4.14,5.49,,,,,,
AUT,Bundesliga,2021/2022,23/10/2021,16:00,Wolfsberger AC,A. Klagenfurt,2,1,H,1.63,4.46,5.18,1.65,4.46,5.31,1.61,4.12,4.93,,,,,,
AUT,Bundesliga,2021/2022,24/10/2021,13:30,Hartberg,SK Rapid,1,1,D,4.46,4.22,1.76,4.5,4.24,1.85,4.08,3.93,1.77,,,,,,
AUT,Bundesliga,2021/2022,24/10/2021,13:30,LASK,Altach,0,1,A,1.45,4.76,7.5,1.47,5,8.5,1.41,4.71,7.04,,,,,,
AUT,Bundesliga,2021/2022,24/10/2021,16:00,Salzburg,Sturm Graz,4,1,H,1.27,6.38,10.64,1.3,6.5,11.5,1.25,5.93,10.02,,,,,,
AUT,Bundesliga,2021/2022,30/10/2021,16:00,A. Klagenfurt,Admira,3,3,D,2.28,3.58,3.24,2.51,3.58,3.33,2.29,3.36,3.04,,,,,,
AUT,Bundesliga,2021/2022,30/10/2021,16:00,Altach,Hartberg,0,2,A,2.79,3.54,2.59,3,3.65,2.63,2.75,3.41,2.46,,,,,,
AUT,Bundesliga,2021/2022,30/10/2021,16:00,Ried,Salzburg,2,2,D,16.61,8.24,1.17,22,8.64,1.2,16.4,7.8,1.15,,,,,,
AUT,Bundesliga,2021/2022,31/10/2021,13:30,Sturm Graz,Wolfsberger AC,0,3,A,1.97,3.79,3.89,2.05,3.93,3.9,1.93,3.69,3.65,,,,,,
AUT,Bundesliga,2021/2022,31/10/2021,13:30,Tirol,Austria Vienna,1,1,D,3.17,3.98,2.17,3.23,3.99,2.35,3.03,3.69,2.17,,,,,,
AUT,Bundesliga,2021/2022,31/10/2021,16:00,SK Rapid,LASK,3,2,H,2.29,3.66,3.16,2.33,3.75,3.6,2.2,3.55,3.05,,,,,,
AUT,Bundesliga,2021/2022,06/11/2021,16:00,Admira,Ried,1,2,A,2.12,3.4,3.82,2.17,3.49,3.9,2.07,3.27,3.65,,,,,,
AUT,Bundesliga,2021/2022,06/11/2021,16:00,Austria Vienna,Salzburg,0,1,A,8.02,5.35,1.39,9,5.37,1.43,7.55,5.02,1.37,,,,,,
AUT,Bundesliga,2021/2022,06/11/2021,16:00,Hartberg,A. Klagenfurt,0,2,A,2.26,3.76,3.12,2.29,3.8,3.12,2.2,3.65,2.99,,,,,,
AUT,Bundesliga,2021/2022,07/11/2021,13:30,LASK,Tirol,3,0,H,1.67,4.43,4.89,1.68,4.48,5,1.63,4.19,4.7,,,,,,
AUT,Bundesliga,2021/2022,07/11/2021,16:00,Wolfsberger AC,SK Rapid,4,1,H,2.67,3.74,2.59,2.72,3.78,2.65,2.56,3.55,2.56,,,,,,
AUT,Bundesliga,2021/2022,20/11/2021,16:00,SK Rapid,Altach,1,0,H,1.37,5.48,8.39,1.41,5.51,9,1.36,4.97,7.92,,,,,,
AUT,Bundesliga,2021/2022,20/11/2021,16:00,Ried,Hartberg,1,0,H,2.73,3.43,2.7,2.79,3.55,2.7,2.65,3.34,2.59,,,,,,
AUT,Bundesliga,2021/2022,20/11/2021,16:00,Salzburg,Admira,0,0,D,1.13,9.53,22.95,1.15,10,23,1.12,8.52,20.12,,,,,,
AUT,Bundesliga,2021/2022,21/11/2021,13:30,A. Klagenfurt,Austria Vienna,0,0,D,3.16,3.56,2.32,3.18,3.6,2.4,3.01,3.42,2.28,,,,,,
AUT,Bundesliga,2021/2022,21/11/2021,13:30,Tirol,Wolfsberger AC,5,1,H,3.16,3.96,2.18,3.25,3.96,2.22,3.08,3.68,2.14,,,,,,
AUT,Bundesliga,2021/2022,21/11/2021,16:00,Sturm Graz,LASK,3,3,D,2.27,3.73,3.13,2.29,3.73,3.47,2.18,3.54,3.09,,,,,,
AUT,Bundesliga,2021/2022,27/11/2021,16:00,A. Klagenfurt,Salzburg,2,1,H,11.96,6.86,1.24,13,7.25,1.24,11.23,6.55,1.22,,,,,,
AUT,Bundesliga,2021/2022,27/11/2021,16:00,Admira,Wolfsberger AC,0,1,A,3.2,3.21,2.48,3.4,3.6,2.49,3.07,3.17,2.38,,,,,,
AUT,Bundesliga,2021/2022,27/11/2021,16:00,Altach,Tirol,0,3,A,3.23,3.71,2.23,3.31,3.72,2.4,3.1,3.54,2.19,,,,,,
AUT,Bundesliga,2021/2022,28/11/2021,13:30,Austria Vienna,Sturm Graz,2,1,H,2.96,3.81,2.34,3.01,3.81,2.38,2.87,3.55,2.31,,,,,,
AUT,Bundesliga,2021/2022,28/11/2021,13:30,Hartberg,LASK,2,1,H,5.43,4.34,1.62,5.45,4.35,1.82,4.97,4.12,1.61,,,,,,
AUT,Bundesliga,2021/2022,28/11/2021,16:00,Ried,SK Rapid,2,2,D,4.07,3.73,1.94,4.08,3.77,2.09,3.69,3.5,1.98,,,,,,
AUT,Bundesliga,2021/2022,01/12/2021,18:00,Altach,Sturm Graz,0,1,A,5.99,4.26,1.61,6.5,4.45,1.61,5.67,4.16,1.55,,,,,,
AUT,Bundesliga,2021/2022,04/12/2021,16:00,Salzburg,Hartberg,2,1,H,1.19,7.59,15.22,1.2,7.87,15.22,1.18,7.11,13.27,,,,,,
AUT,Bundesliga,2021/2022,04/12/2021,16:00,Sturm Graz,Admira,1,1,D,1.83,3.65,4.77,1.83,3.8,4.77,1.79,3.63,4.34,,,,,,
AUT,Bundesliga,2021/2022,04/12/2021,16:00,Tirol,A. Klagenfurt,0,1,A,2.1,3.85,3.42,2.13,3.91,3.59,2.03,3.67,3.35,,,,,,
AUT,Bundesliga,2021/2022,05/12/2021,13:30,LASK,Ried,1,0,H,1.38,5.43,8.17,1.45,5.43,8.8,1.38,4.91,7.63,,,,,,
AUT,Bundesliga,2021/2022,05/12/2021,16:00,SK Rapid,Austria Vienna,1,1,D,2.27,3.48,3.33,2.4,3.62,3.35,2.22,3.36,3.18,,,,,,
AUT,Bundesliga,2021/2022,05/12/2021,16:00,Wolfsberger AC,Altach,3,0,H,1.56,4.25,6.52,1.6,4.33,6.67,1.52,4.14,6.1,,,,,,
AUT,Bundesliga,2021/2022,11/12/2021,16:00,Hartberg,Wolfsberger AC,2,2,D,3.68,3.83,2.02,3.74,3.86,2.06,3.49,3.6,1.99,,,,,,
AUT,Bundesliga,2021/2022,11/12/2021,16:00,Ried,Altach,2,1,H,2.01,3.49,4.1,2.06,3.49,4.13,2.01,3.26,3.84,,,,,,
AUT,Bundesliga,2021/2022,11/12/2021,16:00,Salzburg,Tirol,5,0,H,1.24,6.97,11.23,1.24,7.5,15,1.2,6.63,11.96,,,,,,
AUT,Bundesliga,2021/2022,12/12/2021,13:30,A. Klagenfurt,Sturm Graz,0,3,A,4.28,4.12,1.81,4.34,4.13,1.85,4,3.85,1.8,,,,,,
AUT,Bundesliga,2021/2022,12/12/2021,13:30,Admira,SK Rapid,1,2,A,4.8,3.59,1.84,4.8,3.65,1.9,4.41,3.46,1.82,,,,,,
AUT,Bundesliga,2021/2022,12/12/2021,16:00,Austria Vienna,LASK,2,3,A,3.22,3.61,2.27,3.4,3.62,2.28,3.17,3.39,2.19,,,,,,
AUT,Bundesliga,2021/2022,11/02/2022,18:30,SK Rapid,Salzburg,1,2,A,7.61,4.54,1.47,7.8,4.76,1.5,6.92,4.4,1.45,,,,,,
AUT,Bundesliga,2021/2022,12/02/2022,16:00,Altach,Austria Vienna,0,2,A,4.46,3.42,1.95,5,3.8,1.96,4.28,3.29,1.9,,,,,,
AUT,Bundesliga,2021/2022,12/02/2022,16:00,Tirol,Sturm Graz,2,2,D,3.9,3.82,1.95,3.95,3.97,2,3.64,3.65,1.94,,,,,,
AUT,Bundesliga,2021/2022,12/02/2022,16:00,Wolfsberger AC,Ried,2,1,H,1.68,3.99,5.46,1.7,4.23,5.46,1.64,3.92,4.95,,,,,,
AUT,Bundesliga,2021/2022,13/02/2022,13:30,Hartberg,Admira,1,1,D,2.82,3.18,2.79,2.83,3.37,2.96,2.64,3.14,2.73,,,,,,
AUT,Bundesliga,2021/2022,13/02/2022,16:00,LASK,A. Klagenfurt,2,2,D,1.46,5.01,6.8,1.5,5.05,7.5,1.41,4.84,6.68,,,,,,
AUT,Bundesliga,2021/2022,19/02/2022,16:00,Admira,LASK,0,3,A,4.33,3.66,1.9,4.33,3.8,2.02,3.9,3.55,1.91,,,,,,
AUT,Bundesliga,2021/2022,19/02/2022,16:00,Austria Vienna,Hartberg,2,0,H,1.78,3.82,4.86,1.79,4.04,5.28,1.7,3.79,4.8,,,,,,
AUT,Bundesliga,2021/2022,19/02/2022,16:00,Ried,Tirol,3,2,H,2.13,3.87,3.33,2.32,3.91,3.4,2.15,3.61,3.13,,,,,,
AUT,Bundesliga,2021/2022,20/02/2022,13:30,A. Klagenfurt,Altach,2,0,H,2.18,3.41,3.62,2.2,3.86,3.77,2.09,3.39,3.46,,,,,,
AUT,Bundesliga,2021/2022,20/02/2022,13:30,Salzburg,Wolfsberger AC,2,0,H,1.31,6.02,9.6,1.35,6.4,12,1.27,5.8,9.65,,,,,,
AUT,Bundesliga,2021/2022,20/02/2022,16:00,Sturm Graz,SK Rapid,2,2,D,1.85,3.88,4.31,2.06,4,4.31,1.86,3.72,3.92,,,,,,
AUT,Bundesliga,2021/2022,26/02/2022,16:00,Altach,Admira,0,2,A,3.57,3.19,2.3,3.57,3.27,2.37,3.32,3.1,2.27,,,,,,
AUT,Bundesliga,2021/2022,27/02/2022,16:00,A. Klagenfurt,Ried,1,1,D,2.96,3.38,2.54,2.96,3.47,2.78,2.8,3.3,2.49,,,,,,
AUT,Bundesliga,2021/2022,27/02/2022,16:00,Austria Vienna,Wolfsberger AC,1,0,H,2.24,3.56,3.33,2.25,3.58,3.4,2.19,3.41,3.19,,,,,,
AUT,Bundesliga,2021/2022,27/02/2022,16:00,Sturm Graz,Hartberg,3,0,H,1.6,4.31,5.76,1.6,4.43,6,1.56,4.23,5.41,,,,,,
AUT,Bundesliga,2021/2022,27/02/2022,16:00,Tirol,SK Rapid,0,2,A,3.43,3.87,2.09,3.6,4,2.11,3.31,3.76,2.02,,,,,,
AUT,Bundesliga,2021/2022,02/03/2022,19:30,LASK,Salzburg,0,0,D,4,3.94,1.9,4.2,4,2,3.81,3.78,1.86,,,,,,
AUT,Bundesliga,2021/2022,05/03/2022,16:00,Salzburg,Altach,4,0,H,1.16,8.29,20.21,1.2,8.59,21,1.16,7.72,15.3,,,,,,
AUT,Bundesliga,2021/2022,06/03/2022,16:00,Admira,Austria Vienna,1,2,A,3.11,3.16,2.57,3.3,3.39,2.57,2.99,3.13,2.44,,,,,,
AUT,Bundesliga,2021/2022,06/03/2022,16:00,Hartberg,Tirol,0,1,A,2.36,3.77,2.96,2.55,3.77,3,2.34,3.59,2.82,,,,,,
AUT,Bundesliga,2021/2022,06/03/2022,16:00,SK Rapid,A. Klagenfurt,3,0,H,1.68,4.21,5.09,1.68,4.33,5.4,1.64,4.06,4.83,,,,,,
AUT,Bundesliga,2021/2022,06/03/2022,16:00,Ried,Sturm Graz,2,2,D,3.22,3.41,2.36,3.3,3.61,2.45,3.06,3.37,2.28,,,,,,
AUT,Bundesliga,2021/2022,06/03/2022,16:00,Wolfsberger AC,LASK,1,0,H,3.24,3.98,2.13,3.25,3.98,2.4,3.05,3.68,2.16,,,,,,
AUT,Bundesliga,2021/2022,12/03/2022,16:00,Admira,Ried,2,0,H,2.26,3.34,3.5,2.38,3.39,3.5,2.29,3.22,3.16,,,,,,
AUT,Bundesliga,2021/2022,12/03/2022,16:00,Altach,Hartberg,0,0,D,3.42,3.37,2.28,3.58,3.42,2.35,3.22,3.26,2.25,,,,,,
AUT,Bundesliga,2021/2022,13/03/2022,13:30,A. Klagenfurt,SK Rapid,1,3,A,4.21,4,1.85,4.22,4,1.88,4,3.79,1.83,,,,,,
AUT,Bundesliga,2021/2022,13/03/2022,13:30,Austria Vienna,Wolfsberger AC,2,1,H,2.39,3.39,3.17,2.45,3.55,3.17,2.32,3.36,3,,,,,,
AUT,Bundesliga,2021/2022,13/03/2022,13:30,LASK,Tirol,6,0,H,1.52,4.84,5.93,1.54,4.9,6.5,1.49,4.61,5.76,,,,,,
AUT,Bundesliga,2021/2022,13/03/2022,16:00,Salzburg,Sturm Graz,1,0,H,1.47,4.75,7.07,1.48,5,7.5,1.45,4.55,6.52,,,,,,
AUT,Bundesliga,2021/2022,19/03/2022,16:00,Ried,Altach,1,2,A,1.73,3.92,5.08,1.74,4,5.25,1.69,3.72,4.94,,,,,,
AUT,Bundesliga,2021/2022,19/03/2022,16:00,Tirol,Admira,0,0,D,2.88,3.43,2.57,2.9,3.51,2.6,2.75,3.3,2.51,,,,,,
AUT,Bundesliga,2021/2022,20/03/2022,13:30,Hartberg,LASK,0,0,D,5.42,4.42,1.61,5.42,4.42,1.66,5.05,4.14,1.6,,,,,,
AUT,Bundesliga,2021/2022,20/03/2022,13:30,Sturm Graz,A. Klagenfurt,3,1,H,1.39,5.31,7.96,1.39,5.5,9.5,1.33,5.21,8.41,,,,,,
AUT,Bundesliga,2021/2022,20/03/2022,13:30,Wolfsberger AC,Salzburg,1,4,A,5.46,4.15,1.63,5.75,4.44,1.65,5.27,4.1,1.59,,,,,,
AUT,Bundesliga,2021/2022,20/03/2022,16:00,SK Rapid,Austria Vienna,1,1,D,2.36,3.35,3.28,2.4,3.4,3.29,2.3,3.25,3.12,,,,,,
AUT,Bundesliga,2021/2022,02/04/2022,16:00,Altach,Admira,2,2,D,3.54,3.19,2.31,3.58,3.24,2.31,3.38,3.09,2.26,,,,,,
AUT,Bundesliga,2021/2022,02/04/2022,16:00,Hartberg,Tirol,0,1,A,2.43,3.51,3.02,2.46,3.55,3.02,2.37,3.37,2.89,,,,,,
AUT,Bundesliga,2021/2022,02/04/2022,16:00,LASK,Ried,0,2,A,1.57,4.7,5.51,1.57,4.84,6.26,1.52,4.43,5.51,,,,,,
AUT,Bundesliga,2021/2022,03/04/2022,13:30,Austria Vienna,A. Klagenfurt,1,1,D,1.5,4.61,6.81,1.5,4.7,7,1.47,4.45,6.42,,,,,,
AUT,Bundesliga,2021/2022,03/04/2022,13:30,Wolfsberger AC,Sturm Graz,0,2,A,2.99,3.54,2.44,3,3.58,2.44,2.88,3.43,2.37,,,,,,
AUT,Bundesliga,2021/2022,03/04/2022,16:00,Salzburg,SK Rapid,2,1,H,1.37,5.44,8.54,1.37,6,9.4,1.33,5.22,8.46,,,,,,
AUT,Bundesliga,2021/2022,09/04/2022,16:00,Admira,LASK,1,1,D,4.17,3.87,1.88,4.17,3.87,1.99,3.84,3.55,1.92,,,,,,
AUT,Bundesliga,2021/2022,09/04/2022,16:00,Ried,Hartberg,0,0,D,1.93,3.63,4.21,2,3.75,4.21,1.93,3.52,3.82,,,,,,
AUT,Bundesliga,2021/2022,09/04/2022,16:00,Tirol,Altach,0,3,A,2.01,3.6,3.95,2.02,3.6,3.98,1.96,3.44,3.8,,,,,,
AUT,Bundesliga,2021/2022,10/04/2022,13:30,A. Klagenfurt,Salzburg,0,6,A,15.33,7.77,1.19,19,8,1.19,14.78,7.44,1.16,,,,,,
AUT,Bundesliga,2021/2022,10/04/2022,13:30,SK Rapid,Wolfsberger AC,2,1,H,2.24,3.6,3.28,2.24,3.62,3.35,2.16,3.46,3.19,,,,,,
AUT,Bundesliga,2021/2022,10/04/2022,16:00,Sturm Graz,Austria Vienna,1,0,H,2.11,3.46,3.77,2.11,3.58,3.8,2.03,3.41,3.58,,,,,,
AUT,Bundesliga,2021/2022,16/04/2022,16:00,Altach,LASK,0,0,D,5.86,4.06,1.63,5.86,4.25,1.67,5.45,3.95,1.6,,,,,,
AUT,Bundesliga,2021/2022,16/04/2022,16:00,Hartberg,Admira,1,2,A,3.51,3.24,2.31,3.51,3.26,2.71,3.22,3.12,2.32,,,,,,
AUT,Bundesliga,2021/2022,16/04/2022,16:00,Ried,Tirol,2,3,A,2.22,3.59,3.36,2.29,3.74,3.36,2.15,3.52,3.18,,,,,,
AUT,Bundesliga,2021/2022,17/04/2022,13:30,Austria Vienna,Salzburg,1,2,A,6.59,4.33,1.54,6.59,4.51,1.6,6.16,4.1,1.52,,,,,,
AUT,Bundesliga,2021/2022,17/04/2022,13:30,Sturm Graz,SK Rapid,2,1,H,1.95,3.71,4.03,1.97,3.94,4.26,1.92,3.61,3.8,,,,,,
AUT,Bundesliga,2021/2022,17/04/2022,16:00,Wolfsberger AC,A. Klagenfurt,1,2,A,1.44,5.01,7.02,1.56,5.1,7.5,1.42,4.76,6.7,,,,,,
AUT,Bundesliga,2021/2022,23/04/2022,16:00,Admira,Hartberg,1,3,A,2.15,3.34,3.8,2.15,3.49,3.82,2.07,3.29,3.66,,,,,,
AUT,Bundesliga,2021/2022,23/04/2022,16:00,LASK,Altach,2,1,H,1.29,5.83,11.4,1.4,6,12,1.3,5.32,9.66,,,,,,
AUT,Bundesliga,2021/2022,23/04/2022,16:00,Tirol,Ried,2,0,H,2.61,3.41,2.85,2.67,3.6,2.85,2.55,3.33,2.71,,,,,,
AUT,Bundesliga,2021/2022,24/04/2022,13:30,A. Klagenfurt,Wolfsberger AC,2,3,A,4.77,4.35,1.69,4.85,4.35,1.72,4.59,4.09,1.67,,,,,,
AUT,Bundesliga,2021/2022,24/04/2022,13:30,Salzburg,Austria Vienna,5,0,H,1.28,6.1,11.27,1.33,6.1,11.27,1.3,5.45,9.28,,,,,,
AUT,Bundesliga,2021/2022,24/04/2022,16:00,SK Rapid,Sturm Graz,1,1,D,3.08,3.72,2.3,3.1,3.72,2.45,2.91,3.5,2.29,,,,,,
AUT,Bundesliga,2021/2022,26/04/2022,17:30,Hartberg,Altach,4,0,H,2.12,3.29,3.94,2.13,3.47,4.1,2.04,3.3,3.73,,,,,,
AUT,Bundesliga,2021/2022,26/04/2022,17:30,Ried,Admira,1,1,D,2.19,3.37,3.63,2.25,3.37,3.63,2.17,3.24,3.39,,,,,,
AUT,Bundesliga,2021/2022,26/04/2022,17:30,Tirol,LASK,4,0,H,4.19,3.76,1.91,4.36,4,1.91,3.93,3.79,1.84,,,,,,
AUT,Bundesliga,2021/2022,27/04/2022,17:30,SK Rapid,A. Klagenfurt,2,2,D,1.43,5.02,7.36,1.45,5.1,7.36,1.42,4.82,6.54,,,,,,
AUT,Bundesliga,2021/2022,27/04/2022,17:30,Sturm Graz,Salzburg,2,1,H,4.48,3.64,1.87,4.52,3.85,2.09,4.12,3.56,1.86,,,,,,
AUT,Bundesliga,2021/2022,27/04/2022,17:30,Wolfsberger AC,Austria Vienna,1,1,D,2.13,3.48,3.69,2.4,3.49,3.69,2.14,3.35,3.4,,,,,,
AUT,Bundesliga,2021/2022,07/05/2022,16:00,Admira,Tirol,1,1,D,2.42,3.45,3.09,2.7,3.56,3.09,2.44,3.33,2.84,,,,,,
AUT,Bundesliga,2021/2022,07/05/2022,16:00,Altach,Ried,1,1,D,3.15,3.55,2.33,3.15,3.6,2.36,3.01,3.39,2.29,,,,,,
AUT,Bundesliga,2021/2022,07/05/2022,16:00,LASK,Hartberg,3,3,D,1.47,4.84,6.94,1.53,4.84,7.5,1.47,4.45,6.33,,,,,,
AUT,Bundesliga,2021/2022,08/05/2022,13:30,A. Klagenfurt,Sturm Graz,1,2,A,4.39,3.85,1.85,4.5,4.03,1.86,4.11,3.79,1.8,,,,,,
AUT,Bundesliga,2021/2022,08/05/2022,13:30,Salzburg,Wolfsberger AC,4,0,H,1.32,6.01,8.67,1.36,6.01,10,1.3,5.7,8.53,,,,,,
AUT,Bundesliga,2021/2022,08/05/2022,16:00,Austria Vienna,SK Rapid,1,1,D,2.46,3.4,3.06,2.7,3.46,3.06,2.43,3.29,2.87,,,,,,
AUT,Bundesliga,2021/2022,14/05/2022,16:00,Admira,Altach,0,3,A,2.1,3.37,3.93,2.2,3.44,3.93,2.12,3.27,3.51,,,,,,
AUT,Bundesliga,2021/2022,14/05/2022,16:00,Ried,LASK,1,1,D,4.71,3.69,1.83,4.71,3.8,1.94,3.9,3.63,1.88,,,,,,
AUT,Bundesliga,2021/2022,14/05/2022,16:00,Tirol,Hartberg,4,2,H,2.16,3.86,3.26,2.27,3.86,3.27,2.14,3.68,3.09,,,,,,
AUT,Bundesliga,2021/2022,15/05/2022,16:00,A. Klagenfurt,Austria Vienna,1,2,A,4.06,3.93,1.89,4.06,3.93,1.98,3.77,3.71,1.89,,,,,,
AUT,Bundesliga,2021/2022,15/05/2022,16:00,SK Rapid,Salzburg,0,1,A,6.09,4.98,1.5,6.5,4.98,1.6,5.76,4.6,1.49,,,,,,
AUT,Bundesliga,2021/2022,15/05/2022,16:00,Sturm Graz,Wolfsberger AC,1,4,A,2.1,3.7,3.54,2.12,3.88,3.73,2.02,3.64,3.41,,,,,,
AUT,Bundesliga,2021/2022,20/05/2022,18:00,Altach,Tirol,2,1,H,1.62,4.73,4.93,1.73,4.73,4.93,1.66,4.23,4.47,,,,,,
AUT,Bundesliga,2021/2022,20/05/2022,18:00,Hartberg,Ried,1,1,D,2.85,2.48,3.64,3,2.48,3.7,2.75,2.37,3.47,,,,,,
AUT,Bundesliga,2021/2022,20/05/2022,18:00,LASK,Admira,3,1,H,1.59,4.43,5.63,1.6,4.47,5.7,1.56,4.24,5.35,,,,,,
AUT,Bundesliga,2021/2022,21/05/2022,16:00,Austria Vienna,Sturm Graz,4,2,H,1.94,4.02,3.77,1.99,4.02,3.85,1.93,3.72,3.61,,,,,,
AUT,Bundesliga,2021/2022,21/05/2022,16:00,Salzburg,A. Klagenfurt,1,1,D,1.11,12.14,19.54,1.12,12.14,29,1.09,10.61,21.34,,,,,,
AUT,Bundesliga,2021/2022,21/05/2022,16:00,Wolfsberger AC,SK Rapid,2,1,H,2.27,3.9,2.96,2.28,4.02,2.99,2.22,3.75,2.89,,,,,,
AUT,Bundesliga,2021/2022,23/05/2022,18:00,Tirol,LASK,2,1,H,3.48,3.65,2.13,3.5,3.84,2.16,3.28,3.62,2.07,,,,,,
AUT,Bundesliga,2021/2022,26/05/2022,16:00,Tirol,SK Rapid,1,2,A,2.92,3.63,2.44,2.92,3.7,2.46,2.78,3.52,2.39,,,,,,
AUT,Bundesliga,2021/2022,29/05/2022,16:00,SK Rapid,Tirol,2,0,H,1.76,4.24,4.44,1.78,4.26,4.44,1.74,4.04,4.14,,,,,,
AUT,Bundesliga,2022/2023,22/07/2022,19:30,Salzburg,Austria Vienna,3,0,H,1.33,6.14,8.57,1.43,6.14,10,1.31,5.47,8.58,,,,,,
AUT,Bundesliga,2022/2023,23/07/2022,16:00,LASK,A. Klagenfurt,3,1,H,1.47,4.78,6.95,1.47,5,7,1.43,4.7,6.53,,,,,,
AUT,Bundesliga,2022/2023,23/07/2022,18:30,Wolfsberger AC,Sturm Graz,1,1,D,3.08,3.62,2.34,3.1,3.63,2.4,2.92,3.5,2.29,,,,,,
AUT,Bundesliga,2022/2023,24/07/2022,16:00,A. Lustenau,Tirol,2,1,H,2.4,3.8,2.87,2.4,3.85,2.95,2.33,3.64,2.75,,,,,,
AUT,Bundesliga,2022/2023,24/07/2022,16:00,Hartberg,Altach,2,1,H,2.16,3.57,3.5,2.25,3.62,3.5,2.13,3.43,3.27,,,,,,
AUT,Bundesliga,2022/2023,24/07/2022,16:00,SK Rapid,Ried,1,0,H,1.83,3.6,4.86,1.86,4.04,4.86,1.79,3.59,4.39,,,,,,
AUT,Bundesliga,2022/2023,30/07/2022,16:00,Altach,Wolfsberger AC,2,2,D,3.15,3.56,2.32,3.33,3.64,2.42,2.93,3.5,2.28,,,,,,
AUT,Bundesliga,2022/2023,30/07/2022,16:00,Ried,A. Lustenau,1,0,H,1.99,3.67,3.95,2.11,3.81,3.95,1.98,3.6,3.54,,,,,,
AUT,Bundesliga,2022/2023,30/07/2022,18:30,Sturm Graz,Salzburg,2,1,H,5.94,4.54,1.56,6,4.7,1.58,5.41,4.4,1.53,,,,,,
AUT,Bundesliga,2022/2023,31/07/2022,16:00,A. Klagenfurt,SK Rapid,0,1,A,2.86,3.67,2.47,3,3.75,2.47,2.77,3.6,2.35,,,,,,
AUT,Bundesliga,2022/2023,31/07/2022,16:00,Austria Vienna,LASK,1,1,D,2.73,3.54,2.64,2.73,3.7,2.7,2.6,3.49,2.53,,,,,,
AUT,Bundesliga,2022/2023,31/07/2022,16:00,Tirol,Hartberg,2,1,H,2.17,3.94,3.19,2.35,3.94,3.19,2.22,3.7,2.91,,,,,,
AUT,Bundesliga,2022/2023,06/08/2022,16:00,Ried,Sturm Graz,1,1,D,3.69,3.54,2.11,4,3.67,2.15,3.43,3.46,2.07,,,,,,
AUT,Bundesliga,2022/2023,06/08/2022,16:00,Wolfsberger AC,LASK,1,5,A,2.66,3.68,2.64,2.82,3.75,2.75,2.61,3.54,2.51,,,,,,
AUT,Bundesliga,2022/2023,06/08/2022,18:30,Hartberg,Salzburg,0,2,A,10.82,6.67,1.26,11.5,6.8,1.28,10.32,6.29,1.24,,,,,,
AUT,Bundesliga,2022/2023,07/08/2022,16:00,Altach,Austria Vienna,3,2,H,4.54,3.72,1.85,5.5,3.95,1.85,4.36,3.75,1.76,,,,,,
AUT,Bundesliga,2022/2023,07/08/2022,16:00,SK Rapid,A. Lustenau,1,1,D,1.4,5.44,7.45,1.49,5.44,7.45,1.41,4.98,6.4,,,,,,
AUT,Bundesliga,2022/2023,07/08/2022,16:00,Tirol,A. Klagenfurt,2,2,D,1.97,4.05,3.63,1.98,4.11,3.75,1.9,3.91,3.54,,,,,,
AUT,Bundesliga,2022/2023,13/08/2022,16:00,A. Klagenfurt,Ried,1,0,H,2.02,3.73,3.76,2.13,3.73,3.76,2.05,3.49,3.48,,,,,,
AUT,Bundesliga,2022/2023,13/08/2022,16:00,Austria Vienna,Tirol,2,1,H,1.74,4.24,4.58,1.79,4.59,4.75,1.74,4.02,4.19,,,,,,
AUT,Bundesliga,2022/2023,13/08/2022,18:30,Sturm Graz,Altach,4,0,H,1.46,4.84,7.04,1.52,4.84,7.04,1.48,4.43,6.21,,,,,,
AUT,Bundesliga,2022/2023,14/08/2022,16:00,A. Lustenau,Hartberg,4,1,H,2.42,3.61,2.96,2.45,3.72,3.05,2.34,3.51,2.84,,,,,,
AUT,Bundesliga,2022/2023,14/08/2022,16:00,LASK,SK Rapid,2,1,H,1.65,4.45,4.98,1.75,4.5,5.37,1.64,4.17,4.72,,,,,,
AUT,Bundesliga,2022/2023,14/08/2022,16:00,Salzburg,Wolfsberger AC,2,1,H,1.24,7.06,11.58,1.26,7.56,12,1.22,6.64,10.84,,,,,,
AUT,Bundesliga,2022/2023,20/08/2022,16:00,Altach,A. Lustenau,1,2,A,2.15,3.72,3.4,2.4,3.73,3.4,2.23,3.49,3.05,,,,,,
AUT,Bundesliga,2022/2023,20/08/2022,16:00,Salzburg,A. Klagenfurt,2,0,H,1.23,7.11,12.39,1.23,7.7,15,1.21,6.82,11.28,,,,,,
AUT,Bundesliga,2022/2023,20/08/2022,18:30,Sturm Graz,LASK,0,1,A,2.45,3.6,2.92,2.5,3.75,2.92,2.38,3.51,2.8,,,,,,
AUT,Bundesliga,2022/2023,21/08/2022,16:00,Ried,Tirol,1,2,A,2.72,3.65,2.59,2.85,3.77,2.59,2.67,3.51,2.47,,,,,,
AUT,Bundesliga,2022/2023,21/08/2022,16:00,Wolfsberger AC,Austria Vienna,1,2,A,2.44,3.48,3.03,2.5,3.66,3.2,2.36,3.39,2.92,,,,,,
AUT,Bundesliga,2022/2023,27/08/2022,16:00,A. Lustenau,Salzburg,0,6,A,12.92,7.53,1.21,13,7.53,1.26,11.6,7.07,1.2,,,,,,
AUT,Bundesliga,2022/2023,27/08/2022,16:00,Hartberg,Ried,2,0,H,2.35,3.53,3.13,2.41,3.53,3.3,2.27,3.4,3.04,,,,,,
AUT,Bundesliga,2022/2023,27/08/2022,18:30,LASK,Altach,4,1,H,1.23,6.75,13.38,1.35,7.25,13,1.24,6.17,10.98,,,,,,
AUT,Bundesliga,2022/2023,28/08/2022,16:00,A. Klagenfurt,Austria Vienna,3,3,D,2.84,3.54,2.55,2.84,3.56,2.65,2.73,3.41,2.47,,,,,,
AUT,Bundesliga,2022/2023,28/08/2022,16:00,SK Rapid,Sturm Graz,1,2,A,2.94,3.56,2.46,2.95,3.59,2.55,2.81,3.42,2.4,,,,,,
AUT,Bundesliga,2022/2023,28/08/2022,16:00,Tirol,Wolfsberger AC,1,3,A,2.43,3.64,2.93,2.7,3.78,3,2.34,3.59,2.8,,,,,,
AUT,Bundesliga,2022/2023,03/09/2022,16:00,Austria Vienna,A. Lustenau,2,2,D,1.5,4.94,6.25,1.53,4.94,6.5,1.46,4.67,5.99,,,,,,
AUT,Bundesliga,2022/2023,03/09/2022,16:00,Salzburg,Tirol,2,0,H,1.16,8.95,16.94,1.17,9,17,1.14,8.25,15.2,,,,,,
AUT,Bundesliga,2022/2023,03/09/2022,16:00,Sturm Graz,Hartberg,0,0,D,1.4,5.29,7.83,1.43,5.29,8,1.39,4.99,7.07,,,,,,
AUT,Bundesliga,2022/2023,04/09/2022,13:30,Altach,SK Rapid,0,1,A,4,3.87,1.92,4.32,3.87,2,3.79,3.65,1.9,,,,,,
AUT,Bundesliga,2022/2023,04/09/2022,13:30,Wolfsberger AC,A. Klagenfurt,3,4,A,2.49,3.53,2.92,2.5,3.74,3.03,2.37,3.48,2.82,,,,,,
AUT,Bundesliga,2022/2023,04/09/2022,16:00,LASK,Ried,1,1,D,1.36,5.52,8.78,1.38,5.52,8.78,1.35,5.12,7.85,,,,,,
AUT,Bundesliga,2022/2023,10/09/2022,16:00,SK Rapid,Wolfsberger AC,1,3,A,2.03,3.65,3.83,2.05,3.77,4.2,1.97,3.58,3.59,,,,,,
AUT,Bundesliga,2022/2023,10/09/2022,16:00,Ried,Salzburg,0,3,A,7.34,4.84,1.45,8.5,5.75,1.45,7.16,4.78,1.4,,,,,,
AUT,Bundesliga,2022/2023,10/09/2022,16:00,Tirol,Altach,0,0,D,1.93,3.87,3.97,1.93,4,4.5,1.86,3.77,3.82,,,,,,
AUT,Bundesliga,2022/2023,11/09/2022,13:30,A. Lustenau,LASK,1,1,D,6.77,4.85,1.47,7,5,1.47,6.36,4.74,1.44,,,,,,
AUT,Bundesliga,2022/2023,11/09/2022,13:30,Hartberg,Austria Vienna,0,3,A,3.68,3.87,2,3.93,3.88,2.1,3.47,3.63,1.99,,,,,,
AUT,Bundesliga,2022/2023,11/09/2022,16:00,A. Klagenfurt,Sturm Graz,0,2,A,3.6,3.77,2.06,3.69,3.88,2.2,3.38,3.58,2.05,,,,,,
AUT,Bundesliga,2022/2023,17/09/2022,16:00,Altach,A. Klagenfurt,1,4,A,2.9,3.71,2.42,2.91,3.71,2.5,2.82,3.52,2.36,,,,,,
AUT,Bundesliga,2022/2023,17/09/2022,16:00,LASK,Tirol,1,4,A,1.54,4.81,6.21,1.6,5.25,7.7,1.5,4.57,5.62,,,,,,
AUT,Bundesliga,2022/2023,17/09/2022,16:00,Wolfsberger AC,Hartberg,3,1,H,1.76,4.17,4.48,1.8,4.43,4.48,1.76,3.97,4.12,,,,,,
AUT,Bundesliga,2022/2023,18/09/2022,13:30,Austria Vienna,Ried,3,0,H,1.65,4.24,5.36,1.7,4.25,5.36,1.63,4.05,4.96,,,,,,
AUT,Bundesliga,2022/2023,18/09/2022,13:30,Sturm Graz,A. Lustenau,2,0,H,1.39,5.32,8.02,1.39,5.32,8.5,1.37,5.03,7.62,,,,,,
AUT,Bundesliga,2022/2023,18/09/2022,16:00,Salzburg,SK Rapid,1,1,D,1.47,4.95,6.62,1.55,4.95,7,1.46,4.62,6.27,,,,,,
AUT,Bundesliga,2022/2023,01/10/2022,16:00,A. Lustenau,Wolfsberger AC,1,3,A,3.6,3.95,1.98,3.82,4,2,3.51,3.79,1.94,,,,,,
AUT,Bundesliga,2022/2023,01/10/2022,16:00,Salzburg,LASK,1,1,D,1.52,4.75,6.02,1.55,4.9,6.5,1.48,4.64,5.77,,,,,,
AUT,Bundesliga,2022/2023,01/10/2022,16:00,Tirol,SK Rapid,0,5,A,3.81,3.88,1.93,4.1,3.97,1.97,3.79,3.77,1.86,,,,,,
AUT,Bundesliga,2022/2023,02/10/2022,13:30,Hartberg,A. Klagenfurt,2,3,A,3.63,3.91,2.01,3.86,3.97,2.14,3.46,3.73,1.98,,,,,,
AUT,Bundesliga,2022/2023,02/10/2022,13:30,Ried,Altach,2,3,A,2.25,3.47,3.38,2.25,3.57,3.42,2.19,3.36,3.23,,,,,,
AUT,Bundesliga,2022/2023,02/10/2022,16:00,Austria Vienna,Sturm Graz,0,3,A,3.01,3.63,2.38,3.05,3.65,2.4,2.94,3.47,2.3,,,,,,
AUT,Bundesliga,2022/2023,08/10/2022,16:00,A. Klagenfurt,A. Lustenau,2,1,H,1.72,4.43,4.46,1.75,4.43,4.7,1.7,4.07,4.39,,,,,,
AUT,Bundesliga,2022/2023,08/10/2022,16:00,Altach,Salzburg,2,3,A,7.41,5.09,1.43,8.1,5.8,1.44,7.08,5,1.39,,,,,,
AUT,Bundesliga,2022/2023,08/10/2022,16:00,LASK,Hartberg,0,3,A,1.34,5.76,8.74,1.36,5.8,10,1.32,5.46,8.26,,,,,,
AUT,Bundesliga,2022/2023,09/10/2022,13:30,Sturm Graz,Tirol,2,1,H,1.43,5.18,7.28,1.45,5.2,7.5,1.4,4.95,6.91,,,,,,
AUT,Bundesliga,2022/2023,09/10/2022,13:30,Wolfsberger AC,Ried,1,2,A,1.69,4.31,4.8,1.75,4.33,4.8,1.69,4.04,4.44,,,,,,
AUT,Bundesliga,2022/2023,09/10/2022,16:00,SK Rapid,Austria Vienna,1,2,A,2.4,3.63,2.99,2.4,3.82,3.25,2.29,3.51,2.92,,,,,,
AUT,Bundesliga,2022/2023,15/10/2022,16:00,Tirol,A. Lustenau,3,2,H,2.33,3.71,3.04,2.33,3.78,3.41,2.19,3.63,3.04,,,,,,
AUT,Bundesliga,2022/2023,15/10/2022,16:00,A. Klagenfurt,LASK,1,3,A,3.24,3.78,2.2,3.24,3.78,2.3,3.03,3.58,2.2,,,,,,
AUT,Bundesliga,2022/2023,15/10/2022,16:00,Ried,SK Rapid,1,0,H,3.22,3.56,2.29,3.8,3.67,2.3,3.19,3.44,2.18,,,,,,
AUT,Bundesliga,2022/2023,16/10/2022,13:30,Altach,Hartberg,1,0,H,2.26,3.7,3.16,2.34,3.7,3.2,2.23,3.48,3.06,,,,,,
AUT,Bundesliga,2022/2023,16/10/2022,13:30,Sturm Graz,Wolfsberger AC,3,2,H,1.63,4.3,5.2,1.66,4.32,5.5,1.61,4.13,5.04,,,,,,
AUT,Bundesliga,2022/2023,16/10/2022,16:00,Austria Vienna,Salzburg,1,3,A,5.57,4.43,1.6,5.61,4.43,1.65,5.2,4.23,1.58,,,,,,
AUT,Bundesliga,2022/2023,22/10/2022,16:00,Hartberg,Tirol,1,5,A,2.44,3.74,2.86,2.5,3.77,2.86,2.38,3.58,2.76,,,,,,
AUT,Bundesliga,2022/2023,22/10/2022,16:00,SK Rapid,A. Klagenfurt,0,1,A,1.81,4.13,4.25,1.82,4.3,4.57,1.77,4,4.06,,,,,,
AUT,Bundesliga,2022/2023,22/10/2022,16:00,Salzburg,Sturm Graz,0,0,D,1.73,3.77,5.36,1.74,3.99,5.5,1.71,3.72,4.82,,,,,,
AUT,Bundesliga,2022/2023,23/10/2022,13:30,A. Lustenau,Ried,0,0,D,2.54,3.69,2.76,2.54,3.69,2.8,2.45,3.49,2.73,,,,,,
AUT,Bundesliga,2022/2023,23/10/2022,13:30,Wolfsberger AC,Altach,2,3,A,1.7,4.24,4.84,1.72,4.24,4.84,1.68,4,4.63,,,,,,
AUT,Bundesliga,2022/2023,23/10/2022,16:00,LASK,Austria Vienna,2,2,D,2.02,3.88,3.62,2.02,4.01,3.79,1.96,3.76,3.51,,,,,,
AUT,Bundesliga,2022/2023,26/10/2022,15:00,SK Rapid,Hartberg,5,1,H,1.46,4.87,6.99,1.53,5.2,7,1.43,4.74,6.61,,,,,,
AUT,Bundesliga,2022/2023,29/10/2022,16:00,A. Klagenfurt,Tirol,2,3,A,2.07,3.86,3.5,2.12,4,3.5,2.03,3.73,3.31,,,,,,
AUT,Bundesliga,2022/2023,29/10/2022,16:00,A. Lustenau,SK Rapid,3,3,D,4.59,4.27,1.73,4.9,4.33,1.73,4.5,4.06,1.69,,,,,,
AUT,Bundesliga,2022/2023,29/10/2022,16:00,Salzburg,Hartberg,1,0,H,1.21,7.42,13.76,1.25,7.5,14,1.2,6.97,11.81,,,,,,
AUT,Bundesliga,2022/2023,30/10/2022,13:30,Austria Vienna,Altach,2,1,H,1.66,4.4,4.95,1.7,4.4,5.04,1.65,4.11,4.68,,,,,,
AUT,Bundesliga,2022/2023,30/10/2022,13:30,LASK,Wolfsberger AC,4,1,H,1.67,4.6,4.69,1.75,4.6,4.75,1.64,4.28,4.55,,,,,,
AUT,Bundesliga,2022/2023,30/10/2022,16:00,Sturm Graz,Ried,2,1,H,1.32,5.62,10.38,1.4,5.78,10.5,1.32,5.28,9.08,,,,,,
AUT,Bundesliga,2022/2023,05/11/2022,16:00,Hartberg,A. Lustenau,1,1,D,2.32,3.67,3.08,2.33,3.8,3.15,2.26,3.51,2.99,,,,,,
AUT,Bundesliga,2022/2023,05/11/2022,16:00,Ried,A. Klagenfurt,2,2,D,2.99,3.62,2.4,3.04,3.66,2.52,2.86,3.45,2.37,,,,,,
AUT,Bundesliga,2022/2023,05/11/2022,16:00,Wolfsberger AC,Salzburg,1,2,A,8.99,5.85,1.33,9.22,5.85,1.4,7.78,5.19,1.35,,,,,,
AUT,Bundesliga,2022/2023,06/11/2022,13:30,Altach,Sturm Graz,1,1,D,7.08,4.58,1.49,7.08,4.58,1.57,6.28,4.32,1.49,,,,,,
AUT,Bundesliga,2022/2023,06/11/2022,13:30,Tirol,Austria Vienna,0,0,D,2.78,3.91,2.42,3,3.91,2.42,2.78,3.69,2.31,,,,,,
AUT,Bundesliga,2022/2023,06/11/2022,16:00,SK Rapid,LASK,1,0,H,2.48,3.82,2.76,2.55,3.82,2.81,2.44,3.56,2.69,,,,,,
AUT,Bundesliga,2022/2023,12/11/2022,16:00,A. Lustenau,Altach,3,0,H,2.6,3.72,2.67,2.6,3.78,2.85,2.5,3.53,2.62,,,,,,
AUT,Bundesliga,2022/2023,12/11/2022,16:00,Hartberg,SK Rapid,1,2,A,5.15,4.51,1.63,5.55,4.51,1.66,4.93,4.16,1.61,,,,,,
AUT,Bundesliga,2022/2023,12/11/2022,16:00,Tirol,Ried,2,0,H,1.93,3.93,3.92,1.97,4.02,4,1.87,3.77,3.75,,,,,,
AUT,Bundesliga,2022/2023,13/11/2022,13:30,A. Klagenfurt,Salzburg,0,1,A,7.6,5.72,1.38,8.5,5.75,1.44,7.2,5.24,1.36,,,,,,
AUT,Bundesliga,2022/2023,13/11/2022,13:30,Austria Vienna,Wolfsberger AC,0,1,A,1.93,4.21,3.66,1.95,4.3,3.83,1.88,3.95,3.58,,,,,,
AUT,Bundesliga,2022/2023,13/11/2022,16:00,LASK,Sturm Graz,1,1,D,3.28,3.6,2.25,3.36,3.6,2.35,3.14,3.45,2.2,,,,,,
AUT,Bundesliga,2022/2023,10/02/2023,19:30,Sturm Graz,SK Rapid,1,0,H,2,3.58,4,2.05,3.64,4.08,1.97,3.46,3.77,,,,,,
AUT,Bundesliga,2022/2023,11/02/2023,16:00,Salzburg,A. Lustenau,4,0,H,1.2,7.81,13.19,1.21,7.9,15,1.19,7.28,12.58,,,,,,
AUT,Bundesliga,2022/2023,11/02/2023,16:00,Wolfsberger AC,Tirol,1,2,A,2.19,3.7,3.33,2.19,3.8,3.41,2.11,3.56,3.25,,,,,,
AUT,Bundesliga,2022/2023,12/02/2023,13:30,Altach,LASK,0,1,A,5.97,4.55,1.55,6.5,4.55,1.62,5.57,4.24,1.55,,,,,,
AUT,Bundesliga,2022/2023,12/02/2023,13:30,Ried,Hartberg,0,1,A,2.38,3.54,3.07,2.42,3.69,3.3,2.32,3.45,2.94,,,,,,
AUT,Bundesliga,2022/2023,12/02/2023,16:00,Austria Vienna,A. Klagenfurt,3,1,H,2.08,3.73,3.58,2.11,3.91,3.67,2.01,3.67,3.43,,,,,,
AUT,Bundesliga,2022/2023,18/02/2023,16:00,A. Klagenfurt,Wolfsberger AC,0,3,A,2.6,3.45,2.84,2.61,3.57,2.84,2.52,3.37,2.72,,,,,,
AUT,Bundesliga,2022/2023,18/02/2023,16:00,Hartberg,Sturm Graz,1,2,A,5.39,4.32,1.63,5.61,4.33,1.64,5.2,4.15,1.59,,,,,,
AUT,Bundesliga,2022/2023,18/02/2023,16:00,Ried,LASK,1,1,D,5.43,4.32,1.63,5.75,4.32,1.64,5.26,4.07,1.6,,,,,,
AUT,Bundesliga,2022/2023,19/02/2023,13:30,A. Lustenau,Austria Vienna,1,0,H,4.19,3.73,1.91,4.28,3.85,1.94,3.89,3.64,1.89,,,,,,
AUT,Bundesliga,2022/2023,19/02/2023,13:30,Tirol,Salzburg,1,3,A,6.52,4.68,1.51,7.25,4.9,1.54,6.01,4.48,1.49,,,,,,
AUT,Bundesliga,2022/2023,19/02/2023,16:00,SK Rapid,Altach,3,0,H,1.44,4.98,7.2,1.47,5,7.66,1.42,4.68,6.99,,,,,,
AUT,Bundesliga,2022/2023,24/02/2023,19:30,LASK,A. Lustenau,1,0,H,1.43,5.23,7.18,1.45,5.3,8,1.4,4.96,7,,,,,,
AUT,Bundesliga,2022/2023,25/02/2023,16:00,Austria Vienna,Hartberg,3,0,H,1.63,4.13,5.76,1.63,4.2,6.11,1.58,3.99,5.57,,,,,,
AUT,Bundesliga,2022/2023,25/02/2023,16:00,Sturm Graz,A. Klagenfurt,1,2,A,1.5,4.8,6.44,1.53,4.8,7,1.48,4.51,6.16,,,,,,
AUT,Bundesliga,2022/2023,26/02/2023,13:30,Altach,Tirol,0,0,D,3.3,3.75,2.18,3.3,3.86,2.26,3.11,3.63,2.16,,,,,,
AUT,Bundesliga,2022/2023,26/02/2023,13:30,Wolfsberger AC,SK Rapid,1,2,A,3.35,3.58,2.22,3.35,3.69,2.24,3.19,3.51,2.17,,,,,,
AUT,Bundesliga,2022/2023,26/02/2023,16:00,Salzburg,Ried,2,0,H,1.21,7.14,15.07,1.22,7.2,15.3,1.19,6.64,13.71,,,,,,
AUT,Bundesliga,2022/2023,04/03/2023,16:00,A. Lustenau,Sturm Graz,0,2,A,6.79,4.24,1.54,7.1,4.34,1.54,6.3,4.17,1.5,,,,,,
AUT,Bundesliga,2022/2023,04/03/2023,16:00,Hartberg,Wolfsberger AC,2,1,H,3,3.69,2.38,3.03,3.69,2.38,2.93,3.48,2.3,,,,,,
AUT,Bundesliga,2022/2023,04/03/2023,16:00,Ried,Austria Vienna,1,3,A,3.88,3.55,2.04,3.88,3.69,2.07,3.58,3.49,2.01,,,,,,
AUT,Bundesliga,2022/2023,05/03/2023,13:30,A. Klagenfurt,Altach,3,0,H,1.96,3.81,3.88,1.98,3.86,4.22,1.91,3.64,3.78,,,,,,
AUT,Bundesliga,2022/2023,05/03/2023,13:30,Tirol,LASK,2,3,A,3.98,3.87,1.93,3.98,3.87,1.99,3.62,3.66,1.94,,,,,,
AUT,Bundesliga,2022/2023,05/03/2023,16:00,SK Rapid,Salzburg,2,4,A,4.18,3.55,1.97,4.44,3.87,2.06,3.82,3.53,1.93,,,,,,
AUT,Bundesliga,2022/2023,12/03/2023,16:00,A. Klagenfurt,Hartberg,1,0,H,2.18,3.64,3.38,2.21,3.67,3.42,2.12,3.49,3.27,,,,,,
AUT,Bundesliga,2022/2023,12/03/2023,16:00,Altach,Ried,1,2,A,2.42,3.42,3.1,2.44,3.48,3.12,2.35,3.31,2.96,,,,,,
AUT,Bundesliga,2022/2023,12/03/2023,16:00,LASK,Salzburg,0,2,A,4.22,3.78,1.89,4.28,3.78,1.93,3.93,3.63,1.87,,,,,,
AUT,Bundesliga,2022/2023,12/03/2023,16:00,SK Rapid,Tirol,2,0,H,1.61,4.43,5.47,1.62,4.45,5.9,1.58,4.15,5.24,,,,,,
AUT,Bundesliga,2022/2023,12/03/2023,16:00,Sturm Graz,Austria Vienna,3,1,H,1.78,3.75,4.97,1.81,3.8,5,1.75,3.65,4.53,,,,,,
AUT,Bundesliga,2022/2023,12/03/2023,16:00,Wolfsberger AC,A. Lustenau,0,1,A,1.69,4.11,5.07,1.73,4.11,5.28,1.69,3.88,4.71,,,,,,
AUT,Bundesliga,2022/2023,19/03/2023,16:00,A. Lustenau,A. Klagenfurt,4,2,H,3.37,3.66,2.18,3.37,3.66,2.25,3.13,3.49,2.18,,,,,,
AUT,Bundesliga,2022/2023,19/03/2023,16:00,Austria Vienna,SK Rapid,2,0,H,3.32,3.44,2.29,3.33,3.48,2.55,3.11,3.3,2.27,,,,,,
AUT,Bundesliga,2022/2023,19/03/2023,16:00,Hartberg,LASK,2,2,D,4.13,3.73,1.93,4.33,3.77,1.98,3.93,3.56,1.89,,,,,,
AUT,Bundesliga,2022/2023,19/03/2023,16:00,Ried,Wolfsberger AC,0,0,D,2.75,3.65,2.56,2.8,3.65,2.64,2.66,3.42,2.52,,,,,,
AUT,Bundesliga,2022/2023,19/03/2023,16:00,Salzburg,Altach,1,1,D,1.16,8.35,18.09,1.18,8.5,19,1.16,7.46,15.79,,,,,,
AUT,Bundesliga,2022/2023,19/03/2023,16:00,Tirol,Sturm Graz,0,2,A,6.63,4.72,1.5,7,4.73,1.56,6.34,4.45,1.47,,,,,,
AUT,Bundesliga,2022/2023,31/03/2023,18:30,Hartberg,A. Lustenau,0,1,A,2.15,3.5,3.59,2.17,3.62,3.62,2.08,3.43,3.4,,,,,,
AUT,Bundesliga,2022/2023,01/04/2023,16:00,Altach,Tirol,1,0,H,3.13,3.46,2.39,3.13,3.46,2.57,2.84,3.34,2.4,,,,,,
AUT,Bundesliga,2022/2023,01/04/2023,16:00,Wolfsberger AC,Ried,1,0,H,1.9,3.77,4.22,1.91,3.92,4.4,1.85,3.63,4,,,,,,
AUT,Bundesliga,2022/2023,02/04/2023,13:30,A. Klagenfurt,Salzburg,0,3,A,12.59,6.53,1.24,13.6,6.8,1.43,12.13,6.22,1.22,,,,,,
AUT,Bundesliga,2022/2023,02/04/2023,13:30,Austria Vienna,LASK,2,2,D,2.66,3.45,2.76,2.66,3.55,2.76,2.56,3.38,2.64,,,,,,
AUT,Bundesliga,2022/2023,02/04/2023,16:00,Sturm Graz,SK Rapid,3,1,H,1.81,3.83,4.66,1.89,3.83,4.66,1.78,3.65,4.34,,,,,,
AUT,Bundesliga,2022/2023,07/04/2023,18:30,Tirol,Wolfsberger AC,4,0,H,2.81,3.73,2.48,2.82,3.73,2.58,2.69,3.53,2.43,,,,,,
AUT,Bundesliga,2022/2023,08/04/2023,16:00,A. Lustenau,Altach,1,0,H,2.57,3.43,2.88,2.57,3.49,2.97,2.44,3.33,2.79,,,,,,
AUT,Bundesliga,2022/2023,08/04/2023,16:00,Ried,Hartberg,1,3,A,2.4,3.28,3.26,2.44,3.37,3.26,2.37,3.2,3.03,,,,,,
AUT,Bundesliga,2022/2023,09/04/2023,13:30,SK Rapid,A. Klagenfurt,3,1,H,1.49,4.72,6.76,1.49,4.75,7.1,1.45,4.5,6.59,,,,,,
AUT,Bundesliga,2022/2023,09/04/2023,13:30,Salzburg,Austria Vienna,3,3,D,1.35,5.47,9.12,1.4,5.66,9.86,1.34,5.12,8.34,,,,,,
AUT,Bundesliga,2022/2023,09/04/2023,16:00,LASK,Sturm Graz,2,1,H,2.86,3.61,2.5,3.35,3.64,2.56,2.88,3.45,2.34,,,,,,
AUT,Bundesliga,2022/2023,14/04/2023,18:30,Ried,Tirol,1,1,D,2.71,3.58,2.63,2.84,3.6,2.67,2.64,3.42,2.54,,,,,,
AUT,Bundesliga,2022/2023,15/04/2023,16:00,A. Lustenau,Wolfsberger AC,1,3,A,2.81,3.42,2.64,2.9,3.56,2.64,2.71,3.4,2.49,,,,,,
AUT,Bundesliga,2022/2023,15/04/2023,16:00,Hartberg,Altach,2,2,D,2.07,3.48,3.89,2.13,3.55,3.91,2.04,3.38,3.61,,,,,,
AUT,Bundesliga,2022/2023,16/04/2023,13:30,A. Klagenfurt,Sturm Graz,0,2,A,7.24,4.96,1.44,8,4.96,1.47,7.02,4.6,1.42,,,,,,
AUT,Bundesliga,2022/2023,16/04/2023,13:30,Salzburg,LASK,0,0,D,1.49,4.91,6.41,1.53,4.91,7,1.47,4.55,6.15,,,,,,
AUT,Bundesliga,2022/2023,16/04/2023,16:00,SK Rapid,Austria Vienna,3,3,D,2.13,3.75,3.45,2.2,3.76,3.81,2.08,3.58,3.31,,,,,,
AUT,Bundesliga,2022/2023,21/04/2023,18:30,Wolfsberger AC,Hartberg,2,2,D,2.45,3.53,2.98,2.46,3.65,3.75,2.32,3.42,2.94,,,,,,
AUT,Bundesliga,2022/2023,22/04/2023,16:00,Altach,Ried,1,1,D,2.65,3.35,2.85,2.65,3.41,2.92,2.52,3.27,2.77,,,,,,
AUT,Bundesliga,2022/2023,22/04/2023,16:00,Tirol,A. Lustenau,0,2,A,1.88,3.93,4.14,1.9,4,4.3,1.82,3.78,3.96,,,,,,
AUT,Bundesliga,2022/2023,23/04/2023,13:30,Austria Vienna,A. Klagenfurt,1,2,A,1.59,4.41,5.69,1.6,4.5,6.12,1.55,4.25,5.51,,,,,,
AUT,Bundesliga,2022/2023,23/04/2023,13:30,LASK,SK Rapid,3,1,H,2.15,3.64,3.47,2.24,3.64,3.47,2.1,3.51,3.3,,,,,,
AUT,Bundesliga,2022/2023,23/04/2023,16:00,Sturm Graz,Salzburg,0,2,A,2.57,3.5,2.83,2.85,3.52,2.83,2.57,3.35,2.65,,,,,,
AUT,Bundesliga,2022/2023,26/04/2023,17:30,Sturm Graz,Austria Vienna,3,2,H,1.63,4.32,5.36,1.67,4.4,5.75,1.59,4.15,5.17,,,,,,
AUT,Bundesliga,2022/2023,26/04/2023,19:30,SK Rapid,Salzburg,1,1,D,4.24,3.93,1.85,4.9,4.1,1.85,4.15,3.86,1.77,,,,,,
AUT,Bundesliga,2022/2023,28/04/2023,18:30,Altach,Wolfsberger AC,0,2,A,3.06,3.37,2.48,3.09,3.48,2.5,2.95,3.3,2.37,,,,,,
AUT,Bundesliga,2022/2023,29/04/2023,16:00,Ried,A. Lustenau,4,4,D,2.29,3.45,3.31,2.29,3.59,3.41,2.18,3.37,3.22,,,,,,
AUT,Bundesliga,2022/2023,29/04/2023,16:00,Tirol,Hartberg,1,1,D,2.32,3.82,2.99,2.4,3.82,3.15,2.28,3.55,2.88,,,,,,
AUT,Bundesliga,2022/2023,30/04/2023,16:00,LASK,A. Klagenfurt,4,0,H,1.47,4.94,6.67,1.48,5,7.12,1.44,4.65,6.47,,,,,,
AUT,Bundesliga,2022/2023,05/05/2023,18:30,Wolfsberger AC,Altach,0,0,D,2.05,3.48,3.93,2.1,3.7,4.1,2,3.47,3.62,,,,,,
AUT,Bundesliga,2022/2023,06/05/2023,16:00,A. Lustenau,Ried,2,2,D,2.38,3.49,3.12,2.64,3.5,3.12,2.33,3.38,2.94,,,,,,
AUT,Bundesliga,2022/2023,06/05/2023,16:00,Hartberg,Tirol,5,0,H,2.11,3.83,3.4,2.15,3.87,3.6,2.05,3.69,3.27,,,,,,
AUT,Bundesliga,2022/2023,07/05/2023,13:30,A. Klagenfurt,LASK,1,1,D,6.2,4.55,1.54,6.2,4.7,1.67,5.63,4.37,1.53,,,,,,
AUT,Bundesliga,2022/2023,07/05/2023,13:30,Austria Vienna,Sturm Graz,1,2,A,4.01,4.07,1.87,4.16,4.12,1.89,3.9,3.83,1.83,,,,,,
AUT,Bundesliga,2022/2023,07/05/2023,16:00,Salzburg,SK Rapid,2,1,H,1.47,4.86,6.84,1.5,4.9,6.84,1.46,4.54,6.27,,,,,,
AUT,Bundesliga,2022/2023,12/05/2023,18:30,Tirol,Ried,1,1,D,2.29,3.67,3.13,2.3,3.73,3.13,2.25,3.53,2.97,,,,,,
AUT,Bundesliga,2022/2023,13/05/2023,16:00,Altach,Hartberg,0,1,A,3.82,3.68,2.02,3.88,3.69,2.06,3.64,3.51,1.98,,,,,,
AUT,Bundesliga,2022/2023,13/05/2023,16:00,Wolfsberger AC,A. Lustenau,2,2,D,1.96,3.82,3.9,2,3.82,3.9,1.93,3.63,3.71,,,,,,
AUT,Bundesliga,2022/2023,14/05/2023,13:30,LASK,Salzburg,0,1,A,3.75,3.85,1.99,3.8,3.87,2.03,3.56,3.68,1.95,,,,,,
AUT,Bundesliga,2022/2023,14/05/2023,13:30,Sturm Graz,A. Klagenfurt,4,1,H,1.23,6.79,12.68,1.25,7,13,1.22,6.32,11.66,,,,,,
AUT,Bundesliga,2022/2023,14/05/2023,16:00,Austria Vienna,SK Rapid,3,1,H,2.57,3.77,2.68,2.65,3.77,2.91,2.5,3.52,2.65,,,,,,
AUT,Bundesliga,2022/2023,19/05/2023,18:30,Ried,Altach,0,1,A,1.92,3.67,4.23,2,3.81,4.23,1.9,3.59,3.9,,,,,,
AUT,Bundesliga,2022/2023,20/05/2023,16:00,A. Lustenau,Tirol,2,4,A,2.93,3.67,2.41,2.97,3.71,2.65,2.75,3.53,2.41,,,,,,
AUT,Bundesliga,2022/2023,20/05/2023,16:00,Hartberg,Wolfsberger AC,0,2,A,1.93,3.73,4.13,2.05,3.87,4.13,1.91,3.7,3.73,,,,,,
AUT,Bundesliga,2022/2023,21/05/2023,13:30,A. Klagenfurt,Austria Vienna,1,1,D,5.2,4.57,1.61,5.25,4.6,1.62,4.94,4.37,1.58,,,,,,
AUT,Bundesliga,2022/2023,21/05/2023,13:30,SK Rapid,LASK,1,1,D,2.7,3.78,2.55,2.7,3.78,2.66,2.57,3.57,2.54,,,,,,
AUT,Bundesliga,2022/2023,21/05/2023,16:00,Salzburg,Sturm Graz,2,1,H,2,3.59,3.99,2.3,3.64,4.04,2.04,3.42,3.57,,,,,,
AUT,Bundesliga,2022/2023,27/05/2023,16:00,Altach,A. Lustenau,1,1,D,2.68,3.39,2.79,2.68,3.67,2.95,2.55,3.31,2.7,,,,,,
AUT,Bundesliga,2022/2023,27/05/2023,16:00,Hartberg,Ried,2,0,H,1.87,4.14,3.94,1.88,4.2,4.04,1.82,3.94,3.84,,,,,,
AUT,Bundesliga,2022/2023,27/05/2023,16:00,Wolfsberger AC,Tirol,2,0,H,2.18,3.76,3.3,2.19,3.83,3.37,2.11,3.62,3.15,,,,,,
AUT,Bundesliga,2022/2023,28/05/2023,16:00,LASK,Austria Vienna,3,1,H,2.23,3.96,3.06,2.23,3.96,3.33,2.15,3.77,3.01,,,,,,
AUT,Bundesliga,2022/2023,28/05/2023,16:00,SK Rapid,Sturm Graz,3,2,H,3.58,3.89,2.03,3.67,3.89,2.2,3.37,3.67,2.02,,,,,,
AUT,Bundesliga,2022/2023,28/05/2023,16:00,Salzburg,A. Klagenfurt,3,2,H,1.18,8.88,13.63,1.22,8.9,17,1.17,7.71,13.09,,,,,,
AUT,Bundesliga,2022/2023,02/06/2023,18:30,A. Lustenau,Hartberg,5,1,H,3.72,3.78,2.02,3.83,3.93,2.05,3.55,3.71,1.95,,,,,,
AUT,Bundesliga,2022/2023,02/06/2023,18:30,Ried,Wolfsberger AC,1,2,A,2.94,3.7,2.39,3.01,3.87,2.41,2.88,3.59,2.28,,,,,,
AUT,Bundesliga,2022/2023,02/06/2023,18:30,Tirol,Altach,1,1,D,1.98,4,3.66,1.99,4.1,3.86,1.93,3.87,3.48,,,,,,
AUT,Bundesliga,2022/2023,03/06/2023,16:00,A. Klagenfurt,SK Rapid,2,1,H,4.63,4.11,1.75,4.75,4.29,1.82,4.12,3.97,1.76,,,,,,
AUT,Bundesliga,2022/2023,03/06/2023,16:00,Austria Vienna,Salzburg,1,1,D,3.46,3.95,2.06,4.12,4.21,2.06,3.48,3.87,1.93,,,,,,
AUT,Bundesliga,2022/2023,03/06/2023,16:00,Sturm Graz,LASK,2,0,H,1.74,4.47,4.34,1.81,4.6,4.54,1.7,4.24,4.15,,,,,,
AUT,Bundesliga,2022/2023,05/06/2023,18:00,Wolfsberger AC,A. Lustenau,1,2,A,2.08,3.74,3.57,2.13,3.78,4,2,3.56,3.52,,,,,,
AUT,Bundesliga,2022/2023,08/06/2023,16:00,A. Lustenau,Austria Vienna,1,1,D,4.49,4.05,1.79,4.49,5.64,1.83,4.12,4,1.75,,,,,,
AUT,Bundesliga,2022/2023,11/06/2023,16:00,Austria Vienna,A. Lustenau,5,0,H,1.54,4.66,5.93,1.54,4.82,6.52,1.49,4.45,5.83,,,,,,
AUT,Bundesliga,2023/2024,28/07/2023,19:30,LASK,SK Rapid,1,1,D,1.87,4,4.09,2.04,4.05,4.34,1.88,3.8,3.75,,,,,,
AUT,Bundesliga,2023/2024,29/07/2023,16:00,Hartberg,A. Lustenau,2,2,D,1.93,3.81,4.05,1.97,3.85,4.53,1.87,3.7,3.87,,,,,,
AUT,Bundesliga,2023/2024,29/07/2023,16:00,Tirol,A. Klagenfurt,1,3,A,2.37,3.81,2.92,2.42,3.81,2.92,2.33,3.6,2.79,,,,,,
AUT,Bundesliga,2023/2024,29/07/2023,16:00,Wolfsberger AC,BW Linz,2,1,H,2.25,3.59,3.28,2.3,3.65,3.52,2.23,3.4,3.1,,,,,,
AUT,Bundesliga,2023/2024,29/07/2023,18:30,Altach,Salzburg,0,2,A,7.16,4.85,1.46,7.5,4.9,1.5,6.68,4.59,1.43,,,,,,
AUT,Bundesliga,2023/2024,30/07/2023,16:00,Austria Vienna,Sturm Graz,0,3,A,3.14,3.7,2.28,3.76,3.83,2.31,3.08,3.59,2.18,,,,,,
AUT,Bundesliga,2023/2024,05/08/2023,16:00,SK Rapid,Altach,4,0,H,1.51,4.64,6.49,1.54,4.75,6.55,1.5,4.41,5.87,,,,,,
AUT,Bundesliga,2023/2024,05/08/2023,18:30,Sturm Graz,LASK,2,0,H,2.02,3.65,3.84,2.06,3.9,4.6,1.93,3.68,3.64,,,,,,
AUT,Bundesliga,2023/2024,06/08/2023,16:00,A. Lustenau,Austria Vienna,0,2,A,3.93,3.93,1.93,3.94,3.93,1.95,3.68,3.76,1.89,,,,,,
AUT,Bundesliga,2023/2024,06/08/2023,16:00,BW Linz,Hartberg,3,3,D,2.31,3.67,3.09,2.31,3.67,3.16,2.23,3.52,3,,,,,,
AUT,Bundesliga,2023/2024,06/08/2023,16:00,Salzburg,Tirol,3,0,H,1.16,9.55,14.16,1.2,9.55,17,1.16,8.11,13.81,,,,,,
AUT,Bundesliga,2023/2024,09/08/2023,19:30,A. Klagenfurt,Wolfsberger AC,2,2,D,2.6,3.53,2.78,2.65,3.6,2.95,2.51,3.44,2.66,,,,,,
AUT,Bundesliga,2023/2024,12/08/2023,16:00,Sturm Graz,A. Klagenfurt,0,0,D,1.4,5.64,7.07,1.43,5.64,8,1.38,5.03,7.15,,,,,,
AUT,Bundesliga,2023/2024,12/08/2023,16:00,Wolfsberger AC,A. Lustenau,1,1,D,1.81,4.11,4.26,1.82,4.11,4.56,1.76,3.91,4.14,,,,,,
AUT,Bundesliga,2023/2024,12/08/2023,18:30,LASK,BW Linz,2,0,H,1.57,4.57,5.72,1.59,4.6,5.72,1.55,4.32,5.27,,,,,,
AUT,Bundesliga,2023/2024,13/08/2023,16:00,Altach,Tirol,1,0,H,2.43,3.63,2.93,2.48,3.63,3.04,2.39,3.46,2.79,,,,,,
AUT,Bundesliga,2023/2024,13/08/2023,16:00,SK Rapid,Hartberg,0,1,A,1.93,3.86,3.99,1.95,3.9,4.11,1.87,3.75,3.77,,,,,,
AUT,Bundesliga,2023/2024,13/08/2023,16:00,Salzburg,Austria Vienna,2,0,H,1.54,4.87,5.7,1.55,4.9,6.41,1.51,4.5,5.47,,,,,,
AUT,Bundesliga,2023/2024,19/08/2023,16:00,A. Lustenau,Sturm Graz,0,1,A,8.08,5.37,1.38,8.7,5.4,1.44,7.5,4.95,1.37,,,,,,
AUT,Bundesliga,2023/2024,19/08/2023,16:00,Tirol,LASK,1,1,D,5.89,4.89,1.52,6.5,4.9,1.54,5.71,4.56,1.49,,,,,,
AUT,Bundesliga,2023/2024,19/08/2023,18:30,A. Klagenfurt,Altach,1,1,D,2.03,3.5,3.98,2.08,3.62,4,1.99,3.44,3.67,,,,,,
AUT,Bundesliga,2023/2024,20/08/2023,16:00,Austria Vienna,Wolfsberger AC,0,0,D,2.06,3.76,3.61,2.08,3.87,3.72,2,3.63,3.45,,,,,,
AUT,Bundesliga,2023/2024,20/08/2023,16:00,BW Linz,SK Rapid,0,5,A,3.74,3.95,1.97,3.75,3.96,2.06,3.53,3.72,1.95,,,,,,
AUT,Bundesliga,2023/2024,20/08/2023,16:00,Hartberg,Salzburg,1,5,A,5.02,4.63,1.63,5.87,4.8,1.65,5.14,4.37,1.56,,,,,,
AUT,Bundesliga,2023/2024,26/08/2023,16:00,Sturm Graz,BW Linz,4,1,H,1.33,5.85,9.29,1.36,6,10,1.3,5.5,8.74,,,,,,
AUT,Bundesliga,2023/2024,26/08/2023,16:00,Wolfsberger AC,Salzburg,1,2,A,6.42,4.43,1.54,6.42,4.75,1.55,5.87,4.33,1.51,,,,,,
AUT,Bundesliga,2023/2024,26/08/2023,18:30,A. Lustenau,Altach,0,3,A,3.08,3.44,2.43,3.08,3.56,2.6,2.89,3.41,2.36,,,,,,
AUT,Bundesliga,2023/2024,27/08/2023,16:00,Hartberg,A. Klagenfurt,0,3,A,2.12,3.72,3.46,2.16,3.73,3.6,2.09,3.54,3.32,,,,,,
AUT,Bundesliga,2023/2024,27/08/2023,16:00,LASK,Austria Vienna,2,0,H,1.9,4.09,3.87,1.95,4.1,4.07,1.86,3.85,3.75,,,,,,
AUT,Bundesliga,2023/2024,27/08/2023,16:00,SK Rapid,Tirol,1,1,D,1.4,5.55,7.28,1.44,5.7,8,1.37,5.25,6.91,,,,,,
AUT,Bundesliga,2023/2024,02/09/2023,16:00,Tirol,BW Linz,2,4,A,2.77,3.73,2.51,2.77,3.78,2.6,2.66,3.58,2.45,,,,,,
AUT,Bundesliga,2023/2024,02/09/2023,16:00,Wolfsberger AC,Hartberg,0,3,A,2.41,3.43,3.11,2.41,3.53,3.11,2.34,3.36,2.95,,,,,,
AUT,Bundesliga,2023/2024,02/09/2023,18:30,Altach,Sturm Graz,1,2,A,6.06,4.3,1.58,6.06,4.33,1.63,5.47,4.12,1.57,,,,,,
AUT,Bundesliga,2023/2024,03/09/2023,16:00,Austria Vienna,A. Klagenfurt,2,2,D,1.88,4.01,4,1.95,4.1,4.1,1.83,3.84,3.86,,,,,,
AUT,Bundesliga,2023/2024,03/09/2023,16:00,LASK,A. Lustenau,2,0,H,1.35,5.73,8.49,1.35,5.8,9,1.31,5.46,8.34,,,,,,
AUT,Bundesliga,2023/2024,03/09/2023,16:00,Salzburg,SK Rapid,2,0,H,1.54,4.6,6.04,1.57,4.6,7.08,1.5,4.42,5.8,,,,,,
AUT,Bundesliga,2023/2024,16/09/2023,16:00,A. Klagenfurt,LASK,1,3,A,3.22,3.58,2.29,3.83,3.65,3.05,3.27,3.41,2.18,,,,,,
AUT,Bundesliga,2023/2024,16/09/2023,16:00,BW Linz,Altach,1,1,D,2.35,3.45,3.2,2.41,3.45,3.2,2.32,3.35,3,,,,,,
AUT,Bundesliga,2023/2024,16/09/2023,18:30,Sturm Graz,Salzburg,2,2,D,2.96,3.55,2.45,3.04,3.58,2.45,2.89,3.45,2.34,,,,,,
AUT,Bundesliga,2023/2024,17/09/2023,13:30,A. Lustenau,Tirol,2,3,A,2.58,3.66,2.73,2.58,3.66,2.81,2.47,3.52,2.66,,,,,,
AUT,Bundesliga,2023/2024,17/09/2023,13:30,Hartberg,Austria Vienna,2,1,H,2.95,3.8,2.35,2.95,3.8,2.47,2.79,3.63,2.33,,,,,,
AUT,Bundesliga,2023/2024,17/09/2023,16:00,SK Rapid,Wolfsberger AC,3,3,D,1.69,4.23,4.89,1.71,4.23,5.09,1.66,4.01,4.71,,,,,,
AUT,Bundesliga,2023/2024,23/09/2023,16:00,A. Klagenfurt,A. Lustenau,1,0,H,1.69,4.04,5.17,1.7,4.08,5.2,1.66,3.91,4.89,,,,,,
AUT,Bundesliga,2023/2024,23/09/2023,16:00,Salzburg,BW Linz,0,1,A,1.26,6.59,10.89,1.29,7.56,13,1.24,6.27,10.41,,,,,,
AUT,Bundesliga,2023/2024,23/09/2023,16:00,Tirol,Wolfsberger AC,2,3,A,3.28,3.62,2.24,3.28,3.97,2.25,3.09,3.59,2.17,,,,,,
AUT,Bundesliga,2023/2024,24/09/2023,13:30,Altach,Austria Vienna,2,1,H,2.95,3.53,2.47,3.1,3.57,2.47,2.91,3.41,2.35,,,,,,
AUT,Bundesliga,2023/2024,24/09/2023,13:30,LASK,Hartberg,0,0,D,1.74,4.17,4.62,1.77,4.2,4.86,1.71,4.01,4.43,,,,,,
AUT,Bundesliga,2023/2024,24/09/2023,16:00,SK Rapid,Sturm Graz,1,1,D,2.96,3.67,2.39,3,3.67,2.5,2.79,3.55,2.37,,,,,,
AUT,Bundesliga,2023/2024,30/09/2023,16:00,A. Lustenau,Salzburg,0,4,A,13.38,7.85,1.2,17,8.51,1.22,12.91,7.31,1.18,,,,,,
AUT,Bundesliga,2023/2024,30/09/2023,16:00,BW Linz,A. Klagenfurt,0,0,D,2.7,3.38,2.77,2.82,3.48,2.77,2.63,3.32,2.63,,,,,,
AUT,Bundesliga,2023/2024,30/09/2023,16:00,Wolfsberger AC,LASK,2,1,H,3.19,3.44,2.35,3.25,3.54,2.36,3.05,3.42,2.27,,,,,,
AUT,Bundesliga,2023/2024,01/10/2023,13:30,Hartberg,Altach,0,0,D,2.09,3.45,3.85,2.1,3.66,3.85,2.03,3.44,3.58,,,,,,
AUT,Bundesliga,2023/2024,01/10/2023,13:30,Sturm Graz,Tirol,1,0,H,1.27,6.41,10.26,1.3,6.75,11.5,1.25,6.18,9.86,,,,,,
AUT,Bundesliga,2023/2024,01/10/2023,16:00,Austria Vienna,SK Rapid,0,0,D,3.01,3.75,2.33,3.03,3.79,2.4,2.87,3.63,2.28,,,,,,
AUT,Bundesliga,2023/2024,07/10/2023,16:00,A. Lustenau,SK Rapid,0,5,A,7.27,5.21,1.42,7.5,5.21,1.45,6.76,4.9,1.4,,,,,,
AUT,Bundesliga,2023/2024,07/10/2023,16:00,Austria Vienna,BW Linz,4,0,H,1.93,3.94,3.81,1.95,3.99,4.06,1.89,3.76,3.73,,,,,,
AUT,Bundesliga,2023/2024,07/10/2023,16:00,Hartberg,Tirol,3,0,H,1.6,4.43,5.5,1.65,4.43,5.57,1.57,4.25,5.18,,,,,,
AUT,Bundesliga,2023/2024,08/10/2023,13:30,LASK,Altach,1,0,H,1.84,3.69,4.63,1.86,4.08,5.17,1.8,3.57,4.38,,,,,,
AUT,Bundesliga,2023/2024,08/10/2023,13:30,Wolfsberger AC,Sturm Graz,1,2,A,4.28,3.83,1.87,4.88,3.89,1.89,4.03,3.68,1.83,,,,,,
AUT,Bundesliga,2023/2024,08/10/2023,16:00,A. Klagenfurt,Salzburg,2,2,D,7.04,5.01,1.45,7.5,5.1,1.46,6.83,4.78,1.41,,,,,,
AUT,Bundesliga,2023/2024,21/10/2023,16:00,BW Linz,A. Lustenau,0,0,D,1.68,4.21,5.02,1.81,4.21,5.2,1.68,3.96,4.65,,,,,,
AUT,Bundesliga,2023/2024,21/10/2023,16:00,Salzburg,LASK,0,1,A,1.6,4.47,5.44,1.61,4.51,6,1.55,4.28,5.45,,,,,,
AUT,Bundesliga,2023/2024,21/10/2023,16:00,Sturm Graz,Hartberg,2,1,H,1.74,4.02,4.82,1.74,4.06,5,1.69,3.92,4.67,,,,,,
AUT,Bundesliga,2023/2024,22/10/2023,13:30,Altach,Wolfsberger AC,0,0,D,2.66,3.31,2.87,2.66,3.68,2.87,2.53,3.33,2.73,,,,,,
AUT,Bundesliga,2023/2024,22/10/2023,13:30,Tirol,Austria Vienna,0,2,A,4.26,4.06,1.83,4.3,4.28,1.86,3.96,3.93,1.8,,,,,,
AUT,Bundesliga,2023/2024,22/10/2023,16:00,SK Rapid,A. Klagenfurt,2,3,A,1.53,4.55,6.32,1.64,4.59,6.59,1.53,4.32,5.75,,,,,,
AUT,Bundesliga,2023/2024,28/10/2023,16:00,A. Klagenfurt,Tirol,1,0,H,1.79,3.89,4.65,1.8,3.98,4.81,1.75,3.79,4.41,,,,,,
AUT,Bundesliga,2023/2024,28/10/2023,16:00,BW Linz,Wolfsberger AC,2,0,H,2.76,3.43,2.68,2.76,3.58,2.68,2.65,3.4,2.55,,,,,,
AUT,Bundesliga,2023/2024,28/10/2023,16:00,Salzburg,Altach,3,0,H,1.27,6.39,11.39,1.33,6.39,11.39,1.28,5.68,9.83,,,,,,
AUT,Bundesliga,2023/2024,29/10/2023,13:30,A. Lustenau,Hartberg,0,4,A,4.62,4.04,1.77,4.62,4.1,1.77,4.4,3.92,1.72,,,,,,
AUT,Bundesliga,2023/2024,29/10/2023,13:30,Sturm Graz,Austria Vienna,0,1,A,1.76,4.07,4.63,1.77,4.1,5.4,1.71,3.88,4.55,,,,,,
AUT,Bundesliga,2023/2024,29/10/2023,16:00,SK Rapid,LASK,3,3,D,2.14,3.68,3.47,2.15,3.78,3.47,2.07,3.6,3.3,,,,,,
AUT,Bundesliga,2023/2024,04/11/2023,16:00,Austria Vienna,A. Lustenau,1,0,H,1.28,6.23,10.31,1.33,6.5,11,1.28,5.69,9.61,,,,,,
AUT,Bundesliga,2023/2024,04/11/2023,16:00,Tirol,Salzburg,0,2,A,11.61,6.58,1.25,11.61,6.58,1.3,10.32,6.21,1.24,,,,,,
AUT,Bundesliga,2023/2024,04/11/2023,16:00,Wolfsberger AC,A. Klagenfurt,4,0,H,2.09,3.68,3.59,2.32,3.68,3.7,2.09,3.53,3.34,,,,,,
AUT,Bundesliga,2023/2024,05/11/2023,13:30,Altach,SK Rapid,0,2,A,4.46,3.78,1.85,4.54,3.78,1.85,4.16,3.71,1.82,,,,,,
AUT,Bundesliga,2023/2024,05/11/2023,13:30,Hartberg,BW Linz,3,2,H,1.81,3.71,4.77,1.88,3.8,5.06,1.77,3.65,4.47,,,,,,
AUT,Bundesliga,2023/2024,05/11/2023,16:00,LASK,Sturm Graz,3,1,H,2.87,3.3,2.66,2.87,3.43,2.66,2.75,3.3,2.52,,,,,,
AUT,Bundesliga,2023/2024,11/11/2023,16:00,A. Lustenau,Wolfsberger AC,2,3,A,4.81,4.04,1.74,4.81,4.1,1.77,4.53,3.85,1.71,,,,,,
AUT,Bundesliga,2023/2024,11/11/2023,16:00,Hartberg,SK Rapid,1,0,H,3.63,3.78,2.05,3.63,3.85,2.1,3.35,3.7,2.03,,,,,,
AUT,Bundesliga,2023/2024,11/11/2023,16:00,Tirol,Altach,5,1,H,3.67,3.45,2.15,3.67,3.55,2.2,3.42,3.42,2.09,,,,,,
AUT,Bundesliga,2023/2024,12/11/2023,13:30,A. Klagenfurt,Sturm Graz,0,3,A,4.78,3.76,1.79,4.78,4.06,1.88,4.4,3.7,1.77,,,,,,
AUT,Bundesliga,2023/2024,12/11/2023,13:30,BW Linz,LASK,2,0,H,5.12,3.72,1.77,5.12,3.74,1.86,4.47,3.58,1.79,,,,,,
AUT,Bundesliga,2023/2024,12/11/2023,16:00,Austria Vienna,Salzburg,0,0,D,4.26,3.85,1.87,4.4,4.04,1.89,4.04,3.79,1.81,,,,,,
AUT,Bundesliga,2023/2024,25/11/2023,16:00,LASK,Tirol,1,0,H,1.35,5.6,8.81,1.37,5.7,9.16,1.34,5.14,8.17,,,,,,
AUT,Bundesliga,2023/2024,25/11/2023,16:00,Salzburg,Hartberg,3,2,H,1.53,4.67,6.29,1.54,4.85,6.5,1.5,4.46,5.88,,,,,,
AUT,Bundesliga,2023/2024,25/11/2023,16:00,Sturm Graz,A. Lustenau,2,0,H,1.22,7.09,12.96,1.25,7.3,15,1.21,6.44,12.52,,,,,,
AUT,Bundesliga,2023/2024,26/11/2023,13:30,Altach,A. Klagenfurt,0,1,A,2.15,3.26,3.89,2.18,3.32,3.89,2.11,3.21,3.6,,,,,,
AUT,Bundesliga,2023/2024,26/11/2023,13:30,Wolfsberger AC,Austria Vienna,1,0,H,2.52,3.47,2.92,2.66,3.6,2.92,2.46,3.44,2.74,,,,,,
AUT,Bundesliga,2023/2024,26/11/2023,16:00,SK Rapid,BW Linz,1,0,H,1.36,5.52,8.75,1.41,5.52,8.87,1.35,5.08,8.02,,,,,,
AUT,Bundesliga,2023/2024,03/12/2023,13:30,BW Linz,Sturm Graz,1,1,D,4.12,3.57,1.98,4.39,3.65,1.98,4.03,3.49,1.89,,,,,,
AUT,Bundesliga,2023/2024,03/12/2023,13:30,Salzburg,Wolfsberger AC,1,0,H,1.49,4.94,6.3,1.65,4.8,7.7,1.56,4.3,5.32,,,,,,
AUT,Bundesliga,2023/2024,03/12/2023,16:00,Austria Vienna,LASK,0,0,D,2.45,3.42,3.06,2.73,3.55,3.09,2.4,3.38,2.85,,,,,,
AUT,Bundesliga,2023/2024,04/12/2023,18:00,A. Klagenfurt,Hartberg,1,1,D,3.9,3.71,1.99,4,3.71,2.1,3.7,3.48,1.99,,,,,,
AUT,Bundesliga,2023/2024,05/12/2023,18:00,Altach,A. Lustenau,3,0,H,1.67,3.82,5.95,1.74,3.83,6,1.66,3.64,5.4,,,,,,
AUT,Bundesliga,2023/2024,05/12/2023,18:00,Tirol,SK Rapid,1,2,A,6.4,5.02,1.48,6.57,5.02,1.57,5.91,4.72,1.47,,,,,,
AUT,Bundesliga,2023/2024,09/12/2023,13:30,SK Rapid,Salzburg,0,1,A,2.53,3.72,2.75,3.7,3.72,2.75,2.55,3.6,2.57,,,,,,
AUT,Bundesliga,2023/2024,09/12/2023,16:00,A. Klagenfurt,Austria Vienna,2,2,D,3.77,3.62,2.05,3.8,3.65,2.5,3.49,3.5,2.04,,,,,,
AUT,Bundesliga,2023/2024,09/12/2023,16:00,A. Lustenau,LASK,1,3,A,9.13,5.34,1.36,9.13,5.4,1.53,8.19,4.94,1.35,,,,,,
AUT,Bundesliga,2023/2024,10/12/2023,13:30,BW Linz,Tirol,1,2,A,2.18,3.59,3.45,2.21,3.59,3.6,2.11,3.43,3.32,,,,,,
AUT,Bundesliga,2023/2024,10/12/2023,13:30,Hartberg,Wolfsberger AC,2,0,H,2.7,3.53,2.67,2.7,3.58,3.1,2.56,3.44,2.61,,,,,,
AUT,Bundesliga,2023/2024,10/12/2023,16:00,Sturm Graz,Altach,1,0,H,1.55,4.31,6.51,1.69,4.75,6.51,1.54,4.13,5.85,,,,,,
AUT,Bundesliga,2023/2024,09/02/2024,19:30,Salzburg,Sturm Graz,1,1,D,2.02,3.52,4.01,2.04,3.54,4.17,1.96,3.43,3.76,,,,,,
AUT,Bundesliga,2023/2024,10/02/2024,16:00,Altach,BW Linz,1,1,D,2.38,3.12,3.49,2.38,3.3,3.5,2.25,3.1,3.34,,,,,,
AUT,Bundesliga,2023/2024,10/02/2024,16:00,Austria Vienna,Hartberg,3,1,H,2.07,3.62,3.71,2.13,3.79,3.86,2.04,3.54,3.43,,,,,,
AUT,Bundesliga,2023/2024,11/02/2024,13:30,Tirol,A. Lustenau,0,2,A,1.78,3.68,5.05,1.78,3.95,5.05,1.73,3.74,4.58,,,,,,
AUT,Bundesliga,2023/2024,11/02/2024,13:30,Wolfsberger AC,SK Rapid,0,2,A,3.75,3.53,2.09,3.75,3.77,2.1,3.4,3.56,2.05,,,,,,
AUT,Bundesliga,2023/2024,11/02/2024,16:00,LASK,A. Klagenfurt,2,2,D,1.55,4.28,6.48,1.55,4.5,7,1.48,4.3,6.22,,,,,,
AUT,Bundesliga,2023/2024,17/02/2024,16:00,Austria Vienna,Altach,2,1,H,1.86,3.69,4.5,1.88,3.69,4.58,1.82,3.54,4.25,,,,,,
AUT,Bundesliga,2023/2024,17/02/2024,16:00,BW Linz,Salzburg,1,1,D,7.49,4.51,1.48,8.04,4.51,1.51,7.14,4.24,1.45,,,,,,
AUT,Bundesliga,2023/2024,17/02/2024,16:00,Wolfsberger AC,Tirol,4,1,H,1.8,3.96,4.49,1.8,4.1,4.6,1.76,3.79,4.3,,,,,,
AUT,Bundesliga,2023/2024,18/02/2024,13:30,A. Lustenau,A. Klagenfurt,0,1,A,3.7,3.27,2.21,3.76,3.49,2.21,3.44,3.25,2.14,,,,,,
AUT,Bundesliga,2023/2024,18/02/2024,13:30,Hartberg,LASK,0,0,D,3.1,3.49,2.39,3.1,3.53,2.39,2.95,3.45,2.29,,,,,,
AUT,Bundesliga,2023/2024,18/02/2024,16:00,Sturm Graz,SK Rapid,1,1,D,2.19,3.66,3.34,2.19,3.76,3.4,2.1,3.57,3.22,,,,,,
AUT,Bundesliga,2023/2024,24/02/2024,16:00,Altach,Hartberg,1,2,A,2.64,3.25,2.93,2.64,3.36,2.96,2.49,3.24,2.81,,,,,,
AUT,Bundesliga,2023/2024,24/02/2024,16:00,LASK,Wolfsberger AC,0,1,A,1.8,3.8,4.74,1.84,3.81,4.74,1.78,3.63,4.35,,,,,,
AUT,Bundesliga,2023/2024,24/02/2024,16:00,Salzburg,A. Lustenau,7,0,H,1.1,11.32,28.54,1.12,11.32,29,1.09,9.15,23.49,,,,,,
AUT,Bundesliga,2023/2024,25/02/2024,13:30,A. Klagenfurt,BW Linz,2,0,H,2.34,3.28,3.37,2.35,3.33,3.37,2.27,3.17,3.23,,,,,,
AUT,Bundesliga,2023/2024,25/02/2024,13:30,Tirol,Sturm Graz,0,2,A,5.89,4.22,1.6,6,4.33,1.75,5.2,3.98,1.61,,,,,,
AUT,Bundesliga,2023/2024,25/02/2024,16:00,SK Rapid,Austria Vienna,3,0,H,1.81,3.87,4.57,1.88,3.9,4.62,1.79,3.7,4.28,,,,,,
AUT,Bundesliga,2023/2024,03/03/2024,16:00,Altach,LASK,0,0,D,3.83,3.22,2.19,3.83,3.3,2.2,3.59,3.16,2.12,,,,,,
AUT,Bundesliga,2023/2024,03/03/2024,16:00,BW Linz,Austria Vienna,1,2,A,3.72,3.39,2.15,3.72,3.39,2.25,3.37,3.26,2.17,,,,,,
AUT,Bundesliga,2023/2024,03/03/2024,16:00,Salzburg,A. Klagenfurt,1,0,H,1.27,6.21,11.47,1.3,6.3,13,1.25,5.68,11.38,,,,,,
AUT,Bundesliga,2023/2024,03/03/2024,16:00,SK Rapid,A. Lustenau,1,1,D,1.16,8.32,17.85,1.18,8.5,17.85,1.15,7.52,15.24,,,,,,
AUT,Bundesliga,2023/2024,03/03/2024,16:00,Sturm Graz,Wolfsberger AC,4,0,H,1.78,3.95,4.65,1.91,4.07,4.65,1.77,3.78,4.24,,,,,,
AUT,Bundesliga,2023/2024,03/03/2024,16:00,Tirol,Hartberg,1,0,H,3.52,3.53,2.17,3.53,3.59,2.2,3.34,3.43,2.11,,,,,,
AUT,Bundesliga,2023/2024,09/03/2024,16:00,LASK,Salzburg,0,1,A,4.11,3.65,1.95,4.33,3.81,1.95,4.04,3.54,1.87,,,,,,
AUT,Bundesliga,2023/2024,10/03/2024,16:00,A. Klagenfurt,SK Rapid,1,1,D,3.74,2.76,2.34,4.01,3.25,2.44,3.58,2.78,2.31,,,,,,
AUT,Bundesliga,2023/2024,10/03/2024,16:00,A. Lustenau,BW Linz,2,0,H,4.03,3.37,2.07,4.03,3.55,2.11,3.72,3.25,2.04,,,,,,
AUT,Bundesliga,2023/2024,10/03/2024,16:00,Austria Vienna,Tirol,2,0,H,1.49,4.53,7.26,1.51,4.6,7.26,1.47,4.37,6.47,,,,,,
AUT,Bundesliga,2023/2024,10/03/2024,16:00,Hartberg,Sturm Graz,1,1,D,3.42,3.27,2.33,3.5,3.38,2.33,3.3,3.22,2.21,,,,,,
AUT,Bundesliga,2023/2024,10/03/2024,16:00,Wolfsberger AC,Altach,1,1,D,2.7,3.2,2.91,2.72,3.26,2.91,2.6,3.1,2.78,,,,,,
AUT,Bundesliga,2023/2024,15/03/2024,18:30,SK Rapid,LASK,0,0,D,2.54,3.36,2.98,2.54,3.45,2.98,2.43,3.29,2.87,,,,,,
AUT,Bundesliga,2023/2024,16/03/2024,16:00,Altach,Austria Vienna,1,1,D,2.75,3.18,2.86,2.75,3.36,2.86,2.63,3.15,2.73,,,,,,
AUT,Bundesliga,2023/2024,16/03/2024,16:00,BW Linz,A. Lustenau,0,0,D,1.74,3.58,5.69,1.83,3.67,5.69,1.75,3.44,5.01,,,,,,
AUT,Bundesliga,2023/2024,16/03/2024,16:00,Tirol,Wolfsberger AC,1,1,D,2.96,3.32,2.58,3,3.32,2.6,2.85,3.19,2.5,,,,,,
AUT,Bundesliga,2023/2024,17/03/2024,13:30,A. Klagenfurt,Sturm Graz,0,4,A,5.26,3.88,1.72,5.28,3.88,1.76,4.89,3.68,1.7,,,,,,
AUT,Bundesliga,2023/2024,17/03/2024,16:00,Salzburg,Hartberg,5,1,H,1.25,6.15,13.01,1.3,6.22,13.3,1.26,5.61,10.9,,,,,,
AUT,Bundesliga,2023/2024,29/03/2024,18:30,Austria Vienna,BW Linz,0,0,D,1.66,3.83,5.71,1.71,3.86,5.71,1.65,3.69,5.21,,,,,,
AUT,Bundesliga,2023/2024,30/03/2024,16:00,A. Lustenau,Tirol,1,2,A,3.98,3.1,2.17,3.98,3.25,2.21,3.62,3.1,2.14,,,,,,
AUT,Bundesliga,2023/2024,30/03/2024,16:00,Wolfsberger AC,Altach,0,0,D,2.76,3.14,2.83,2.76,3.24,2.86,2.66,3.08,2.73,,,,,,
AUT,Bundesliga,2023/2024,31/03/2024,13:30,Hartberg,SK Rapid,0,3,A,3.68,3.34,2.16,3.68,3.81,2.24,3.28,3.39,2.14,,,,,,
AUT,Bundesliga,2023/2024,31/03/2024,13:30,LASK,A. Klagenfurt,1,0,H,1.71,3.71,5.44,1.75,3.85,5.5,1.7,3.67,4.93,,,,,,
AUT,Bundesliga,2023/2024,31/03/2024,16:00,Sturm Graz,Salzburg,0,1,A,3.66,3.43,2.13,3.68,3.5,2.2,3.47,3.33,2.09,,,,,,
AUT,Bundesliga,2023/2024,05/04/2024,18:30,Altach,Tirol,0,0,D,2,3.24,4.4,2.11,3.36,4.4,2.03,3.17,3.91,,,,,,
AUT,Bundesliga,2023/2024,06/04/2024,16:00,Austria Vienna,A. Lustenau,1,1,D,1.39,4.73,9.17,1.4,5,9.6,1.35,4.67,8.62,,,,,,
AUT,Bundesliga,2023/2024,06/04/2024,18:30,BW Linz,Wolfsberger AC,0,0,D,2.69,3.02,3.03,2.91,3.2,3.03,2.66,3.01,2.8,,,,,,
AUT,Bundesliga,2023/2024,07/04/2024,13:30,A. Klagenfurt,Hartberg,2,2,D,2.59,3.09,3.09,2.61,3.2,3.09,2.51,3.06,2.93,,,,,,
AUT,Bundesliga,2023/2024,07/04/2024,13:30,Sturm Graz,LASK,1,0,H,1.96,3.47,4.23,2.07,3.54,4.23,1.97,3.37,3.85,,,,,,
AUT,Bundesliga,2023/2024,07/04/2024,16:00,Salzburg,SK Rapid,1,1,D,1.69,3.95,5.22,1.77,3.95,5.22,1.7,3.74,4.72,,,,,,
AUT,Bundesliga,2023/2024,12/04/2024,18:30,LASK,Salzburg,3,1,H,4.64,3.64,1.83,4.64,3.7,1.96,4.17,3.54,1.84,,,,,,
AUT,Bundesliga,2023/2024,13/04/2024,16:00,A. Lustenau,Altach,0,1,A,5.12,3.46,1.81,5.12,3.5,1.9,4.79,3.36,1.79,,,,,,
AUT,Bundesliga,2023/2024,13/04/2024,16:00,Tirol,BW Linz,2,1,H,2.67,2.96,3.12,2.68,3.14,3.12,2.57,2.99,2.93,,,,,,
AUT,Bundesliga,2023/2024,13/04/2024,16:00,Wolfsberger AC,Austria Vienna,0,1,A,3.04,3.16,2.58,3.07,3.3,2.6,2.88,3.12,2.51,,,,,,
AUT,Bundesliga,2023/2024,14/04/2024,13:30,Hartberg,Sturm Graz,1,3,A,5.29,3.8,1.71,5.47,3.85,1.76,4.89,3.68,1.7,,,,,,
AUT,Bundesliga,2023/2024,14/04/2024,16:00,SK Rapid,A. Klagenfurt,1,1,D,1.6,4.16,5.89,1.67,4.2,5.9,1.59,3.96,5.34,,,,,,
AUT,Bundesliga,2023/2024,19/04/2024,18:30,Sturm Graz,SK Rapid,1,0,H,1.84,3.68,4.52,1.91,4,4.52,1.83,3.64,4.12,,,,,,
AUT,Bundesliga,2023/2024,20/04/2024,16:00,Altach,BW Linz,2,2,D,2.03,2.98,4.86,2.11,3.1,5.1,1.98,2.96,4.51,,,,,,
AUT,Bundesliga,2023/2024,20/04/2024,16:00,Austria Vienna,Tirol,3,0,H,1.83,3.58,4.74,1.85,3.7,5,1.78,3.55,4.53,,,,,,
AUT,Bundesliga,2023/2024,20/04/2024,16:00,Wolfsberger AC,A. Lustenau,1,1,D,1.72,3.63,5.49,1.76,3.9,6,1.68,3.63,5.16,,,,,,
AUT,Bundesliga,2023/2024,21/04/2024,13:30,LASK,Hartberg,1,3,A,1.78,3.8,4.72,1.83,3.8,4.75,1.77,3.64,4.4,,,,,,
AUT,Bundesliga,2023/2024,21/04/2024,16:00,Salzburg,A. Klagenfurt,4,2,H,1.29,5.88,10.76,1.33,6,11,1.28,5.55,9.75,,,,,,
AUT,Bundesliga,2023/2024,23/04/2024,17:30,A. Lustenau,Wolfsberger AC,1,2,A,3.99,3.35,2.06,3.99,3.43,2.14,3.73,3.25,2.04,,,,,,
AUT,Bundesliga,2023/2024,23/04/2024,17:30,Tirol,Austria Vienna,1,0,H,3.79,3.54,2.05,3.79,3.54,2.13,3.52,3.42,2.05,,,,,,
AUT,Bundesliga,2023/2024,23/04/2024,19:30,BW Linz,Altach,2,1,H,3.08,2.88,2.78,3.08,3,2.85,2.93,2.84,2.68,,,,,,
AUT,Bundesliga,2023/2024,24/04/2024,17:30,A. Klagenfurt,Salzburg,4,3,H,9.67,5.56,1.32,9.67,5.56,1.39,8.23,5.12,1.34,,,,,,
AUT,Bundesliga,2023/2024,24/04/2024,17:30,Hartberg,LASK,1,2,A,3.53,3.42,2.18,3.56,3.6,2.37,3.24,3.33,2.19,,,,,,
AUT,Bundesliga,2023/2024,24/04/2024,19:30,SK Rapid,Sturm Graz,1,3,A,3.88,3.4,2.07,3.88,3.45,2.49,3.47,3.33,2.12,,,,,,
AUT,Bundesliga,2023/2024,26/04/2024,18:30,Austria Vienna,Altach,2,2,D,1.75,3.71,5.1,1.9,3.72,5.26,1.75,3.53,4.69,,,,,,
AUT,Bundesliga,2023/2024,27/04/2024,16:00,Tirol,A. Lustenau,0,0,D,1.69,3.81,5.47,1.78,3.83,5.56,1.68,3.67,4.99,,,,,,
AUT,Bundesliga,2023/2024,27/04/2024,16:00,Wolfsberger AC,BW Linz,0,2,A,2.5,3.13,3.2,2.5,3.35,3.25,2.38,3.1,3.05,,,,,,
AUT,Bundesliga,2023/2024,28/04/2024,13:30,Hartberg,A. Klagenfurt,3,2,H,2.11,3.58,3.56,2.16,3.6,3.56,2.08,3.47,3.33,,,,,,
AUT,Bundesliga,2023/2024,28/04/2024,13:30,LASK,SK Rapid,5,0,H,2.16,3.44,3.56,2.25,3.54,3.58,2.1,3.38,3.38,,,,,,
AUT,Bundesliga,2023/2024,28/04/2024,16:00,Salzburg,Sturm Graz,2,2,D,2.18,3.47,3.48,2.19,3.69,3.48,2.11,3.49,3.24,,,,,,
AUT,Bundesliga,2023/2024,03/05/2024,18:30,A. Lustenau,Austria Vienna,2,0,H,5.22,3.88,1.7,5.25,4.01,1.81,4.85,3.79,1.69,,,,,,
AUT,Bundesliga,2023/2024,04/05/2024,16:00,Altach,Wolfsberger AC,0,1,A,2.1,3.2,4.07,2.25,3.29,4.1,2.09,3.14,3.7,,,,,,
AUT,Bundesliga,2023/2024,04/05/2024,16:00,BW Linz,Tirol,3,2,H,2.15,3.2,3.9,2.2,3.25,3.9,2.12,3.15,3.59,,,,,,
AUT,Bundesliga,2023/2024,05/05/2024,13:30,A. Klagenfurt,LASK,0,2,A,4.39,3.96,1.8,4.57,4.13,1.87,4.11,3.81,1.78,,,,,,
AUT,Bundesliga,2023/2024,05/05/2024,13:30,Sturm Graz,Hartberg,1,1,D,1.47,4.53,6.68,1.51,4.75,7.34,1.45,4.46,6.38,,,,,,
AUT,Bundesliga,2023/2024,05/05/2024,16:00,SK Rapid,Salzburg,2,0,H,4.11,4.35,1.78,4.59,4.35,1.8,4.02,4.02,1.75,,,,,,
AUT,Bundesliga,2023/2024,11/05/2024,16:00,A. Lustenau,BW Linz,1,0,H,3.24,3.41,2.32,3.45,3.45,2.37,3.15,3.28,2.26,,,,,,
AUT,Bundesliga,2023/2024,11/05/2024,16:00,Austria Vienna,Wolfsberger AC,0,4,A,1.7,3.9,5.18,1.81,4,5.18,1.7,3.82,4.7,,,,,,
AUT,Bundesliga,2023/2024,11/05/2024,16:00,Tirol,Altach,0,1,A,3.34,2.97,2.52,3.34,3.2,2.63,3.11,3,2.44,,,,,,
AUT,Bundesliga,2023/2024,12/05/2024,16:00,A. Klagenfurt,SK Rapid,0,1,A,4.51,4.13,1.75,4.51,4.13,2.04,4.16,3.95,1.75,,,,,,
AUT,Bundesliga,2023/2024,12/05/2024,16:00,Hartberg,Salzburg,1,5,A,5.47,4.62,1.56,6,4.9,1.58,5.33,4.59,1.51,,,,,,
AUT,Bundesliga,2023/2024,12/05/2024,16:00,LASK,Sturm Graz,2,2,D,2.8,3.37,2.64,2.8,3.5,2.68,2.68,3.33,2.55,,,,,,
AUT,Bundesliga,2023/2024,18/05/2024,16:00,Altach,A. Lustenau,2,2,D,1.6,4.06,5.4,1.69,4.33,5.9,1.62,3.95,5.13,,,,,,
AUT,Bundesliga,2023/2024,18/05/2024,16:00,BW Linz,Austria Vienna,1,2,A,3.53,3.49,2.08,3.63,3.88,2.15,3.31,3.55,2.07,,,,,,
AUT,Bundesliga,2023/2024,18/05/2024,16:00,Wolfsberger AC,Tirol,3,1,H,2.11,3.45,3.5,2.13,3.65,3.65,2.06,3.49,3.4,,,,,,
AUT,Bundesliga,2023/2024,19/05/2024,16:00,Salzburg,LASK,7,1,H,1.4,5.41,6.95,1.53,5.6,7.5,1.39,5.12,6.67,,,,,,
AUT,Bundesliga,2023/2024,19/05/2024,16:00,SK Rapid,Hartberg,0,3,A,1.83,3.95,4.15,1.87,4.1,4.5,1.78,3.94,4.02,,,,,,
AUT,Bundesliga,2023/2024,19/05/2024,16:00,Sturm Graz,A. Klagenfurt,2,0,H,1.28,5.96,10.14,1.36,6.5,10.35,1.28,5.78,9.14,,,,,,
AUT,Bundesliga,2023/2024,21/05/2024,18:00,Wolfsberger AC,Austria Vienna,1,2,A,3.79,3.59,2.03,3.8,3.59,2.15,3.45,3.46,2.05,,,,,,
AUT,Bundesliga,2023/2024,24/05/2024,18:30,Austria Vienna,Hartberg,2,1,H,2.28,3.41,3.31,2.3,3.5,3.4,2.19,3.38,3.17,,,,,,
AUT,Bundesliga,2023/2024,28/05/2024,18:00,Hartberg,Austria Vienna,0,1,A,2.59,3.8,2.61,2.59,3.8,2.75,2.46,3.67,2.57,,,,,,
AUT,Bundesliga,2024/2025,02/08/2024,19:30,Grazer AK,Salzburg,2,3,A,9.49,5.97,1.3,9.64,6.35,1.31,8.82,5.86,1.28,10,6,1.34,,,
AUT,Bundesliga,2024/2025,03/08/2024,16:00,Altach,Tirol,1,2,A,1.93,3.59,4.23,1.94,3.76,4.23,1.88,3.5,4.01,1.97,3.6,4.4,,,
AUT,Bundesliga,2024/2025,03/08/2024,16:00,Hartberg,LASK,1,2,A,3.41,3.68,2.13,3.41,3.78,2.14,3.27,3.58,2.08,3.5,3.75,2.18,,,
AUT,Bundesliga,2024/2025,03/08/2024,18:30,Wolfsberger AC,A. Klagenfurt,4,1,H,1.85,3.97,4.12,1.9,4.02,4.12,1.82,3.8,3.93,1.91,3.95,4.2,,,
AUT,Bundesliga,2024/2025,04/08/2024,16:00,BW Linz,Austria Vienna,1,0,H,2.56,3.62,2.73,2.69,3.64,3,2.44,3.45,2.73,2.6,3.65,2.84,,,
AUT,Bundesliga,2024/2025,04/08/2024,16:00,SK Rapid,Sturm Graz,1,0,H,2.87,3.58,2.47,3,3.58,2.48,2.82,3.42,2.39,3,3.55,2.54,,,
AUT,Bundesliga,2024/2025,10/08/2024,16:00,LASK,Altach,1,2,A,1.68,3.97,5.22,1.7,4.1,5.86,1.64,3.88,5.08,1.7,4.1,5.6,,,
AUT,Bundesliga,2024/2025,10/08/2024,16:00,Tirol,Grazer AK,0,0,D,2.35,3.48,3.12,2.35,3.75,3.35,2.2,3.4,3.16,2.38,3.6,3.25,,,
AUT,Bundesliga,2024/2025,10/08/2024,18:30,Salzburg,BW Linz,5,1,H,1.33,5.81,8.64,1.37,6.51,11.18,1.32,5.51,7.95,1.33,6,10.5,,,
AUT,Bundesliga,2024/2025,11/08/2024,16:00,A. Klagenfurt,SK Rapid,1,1,D,4.71,4.07,1.73,4.71,4.14,1.79,4.3,3.95,1.73,4.9,4.2,1.76,,,
AUT,Bundesliga,2024/2025,11/08/2024,16:00,Austria Vienna,Wolfsberger AC,3,1,H,2.15,3.82,3.25,2.24,3.9,3.25,2.15,3.65,3.05,2.2,3.8,3.35,,,
AUT,Bundesliga,2024/2025,11/08/2024,16:00,Sturm Graz,Hartberg,2,0,H,1.57,4.47,5.61,1.59,4.89,5.61,1.54,4.4,5.26,1.61,4.6,6,,,
AUT,Bundesliga,2024/2025,17/08/2024,16:00,A. Klagenfurt,Sturm Graz,0,2,A,7.25,5.06,1.42,8,5.11,1.44,7.14,4.76,1.39,8.6,5.2,1.42,,,
AUT,Bundesliga,2024/2025,17/08/2024,16:00,Grazer AK,BW Linz,2,2,D,2.07,3.58,3.67,2.3,3.6,3.71,2.06,3.45,3.48,2.1,3.6,3.8,,,
AUT,Bundesliga,2024/2025,17/08/2024,18:30,LASK,Salzburg,0,1,A,3.57,4.19,1.93,3.72,4.2,1.99,3.5,4.02,1.9,3.6,4.3,2.02,,,
AUT,Bundesliga,2024/2025,18/08/2024,16:00,Altach,Wolfsberger AC,2,0,H,2.39,3.5,3.04,2.45,3.51,3.13,2.35,3.36,2.92,2.44,3.55,3.2,,,
AUT,Bundesliga,2024/2025,18/08/2024,16:00,Hartberg,Austria Vienna,1,1,D,2.72,3.76,2.5,2.88,3.76,2.51,2.66,3.6,2.45,2.82,3.8,2.58,,,
AUT,Bundesliga,2024/2025,18/08/2024,16:00,SK Rapid,Tirol,2,0,H,1.35,5.34,9.02,1.4,5.35,9.02,1.35,5.06,7.86,1.4,5.5,9.2,,,
AUT,Bundesliga,2024/2025,24/08/2024,16:00,Tirol,A. Klagenfurt,0,1,A,2.36,3.56,3.04,2.38,3.83,3.06,2.3,3.49,2.91,2.4,3.65,3.15,,,
AUT,Bundesliga,2024/2025,24/08/2024,18:30,Sturm Graz,Altach,2,1,H,1.54,4.23,6.55,1.56,4.4,7,1.51,4.13,6.25,1.56,4.4,7,,,
AUT,Bundesliga,2024/2025,25/08/2024,16:00,Austria Vienna,LASK,2,1,H,2.34,3.65,3,2.4,3.79,3.01,2.28,3.58,2.88,2.34,3.7,3.15,,,
AUT,Bundesliga,2024/2025,25/08/2024,16:00,BW Linz,SK Rapid,3,0,H,4.7,3.72,1.81,4.8,3.72,1.84,4.43,3.57,1.78,4.7,3.9,1.86,,,
AUT,Bundesliga,2024/2025,25/08/2024,16:00,Wolfsberger AC,Grazer AK,4,2,H,2.13,3.61,3.48,2.14,3.68,3.68,2.04,3.54,3.42,2.18,3.7,3.6,,,
AUT,Bundesliga,2024/2025,31/08/2024,16:00,A. Klagenfurt,BW Linz,3,1,H,2.82,3.59,2.5,2.82,3.6,2.62,2.67,3.46,2.49,2.82,3.65,2.66,,,
AUT,Bundesliga,2024/2025,31/08/2024,16:00,Hartberg,Grazer AK,1,1,D,1.96,4.11,3.55,1.99,4.11,3.6,1.92,3.87,3.48,1.99,4.1,3.9,,,
AUT,Bundesliga,2024/2025,31/08/2024,18:30,Sturm Graz,Tirol,4,2,H,1.33,5.46,9.52,1.36,5.98,9.6,1.31,5.42,8.27,1.36,5.7,10.5,,,
AUT,Bundesliga,2024/2025,01/09/2024,16:00,Altach,Austria Vienna,1,1,D,3.16,3.77,2.21,3.2,3.82,2.25,3.03,3.62,2.17,3.2,3.75,2.3,,,
AUT,Bundesliga,2024/2025,01/09/2024,16:00,LASK,Wolfsberger AC,1,5,A,1.97,3.76,3.81,2,3.89,3.81,1.94,3.67,3.58,2.04,3.8,3.9,,,
AUT,Bundesliga,2024/2025,01/09/2024,16:00,SK Rapid,Salzburg,3,2,H,3.38,4.02,2.04,3.81,4.1,2.04,3.42,3.95,1.92,3.65,4.2,2.04,,,
AUT,Bundesliga,2024/2025,14/09/2024,16:00,Wolfsberger AC,SK Rapid,1,1,D,3.09,3.84,2.22,3.2,3.93,2.23,3,3.72,2.16,3.15,3.95,2.24,,,
AUT,Bundesliga,2024/2025,14/09/2024,18:30,BW Linz,LASK,1,0,H,3.71,3.58,2.06,3.86,3.64,2.08,3.59,3.49,2,3.85,3.65,2.1,,,
AUT,Bundesliga,2024/2025,15/09/2024,13:30,Grazer AK,Altach,1,1,D,2.44,3.45,3,2.44,3.5,3,2.37,3.36,2.91,2.44,3.55,3.1,,,
AUT,Bundesliga,2024/2025,21/09/2024,16:00,A. Klagenfurt,Hartberg,2,2,D,2.86,3.69,2.42,3.2,3.72,2.43,2.83,3.59,2.31,3,3.7,2.46,,,
AUT,Bundesliga,2024/2025,21/09/2024,16:00,Altach,BW Linz,0,1,A,2.45,3.34,3.07,2.45,3.4,3.4,2.31,3.26,3.08,2.5,3.35,3.25,,,
AUT,Bundesliga,2024/2025,21/09/2024,16:00,LASK,Grazer AK,4,2,H,1.79,3.87,4.53,1.81,4,4.53,1.75,3.84,4.27,1.86,4,4.7,,,
AUT,Bundesliga,2024/2025,22/09/2024,13:30,Sturm Graz,Wolfsberger AC,0,3,A,1.71,4.34,4.52,1.75,4.34,5.01,1.7,4.09,4.38,1.75,4.3,4.9,,,
AUT,Bundesliga,2024/2025,22/09/2024,13:30,Tirol,Salzburg,0,0,D,9.08,6.14,1.3,9.5,6.5,1.34,8.72,5.81,1.29,10,6.4,1.33,,,
AUT,Bundesliga,2024/2025,22/09/2024,16:00,SK Rapid,Austria Vienna,2,1,H,1.73,4.3,4.42,1.91,4.3,4.42,1.72,4.13,4.2,1.77,4.3,4.7,,,
AUT,Bundesliga,2024/2025,25/09/2024,17:30,Austria Vienna,Sturm Graz,2,2,D,2.8,3.66,2.48,2.93,3.73,2.5,2.72,3.58,2.39,2.92,3.8,2.48,,,
AUT,Bundesliga,2024/2025,26/09/2024,17:30,Hartberg,Tirol,1,0,H,2.02,3.72,3.7,2.04,4,3.8,1.93,3.66,3.63,2,3.85,3.9,,,
AUT,Bundesliga,2024/2025,28/09/2024,16:00,BW Linz,Sturm Graz,1,2,A,3.62,3.61,2.08,3.62,3.67,2.13,3.42,3.5,2.05,3.75,3.6,2.16,,,
AUT,Bundesliga,2024/2025,28/09/2024,16:00,Salzburg,Austria Vienna,2,0,H,1.45,5.46,6.09,1.48,5.5,6.5,1.43,5.15,5.79,1.47,5.5,6.8,,,
AUT,Bundesliga,2024/2025,28/09/2024,16:00,SK Rapid,LASK,1,1,D,1.88,4.05,3.9,1.91,4.05,3.95,1.85,3.88,3.74,1.92,4.1,4,,,
AUT,Bundesliga,2024/2025,29/09/2024,13:30,Hartberg,Altach,2,0,H,1.98,3.5,4.11,2.05,3.6,4.11,1.96,3.41,3.82,2.02,3.65,4.1,,,
AUT,Bundesliga,2024/2025,29/09/2024,13:30,Wolfsberger AC,Tirol,1,3,A,1.67,4.13,5.14,1.67,4.2,5.37,1.62,4.03,4.94,1.72,4.2,5.3,,,
AUT,Bundesliga,2024/2025,29/09/2024,16:00,Grazer AK,A. Klagenfurt,0,1,A,2.29,3.5,3.21,2.34,3.51,3.26,2.25,3.38,3.09,2.32,3.6,3.3,,,
AUT,Bundesliga,2024/2025,05/10/2024,16:00,Austria Vienna,Grazer AK,2,1,H,1.72,4.28,4.5,1.73,4.33,4.6,1.69,4.11,4.38,1.76,4.4,4.7,,,
AUT,Bundesliga,2024/2025,05/10/2024,16:00,Tirol,BW Linz,1,1,D,2.81,3.23,2.72,2.82,3.32,2.74,2.72,3.18,2.61,2.82,3.35,2.82,,,
AUT,Bundesliga,2024/2025,05/10/2024,16:00,Wolfsberger AC,Hartberg,2,3,A,2.47,3.35,3.04,2.5,3.45,3.25,2.35,3.3,2.99,2.5,3.4,3.15,,,
AUT,Bundesliga,2024/2025,06/10/2024,13:30,Altach,SK Rapid,0,1,A,4.58,4.06,1.75,4.63,4.13,1.75,4.37,3.95,1.71,4.7,4.1,1.8,,,
AUT,Bundesliga,2024/2025,06/10/2024,13:30,LASK,A. Klagenfurt,4,0,H,1.67,4.26,4.92,1.68,4.4,5.5,1.62,4.12,4.88,1.67,4.3,5.5,,,
AUT,Bundesliga,2024/2025,06/10/2024,16:00,Sturm Graz,Salzburg,5,0,H,3.71,3.86,1.98,3.71,3.95,2,3.52,3.77,1.93,3.75,4,2,,,
AUT,Bundesliga,2024/2025,19/10/2024,16:00,BW Linz,Wolfsberger AC,0,1,A,2.53,3.45,2.88,2.53,3.7,2.91,2.42,3.42,2.78,2.54,3.55,3,,,
AUT,Bundesliga,2024/2025,19/10/2024,16:00,Salzburg,Altach,2,1,H,1.28,6.14,10.12,1.3,6.5,11,1.26,5.86,9.59,1.29,6.4,12.5,,,
AUT,Bundesliga,2024/2025,19/10/2024,16:00,Sturm Graz,Grazer AK,5,2,H,1.4,5.09,7.77,1.42,5.25,7.77,1.39,4.83,7.08,1.46,5,8.2,,,
AUT,Bundesliga,2024/2025,20/10/2024,13:30,A. Klagenfurt,Austria Vienna,0,1,A,3.5,3.66,2.11,3.5,3.98,2.11,3.29,3.67,2.05,3.55,3.8,2.16,,,
AUT,Bundesliga,2024/2025,20/10/2024,13:30,Tirol,LASK,1,2,A,3.4,3.47,2.22,3.69,3.82,2.22,3.41,3.48,2.07,3.8,3.6,2.14,,,
AUT,Bundesliga,2024/2025,20/10/2024,16:00,SK Rapid,Hartberg,2,1,H,1.54,4.7,5.65,1.59,5.18,5.65,1.53,4.6,5.21,1.57,4.8,6,,,
AUT,Bundesliga,2024/2025,26/10/2024,16:00,Altach,A. Klagenfurt,2,2,D,2.2,3.43,3.47,2.23,3.67,3.52,2.13,3.4,3.34,2.24,3.5,3.6,,,
AUT,Bundesliga,2024/2025,26/10/2024,16:00,Austria Vienna,Tirol,3,0,H,1.6,4.42,5.36,1.61,4.5,5.6,1.56,4.28,5.2,1.63,4.5,5.7,,,
AUT,Bundesliga,2024/2025,26/10/2024,16:00,Hartberg,BW Linz,2,1,H,2.09,3.59,3.63,2.09,3.69,3.63,2.03,3.52,3.49,2.14,3.65,3.75,,,
AUT,Bundesliga,2024/2025,27/10/2024,13:30,Grazer AK,SK Rapid,1,1,D,6.39,4.69,1.5,6.5,4.7,1.56,5.95,4.4,1.5,6.4,4.8,1.54,,,
AUT,Bundesliga,2024/2025,27/10/2024,13:30,Wolfsberger AC,Salzburg,0,0,D,4.45,4.2,1.75,4.63,4.3,1.75,4.33,4.07,1.7,4.9,4.3,1.75,,,
AUT,Bundesliga,2024/2025,27/10/2024,16:00,LASK,Sturm Graz,1,2,A,2.76,3.51,2.6,2.82,3.63,2.6,2.68,3.45,2.49,2.84,3.6,2.68,,,
AUT,Bundesliga,2024/2025,02/11/2024,16:00,LASK,Hartberg,1,1,D,1.82,3.65,4.7,2.05,3.65,4.82,1.86,3.52,4.22,1.89,3.75,4.7,,,
AUT,Bundesliga,2024/2025,02/11/2024,16:00,Salzburg,Grazer AK,0,0,D,1.26,6.46,10.29,1.3,7,12,1.25,6.34,9.79,1.25,7.8,13.5,,,
AUT,Bundesliga,2024/2025,02/11/2024,16:00,Sturm Graz,SK Rapid,1,1,D,2.43,3.4,3.05,2.43,3.7,3.06,2.35,3.49,2.87,2.48,3.55,3.05,,,
AUT,Bundesliga,2024/2025,03/11/2024,13:30,A. Klagenfurt,Wolfsberger AC,2,1,H,3.38,3.5,2.21,3.38,3.5,2.35,3.18,3.38,2.21,3.35,3.55,2.32,,,
AUT,Bundesliga,2024/2025,03/11/2024,13:30,Tirol,Altach,1,0,H,3.16,3.31,2.41,3.16,3.46,2.46,2.99,3.26,2.37,3.15,3.4,2.52,,,
AUT,Bundesliga,2024/2025,03/11/2024,16:00,Austria Vienna,BW Linz,2,1,H,1.88,3.76,4.21,1.91,3.82,4.5,1.84,3.68,4,1.94,3.8,4.3,,,
AUT,Bundesliga,2024/2025,09/11/2024,16:00,Grazer AK,Tirol,2,1,H,1.88,3.56,4.5,1.95,3.7,4.5,1.89,3.49,4.02,1.97,3.7,4.4,,,
AUT,Bundesliga,2024/2025,09/11/2024,16:00,Hartberg,Sturm Graz,1,2,A,3.81,3.61,2.02,3.85,3.9,2.04,3.61,3.59,1.96,3.95,3.75,2.06,,,
AUT,Bundesliga,2024/2025,09/11/2024,16:00,Wolfsberger AC,Austria Vienna,0,1,A,3.03,3.38,2.46,3.03,3.78,2.46,2.86,3.39,2.39,3.05,3.55,2.48,,,
AUT,Bundesliga,2024/2025,10/11/2024,13:30,Altach,LASK,1,2,A,3.78,3.26,2.16,3.8,3.4,2.19,3.57,3.27,2.1,3.85,3.45,2.18,,,
AUT,Bundesliga,2024/2025,10/11/2024,13:30,BW Linz,Salzburg,2,0,H,5.65,4.58,1.56,6.06,4.6,1.6,5.44,4.31,1.54,6,4.7,1.57,,,
AUT,Bundesliga,2024/2025,10/11/2024,16:00,SK Rapid,A. Klagenfurt,2,0,H,1.45,4.84,7.03,1.49,4.84,7.03,1.44,4.59,6.53,1.45,5.1,8,,,
AUT,Bundesliga,2024/2025,23/11/2024,16:00,Salzburg,LASK,1,2,A,1.79,3.99,4.41,1.81,4.1,4.86,1.75,3.82,4.34,1.81,4,4.7,,,
AUT,Bundesliga,2024/2025,23/11/2024,16:00,Sturm Graz,A. Klagenfurt,7,0,H,1.34,5.25,9.79,1.44,5.25,9.8,1.34,4.95,8.56,1.39,5.3,10,,,
AUT,Bundesliga,2024/2025,23/11/2024,16:00,Tirol,SK Rapid,0,0,D,6.95,4.63,1.47,7,4.7,1.5,6.56,4.41,1.45,7.4,4.8,1.49,,,
AUT,Bundesliga,2024/2025,24/11/2024,13:30,BW Linz,Grazer AK,1,2,A,2.07,3.39,3.89,2.26,3.5,4,2.05,3.29,3.69,2.14,3.45,4,,,
AUT,Bundesliga,2024/2025,24/11/2024,13:30,Wolfsberger AC,Altach,2,0,H,1.91,3.47,4.49,1.97,3.6,4.49,1.88,3.45,4.09,1.96,3.6,4.5,,,
AUT,Bundesliga,2024/2025,24/11/2024,16:00,Austria Vienna,Hartberg,1,0,H,1.96,3.71,3.91,2.02,3.8,4.05,1.92,3.63,3.72,2.02,3.8,4,,,
AUT,Bundesliga,2024/2025,30/11/2024,16:00,Altach,Sturm Graz,1,1,D,5.79,3.99,1.63,5.79,4.1,1.66,5.47,3.88,1.6,6.2,4.1,1.65,,,
AUT,Bundesliga,2024/2025,30/11/2024,16:00,Grazer AK,Wolfsberger AC,3,4,A,3.2,3.33,2.38,3.2,3.35,2.51,3.01,3.24,2.37,3.3,3.35,2.48,,,
AUT,Bundesliga,2024/2025,30/11/2024,16:00,Hartberg,Salzburg,1,1,D,4.16,3.96,1.84,4.17,4.16,1.85,3.99,3.93,1.79,4.3,4,1.89,,,
AUT,Bundesliga,2024/2025,01/12/2024,13:30,A. Klagenfurt,Tirol,0,3,A,2.34,3.21,3.4,2.35,3.21,3.61,2.26,3.12,3.33,2.34,3.35,3.55,,,
AUT,Bundesliga,2024/2025,01/12/2024,13:30,SK Rapid,BW Linz,0,1,A,1.65,3.96,5.67,1.65,4.64,7.66,1.59,3.93,5.49,1.67,4.2,5.9,,,
AUT,Bundesliga,2024/2025,01/12/2024,16:00,LASK,Austria Vienna,1,3,A,2.32,3.38,3.27,2.37,3.46,3.28,2.26,3.3,3.13,2.38,3.45,3.3,,,
AUT,Bundesliga,2024/2025,04/12/2024,19:30,Salzburg,Hartberg,4,0,H,1.32,5.67,9.52,1.43,5.67,10.5,1.32,5.31,8.68,1.36,5.9,10,,,
AUT,Bundesliga,2024/2025,07/12/2024,16:00,Salzburg,SK Rapid,2,2,D,2.19,3.56,3.35,2.36,3.6,3.4,2.2,3.46,3.14,2.24,3.7,3.45,,,
AUT,Bundesliga,2024/2025,07/12/2024,16:00,Tirol,Sturm Graz,0,3,A,7.42,4.42,1.48,7.62,4.5,1.5,6.84,4.29,1.46,8,4.7,1.48,,,
AUT,Bundesliga,2024/2025,07/12/2024,16:00,Wolfsberger AC,LASK,2,1,H,2.72,3.4,2.7,2.72,3.49,2.84,2.63,3.28,2.65,2.8,3.35,2.8,,,
AUT,Bundesliga,2024/2025,08/12/2024,13:30,BW Linz,A. Klagenfurt,2,1,H,1.76,3.92,4.72,1.91,4.01,4.72,1.75,3.74,4.42,1.81,3.9,5,,,
AUT,Bundesliga,2024/2025,08/12/2024,13:30,Grazer AK,Hartberg,0,3,A,2.48,3.43,2.95,2.6,3.47,3,2.43,3.35,2.82,2.56,3.55,3,,,
AUT,Bundesliga,2024/2025,08/12/2024,16:00,Austria Vienna,Altach,3,0,H,1.5,4.24,7.45,1.62,4.3,7.5,1.49,4.09,6.84,1.53,4.4,7.6,,,
AUT,Bundesliga,2024/2025,14/12/2024,16:00,Salzburg,A. Klagenfurt,3,0,H,1.14,9.24,18.46,1.26,9.83,19,1.15,8.35,16.11,1.16,10,21,,,
AUT,Bundesliga,2024/2025,07/02/2025,19:30,Sturm Graz,Austria Vienna,2,2,D,2.24,3.26,3.56,2.25,3.41,3.62,2.18,3.19,3.45,2.26,3.35,3.75,,,
AUT,Bundesliga,2024/2025,08/02/2025,16:00,Altach,Grazer AK,1,2,A,2.17,3.21,3.82,2.33,3.41,3.82,2.13,3.2,3.57,2.14,3.4,4,,,
AUT,Bundesliga,2024/2025,08/02/2025,16:00,SK Rapid,Wolfsberger AC,1,3,A,1.79,3.8,4.67,1.82,4,4.8,1.74,3.74,4.53,1.82,3.85,5.1,,,
AUT,Bundesliga,2024/2025,09/02/2025,13:30,A. Klagenfurt,Salzburg,0,0,D,6.89,4.8,1.46,7.56,5.14,1.5,6.5,4.65,1.44,7.6,4.8,1.49,,,
AUT,Bundesliga,2024/2025,09/02/2025,13:30,Tirol,Hartberg,0,0,D,3.25,3.36,2.34,3.35,3.4,2.55,3.13,3.25,2.29,3.5,3.4,2.32,,,
AUT,Bundesliga,2024/2025,09/02/2025,16:00,LASK,BW Linz,0,0,D,2.42,2.99,3.5,2.42,3.2,3.5,2.33,3.03,3.29,2.44,3.15,3.6,,,
AUT,Bundesliga,2024/2025,15/02/2025,16:00,BW Linz,Altach,1,3,A,2.03,3.22,4.33,2.07,3.28,4.33,2.01,3.15,4.03,2.06,3.3,4.6,,,
AUT,Bundesliga,2024/2025,15/02/2025,16:00,Salzburg,Tirol,1,1,D,1.39,5.05,8.24,1.39,5.05,8.25,1.37,4.78,7.78,1.4,5.3,9.6,,,
AUT,Bundesliga,2024/2025,15/02/2025,16:00,Wolfsberger AC,Sturm Graz,3,0,H,3.14,3.49,2.33,3.14,3.49,2.4,3,3.38,2.3,3.25,3.45,2.44,,,
AUT,Bundesliga,2024/2025,16/02/2025,13:30,Grazer AK,LASK,0,0,D,3.81,3.45,2.07,4,3.47,2.27,3.55,3.32,2.08,3.9,3.6,2.08,,,
AUT,Bundesliga,2024/2025,16/02/2025,13:30,Hartberg,A. Klagenfurt,1,1,D,1.87,3.67,4.4,1.93,3.72,4.4,1.85,3.56,4.15,1.91,3.75,4.6,,,
AUT,Bundesliga,2024/2025,16/02/2025,16:00,Austria Vienna,SK Rapid,2,1,H,3.06,3.2,2.54,3.06,3.32,2.54,2.93,3.17,2.46,3.1,3.3,2.64,,,
AUT,Bundesliga,2024/2025,22/02/2025,16:00,A. Klagenfurt,Grazer AK,4,2,H,2.77,3.16,2.81,2.78,3.37,2.81,2.63,3.14,2.74,2.8,3.25,2.92,,,
AUT,Bundesliga,2024/2025,22/02/2025,16:00,Austria Vienna,Salzburg,0,1,A,2.72,3.33,2.74,2.73,3.45,2.74,2.63,3.27,2.65,2.78,3.45,2.8,,,
AUT,Bundesliga,2024/2025,22/02/2025,16:00,Tirol,Wolfsberger AC,3,3,D,3.73,3.31,2.16,3.82,3.37,2.16,3.54,3.27,2.1,3.8,3.5,2.18,,,
AUT,Bundesliga,2024/2025,23/02/2025,13:30,Altach,Hartberg,0,0,D,2.59,3.27,2.93,2.59,3.27,2.95,2.51,3.16,2.86,2.66,3.3,3,,,
AUT,Bundesliga,2024/2025,23/02/2025,13:30,Sturm Graz,BW Linz,2,1,H,1.68,3.94,5.28,1.71,4,5.37,1.66,3.77,5.09,1.72,4,5.6,,,
AUT,Bundesliga,2024/2025,23/02/2025,16:00,LASK,SK Rapid,2,1,H,3.48,3.34,2.24,3.48,3.4,2.3,3.3,3.27,2.21,3.5,3.35,2.34,,,
AUT,Bundesliga,2024/2025,01/03/2025,16:00,Grazer AK,Austria Vienna,1,2,A,4.41,3.6,1.88,4.63,3.61,1.92,4.18,3.51,1.85,4.6,3.65,1.93,,,
AUT,Bundesliga,2024/2025,01/03/2025,16:00,Hartberg,Wolfsberger AC,0,3,A,2.97,3.48,2.44,2.99,3.48,2.48,2.89,3.33,2.39,3.1,3.5,2.5,,,
AUT,Bundesliga,2024/2025,01/03/2025,16:00,SK Rapid,Altach,5,0,H,1.45,4.47,7.86,1.47,5.08,8,1.44,4.46,7.12,1.46,4.8,8.8,,,
AUT,Bundesliga,2024/2025,02/03/2025,13:30,A. Klagenfurt,LASK,1,2,A,4.24,3.65,1.9,4.24,3.65,1.96,4.02,3.51,1.89,4.4,3.7,1.98,,,
AUT,Bundesliga,2024/2025,02/03/2025,13:30,BW Linz,Tirol,2,1,H,2.15,3.03,4.2,2.2,3.27,4.2,2.09,3.04,3.9,2.18,3.2,4.3,,,
AUT,Bundesliga,2024/2025,02/03/2025,16:00,Salzburg,Sturm Graz,3,1,H,1.93,3.6,4.17,2,3.78,4.17,1.93,3.57,3.78,1.96,3.8,4.2,,,
AUT,Bundesliga,2024/2025,09/03/2025,16:00,Altach,Salzburg,1,1,D,6.4,4.1,1.57,6.4,4.2,1.58,5.98,4.01,1.55,6.8,4.3,1.6,,,
AUT,Bundesliga,2024/2025,09/03/2025,16:00,Austria Vienna,A. Klagenfurt,2,0,H,1.45,4.43,8.1,1.48,4.6,8.1,1.43,4.31,7.54,1.48,4.7,8.6,,,
AUT,Bundesliga,2024/2025,09/03/2025,16:00,LASK,Tirol,2,1,H,1.5,4.39,6.92,1.51,4.39,8,1.48,4.23,6.69,1.52,4.5,7.8,,,
AUT,Bundesliga,2024/2025,09/03/2025,16:00,Wolfsberger AC,BW Linz,1,2,A,1.97,3.46,4.21,2,3.6,4.5,1.92,3.41,4.07,1.99,3.6,4.3,,,
AUT,Bundesliga,2024/2025,09/03/2025,16:15,Grazer AK,Sturm Graz,1,2,A,5.69,3.93,1.65,5.75,4.01,1.68,5.27,3.84,1.64,5.9,4.1,1.68,,,
AUT,Bundesliga,2024/2025,09/03/2025,16:45,Hartberg,SK Rapid,2,1,H,4.45,3.78,1.83,4.33,3.85,1.85,4.15,3.71,1.8,4.5,3.8,1.9,,,
AUT,Bundesliga,2024/2025,16/03/2025,16:00,A. Klagenfurt,Altach,2,2,D,3.05,3.17,2.56,3.05,3.3,2.63,2.93,3.08,2.51,3.1,3.15,2.7,,,
AUT,Bundesliga,2024/2025,16/03/2025,16:00,BW Linz,Hartberg,4,1,H,2.14,3.32,3.77,2.17,3.5,3.8,2.1,3.27,3.53,2.18,3.4,3.9,,,
AUT,Bundesliga,2024/2025,16/03/2025,16:00,Salzburg,Wolfsberger AC,1,0,H,1.52,4.67,5.98,1.54,4.89,6,1.5,4.52,5.65,1.53,4.8,6.8,,,
AUT,Bundesliga,2024/2025,16/03/2025,16:00,SK Rapid,Grazer AK,3,0,H,1.3,5.76,11.26,1.33,5.79,11.26,1.29,5.36,9.57,1.32,5.8,11.5,,,
AUT,Bundesliga,2024/2025,16/03/2025,16:00,Sturm Graz,LASK,4,2,H,1.82,3.91,4.35,1.85,3.97,4.35,1.8,3.76,4.08,1.83,3.9,4.8,,,
AUT,Bundesliga,2024/2025,16/03/2025,16:00,Tirol,Austria Vienna,0,2,A,4.05,3.55,1.98,4.3,3.7,1.98,3.96,3.49,1.9,4.3,3.6,2,,,
AUT,Bundesliga,2024/2025,28/03/2025,18:30,Altach,LASK,0,2,A,3.38,3.49,2.22,3.5,3.55,2.23,3.32,3.4,2.14,3.45,3.45,2.32,,,
AUT,Bundesliga,2024/2025,29/03/2025,16:00,Grazer AK,Tirol,0,0,D,2.36,3.21,3.35,2.42,3.28,3.35,2.32,3.15,3.15,2.44,3.3,3.4,,,
AUT,Bundesliga,2024/2025,29/03/2025,16:00,Hartberg,A. Klagenfurt,2,3,A,1.95,3.41,4.35,1.99,3.55,4.35,1.91,3.41,4.05,2,3.55,4.4,,,
AUT,Bundesliga,2024/2025,30/03/2025,13:30,BW Linz,Austria Vienna,0,2,A,3.3,3.33,2.33,3.5,3.45,2.33,3.23,3.31,2.24,3.35,3.35,2.4,,,
AUT,Bundesliga,2024/2025,30/03/2025,13:30,Wolfsberger AC,Sturm Graz,1,1,D,3.2,3.36,2.36,3.28,3.45,2.48,3.03,3.31,2.35,3.15,3.5,2.46,,,
AUT,Bundesliga,2024/2025,30/03/2025,16:00,SK Rapid,Salzburg,0,2,A,2.36,3.47,3.12,2.54,3.5,3.12,2.36,3.42,2.91,2.42,3.55,3.2,,,
AUT,Bundesliga,2024/2025,04/04/2025,18:30,Sturm Graz,SK Rapid,2,0,H,2.8,3.3,2.68,2.8,3.41,2.79,2.65,3.29,2.65,2.82,3.35,2.84,,,
AUT,Bundesliga,2024/2025,05/04/2025,16:00,A. Klagenfurt,Altach,2,3,A,3.21,3.23,2.43,3.21,3.38,2.6,3.06,3.18,2.39,3.3,3.3,2.5,,,
AUT,Bundesliga,2024/2025,05/04/2025,16:00,LASK,Grazer AK,1,0,H,1.75,3.74,5.03,1.78,3.75,5.14,1.74,3.61,4.7,1.81,3.8,5.2,,,
AUT,Bundesliga,2024/2025,05/04/2025,16:00,Tirol,Hartberg,1,3,A,2.51,3.24,3.08,2.51,3.31,3.1,2.42,3.17,2.96,2.56,3.3,3.15,,,
AUT,Bundesliga,2024/2025,06/04/2025,13:30,Salzburg,BW Linz,2,1,H,1.61,4.11,5.83,1.64,4.4,6,1.58,4.14,5.51,1.63,4.3,6.2,,,
AUT,Bundesliga,2024/2025,06/04/2025,16:00,Austria Vienna,Wolfsberger AC,0,0,D,2.18,3.36,3.61,2.18,3.57,3.61,2.13,3.37,3.42,2.2,3.5,3.65,,,
AUT,Bundesliga,2024/2025,11/04/2025,18:30,BW Linz,Wolfsberger AC,1,2,A,3.31,3.09,2.45,3.4,3.1,2.47,3.23,3.03,2.38,3.4,3.15,2.54,,,
AUT,Bundesliga,2024/2025,12/04/2025,16:00,Grazer AK,Altach,1,0,H,3.47,3.15,2.34,3.47,3.41,2.38,3.23,3.16,2.29,3.5,3.2,2.44,,,
AUT,Bundesliga,2024/2025,12/04/2025,16:00,Hartberg,LASK,0,1,A,3.4,3.51,2.2,3.59,3.78,2.2,3.21,3.53,2.14,3.45,3.6,2.26,,,
AUT,Bundesliga,2024/2025,12/04/2025,16:00,Tirol,A. Klagenfurt,5,3,H,2.47,3.37,3.01,2.48,3.37,3.31,2.38,3.28,2.96,2.5,3.5,3.1,,,
AUT,Bundesliga,2024/2025,13/04/2025,13:30,Salzburg,Sturm Graz,1,2,A,1.93,3.6,4.18,1.95,3.71,4.18,1.9,3.59,3.93,1.96,3.8,4.3,,,
AUT,Bundesliga,2024/2025,13/04/2025,16:00,SK Rapid,Austria Vienna,2,0,H,2.28,3.25,3.48,2.35,3.4,3.59,2.26,3.19,3.31,2.32,3.3,3.65,,,
AUT,Bundesliga,2024/2025,18/04/2025,18:30,LASK,Tirol,2,0,H,1.64,3.98,5.72,1.69,4.13,5.72,1.63,3.86,5.21,1.67,4.1,5.9,,,
AUT,Bundesliga,2024/2025,19/04/2025,16:00,A. Klagenfurt,Grazer AK,0,0,D,2.82,3.27,2.68,2.82,3.41,2.85,2.64,3.21,2.7,2.8,3.3,2.86,,,
AUT,Bundesliga,2024/2025,19/04/2025,16:00,Altach,Hartberg,1,1,D,2.2,3.28,3.63,2.23,3.35,3.63,2.18,3.24,3.4,2.26,3.3,3.75,,,
AUT,Bundesliga,2024/2025,20/04/2025,13:30,Sturm Graz,BW Linz,2,0,H,1.54,4.24,6.46,1.61,4.3,6.46,1.53,4.14,5.97,1.59,4.2,7,,,
AUT,Bundesliga,2024/2025,20/04/2025,13:30,Wolfsberger AC,SK Rapid,5,1,H,2.69,3.64,2.58,2.76,3.64,2.69,2.64,3.42,2.55,2.88,3.6,2.62,,,
AUT,Bundesliga,2024/2025,20/04/2025,16:00,Austria Vienna,Salzburg,1,3,A,3.11,3.38,2.4,3.44,3.5,2.4,3.09,3.26,2.31,3.3,3.45,2.44,,,
AUT,Bundesliga,2024/2025,22/04/2025,17:30,Grazer AK,Hartberg,0,3,A,2.11,3.45,3.71,2.13,3.67,3.76,2.06,3.4,3.56,2.18,3.5,3.75,,,
AUT,Bundesliga,2024/2025,22/04/2025,17:30,Tirol,Altach,1,0,H,3.81,3.16,2.2,3.81,3.32,2.25,3.51,3.12,2.2,3.85,3.2,2.3,,,
AUT,Bundesliga,2024/2025,22/04/2025,19:30,A. Klagenfurt,LASK,1,4,A,4.2,3.74,1.88,4.35,3.77,1.9,4.11,3.63,1.84,4.4,3.8,1.92,,,
AUT,Bundesliga,2024/2025,23/04/2025,17:30,BW Linz,SK Rapid,2,1,H,3.75,3.71,2.01,3.95,3.79,2.02,3.63,3.64,1.96,4,3.75,2.04,,,
AUT,Bundesliga,2024/2025,23/04/2025,17:30,Salzburg,Wolfsberger AC,1,1,D,1.78,3.93,4.53,1.94,3.93,4.81,1.77,3.76,4.35,1.78,3.9,5.2,,,
AUT,Bundesliga,2024/2025,23/04/2025,19:30,Austria Vienna,Sturm Graz,2,1,H,2.79,3.33,2.67,2.81,3.33,2.75,2.71,3.18,2.63,2.9,3.4,2.74,,,
AUT,Bundesliga,2024/2025,25/04/2025,18:30,Hartberg,Grazer AK,1,1,D,2.06,3.48,3.75,2.07,3.69,3.75,2.02,3.48,3.55,2.12,3.6,3.9,,,
AUT,Bundesliga,2024/2025,26/04/2025,16:00,Altach,Tirol,3,0,H,1.85,3.6,4.58,1.93,3.69,4.58,1.85,3.49,4.21,1.92,3.6,4.8,,,
AUT,Bundesliga,2024/2025,26/04/2025,16:00,LASK,A. Klagenfurt,6,0,H,1.62,4.41,5.18,1.63,4.46,5.3,1.58,4.3,5.02,1.64,4.5,5.5,,,
AUT,Bundesliga,2024/2025,27/04/2025,13:30,SK Rapid,BW Linz,0,0,D,1.66,4.22,5.07,1.7,4.33,5.07,1.64,4.1,4.75,1.7,4.3,5.4,,,
AUT,Bundesliga,2024/2025,27/04/2025,13:30,Wolfsberger AC,Salzburg,2,1,H,4,3.76,1.93,4.22,3.8,1.96,3.87,3.69,1.87,4.4,3.9,1.91,,,
AUT,Bundesliga,2024/2025,27/04/2025,16:00,Sturm Graz,Austria Vienna,0,1,A,2.38,3.2,3.33,2.46,3.45,3.48,2.31,3.21,3.16,2.44,3.35,3.4,,,
AUT,Bundesliga,2024/2025,02/05/2025,18:30,Grazer AK,A. Klagenfurt,1,1,D,1.82,3.69,4.56,1.85,3.69,4.75,1.8,3.54,4.4,1.87,3.8,4.8,,,
AUT,Bundesliga,2024/2025,03/05/2025,16:00,Tirol,LASK,1,3,A,4.19,4.08,1.81,4.45,4.08,1.83,4.17,3.84,1.77,4.3,4,1.86,,,
AUT,Bundesliga,2024/2025,04/05/2025,13:30,BW Linz,Sturm Graz,0,1,A,3.96,3.45,2.03,4.09,3.51,2.04,3.72,3.42,1.98,4.1,3.55,2.08,,,
AUT,Bundesliga,2024/2025,04/05/2025,13:30,Hartberg,Altach,2,0,H,3.11,3.09,2.58,3.11,3.19,2.62,2.89,3.1,2.52,3.1,3.2,2.66,,,
AUT,Bundesliga,2024/2025,04/05/2025,13:30,SK Rapid,Wolfsberger AC,0,1,A,2.47,3.77,2.75,2.47,3.77,2.78,2.4,3.63,2.69,2.5,3.8,2.88,,,
AUT,Bundesliga,2024/2025,04/05/2025,16:00,Salzburg,Austria Vienna,2,0,H,1.78,4.02,4.42,1.81,4.02,4.44,1.78,3.84,4.18,1.83,4.1,4.6,,,
AUT,Bundesliga,2024/2025,09/05/2025,18:30,Sturm Graz,Salzburg,4,2,H,2.73,3.5,2.62,2.75,3.55,2.7,2.66,3.39,2.57,2.82,3.55,2.7,,,
AUT,Bundesliga,2024/2025,10/05/2025,16:00,A. Klagenfurt,Tirol,1,4,A,2.89,3.47,2.51,2.93,3.47,2.54,2.81,3.34,2.45,2.9,3.5,2.64,,,
AUT,Bundesliga,2024/2025,10/05/2025,16:00,Altach,Grazer AK,2,2,D,2.15,3.34,3.71,2.19,3.34,3.78,2.11,3.25,3.56,2.2,3.35,3.95,,,
AUT,Bundesliga,2024/2025,10/05/2025,16:00,LASK,Hartberg,0,0,D,1.79,3.89,4.5,1.79,4.01,4.5,1.75,3.83,4.34,1.83,3.95,4.7,,,
AUT,Bundesliga,2024/2025,11/05/2025,13:30,Wolfsberger AC,BW Linz,2,0,H,1.63,4,5.77,1.65,4.08,5.77,1.62,3.92,5.29,1.66,4.2,6.2,,,
AUT,Bundesliga,2024/2025,11/05/2025,16:00,Austria Vienna,SK Rapid,1,2,A,2.09,3.69,3.51,2.12,3.69,3.51,2.06,3.55,3.39,2.16,3.65,3.7,,,
AUT,Bundesliga,2024/2025,17/05/2025,16:00,Altach,A. Klagenfurt,0,0,D,1.65,3.84,5.46,1.65,4.2,5.77,1.62,3.99,5.22,1.71,3.95,5.7,,,
AUT,Bundesliga,2024/2025,17/05/2025,16:00,Grazer AK,LASK,1,0,H,3.44,3.72,2.04,3.69,3.75,2.06,3.42,3.6,2.02,3.75,3.8,2.08,,,
AUT,Bundesliga,2024/2025,17/05/2025,16:00,Hartberg,Tirol,3,2,H,1.8,3.75,4.38,1.82,3.84,4.6,1.79,3.71,4.27,1.86,3.95,4.7,,,
AUT,Bundesliga,2024/2025,18/05/2025,16:00,BW Linz,Salzburg,1,2,A,5.87,4.6,1.51,6,4.86,1.54,5.69,4.6,1.5,6.2,4.7,1.57,,,
AUT,Bundesliga,2024/2025,18/05/2025,16:00,SK Rapid,Sturm Graz,3,1,H,3.23,3.71,2.13,3.33,3.75,2.23,3.17,3.65,2.12,3.45,3.8,2.18,,,
AUT,Bundesliga,2024/2025,18/05/2025,16:00,Wolfsberger AC,Austria Vienna,1,2,A,2.61,3.18,2.85,2.61,3.37,2.95,2.49,3.28,2.84,2.58,3.35,3.05,,,
AUT,Bundesliga,2024/2025,23/05/2025,18:30,A. Klagenfurt,Hartberg,0,1,A,2.29,3.66,2.96,2.32,3.8,3.1,2.26,3.6,2.93,2.44,3.75,3,,,
AUT,Bundesliga,2024/2025,23/05/2025,18:30,LASK,Altach,0,0,D,3.09,3.57,2.25,3.09,3.71,2.41,2.9,3.55,2.3,3.1,3.6,2.44,,,
AUT,Bundesliga,2024/2025,23/05/2025,18:30,Tirol,Grazer AK,1,1,D,3.32,2.82,2.43,3.45,2.92,2.63,3.18,2.82,2.49,3.4,3.15,2.54,,,
AUT,Bundesliga,2024/2025,24/05/2025,16:00,Austria Vienna,BW Linz,2,2,D,1.34,5.13,9.19,1.34,6,11,1.31,5.24,9.44,1.31,6,13,,,
AUT,Bundesliga,2024/2025,24/05/2025,16:00,Salzburg,SK Rapid,4,2,H,1.49,4.86,5.73,1.52,5.1,6.4,1.47,4.9,5.65,1.51,5.4,6.2,,,
AUT,Bundesliga,2024/2025,24/05/2025,16:00,Sturm Graz,Wolfsberger AC,1,1,D,1.86,3.58,4.26,1.99,3.61,4.64,1.89,3.52,4.08,1.94,3.8,4.3,,,
AUT,Bundesliga,2025/2026,01/08/2025,19:30,LASK,Sturm Graz,0,2,A,2.36,3.61,3,2.5,3.61,3,2.37,3.44,2.71,2.58,3.65,2.9,,,
AUT,Bundesliga,2025/2026,02/08/2025,16:00,Tirol,Hartberg,4,2,H,2.71,3.3,2.78,2.71,3.5,3.25,2.24,3.26,3.07,2.24,3.4,3.7,,,
AUT,Bundesliga,2025/2026,02/08/2025,16:00,Wolfsberger AC,Altach,0,2,A,1.91,3.77,4.07,2.15,3.77,4.07,2.06,3.34,3.37,2.22,3.5,3.6,,,
AUT,Bundesliga,2025/2026,02/08/2025,18:30,Ried,Salzburg,2,2,D,5.1,4.18,1.66,5.25,4.18,1.7,4.95,3.72,1.64,6,4.4,1.63,,,
AUT,Bundesliga,2025/2026,03/08/2025,16:00,Grazer AK,Austria Vienna,2,2,D,3.76,3.73,2,4.5,3.9,2,3.97,3.62,1.8,4.1,3.95,1.95,,,
AUT,Bundesliga,2025/2026,03/08/2025,16:00,SK Rapid,BW Linz,1,0,H,1.93,3.54,3.81,1.93,3.9,4.33,1.81,3.6,4.01,1.9,3.9,4.6,,,
AUT,Bundesliga,2025/2026,09/08/2025,16:00,Altach,Ried,1,0,H,2.26,2.86,4.12,2.38,3,4,2.16,2.84,3.74,2.32,3.05,4,,,
AUT,Bundesliga,2025/2026,09/08/2025,16:00,BW Linz,Hartberg,0,1,A,2.05,3.48,3.87,1.84,4,5.5,1.7,3.64,4.63,1.77,3.85,5.5,,,
AUT,Bundesliga,2025/2026,09/08/2025,18:30,Salzburg,Grazer AK,5,0,H,1.35,5.2,9.64,1.44,5,8,1.4,4.67,6.67,1.45,5,8.2,,,
AUT,Bundesliga,2025/2026,10/08/2025,16:00,Austria Vienna,Wolfsberger AC,0,2,A,2,3.65,3.85,2.1,3.8,3.5,1.99,3.53,3.36,2.1,3.8,3.7,,,
AUT,Bundesliga,2025/2026,10/08/2025,16:00,Sturm Graz,SK Rapid,1,2,A,2.16,3.63,3.38,2.25,3.75,3.2,2.13,3.49,3.09,2.22,3.6,3.5,,,
AUT,Bundesliga,2025/2026,10/08/2025,16:00,Tirol,LASK,3,1,H,3.48,3.58,2.14,3.6,3.75,2.12,3.33,3.55,2.01,3.6,3.8,2.14,,,
AUT,Bundesliga,2025/2026,16/08/2025,16:00,Grazer AK,Tirol,1,1,D,2.25,3.79,3.07,2.7,3.6,2.7,2.58,3.39,2.52,2.72,3.85,2.68,2.63,3.5,2.5
AUT,Bundesliga,2025/2026,16/08/2025,16:00,Hartberg,Salzburg,1,2,A,6.75,4.64,1.48,7.5,4.8,1.45,6.58,4.58,1.41,7.8,5.1,1.45,6.5,4.75,1.42
AUT,Bundesliga,2025/2026,16/08/2025,18:30,Ried,Sturm Graz,1,3,A,4.37,3.85,1.83,4.2,3.9,1.85,3.97,3.76,1.78,4.4,4,1.85,4.2,3.9,1.75
AUT,Bundesliga,2025/2026,17/08/2025,16:00,LASK,Austria Vienna,2,1,H,2.62,3.78,2.59,2.55,3.7,2.6,2.5,3.52,2.52,2.66,3.85,2.68,2.5,3.7,2.55
AUT,Bundesliga,2025/2026,17/08/2025,16:00,SK Rapid,Altach,0,0,D,1.98,3.67,3.87,1.9,3.75,4.5,1.8,3.57,4.08,1.85,3.9,4.8,1.75,3.7,4.33
AUT,Bundesliga,2025/2026,17/08/2025,16:00,Wolfsberger AC,BW Linz,3,0,H,1.96,3.65,3.99,1.99,3.65,4,1.92,3.45,3.71,2,3.7,4.1,1.91,3.6,3.9
AUT,Bundesliga,2025/2026,23/08/2025,16:00,BW Linz,Ried,0,2,A,2.28,3.29,3.44,2.63,3.4,3.2,2.46,3.16,2.81,2.64,3.3,3,2.63,3.25,2.75
AUT,Bundesliga,2025/2026,23/08/2025,16:00,Salzburg,LASK,3,0,H,1.62,4.42,5.15,1.61,4.4,5.25,1.57,4.19,4.88,1.65,4.5,5.6,1.6,4,5.25
AUT,Bundesliga,2025/2026,24/08/2025,16:00,Altach,Grazer AK,1,1,D,2,3.44,4.1,1.98,3.5,4.6,1.85,3.37,4.13,1.91,3.5,5,1.8,3.5,4.33
AUT,Bundesliga,2025/2026,24/08/2025,16:00,Austria Vienna,Hartberg,1,3,A,1.69,4.17,4.83,1.66,4.1,5.25,1.63,3.88,4.83,1.68,4.1,5.6,1.65,4,5
AUT,Bundesliga,2025/2026,24/08/2025,16:00,Wolfsberger AC,SK Rapid,1,2,A,2.61,3.56,2.71,2.7,3.6,2.65,2.56,3.42,2.52,2.78,3.55,2.68,2.63,3.5,2.5
AUT,Bundesliga,2025/2026,30/08/2025,16:00,LASK,Ried,1,3,A,2,3.61,3.87,2.1,3.65,3.7,1.99,3.48,3.44,2.06,3.65,3.85,2.1,3.25,3.7
AUT,Bundesliga,2025/2026,30/08/2025,16:00,Salzburg,BW Linz,2,2,D,1.29,5.87,10.88,1.31,5.8,10,1.28,5.44,8.89,1.31,6,12,1.3,5.25,9.5
AUT,Bundesliga,2025/2026,30/08/2025,18:30,Grazer AK,Sturm Graz,0,3,A,5.36,4.25,1.63,5.25,4.2,1.65,4.82,4.04,1.6,5.6,4.4,1.64,5,4.1,1.62
AUT,Bundesliga,2025/2026,31/08/2025,16:00,Austria Vienna,Altach,1,0,H,2.07,3.49,3.78,1.92,3.6,4.75,1.84,3.46,4.02,1.9,3.65,4.7,1.71,3.4,4.75
AUT,Bundesliga,2025/2026,31/08/2025,16:00,Hartberg,SK Rapid,0,1,A,4.83,4.05,1.71,4.2,3.9,1.87,3.96,3.64,1.8,4.5,3.8,1.91,4.2,3.6,1.79
AUT,Bundesliga,2025/2026,31/08/2025,16:00,Tirol,Wolfsberger AC,1,1,D,3.01,3.61,2.36,3.1,3.65,2.35,2.91,3.41,2.24,3.15,3.65,2.36,3.1,3.4,2.2
AUT,Bundesliga,2025/2026,13/09/2025,16:00,Altach,LASK,1,0,H,2.78,3.32,2.69,2.38,3.4,3.3,2.25,3.22,3.06,2.32,3.35,3.45,2.15,3.25,3.3
AUT,Bundesliga,2025/2026,13/09/2025,16:00,BW Linz,Grazer AK,3,0,H,2.36,3.21,3.36,2.3,3.4,3.25,2.19,3.21,3.17,2.36,3.3,3.5,2.2,3.25,3.2
AUT,Bundesliga,2025/2026,13/09/2025,16:00,Wolfsberger AC,Salzburg,3,1,H,3.78,4.05,1.91,4.1,4,1.86,3.85,3.71,1.8,4.2,4,1.9,3.8,4,1.76
AUT,Bundesliga,2025/2026,14/09/2025,13:30,Ried,Hartberg,0,2,A,2.19,3.71,2.86,2.5,4.2,3,2.22,3.61,2.78,2.38,3.9,3,2.2,3.7,2.7
AUT,Bundesliga,2025/2026,14/09/2025,13:30,SK Rapid,Tirol,4,1,H,1.54,4.65,5.8,1.53,4.4,5.75,1.5,4.23,5.33,1.56,4.6,6.2,1.46,4.2,4.75
AUT,Bundesliga,2025/2026,14/09/2025,16:00,Sturm Graz,Austria Vienna,0,1,A,2.49,3.36,3,2.33,3.45,3.25,2.24,3.31,2.99,2.3,3.45,3.4,2.15,3.3,3.25
AUT,Bundesliga,2025/2026,20/09/2025,16:00,Austria Vienna,Ried,3,2,H,2.12,3.54,3.58,2.25,3.4,3.25,2.17,3.29,3.14,2.26,3.4,3.65,2.2,3.3,3.1
AUT,Bundesliga,2025/2026,20/09/2025,16:00,Hartberg,Wolfsberger AC,2,2,D,3.95,3.75,1.94,5,3.7,1.85,4.39,3.41,1.78,5.1,3.7,1.86,4.75,3.7,1.68
AUT,Bundesliga,2025/2026,20/09/2025,16:00,Salzburg,Sturm Graz,0,2,A,1.93,3.97,3.76,1.93,3.9,3.7,1.87,3.62,3.56,2,4,3.95,1.86,3.9,3.5
AUT,Bundesliga,2025/2026,21/09/2025,16:00,Altach,Tirol,1,1,D,2.06,3.33,4.03,2.05,3.4,3.9,1.99,3.29,3.64,2.1,3.35,4.1,1.96,3.3,3.75
AUT,Bundesliga,2025/2026,21/09/2025,13:30,LASK,BW Linz,2,0,H,1.96,3.69,3.94,1.93,3.75,4.1,1.85,3.61,3.75,1.99,3.8,4,1.81,3.6,4.1
AUT,Bundesliga,2025/2026,21/09/2025,16:00,Grazer AK,SK Rapid,1,1,D,5.19,4.08,1.67,5.5,4,1.7,4.93,3.81,1.62,5.8,4,1.7,5.5,4,1.56
AUT,Bundesliga,2025/2026,27/09/2025,16:00,BW Linz,Altach,1,0,H,3.21,3.25,2.42,3.2,3.2,2.38,3.05,3.09,2.31,3.35,3.25,2.52,3.1,3.2,2.3
AUT,Bundesliga,2025/2026,27/09/2025,16:00,Ried,Grazer AK,0,0,D,1.95,3.52,4.19,1.98,3.5,4.2,1.93,3.37,3.75,2.02,3.55,4.3,1.86,3.4,4.2
AUT,Bundesliga,2025/2026,27/09/2025,16:00,Wolfsberger AC,LASK,1,0,H,2.19,3.53,3.41,2.2,3.55,3.33,2.1,3.44,3.15,2.18,3.6,3.65,2.15,3.4,3.1
AUT,Bundesliga,2025/2026,28/09/2025,13:30,Sturm Graz,Hartberg,1,0,H,1.72,3.98,4.92,1.75,4,5,1.69,3.81,4.43,1.79,3.9,5.1,1.68,3.9,4.33
AUT,Bundesliga,2025/2026,28/09/2025,13:30,Tirol,Salzburg,1,2,A,4.96,4.43,1.64,5.25,4.33,1.62,4.77,4.16,1.58,5.4,4.4,1.65,4.75,4.33,1.53
AUT,Bundesliga,2025/2026,28/09/2025,16:00,SK Rapid,Austria Vienna,1,3,A,1.94,3.61,4.1,1.87,3.7,4.25,1.81,3.53,4.02,1.88,3.7,4.8,1.76,3.7,4.1
AUT,Bundesliga,2025/2026,04/10/2025,16:00,Austria Vienna,BW Linz,0,1,A,1.94,3.65,4.06,2,3.6,4,1.89,3.45,3.79,1.98,3.7,4.1,1.91,3.6,3.7
AUT,Bundesliga,2025/2026,04/10/2025,16:00,Grazer AK,Wolfsberger AC,1,3,A,4.18,3.45,1.98,4.5,3.6,1.88,4.06,3.44,1.83,4.9,3.6,1.88,4.33,3.5,1.79
AUT,Bundesliga,2025/2026,04/10/2025,16:00,Ried,Tirol,2,0,H,2.16,3.32,3.7,2.12,3.4,3.5,2.07,3.3,3.33,2.18,3.45,3.7,2.1,3.3,3.4
AUT,Bundesliga,2025/2026,05/10/2025,13:30,Altach,Sturm Graz,0,2,A,3.08,3.33,2.29,3,3.4,2.42,2.92,3.23,2.3,3.1,3.45,2.5,2.82,3.4,2.35
AUT,Bundesliga,2025/2026,05/10/2025,13:30,LASK,Hartberg,3,3,D,1.95,3.7,3.98,1.87,3.8,4.2,1.8,3.65,3.96,1.86,3.95,4.7,1.76,3.8,4.2
AUT,Bundesliga,2025/2026,05/10/2025,16:00,Salzburg,SK Rapid,2,1,H,1.96,4.02,3.61,2.08,4,3.4,1.99,3.67,3.23,2.12,3.9,3.5,2.01,4,3.1
AUT,Bundesliga,2025/2026,18/10/2025,16:00,Grazer AK,Hartberg,0,0,D,3.25,3.16,2.45,3.1,3.3,2.55,2.85,3.14,2.42,2.96,3.3,2.64,2.75,3.05,2.55
AUT,Bundesliga,2025/2026,18/10/2025,16:00,Tirol,Austria Vienna,2,3,A,3.76,3.41,2.11,4,3.5,2.1,3.55,3.3,2,3.8,3.5,2.12,3.5,3.25,2.05
AUT,Bundesliga,2025/2026,18/10/2025,16:00,Wolfsberger AC,Ried,1,2,A,2.06,3.34,4,2.05,3.4,3.75,2,3.26,3.64,2.06,3.4,4.2,2.05,3.3,3.5
AUT,Bundesliga,2025/2026,19/10/2025,13:30,BW Linz,Sturm Graz,3,4,A,4.44,3.64,1.87,4.33,3.7,1.85,4.08,3.55,1.8,4.6,3.75,1.89,4.33,3.5,1.79
AUT,Bundesliga,2025/2026,19/10/2025,13:30,Salzburg,Altach,2,2,D,1.71,4.29,4.57,1.7,4.2,4.8,1.65,3.9,4.48,1.73,4.2,5.1,1.62,4.2,4.33
AUT,Bundesliga,2025/2026,19/10/2025,16:00,SK Rapid,LASK,0,2,A,1.87,4,3.98,1.85,3.95,4.33,1.8,3.77,3.8,1.87,4.1,4.3,1.76,3.5,4.33
AUT,Bundesliga,2025/2026,25/10/2025,16:00,Altach,Hartberg,2,2,D,2.09,3.2,3.85,2.2,3.25,3.9,2.07,3.12,3.61,2.26,3.15,3.9,2.1,3.2,3.5
AUT,Bundesliga,2025/2026,25/10/2025,16:00,LASK,Grazer AK,1,0,H,1.6,4.18,5.19,1.62,4,6,1.6,3.78,5.2,1.67,4,6,1.56,3.7,6
AUT,Bundesliga,2025/2026,25/10/2025,16:00,Tirol,BW Linz,2,0,H,2.66,3.24,2.74,3.14,3.3,2.38,2.95,3.19,2.33,3.25,3.3,2.44,2.85,3.25,2.35
AUT,Bundesliga,2025/2026,26/10/2025,13:30,Ried,SK Rapid,0,2,A,3.41,3.4,2.16,2.85,3.4,2.57,2.71,3.27,2.45,2.92,3.45,2.66,2.65,3.2,2.57
AUT,Bundesliga,2025/2026,26/10/2025,13:30,Sturm Graz,Wolfsberger AC,1,3,A,2.11,3.47,3.46,2.4,3.4,3,2.32,3.27,2.88,2.48,3.4,3.2,2.4,3.2,2.82
AUT,Bundesliga,2025/2026,26/10/2025,16:00,Austria Vienna,Salzburg,0,3,A,3.13,3.71,2.17,2.85,3.6,2.45,2.69,3.5,2.35,2.84,3.75,2.56,2.7,3.4,2.35
AUT,Bundesliga,2025/2026,01/11/2025,16:00,BW Linz,LASK,0,1,A,,,,3.7,3.5,2.1,3.43,3.34,2.04,4,3.55,2.08,3.5,3.5,2.01
AUT,Bundesliga,2025/2026,01/11/2025,16:00,Grazer AK,Altach,3,1,H,,,,3.5,3.25,2.25,3.36,2.98,2.22,3.7,3.1,2.4,3.3,3.25,2.15
AUT,Bundesliga,2025/2026,01/11/2025,16:00,Hartberg,Austria Vienna,2,1,H,,,,3.9,3.5,2.05,3.56,3.37,1.97,4,3.6,2.06,3.9,3.4,1.91
AUT,Bundesliga,2025/2026,02/11/2025,13:30,Salzburg,Ried,4,1,H,,,,2,3.8,4,1.92,3.55,3.54,2.02,3.75,4,1.96,3.8,3.3
AUT,Bundesliga,2025/2026,02/11/2025,13:30,Wolfsberger AC,Tirol,0,0,D,,,,1.7,3.95,5.33,1.64,3.72,4.82,1.74,3.9,5.4,1.62,3.8,4.75
AUT,Bundesliga,2025/2026,02/11/2025,16:00,SK Rapid,Sturm Graz,2,1,H,,,,2.6,3.6,2.65,2.5,3.42,2.55,2.72,3.6,2.76,2.55,3.5,2.5
AUT,Bundesliga,2025/2026,08/11/2025,16:00,Austria Vienna,Grazer AK,2,1,H,,,,1.75,3.6,5.5,1.7,3.43,4.94,1.74,3.75,5.8,1.66,3.5,5.5
AUT,Bundesliga,2025/2026,08/11/2025,16:00,Ried,BW Linz,2,1,H,,,,2.15,3.3,3.6,2.07,3.2,3.47,2.24,3.3,3.65,2.1,3.25,3.5
AUT,Bundesliga,2025/2026,08/11/2025,16:00,Wolfsberger AC,Hartberg,1,2,A,,,,1.91,3.6,4.2,1.84,3.47,3.96,1.94,3.75,4.4,1.81,3.5,4.2
AUT,Bundesliga,2025/2026,09/11/2025,13:30,LASK,Altach,1,0,H,,,,1.87,3.5,4.75,1.82,3.36,4.19,1.88,3.55,4.9,1.81,3.5,4.1
AUT,Bundesliga,2025/2026,09/11/2025,13:30,Tirol,SK Rapid,1,1,D,,,,3.6,3.5,2.23,3.31,3.33,2.08,3.7,3.5,2.18,3.4,3.4,2.05
AUT,Bundesliga,2025/2026,09/11/2025,16:00,Sturm Graz,Salzburg,1,1,D,,,,2.38,3.6,2.9,2.3,3.49,2.77,2.5,3.6,3,2.3,3.6,2.75
AUT,Bundesliga,2025/2026,22/11/2025,16:00,Altach,Wolfsberger AC,3,1,H,,,,3.2,3.25,2.45,2.97,3.13,2.34,3.35,3.25,2.46,3.2,3.25,2.25
AUT,Bundesliga,2025/2026,22/11/2025,16:00,BW Linz,Austria Vienna,2,3,A,,,,3.7,3.13,2.23,3.43,3.01,2.16,3.9,3.25,2.26,3.7,2.95,2.1
AUT,Bundesliga,2025/2026,22/11/2025,16:00,Hartberg,Ried,2,0,H,,,,3.25,3.25,2.45,3.01,3.1,2.33,3.35,3.25,2.5,3.2,3.25,2.2
AUT,Bundesliga,2025/2026,23/11/2025,13:30,Salzburg,Tirol,2,3,A,,,,1.48,4.75,7.25,1.43,4.4,6.31,1.45,5,8.6,1.41,4.5,6.5
AUT,Bundesliga,2025/2026,23/11/2025,13:30,Sturm Graz,LASK,1,3,A,,,,2,3.7,3.6,1.94,3.52,3.47,2.06,3.8,3.9,1.91,3.7,3.6
AUT,Bundesliga,2025/2026,23/11/2025,16:00,SK Rapid,Grazer AK,1,2,A,,,,1.73,3.7,5.5,1.64,3.59,5.09,1.73,3.9,5.9,1.68,3.6,5
AUT,Bundesliga,2025/2026,29/11/2025,16:00,Austria Vienna,Tirol,0,0,D,,,,1.85,3.6,4.5,1.79,3.49,4.23,1.88,3.75,4.7,1.81,3.5,4.1
AUT,Bundesliga,2025/2026,29/11/2025,16:00,Grazer AK,BW Linz,3,1,H,,,,2.75,2.95,3,2.63,2.84,2.84,2.74,2.94,3.25,2.5,2.95,2.95
AUT,Bundesliga,2025/2026,29/11/2025,16:00,Ried,Wolfsberger AC,1,0,H,,,,2.66,3.3,2.8,2.56,3.18,2.64,2.74,3.3,2.84,2.57,3.2,2.57
AUT,Bundesliga,2025/2026,30/11/2025,13:30,Altach,Salzburg,1,1,D,,,,3.3,3.5,2.3,3.06,3.33,2.19,3.4,3.4,2.38,3.05,3.25,2.25
AUT,Bundesliga,2025/2026,30/11/2025,13:30,Hartberg,Sturm Graz,0,1,A,,,,4.2,3.7,2.05,3.68,3.49,1.91,4.1,3.55,2.06,3.3,3.7,1.96
AUT,Bundesliga,2025/2026,30/11/2025,16:00,LASK,SK Rapid,3,0,H,,,,2.2,3.5,3.4,2.1,3.38,3.19,2.24,3.6,3.55,2.1,3.5,3.2
AUT,Bundesliga,2025/2026,03/12/2025,19:30,Sturm Graz,Tirol,1,3,A,,,,1.73,3.85,5.2,1.65,3.69,4.87,1.77,3.95,5.4,1.66,3.6,5
AUT,Bundesliga,2025/2026,06/12/2025,16:00,BW Linz,Salzburg,0,2,A,,,,4.6,3.75,1.83,4.21,3.63,1.75,4.9,3.95,1.8,4.33,3.75,1.71
AUT,Bundesliga,2025/2026,06/12/2025,16:00,Hartberg,LASK,2,2,D,,,,3.7,3.6,2.05,3.54,3.35,1.99,4,3.6,2.06,3.5,3.6,1.96
AUT,Bundesliga,2025/2026,06/12/2025,16:00,SK Rapid,Ried,1,2,A,,,,2.15,3.6,3.7,1.98,3.41,3.49,2.04,3.75,3.9,1.91,3.5,3.7
AUT,Bundesliga,2025/2026,07/12/2025,13:30,Tirol,Altach,0,3,A,,,,2.8,3.2,2.63,2.71,3.07,2.57,2.9,3.35,2.72,2.75,3.2,2.5
AUT,Bundesliga,2025/2026,07/12/2025,13:30,Wolfsberger AC,Austria Vienna,2,1,H,,,,2.6,3.3,2.85,2.49,3.14,2.74,2.66,3.35,2.94,2.5,3.2,2.75
AUT,Bundesliga,2025/2026,07/12/2025,16:00,Sturm Graz,Grazer AK,2,1,H,,,,1.9,3.4,4.8,1.81,3.33,4.37,1.89,3.55,5,1.79,3.4,4.5
AUT,Bundesliga,2025/2026,13/12/2025,16:00,Grazer AK,LASK,1,2,A,,,,3.75,3.4,2.1,3.53,3.23,2.04,3.8,3.5,2.2,3.75,3.2,2.05
AUT,Bundesliga,2025/2026,13/12/2025,16:00,Hartberg,Tirol,2,1,H,,,,2.83,3.5,2.7,2.67,3.23,2.49,3,3.55,2.54,2.7,3.5,2.35
AUT,Bundesliga,2025/2026,13/12/2025,16:00,Ried,Altach,3,0,H,,,,2.45,3.2,3.2,2.35,3.05,3.02,2.62,3.15,3.15,2.4,3.05,3.05
AUT,Bundesliga,2025/2026,14/12/2025,13:30,BW Linz,SK Rapid,1,1,D,,,,3.6,3.4,2.23,3.33,3.24,2.1,3.65,3.5,2.22,3.5,3.25,2.05
AUT,Bundesliga,2025/2026,14/12/2025,13:30,Salzburg,Wolfsberger AC,2,1,H,,,,1.78,4.33,4.75,1.66,3.96,4.34,1.71,4.4,4.9,1.61,4.33,4.5
AUT,Bundesliga,2025/2026,14/12/2025,16:00,Austria Vienna,Sturm Graz,3,1,H,,,,2.8,3.3,2.8,2.65,3.19,2.54,2.86,3.4,2.74,2.75,3.3,2.4
AUT,Bundesliga,2025/2026,06/02/2026,19:30,Salzburg,Austria Vienna,0,2,A,,,,1.6,4.33,5.25,1.58,4.1,4.89,1.65,4.5,5.6,1.53,4.33,5
AUT,Bundesliga,2025/2026,07/02/2026,16:00,LASK,Tirol,1,0,H,,,,1.71,4,5.5,1.63,3.75,5.08,1.69,4,6,1.57,3.9,5.5
AUT,Bundesliga,2025/2026,07/02/2026,16:00,SK Rapid,Hartberg,1,1,D,,,,1.91,3.6,4.25,1.85,3.41,4.1,1.96,3.55,4.6,1.86,3.4,4.2
AUT,Bundesliga,2025/2026,08/02/2026,13:30,Altach,BW Linz,1,0,H,,,,2.15,3.15,3.75,2.09,3.07,3.61,2.28,3.2,3.8,2.15,3.1,3.6
AUT,Bundesliga,2025/2026,08/02/2026,13:30,Wolfsberger AC,Grazer AK,2,2,D,,,,2.3,3.3,3.35,2.23,3.18,3.15,2.42,3.4,3.3,2.2,3.2,3.2
AUT,Bundesliga,2025/2026,08/02/2026,16:00,Sturm Graz,Ried,1,0,H,,,,2.5,3.3,3.05,2.39,3.21,2.86,2.54,3.4,3.1,2.4,3.2,2.82
AUT,Bundesliga,2025/2026,14/02/2026,16:00,Hartberg,Altach,0,0,D,,,,2.55,3.1,3.1,2.44,3,2.97,2.64,3.15,3.15,2.4,3.1,3.1
AUT,Bundesliga,2025/2026,14/02/2026,16:00,Ried,LASK,1,1,D,,,,2.5,3.25,3,2.42,3.15,2.87,2.58,3.25,3.15,2.25,3.25,3
AUT,Bundesliga,2025/2026,14/02/2026,16:00,Tirol,Sturm Graz,1,0,H,,,,3.15,3.35,2.5,2.93,3.15,2.38,3.1,3.25,2.6,2.82,3.2,2.45
AUT,Bundesliga,2025/2026,15/02/2026,13:30,BW Linz,Wolfsberger AC,2,1,H,,,,2.8,3.4,2.55,2.74,3.26,2.45,2.94,3.45,2.66,2.7,3.4,2.45
AUT,Bundesliga,2025/2026,15/02/2026,13:30,Grazer AK,Salzburg,1,1,D,,,,5,4,1.73,4.65,3.73,1.68,5.4,3.85,1.76,4.5,3.8,1.66
AUT,Bundesliga,2025/2026,15/02/2026,16:00,Austria Vienna,SK Rapid,2,0,H,,,,2.7,3.3,2.9,2.57,3.05,2.76,2.78,3.15,3.05,2.5,3.3,2.65
AUT,Bundesliga,2025/2026,21/02/2026,16:00,Altach,Austria Vienna,2,1,H,,,,3,3.1,2.63,2.84,2.93,2.55,3.1,3,2.82,2.82,3.1,2.55
AUT,Bundesliga,2025/2026,21/02/2026,16:00,Hartberg,Grazer AK,1,0,H,,,,2.65,3.2,3,2.52,3,2.81,2.72,3.15,3.05,2.57,3.2,2.65
AUT,Bundesliga,2025/2026,21/02/2026,16:00,SK Rapid,Wolfsberger AC,2,0,H,,,,2.1,3.5,3.7,2.01,3.38,3.4,2.12,3.6,3.75,2.05,3.5,3.3
AUT,Bundesliga,2025/2026,22/02/2026,13:30,Sturm Graz,BW Linz,1,0,H,,,,2.35,3.25,4.1,2.21,3.14,3.22,2.44,3.25,3.4,2.25,3.2,3.2
AUT,Bundesliga,2025/2026,22/02/2026,13:30,Tirol,Ried,1,1,D,,,,3.35,3.3,2.4,3.09,3.09,2.27,3.55,3.2,2.4,3.25,3.3,2.15
AUT,Bundesliga,2025/2026,22/02/2026,16:00,LASK,Salzburg,1,5,A,,,,2.71,3.6,2.5,2.6,3.42,2.44,2.94,3.65,2.58,2.65,3.5,2.45
AUT,Bundesliga,2025/2026,01/03/2026,16:00,Altach,SK Rapid,1,1,D,,,,2.8,3.1,2.8,2.74,2.94,2.64,2.96,3.05,2.92,2.75,3,2.65
AUT,Bundesliga,2025/2026,01/03/2026,16:00,Austria Vienna,LASK,2,2,D,,,,2.9,3.1,2.75,2.76,2.94,2.63,3,3.1,2.8,2.75,3,2.65
AUT,Bundesliga,2025/2026,01/03/2026,16:00,BW Linz,Tirol,2,3,A,,,,2.33,3.4,3.5,2.18,3.15,3.25,2.24,3.3,3.8,2.15,3.4,3.25
AUT,Bundesliga,2025/2026,01/03/2026,16:00,Grazer AK,Ried,2,1,H,,,,3.25,3.4,2.33,3.1,3.13,2.27,3.4,3.3,2.46,3,3.4,2.2
AUT,Bundesliga,2025/2026,01/03/2026,16:00,Salzburg,Hartberg,0,0,D,,,,1.48,4.75,7,1.43,4.41,6.27,1.5,4.7,7.8,1.42,4.75,6
AUT,Bundesliga,2025/2026,01/03/2026,16:00,Wolfsberger AC,Sturm Graz,2,2,D,,,,2.6,3.4,2.7,2.52,3.26,2.62,2.72,3.4,2.88,2.55,3.3,2.55
AUT,Bundesliga,2025/2026,08/03/2026,16:00,Hartberg,BW Linz,1,1,D,,,,2.55,3.25,3,2.44,3.12,2.8,2.66,3.25,3.05,2.45,3.2,2.75
AUT,Bundesliga,2025/2026,08/03/2026,16:00,LASK,Wolfsberger AC,3,1,H,,,,1.78,4,4.2,1.75,3.78,3.98,1.82,4.1,4.6,1.71,4,4.1
AUT,Bundesliga,2025/2026,08/03/2026,16:00,Ried,Austria Vienna,0,2,A,,,,2.37,3.2,3.1,2.3,3.11,2.97,2.48,3.35,3.25,2.32,3.2,3
AUT,Bundesliga,2025/2026,08/03/2026,16:00,SK Rapid,Salzburg,1,0,H,,,,3.8,3.7,2,3.52,3.53,1.91,4,3.8,2,3.8,3.6,1.86
AUT,Bundesliga,2025/2026,08/03/2026,16:00,Sturm Graz,Altach,2,0,H,,,,2.38,3.2,3.35,2.24,3.08,3.14,2.5,3.2,3.4,2.3,3.1,3
AUT,Bundesliga,2025/2026,08/03/2026,16:00,Tirol,Grazer AK,2,0,H,,,,2.42,3.3,3.1,2.34,3.14,2.91,2.56,3.35,3.15,2.35,3.25,2.85
AUT,Bundesliga,2025/2026,13/03/2026,18:30,LASK,Hartberg,0,0,D,,,,1.65,4,5.75,1.61,3.8,5.14,1.67,4.1,6,1.56,3.9,5.75
AUT,Bundesliga,2025/2026,14/03/2026,16:00,Altach,BW Linz,3,1,H,,,,2.38,3.1,3.25,2.3,2.99,3.17,2.5,3.1,3.45,2.35,3,3.2
AUT,Bundesliga,2025/2026,14/03/2026,16:00,Grazer AK,Wolfsberger AC,2,0,H,,,,2.71,3.2,2.75,2.63,3.11,2.61,2.88,3.25,2.86,2.65,3.1,2.65
AUT,Bundesliga,2025/2026,14/03/2026,16:00,Ried,Tirol,2,1,H,,,,2,3.4,4.1,1.94,3.28,3.82,2.04,3.45,4.2,1.91,3.4,4
AUT,Bundesliga,2025/2026,15/03/2026,13:30,Salzburg,SK Rapid,0,1,A,,,,1.73,3.9,4.75,1.67,3.74,4.58,1.78,4,4.9,1.66,3.8,4.5
AUT,Bundesliga,2025/2026,15/03/2026,16:00,Austria Vienna,Sturm Graz,2,5,A,,,,2.63,3.2,2.9,2.51,3.1,2.76,2.76,3.2,3,2.57,3.1,2.7
AUT,Bundesliga,2025/2026,20/03/2026,18:30,Sturm Graz,Salzburg,1,1,D,,,,3.66,3.65,2.1,3.37,3.5,2,3.75,3.65,2.1,3.5,3.6,1.96
AUT,Bundesliga,2025/2026,21/03/2026,16:00,BW Linz,Ried,3,2,H,,,,2.4,3.25,3.1,2.36,3.13,2.95,2.56,3.25,3.25,2.35,3.2,3
AUT,Bundesliga,2025/2026,21/03/2026,16:00,Tirol,Grazer AK,1,5,A,,,,2.55,3.15,3.1,2.43,3.08,2.9,2.66,3.1,3.15,2.4,3,3.1
AUT,Bundesliga,2025/2026,21/03/2026,16:00,Wolfsberger AC,Altach,1,1,D,,,,2.28,3.3,3.3,2.21,3.17,3.18,2.32,3.3,3.5,2.15,3.2,3.3
AUT,Bundesliga,2025/2026,22/03/2026,13:30,Hartberg,Austria Vienna,0,1,A,,,,3.3,3.3,2.25,3.18,3.2,2.2,3.5,3.25,2.4,3.3,3.2,2.2
AUT,Bundesliga,2025/2026,22/03/2026,16:00,SK Rapid,LASK,4,2,H,,,,3,3.4,2.66,2.75,3.11,2.51,2.96,3.3,2.66,3,2.85,2.55
AUT,Bundesliga,2025/2026,03/04/2026,18:30,Ried,Altach,3,2,H,,,,2.2,3.25,3.75,2.13,3.08,3.43,2.26,3.2,3.85,2.1,3.2,3.5
AUT,Bundesliga,2025/2026,04/04/2026,16:00,Grazer AK,BW Linz,2,1,H,,,,2.35,3.25,3.5,2.29,3.03,3.14,2.44,3.15,3.55,2.25,3,3.4
AUT,Bundesliga,2025/2026,04/04/2026,16:00,Tirol,Wolfsberger AC,3,1,H,,,,2.8,3.5,2.6,2.65,3.33,2.43,2.84,3.5,2.68,2.57,3.4,2.5
AUT,Bundesliga,2025/2026,05/04/2026,13:30,Hartberg,Salzburg,1,2,A,,,,6.33,4.33,1.6,5.22,4.01,1.54,6.4,4.3,1.61,5.5,3.9,1.53
AUT,Bundesliga,2025/2026,05/04/2026,13:30,LASK,Austria Vienna,4,1,H,,,,2.12,3.5,3.6,2.04,3.34,3.36,2.16,3.55,3.75,2.01,3.5,3.5
AUT,Bundesliga,2025/2026,05/04/2026,16:00,SK Rapid,Sturm Graz,0,2,A,,,,2.08,3.5,4,1.99,3.3,3.53,2.12,3.55,3.95,1.86,3.4,4
AUT,Bundesliga,2025/2026,10/04/2026,18:30,Salzburg,LASK,2,3,A,,,,1.87,3.9,4,1.83,3.78,3.7,1.93,4.1,4.1,1.81,3.9,3.75
AUT,Bundesliga,2025/2026,11/04/2026,16:00,Altach,Grazer AK,1,0,H,,,,2.8,3,3,2.66,2.97,2.69,2.96,3,2.92,2.7,3,2.7
AUT,Bundesliga,2025/2026,11/04/2026,16:00,Wolfsberger AC,Ried,0,0,D,,,,2.63,3.5,2.7,2.5,3.38,2.57,2.76,3.55,2.72,2.45,3.2,2.4
AUT,Bundesliga,2025/2026,11/04/2026,18:30,BW Linz,Tirol,5,0,H,,,,2.3,3.6,3.1,2.23,3.33,3,2.38,3.45,3.3,2.25,3.4,3
AUT,Bundesliga,2025/2026,12/04/2026,13:30,Sturm Graz,Hartberg,0,0,D,,,,1.73,4.33,5.5,1.61,3.88,4.91,1.66,4.2,5.7,1.56,4.33,5
AUT,Bundesliga,2025/2026,12/04/2026,16:00,Austria Vienna,SK Rapid,1,1,D,,,,2.75,3.2,2.88,2.6,3.02,2.72,2.9,3.05,2.94,2.65,3.1,2.65
AUT,Bundesliga,2025/2026,17/04/2026,18:30,Grazer AK,Ried,1,1,D,,,,2.6,3.15,3.1,2.49,2.98,2.84,,,,2.55,2.85,2.85
AUT,Bundesliga,2025/2026,18/04/2026,16:00,Tirol,Altach,2,2,D,,,,2.8,3.15,2.66,2.67,3.04,2.58,,,,2.57,3,2.45
AUT,Bundesliga,2025/2026,18/04/2026,16:00,Wolfsberger AC,BW Linz,0,0,D,,,,2.7,3.5,2.63,2.56,3.3,2.52,,,,2.65,3.3,2.5
AUT,Bundesliga,2025/2026,19/04/2026,13:30,Austria Vienna,Salzburg,1,3,A,,,,3.8,3.8,2.02,3.54,3.61,1.89,,,,3.75,3.75,1.86
AUT,Bundesliga,2025/2026,19/04/2026,13:30,Hartberg,SK Rapid,2,2,D,,,,4.1,3.4,2.08,3.65,3.27,1.97,,,,3.9,3.4,1.91
AUT,Bundesliga,2025/2026,19/04/2026,16:00,LASK,Sturm Graz,1,1,D,,,,1.91,3.9,3.9,1.85,3.67,3.67,,,,1.81,3.75,3.9
AUT,Bundesliga,2025/2026,21/04/2026,17:30,Altach,Tirol,0,0,D,,,,2.28,3.3,3.4,2.22,3.12,3.17,,,,2.15,3.25,3.25
AUT,Bundesliga,2025/2026,21/04/2026,17:30,BW Linz,Wolfsberger AC,3,0,H,,,,2,3.55,3.9,1.94,3.38,3.61,,,,1.91,3.4,3.9
AUT,Bundesliga,2025/2026,21/04/2026,19:30,Ried,Grazer AK,2,1,H,,,,2.1,3.4,4.33,1.97,3.19,3.77,,,,1.86,3.25,4.33
AUT,Bundesliga,2025/2026,22/04/2026,17:30,Salzburg,Austria Vienna,3,1,H,,,,1.58,4.33,5.75,1.53,4.13,5.25,,,,1.49,4.33,5.75
AUT,Bundesliga,2025/2026,22/04/2026,17:30,SK Rapid,Hartberg,0,2,A,,,,1.67,4,6,1.57,3.79,5.36,,,,1.51,3.9,5.75
AUT,Bundesliga,2025/2026,22/04/2026,19:30,Sturm Graz,LASK,1,1,D,,,,3.6,3.7,2.1,3.3,3.48,2.01,,,,3.6,3.5,1.96
AUT,Bundesliga,2025/2026,24/04/2026,18:30,BW Linz,Altach,3,0,H,,,,2.16,3.33,3.75,2.03,3.21,3.49,,,,1.96,3.3,3.6
AUT,Bundesliga,2025/2026,25/04/2026,16:00,Tirol,Ried,1,0,H,,,,3,3.4,2.45,2.86,3.2,2.33,,,,3,3.4,2.25
AUT,Bundesliga,2025/2026,25/04/2026,16:00,Wolfsberger AC,Grazer AK,1,0,H,,,,2.35,3.3,3.15,2.23,3.21,3.01,,,,2.32,3.25,3
AUT,Bundesliga,2025/2026,26/04/2026,13:30,Hartberg,LASK,1,5,A,,,,6,4.33,1.61,5.26,4.01,1.53,,,,5,4,1.46
AUT,Bundesliga,2025/2026,26/04/2026,13:30,SK Rapid,Salzburg,1,0,H,,,,3.5,3.7,2.08,3.29,3.47,2,,,,3.4,3.4,2.05
AUT,Bundesliga,2025/2026,26/04/2026,16:00,Sturm Graz,Austria Vienna,1,1,D,,,,2.25,3.5,3.5,2.15,3.24,3.17,,,,2.1,3.5,3.2
AUT,Bundesliga,2025/2026,02/05/2026,16:00,Grazer AK,Tirol,4,0,H,,,,2.25,3.15,3.6,2.18,3.05,3.27,,,,2.1,3.1,3.5
AUT,Bundesliga,2025/2026,02/05/2026,16:00,Ried,BW Linz,2,0,H,,,,2.45,3.3,3,2.37,3.13,2.87,,,,2.45,3.2,2.82
AUT,Bundesliga,2025/2026,03/05/2026,13:30,Austria Vienna,Hartberg,1,0,H,,,,1.76,3.8,5.25,1.69,3.56,4.61,,,,1.66,3.8,4.75
AUT,Bundesliga,2025/2026,03/05/2026,16:00,Salzburg,Sturm Graz,1,1,D,,,,1.68,4.4,5,1.61,4.07,4.51,,,,1.57,4.1,4.75
AUT,Bundesliga,2025/2026,04/05/2026,17:30,Altach,Wolfsberger AC,1,4,A,,,,2.7,3.25,2.85,2.51,3.12,2.68,,,,2.57,3.25,2.57
AUT,Bundesliga,2025/2026,04/05/2026,19:30,LASK,SK Rapid,3,1,H,,,,1.98,3.75,3.8,1.9,3.57,3.5,,,,1.81,3.75,3.8
AUT,Bundesliga,2025/2026,09/05/2026,16:00,Grazer AK,Altach,2,2,D,,,,2.38,3.25,3.4,2.24,3.05,3.22,2.34,3.1,3.75,2.15,3.25,3.3
AUT,Bundesliga,2025/2026,09/05/2026,16:00,Ried,Wolfsberger AC,0,1,A,,,,2.12,3.5,3.75,2.02,3.41,3.38,2.18,3.55,3.7,2.01,3.5,3.5
AUT,Bundesliga,2025/2026,09/05/2026,16:00,Tirol,BW Linz,1,1,D,,,,2.85,3.4,2.5,2.73,3.23,2.43,3.05,3.35,2.62,2.75,3.3,2.45
AUT,Bundesliga,2025/2026,10/05/2026,16:00,Hartberg,Sturm Graz,2,4,A,,,,5,4,1.72,4.67,3.71,1.66,5.6,3.95,1.74,4.75,3.9,1.66
AUT,Bundesliga,2025/2026,10/05/2026,16:00,LASK,Salzburg,2,1,H,,,,2.2,3.9,3.1,2.1,3.65,2.97,2.18,4,3.2,2.01,3.4,3
AUT,Bundesliga,2025/2026,10/05/2026,16:00,SK Rapid,Austria Vienna,0,2,A,,,,2.3,3.4,3.25,2.19,3.31,3.08,2.4,3.5,3.25,2.3,3.25,3.1
AUT,Bundesliga,2025/2026,16/05/2026,16:00,Altach,Ried,2,0,H,,,,1.7,3.8,5.33,1.66,3.57,4.8,1.76,3.9,5.4,1.62,3.8,5
AUT,Bundesliga,2025/2026,16/05/2026,16:00,BW Linz,Grazer AK,0,3,A,,,,2.1,3.5,3.7,2.04,3.3,3.36,2.22,3.45,3.75,2.05,3.5,3.3
AUT,Bundesliga,2025/2026,16/05/2026,16:00,Wolfsberger AC,Tirol,2,0,H,,,,2,3.75,3.6,1.97,3.46,3.42,2.06,3.75,3.9,1.96,3.5,3.6
AUT,Bundesliga,2025/2026,17/05/2026,13:30,Austria Vienna,LASK,0,3,A,,,,3.33,3.5,2.2,3.16,3.31,2.13,3.55,3.45,2.28,3.2,3.4,2.15
AUT,Bundesliga,2025/2026,17/05/2026,13:30,Salzburg,Hartberg,1,3,A,,,,1.25,7,12,1.22,6,10,1.26,7.2,12,1.24,6.25,9
AUT,Bundesliga,2025/2026,17/05/2026,13:30,Sturm Graz,SK Rapid,2,0,H,,,,2.12,3.75,3.7,1.99,3.56,3.26,2.14,3.85,3.55,2.05,3.75,3.2
AUT,Bundesliga,2026/2027,31/07/2026,18:30,LASK,Grazer AK,3,0,H,,,,1.55,4.4,6,1.5,4.16,5.41,1.56,4.6,6.4,1.49,4.33,5.75
AUT,Bundesliga,2026/2027,01/08/2026,16:00,Tirol,Sturm Graz,1,1,D,,,,4.5,3.8,1.9,4.06,3.58,1.78,4.8,3.8,1.86,4.5,3.6,1.71
AUT,Bundesliga,2026/2027,01/08/2026,18:30,Salzburg,Hartberg,1,0,H,,,,1.33,5.75,9,1.28,5.19,8.44,1.34,6,10.5,1.3,5,9
AUT,Bundesliga,2026/2027,02/08/2026,16:00,A. Lustenau,Ried,1,1,D,,,,3.25,3.35,2.33,3.06,3.16,2.23,3.45,3.4,2.36,3.2,3.25,2.2
AUT,Bundesliga,2026/2027,02/08/2026,16:00,Wolfsberger AC,Austria Vienna,3,0,H,,,,2.38,3.5,2.9,2.29,3.34,2.86,2.42,3.65,3.15,2.3,3.4,2.85
AUT,Bundesliga,2026/2027,02/08/2026,18:00,SK Rapid,Altach,1,0,H,,,,1.68,4,5.75,1.61,3.76,5.04,1.68,4.2,5.7,1.56,3.9,5.5
AUT,Bundesliga,2026/2027,07/08/2026,18:30,Altach,Tirol,3,1,H,,,,1.8,3.9,4.8,1.71,3.63,4.38,1.77,4,5.3,1.68,3.9,4.5
AUT,Bundesliga,2026/2027,08/08/2026,16:00,Grazer AK,A. Lustenau,2,1,H,,,,1.9,3.6,4.2,1.86,3.39,3.89,1.96,3.7,4.4,1.86,3.5,4
AUT,Bundesliga,2026/2027,08/08/2026,18:30,Hartberg,Sturm Graz,0,2,A,,,,4.6,3.9,1.73,4.41,3.74,1.68,5.2,3.85,1.79,4.5,3.75,1.68
AUT,Bundesliga,2026/2027,09/08/2026,16:00,Ried,SK Rapid,1,2,A,,,,3.3,3.6,2.18,3.11,3.37,2.11,3.5,3.6,2.24,3.3,3.5,2.05
AUT,Bundesliga,2026/2027,09/08/2026,16:00,Wolfsberger AC,Salzburg,1,1,D,,,,3.4,3.9,2.05,3.15,3.62,2.01,3.5,3.9,2.14,3.4,3.75,1.96
AUT,Bundesliga,2026/2027,09/08/2026,18:00,Austria Vienna,LASK,0,2,A,,,,4.2,3.9,1.9,3.9,3.71,1.78,4.4,3.9,1.91,4.1,3.9,1.71
AUT,Bundesliga,2026/2027,14/08/2026,18:30,LASK,Ried,4,1,H,,,,1.44,5,7,1.4,4.66,6.34,1.46,5.2,8,1.39,4.75,6.5
AUT,Bundesliga,2026/2027,15/08/2026,16:00,A. Lustenau,Wolfsberger AC,2,1,H,,,,3.5,3.6,2.05,3.39,3.48,1.98,3.95,3.65,2.06,3.4,3.6,2.01
AUT,Bundesliga,2026/2027,15/08/2026,18:30,Sturm Graz,Altach,1,0,H,,,,1.67,4.1,5.25,1.62,3.85,4.77,1.72,4.2,5.4,1.57,3.9,5.25
AUT,Bundesliga,2026/2027,16/08/2026,16:00,Hartberg,Austria Vienna,0,2,A,,,,2.9,3.4,2.5,2.8,3.24,2.37,3.05,3.4,2.54,2.75,3.4,2.4
AUT,Bundesliga,2026/2027,16/08/2026,16:00,Tirol,Salzburg,0,3,A,,,,7.5,5.25,1.41,6.6,4.9,1.37,8.2,5.5,1.42,7,4.33,1.37
AUT,Bundesliga,2026/2027,16/08/2026,18:00,SK Rapid,Grazer AK,8,0,H,,,,1.5,4.33,6.5,1.48,4.06,6.01,1.56,4.3,7.4,1.45,4.1,6.25
AUT,Bundesliga,2026/2027,21/08/2026,18:30,Ried,Grazer AK,1,0,H,,,,2.05,3.5,4,1.95,3.36,3.62,2.1,3.6,3.9,1.96,3.4,3.5
AUT,Bundesliga,2026/2027,22/08/2026,16:00,Altach,Hartberg,1,2,A,,,,1.8,3.8,4.6,1.75,3.59,4.26,1.86,3.85,4.6,1.76,3.5,4.5
AUT,Bundesliga,2026/2027,22/08/2026,18:30,Sturm Graz,A. Lustenau,1,1,D,,,,1.38,5.25,8.5,1.34,4.88,7.38,1.41,5.3,9,1.33,5,7.5
AUT,Bundesliga,2026/2027,28/08/2026,18:30,A. Lustenau,Tirol,0,4,A,,,,2.15,3.7,3.14,2.11,3.54,3.04,2.24,3.8,3.25,2.1,3.6,3
AUT,Bundesliga,2026/2027,29/08/2026,16:00,Grazer AK,Wolfsberger AC,0,0,D,,,,2.65,3.45,2.65,2.53,3.37,2.55,2.68,3.6,2.78,2.5,3.4,2.65
AUT,Bundesliga,2026/2027,29/08/2026,18:30,LASK,Altach,3,0,H,,,,1.4,5.25,9,1.34,4.91,7.67,1.4,5.3,9,1.3,5,9
AUT,Bundesliga,2026/2027,30/08/2026,16:00,Hartberg,Ried,3,2,H,,,,3.1,3.55,2.3,2.93,3.33,2.22,3.15,3.55,2.42,2.85,3.5,2.25
AUT,Bundesliga,2026/2027,30/08/2026,16:00,SK Rapid,Sturm Graz,3,1,H,,,,2.1,3.9,3.2,2.03,3.72,3.09,2.18,4,3.3,2.01,3.75,3.2
AUT,Bundesliga,2026/2027,30/08/2026,18:00,Salzburg,Austria Vienna,4,1,H,,,,1.39,5.25,8,1.35,5.01,7.15,1.4,5.7,8.6,1.37,5,6.25
AUT,Bundesliga,2026/2027,01/09/2026,18:30,Wolfsberger AC,LASK,1,3,A,,,,7.5,5.25,1.39,6.6,5.07,1.36,7.2,5.7,1.44,7,5,1.35
AUT,Bundesliga,2026/2027,02/09/2026,17:30,Austria Vienna,Tirol,0,1,A,,,,1.87,3.75,4,1.83,3.65,3.8,1.93,4,4.2,1.81,3.7,3.8
AUT,Bundesliga,2026/2027,02/09/2026,19:30,Salzburg,SK Rapid,5,1,H,,,,1.83,4.2,4,1.77,4.01,3.67,1.89,4.3,4.1,1.79,4,3.75
AUT,Bundesliga,2026/2027,11/09/2026,18:30,Ried,Salzburg,1,1,D,,,,6,4.8,1.55,5.65,4.45,1.47,6.8,4.8,1.53,5.75,4.75,1.46
AUT,Bundesliga,2026/2027,12/09/2026,16:00,Altach,Grazer AK,1,2,A,,,,2.2,3.4,3.4,2.12,3.29,3.23,2.2,3.55,3.65,2.1,3.3,3.4
AUT,Bundesliga,2026/2027,12/09/2026,18:30,Wolfsberger AC,SK Rapid,0,3,A,,,,5.5,4.6,1.54,5.07,4.36,1.52,5.5,4.8,1.61,5.5,4.33,1.51
AUT,Bundesliga,2026/2027,13/09/2026,13:30,Austria Vienna,A. Lustenau,2,1,H,,,,1.8,3.8,4.6,1.71,3.7,4.36,1.8,4,4.9,1.68,3.8,4.5
AUT,Bundesliga,2026/2027,13/09/2026,13:30,Tirol,Hartberg,2,2,D,,,,2,3.6,3.75,1.94,3.46,3.6,2.04,3.7,3.95,1.91,3.5,3.75
AUT,Bundesliga,2026/2027,13/09/2026,16:00,Sturm Graz,LASK,2,1,H,,,,3.6,4,2,3.33,3.8,1.92,3.7,4.1,2.02,3.6,3.8,1.86
AUT,Bundesliga,2026/2027,18/09/2026,18:30,SK Rapid,Tirol,3,0,H,,,,1.42,5.33,7,1.36,4.95,6.52,1.43,5.3,8.4,1.37,5,7
AUT,Bundesliga,2026/2027,19/09/2026,16:00,A. Lustenau,Altach,2,0,H,,,,3.4,3.6,2.1,3.28,3.41,2.04,3.65,3.6,2.18,3.4,3.5,2.01
AUT,Bundesliga,2026/2027,19/09/2026,18:30,Grazer AK,Austria Vienna,2,2,D,,,,2.8,3.2,2.63,2.7,3.12,2.51,3.05,3.3,2.68,2.65,3.2,2.55
AUT,Bundesliga,2026/2027,20/09/2026,13:30,Hartberg,LASK,3,3,D,,,,8,5.25,1.37,7.17,4.96,1.34,9.2,5.5,1.39,7.5,4.75,1.35
AUT,Bundesliga,2026/2027,20/09/2026,13:30,Ried,Wolfsberger AC,4,1,H,,,,1.93,3.9,3.8,1.9,3.62,3.52,2.02,3.8,3.9,1.86,3.9,3.5
AUT,Bundesliga,2026/2027,20/09/2026,16:00,Salzburg,Sturm Graz,3,0,H,,,,1.53,5,5.75,1.48,4.66,5.18,1.58,4.9,5.8,1.45,5,5.5
