Country,League,Season,Date,Time,Home,Away,HG,AG,Res,PSCH,PSCD,PSCA,MaxCH,MaxCD,MaxCA,AvgCH,AvgCD,AvgCA,BFECH,BFECD,BFECA,B365CH,B365CD,B365CA,HS,AS,HST,AST,HF,AF,HC,AC
CHN,Super League,2020,25/07/2020,11:15,Guangzhou Evergrande,Shanghai Shenhua,2,0,H,1.61,4,5.24,1.66,4.45,6.22,1.59,4.1,4.97,,,,,,,,,,,,,,
CHN,Super League,2020,25/07/2020,13:30,Wuhan FC,Qingdao FC,2,0,H,1.93,3.58,3.9,2.07,3.65,4.28,1.89,3.48,3.87,,,,,,,,,,,,,,
CHN,Super League,2020,26/07/2020,08:30,Dalian Pro,Shandong Luneng,2,3,A,2.43,3.57,2.73,2.66,3.84,2.82,2.45,3.5,2.62,,,,,,,,,,,,,,
CHN,Super League,2020,26/07/2020,11:00,Hebei,Shijiazhuang,2,2,D,3.22,3.43,2.19,3.35,3.62,2.61,3.02,3.34,2.24,,,,,,,,,,,,,,
CHN,Super League,2020,26/07/2020,11:00,Shenzhen,Guangzhou R&F,3,0,H,3.26,4.03,1.99,3.52,4.2,2.21,3.19,3.85,1.99,,,,,,,,,,,,,,
CHN,Super League,2020,26/07/2020,13:00,Chongqing Liangjiang Athletic,Beijing Guoan,1,2,A,8.46,5.28,1.32,12.25,6.1,1.35,9.32,5.28,1.29,,,,,,,,,,,,,,
CHN,Super League,2020,26/07/2020,13:00,Henan Songshan Longmen,Jiangsu Suning,3,4,A,3.95,3.32,1.99,4.38,3.68,2.05,3.9,3.3,1.94,,,,,,,,,,,,,,
CHN,Super League,2020,27/07/2020,12:35,Tianjin Jinmen Tiger,Shanghai SIPG,1,3,A,10.49,5.52,1.27,11.5,6.7,1.31,9.91,5.9,1.25,,,,,,,,,,,,,,
CHN,Super League,2020,30/07/2020,11:00,Shanghai Shenhua,Shenzhen,3,2,H,2.31,3.49,2.95,2.47,3.75,3.42,2.28,3.36,2.97,,,,,,,,,,,,,,
CHN,Super League,2020,30/07/2020,13:00,Guangzhou R&F,Guangzhou Evergrande,0,5,A,7.26,5.04,1.37,9,6.15,1.39,7.21,5.33,1.34,,,,,,,,,,,,,,
CHN,Super League,2020,31/07/2020,11:00,Jiangsu Suning,Shandong Luneng,0,0,D,2.64,3.42,2.59,2.79,3.58,2.74,2.57,3.41,2.55,,,,,,,,,,,,,,
CHN,Super League,2020,31/07/2020,13:00,Dalian Pro,Henan Songshan Longmen,1,1,D,1.63,3.99,5.13,1.65,4.3,7.2,1.6,4.01,5.02,,,,,,,,,,,,,,
CHN,Super League,2020,01/08/2020,11:00,Beijing Guoan,Wuhan FC,1,0,H,1.45,4.49,6.61,1.52,4.85,7.2,1.45,4.47,6.24,,,,,,,,,,,,,,
CHN,Super League,2020,01/08/2020,14:00,Shijiazhuang,Qingdao FC,2,2,D,,,,,,,,,,,,,,,,,,,,,,,
CHN,Super League,2020,02/08/2020,11:00,Shanghai SIPG,Hebei,4,0,H,1.36,5.14,7.81,1.42,5.9,8.3,1.36,5.12,7.12,,,,,,,,,,,,,,
CHN,Super League,2020,02/08/2020,13:00,Chongqing Liangjiang Athletic,Tianjin Jinmen Tiger,2,2,D,4,3.19,2.07,4.1,3.4,2.16,3.75,3.17,2.04,,,,,,,,,,,,,,
CHN,Super League,2020,04/08/2020,11:00,Shenzhen,Guangzhou Evergrande,1,3,A,8.19,5.71,1.3,10.5,6.59,1.35,8.28,5.71,1.29,,,,,,,,,,,,,,
CHN,Super League,2020,04/08/2020,13:00,Jiangsu Suning,Dalian Pro,2,1,H,1.68,3.73,5.06,1.73,4.15,6.1,1.66,3.82,4.85,,,,,,,,,,,,,,
CHN,Super League,2020,05/08/2020,11:00,Shandong Luneng,Shanghai Shenhua,0,1,A,2.25,3.65,3.05,2.35,3.65,3.38,2.18,3.49,3.04,,,,,,,,,,,,,,
CHN,Super League,2020,05/08/2020,13:00,Henan Songshan Longmen,Guangzhou R&F,1,1,D,2.23,3.47,3.24,2.38,3.68,3.33,2.2,3.47,3.01,,,,,,,,,,,,,,
CHN,Super League,2020,06/08/2020,11:00,Tianjin Jinmen Tiger,Beijing Guoan,1,3,A,13.41,6.06,1.23,16.25,7.5,1.24,12.66,6.15,1.21,,,,,,,,,,,,,,
CHN,Super League,2020,06/08/2020,13:00,Qingdao FC,Shanghai SIPG,1,1,D,,,,,,,,,,,,,,,,,,,,,,,
CHN,Super League,2020,07/08/2020,11:00,Wuhan FC,Shijiazhuang,2,1,H,2.21,3.2,3.56,2.28,3.52,3.6,2.18,3.13,3.39,,,,,,,,,,,,,,
CHN,Super League,2020,07/08/2020,13:00,Hebei,Chongqing Liangjiang Athletic,2,2,D,3.05,3.51,2.31,3.14,3.76,2.39,2.9,3.4,2.29,,,,,,,,,,,,,,
CHN,Super League,2020,09/08/2020,11:00,Guangzhou Evergrande,Shandong Luneng,0,1,A,1.8,3.74,4.46,1.84,4.33,6.1,1.74,3.8,4.3,,,,,,,,,,,,,,
CHN,Super League,2020,09/08/2020,13:00,Guangzhou R&F,Jiangsu Suning,0,2,A,6.41,4.51,1.49,6.95,4.9,1.53,6.04,4.58,1.45,,,,,,,,,,,,,,
CHN,Super League,2020,10/08/2020,11:00,Shanghai Shenhua,Dalian Pro,2,2,D,2.15,3.45,3.44,2.22,4,4.75,2.01,3.52,3.47,,,,,,,,,,,,,,
CHN,Super League,2020,10/08/2020,13:00,Shenzhen,Henan Songshan Longmen,1,2,A,2.09,3.59,3.44,2.3,3.75,3.5,2.1,3.47,3.23,,,,,,,,,,,,,,
CHN,Super League,2020,11/08/2020,11:00,Shijiazhuang,Tianjin Jinmen Tiger,3,0,H,2,3.79,3.57,2.1,3.8,3.86,1.96,3.63,3.47,,,,,,,,,,,,,,
CHN,Super League,2020,11/08/2020,13:00,Chongqing Liangjiang Athletic,Qingdao FC,0,0,D,1.63,3.97,5.52,1.7,4.08,6.1,1.62,3.83,5.17,,,,,,,,,,,,,,
CHN,Super League,2020,12/08/2020,11:00,Shanghai SIPG,Wuhan FC,2,1,H,1.5,4.27,6.84,1.55,4.65,7.5,1.48,4.13,6.46,,,,,,,,,,,,,,
CHN,Super League,2020,12/08/2020,13:00,Beijing Guoan,Hebei,3,1,H,1.55,4.18,6.07,1.59,4.55,6.55,1.54,4.15,5.56,,,,,,,,,,,,,,
CHN,Super League,2020,14/08/2020,11:00,Henan Songshan Longmen,Guangzhou Evergrande,1,3,A,7.18,4.56,1.45,7.6,5.25,1.47,6.67,4.6,1.42,,,,,,,,,,,,,,
CHN,Super League,2020,14/08/2020,13:00,Jiangsu Suning,Shanghai Shenhua,0,1,A,2.06,3.35,3.83,2.09,3.76,4.1,1.96,3.41,3.71,,,,,,,,,,,,,,
CHN,Super League,2020,15/08/2020,11:00,Shandong Luneng,Shenzhen,2,0,H,1.63,3.96,5.54,1.67,4.45,6,1.58,3.96,5.34,,,,,,,,,,,,,,
CHN,Super League,2020,16/08/2020,08:00,Dalian Pro,Guangzhou R&F,0,1,A,2.34,3.67,2.89,2.34,3.7,3.1,2.25,3.56,2.82,,,,,,,,,,,,,,
CHN,Super League,2020,16/08/2020,11:00,Qingdao FC,Beijing Guoan,3,3,D,9.14,4.67,1.38,10,5.4,1.4,8.35,4.81,1.34,,,,,,,,,,,,,,
CHN,Super League,2020,16/08/2020,13:00,Shanghai SIPG,Shijiazhuang,1,1,D,1.41,4.8,7.54,1.42,5.55,9.3,1.38,4.79,7.13,,,,,,,,,,,,,,
CHN,Super League,2020,17/08/2020,11:00,Wuhan FC,Chongqing Liangjiang Athletic,2,0,H,2.57,3.04,3.06,2.65,3.28,3.13,2.49,3,2.94,,,,,,,,,,,,,,
CHN,Super League,2020,17/08/2020,13:00,Hebei,Tianjin Jinmen Tiger,2,0,H,1.69,3.9,5.03,1.76,4.2,5.1,1.67,3.86,4.67,,,,,,,,,,,,,,
CHN,Super League,2020,19/08/2020,11:00,Shandong Luneng,Henan Songshan Longmen,2,1,H,1.93,3.46,4.22,2.01,3.88,4.58,1.86,3.51,4.01,,,,,,,,,,,,,,
CHN,Super League,2020,19/08/2020,13:00,Shanghai Shenhua,Guangzhou R&F,2,3,A,1.82,3.93,4.12,1.95,4.07,4.28,1.8,3.78,3.95,,,,,,,,,,,,,,
CHN,Super League,2020,20/08/2020,11:00,Guangzhou Evergrande,Jiangsu Suning,2,1,H,2.1,3.39,3.63,2.18,3.72,4.2,2.01,3.38,3.62,,,,,,,,,,,,,,
CHN,Super League,2020,20/08/2020,13:00,Shenzhen,Dalian Pro,3,2,H,3.08,3.64,2.24,3.52,3.66,2.27,3.13,3.49,2.13,,,,,,,,,,,,,,
CHN,Super League,2020,21/08/2020,11:00,Hebei,Wuhan FC,3,1,H,2.31,3.45,3.09,2.44,3.55,3.28,2.28,3.31,3.01,,,,,,,,,,,,,,
CHN,Super League,2020,21/08/2020,13:00,Chongqing Liangjiang Athletic,Shijiazhuang,1,0,H,2.9,3.43,2.45,3.04,3.62,2.55,2.77,3.36,2.42,,,,,,,,,,,,,,
CHN,Super League,2020,22/08/2020,11:00,Tianjin Jinmen Tiger,Qingdao FC,0,2,A,2.97,3.32,2.45,3.32,3.78,2.45,2.94,3.31,2.33,,,,,,,,,,,,,,
CHN,Super League,2020,22/08/2020,13:00,Beijing Guoan,Shanghai SIPG,1,2,A,3.13,3.67,2.2,3.3,3.68,2.4,2.98,3.54,2.21,,,,,,,,,,,,,,
CHN,Super League,2020,24/08/2020,13:00,Jiangsu Suning,Shenzhen,1,1,D,1.67,3.88,5.27,1.75,4.05,6.25,1.65,3.72,5.04,,,,,,,,,,,,,,
CHN,Super League,2020,25/08/2020,11:00,Guangzhou R&F,Shandong Luneng,1,5,A,3.67,3.75,1.98,4,3.9,2.03,3.51,3.65,1.94,,,,,,,,,,,,,,
CHN,Super League,2020,25/08/2020,13:00,Dalian Pro,Guangzhou Evergrande,2,2,D,5.46,4.18,1.6,6.2,4.4,1.63,5.2,4.11,1.57,,,,,,,,,,,,,,
CHN,Super League,2020,26/08/2020,08:30,Henan Songshan Longmen,Shanghai Shenhua,0,0,D,3.28,3.38,2.21,3.76,3.96,2.21,3.37,3.48,2.05,,,,,,,,,,,,,,
CHN,Super League,2020,26/08/2020,11:00,Shanghai SIPG,Chongqing Liangjiang Athletic,3,0,H,1.49,4.33,6.72,1.5,4.9,8.9,1.45,4.41,6.35,,,,,,,,,,,,,,
CHN,Super League,2020,26/08/2020,13:00,Wuhan FC,Tianjin Jinmen Tiger,2,1,H,2.28,3.18,3.33,2.4,3.6,3.44,2.27,3.21,3.12,,,,,,,,,,,,,,
CHN,Super League,2020,27/08/2020,11:00,Shijiazhuang,Beijing Guoan,2,2,D,5.33,4.52,1.56,6.15,4.75,1.59,5.26,4.34,1.53,,,,,,,,,,,,,,
CHN,Super League,2020,27/08/2020,13:00,Qingdao FC,Hebei,1,2,A,4.69,3.97,1.7,5.3,4.05,1.83,4.72,3.87,1.66,,,,,,,,,,,,,,
CHN,Super League,2020,29/08/2020,11:00,Guangzhou R&F,Shenzhen,0,2,A,3.27,3.79,2.07,3.55,4.2,2.13,3.21,3.77,2.02,,,,,,,,,,,,,,
CHN,Super League,2020,29/08/2020,13:00,Shandong Luneng,Dalian Pro,0,1,A,1.93,3.71,3.84,1.96,4.2,4.9,1.76,3.83,4.15,,,,,,,,,,,,,,
CHN,Super League,2020,30/08/2020,11:00,Jiangsu Suning,Henan Songshan Longmen,5,2,H,1.35,4.9,9.5,1.51,5.4,10.75,1.35,4.78,8.56,,,,,,,,,,,,,,
CHN,Super League,2020,30/08/2020,13:00,Shanghai Shenhua,Guangzhou Evergrande,1,4,A,6.25,4.69,1.47,7,5.15,1.53,6.26,4.69,1.43,,,,,,,,,,,,,,
CHN,Super League,2020,31/08/2020,11:00,Shijiazhuang,Hebei,3,1,H,3.06,3.72,2.26,3.2,3.87,2.39,2.95,3.56,2.21,,,,,,,,,,,,,,
CHN,Super League,2020,31/08/2020,13:00,Shanghai SIPG,Tianjin Jinmen Tiger,4,1,H,1.22,6.8,12.73,1.23,8.12,17.25,1.2,6.72,11.74,,,,,,,,,,,,,,
CHN,Super League,2020,01/09/2020,11:00,Qingdao FC,Wuhan FC,0,3,A,4.14,3.44,1.96,4.45,3.62,2,3.97,3.36,1.91,,,,,,,,,,,,,,
CHN,Super League,2020,01/09/2020,13:00,Beijing Guoan,Chongqing Liangjiang Athletic,5,2,H,1.56,4.61,5.27,1.6,4.81,6.3,1.52,4.46,5.3,,,,,,,,,,,,,,
CHN,Super League,2020,03/09/2020,11:00,Henan Songshan Longmen,Dalian Pro,0,4,A,4.62,4.09,1.7,5.55,4.1,1.75,4.48,3.86,1.7,,,,,,,,,,,,,,
CHN,Super League,2020,03/09/2020,13:00,Shandong Luneng,Jiangsu Suning,0,1,A,2.21,3.42,3.31,2.49,3.55,3.34,2.28,3.3,3.01,,,,,,,,,,,,,,
CHN,Super League,2020,04/09/2020,11:00,Shenzhen,Shanghai Shenhua,0,0,D,2.17,3.67,3.2,2.25,3.96,3.34,2.12,3.59,3.09,,,,,,,,,,,,,,
CHN,Super League,2020,04/09/2020,13:00,Guangzhou Evergrande,Guangzhou R&F,2,1,H,1.18,7.17,13.01,1.24,8.9,17,1.17,7.37,11.88,,,,,,,,,,,,,,
CHN,Super League,2020,05/09/2020,11:00,Hebei,Shanghai SIPG,2,0,H,4.97,4.48,1.6,5.5,4.9,1.64,4.88,4.42,1.56,,,,,,,,,,,,,,
CHN,Super League,2020,05/09/2020,13:00,Qingdao FC,Shijiazhuang,0,1,A,4.93,4.09,1.67,5.25,4.2,1.74,4.84,3.92,1.64,,,,,,,,,,,,,,
CHN,Super League,2020,06/09/2020,11:00,Tianjin Jinmen Tiger,Chongqing Liangjiang Athletic,1,2,A,3.56,4.09,1.93,4.2,4.2,1.98,3.59,3.92,1.86,,,,,,,,,,,,,,
CHN,Super League,2020,06/09/2020,13:00,Wuhan FC,Beijing Guoan,2,2,D,5.35,4.51,1.56,5.95,4.65,1.62,5.19,4.37,1.54,,,,,,,,,,,,,,
CHN,Super League,2020,08/09/2020,11:00,Guangzhou R&F,Henan Songshan Longmen,3,1,H,2.31,3.71,2.98,2.38,3.96,3.04,2.27,3.62,2.8,,,,,,,,,,,,,,
CHN,Super League,2020,08/09/2020,13:00,Dalian Pro,Jiangsu Suning,1,1,D,3.2,3.6,2.23,3.5,3.75,2.29,3.09,3.49,2.16,,,,,,,,,,,,,,
CHN,Super League,2020,09/09/2020,11:00,Guangzhou Evergrande,Shenzhen,2,0,H,1.51,4.89,5.6,1.54,5.35,6.05,1.48,4.76,5.41,,,,,,,,,,,,,,
CHN,Super League,2020,09/09/2020,13:00,Shanghai Shenhua,Shandong Luneng,1,1,D,4.83,3.88,1.73,5.15,4.15,1.79,4.73,3.79,1.67,,,,,,,,,,,,,,
CHN,Super League,2020,10/09/2020,11:00,Beijing Guoan,Tianjin Jinmen Tiger,2,0,H,1.24,6.63,11.44,1.25,7.8,16,1.21,6.63,10.51,,,,,,,,,,,,,,
CHN,Super League,2020,10/09/2020,13:00,Shanghai SIPG,Qingdao FC,2,1,H,1.35,5.09,9.39,1.37,5.7,10.25,1.33,4.98,8.25,,,,,,,,,,,,,,
CHN,Super League,2020,11/09/2020,11:00,Chongqing Liangjiang Athletic,Hebei,3,1,H,3.46,3.86,2.03,3.65,4.25,2.08,3.3,3.77,1.98,,,,,,,,,,,,,,
CHN,Super League,2020,11/09/2020,13:00,Shijiazhuang,Wuhan FC,1,0,H,3.06,3.57,2.31,3.25,3.75,2.54,2.94,3.4,2.28,,,,,,,,,,,,,,
CHN,Super League,2020,13/09/2020,11:00,Jiangsu Suning,Guangzhou R&F,3,3,D,1.63,4.1,5.51,1.64,4.6,6,1.58,4.12,5.12,,,,,,,,,,,,,,
CHN,Super League,2020,13/09/2020,13:00,Shandong Luneng,Guangzhou Evergrande,1,2,A,3.17,3.8,2.2,3.44,3.8,2.3,3.02,3.53,2.18,,,,,,,,,,,,,,
CHN,Super League,2020,14/09/2020,11:00,Henan Songshan Longmen,Shenzhen,1,3,A,5.37,4.39,1.6,6.25,4.39,1.65,5.17,4.05,1.59,,,,,,,,,,,,,,
CHN,Super League,2020,14/09/2020,13:00,Dalian Pro,Shanghai Shenhua,1,1,D,1.97,3.66,3.93,2.02,3.88,4.2,1.9,3.58,3.75,,,,,,,,,,,,,,
CHN,Super League,2020,15/09/2020,11:00,Wuhan FC,Shanghai SIPG,1,2,A,5.59,4.31,1.6,6.1,4.45,1.68,5.4,4.1,1.56,,,,,,,,,,,,,,
CHN,Super League,2020,15/09/2020,13:00,Hebei,Beijing Guoan,3,3,D,5.11,4.65,1.6,5.25,4.75,1.68,4.73,4.44,1.58,,,,,,,,,,,,,,
CHN,Super League,2020,16/09/2020,11:00,Qingdao FC,Chongqing Liangjiang Athletic,0,3,A,4.33,3.91,1.82,4.42,4.15,1.92,4.06,3.68,1.8,,,,,,,,,,,,,,
CHN,Super League,2020,16/09/2020,13:00,Tianjin Jinmen Tiger,Shijiazhuang,1,1,D,3.75,3.88,1.96,4.45,3.88,2.01,3.72,3.67,1.89,,,,,,,,,,,,,,
CHN,Super League,2020,21/09/2020,08:30,Guangzhou Evergrande,Henan Songshan Longmen,2,1,H,1.28,6.26,10.27,1.29,7.4,17,1.23,6.18,10.55,,,,,,,,,,,,,,
CHN,Super League,2020,21/09/2020,11:00,Shenzhen,Shandong Luneng,1,2,A,3.59,3.57,2.1,3.86,3.75,2.1,3.53,3.49,2,,,,,,,,,,,,,,
CHN,Super League,2020,21/09/2020,12:35,Shanghai Shenhua,Jiangsu Suning,0,0,D,5.12,4.28,1.65,5.5,4.3,1.75,4.69,3.95,1.66,,,,,,,,,,,,,,
CHN,Super League,2020,21/09/2020,13:00,Guangzhou R&F,Dalian Pro,1,0,H,3.82,4.35,1.84,3.86,4.55,1.91,3.61,4.18,1.81,,,,,,,,,,,,,,
CHN,Super League,2020,22/09/2020,08:30,Beijing Guoan,Qingdao FC,5,1,H,1.21,7.17,14.34,1.22,7.9,18.25,1.2,6.67,12.13,,,,,,,,,,,,,,
CHN,Super League,2020,22/09/2020,11:00,Tianjin Jinmen Tiger,Hebei,0,1,A,4.06,3.85,1.88,4.14,4.1,1.94,3.75,3.77,1.85,,,,,,,,,,,,,,
CHN,Super League,2020,22/09/2020,12:35,Chongqing Liangjiang Athletic,Wuhan FC,1,0,H,2.21,3.55,3.35,2.46,3.72,3.42,2.18,3.4,3.14,,,,,,,,,,,,,,
CHN,Super League,2020,22/09/2020,13:00,Shijiazhuang,Shanghai SIPG,0,1,A,7.77,4.76,1.43,9.3,5,1.45,7.29,4.7,1.39,,,,,,,,,,,,,,
CHN,Super League,2020,24/09/2020,08:30,Henan Songshan Longmen,Shandong Luneng,0,2,A,10.01,5.01,1.35,10.25,5.7,1.38,8.9,4.92,1.33,,,,,,,,,,,,,,
CHN,Super League,2020,24/09/2020,11:00,Jiangsu Suning,Guangzhou Evergrande,2,1,H,2.65,3.37,2.79,2.88,3.48,2.79,2.67,3.25,2.57,,,,,,,,,,,,,,
CHN,Super League,2020,24/09/2020,13:00,Dalian Pro,Shenzhen,1,3,A,2.52,3.65,2.76,2.96,3.75,2.76,2.69,3.54,2.41,,,,,,,,,,,,,,
CHN,Super League,2020,24/09/2020,13:00,Guangzhou R&F,Shanghai Shenhua,0,2,A,3.12,3.68,2.27,3.16,3.68,2.44,2.92,3.43,2.28,,,,,,,,,,,,,,
CHN,Super League,2020,25/09/2020,08:30,Qingdao FC,Tianjin Jinmen Tiger,3,0,H,3.61,3.66,2.07,4,3.76,2.07,3.55,3.49,1.98,,,,,,,,,,,,,,
CHN,Super League,2020,25/09/2020,13:00,Shanghai SIPG,Beijing Guoan,1,0,H,2.22,3.89,3.07,2.25,4,3.24,2.14,3.66,3.01,,,,,,,,,,,,,,
CHN,Super League,2020,25/09/2020,13:00,Shijiazhuang,Chongqing Liangjiang Athletic,1,4,A,4.89,4.05,1.71,5,4.2,1.8,4.64,3.81,1.68,,,,,,,,,,,,,,
CHN,Super League,2020,25/09/2020,13:00,Wuhan FC,Hebei,0,2,A,3.39,3.77,2.11,3.55,3.88,2.16,3.28,3.57,2.05,,,,,,,,,,,,,,
CHN,Super League,2020,27/09/2020,08:30,Shandong Luneng,Guangzhou R&F,0,0,D,1.13,9.28,22.77,1.29,10.25,26,1.12,8.44,19.17,,,,,,,,,,,,,,
CHN,Super League,2020,27/09/2020,08:30,Shanghai Shenhua,Henan Songshan Longmen,2,0,H,1.36,5.37,8.47,1.38,5.37,9.5,1.34,4.99,7.98,,,,,,,,,,,,,,
CHN,Super League,2020,27/09/2020,08:30,Shenzhen,Jiangsu Suning,0,1,A,3.47,3.87,2.05,4.2,4,2.05,3.48,3.7,1.94,,,,,,,,,,,,,,
CHN,Super League,2020,27/09/2020,13:00,Guangzhou Evergrande,Dalian Pro,1,0,H,1.37,5.69,7.56,1.55,5.69,8.5,1.35,5.18,7.16,,,,,,,,,,,,,,
CHN,Super League,2020,28/09/2020,08:30,Beijing Guoan,Shijiazhuang,4,0,H,1.24,6.3,13.93,1.44,7.1,14.5,1.21,6.19,11.94,,,,,,,,,,,,,,
CHN,Super League,2020,28/09/2020,08:30,Tianjin Jinmen Tiger,Wuhan FC,0,0,D,3.91,3.71,1.96,4.33,3.71,2.03,3.76,3.5,1.92,,,,,,,,,,,,,,
CHN,Super League,2020,28/09/2020,13:00,Chongqing Liangjiang Athletic,Shanghai SIPG,1,0,H,2.46,3.59,2.78,2.79,3.7,2.87,2.46,3.4,2.68,,,,,,,,,,,,,,
CHN,Super League,2020,28/09/2020,13:00,Hebei,Qingdao FC,3,1,H,1.23,6.21,13.64,1.24,6.94,15.5,1.21,6.18,12.22,,,,,,,,,,,,,,
CHN,Super League,2020,16/10/2020,08:30,Tianjin Jinmen Tiger,Shenzhen,2,0,H,3.36,3.57,2.19,3.54,3.75,2.19,3.33,3.46,2.06,,,,,,,,,,,,,,
CHN,Super League,2020,16/10/2020,12:35,Hebei,Guangzhou Evergrande,1,3,A,6.91,4.82,1.46,9,5.35,1.48,6.9,4.81,1.39,,,,,,,,,,,,,,
CHN,Super League,2020,17/10/2020,08:30,Dalian Pro,Shijiazhuang,1,2,A,1.85,3.75,4.4,1.95,3.75,4.5,1.86,3.5,4.01,,,,,,,,,,,,,,
CHN,Super League,2020,17/10/2020,08:30,Shandong Luneng,Beijing Guoan,2,2,D,3.02,3.53,2.39,3.1,3.75,2.43,2.87,3.45,2.31,,,,,,,,,,,,,,
CHN,Super League,2020,18/10/2020,08:30,Henan Songshan Longmen,Wuhan FC,1,0,H,3.33,3.09,2.44,3.55,3.17,2.47,3.31,2.98,2.3,,,,,,,,,,,,,,
CHN,Super League,2020,18/10/2020,12:35,Shanghai Shenhua,Shanghai SIPG,0,0,D,6.98,3.91,1.56,7.12,4.45,1.6,6.12,3.9,1.53,,,,,,,,,,,,,,
CHN,Super League,2020,19/10/2020,08:30,Qingdao FC,Guangzhou R&F,0,0,D,3.02,3.43,2.44,3.3,3.5,2.51,2.97,3.31,2.3,,,,,,,,,,,,,,
CHN,Super League,2020,19/10/2020,12:35,Chongqing Liangjiang Athletic,Jiangsu Suning,1,1,D,3.98,3.4,2.04,4.25,3.75,2.07,3.86,3.34,1.95,,,,,,,,,,,,,,
CHN,Super League,2020,21/10/2020,08:30,Shenzhen,Tianjin Jinmen Tiger,1,1,D,1.68,4.11,4.98,1.7,4.25,5.67,1.63,3.94,4.87,,,,,,,,,,,,,,
CHN,Super League,2020,21/10/2020,12:35,Guangzhou Evergrande,Hebei,5,0,H,1.4,5.71,6.79,1.44,5.71,7.8,1.38,5.1,6.69,,,,,,,,,,,,,,
CHN,Super League,2020,22/10/2020,08:30,Shijiazhuang,Dalian Pro,0,2,A,3.92,4.02,1.88,4.5,4.07,1.88,3.95,3.75,1.81,,,,,,,,,,,,,,
CHN,Super League,2020,22/10/2020,12:35,Beijing Guoan,Shandong Luneng,2,1,H,1.96,3.7,3.93,1.99,3.98,4.03,1.89,3.68,3.69,,,,,,,,,,,,,,
CHN,Super League,2020,23/10/2020,08:30,Wuhan FC,Henan Songshan Longmen,1,1,D,2.36,3.15,3.42,2.38,3.28,3.5,2.26,2.99,3.34,,,,,,,,,,,,,,
CHN,Super League,2020,23/10/2020,12:35,Shanghai SIPG,Shanghai Shenhua,1,1,D,1.43,4.6,8.08,1.44,5.3,9.3,1.38,4.56,7.71,,,,,,,,,,,,,,
CHN,Super League,2020,24/10/2020,08:30,Guangzhou R&F,Qingdao FC,2,1,H,2.29,3.27,3.43,2.35,3.27,3.54,2.23,3.13,3.29,,,,,,,,,,,,,,
CHN,Super League,2020,24/10/2020,12:35,Jiangsu Suning,Chongqing Liangjiang Athletic,1,0,H,1.95,3.42,4.33,1.99,3.5,4.65,1.9,3.33,4.08,,,,,,,,,,,,,,
CHN,Super League,2020,26/10/2020,07:30,Dalian Pro,Tianjin Jinmen Tiger,0,2,A,1.67,3.85,5.58,1.73,3.94,5.58,1.66,3.71,4.97,,,,,,,,,,,,,,
CHN,Super League,2020,26/10/2020,11:35,Hebei,Shandong Luneng,2,2,D,3.21,3.84,2.16,3.3,3.86,2.16,3.15,3.68,2.06,,,,,,,,,,,,,,
CHN,Super League,2020,27/10/2020,07:30,Guangzhou R&F,Henan Songshan Longmen,1,2,A,4.02,3.57,1.98,5.26,3.99,1.99,4.25,3.59,1.8,,,,,,,,,,,,,,
CHN,Super League,2020,27/10/2020,11:35,Shanghai Shenhua,Chongqing Liangjiang Athletic,3,1,H,1.58,4.27,5.78,1.6,4.36,5.91,1.56,4.02,5.42,,,,,,,,,,,,,,
CHN,Super League,2020,28/10/2020,07:30,Shenzhen,Shijiazhuang,1,0,H,1.7,3.79,5.37,1.73,4,5.5,1.66,3.68,5.11,,,,,,,,,,,,,,
CHN,Super League,2020,28/10/2020,11:35,Beijing Guoan,Guangzhou Evergrande,0,0,D,2.77,3.8,2.44,2.87,4.01,2.51,2.66,3.68,2.36,,,,,,,,,,,,,,
CHN,Super League,2020,29/10/2020,07:30,Wuhan FC,Qingdao FC,2,1,H,2.36,3.06,3.53,2.43,3.12,4.06,2.26,2.97,3.44,,,,,,,,,,,,,,
CHN,Super League,2020,29/10/2020,11:35,Jiangsu Suning,Shanghai SIPG,1,1,D,3.25,3.22,2.41,3.45,3.4,2.41,3.22,3.15,2.25,,,,,,,,,,,,,,
CHN,Super League,2020,31/10/2020,07:30,Tianjin Jinmen Tiger,Dalian Pro,1,2,A,5.01,3.84,1.74,5.35,4.1,1.79,4.63,3.8,1.69,,,,,,,,,,,,,,
CHN,Super League,2020,31/10/2020,11:35,Shandong Luneng,Hebei,2,2,D,1.88,3.95,3.96,1.93,4.23,4,1.83,3.89,3.74,,,,,,,,,,,,,,
CHN,Super League,2020,01/11/2020,07:30,Henan Songshan Longmen,Guangzhou R&F,3,2,H,2.94,3.97,2.27,3.4,3.97,2.3,3.11,3.5,2.15,,,,,,,,,,,,,,
CHN,Super League,2020,01/11/2020,11:35,Chongqing Liangjiang Athletic,Shanghai Shenhua,2,0,H,1.72,3.94,4.97,1.72,4.18,5.25,1.64,3.9,4.85,,,,,,,,,,,,,,
CHN,Super League,2020,02/11/2020,07:30,Qingdao FC,Wuhan FC,2,1,H,3.13,3.27,2.45,3.15,3.28,2.73,3.02,3.07,2.41,,,,,,,,,,,,,,
CHN,Super League,2020,02/11/2020,07:30,Shanghai SIPG,Jiangsu Suning,1,1,D,2.86,3.04,2.81,2.95,3.35,2.9,2.73,2.99,2.7,,,,,,,,,,,,,,
CHN,Super League,2020,02/11/2020,07:30,Shijiazhuang,Shenzhen,2,2,D,3.89,3.64,1.99,3.89,3.76,2.05,3.69,3.54,1.93,,,,,,,,,,,,,,
CHN,Super League,2020,02/11/2020,11:35,Guangzhou Evergrande,Beijing Guoan,3,1,H,2.16,3.71,3.31,2.26,3.82,3.38,2.13,3.54,3.14,,,,,,,,,,,,,,
CHN,Super League,2020,06/11/2020,07:30,Chongqing Liangjiang Athletic,Shandong Luneng,4,3,H,3.54,3.98,2,3.54,3.98,2.17,3.31,3.73,1.99,,,,,,,,,,,,,,
CHN,Super League,2020,06/11/2020,07:30,Guangzhou R&F,Dalian Pro,0,3,A,3.34,3.56,2.15,4.35,3.76,2.17,3.3,3.49,2.08,,,,,,,,,,,,,,
CHN,Super League,2020,06/11/2020,07:30,Henan Songshan Longmen,Tianjin Jinmen Tiger,0,0,D,2.01,3.7,3.76,2.2,3.75,3.77,2,3.52,3.48,,,,,,,,,,,,,,
CHN,Super League,2020,06/11/2020,07:30,Qingdao FC,Shenzhen,0,2,A,9.41,4.64,1.4,9.5,5.1,1.41,8.35,4.71,1.35,,,,,,,,,,,,,,
CHN,Super League,2020,06/11/2020,07:30,Shanghai Shenhua,Hebei,4,1,H,8.79,4.92,1.39,10.26,5.97,1.41,7.74,4.99,1.35,,,,,,,,,,,,,,
CHN,Super League,2020,07/11/2020,07:30,Wuhan FC,Shijiazhuang,0,0,D,2.31,3.18,3.51,2.4,3.23,3.59,2.27,3.01,3.33,,,,,,,,,,,,,,
CHN,Super League,2020,07/11/2020,11:35,Shanghai SIPG,Beijing Guoan,1,2,A,3.23,3.4,2.33,3.27,3.53,2.42,2.97,3.32,2.3,,,,,,,,,,,,,,
CHN,Super League,2020,08/11/2020,11:35,Jiangsu Suning,Guangzhou Evergrande,0,0,D,3.97,3.32,2.08,4.1,3.52,2.11,3.84,3.22,2,,,,,,,,,,,,,,
CHN,Super League,2020,10/11/2020,07:30,Dalian Pro,Guangzhou R&F,0,3,A,3.49,4.08,1.99,3.8,4.2,1.99,3.5,3.84,1.9,,,,,,,,,,,,,,
CHN,Super League,2020,10/11/2020,07:30,Hebei,Shanghai Shenhua,0,1,A,2.95,3.84,2.31,2.95,3.84,2.58,2.77,3.58,2.31,,,,,,,,,,,,,,
CHN,Super League,2020,10/11/2020,07:30,Shandong Luneng,Chongqing Liangjiang Athletic,2,1,H,1.68,5.2,4.04,1.71,5.2,4.75,1.63,4.56,4.19,,,,,,,,,,,,,,
CHN,Super League,2020,10/11/2020,07:30,Shenzhen,Qingdao FC,2,1,H,1.49,5.15,5.82,1.5,5.28,6.2,1.45,4.77,5.77,,,,,,,,,,,,,,
CHN,Super League,2020,10/11/2020,07:30,Tianjin Jinmen Tiger,Henan Songshan Longmen,0,0,D,3.46,3.39,2.22,3.49,3.44,2.38,3.24,3.24,2.2,,,,,,,,,,,,,,
CHN,Super League,2020,11/11/2020,07:30,Shijiazhuang,Wuhan FC,1,2,A,3.58,2.93,2.43,3.6,2.97,2.49,3.36,2.82,2.36,,,,,,,,,,,,,,
CHN,Super League,2020,11/11/2020,11:35,Beijing Guoan,Shanghai SIPG,1,1,D,2.44,3.84,2.75,2.6,3.9,2.8,2.36,3.62,2.67,,,,,,,,,,,,,,
CHN,Super League,2020,12/11/2020,11:35,Guangzhou Evergrande,Jiangsu Suning,1,2,A,1.87,3.5,4.67,1.92,3.62,4.9,1.82,3.37,4.4,,,,,,,,,,,,,,
CHN,Super League,2020,18/11/2020,11:35,Zhejiang Greentown,Wuhan FC,2,2,D,5.26,3.05,1.93,5.26,3.4,2.03,4.63,3.01,1.89,,,,,,,,,,,,,,
CHN,Super League,2020,22/11/2020,11:35,Wuhan FC,Zhejiang Greentown,1,0,H,1.76,3.55,5.39,1.83,3.58,5.47,1.73,3.39,4.94,,,,,,,,,,,,,,
CHN,Super League,2021,20/04/2021,13:00,Chongqing Liangjiang Athletic,Shandong Taishan,0,2,A,5.73,3.67,1.69,6,4.08,1.72,5.28,3.68,1.64,,,,,,,1,10,0,5,9,15,4,7
CHN,Super League,2021,20/04/2021,13:00,Guangzhou FC,Guangzhou City,2,2,D,1.33,5.53,9.69,1.34,5.75,10,1.3,5.35,8.61,,,,,,,26,4,9,2,11,16,12,1
CHN,Super League,2021,21/04/2021,11:00,Qingdao FC,Cangzhou,2,1,H,4.93,3.64,1.79,5,3.73,1.85,4.63,3.49,1.75,,,,,,,10,18,3,6,12,20,1,3
CHN,Super League,2021,21/04/2021,13:00,Henan Songshan Longmen,Shenzhen,1,2,A,4.84,3.97,1.73,5,4.34,1.8,4.54,3.76,1.71,,,,,,,13,7,5,2,16,13,4,5
CHN,Super League,2021,22/04/2021,11:00,Dalian Pro,Changchun Yatai,1,2,A,8.75,4.53,1.4,8.75,4.88,1.44,7.69,4.54,1.38,,,,,,,13,13,5,6,5,8,3,6
CHN,Super League,2021,22/04/2021,13:00,Tianjin Jinmen Tiger,Shanghai Port,1,6,A,16.46,6.48,1.21,19.16,7.8,1.23,13.99,6.51,1.18,,,,,,,3,21,2,9,9,15,1,7
CHN,Super League,2021,23/04/2021,11:00,Hebei,Wuhan FC,1,1,D,3.19,3.05,2.55,3.23,3.2,2.63,3,2.98,2.45,,,,,,,8,9,4,3,13,15,7,7
CHN,Super League,2021,23/04/2021,13:00,Shanghai Shenhua,Beijing Guoan,2,1,H,3.12,3.45,2.37,3.13,3.6,2.4,2.91,3.33,2.32,,,,,,,15,5,7,3,24,17,8,3
CHN,Super League,2021,26/04/2021,11:00,Shenzhen,Qingdao FC,0,0,D,1.34,5.03,10.91,1.34,6.3,12.2,1.29,5.17,9.96,,,,,,,25,8,5,5,19,15,18,2
CHN,Super League,2021,26/04/2021,13:00,Guangzhou City,Chongqing Liangjiang Athletic,3,1,H,1.94,3.54,4.31,1.94,4.11,4.78,1.8,3.57,4.24,,,,,,,8,17,5,7,14,15,2,9
CHN,Super League,2021,27/04/2021,08:35,Shandong Taishan,Guangzhou FC,1,0,H,3.15,3.47,2.34,3.15,3.76,2.4,2.95,3.35,2.3,,,,,,,16,5,6,2,22,14,7,5
CHN,Super League,2021,27/04/2021,13:00,Cangzhou,Henan Songshan Longmen,0,0,D,2.74,3.28,2.75,2.75,3.74,2.79,2.6,3.2,2.67,,,,,,,7,2,1,0,16,19,5,0
CHN,Super League,2021,28/04/2021,11:00,Shanghai Port,Beijing Guoan,3,1,H,1.79,3.92,4.54,1.79,3.95,5,1.73,3.77,4.38,,,,,,,9,19,4,7,18,13,3,6
CHN,Super League,2021,28/04/2021,13:00,Dalian Pro,Hebei,0,1,A,8.44,4.21,1.47,8.49,4.42,1.5,7.02,4.08,1.46,,,,,,,11,13,2,2,19,15,9,6
CHN,Super League,2021,29/04/2021,11:00,Wuhan FC,Shanghai Shenhua,1,3,A,5.51,3.5,1.76,6.02,3.72,1.78,5.05,3.49,1.7,,,,,,,5,11,2,6,21,14,4,9
CHN,Super League,2021,29/04/2021,13:00,Changchun Yatai,Tianjin Jinmen Tiger,0,0,D,1.34,5.06,10.31,1.36,5.84,11,1.31,4.99,9,,,,,,,16,5,4,2,10,12,6,5
CHN,Super League,2021,02/05/2021,11:00,Henan Songshan Longmen,Shandong Taishan,1,1,D,5.06,3.44,1.83,5.87,4,1.83,4.94,3.43,1.74,,,,,,,7,6,2,2,14,12,4,5
CHN,Super League,2021,02/05/2021,13:00,Guangzhou FC,Shenzhen,2,0,H,1.87,3.59,4.48,1.91,3.69,4.73,1.85,3.48,4.08,,,,,,,10,19,3,2,18,17,4,3
CHN,Super League,2021,03/05/2021,11:00,Qingdao FC,Guangzhou City,0,1,A,3.88,3.61,2,4.21,3.91,2.02,3.76,3.54,1.92,,,,,,,7,7,2,4,16,12,3,2
CHN,Super League,2021,03/05/2021,13:00,Chongqing Liangjiang Athletic,Cangzhou,2,2,D,8.61,4.24,1.46,10.1,4.37,1.5,7.76,4.1,1.43,,,,,,,13,6,5,2,14,12,4,4
CHN,Super League,2021,04/05/2021,11:00,Changchun Yatai,Wuhan FC,0,0,D,2.99,3.28,2.54,3,3.42,2.6,2.81,3.16,2.5,,,,,,,14,7,3,2,15,9,8,2
CHN,Super League,2021,04/05/2021,13:00,Beijing Guoan,Dalian Pro,2,0,H,1.29,5.37,12.94,1.32,6,13,1.26,5.46,11.05,,,,,,,15,5,5,1,12,15,1,3
CHN,Super League,2021,05/05/2021,11:00,Tianjin Jinmen Tiger,Hebei,0,1,A,6.22,3.75,1.64,7.13,3.92,1.65,5.91,3.65,1.59,,,,,,,6,13,2,3,14,15,3,7
CHN,Super League,2021,05/05/2021,13:00,Shanghai Shenhua,Shanghai Port,1,1,D,3,3.39,2.47,3.09,3.5,2.53,2.92,3.28,2.35,,,,,,,14,11,6,3,15,16,2,10
CHN,Super League,2021,08/05/2021,11:00,Shandong Taishan,Qingdao FC,2,0,H,1.41,4.59,8.96,1.42,5.71,11.56,1.38,4.44,8.13,,,,,,,11,11,5,1,14,11,8,5
CHN,Super League,2021,08/05/2021,13:00,Guangzhou City,Shenzhen,2,4,A,4.21,3.82,1.86,4.21,4.16,2,3.88,3.74,1.83,,,,,,,13,15,5,7,12,21,3,1
CHN,Super League,2021,09/05/2021,11:00,Chongqing Liangjiang Athletic,Henan Songshan Longmen,3,2,H,3.54,3.1,2.33,4,3.6,2.36,3.49,3.15,2.14,,,,,,,14,10,7,4,8,26,2,5
CHN,Super League,2021,09/05/2021,13:00,Cangzhou,Guangzhou FC,0,2,A,8.71,4.85,1.39,10,4.94,1.42,7.86,4.64,1.37,,,,,,,3,14,0,6,9,14,0,5
CHN,Super League,2021,10/05/2021,11:00,Hebei,Shanghai Shenhua,1,1,D,4.29,3.55,1.92,4.34,3.78,1.99,4,3.4,1.9,,,,,,,9,22,3,7,17,14,4,9
CHN,Super League,2021,10/05/2021,13:00,Wuhan FC,Beijing Guoan,0,2,A,3.85,3.49,2.05,4.21,3.62,2.1,3.71,3.33,2,,,,,,,12,10,4,4,15,24,8,0
CHN,Super League,2021,11/05/2021,11:00,Dalian Pro,Tianjin Jinmen Tiger,1,0,H,3.02,2.92,2.78,3.04,3.31,2.85,2.9,2.87,2.64,,,,,,,12,6,3,1,14,10,7,2
CHN,Super League,2021,11/05/2021,13:00,Shanghai Port,Changchun Yatai,0,0,D,1.57,4.47,5.57,1.58,4.5,7.48,1.54,4.24,5.43,,,,,,,19,14,5,5,14,11,9,2
CHN,Super League,2021,14/05/2021,11:00,Shenzhen,Shandong Taishan,2,2,D,2.61,3.23,2.94,2.66,3.34,3.01,2.56,3.1,2.79,,,,,,,14,6,6,2,18,24,8,2
CHN,Super League,2021,14/05/2021,13:00,Guangzhou City,Cangzhou,0,0,D,2.12,3.49,3.63,2.14,3.65,3.87,2.02,3.4,3.54,,,,,,,14,9,5,4,8,10,3,1
CHN,Super League,2021,15/05/2021,11:00,Qingdao FC,Chongqing Liangjiang Athletic,1,0,H,2.71,3.12,2.83,2.75,3.7,3.05,2.59,3.12,2.74,,,,,,,14,8,4,2,15,18,11,4
CHN,Super League,2021,16/05/2021,11:00,Shanghai Port,Dalian Pro,3,0,H,1.33,5.01,11.05,1.37,5.47,12,1.32,4.88,9.55,,,,,,,21,10,9,4,15,9,13,3
CHN,Super League,2021,17/05/2021,11:00,Tianjin Jinmen Tiger,Wuhan FC,2,1,H,6.47,3.65,1.64,7,3.73,1.67,6.06,3.46,1.63,,,,,,,14,8,5,1,17,10,3,2
CHN,Super League,2021,17/05/2021,13:00,Changchun Yatai,Shanghai Shenhua,1,0,H,3.22,3.27,2.34,3.47,3.48,2.39,3.22,3.2,2.23,,,,,,,9,17,2,4,14,16,1,5
CHN,Super League,2021,15/07/2021,12:30,Henan Songshan Longmen,Guangzhou FC,1,1,D,14.73,5.3,1.28,15,5.95,1.3,12.06,5.35,1.25,,,,,,,6,15,3,4,9,12,4,8
CHN,Super League,2021,16/07/2021,12:30,Beijing Guoan,Hebei,2,1,H,2.31,3.04,3.67,2.32,3.25,3.68,2.22,3,3.44,,,,,,,9,14,4,6,15,12,4,3
CHN,Super League,2021,18/07/2021,11:00,Guangzhou FC,Chongqing Liangjiang Athletic,3,1,H,1.34,5.15,10.14,1.4,5.25,10.14,1.34,4.89,8.41,,,,,,,15,6,4,4,22,12,8,1
CHN,Super League,2021,18/07/2021,11:00,Henan Songshan Longmen,Qingdao FC,2,0,H,2.14,3.19,3.94,2.16,3.43,3.95,2.05,3.18,3.71,,,,,,,5,12,2,4,15,13,4,1
CHN,Super League,2021,18/07/2021,13:00,Shandong Taishan,Guangzhou City,0,0,D,1.79,3.87,4.6,1.83,3.87,4.8,1.76,3.67,4.32,,,,,,,20,3,5,1,18,16,7,4
CHN,Super League,2021,18/07/2021,13:00,Shenzhen,Cangzhou,2,1,H,1.73,3.73,5.25,1.75,4.1,5.5,1.66,3.74,5.03,,,,,,,19,8,8,1,19,15,11,0
CHN,Super League,2021,19/07/2021,09:30,Beijing Guoan,Tianjin Jinmen Tiger,0,0,D,1.47,4.2,8.49,1.49,4.68,8.9,1.42,4.2,7.61,,,,,,,20,7,8,3,12,12,6,5
CHN,Super League,2021,19/07/2021,09:30,Wuhan FC,Shanghai Port,0,0,D,5.81,3.9,1.65,6.2,4.1,1.66,5.48,3.83,1.59,,,,,,,10,13,2,3,10,6,3,5
CHN,Super League,2021,19/07/2021,11:30,Shanghai Shenhua,Dalian Pro,3,2,H,1.28,5.7,12.32,1.3,5.8,13,1.26,5.42,10.92,,,,,,,13,8,5,2,11,17,4,1
CHN,Super League,2021,19/07/2021,13:30,Hebei,Changchun Yatai,2,1,H,3.93,3.36,2.07,4.2,3.48,2.11,3.89,3.25,1.98,,,,,,,11,20,5,3,8,11,5,7
CHN,Super League,2021,21/07/2021,11:00,Cangzhou,Shandong Taishan,0,2,A,8.66,4.92,1.39,8.66,4.92,1.41,7.85,4.61,1.37,,,,,,,8,12,3,5,9,11,3,6
CHN,Super League,2021,21/07/2021,11:00,Qingdao FC,Guangzhou FC,0,6,A,12.77,5.91,1.26,13,6,1.27,10.9,5.67,1.25,,,,,,,4,18,3,10,8,6,2,6
CHN,Super League,2021,21/07/2021,13:00,Chongqing Liangjiang Athletic,Shenzhen,0,3,A,8.9,4.89,1.39,9.5,5.1,1.39,8.23,4.76,1.35,,,,,,,8,17,3,7,17,17,3,5
CHN,Super League,2021,21/07/2021,13:00,Guangzhou City,Henan Songshan Longmen,1,1,D,2.67,3.29,2.82,2.73,3.5,2.92,2.51,3.22,2.74,,,,,,,21,4,5,1,10,14,14,3
CHN,Super League,2021,22/07/2021,09:30,Changchun Yatai,Beijing Guoan,2,0,H,3.26,3.52,2.26,3.29,3.54,2.46,2.98,3.27,2.31,,,,,,,14,22,6,7,14,19,1,11
CHN,Super League,2021,22/07/2021,09:30,Tianjin Jinmen Tiger,Shanghai Shenhua,1,3,A,12.69,5.3,1.29,14.39,5.8,1.31,11.45,5.38,1.25,,,,,,,6,10,3,5,12,13,2,7
CHN,Super League,2021,22/07/2021,11:30,Shanghai Port,Hebei,1,0,H,1.6,4.03,6.14,1.63,4.3,6.16,1.57,3.92,5.53,,,,,,,9,10,2,3,12,4,3,3
CHN,Super League,2021,22/07/2021,13:30,Dalian Pro,Wuhan FC,1,1,D,5.09,3.67,1.76,5.5,3.79,1.83,4.86,3.57,1.71,,,,,,,9,11,3,4,16,20,4,3
CHN,Super League,2021,24/07/2021,11:00,Shandong Taishan,Chongqing Liangjiang Athletic,3,1,H,1.36,4.77,10.9,1.4,5.25,13,1.33,4.63,9.86,,,,,,,16,14,8,4,10,7,3,6
CHN,Super League,2021,24/07/2021,11:00,Shenzhen,Henan Songshan Longmen,0,0,D,1.63,3.97,5.8,1.68,4.18,6.15,1.58,3.88,5.5,,,,,,,5,9,0,1,9,15,3,4
CHN,Super League,2021,24/07/2021,13:00,Cangzhou,Qingdao FC,2,0,H,2.11,3.39,3.76,2.14,3.5,3.93,2.04,3.29,3.61,,,,,,,6,12,2,4,11,15,5,4
CHN,Super League,2021,24/07/2021,13:00,Guangzhou City,Guangzhou FC,3,3,D,11.31,5.39,1.31,12,6.03,1.34,9.86,5.36,1.28,,,,,,,4,16,2,7,10,20,2,6
CHN,Super League,2021,27/07/2021,11:00,Chongqing Liangjiang Athletic,Guangzhou City,4,0,H,4.9,3.8,1.76,4.9,3.86,1.82,4.46,3.66,1.73,,,,,,,13,26,8,5,11,14,4,14
CHN,Super League,2021,27/07/2021,11:00,Qingdao FC,Shenzhen,1,4,A,12.64,5.16,1.31,15,5.65,1.32,11.73,5.07,1.26,,,,,,,14,11,3,9,11,7,5,5
CHN,Super League,2021,27/07/2021,13:00,Guangzhou FC,Shandong Taishan,2,1,H,2.11,3.34,3.82,2.13,3.6,3.94,2.05,3.37,3.47,,,,,,,15,13,5,3,7,16,4,8
CHN,Super League,2021,27/07/2021,13:00,Henan Songshan Longmen,Cangzhou,2,1,H,2.52,3.02,3.28,2.54,3.2,3.48,2.39,2.96,3.17,,,,,,,14,8,5,2,20,15,4,8
CHN,Super League,2021,28/07/2021,09:30,Beijing Guoan,Shanghai Port,1,1,D,3.48,3.37,2.22,3.51,3.46,2.26,3.29,3.24,2.17,,,,,,,10,7,2,1,14,8,9,6
CHN,Super League,2021,28/07/2021,09:30,Hebei,Dalian Pro,1,0,H,2.42,3.14,3.32,2.42,3.31,3.44,2.31,3.06,3.19,,,,,,,7,16,2,3,10,18,5,6
CHN,Super League,2021,28/07/2021,11:30,Tianjin Jinmen Tiger,Changchun Yatai,1,4,A,9.25,4.15,1.45,11,4.6,1.47,8.1,4.19,1.41,,,,,,,7,12,3,8,6,9,4,0
CHN,Super League,2021,28/07/2021,13:30,Shanghai Shenhua,Wuhan FC,0,0,D,1.48,4.29,7.74,1.48,4.7,8.1,1.42,4.31,7.31,,,,,,,17,6,5,0,15,18,8,2
CHN,Super League,2021,30/07/2021,11:00,Guangzhou City,Qingdao FC,4,2,H,1.52,4.36,6.71,1.53,4.38,7,1.49,4.18,6.14,,,,,,,13,12,7,7,15,22,3,1
CHN,Super League,2021,30/07/2021,11:00,Shandong Taishan,Henan Songshan Longmen,2,0,H,1.58,3.68,7.41,1.61,3.75,7.41,1.56,3.56,6.56,,,,,,,13,5,5,0,7,14,2,2
CHN,Super League,2021,30/07/2021,13:00,Cangzhou,Chongqing Liangjiang Athletic,1,1,D,2.7,3.38,2.73,2.75,3.44,2.75,2.62,3.22,2.62,,,,,,,13,12,3,3,10,19,2,5
CHN,Super League,2021,30/07/2021,13:00,Shenzhen,Guangzhou FC,2,1,H,4.71,4.01,1.74,4.8,4.17,1.77,4.44,3.86,1.7,,,,,,,10,20,4,7,11,16,5,8
CHN,Super League,2021,31/07/2021,09:30,Wuhan FC,Changchun Yatai,2,2,D,4.23,3.61,1.92,4.5,3.61,1.96,4.11,3.42,1.86,,,,,,,10,15,3,6,8,13,2,5
CHN,Super League,2021,31/07/2021,11:30,Dalian Pro,Beijing Guoan,0,1,A,9.46,4.38,1.42,9.5,4.6,1.44,8.23,4.28,1.39,,,,,,,3,12,1,3,13,9,3,5
CHN,Super League,2021,31/07/2021,13:30,Hebei,Tianjin Jinmen Tiger,2,1,H,1.84,3.6,4.68,1.85,3.81,5.3,1.76,3.5,4.61,,,,,,,9,12,5,3,11,9,4,6
CHN,Super League,2021,31/07/2021,13:30,Shanghai Port,Shanghai Shenhua,1,0,H,2.26,3.22,3.56,2.34,3.32,3.73,2.2,3.14,3.32,,,,,,,4,18,1,5,18,14,5,6
CHN,Super League,2021,02/08/2021,11:00,Guangzhou FC,Cangzhou,5,2,H,1.23,6.36,13.32,1.25,6.59,14,1.22,6.02,11.76,,,,,,,15,11,6,4,10,11,2,3
CHN,Super League,2021,02/08/2021,11:00,Henan Songshan Longmen,Chongqing Liangjiang Athletic,1,0,H,1.68,3.9,5.39,1.73,3.9,5.4,1.67,3.61,5.02,,,,,,,15,7,1,1,22,10,4,3
CHN,Super League,2021,02/08/2021,13:00,Qingdao FC,Shandong Taishan,0,5,A,20.13,6.36,1.2,23.46,6.9,1.22,15.82,6.12,1.18,,,,,,,3,18,1,9,10,9,3,10
CHN,Super League,2021,02/08/2021,13:00,Shenzhen,Guangzhou City,0,1,A,1.84,3.79,4.4,1.88,3.88,4.54,1.83,3.63,3.95,,,,,,,20,4,3,2,14,8,9,2
CHN,Super League,2021,03/08/2021,09:30,Shanghai Shenhua,Hebei,0,0,D,1.5,4.55,6.63,1.52,4.59,6.7,1.47,4.34,6.14,,,,,,,20,10,7,2,14,16,6,6
CHN,Super League,2021,03/08/2021,11:30,Changchun Yatai,Shanghai Port,2,1,H,4.4,3.43,1.93,4.54,3.64,1.98,4.08,3.38,1.87,,,,,,,11,11,5,4,18,9,2,9
CHN,Super League,2021,03/08/2021,13:30,Beijing Guoan,Wuhan FC,2,1,H,1.68,3.78,5.71,1.75,4,5.8,1.67,3.63,5.01,,,,,,,8,9,4,4,18,8,4,3
CHN,Super League,2021,03/08/2021,13:30,Tianjin Jinmen Tiger,Dalian Pro,1,3,A,3.42,3.13,2.37,3.51,3.14,2.37,3.26,3,2.3,,,,,,,6,8,4,6,13,13,2,6
CHN,Super League,2021,05/08/2021,11:00,Cangzhou,Guangzhou City,0,2,A,3.19,3.58,2.27,3.28,3.7,2.27,3.08,3.46,2.17,,,,,,,14,7,5,4,11,8,6,3
CHN,Super League,2021,05/08/2021,11:00,Shandong Taishan,Shenzhen,4,2,H,1.99,3.33,4.34,2,3.6,4.34,1.94,3.29,3.97,,,,,,,20,11,6,6,11,12,6,6
CHN,Super League,2021,05/08/2021,13:00,Chongqing Liangjiang Athletic,Qingdao FC,1,0,H,1.94,3.54,4.22,2.08,3.54,4.22,1.91,3.37,3.95,,,,,,,11,7,6,2,11,22,6,2
CHN,Super League,2021,05/08/2021,13:00,Guangzhou FC,Henan Songshan Longmen,2,0,H,1.33,5.2,10.7,1.34,5.75,13,1.29,5.12,9.71,,,,,,,18,3,3,1,6,10,11,2
CHN,Super League,2021,06/08/2021,09:30,Wuhan FC,Tianjin Jinmen Tiger,1,1,D,1.71,3.59,5.73,1.75,3.66,6.5,1.68,3.41,5.47,,,,,,,10,2,3,1,9,14,9,0
CHN,Super League,2021,06/08/2021,11:30,Shanghai Shenhua,Changchun Yatai,1,2,A,2.3,3.37,3.31,2.33,3.41,3.55,2.23,3.22,3.19,,,,,,,17,17,6,6,12,13,4,8
CHN,Super League,2021,06/08/2021,13:30,Dalian Pro,Shanghai Port,0,5,A,14.76,4.98,1.3,16,5.3,1.32,12.3,4.8,1.28,,,,,,,5,17,2,6,21,12,5,7
CHN,Super League,2021,06/08/2021,13:30,Hebei,Beijing Guoan,0,0,D,3.87,3.31,2.11,4.38,3.52,2.15,3.77,3.25,2.01,,,,,,,19,16,8,3,10,15,6,9
CHN,Super League,2021,08/08/2021,11:00,Cangzhou,Shenzhen,2,1,H,3.94,3.45,2.04,4.3,4,2.06,3.83,3.39,1.94,,,,,,,4,15,3,4,14,18,4,6
CHN,Super League,2021,08/08/2021,11:00,Guangzhou City,Shandong Taishan,1,3,A,7.48,4.74,1.44,8,4.9,1.51,6.66,4.5,1.43,,,,,,,5,18,2,8,6,6,3,7
CHN,Super League,2021,08/08/2021,13:00,Chongqing Liangjiang Athletic,Guangzhou FC,1,5,A,21.53,7.61,1.16,26,11,1.16,18.43,7.73,1.13,,,,,,,10,17,3,7,2,15,2,0
CHN,Super League,2021,08/08/2021,13:00,Qingdao FC,Henan Songshan Longmen,0,1,A,8.81,4.17,1.46,9.5,4.2,1.48,7.77,3.99,1.44,,,,,,,2,11,1,2,15,13,1,5
CHN,Super League,2021,09/08/2021,09:30,Dalian Pro,Shanghai Shenhua,2,4,A,11.16,4.79,1.35,11.5,4.9,1.38,9.5,4.49,1.35,,,,,,,7,19,3,10,20,12,1,5
CHN,Super League,2021,09/08/2021,11:30,Tianjin Jinmen Tiger,Beijing Guoan,3,1,H,10.21,4.84,1.36,11,4.98,1.37,9.16,4.64,1.34,,,,,,,10,15,5,8,12,15,3,5
CHN,Super League,2021,09/08/2021,13:30,Changchun Yatai,Hebei,3,0,H,2.41,3.25,3.22,2.45,3.43,3.35,2.31,3.13,3.11,,,,,,,12,11,9,3,8,10,4,4
CHN,Super League,2021,09/08/2021,13:30,Shanghai Port,Wuhan FC,3,0,H,1.42,4.46,9.12,1.46,4.8,10,1.39,4.35,8.01,,,,,,,16,8,5,3,15,10,9,1
CHN,Super League,2021,11/08/2021,11:00,Guangzhou FC,Qingdao FC,5,0,H,1.11,9.79,20.06,1.13,10,24,1.11,8.86,19.47,,,,,,,18,4,7,1,7,8,5,1
CHN,Super League,2021,11/08/2021,11:00,Shenzhen,Chongqing Liangjiang Athletic,2,1,H,1.64,3.77,6.18,1.66,3.9,6.4,1.61,3.66,5.66,,,,,,,21,14,8,9,20,15,6,2
CHN,Super League,2021,11/08/2021,13:00,Henan Songshan Longmen,Guangzhou City,1,1,D,2.59,3.15,3.03,2.8,3.23,3.05,2.63,3,2.79,,,,,,,9,6,3,1,21,9,6,2
CHN,Super League,2021,11/08/2021,13:00,Shandong Taishan,Cangzhou,2,1,H,1.41,4.77,8.29,1.43,5,10,1.38,4.64,7.74,,,,,,,10,12,4,4,17,8,2,2
CHN,Super League,2021,12/08/2021,09:30,Hebei,Shanghai Port,1,0,H,5.84,3.69,1.68,6.2,4,1.69,5.56,3.64,1.62,,,,,,,9,11,6,5,9,14,6,4
CHN,Super League,2021,12/08/2021,11:30,Wuhan FC,Dalian Pro,2,1,H,2.04,3.25,4.23,2.06,3.26,4.24,2.01,3.1,3.95,,,,,,,12,12,7,2,15,8,5,4
CHN,Super League,2021,12/08/2021,13:30,Beijing Guoan,Changchun Yatai,2,1,H,2.51,3.48,2.88,2.55,3.58,2.93,2.43,3.35,2.76,,,,,,,15,10,4,3,18,12,6,5
CHN,Super League,2021,12/08/2021,13:30,Shanghai Shenhua,Tianjin Jinmen Tiger,1,0,H,1.14,8.71,21.76,1.15,10.25,29,1.12,8.37,19.86,,,,,,,10,7,4,2,13,21,2,0
CHN,Super League,2021,15/08/2021,09:30,Changchun Yatai,Dalian Pro,3,1,H,1.38,4.81,9.45,1.4,4.91,9.5,1.36,4.54,8.11,,,,,,,9,12,6,2,7,18,0,5
CHN,Super League,2021,15/08/2021,12:30,Beijing Guoan,Shanghai Shenhua,4,2,H,2.84,3.45,2.52,3,3.55,2.5,2.8,3.3,2.38,,,,,,,10,29,4,9,16,12,5,9
CHN,Super League,2021,15/08/2021,12:30,Shanghai Port,Tianjin Jinmen Tiger,5,0,H,1.31,5.06,12.73,1.37,5.42,12.73,1.31,4.86,9.69,,,,,,,16,8,8,1,10,12,4,2
CHN,Super League,2021,15/08/2021,12:30,Wuhan FC,Hebei,1,1,D,3.01,3.15,2.61,3.1,3.32,2.61,2.95,3.09,2.42,,,,,,,7,5,2,2,21,14,3,1
CHN,Super League,2021,12/12/2021,07:30,Shanghai Shenhua,Qingdao FC,3,0,H,1.9,3.67,4.22,1.95,3.71,4.4,1.9,3.46,3.91,,,,,,,23,7,10,2,16,12,8,2
CHN,Super League,2021,12/12/2021,07:30,Wuhan FC,Cangzhou,4,2,H,2.8,3.02,2.91,2.8,3.21,2.93,2.65,2.97,2.8,,,,,,,12,14,6,7,11,12,3,8
CHN,Super League,2021,12/12/2021,11:30,Dalian Pro,Henan Songshan Longmen,1,0,H,3.17,3.07,2.55,3.28,3.25,2.55,3.08,3.02,2.41,,,,,,,20,4,6,2,12,19,7,1
CHN,Super League,2021,12/12/2021,11:30,Tianjin Jinmen Tiger,Chongqing Liangjiang Athletic,1,1,D,1.78,3.56,5.2,1.81,3.62,5.2,1.76,3.42,4.79,,,,,,,15,7,4,2,13,15,7,3
CHN,Super League,2021,13/12/2021,10:00,Guangzhou City,Changchun Yatai,0,2,A,5.29,4.41,1.61,5.5,4.5,1.64,5.02,4.1,1.6,,,,,,,6,14,2,5,4,13,2,5
CHN,Super League,2021,13/12/2021,10:00,Shenzhen,Shanghai Port,1,3,A,4.17,3.51,1.96,4.7,3.74,1.97,3.94,3.52,1.88,,,,,,,11,14,5,6,10,10,3,6
CHN,Super League,2021,13/12/2021,12:00,Beijing Guoan,Guangzhou FC,1,0,H,2.18,3.53,3.44,2.22,3.67,3.68,2.07,3.44,3.38,,,,,,,20,17,6,4,15,12,10,1
CHN,Super League,2021,13/12/2021,12:00,Hebei,Shandong Taishan,0,5,A,19.02,7.28,1.17,23,10,1.18,18.55,8.03,1.13,,,,,,,3,21,0,9,11,13,0,6
CHN,Super League,2021,15/12/2021,07:30,Chongqing Liangjiang Athletic,Dalian Pro,0,1,A,8.32,4.06,1.45,8.5,4.5,1.5,7.29,4.1,1.45,,,,,,,7,15,3,6,7,15,2,8
CHN,Super League,2021,15/12/2021,07:30,Henan Songshan Longmen,Tianjin Jinmen Tiger,1,1,D,2.35,3.08,3.41,2.35,3.3,3.57,2.24,3.08,3.3,,,,,,,8,9,3,3,19,16,4,2
CHN,Super League,2021,15/12/2021,11:30,Cangzhou,Shanghai Shenhua,1,1,D,6.16,4.52,1.5,6.5,4.65,1.56,5.8,4.34,1.5,,,,,,,13,12,4,4,13,14,2,4
CHN,Super League,2021,15/12/2021,11:30,Qingdao FC,Wuhan FC,2,5,A,10.14,4.86,1.34,11,5.2,1.42,8.8,4.69,1.34,,,,,,,12,17,3,8,13,15,5,7
CHN,Super League,2021,16/12/2021,10:00,Guangzhou FC,Hebei,1,1,D,1.47,4.4,7,1.59,4.75,7.17,1.52,3.99,6.15,,,,,,,17,6,4,1,16,11,5,1
CHN,Super League,2021,16/12/2021,10:00,Shandong Taishan,Beijing Guoan,2,1,H,1.59,4.1,5.64,1.63,4.25,5.8,1.58,4.01,5.31,,,,,,,16,8,8,1,12,13,7,2
CHN,Super League,2021,16/12/2021,12:00,Changchun Yatai,Shenzhen,1,1,D,2.4,3.43,2.98,2.48,3.53,3.09,2.37,3.28,2.88,,,,,,,5,16,2,6,12,19,1,15
CHN,Super League,2021,16/12/2021,13:15,Shanghai Port,Guangzhou City,1,0,H,1.18,7.06,13.91,1.19,7.7,17,1.17,7.06,13.77,,,,,,,14,7,5,1,10,6,11,2
CHN,Super League,2021,18/12/2021,07:30,Dalian Pro,Cangzhou,1,2,A,2.39,3.07,3.46,2.43,3.24,3.8,2.31,3,3.3,,,,,,,13,5,1,2,14,10,5,2
CHN,Super League,2021,18/12/2021,07:30,Tianjin Jinmen Tiger,Qingdao FC,1,2,A,1.93,3.52,4.31,1.93,3.94,5.3,1.81,3.58,4.27,,,,,,,17,8,4,4,13,15,8,3
CHN,Super League,2021,18/12/2021,11:30,Shanghai Shenhua,Chongqing Liangjiang Athletic,4,1,H,1.14,8.65,23.18,1.1,13,51,1.06,11.24,31.47,,,,,,,27,5,10,3,11,12,7,0
CHN,Super League,2021,18/12/2021,11:30,Wuhan FC,Henan Songshan Longmen,1,1,D,3.35,3.27,2.33,3.37,3.39,2.35,3.19,3.17,2.26,,,,,,,7,14,1,6,12,13,4,1
CHN,Super League,2021,19/12/2021,10:00,Changchun Yatai,Guangzhou FC,0,2,A,2.96,3.12,2.67,3.32,3.16,2.73,2.81,2.99,2.63,,,,,,,11,16,2,8,11,13,3,1
CHN,Super League,2021,19/12/2021,10:00,Shanghai Port,Shandong Taishan,0,2,A,3.51,3.43,2.19,3.6,3.46,2.36,3.23,3.23,2.22,,,,,,,3,12,0,5,16,14,5,3
CHN,Super League,2021,19/12/2021,12:00,Guangzhou City,Beijing Guoan,5,0,H,6.3,3.87,1.58,6.4,4.23,1.62,5.61,3.9,1.57,,,,,,,8,20,5,7,11,10,0,6
CHN,Super League,2021,19/12/2021,13:15,Shenzhen,Hebei,3,0,H,1.14,7.49,18.47,1.3,8,19,1.16,6.98,15.19,,,,,,,10,7,4,2,16,13,8,5
CHN,Super League,2021,21/12/2021,07:30,Chongqing Liangjiang Athletic,Wuhan FC,0,0,D,3.92,3.48,1.99,3.95,3.66,2.09,3.66,3.45,1.96,,,,,,,12,6,4,1,14,11,6,3
CHN,Super League,2021,21/12/2021,07:30,Henan Songshan Longmen,Shanghai Shenhua,2,0,H,3.58,3.12,2.25,3.71,3.5,2.34,3.38,3.19,2.16,,,,,,,10,8,4,4,14,20,2,6
CHN,Super League,2021,21/12/2021,11:30,Cangzhou,Tianjin Jinmen Tiger,2,1,H,2.28,3.03,3.63,2.29,3.28,3.71,2.18,3.11,3.41,,,,,,,13,17,4,3,13,13,5,5
CHN,Super League,2021,21/12/2021,11:30,Qingdao FC,Dalian Pro,1,2,A,7.1,4.83,1.42,7.8,5.25,1.45,6.97,4.71,1.4,,,,,,,12,11,5,2,15,18,5,8
CHN,Super League,2021,22/12/2021,10:00,Beijing Guoan,Shenzhen,2,2,D,2.92,3.54,2.39,3.06,3.75,2.55,2.79,3.48,2.35,,,,,,,9,19,4,6,7,8,4,9
CHN,Super League,2021,22/12/2021,10:00,Hebei,Guangzhou City,1,1,D,2.5,3.33,2.91,2.86,3.56,2.94,2.53,3.29,2.68,,,,,,,22,11,9,7,15,11,6,4
CHN,Super League,2021,22/12/2021,12:00,Guangzhou FC,Shanghai Port,0,0,D,5.84,3.99,1.59,6.2,4.2,1.63,5.48,3.91,1.58,,,,,,,3,13,0,1,16,12,3,10
CHN,Super League,2021,22/12/2021,12:00,Shandong Taishan,Changchun Yatai,2,1,H,1.3,5.19,11.17,1.34,5.5,11.17,1.31,4.96,9.61,,,,,,,17,5,5,2,14,8,8,2
CHN,Super League,2021,25/12/2021,07:30,Cangzhou,Wuhan FC,2,0,H,2.76,3.04,2.84,2.81,3.24,3.05,2.67,3.02,2.73,,,,,,,12,9,5,4,15,10,4,3
CHN,Super League,2021,25/12/2021,07:30,Qingdao FC,Shanghai Shenhua,0,1,A,1.66,3.66,5.71,2.42,4,6.25,1.69,3.51,5.33,,,,,,,2,12,0,5,14,23,2,5
CHN,Super League,2021,25/12/2021,11:30,Chongqing Liangjiang Athletic,Tianjin Jinmen Tiger,0,1,A,2.74,2.98,2.92,2.9,3.1,3,2.7,2.97,2.73,,,,,,,6,12,1,3,13,19,0,5
CHN,Super League,2021,25/12/2021,11:30,Henan Songshan Longmen,Dalian Pro,1,0,H,2,3.17,4.33,2.1,3.4,4.75,1.95,3.18,4.09,,,,,,,6,13,3,2,15,16,0,0
CHN,Super League,2021,26/12/2021,10:00,Changchun Yatai,Guangzhou City,2,1,H,1.72,3.68,5.07,1.84,3.84,5.1,1.75,3.62,4.52,,,,,,,12,6,8,3,18,7,7,4
CHN,Super League,2021,26/12/2021,10:00,Shanghai Port,Shenzhen,3,1,H,1.58,4.02,5.88,1.6,4.25,6.2,1.56,3.99,5.62,,,,,,,16,16,8,5,7,15,6,6
CHN,Super League,2021,26/12/2021,12:00,Guangzhou FC,Beijing Guoan,1,0,H,2.01,3.33,4.02,2.32,3.6,4.02,2.07,3.32,3.5,,,,,,,9,15,3,5,13,12,5,3
CHN,Super League,2021,26/12/2021,12:00,Shandong Taishan,Hebei,2,0,H,1.04,16.68,50.16,1.09,19,75,1.04,12.35,41.4,,,,,,,11,4,5,2,8,9,2,2
CHN,Super League,2021,28/12/2021,07:30,Dalian Pro,Chongqing Liangjiang Athletic,0,1,A,1.66,3.57,6.13,1.7,3.82,6.61,1.62,3.59,5.68,,,,,,,17,4,5,3,18,10,10,1
CHN,Super League,2021,28/12/2021,07:30,Tianjin Jinmen Tiger,Henan Songshan Longmen,0,0,D,3.95,3.15,2.11,4.08,3.3,2.58,3.55,2.98,2.21,,,,,,,10,5,0,0,11,14,7,3
CHN,Super League,2021,28/12/2021,11:30,Shanghai Shenhua,Cangzhou,1,1,D,2.69,3.14,2.83,3.39,3.3,2.89,2.76,3,2.65,,,,,,,9,6,2,2,11,14,4,1
CHN,Super League,2021,28/12/2021,11:30,Wuhan FC,Qingdao FC,1,1,D,1.7,3.96,4.77,1.73,4.79,9.9,1.62,3.99,5.05,,,,,,,12,10,3,1,15,13,7,5
CHN,Super League,2021,29/12/2021,10:00,Beijing Guoan,Shandong Taishan,1,1,D,2.79,3.16,2.71,3.2,3.3,2.71,2.94,3.1,2.44,,,,,,,12,16,5,8,9,12,3,9
CHN,Super League,2021,29/12/2021,10:00,Hebei,Guangzhou FC,0,2,A,4.4,3.1,2.01,4.75,3.31,2.05,4.16,3.04,1.99,,,,,,,4,13,1,3,9,15,1,4
CHN,Super League,2021,29/12/2021,12:00,Guangzhou City,Shanghai Port,1,2,A,10.16,4.95,1.33,10.16,5.2,1.37,8.84,4.85,1.33,,,,,,,9,26,4,11,10,16,0,12
CHN,Super League,2021,29/12/2021,12:00,Shenzhen,Changchun Yatai,0,1,A,3.27,3.32,2.29,3.55,3.62,2.29,3.26,3.38,2.14,,,,,,,17,6,3,2,20,15,8,1
CHN,Super League,2021,31/12/2021,07:30,Cangzhou,Dalian Pro,2,0,H,3.81,3.26,2.1,4,3.26,2.2,3.63,3.12,2.09,,,,,,,7,13,3,4,15,14,3,7
CHN,Super League,2021,31/12/2021,07:30,Chongqing Liangjiang Athletic,Shanghai Shenhua,0,0,D,3.16,3.02,2.52,3.16,3.2,2.65,3,2.94,2.49,,,,,,,3,14,1,3,12,13,1,3
CHN,Super League,2021,31/12/2021,07:30,Qingdao FC,Tianjin Jinmen Tiger,0,1,A,7.51,3.79,1.53,8,3.88,1.63,6.32,3.58,1.57,,,,,,,9,24,4,7,9,18,5,12
CHN,Super League,2021,31/12/2021,11:30,Henan Songshan Longmen,Wuhan FC,1,0,H,2.56,2.88,3.27,2.7,3.08,3.45,2.47,2.8,3.19,,,,,,,21,9,10,2,12,19,8,3
CHN,Super League,2021,01/01/2022,07:30,Guangzhou FC,Changchun Yatai,2,0,H,3.2,2.75,2.72,3.27,3.2,2.9,2.94,2.84,2.63,,,,,,,13,6,4,0,16,14,1,5
CHN,Super League,2021,01/01/2022,07:30,Shandong Taishan,Shanghai Port,2,2,D,1.85,3.31,4.86,1.85,3.5,5.09,1.8,3.3,4.71,,,,,,,6,8,4,3,16,12,5,4
CHN,Super League,2021,01/01/2022,11:30,Beijing Guoan,Guangzhou City,1,1,D,2.46,3.5,2.84,2.56,3.6,2.95,2.43,3.33,2.76,,,,,,,17,8,7,1,18,13,6,5
CHN,Super League,2021,01/01/2022,11:30,Hebei,Shenzhen,0,1,A,8.45,4.65,1.39,8.52,5.25,1.47,7.46,4.61,1.39,,,,,,,4,29,1,9,17,17,4,11
CHN,Super League,2021,03/01/2022,07:30,Dalian Pro,Qingdao FC,4,1,H,1.3,5.37,10.55,1.35,5.7,12,1.28,5.18,10.21,,,,,,,21,7,8,4,12,19,9,2
CHN,Super League,2021,03/01/2022,07:30,Tianjin Jinmen Tiger,Cangzhou,1,0,H,2.25,3.11,3.7,2.45,3.35,3.7,2.22,3.13,3.28,,,,,,,18,7,5,1,11,9,5,2
CHN,Super League,2021,03/01/2022,07:30,Wuhan FC,Chongqing Liangjiang Athletic,1,2,A,3.18,3,2.52,3.18,3.2,2.69,2.92,2.9,2.58,,,,,,,3,9,2,5,12,10,3,6
CHN,Super League,2021,03/01/2022,11:30,Shanghai Shenhua,Henan Songshan Longmen,3,0,H,1.81,3.15,5.6,2,3.35,6,1.84,3.08,4.86,,,,,,,17,3,6,1,12,17,3,3
CHN,Super League,2021,04/01/2022,07:30,Changchun Yatai,Shandong Taishan,1,1,D,3.33,3.31,2.26,3.42,3.5,2.33,3.14,3.24,2.23,,,,,,,7,12,4,3,16,10,2,4
CHN,Super League,2021,04/01/2022,07:30,Guangzhou City,Hebei,2,1,H,2.19,3.23,3.58,2.41,3.38,3.9,2.25,3.12,3.24,,,,,,,15,11,10,6,18,12,4,1
CHN,Super League,2021,04/01/2022,07:30,Shanghai Port,Guangzhou FC,1,0,H,1.52,4.1,6.74,1.89,4.13,7.6,1.59,3.73,5.98,,,,,,,3,10,2,1,12,13,2,3
CHN,Super League,2021,04/01/2022,07:30,Shenzhen,Beijing Guoan,0,1,A,1.36,5.19,8.04,1.45,5.4,8.6,1.37,4.78,7.53,,,,,,,10,12,2,4,12,19,7,4
CHN,Super League,2021,08/01/2022,07:30,Chengdu Rongcheng,Dalian Pro,1,1,D,3.28,3.2,2.34,3.5,3.2,2.45,3.16,3.06,2.33,,,,,,,,,,,,,,
CHN,Super League,2021,08/01/2022,07:30,Qingdao FC,Zhejiang Professional,0,1,A,3.3,3.08,2.4,3.3,3.27,2.8,2.95,3,2.47,,,,,,,,,,,,,,
CHN,Super League,2021,12/01/2022,07:30,Dalian Pro,Chengdu Rongcheng,0,1,A,2.26,3.27,3.38,2.55,3.29,3.62,2.3,2.99,3.25,,,,,,,,,,,,,,
CHN,Super League,2021,12/01/2022,07:30,Zhejiang Professional,Qingdao FC,0,0,D,2.48,3.06,3.19,2.58,3.07,3.3,2.46,2.9,3.07,,,,,,,,,,,,,,
CHN,Super League,2022,03/06/2022,13:00,Guangzhou FC,Shanghai Shenhua,0,1,A,5.51,4.15,1.6,7,4.3,1.62,5.7,3.98,1.55,,,,,,,6,9,1,3,20,9,4,2
CHN,Super League,2022,03/06/2022,13:00,Hebei,Wuhan Three Towns,0,4,A,18.72,10.29,1.12,25,11.5,1.13,18.68,9.64,1.1,,,,,,,3,29,3,10,11,6,2,14
CHN,Super League,2022,03/06/2022,13:00,Shandong Taishan,Zhejiang Professional,1,0,H,1.76,3.77,4.65,1.77,4.24,5.3,1.68,3.87,4.61,,,,,,,7,6,2,2,15,21,5,0
CHN,Super League,2022,04/06/2022,08:30,Shanghai Port,Wuhan FC,0,1,A,2.11,2.99,4.22,2.17,3.32,4.23,2.09,2.94,3.95,,,,,,,5,11,3,3,9,11,4,6
CHN,Super League,2022,04/06/2022,09:30,Shenzhen,Chengdu Rongcheng,2,0,H,2.46,3.37,2.93,2.5,3.45,3.15,2.42,3.21,2.9,,,,,,,8,13,3,4,16,18,1,3
CHN,Super League,2022,04/06/2022,10:30,Changchun Yatai,Guangzhou City,4,1,H,1.32,5.25,9.54,1.5,5.75,12,1.3,5.14,9.69,,,,,,,13,7,5,5,11,9,5,1
CHN,Super League,2022,04/06/2022,12:00,Meizhou Hakka,Tianjin Jinmen Tiger,1,1,D,2.23,3.17,3.56,2.68,3.26,3.56,2.31,3.03,3.25,,,,,,,9,13,3,3,15,13,4,3
CHN,Super League,2022,04/06/2022,12:30,Henan Songshan Longmen,Dalian Pro,2,2,D,1.16,7.1,21.57,1.15,11,36.56,1.1,8.75,23.81,,,,,,,10,12,5,5,12,14,2,9
CHN,Super League,2022,05/06/2022,12:00,Beijing Guoan,Cangzhou,1,2,A,1.57,4,6.32,1.59,4.33,8,1.53,3.99,6.04,,,,,,,12,9,2,2,13,15,7,0
CHN,Super League,2022,07/06/2022,08:30,Wuhan Three Towns,Guangzhou FC,6,0,H,1.36,4.37,11.38,1.4,4.6,11.5,1.36,4.26,9.95,,,,,,,17,3,10,1,7,19,6,4
CHN,Super League,2022,07/06/2022,10:30,Wuhan FC,Hebei,2,1,H,1.24,5.44,17.36,1.26,5.9,20,1.23,5.33,14.46,,,,,,,8,8,4,3,20,12,3,2
CHN,Super League,2022,07/06/2022,12:30,Zhejiang Professional,Changchun Yatai,0,0,D,3.31,3.26,2.3,4.45,3.8,2.3,3.45,3.23,2.12,,,,,,,15,4,5,1,10,19,8,2
CHN,Super League,2022,08/06/2022,10:30,Henan Songshan Longmen,Shandong Taishan,4,1,H,4.67,3.46,1.84,4.75,3.64,1.89,4.44,3.34,1.83,,,,,,,10,24,6,3,19,7,2,9
CHN,Super League,2022,08/06/2022,12:30,Chengdu Rongcheng,Beijing Guoan,2,3,A,4.2,3.27,1.99,4.21,3.4,2.1,3.89,3.13,2.02,,,,,,,17,16,6,6,20,15,8,6
CHN,Super League,2022,08/06/2022,12:30,Dalian Pro,Guangzhou City,2,0,H,1.83,3.67,4.39,2.13,3.67,4.5,1.92,3.32,4.03,,,,,,,,,,,,,,
CHN,Super League,2022,08/06/2022,12:30,Shanghai Shenhua,Shanghai Port,2,0,H,2.94,2.97,2.73,3.06,3.07,2.73,2.93,2.87,2.6,,,,,,,13,8,4,1,15,7,6,3
CHN,Super League,2022,09/06/2022,09:30,Cangzhou,Meizhou Hakka,1,1,D,3.39,3.12,2.32,3.39,3.35,2.4,3.21,3.09,2.29,,,,,,,7,19,3,6,12,18,2,12
CHN,Super League,2022,09/06/2022,12:30,Tianjin Jinmen Tiger,Shenzhen,1,2,A,3.69,3.26,2.14,4,3.3,2.31,3.59,3.13,2.11,,,,,,,10,6,1,2,12,15,4,3
CHN,Super League,2022,11/06/2022,10:30,Guangzhou FC,Wuhan FC,0,1,A,7.65,3.96,1.5,9.5,4.6,1.5,7.35,4.05,1.45,,,,,,,13,11,2,4,16,9,3,4
CHN,Super League,2022,11/06/2022,12:30,Hebei,Shanghai Port,0,2,A,10.37,5.05,1.32,15,5.5,1.36,10.89,4.86,1.3,,,,,,,3,15,0,5,16,11,0,5
CHN,Super League,2022,11/06/2022,12:30,Henan Songshan Longmen,Zhejiang Professional,3,1,H,2.2,3.49,3.24,2.42,3.6,3.38,2.24,3.37,3.05,,,,,,,7,10,4,3,23,26,4,1
CHN,Super League,2022,12/06/2022,10:30,Guangzhou City,Shandong Taishan,0,1,A,17.27,8.33,1.14,26,8.75,1.16,17.28,7.68,1.14,,,,,,,6,33,1,13,13,14,0,16
CHN,Super League,2022,12/06/2022,12:30,Cangzhou,Chengdu Rongcheng,0,0,D,3.8,2.88,2.27,4,3.05,2.58,3.65,2.81,2.26,,,,,,,4,18,0,5,9,15,3,8
CHN,Super League,2022,12/06/2022,12:30,Changchun Yatai,Dalian Pro,1,1,D,1.63,3.79,5.8,1.76,4.2,5.9,1.65,3.68,5.2,,,,,,,6,10,2,4,10,15,4,8
CHN,Super League,2022,12/06/2022,12:30,Shanghai Shenhua,Wuhan Three Towns,1,1,D,5.4,3.62,1.7,5.73,4.1,1.7,5.23,3.75,1.63,,,,,,,6,14,5,5,17,15,2,8
CHN,Super League,2022,13/06/2022,09:30,Beijing Guoan,Tianjin Jinmen Tiger,1,0,H,1.66,3.71,5.67,1.69,3.85,5.92,1.64,3.65,5.22,,,,,,,13,11,6,3,13,19,7,8
CHN,Super League,2022,13/06/2022,12:30,Shenzhen,Meizhou Hakka,1,2,A,2.73,3.15,2.78,2.75,3.23,3.15,2.58,3.07,2.78,,,,,,,11,10,5,4,16,16,2,5
CHN,Super League,2022,15/06/2022,10:30,Shanghai Port,Guangzhou FC,1,0,H,1.24,5.7,13.08,1.27,6.22,14.5,1.22,5.79,12.28,,,,,,,9,5,1,1,13,16,8,1
CHN,Super League,2022,15/06/2022,12:30,Guangzhou City,Henan Songshan Longmen,0,3,A,15.52,5.87,1.22,17.5,6.9,1.24,14.3,6.22,1.19,,,,,,,5,22,1,11,13,15,5,9
CHN,Super League,2022,15/06/2022,12:30,Wuhan FC,Wuhan Three Towns,1,3,A,5.1,3.66,1.72,5.1,3.86,1.82,4.71,3.59,1.72,,,,,,,2,18,2,8,14,13,2,4
CHN,Super League,2022,16/06/2022,08:30,Hebei,Shanghai Shenhua,1,3,A,20.45,6.09,1.19,21,7,1.2,17.6,6.19,1.17,,,,,,,5,21,2,9,13,11,4,7
CHN,Super League,2022,16/06/2022,09:30,Tianjin Jinmen Tiger,Chengdu Rongcheng,1,1,D,3.79,2.87,2.32,3.79,3,2.54,3.39,2.76,2.41,,,,,,,10,9,2,2,16,18,2,8
CHN,Super League,2022,16/06/2022,10:30,Dalian Pro,Zhejiang Professional,1,1,D,3.89,3.17,2.11,3.89,3.23,2.47,3.21,3.06,2.3,,,,,,,12,18,3,3,24,13,3,5
CHN,Super League,2022,16/06/2022,12:30,Shandong Taishan,Changchun Yatai,4,0,H,1.94,3.54,4.01,2.12,3.55,4.01,2.01,3.29,3.68,,,,,,,14,6,5,0,12,12,6,3
CHN,Super League,2022,17/06/2022,09:30,Shenzhen,Cangzhou,1,0,H,2.02,3.36,3.94,2.1,3.53,4.22,1.99,3.26,3.81,,,,,,,7,6,3,3,10,9,5,3
CHN,Super League,2022,17/06/2022,12:30,Meizhou Hakka,Beijing Guoan,2,2,D,2.91,3.17,2.6,2.95,3.4,2.63,2.82,3.14,2.51,,,,,,,7,6,3,3,11,17,4,0
CHN,Super League,2022,19/06/2022,10:30,Wuhan Three Towns,Shanghai Port,2,1,H,1.9,3.47,4.3,1.94,3.88,4.9,1.83,3.53,4.19,,,,,,,22,5,10,3,18,13,8,6
CHN,Super League,2022,19/06/2022,12:30,Guangzhou FC,Hebei,1,0,H,1.91,3.37,4.42,2,3.45,4.65,1.91,3.22,4.18,,,,,,,12,3,2,2,15,16,5,4
CHN,Super League,2022,20/06/2022,10:30,Changchun Yatai,Henan Songshan Longmen,0,0,D,2.73,3.22,2.73,2.75,3.44,2.88,2.57,3.16,2.72,,,,,,,11,13,4,2,14,9,4,2
CHN,Super League,2022,20/06/2022,10:30,Chengdu Rongcheng,Meizhou Hakka,0,0,D,4.18,3.57,1.89,4.6,3.6,2.05,3.95,3.39,1.91,,,,,,,4,10,0,2,20,18,1,5
CHN,Super League,2022,20/06/2022,12:30,Guangzhou City,Zhejiang Professional,2,4,A,8.73,4.24,1.43,10,4.25,1.48,8.53,3.96,1.43,,,,,,,12,17,7,9,12,18,1,2
CHN,Super League,2022,20/06/2022,12:30,Shanghai Shenhua,Wuhan FC,2,0,H,1.95,3.4,4.16,2.08,3.54,4.3,1.93,3.3,3.95,,,,,,,22,4,7,0,8,11,6,2
CHN,Super League,2022,21/06/2022,09:30,Beijing Guoan,Shenzhen,4,1,H,2.31,3.24,3.31,2.36,3.55,3.31,2.26,3.26,3.08,,,,,,,9,14,6,6,21,15,4,6
CHN,Super League,2022,21/06/2022,10:30,Cangzhou,Tianjin Jinmen Tiger,0,2,A,3.72,3.01,2.25,3.8,3.26,2.36,3.44,2.98,2.24,,,,,,,8,12,4,3,15,14,3,1
CHN,Super League,2022,21/06/2022,13:00,Shandong Taishan,Dalian Pro,3,0,H,1.34,5.18,8.95,1.4,5.5,10,1.32,5.06,8.89,,,,,,,16,6,5,1,10,18,9,4
CHN,Super League,2022,24/06/2022,11:30,Guangzhou City,Changchun Yatai,1,3,A,10.57,4.78,1.34,12.63,6.06,1.42,8.99,5.01,1.32,,,,,,,11,18,4,8,14,12,6,8
CHN,Super League,2022,24/06/2022,12:30,Dalian Pro,Henan Songshan Longmen,0,2,A,9.8,4.88,1.34,11.12,6,1.34,10.23,5.28,1.28,,,,,,,15,7,4,4,24,7,5,1
CHN,Super League,2022,25/06/2022,09:30,Cangzhou,Beijing Guoan,1,1,D,6.68,4.16,1.52,7.5,4.3,1.58,6.19,4,1.52,,,,,,,9,22,4,6,13,12,1,4
CHN,Super League,2022,25/06/2022,12:30,Tianjin Jinmen Tiger,Meizhou Hakka,1,0,H,3.98,3.24,2.06,3.98,3.24,2.25,3.5,3.1,2.16,,,,,,,13,7,4,2,9,13,3,3
CHN,Super League,2022,25/06/2022,12:30,Wuhan FC,Shanghai Port,1,2,A,8.16,4.12,1.46,9,4.33,1.6,7.29,3.97,1.47,,,,,,,11,14,4,4,11,12,1,8
CHN,Super League,2022,25/06/2022,12:30,Zhejiang Professional,Shandong Taishan,2,0,H,5.69,3.92,1.62,6.3,4.15,1.66,5.39,3.95,1.59,,,,,,,5,20,3,4,10,12,3,16
CHN,Super League,2022,26/06/2022,08:30,Wuhan Three Towns,Hebei,5,0,H,1.08,10.71,30.3,1.1,12.49,46.09,1.07,10.13,31.74,,,,,,,38,5,16,2,9,15,13,0
CHN,Super League,2022,26/06/2022,10:30,Shanghai Shenhua,Guangzhou FC,2,1,H,1.29,5.04,13.09,1.29,5.55,14,1.27,5.01,11.94,,,,,,,13,11,7,4,12,11,5,2
CHN,Super League,2022,26/06/2022,12:30,Chengdu Rongcheng,Shenzhen,2,2,D,2.32,3.04,3.51,2.6,3.21,3.57,2.35,3.04,3.17,,,,,,,17,10,6,2,17,19,6,4
CHN,Super League,2022,28/06/2022,11:30,Shandong Taishan,Henan Songshan Longmen,2,0,H,1.75,3.81,4.65,1.78,4.1,5,1.7,3.74,4.57,,,,,,,11,8,6,2,12,16,4,6
CHN,Super League,2022,28/06/2022,12:30,Guangzhou City,Dalian Pro,0,3,A,3.49,3.31,2.2,3.61,3.48,2.2,3.41,3.24,2.12,,,,,,,5,15,1,5,13,18,7,3
CHN,Super League,2022,29/06/2022,08:30,Shanghai Port,Shanghai Shenhua,1,1,D,2.39,3.14,3.26,2.48,3.24,3.4,2.35,3.02,3.15,,,,,,,7,16,2,6,14,10,8,0
CHN,Super League,2022,29/06/2022,10:00,Meizhou Hakka,Cangzhou,4,1,H,2.27,3.1,3.55,2.29,3.15,3.71,2.22,3.02,3.43,,,,,,,15,5,8,1,7,19,8,3
CHN,Super League,2022,29/06/2022,10:30,Shenzhen,Tianjin Jinmen Tiger,2,3,A,3.76,3.32,2.09,3.76,3.5,2.3,3.33,3.21,2.17,,,,,,,12,19,3,6,20,14,3,5
CHN,Super League,2022,29/06/2022,12:30,Changchun Yatai,Zhejiang Professional,1,1,D,1.95,3.33,4.26,1.95,3.5,4.6,1.9,3.32,4.09,,,,,,,8,11,4,3,14,13,4,6
CHN,Super League,2022,30/06/2022,10:30,Guangzhou FC,Wuhan Three Towns,1,2,A,35.92,15.23,1.05,51,21,1.06,34.6,13.09,1.04,,,,,,,6,17,3,5,14,12,3,5
CHN,Super League,2022,30/06/2022,12:30,Beijing Guoan,Chengdu Rongcheng,0,0,D,2.38,3.35,3.07,2.38,3.5,3.54,2.19,3.32,3.18,,,,,,,11,14,4,5,12,10,8,8
CHN,Super League,2022,30/06/2022,12:30,Hebei,Wuhan FC,2,1,H,9.15,4.52,1.39,9.5,4.75,1.41,8.35,4.47,1.37,,,,,,,3,20,2,5,13,12,0,5
CHN,Super League,2022,03/07/2022,09:30,Meizhou Hakka,Shenzhen,1,0,H,1.43,4.82,6.86,1.46,5.25,7.5,1.41,4.66,6.61,,,,,,,6,10,2,4,17,13,6,2
CHN,Super League,2022,03/07/2022,10:30,Dalian Pro,Changchun Yatai,2,2,D,4.44,3.68,1.81,4.65,3.68,2.06,3.97,3.26,1.94,,,,,,,24,12,7,4,13,7,10,6
CHN,Super League,2022,03/07/2022,10:30,Tianjin Jinmen Tiger,Beijing Guoan,1,2,A,2.7,3.32,2.69,2.83,3.43,2.7,2.72,3.19,2.52,,,,,,,14,10,3,4,15,18,5,0
CHN,Super League,2022,03/07/2022,12:30,Shandong Taishan,Guangzhou City,2,0,H,1.09,11.23,18.97,1.11,12,31,1.08,9.86,22.02,,,,,,,27,3,8,0,10,12,12,1
CHN,Super League,2022,03/07/2022,12:30,Wuhan Three Towns,Shanghai Shenhua,4,2,H,1.83,3.75,4.27,1.85,3.92,4.6,1.76,3.71,4.22,,,,,,,14,9,6,5,20,13,4,6
CHN,Super League,2022,03/07/2022,13:00,Zhejiang Professional,Henan Songshan Longmen,0,1,A,3.6,3.15,2.23,3.6,3.42,2.25,3.32,3.17,2.18,,,,,,,18,9,5,3,14,16,5,5
CHN,Super League,2022,04/07/2022,08:30,Wuhan FC,Guangzhou FC,2,1,H,2.59,2.98,3.11,2.59,3.22,3.35,2.39,2.97,3.11,,,,,,,10,9,5,2,7,9,4,2
CHN,Super League,2022,04/07/2022,10:30,Shanghai Port,Hebei,2,1,H,1.18,6.95,16.59,1.2,7.25,19,1.18,6.55,14.91,,,,,,,19,8,2,2,12,13,7,1
CHN,Super League,2022,04/07/2022,12:30,Chengdu Rongcheng,Cangzhou,1,1,D,1.54,4.02,6.6,1.57,4.2,6.8,1.52,3.91,6.25,,,,,,,17,5,5,3,22,12,5,2
CHN,Super League,2022,06/07/2022,11:30,Zhejiang Professional,Dalian Pro,2,0,H,2.01,3.41,3.9,2.2,3.5,3.9,2.1,3.29,3.42,,,,,,,8,18,1,4,10,13,2,5
CHN,Super League,2022,06/07/2022,12:30,Changchun Yatai,Shandong Taishan,1,2,A,5.79,4.1,1.58,6.5,4.2,1.65,5.61,3.9,1.57,,,,,,,7,19,5,6,15,14,1,4
CHN,Super League,2022,07/07/2022,10:30,Beijing Guoan,Meizhou Hakka,0,0,D,3.31,3.23,2.31,3.4,3.4,2.42,3.1,3.17,2.29,,,,,,,21,11,8,4,15,10,7,3
CHN,Super League,2022,07/07/2022,10:30,Shanghai Shenhua,Hebei,1,0,H,1.09,9.98,26.87,1.1,11.5,41,1.07,9.68,28.71,,,,,,,14,6,7,1,13,19,7,3
CHN,Super League,2022,07/07/2022,12:30,Cangzhou,Shenzhen,1,2,A,3.34,3.21,2.31,3.35,3.41,2.44,3.06,3.17,2.31,,,,,,,9,13,3,7,15,18,4,6
CHN,Super League,2022,07/07/2022,12:30,Henan Songshan Longmen,Guangzhou City,2,1,H,1.45,4.45,7.36,1.49,5.25,9.5,1.44,4.4,6.65,,,,,,,15,8,6,2,11,15,8,3
CHN,Super League,2022,08/07/2022,09:30,Chengdu Rongcheng,Tianjin Jinmen Tiger,2,1,H,2.49,2.94,3.32,2.8,3.2,3.32,2.54,2.93,2.94,,,,,,,8,13,2,6,10,11,4,5
CHN,Super League,2022,08/07/2022,10:30,Wuhan Three Towns,Wuhan FC,5,0,H,1.09,10.69,27.18,1.11,12,29,1.08,9.82,24.19,,,,,,,27,3,12,0,8,13,11,5
CHN,Super League,2022,08/07/2022,12:30,Guangzhou FC,Shanghai Port,0,1,A,11.7,5.06,1.27,14,5.9,1.31,10.77,5.32,1.26,,,,,,,7,14,1,3,15,5,2,7
CHN,Super League,2022,10/07/2022,11:30,Dalian Pro,Shandong Taishan,1,3,A,10.21,5.9,1.27,12,6.2,1.29,10.15,5.58,1.26,,,,,,,10,11,1,8,14,11,3,5
CHN,Super League,2022,10/07/2022,12:30,Zhejiang Professional,Guangzhou City,2,0,H,1.48,4.29,7.1,1.48,4.8,7.5,1.43,4.48,6.6,,,,,,,8,9,3,5,14,9,7,2
CHN,Super League,2022,11/07/2022,09:30,Meizhou Hakka,Chengdu Rongcheng,1,2,A,1.88,3.29,4.72,1.94,3.53,4.95,1.82,3.28,4.54,,,,,,,7,10,3,4,11,14,2,5
CHN,Super League,2022,11/07/2022,12:30,Hebei,Guangzhou FC,0,1,A,5.24,3.33,1.79,5.3,3.5,1.84,4.93,3.27,1.77,,,,,,,5,14,1,4,7,16,4,4
CHN,Super League,2022,11/07/2022,12:30,Henan Songshan Longmen,Changchun Yatai,6,2,H,2.42,3.35,3,2.49,3.55,3.05,2.36,3.28,2.88,,,,,,,16,11,10,2,8,13,5,2
CHN,Super League,2022,11/07/2022,12:30,Shenzhen,Beijing Guoan,2,1,H,5.46,3.65,1.69,6,4,1.7,5.28,3.71,1.63,,,,,,,14,8,6,3,17,18,5,3
CHN,Super League,2022,12/07/2022,10:30,Wuhan FC,Shanghai Shenhua,2,2,D,4.45,3.5,1.85,4.75,3.87,1.93,4.18,3.5,1.82,,,,,,,8,14,3,4,14,6,5,4
CHN,Super League,2022,12/07/2022,11:30,Shanghai Port,Wuhan Three Towns,0,1,A,3.78,3.77,1.93,4.24,4.21,1.98,3.7,3.85,1.84,,,,,,,12,11,4,2,16,18,5,5
CHN,Super League,2022,12/07/2022,12:30,Tianjin Jinmen Tiger,Cangzhou,3,0,H,1.89,3.55,4.21,1.96,3.68,4.35,1.87,3.45,3.97,,,,,,,13,14,8,3,13,7,7,3
CHN,Super League,2022,05/08/2022,10:30,Shanghai Shenhua,Changchun Yatai,0,0,D,2.52,3.35,2.86,2.8,3.51,2.9,2.51,3.24,2.73,,,,,,,3,9,0,3,17,13,1,1
CHN,Super League,2022,05/08/2022,12:30,Hebei,Chengdu Rongcheng,0,1,A,12.99,4.96,1.3,14.5,5.25,1.36,10.88,4.76,1.3,,,,,,,3,17,0,7,9,13,2,6
CHN,Super League,2022,05/08/2022,13:00,Shenzhen,Zhejiang Professional,0,2,A,5.33,3.85,1.66,6.3,4.1,1.77,4.92,3.8,1.65,,,,,,,5,17,0,9,11,13,4,4
CHN,Super League,2022,06/08/2022,10:30,Dalian Pro,Shanghai Port,1,1,D,5.42,3.96,1.63,5.7,4.35,1.66,5.03,3.94,1.61,,,,,,,12,12,6,8,10,6,6,4
CHN,Super League,2022,06/08/2022,12:30,Guangzhou City,Wuhan Three Towns,0,3,A,13.56,6.32,1.21,17,6.6,1.26,12.85,5.98,1.21,,,,,,,8,12,2,4,15,21,2,2
CHN,Super League,2022,06/08/2022,13:00,Tianjin Jinmen Tiger,Shandong Taishan,0,1,A,5.28,3.6,1.72,6.3,4,1.77,4.98,3.67,1.67,,,,,,,5,11,1,2,13,15,3,5
CHN,Super League,2022,07/08/2022,12:30,Henan Songshan Longmen,Beijing Guoan,3,0,H,2.14,3.43,3.48,2.2,3.69,3.6,2.1,3.4,3.28,,,,,,,10,15,4,0,12,19,2,8
CHN,Super League,2022,07/08/2022,12:30,Meizhou Hakka,Wuhan FC,2,1,H,1.76,3.41,5.31,1.8,3.72,5.5,1.72,3.43,4.99,,,,,,,18,7,8,4,17,9,6,3
CHN,Super League,2022,07/08/2022,13:00,Cangzhou,Guangzhou FC,2,0,H,2.82,3.1,2.73,2.99,3.27,2.95,2.67,2.99,2.74,,,,,,,12,20,6,4,10,14,3,3
CHN,Super League,2022,11/08/2022,13:00,Hebei,Tianjin Jinmen Tiger,3,4,A,9.17,4.48,1.39,9.17,4.75,1.46,8.22,4.38,1.38,,,,,,,6,19,5,10,5,10,4,8
CHN,Super League,2022,12/08/2022,12:30,Wuhan Three Towns,Beijing Guoan,5,1,H,1.24,6.13,11.91,1.25,7.2,13,1.22,6.27,10.99,,,,,,,13,14,7,7,11,15,2,8
CHN,Super League,2022,12/08/2022,13:00,Cangzhou,Shandong Taishan,0,2,A,8.66,4.55,1.4,8.67,4.9,1.42,7.77,4.59,1.38,,,,,,,8,17,1,3,7,16,4,2
CHN,Super League,2022,12/08/2022,13:00,Guangzhou FC,Chengdu Rongcheng,1,2,A,5.33,3.1,1.86,5.33,3.57,1.95,4.72,3.2,1.82,,,,,,,8,23,3,4,8,12,2,9
CHN,Super League,2022,13/08/2022,12:00,Henan Songshan Longmen,Meizhou Hakka,0,1,A,1.81,3.65,4.5,1.84,3.9,4.7,1.78,3.61,4.3,,,,,,,5,18,0,6,16,18,5,5
CHN,Super League,2022,13/08/2022,12:30,Guangzhou City,Wuhan FC,0,5,A,3.82,3.2,2.12,3.93,3.38,2.3,3.59,3.16,2.1,,,,,,,7,10,2,5,11,19,2,8
CHN,Super League,2022,15/08/2022,13:00,Hebei,Shandong Taishan,0,7,A,47.37,11.14,1.07,55,15,1.09,39.79,10.25,1.06,,,,,,,3,26,2,12,4,14,2,5
CHN,Super League,2022,15/08/2022,13:00,Tianjin Jinmen Tiger,Changchun Yatai,2,2,D,3.45,3.42,2.16,3.55,3.5,2.28,3.26,3.31,2.15,,,,,,,10,12,4,3,12,11,2,0
CHN,Super League,2022,16/08/2022,12:30,Shanghai Port,Shenzhen,2,0,H,1.66,3.76,5.53,1.69,4.11,5.85,1.64,3.79,5.01,,,,,,,10,6,4,4,17,18,2,2
CHN,Super League,2022,17/08/2022,10:30,Shanghai Shenhua,Chengdu Rongcheng,0,2,A,2.1,3.39,3.64,2.16,3.57,3.8,2.08,3.34,3.45,,,,,,,13,5,3,3,16,8,5,2
CHN,Super League,2022,17/08/2022,12:30,Henan Songshan Longmen,Wuhan Three Towns,0,3,A,6.15,4.32,1.52,6.54,4.55,1.54,5.82,4.23,1.5,,,,,,,10,18,4,6,17,19,3,3
CHN,Super League,2022,17/08/2022,12:30,Meizhou Hakka,Guangzhou City,2,1,H,1.19,6.89,15.29,1.2,7.25,18,1.18,6.62,14.29,,,,,,,22,8,7,4,13,8,6,4
CHN,Super League,2022,17/08/2022,12:30,Wuhan FC,Beijing Guoan,1,4,A,3.59,3.72,2.01,4,3.8,2.06,3.49,3.6,1.96,,,,,,,12,9,2,5,18,12,3,2
CHN,Super League,2022,18/08/2022,12:30,Dalian Pro,Cangzhou,2,0,H,1.96,3.57,3.91,2.12,3.6,3.91,2.05,3.38,3.42,,,,,,,18,4,3,0,19,11,9,1
CHN,Super League,2022,19/08/2022,13:00,Hebei,Changchun Yatai,1,7,A,12.58,5.8,1.22,15,6.84,1.22,13.08,6.25,1.2,,,,,,,12,22,3,10,7,15,3,10
CHN,Super League,2022,20/08/2022,12:30,Shanghai Port,Zhejiang Professional,1,1,D,2.16,3.34,3.54,2.22,3.41,3.62,2.13,3.26,3.35,,,,,,,14,16,2,6,14,16,4,6
CHN,Super League,2022,21/08/2022,12:00,Shandong Taishan,Chengdu Rongcheng,2,1,H,1.4,4.47,8.87,1.4,5,10,1.34,4.65,8.91,,,,,,,12,11,7,4,18,7,3,5
CHN,Super League,2022,21/08/2022,12:00,Wuhan FC,Henan Songshan Longmen,2,2,D,5.43,3.8,1.66,5.6,4,1.7,5.08,3.8,1.63,,,,,,,9,12,3,4,13,7,3,5
CHN,Super League,2022,21/08/2022,12:30,Guangzhou FC,Shenzhen,4,1,H,3.16,3.04,2.51,3.3,3.15,2.54,3.05,3.01,2.42,,,,,,,11,20,8,6,16,10,2,10
CHN,Super League,2022,21/08/2022,12:30,Shanghai Shenhua,Tianjin Jinmen Tiger,1,1,D,2.24,3.32,3.36,2.35,3.63,3.4,2.2,3.31,3.17,,,,,,,9,10,2,2,16,11,3,4
CHN,Super League,2022,22/08/2022,12:30,Beijing Guoan,Guangzhou City,1,0,H,1.17,7.94,13.33,1.21,8.25,15,1.17,7.29,12.84,,,,,,,24,7,9,1,15,12,12,1
CHN,Super League,2022,22/08/2022,12:30,Meizhou Hakka,Wuhan Three Towns,1,2,A,5.32,4.36,1.58,5.5,4.5,1.65,4.95,4.22,1.58,,,,,,,11,14,2,5,11,12,6,5
CHN,Super League,2022,24/08/2022,10:30,Cangzhou,Zhejiang Professional,1,1,D,6.68,4.42,1.48,6.95,4.55,1.52,6.38,4.29,1.46,,,,,,,8,11,2,5,13,19,2,4
CHN,Super League,2022,24/08/2022,12:30,Guangzhou FC,Dalian Pro,0,0,D,4.14,3.98,1.81,5.1,4.24,1.81,4.3,3.92,1.71,,,,,,,2,15,1,6,11,20,1,9
CHN,Super League,2022,26/08/2022,12:30,Beijing Guoan,Shanghai Shenhua,0,2,A,2.17,3.37,3.48,2.22,3.68,4,2.04,3.43,3.47,,,,,,,17,4,2,3,16,21,5,0
CHN,Super League,2022,27/08/2022,10:30,Shanghai Port,Tianjin Jinmen Tiger,1,0,H,2.02,3.28,3.58,2.21,4,4.9,1.94,3.36,3.9,,,,,,,12,8,4,2,11,19,5,3
CHN,Super League,2022,27/08/2022,12:30,Guangzhou City,Chengdu Rongcheng,1,2,A,10.68,5.05,1.32,11.5,5.4,1.4,9.15,4.78,1.33,,,,,,,5,16,1,4,14,13,1,5
CHN,Super League,2022,27/08/2022,12:30,Wuhan FC,Shandong Taishan,1,2,A,12.19,5.3,1.28,15,6.6,1.31,11.03,5.36,1.26,,,,,,,5,16,3,8,14,18,1,5
CHN,Super League,2022,28/08/2022,10:30,Cangzhou,Changchun Yatai,1,2,A,5.28,4.04,1.63,5.28,4.2,1.7,4.92,3.89,1.63,,,,,,,14,18,2,5,19,6,3,9
CHN,Super League,2022,28/08/2022,12:00,Henan Songshan Longmen,Guangzhou FC,2,1,H,1.61,4.07,5.51,1.63,4.1,5.51,1.6,3.91,5.2,,,,,,,18,9,4,5,20,17,5,1
CHN,Super League,2022,28/08/2022,12:30,Meizhou Hakka,Dalian Pro,4,2,H,1.72,3.8,4.9,1.75,4,4.9,1.7,3.73,4.57,,,,,,,18,15,8,6,11,17,5,5
CHN,Super League,2022,28/08/2022,12:30,Wuhan Three Towns,Shenzhen,5,1,H,1.12,9.48,18.6,1.15,10,21,1.12,8.55,16.91,,,,,,,21,11,7,2,18,15,4,2
CHN,Super League,2022,28/08/2022,12:30,Zhejiang Professional,Hebei,3,0,H,1.12,9.02,22.11,1.14,9.5,26,1.11,8.17,19.91,,,,,,,26,0,8,0,25,8,8,2
CHN,Super League,2022,31/08/2022,12:30,Shanghai Shenhua,Shandong Taishan,2,1,H,6.29,3.93,1.57,6.75,4.5,1.61,5.74,3.98,1.55,,,,,,,6,9,3,1,9,19,6,6
CHN,Super League,2022,01/09/2022,10:30,Cangzhou,Shanghai Port,0,0,D,5.68,3.64,1.67,6.25,3.85,1.71,5.4,3.58,1.65,,,,,,,8,12,3,1,14,7,4,3
CHN,Super League,2022,01/09/2022,12:30,Changchun Yatai,Chengdu Rongcheng,0,1,A,2.94,3.33,2.48,2.94,3.41,2.64,2.81,3.24,2.44,,,,,,,10,10,4,2,14,17,6,3
CHN,Super League,2022,01/09/2022,12:30,Dalian Pro,Shenzhen,5,1,H,1.83,3.86,4.16,1.88,4,4.4,1.79,3.74,4.03,,,,,,,15,11,10,4,16,11,5,6
CHN,Super League,2022,01/09/2022,12:30,Zhejiang Professional,Guangzhou FC,3,0,H,1.46,4.5,6.93,1.5,4.55,7.51,1.46,4.27,6.56,,,,,,,14,9,7,3,19,10,6,6
CHN,Super League,2022,03/09/2022,12:30,Guangzhou City,Tianjin Jinmen Tiger,2,0,H,4.91,3.89,1.7,5.25,4.15,1.79,4.83,3.83,1.65,,,,,,,6,17,5,4,12,12,2,4
CHN,Super League,2022,06/09/2022,12:30,Beijing Guoan,Zhejiang Professional,2,2,D,2.73,3.34,2.64,2.78,3.5,2.7,2.64,3.29,2.56,,,,,,,13,13,4,6,17,16,2,4
CHN,Super League,2022,09/09/2022,12:30,Guangzhou FC,Tianjin Jinmen Tiger,0,0,D,3.25,3.43,2.25,3.7,3.57,2.28,3.25,3.3,2.16,,,,,,,8,9,1,2,16,13,7,6
CHN,Super League,2022,10/09/2022,12:30,Meizhou Hakka,Hebei,6,0,H,1.05,15.45,50.88,1.05,17.86,71,1.04,13.51,41.11,,,,,,,19,4,10,1,16,4,5,1
CHN,Super League,2022,10/09/2022,12:30,Zhejiang Professional,Shanghai Shenhua,1,1,D,1.98,3.42,4.01,2.1,3.55,4.44,1.94,3.32,3.9,,,,,,,16,2,6,1,12,20,6,1
CHN,Super League,2022,13/09/2022,12:30,Guangzhou City,Guangzhou FC,1,0,H,3.04,3.26,2.45,3.04,3.3,2.71,2.81,3.15,2.49,,,,,,,11,11,6,3,16,10,1,7
CHN,Super League,2022,14/09/2022,12:30,Beijing Guoan,Hebei,3,1,H,,,,1.03,23,201,1.01,17.19,61.95,,,,,,,23,7,9,1,18,15,7,2
CHN,Super League,2022,14/09/2022,12:30,Henan Songshan Longmen,Tianjin Jinmen Tiger,0,1,A,,,,2.06,3.5,4.33,1.99,3.24,3.77,,,,,,,9,5,1,2,16,11,7,4
CHN,Super League,2022,14/09/2022,12:30,Meizhou Hakka,Zhejiang Professional,0,0,D,1.93,3.78,3.81,2.1,3.9,4,1.94,3.56,3.6,,,,,,,20,4,5,0,11,15,8,3
CHN,Super League,2022,14/09/2022,12:30,Shandong Taishan,Wuhan Three Towns,1,1,D,1.64,3.92,5.43,1.74,4.05,5.6,1.65,3.72,5.03,,,,,,,14,8,5,1,18,10,9,2
CHN,Super League,2022,20/09/2022,10:30,Changchun Yatai,Wuhan Three Towns,1,2,A,2.79,3.65,2.32,3.04,3.72,2.45,2.84,3.46,2.31,,,,,,,14,18,5,5,23,15,5,3
CHN,Super League,2022,20/09/2022,10:30,Shanghai Shenhua,Meizhou Hakka,1,0,H,3.44,3.2,2.27,3.45,3.3,2.51,3.21,3.14,2.26,,,,,,,4,5,2,0,16,13,2,7
CHN,Super League,2022,20/09/2022,12:30,Dalian Pro,Hebei,2,1,H,1.1,10.1,30.34,1.1,10.5,30.34,1.08,9.34,23.92,,,,,,,18,8,7,3,13,12,8,0
CHN,Super League,2022,20/09/2022,12:30,Henan Songshan Longmen,Shanghai Port,1,2,A,3.54,3.31,2.17,3.86,3.5,2.17,3.65,3.3,2.02,,,,,,,18,10,7,4,15,18,10,6
CHN,Super League,2022,20/09/2022,12:30,Wuhan FC,Shenzhen,0,3,A,3.51,3.45,2.13,3.6,3.59,2.21,3.29,3.37,2.12,,,,,,,5,9,2,5,13,14,5,8
CHN,Super League,2022,24/09/2022,10:30,Changchun Yatai,Wuhan FC,2,0,H,1.31,5.31,10.15,1.36,5.75,10.15,1.31,5.06,8.96,,,,,,,14,5,3,0,14,13,7,2
CHN,Super League,2022,24/09/2022,12:30,Dalian Pro,Beijing Guoan,2,2,D,2.74,3.54,2.52,2.9,3.7,2.53,2.64,3.47,2.47,,,,,,,7,14,3,9,15,12,3,8
CHN,Super League,2022,24/09/2022,12:30,Wuhan Three Towns,Cangzhou,3,4,A,1.5,4.46,6.26,1.55,4.75,6.26,1.52,4.3,5.52,,,,,,,24,11,11,4,16,23,4,2
CHN,Super League,2022,24/09/2022,13:00,Shenzhen,Shandong Taishan,0,4,A,14.95,6.03,1.22,17,7,1.23,13.4,6.05,1.2,,,,,,,5,22,1,11,10,8,2,8
CHN,Super League,2022,25/09/2022,10:30,Shanghai Port,Guangzhou City,2,0,H,1.21,6.46,13.29,1.24,6.8,15,1.21,6.09,12.33,,,,,,,12,3,7,0,16,14,1,0
CHN,Super League,2022,25/09/2022,13:00,Chengdu Rongcheng,Henan Songshan Longmen,0,0,D,2.2,3.16,3.64,2.45,3.38,3.98,2.19,3.16,3.37,,,,,,,11,3,3,2,15,16,6,3
CHN,Super League,2022,29/09/2022,10:30,Shanghai Port,Chengdu Rongcheng,3,0,H,1.88,3.27,4.81,1.96,3.46,4.81,1.9,3.26,4.17,,,,,,,10,8,5,2,9,9,1,2
CHN,Super League,2022,29/09/2022,12:30,Dalian Pro,Shanghai Shenhua,1,2,A,2.64,3.14,2.89,2.76,3.43,2.89,2.52,3.18,2.75,,,,,,,9,6,2,2,17,9,6,5
CHN,Super League,2022,29/09/2022,12:30,Wuhan FC,Cangzhou,1,4,A,5.15,3.97,1.65,5.3,4.34,1.7,4.86,3.95,1.62,,,,,,,11,9,4,4,12,15,2,3
CHN,Super League,2022,30/09/2022,10:30,Changchun Yatai,Shenzhen,1,0,H,1.69,3.74,5.29,1.76,4,5.5,1.67,3.77,4.78,,,,,,,8,11,4,0,12,16,5,3
CHN,Super League,2022,04/10/2022,08:30,Hebei,Cangzhou,0,5,A,15.37,8.15,1.18,17.5,8.15,1.21,14.49,7.08,1.16,,,,,,,9,13,1,10,15,11,2,2
CHN,Super League,2022,04/10/2022,12:30,Dalian Pro,Tianjin Jinmen Tiger,0,2,A,2.17,3.4,3.46,2.36,3.51,3.47,2.23,3.35,3.07,,,,,,,13,4,2,2,14,9,3,1
CHN,Super League,2022,04/10/2022,12:30,Guangzhou City,Shenzhen,1,1,D,2.85,3.31,2.56,3,3.36,2.63,2.8,3.18,2.49,,,,,,,10,13,2,3,17,17,1,5
CHN,Super League,2022,04/10/2022,12:30,Shanghai Shenhua,Henan Songshan Longmen,1,0,H,3.11,3.05,2.53,3.29,3.1,2.67,3.04,2.93,2.48,,,,,,,10,11,4,6,17,12,4,9
CHN,Super League,2022,04/10/2022,12:30,Zhejiang Professional,Wuhan Three Towns,2,1,H,3.9,4.15,1.82,4.01,4.15,1.92,3.66,3.87,1.85,,,,,,,12,17,6,4,20,11,9,10
CHN,Super League,2022,05/10/2022,08:30,Changchun Yatai,Guangzhou FC,0,0,D,1.67,3.69,5.6,1.73,3.86,5.9,1.68,3.59,5.06,,,,,,,7,11,1,1,10,10,4,3
CHN,Super League,2022,05/10/2022,12:30,Meizhou Hakka,Shandong Taishan,1,2,A,5.34,3.49,1.74,5.4,3.75,1.78,4.9,3.46,1.72,,,,,,,12,15,8,5,17,10,3,4
CHN,Super League,2022,05/10/2022,12:30,Shanghai Port,Beijing Guoan,0,1,A,1.8,3.65,4.57,1.81,3.89,4.6,1.76,3.71,4.23,,,,,,,12,11,4,5,10,10,4,4
CHN,Super League,2022,05/10/2022,12:30,Wuhan FC,Chengdu Rongcheng,0,1,A,7.14,4.38,1.47,8,4.61,1.58,6.49,4.16,1.48,,,,,,,8,17,2,3,17,13,3,10
CHN,Super League,2022,08/10/2022,12:30,Henan Songshan Longmen,Hebei,1,0,H,1.06,13.19,34.04,1.07,15,41,1.05,12.28,31.83,,,,,,,15,2,4,1,13,12,6,2
CHN,Super League,2022,08/10/2022,13:00,Cangzhou,Guangzhou City,0,0,D,1.49,4.47,6.38,1.61,4.6,7.01,1.47,4.26,6.4,,,,,,,6,3,2,1,16,13,4,2
CHN,Super League,2022,08/10/2022,13:00,Tianjin Jinmen Tiger,Wuhan Three Towns,0,1,A,5.49,3.74,1.67,5.52,4,1.71,4.91,3.74,1.66,,,,,,,7,10,3,4,5,12,5,3
CHN,Super League,2022,09/10/2022,08:30,Changchun Yatai,Shanghai Port,1,4,A,5.56,3.47,1.72,5.9,3.75,1.87,5.04,3.54,1.69,,,,,,,7,16,3,8,8,11,6,5
CHN,Super League,2022,09/10/2022,12:30,Beijing Guoan,Shandong Taishan,3,3,D,3.42,3.55,2.13,3.72,3.63,2.16,3.28,3.44,2.09,,,,,,,8,18,4,9,18,13,3,5
CHN,Super League,2022,09/10/2022,12:30,Dalian Pro,Chengdu Rongcheng,2,0,H,2.84,3.08,2.73,2.94,3.32,2.73,2.83,3.07,2.53,,,,,,,6,11,3,2,16,9,7,6
CHN,Super League,2022,09/10/2022,12:30,Guangzhou FC,Meizhou Hakka,1,3,A,5.34,3.69,1.69,5.8,3.75,1.69,5.18,3.58,1.66,,,,,,,9,12,2,5,13,15,5,4
CHN,Super League,2022,09/10/2022,12:30,Wuhan FC,Zhejiang Professional,0,3,A,15.61,6.72,1.19,17,6.72,1.33,13.06,5.96,1.21,,,,,,,8,14,3,8,17,18,5,6
CHN,Super League,2022,09/10/2022,13:00,Shenzhen,Shanghai Shenhua,0,0,D,4.06,3.23,2.04,4.24,3.33,2.1,3.83,3.17,2.02,,,,,,,6,7,2,1,18,17,4,3
CHN,Super League,2022,24/10/2022,08:00,Chengdu Rongcheng,Zhejiang Professional,1,1,D,2.85,3.28,2.57,3.19,3.28,2.69,2.82,3.15,2.5,,,,,,,10,17,1,4,11,14,2,5
CHN,Super League,2022,24/10/2022,08:00,Henan Songshan Longmen,Cangzhou,3,0,H,2.01,3.44,3.9,2.15,3.72,3.91,2.02,3.38,3.57,,,,,,,13,12,3,2,15,13,5,3
CHN,Super League,2022,24/10/2022,08:30,Changchun Yatai,Beijing Guoan,0,1,A,4.15,3.82,1.83,4.6,4,2.05,3.85,3.69,1.86,,,,,,,6,15,1,5,18,19,3,8
CHN,Super League,2022,24/10/2022,10:30,Shanghai Port,Meizhou Hakka,7,0,H,1.54,4.31,5.94,1.55,4.6,7.11,1.49,4.2,6.15,,,,,,,20,9,12,3,11,11,8,2
CHN,Super League,2022,24/10/2022,12:30,Shandong Taishan,Guangzhou FC,3,0,H,1.18,7.07,14.57,1.19,7.7,21,1.16,6.95,15.27,,,,,,,17,3,8,1,11,12,5,3
CHN,Super League,2022,24/10/2022,13:00,Shenzhen,Hebei,2,1,H,1.12,8.13,31.29,1.15,13,36,1.11,8.05,25.83,,,,,,,9,8,2,2,12,12,1,4
CHN,Super League,2022,24/10/2022,13:00,Tianjin Jinmen Tiger,Wuhan FC,3,1,H,1.58,3.81,6.42,1.6,4.1,6.5,1.56,3.79,5.87,,,,,,,14,6,6,2,7,16,7,3
CHN,Super League,2022,25/10/2022,10:30,Shanghai Shenhua,Guangzhou City,1,1,D,1.5,3.98,6.92,1.55,4.25,8.53,1.51,3.83,6.64,,,,,,,11,6,6,4,15,13,6,1
CHN,Super League,2022,25/10/2022,12:30,Wuhan Three Towns,Dalian Pro,4,0,H,1.24,6.36,10.79,1.25,6.6,13,1.23,6.1,10.53,,,,,,,15,8,8,3,8,22,2,2
CHN,Super League,2022,29/10/2022,08:00,Hebei,Guangzhou City,0,4,A,22.09,10.03,1.11,35,10.71,1.14,22.82,8.98,1.1,,,,,,,5,16,0,7,11,9,3,2
CHN,Super League,2022,29/10/2022,08:30,Changchun Yatai,Meizhou Hakka,1,0,H,2.86,3.24,2.6,2.93,3.5,2.6,2.79,3.26,2.46,,,,,,,5,18,2,2,15,10,1,10
CHN,Super League,2022,29/10/2022,10:30,Shanghai Shenhua,Cangzhou,1,2,A,2.38,3,3.44,2.42,3.42,3.44,2.26,3.15,3.2,,,,,,,10,13,5,6,9,19,5,6
CHN,Super League,2022,29/10/2022,12:00,Shenzhen,Henan Songshan Longmen,0,2,A,5.5,3.88,1.62,6.5,4.2,1.66,5.35,3.86,1.6,,,,,,,6,14,1,3,12,15,4,4
CHN,Super League,2022,29/10/2022,12:30,Beijing Guoan,Guangzhou FC,4,1,H,1.16,7.59,16.97,1.17,8.7,22.5,1.14,7.61,17.28,,,,,,,15,3,8,1,6,12,9,1
CHN,Super League,2022,29/10/2022,12:30,Wuhan Three Towns,Chengdu Rongcheng,0,1,A,1.23,5.93,13.35,1.27,6.5,13.35,1.23,5.78,11.71,,,,,,,10,9,3,7,20,15,5,5
CHN,Super League,2022,29/10/2022,13:00,Tianjin Jinmen Tiger,Zhejiang Professional,1,2,A,2.2,3.19,3.63,2.34,3.6,3.63,2.18,3.22,3.31,,,,,,,14,11,5,5,14,18,9,6
CHN,Super League,2022,30/10/2022,11:30,Dalian Pro,Wuhan FC,2,1,H,1.46,4.5,6.9,1.5,4.5,7.5,1.46,4.31,6.43,,,,,,,16,9,4,3,11,15,5,3
CHN,Super League,2022,30/10/2022,11:30,Shandong Taishan,Shanghai Port,3,1,H,2.72,3.3,2.68,2.84,3.56,3.25,2.62,3.19,2.66,,,,,,,12,8,5,4,17,10,3,4
CHN,Super League,2022,03/11/2022,07:30,Changchun Yatai,Shanghai Shenhua,0,0,D,3.34,2.97,2.45,3.34,3.3,2.57,3.03,3.03,2.42,,,,,,,8,10,2,3,14,10,5,4
CHN,Super League,2022,03/11/2022,09:30,Shandong Taishan,Tianjin Jinmen Tiger,4,1,H,1.17,7.44,15.94,1.2,7.75,18.12,1.16,7.09,14.71,,,,,,,7,11,3,3,12,13,2,1
CHN,Super League,2022,03/11/2022,11:00,Zhejiang Professional,Shenzhen,0,2,A,1.47,4.43,6.8,1.52,4.76,7,1.46,4.42,6.24,,,,,,,13,9,1,3,12,11,9,5
CHN,Super League,2022,03/11/2022,11:30,Chengdu Rongcheng,Hebei,6,0,H,1.05,13.84,50.45,1.05,23,61,1.03,14.17,39.02,,,,,,,24,4,10,0,15,7,7,1
CHN,Super League,2022,03/11/2022,11:30,Wuhan Three Towns,Guangzhou City,4,1,H,1.16,7.67,15.58,1.06,15,46,1.05,12.34,33.58,,,,,,,25,2,10,1,13,30,7,1
CHN,Super League,2022,04/11/2022,09:30,Shanghai Port,Dalian Pro,2,1,H,1.11,9.46,19.21,1.14,11.01,26,1.1,9.47,19.96,,,,,,,8,12,5,3,10,15,3,3
CHN,Super League,2022,04/11/2022,11:00,Guangzhou FC,Cangzhou,3,3,D,8.9,5.86,1.3,11,6.2,1.31,9.29,5.57,1.27,,,,,,,10,20,5,7,10,9,2,13
CHN,Super League,2022,04/11/2022,11:30,Beijing Guoan,Henan Songshan Longmen,2,1,H,2.66,3.18,2.83,2.66,3.47,3,2.51,3.2,2.75,,,,,,,15,18,5,4,16,17,2,7
CHN,Super League,2022,04/11/2022,11:30,Wuhan FC,Meizhou Hakka,0,0,D,5.59,4.39,1.56,6,4.5,1.67,5.47,4.24,1.53,,,,,,,8,17,0,2,15,10,0,1
CHN,Super League,2022,07/11/2022,09:30,Shandong Taishan,Shanghai Shenhua,2,0,H,1.26,5.75,11.1,1.28,6.4,13,1.24,5.83,10.88,,,,,,,17,6,7,2,13,10,5,4
CHN,Super League,2022,07/11/2022,11:00,Tianjin Jinmen Tiger,Hebei,5,0,H,1.05,14.56,49.74,1.05,26,67,1.02,16.31,39.61,,,,,,,18,7,8,2,8,12,6,4
CHN,Super League,2022,07/11/2022,11:30,Chengdu Rongcheng,Changchun Yatai,2,2,D,2.34,3.13,3.37,2.34,3.38,3.84,2.2,3.09,3.39,,,,,,,32,7,13,4,11,18,12,0
CHN,Super League,2022,08/11/2022,07:00,Guangzhou FC,Zhejiang Professional,1,5,A,5.4,4.13,1.61,6.1,4.26,1.65,5.3,3.9,1.59,,,,,,,9,21,6,9,14,14,2,5
CHN,Super League,2022,08/11/2022,07:30,Wuhan FC,Guangzhou City,2,1,H,2.7,3.39,2.64,2.7,3.47,2.9,2.52,3.3,2.67,,,,,,,9,12,5,2,17,10,6,3
CHN,Super League,2022,08/11/2022,09:30,Shanghai Port,Cangzhou,2,0,H,1.32,5.93,7.9,1.33,6.5,10,1.27,5.85,8.56,,,,,,,6,8,3,3,13,10,1,3
CHN,Super League,2022,08/11/2022,11:30,Beijing Guoan,Wuhan Three Towns,0,2,A,4.29,4.07,1.76,4.59,4.32,1.77,4.11,3.98,1.72,,,,,,,10,12,1,6,14,18,3,4
CHN,Super League,2022,08/11/2022,11:30,Meizhou Hakka,Henan Songshan Longmen,3,2,H,3.08,3.25,2.43,3.29,3.47,2.43,3.06,3.25,2.27,,,,,,,17,10,8,6,14,21,1,5
CHN,Super League,2022,08/11/2022,12:00,Shenzhen,Dalian Pro,0,2,A,2.68,3.23,2.79,2.79,3.56,2.86,2.58,3.25,2.64,,,,,,,9,9,2,5,15,15,6,7
CHN,Super League,2022,12/11/2022,09:30,Shandong Taishan,Hebei,4,0,H,1.02,17.54,33.1,1.03,34,101,1.01,19.91,55.61,,,,,,,25,1,8,0,16,11,8,0
CHN,Super League,2022,12/11/2022,11:00,Changchun Yatai,Tianjin Jinmen Tiger,2,3,A,2.65,3.38,2.7,2.65,3.44,2.85,2.53,3.26,2.67,,,,,,,12,12,3,7,15,11,4,4
CHN,Super League,2022,12/11/2022,11:30,Chengdu Rongcheng,Shanghai Shenhua,3,2,H,1.85,3.2,5.09,1.95,3.4,5.5,1.88,3.18,4.44,,,,,,,20,4,10,2,9,11,10,1
CHN,Super League,2022,12/11/2022,11:30,Guangzhou City,Meizhou Hakka,0,1,A,5.45,3.75,1.67,5.5,4.22,1.83,4.72,3.76,1.68,,,,,,,6,10,3,4,21,21,6,6
CHN,Super League,2022,13/11/2022,07:00,Dalian Pro,Guangzhou FC,1,1,D,1.52,4.53,5.88,1.91,4.75,6.9,1.5,4.29,5.92,,,,,,,17,6,3,2,19,14,5,1
CHN,Super League,2022,13/11/2022,11:00,Shenzhen,Shanghai Port,0,3,A,42.95,13.83,1.05,58.27,15.8,1.06,39.68,12.03,1.04,,,,,,,5,8,3,3,13,12,1,4
CHN,Super League,2022,13/11/2022,11:30,Beijing Guoan,Wuhan FC,3,1,H,1.34,5.04,9.4,1.36,5.25,10,1.33,4.95,8.59,,,,,,,17,7,5,3,14,18,4,4
CHN,Super League,2022,13/11/2022,11:30,Wuhan Three Towns,Henan Songshan Longmen,1,3,A,1.45,4.8,6.58,1.5,5,6.75,1.44,4.57,6.18,,,,,,,13,10,7,6,12,12,5,5
CHN,Super League,2022,13/11/2022,11:30,Zhejiang Professional,Cangzhou,3,3,D,3.68,3.64,2,3.95,3.75,2.18,3.41,3.48,2.03,,,,,,,14,10,4,7,12,18,5,4
CHN,Super League,2022,21/11/2022,11:00,Changchun Yatai,Hebei,4,1,H,1.03,13.84,49.86,1.03,26,81,1.02,17.21,47.21,,,,,,,16,7,7,2,14,12,8,1
CHN,Super League,2022,21/11/2022,11:00,Tianjin Jinmen Tiger,Shanghai Shenhua,2,1,H,1.96,3.5,3.98,2.05,3.75,4.33,1.92,3.46,3.82,,,,,,,9,13,2,3,14,12,2,3
CHN,Super League,2022,21/11/2022,11:30,Chengdu Rongcheng,Shandong Taishan,2,1,H,4.94,3.99,1.68,5.1,4.2,1.7,4.83,3.93,1.63,,,,,,,,,,,,,,
CHN,Super League,2022,21/11/2022,11:30,Guangzhou City,Beijing Guoan,1,2,A,5.77,4.25,1.56,6.8,4.7,1.58,5.88,4.23,1.5,,,,,,,11,8,1,4,19,16,9,5
CHN,Super League,2022,21/11/2022,11:30,Wuhan Three Towns,Meizhou Hakka,3,0,H,1.13,8.74,20.96,1.13,10,29,1.1,8.61,20.56,,,,,,,23,7,7,1,18,7,11,2
CHN,Super League,2022,22/11/2022,11:00,Cangzhou,Dalian Pro,1,1,D,1.88,3.88,3.91,1.94,4.07,4.2,1.87,3.71,3.73,,,,,,,12,9,6,4,13,19,4,4
CHN,Super League,2022,22/11/2022,11:30,Henan Songshan Longmen,Wuhan FC,3,0,H,1.22,6.71,11.45,1.25,7,14,1.2,6.59,11.71,,,,,,,16,11,8,2,15,9,4,3
CHN,Super League,2022,22/11/2022,11:30,Shenzhen,Guangzhou FC,2,1,H,2.26,3.35,3.3,2.3,3.5,3.5,2.16,3.31,3.22,,,,,,,12,19,5,6,15,17,5,8
CHN,Super League,2022,22/11/2022,11:30,Zhejiang Professional,Shanghai Port,2,1,H,4.46,4.03,1.74,5.4,4.35,1.79,4.4,4.02,1.68,,,,,,,10,20,3,9,9,8,3,14
CHN,Super League,2022,25/11/2022,11:00,Chengdu Rongcheng,Guangzhou City,3,0,H,1.51,4.25,6.67,1.54,4.65,7.56,1.45,4.27,6.74,,,,,,,14,4,6,2,15,14,9,2
CHN,Super League,2022,25/11/2022,11:30,Shanghai Shenhua,Beijing Guoan,1,2,A,5.64,4.16,1.58,6,4.4,1.61,5.46,4.11,1.54,,,,,,,7,14,1,4,9,14,2,4
CHN,Super League,2022,26/11/2022,07:00,Changchun Yatai,Cangzhou,0,2,A,2.41,3.63,2.82,2.55,3.65,2.95,2.39,3.41,2.75,,,,,,,6,7,1,4,10,16,9,1
CHN,Super League,2022,26/11/2022,07:00,Dalian Pro,Meizhou Hakka,2,1,H,2.65,3.35,2.71,2.86,3.58,2.71,2.66,3.34,2.5,,,,,,,13,9,9,2,11,9,4,6
CHN,Super League,2022,26/11/2022,09:30,Shandong Taishan,Wuhan FC,5,0,H,1.04,17.62,50.37,1.04,27,81,1.02,15.92,51.23,,,,,,,24,6,7,1,6,11,6,3
CHN,Super League,2022,26/11/2022,11:00,Hebei,Zhejiang Professional,1,6,A,41.42,16.34,1.03,126,30,1.03,53.18,17.72,1.02,,,,,,,8,35,3,13,10,14,2,7
CHN,Super League,2022,26/11/2022,11:30,Guangzhou FC,Henan Songshan Longmen,1,1,D,6.73,4.81,1.44,9,5.79,1.45,7.45,4.93,1.36,,,,,,,11,21,4,8,14,13,6,10
CHN,Super League,2022,26/11/2022,11:30,Shenzhen,Wuhan Three Towns,0,4,A,41.09,11.83,1.04,121,32,1.03,48.47,18.22,1.01,,,,,,,1,35,0,17,8,14,1,10
CHN,Super League,2022,26/11/2022,12:00,Tianjin Jinmen Tiger,Shanghai Port,1,0,H,5.4,4.06,1.62,5.75,4.4,1.63,5.22,4.06,1.57,,,,,,,5,11,3,2,12,13,1,8
CHN,Super League,2022,30/11/2022,07:00,Shandong Taishan,Cangzhou,2,3,A,1.23,6.29,12.33,1.27,6.51,14,1.23,6.03,10.45,,,,,,,28,11,6,4,12,19,7,3
CHN,Super League,2022,30/11/2022,11:00,Hebei,Dalian Pro,1,4,A,14.62,12.09,1.1,31,18,1.11,21.38,11.67,1.07,,,,,,,6,24,4,8,9,16,2,7
CHN,Super League,2022,30/11/2022,11:00,Tianjin Jinmen Tiger,Guangzhou City,1,0,H,3.13,3.44,2.24,3.4,3.44,2.34,3.16,3.24,2.22,,,,,,,12,5,4,2,12,16,5,4
CHN,Super League,2022,30/11/2022,11:30,Shanghai Port,Henan Songshan Longmen,1,3,A,2.17,3.41,3.45,2.17,3.87,3.64,2.04,3.56,3.29,,,,,,,13,9,6,6,10,18,10,4
CHN,Super League,2022,30/11/2022,11:30,Shenzhen,Wuhan FC,1,2,A,3.74,3.64,1.94,4.1,3.66,2.15,3.69,3.45,1.94,,,,,,,5,9,2,3,10,13,3,6
CHN,Super League,2022,30/11/2022,11:30,Wuhan Three Towns,Changchun Yatai,2,3,A,1.22,6.92,11.34,1.25,7.75,16.5,1.2,6.84,11.16,,,,,,,20,8,5,4,18,19,9,2
CHN,Super League,2022,30/11/2022,11:30,Zhejiang Professional,Beijing Guoan,2,0,H,2.65,3.8,2.48,2.69,3.83,3,2.53,3.6,2.5,,,,,,,13,14,4,6,23,16,3,5
CHN,Super League,2022,01/12/2022,11:00,Chengdu Rongcheng,Guangzhou FC,2,0,H,1.47,4.56,6.62,1.55,4.9,7.22,1.46,4.43,6.21,,,,,,,21,12,9,2,14,15,5,7
CHN,Super League,2022,01/12/2022,11:30,Meizhou Hakka,Shanghai Shenhua,0,1,A,1.79,3.79,4.47,1.87,4.31,4.64,1.75,3.73,4.32,,,,,,,3,5,0,1,18,15,1,6
CHN,Super League,2022,04/12/2022,11:00,Cangzhou,Wuhan Three Towns,0,4,A,9.43,6.81,1.24,11,7.97,1.26,9.75,6.8,1.21,,,,,,,5,20,2,9,15,12,1,4
CHN,Super League,2022,04/12/2022,11:30,Guangzhou City,Shanghai Port,1,2,A,30.6,11.27,1.08,44.94,13,1.08,31.37,10.92,1.06,,,,,,,6,31,1,10,12,7,2,14
CHN,Super League,2022,04/12/2022,11:30,Wuhan FC,Changchun Yatai,1,1,D,2.24,3.68,3.06,2.36,3.73,3.29,2.17,3.51,3.01,,,,,,,12,13,5,4,15,8,5,9
CHN,Super League,2022,05/12/2022,07:30,Beijing Guoan,Dalian Pro,1,3,A,1.69,4.1,4.65,1.69,4.38,5.83,1.59,3.98,5.13,,,,,,,14,13,3,4,14,17,3,3
CHN,Super League,2022,05/12/2022,11:00,Hebei,Meizhou Hakka,0,4,A,9.35,6.54,1.26,14,7.5,1.32,10.09,6.35,1.22,,,,,,,2,11,1,5,5,10,2,2
CHN,Super League,2022,05/12/2022,11:00,Tianjin Jinmen Tiger,Guangzhou FC,0,0,D,1.6,4.12,5.46,1.64,4.25,5.7,1.58,4,5.14,,,,,,,11,6,5,1,11,9,2,3
CHN,Super League,2022,05/12/2022,11:30,Henan Songshan Longmen,Chengdu Rongcheng,0,1,A,2.24,3.45,3.24,2.25,3.6,3.25,2.18,3.43,3.06,,,,,,,8,14,2,4,25,17,5,2
CHN,Super League,2022,05/12/2022,11:30,Shanghai Shenhua,Zhejiang Professional,0,2,A,4.94,3.88,1.7,5.09,3.93,1.72,4.72,3.75,1.67,,,,,,,6,10,0,5,16,15,8,5
CHN,Super League,2022,09/12/2022,11:00,Cangzhou,Wuhan FC,1,0,H,1.55,4.28,5.8,1.58,4.45,7,1.5,4.19,5.92,,,,,,,10,9,5,3,17,15,2,4
CHN,Super League,2022,09/12/2022,11:30,Shanghai Shenhua,Dalian Pro,1,2,A,2.87,3.19,2.61,3.1,3.25,2.61,2.93,3.06,2.45,,,,,,,6,17,2,5,11,14,5,9
CHN,Super League,2022,09/12/2022,11:30,Wuhan Three Towns,Shandong Taishan,1,1,D,2.18,3.65,3.2,2.2,3.78,3.37,2.11,3.58,3.09,,,,,,,10,11,2,3,19,19,4,6
CHN,Super League,2022,10/12/2022,07:00,Chengdu Rongcheng,Shanghai Port,0,0,D,2.29,3.42,3.17,2.36,3.66,3.37,2.2,3.39,3.07,,,,,,,13,5,7,2,14,21,4,0
CHN,Super League,2022,10/12/2022,07:00,Hebei,Beijing Guoan,0,4,A,35.56,17.27,1.05,101,19.5,1.05,39.81,14.85,1.03,,,,,,,4,22,0,9,13,15,2,7
CHN,Super League,2022,10/12/2022,11:00,Shenzhen,Changchun Yatai,0,2,A,5.34,4.03,1.63,5.75,4.09,1.76,4.81,3.73,1.67,,,,,,,10,20,5,6,9,11,6,5
CHN,Super League,2022,10/12/2022,11:30,Guangzhou FC,Guangzhou City,0,0,D,2.63,3.29,2.91,2.68,3.52,2.92,2.49,3.27,2.71,,,,,,,4,12,1,2,11,13,3,5
CHN,Super League,2022,10/12/2022,11:30,Zhejiang Professional,Meizhou Hakka,2,0,H,1.65,4.13,5.46,1.68,4.2,5.9,1.62,3.95,4.92,,,,,,,11,5,7,1,20,22,3,3
CHN,Super League,2022,10/12/2022,12:00,Tianjin Jinmen Tiger,Henan Songshan Longmen,1,1,D,2.89,3.6,2.38,3.3,3.63,2.4,2.84,3.45,2.3,,,,,,,8,7,3,3,15,18,1,2
CHN,Super League,2022,14/12/2022,07:00,Dalian Pro,Wuhan Three Towns,1,2,A,9.75,5,1.34,11.3,5.56,1.37,9,5.12,1.3,,,,,,,9,18,4,6,12,12,8,4
CHN,Super League,2022,14/12/2022,09:00,Wuhan FC,Tianjin Jinmen Tiger,0,3,A,,,,13.5,7,1.29,10.19,6.42,1.23,,,,,,,10,23,3,14,13,13,4,11
CHN,Super League,2022,14/12/2022,11:30,Guangzhou City,Shanghai Shenhua,1,1,D,3.25,3.12,2.41,3.42,3.22,2.65,3.12,2.99,2.37,,,,,,,10,7,6,3,12,14,3,1
CHN,Super League,2022,15/12/2022,07:00,Beijing Guoan,Changchun Yatai,3,0,H,1.2,5.59,11.13,1.26,7.5,17,1.19,6.58,12.05,,,,,,,26,3,11,1,18,6,14,0
CHN,Super League,2022,15/12/2022,11:00,Cangzhou,Henan Songshan Longmen,1,1,D,3.62,3.22,2.18,3.95,3.5,2.54,3.34,3.12,2.21,,,,,,,7,9,3,2,20,11,2,1
CHN,Super League,2022,15/12/2022,11:30,Guangzhou FC,Shandong Taishan,2,4,A,14.96,6.62,1.2,20.07,7.09,1.27,14.47,6.36,1.18,,,,,,,14,17,4,8,10,21,5,3
CHN,Super League,2022,15/12/2022,11:30,Meizhou Hakka,Shanghai Port,0,1,A,3.24,3.34,2.29,3.35,3.37,2.57,3.03,3.15,2.34,,,,,,,7,15,1,4,8,8,4,14
CHN,Super League,2022,15/12/2022,11:30,Zhejiang Professional,Chengdu Rongcheng,1,1,D,2.37,3.16,3.27,2.4,3.28,3.35,2.32,3.12,3.09,,,,,,,8,11,7,3,29,18,1,7
CHN,Super League,2022,15/12/2022,12:00,Hebei,Shenzhen,2,0,H,5.5,4.21,1.53,7.75,5.1,1.53,6.6,4.41,1.43,,,,,,,6,9,2,3,15,17,2,7
CHN,Super League,2022,19/12/2022,11:00,Shandong Taishan,Shenzhen,8,0,H,1.04,14.59,50.73,1.04,41,301,1.01,21.05,71.71,,,,,,,32,4,15,1,15,5,5,1
CHN,Super League,2022,23/12/2022,07:00,Guangzhou City,Hebei,4,1,H,1.02,14.79,36.37,1.07,36,111,1.02,18.32,53.22,,,,,,,19,6,7,2,16,7,6,1
CHN,Super League,2022,23/12/2022,07:00,Guangzhou FC,Beijing Guoan,1,3,A,4.44,3.52,1.86,4.6,4,1.96,3.95,3.44,1.89,,,,,,,5,15,2,6,10,11,1,6
CHN,Super League,2022,23/12/2022,07:00,Henan Songshan Longmen,Shenzhen,3,0,H,,,,1.24,7.5,13,1.21,6.7,10.8,,,,,,,,,,,,,,
CHN,Super League,2022,23/12/2022,07:00,Meizhou Hakka,Changchun Yatai,1,0,H,1.43,4.59,7.51,1.65,4.7,8.5,1.42,4.37,7.02,,,,,,,9,3,4,0,16,20,3,0
CHN,Super League,2022,23/12/2022,07:00,Wuhan FC,Dalian Pro,3,0,H,1.74,4.06,4.43,3.35,4.33,5,1.72,3.93,4.51,,,,,,,12,12,3,4,14,13,6,6
CHN,Super League,2022,23/12/2022,07:00,Zhejiang Professional,Tianjin Jinmen Tiger,3,0,H,,,,1.37,5.5,13,1.28,5.03,11.09,,,,,,,,,,,,,,
CHN,Super League,2022,23/12/2022,12:00,Cangzhou,Shanghai Shenhua,0,3,A,4.97,3.77,1.72,5.2,3.85,1.78,4.62,3.69,1.71,,,,,,,4,11,1,6,7,14,3,3
CHN,Super League,2022,23/12/2022,12:00,Chengdu Rongcheng,Wuhan Three Towns,1,0,H,3.3,3.72,2.12,4,3.79,2.12,3.4,3.56,2.01,,,,,,,16,12,6,1,12,16,4,2
CHN,Super League,2022,23/12/2022,12:00,Shanghai Port,Shandong Taishan,2,0,H,4.77,3.98,1.7,5.6,4.17,1.76,4.71,3.88,1.66,,,,,,,7,13,4,3,11,8,2,10
CHN,Super League,2022,27/12/2022,07:00,Beijing Guoan,Shanghai Port,0,3,A,6,4.63,1.5,6.25,4.63,1.57,5.8,4.36,1.48,,,,,,,,,,,,,,
CHN,Super League,2022,27/12/2022,07:00,Cangzhou,Hebei,3,0,H,,,,,,,,,,,,,,,,,,,,,,,
CHN,Super League,2022,27/12/2022,07:00,Chengdu Rongcheng,Wuhan FC,3,1,H,1.13,8.36,21.51,1.14,9,26,1.12,7.95,19,,,,,,,19,13,10,3,18,14,8,5
CHN,Super League,2022,27/12/2022,07:00,Guangzhou FC,Changchun Yatai,1,4,A,3.37,3.65,2.11,3.75,3.75,2.2,3.32,3.49,2.04,,,,,,,9,9,2,5,10,13,3,7
CHN,Super League,2022,27/12/2022,07:00,Henan Songshan Longmen,Shanghai Shenhua,1,1,D,2.8,3.27,2.63,2.9,3.43,3.6,2.58,3.12,2.73,,,,,,,6,12,2,4,12,17,4,2
CHN,Super League,2022,27/12/2022,07:00,Shandong Taishan,Meizhou Hakka,3,0,H,,,,,,,,,,,,,,,,,,,,,,,
CHN,Super League,2022,27/12/2022,07:00,Shenzhen,Guangzhou City,0,3,A,19.45,8.69,1.08,41,13.39,1.12,25.28,10.54,1.07,,,,,,,7,14,1,7,13,9,2,7
CHN,Super League,2022,27/12/2022,07:00,Tianjin Jinmen Tiger,Dalian Pro,0,3,A,,,,,,,,,,,,,,,,,,,,,,,
CHN,Super League,2022,27/12/2022,12:00,Wuhan Three Towns,Zhejiang Professional,2,0,H,1.43,3.69,7.46,1.51,5,7.46,1.45,4.59,6,,,,,,,17,4,7,1,18,18,3,2
CHN,Super League,2022,30/12/2022,07:00,Hebei,Henan Songshan Longmen,0,4,A,,,,61,14,1.24,17.11,7.13,1.17,,,,,,,6,23,1,7,10,14,4,6
CHN,Super League,2022,30/12/2022,07:00,Shanghai Shenhua,Shenzhen,2,0,H,1.06,14.58,28.36,1.07,19,51,1.05,11.84,28.1,,,,,,,23,3,7,1,10,16,5,0
CHN,Super League,2022,31/12/2022,07:00,Chengdu Rongcheng,Dalian Pro,3,0,H,1.2,6.66,12.04,1.23,7,14.5,1.2,6.37,11.52,,,,,,,21,2,13,0,11,19,7,4
CHN,Super League,2022,31/12/2022,07:00,Guangzhou City,Cangzhou,1,4,A,3.91,4.19,1.74,4.75,4.33,2.25,4.06,4.01,1.73,,,,,,,15,25,7,10,9,9,2,5
CHN,Super League,2022,31/12/2022,07:00,Meizhou Hakka,Guangzhou FC,1,0,H,1.75,3.99,3.78,1.85,4.15,4.5,1.75,3.93,3.95,,,,,,,6,15,1,3,20,12,3,8
CHN,Super League,2022,31/12/2022,07:00,Shandong Taishan,Beijing Guoan,3,0,H,,,,,,,,,,,,,,,,,,,,,,,
CHN,Super League,2022,31/12/2022,07:00,Shanghai Port,Changchun Yatai,4,0,H,1.12,8.5,21.08,1.13,11,29,1.09,9.3,21.43,,,,,,,20,2,8,0,17,18,5,1
CHN,Super League,2022,31/12/2022,07:00,Wuhan Three Towns,Tianjin Jinmen Tiger,3,0,H,1.84,4.04,3.48,2.59,3.59,2.59,2.59,3.59,2.59,,,,,,,,,,,,,,
CHN,Super League,2022,31/12/2022,07:00,Zhejiang Professional,Wuhan FC,4,0,H,1.05,11.02,20.61,1.05,23,81,1.03,14.68,39.42,,,,,,,29,7,10,3,11,9,6,1
CHN,Super League,2023,15/04/2023,12:35,Dalian Pro,Nantong Zhiyun,2,1,H,2.42,3.18,3.15,2.5,3.3,3.2,2.37,3.14,2.96,,,,,,,10,13,3,2,17,11,2,7
CHN,Super League,2023,15/04/2023,12:35,Wuhan Three Towns,Shanghai Port,0,2,A,2.51,3.46,2.8,2.56,3.73,3.16,2.33,3.45,2.79,,,,,,,10,9,4,3,11,12,5,4
CHN,Super League,2023,15/04/2023,12:35,Zhejiang Professional,Changchun Yatai,0,2,A,1.62,3.83,5.87,1.64,4.1,6,1.58,3.8,5.49,,,,,,,14,11,3,3,15,17,9,5
CHN,Super League,2023,15/04/2023,13:05,Beijing Guoan,Meizhou Hakka,1,1,D,1.46,4.35,7.42,1.5,4.7,8,1.41,4.36,7.15,,,,,,,17,10,6,5,10,21,8,2
CHN,Super League,2023,16/04/2023,12:35,Henan Songshan Longmen,Chengdu Rongcheng,1,1,D,4.3,3.53,1.88,4.7,3.8,2.23,3.64,3.37,2,,,,,,,8,11,1,5,12,21,2,5
CHN,Super League,2023,16/04/2023,12:35,Shanghai Shenhua,Shandong Taishan,1,0,H,3.16,3.31,2.35,3.46,3.4,2.44,3.01,3.21,2.31,,,,,,,7,14,1,5,10,15,4,8
CHN,Super League,2023,16/04/2023,12:35,Shenzhen,Qingdao Hainiu,2,1,H,7.05,4.04,1.51,7.11,4.2,1.58,6.09,3.93,1.52,,,,,,,6,20,2,3,9,15,4,6
CHN,Super League,2023,16/04/2023,12:35,Tianjin Jinmen Tiger,Cangzhou,1,1,D,1.88,3.23,4.82,1.97,3.35,4.82,1.89,3.2,4.25,,,,,,,17,8,4,1,14,8,7,3
CHN,Super League,2023,20/04/2023,12:35,Wuhan Three Towns,Beijing Guoan,1,1,D,2.08,3.59,3.49,2.1,3.98,3.71,1.98,3.61,3.39,,,,,,,16,15,5,6,13,10,4,8
CHN,Super League,2023,21/04/2023,10:30,Meizhou Hakka,Shanghai Shenhua,0,1,A,2.82,3.06,2.76,2.85,3.3,2.77,2.68,3.12,2.61,,,,,,,6,11,3,5,16,11,7,6
CHN,Super League,2023,21/04/2023,10:30,Tianjin Jinmen Tiger,Zhejiang Professional,2,1,H,2.38,3.11,3.3,2.75,3.25,3.3,2.44,3.09,2.91,,,,,,,10,12,4,4,5,17,5,2
CHN,Super League,2023,21/04/2023,12:35,Chengdu Rongcheng,Cangzhou,2,1,H,1.38,4.43,9.51,1.56,4.55,9.52,1.41,4.15,7.96,,,,,,,14,6,4,1,10,13,6,3
CHN,Super League,2023,21/04/2023,12:35,Henan Songshan Longmen,Qingdao Hainiu,0,0,D,1.63,3.81,5.82,1.73,4,5.9,1.63,3.71,5.05,,,,,,,9,19,3,5,8,17,5,5
CHN,Super League,2023,21/04/2023,12:35,Shandong Taishan,Nantong Zhiyun,1,1,D,1.19,6.57,16.54,1.23,7.5,21,1.18,6.4,14.88,,,,,,,33,3,8,1,11,16,9,1
CHN,Super League,2023,22/04/2023,08:30,Shanghai Port,Shenzhen,3,2,H,1.11,9.93,20.63,1.11,11.5,35,1.09,9.31,22.64,,,,,,,13,13,4,6,6,6,7,7
CHN,Super League,2023,22/04/2023,12:35,Changchun Yatai,Dalian Pro,3,2,H,1.96,3.36,4.18,2.05,3.75,4.21,1.92,3.32,3.89,,,,,,,10,13,5,4,25,14,3,4
CHN,Super League,2023,25/04/2023,12:35,Meizhou Hakka,Wuhan Three Towns,1,2,A,5.05,3.92,1.68,5.5,4.1,1.8,4.6,3.76,1.69,,,,,,,16,20,5,4,15,14,2,7
CHN,Super League,2023,25/04/2023,12:35,Qingdao Hainiu,Beijing Guoan,3,1,H,4.63,3.58,1.81,5.5,3.91,1.85,4.6,3.59,1.72,,,,,,,7,25,3,6,16,8,2,12
CHN,Super League,2023,25/04/2023,12:35,Shandong Taishan,Zhejiang Professional,2,1,H,1.48,4.3,7.03,1.57,4.33,7.03,1.49,4.11,6.17,,,,,,,14,9,4,4,14,18,7,3
CHN,Super League,2023,26/04/2023,10:30,Cangzhou,Shanghai Port,0,1,A,6.07,4.38,1.52,7.5,4.6,1.53,6.21,4.33,1.47,,,,,,,13,10,4,3,9,12,10,4
CHN,Super League,2023,26/04/2023,12:35,Dalian Pro,Chengdu Rongcheng,0,0,D,5.67,3.92,1.62,5.75,4,1.73,5.04,3.7,1.64,,,,,,,9,9,4,0,11,15,1,5
CHN,Super League,2023,26/04/2023,12:35,Nantong Zhiyun,Henan Songshan Longmen,1,0,H,2.75,2.99,2.9,2.88,3.13,2.96,2.6,2.96,2.81,,,,,,,14,5,7,0,19,15,3,3
CHN,Super League,2023,26/04/2023,12:35,Shanghai Shenhua,Changchun Yatai,1,0,H,2.07,3.23,3.97,2.2,3.45,4,2.01,3.25,3.7,,,,,,,8,16,4,5,14,13,1,8
CHN,Super League,2023,26/04/2023,12:35,Shenzhen,Tianjin Jinmen Tiger,0,2,A,3.51,3.65,2.05,3.6,3.65,2.19,3.27,3.43,2.08,,,,,,,14,13,2,3,16,12,9,3
CHN,Super League,2023,29/04/2023,12:35,Beijing Guoan,Shandong Taishan,0,0,D,2.85,3.63,2.4,2.88,3.65,2.49,2.73,3.44,2.37,,,,,,,5,15,1,6,17,12,1,6
CHN,Super League,2023,29/04/2023,12:35,Qingdao Hainiu,Wuhan Three Towns,0,3,A,5.64,4.07,1.6,6,4.2,1.65,5.22,3.95,1.58,,,,,,,7,10,1,6,13,9,2,3
CHN,Super League,2023,30/04/2023,08:30,Changchun Yatai,Tianjin Jinmen Tiger,1,1,D,2.46,3.08,3.2,2.46,3.3,3.26,2.35,3.07,3.06,,,,,,,13,6,4,3,10,16,5,3
CHN,Super League,2023,30/04/2023,08:30,Zhejiang Professional,Chengdu Rongcheng,0,2,A,3.21,3.1,2.44,3.43,3.3,2.59,3,3.12,2.36,,,,,,,8,13,2,4,17,12,3,6
CHN,Super League,2023,30/04/2023,10:30,Shenzhen,Henan Songshan Longmen,1,1,D,2.89,3.25,2.56,3.25,3.26,2.62,2.76,3.11,2.54,,,,,,,12,11,4,3,16,11,11,5
CHN,Super League,2023,30/04/2023,12:35,Cangzhou,Nantong Zhiyun,1,1,D,2.39,3,3.41,2.42,3.22,3.41,2.33,3.02,3.13,,,,,,,8,20,2,7,10,16,2,4
CHN,Super League,2023,30/04/2023,12:35,Shanghai Port,Shanghai Shenhua,1,1,D,1.71,3.53,5.48,1.74,3.75,5.9,1.68,3.5,5.11,,,,,,,16,10,3,4,15,12,8,1
CHN,Super League,2023,01/05/2023,12:35,Dalian Pro,Meizhou Hakka,1,1,D,2.26,3.41,3.24,2.35,3.44,3.45,2.25,3.25,3.06,,,,,,,11,9,3,1,21,15,7,8
CHN,Super League,2023,05/05/2023,12:35,Henan Songshan Longmen,Beijing Guoan,0,1,A,4.95,3.47,1.79,5.5,3.88,1.82,4.74,3.5,1.72,,,,,,,7,6,4,2,9,24,2,4
CHN,Super League,2023,05/05/2023,12:35,Shanghai Shenhua,Dalian Pro,1,0,H,1.93,3.22,4.61,1.93,3.74,5.6,1.78,3.4,4.63,,,,,,,19,12,7,3,8,12,7,6
CHN,Super League,2023,05/05/2023,12:35,Shenzhen,Cangzhou,0,1,A,2.6,3.27,2.83,2.69,3.32,2.88,2.51,3.18,2.75,,,,,,,5,6,1,2,17,16,5,3
CHN,Super League,2023,05/05/2023,12:35,Wuhan Three Towns,Zhejiang Professional,0,0,D,1.22,6.25,12.96,1.35,7,13,1.22,6,11.58,,,,,,,18,7,5,2,11,18,8,5
CHN,Super League,2023,06/05/2023,08:30,Meizhou Hakka,Shandong Taishan,2,1,H,5.85,4.23,1.56,6.05,4.4,1.62,5.35,4.05,1.55,,,,,,,10,19,3,8,15,7,3,8
CHN,Super League,2023,06/05/2023,12:35,Chengdu Rongcheng,Qingdao Hainiu,3,2,H,1.56,4.13,6.04,1.6,4.36,6.7,1.52,4.02,5.86,,,,,,,16,6,6,3,10,11,6,4
CHN,Super League,2023,06/05/2023,12:35,Nantong Zhiyun,Changchun Yatai,0,1,A,2.78,2.91,2.94,3.26,3.29,2.94,2.7,2.98,2.68,,,,,,,25,9,8,1,14,22,9,1
CHN,Super League,2023,06/05/2023,12:35,Tianjin Jinmen Tiger,Shanghai Port,0,0,D,4.34,3.59,1.86,4.77,3.79,1.92,4.08,3.48,1.83,,,,,,,10,8,1,1,16,16,7,6
CHN,Super League,2023,09/05/2023,12:35,Dalian Pro,Cangzhou,1,1,D,2.22,3.28,3.46,2.25,3.4,3.76,2.15,3.18,3.37,,,,,,,15,9,2,1,10,14,5,4
CHN,Super League,2023,09/05/2023,12:35,Henan Songshan Longmen,Wuhan Three Towns,1,1,D,5.07,3.92,1.68,5.6,4.2,1.7,4.93,3.92,1.62,,,,,,,12,16,3,4,18,13,1,3
CHN,Super League,2023,09/05/2023,12:35,Shenzhen,Shanghai Shenhua,1,3,A,9.55,4.57,1.37,10,4.65,1.61,9.26,4.35,1.35,,,,,,,8,12,2,3,10,20,4,3
CHN,Super League,2023,10/05/2023,12:35,Beijing Guoan,Tianjin Jinmen Tiger,1,1,D,1.76,3.62,4.96,1.95,3.7,5,1.79,3.41,4.45,,,,,,,13,13,4,5,11,12,6,6
CHN,Super League,2023,10/05/2023,12:35,Changchun Yatai,Meizhou Hakka,2,4,A,1.91,3.39,4.39,2.1,3.5,4.44,1.95,3.31,3.84,,,,,,,18,14,4,5,12,13,3,5
CHN,Super League,2023,10/05/2023,12:35,Chengdu Rongcheng,Shandong Taishan,2,2,D,2.47,3.24,3.03,2.61,3.34,3.27,2.39,3.13,2.93,,,,,,,14,7,6,3,14,18,9,3
CHN,Super League,2023,10/05/2023,12:35,Nantong Zhiyun,Zhejiang Professional,1,2,A,3.06,3.05,2.57,3.11,3.35,2.65,2.86,2.98,2.57,,,,,,,9,14,3,6,6,23,3,6
CHN,Super League,2023,10/05/2023,12:35,Shanghai Port,Qingdao Hainiu,2,1,H,1.43,4.77,7.06,1.44,5.05,7.83,1.4,4.68,6.63,,,,,,,21,8,8,2,7,9,10,1
CHN,Super League,2023,13/05/2023,08:30,Shanghai Shenhua,Wuhan Three Towns,1,1,D,3.39,3.43,2.18,3.6,3.55,2.18,3.32,3.37,2.08,,,,,,,9,10,5,8,12,16,4,1
CHN,Super League,2023,13/05/2023,12:35,Shenzhen,Dalian Pro,2,1,H,3.96,3.37,2.01,4.2,3.5,2.15,3.84,3.27,1.95,,,,,,,10,17,5,7,18,14,2,6
CHN,Super League,2023,14/05/2023,08:30,Qingdao Hainiu,Meizhou Hakka,2,0,H,2.42,3.33,2.91,2.64,3.55,2.92,2.39,3.35,2.76,,,,,,,,,,,,,,
CHN,Super League,2023,14/05/2023,10:30,Chengdu Rongcheng,Changchun Yatai,2,2,D,1.55,4.32,5.83,1.57,4.33,6.5,1.52,4.08,5.66,,,,,,,14,6,7,4,12,16,8,4
CHN,Super League,2023,14/05/2023,12:35,Cangzhou,Shandong Taishan,1,1,D,6.41,4.43,1.5,7.5,4.45,1.58,6.12,4.16,1.48,,,,,,,10,16,5,1,10,14,4,6
CHN,Super League,2023,14/05/2023,12:35,Tianjin Jinmen Tiger,Henan Songshan Longmen,1,0,H,1.76,3.62,4.86,1.8,3.65,5.2,1.73,3.46,4.73,,,,,,,9,13,3,2,17,11,8,4
CHN,Super League,2023,14/05/2023,12:35,Zhejiang Professional,Shanghai Port,1,2,A,4.8,3.96,1.7,5.25,4.15,1.71,4.71,3.81,1.66,,,,,,,13,10,2,3,13,10,3,5
CHN,Super League,2023,15/05/2023,12:35,Beijing Guoan,Nantong Zhiyun,1,0,H,1.51,4.2,6.64,1.57,4.3,7,1.48,4,6.42,,,,,,,16,11,3,3,12,16,8,7
CHN,Super League,2023,19/05/2023,10:30,Wuhan Three Towns,Chengdu Rongcheng,3,3,D,2.54,3.24,2.93,2.54,3.43,3.89,2.42,3.14,2.9,,,,,,,16,14,5,7,10,13,3,4
CHN,Super League,2023,19/05/2023,12:35,Cangzhou,Changchun Yatai,2,4,A,2.27,3.33,3.29,2.3,3.38,3.4,2.21,3.23,3.17,,,,,,,18,22,6,12,8,14,6,5
CHN,Super League,2023,19/05/2023,12:35,Nantong Zhiyun,Shenzhen,1,1,D,1.81,3.46,4.85,2.1,3.65,5.09,1.87,3.31,4.25,,,,,,,21,9,10,2,14,11,6,3
CHN,Super League,2023,19/05/2023,12:35,Qingdao Hainiu,Zhejiang Professional,2,2,D,2.94,3.17,2.57,2.97,3.33,2.61,2.81,3.13,2.48,,,,,,,11,22,4,8,12,8,3,5
CHN,Super League,2023,19/05/2023,12:35,Shanghai Shenhua,Beijing Guoan,1,1,D,2.15,3.11,3.87,2.39,3.25,4.04,2.06,3.12,3.71,,,,,,,10,12,2,6,14,14,2,8
CHN,Super League,2023,20/05/2023,12:35,Henan Songshan Longmen,Dalian Pro,1,0,H,2.76,3.09,2.8,2.93,3.22,2.82,2.72,2.98,2.67,,,,,,,6,8,2,1,13,18,6,3
CHN,Super League,2023,20/05/2023,12:35,Meizhou Hakka,Shanghai Port,0,2,A,6.31,4.42,1.5,6.7,4.6,1.67,6.02,4.21,1.49,,,,,,,5,13,1,6,7,10,1,10
CHN,Super League,2023,20/05/2023,12:35,Tianjin Jinmen Tiger,Shandong Taishan,3,3,D,4.13,3.68,1.88,4.75,3.86,2.03,4.04,3.55,1.83,,,,,,,4,14,2,6,14,14,1,9
CHN,Super League,2023,23/05/2023,12:35,Beijing Guoan,Cangzhou,6,2,H,1.87,3.34,4.45,1.91,4.1,6.5,1.82,3.4,4.34,,,,,,,12,11,7,6,16,10,7,5
CHN,Super League,2023,23/05/2023,12:35,Changchun Yatai,Qingdao Hainiu,1,0,H,2.17,3.67,3.2,2.21,3.86,3.9,2.11,3.65,3.04,,,,,,,7,7,3,4,6,14,7,4
CHN,Super League,2023,23/05/2023,12:35,Chengdu Rongcheng,Shanghai Shenhua,2,1,H,1.91,3.27,4.59,2.26,3.42,4.72,1.94,3.21,4.05,,,,,,,8,10,4,5,18,21,4,4
CHN,Super League,2023,23/05/2023,12:35,Nantong Zhiyun,Wuhan Three Towns,0,5,A,4.61,3.61,1.81,7,4.2,1.85,4.47,3.57,1.76,,,,,,,11,20,2,11,9,14,6,3
CHN,Super League,2023,24/05/2023,12:35,Dalian Pro,Zhejiang Professional,1,2,A,2.89,3.27,2.55,2.91,3.38,2.58,2.8,3.21,2.44,,,,,,,11,19,4,5,19,10,7,4
CHN,Super League,2023,24/05/2023,12:35,Meizhou Hakka,Tianjin Jinmen Tiger,1,1,D,3,3.15,2.54,3.09,3.24,2.98,2.88,3.08,2.47,,,,,,,12,9,4,2,13,12,9,4
CHN,Super League,2023,24/05/2023,12:35,Shandong Taishan,Shenzhen,3,0,H,1.17,7.46,15.25,1.22,7.57,18,1.18,6.58,13.04,,,,,,,12,2,6,0,15,14,5,0
CHN,Super League,2023,24/05/2023,12:35,Shanghai Port,Henan Songshan Longmen,3,2,H,1.15,7.86,17,1.21,8.4,23,1.15,7.34,16.11,,,,,,,15,12,5,4,13,12,7,5
CHN,Super League,2023,27/05/2023,08:00,Chengdu Rongcheng,Nantong Zhiyun,1,0,H,1.56,3.97,6.42,1.56,5.3,10,1.41,4.41,7.53,,,,,,,16,6,1,1,13,20,5,0
CHN,Super League,2023,27/05/2023,12:35,Cangzhou,Wuhan Three Towns,2,1,H,4.72,3.93,1.72,5.95,4.9,1.74,4.73,4.05,1.63,,,,,,,13,9,3,4,11,8,10,6
CHN,Super League,2023,28/05/2023,10:30,Qingdao Hainiu,Shandong Taishan,0,1,A,3.98,3.7,1.91,5.07,3.91,1.96,3.97,3.59,1.83,,,,,,,9,12,2,5,14,14,4,5
CHN,Super League,2023,28/05/2023,10:30,Zhejiang Professional,Beijing Guoan,3,2,H,2.5,3.45,2.89,2.93,3.52,2.94,2.47,3.31,2.71,,,,,,,10,14,6,7,13,8,3,7
CHN,Super League,2023,28/05/2023,12:35,Dalian Pro,Tianjin Jinmen Tiger,0,1,A,2.77,3.14,2.74,2.96,3.32,2.74,2.76,3.12,2.53,,,,,,,10,9,2,1,15,17,8,0
CHN,Super League,2023,28/05/2023,12:35,Shanghai Shenhua,Henan Songshan Longmen,1,1,D,1.51,4.15,6.91,1.63,4.2,7.37,1.49,3.93,6.56,,,,,,,17,11,3,5,12,13,7,4
CHN,Super League,2023,28/05/2023,12:35,Shenzhen,Meizhou Hakka,3,2,H,3.04,3.08,2.57,3.18,3.41,2.57,2.97,3.09,2.39,,,,,,,15,9,7,2,15,16,3,1
CHN,Super League,2023,29/05/2023,12:35,Changchun Yatai,Shanghai Port,0,3,A,5.84,4.39,1.53,6,4.5,1.7,5.16,4.17,1.55,,,,,,,9,18,3,10,8,12,4,7
CHN,Super League,2023,02/06/2023,12:35,Beijing Guoan,Changchun Yatai,4,3,H,1.56,4.37,5.49,1.76,4.52,5.8,1.57,4.12,5.03,,,,,,,25,12,9,5,7,10,12,3
CHN,Super League,2023,02/06/2023,12:35,Zhejiang Professional,Shenzhen,3,0,H,1.68,4.15,4.73,1.68,4.27,5.87,1.61,3.98,4.87,,,,,,,17,4,10,0,12,16,4,3
CHN,Super League,2023,03/06/2023,10:30,Shanghai Port,Chengdu Rongcheng,0,1,A,1.73,3.82,4.79,1.8,3.84,4.83,1.72,3.66,4.47,,,,,,,11,12,3,5,9,11,17,5
CHN,Super League,2023,03/06/2023,12:35,Henan Songshan Longmen,Meizhou Hakka,2,1,H,2.34,3.14,3.35,2.34,3.35,3.45,2.23,3.18,3.19,,,,,,,10,5,4,3,16,22,2,3
CHN,Super League,2023,03/06/2023,12:35,Shandong Taishan,Dalian Pro,2,0,H,1.42,4.65,7.71,1.42,5.59,10.84,1.37,4.65,7.71,,,,,,,11,4,5,1,11,16,5,3
CHN,Super League,2023,04/06/2023,08:30,Cangzhou,Shanghai Shenhua,0,1,A,3.08,3.25,2.43,3.59,3.32,2.5,3.03,3.16,2.32,,,,,,,3,11,0,2,8,14,1,5
CHN,Super League,2023,04/06/2023,10:30,Nantong Zhiyun,Qingdao Hainiu,1,0,H,2.7,3.05,2.9,2.71,3.2,3,2.57,3.02,2.79,,,,,,,16,8,7,2,7,13,11,6
CHN,Super League,2023,04/06/2023,12:35,Tianjin Jinmen Tiger,Wuhan Three Towns,1,1,D,3.29,3.32,2.27,3.87,3.5,2.43,3.12,3.3,2.21,,,,,,,12,14,4,3,13,12,6,5
CHN,Super League,2023,08/06/2023,12:35,Changchun Yatai,Shenzhen,4,1,H,1.19,7.18,13.74,1.23,7.57,19,1.17,6.84,13.52,,,,,,,23,2,10,1,10,13,5,1
CHN,Super League,2023,08/06/2023,12:35,Chengdu Rongcheng,Tianjin Jinmen Tiger,0,0,D,1.74,3.57,5.24,1.91,3.65,5.4,1.71,3.48,4.89,,,,,,,14,5,6,1,11,8,6,2
CHN,Super League,2023,08/06/2023,12:35,Qingdao Hainiu,Shanghai Shenhua,0,1,A,4.16,3.26,2.01,4.33,3.45,2.04,3.97,3.22,1.93,,,,,,,20,16,5,5,8,10,3,3
CHN,Super League,2023,09/06/2023,10:30,Henan Songshan Longmen,Zhejiang Professional,2,2,D,2.65,3.29,2.76,3.12,3.67,2.76,2.57,3.29,2.61,,,,,,,12,8,5,4,15,14,3,3
CHN,Super League,2023,09/06/2023,12:35,Dalian Pro,Beijing Guoan,2,2,D,4.15,3.68,1.87,4.5,3.92,1.93,3.93,3.55,1.84,,,,,,,4,22,3,5,13,11,1,11
CHN,Super League,2023,09/06/2023,12:35,Meizhou Hakka,Cangzhou,2,3,A,2.35,3.32,3.15,2.52,3.46,3.15,2.31,3.3,2.93,,,,,,,10,15,4,7,8,7,7,7
CHN,Super League,2023,09/06/2023,12:35,Shanghai Port,Nantong Zhiyun,2,1,H,1.18,6.72,16.33,1.22,7.75,19,1.16,6.82,14.8,,,,,,,16,5,5,1,13,16,7,0
CHN,Super League,2023,09/06/2023,12:35,Wuhan Three Towns,Shandong Taishan,1,1,D,2.34,3.48,3.04,2.56,3.65,3.13,2.28,3.41,2.89,,,,,,,13,9,3,5,12,11,2,3
CHN,Super League,2023,28/06/2023,12:35,Cangzhou,Henan Songshan Longmen,0,1,A,2.48,3.26,2.99,2.78,3.43,3.05,2.43,3.18,2.84,,,,,,,23,6,6,4,14,14,12,1
CHN,Super League,2023,28/06/2023,12:35,Shanghai Shenhua,Nantong Zhiyun,1,0,H,1.6,3.57,6.86,1.63,4.3,10,1.49,3.77,7.44,,,,,,,12,7,7,3,14,6,6,5
CHN,Super League,2023,28/06/2023,12:35,Tianjin Jinmen Tiger,Qingdao Hainiu,3,2,H,1.92,3.36,4.42,1.98,3.71,5.1,1.83,3.36,4.32,,,,,,,9,11,6,6,12,12,5,3
CHN,Super League,2023,28/06/2023,12:35,Wuhan Three Towns,Dalian Pro,0,0,D,1.31,5.58,9.2,1.33,6.52,11.6,1.28,5.51,9.23,,,,,,,16,8,4,3,7,17,8,6
CHN,Super League,2023,28/06/2023,12:35,Zhejiang Professional,Meizhou Hakka,3,0,H,2,3.67,3.65,2.06,4.15,5.16,1.89,3.66,3.67,,,,,,,10,11,5,2,12,20,5,9
CHN,Super League,2023,29/06/2023,12:35,Beijing Guoan,Shanghai Port,1,2,A,3.05,3.61,2.27,3.3,3.66,2.3,2.99,3.46,2.2,,,,,,,4,7,2,4,14,18,2,2
CHN,Super League,2023,29/06/2023,12:35,Shandong Taishan,Changchun Yatai,4,1,H,1.44,4.73,6.9,1.51,4.75,8,1.43,4.45,6.59,,,,,,,14,12,5,6,16,10,4,5
CHN,Super League,2023,29/06/2023,12:35,Shenzhen,Chengdu Rongcheng,0,3,A,16.65,5.58,1.23,16.98,6.25,1.26,13.68,5.71,1.21,,,,,,,4,18,2,6,11,16,1,5
CHN,Super League,2023,02/07/2023,10:30,Shanghai Shenhua,Tianjin Jinmen Tiger,1,2,A,2.06,3.04,4.31,2.15,3.2,4.5,2.03,3.03,3.92,,,,,,,13,12,4,2,15,11,2,8
CHN,Super League,2023,02/07/2023,12:35,Cangzhou,Zhejiang Professional,2,1,H,2.96,3.46,2.4,3.22,3.84,2.42,2.9,3.42,2.28,,,,,,,13,15,7,7,10,14,4,12
CHN,Super League,2023,02/07/2023,12:35,Dalian Pro,Qingdao Hainiu,1,1,D,2.03,3.36,3.92,2.15,3.47,4.1,1.96,3.3,3.77,,,,,,,10,11,2,3,19,14,6,6
CHN,Super League,2023,02/07/2023,12:35,Nantong Zhiyun,Meizhou Hakka,2,2,D,1.98,3.11,4.55,2.48,3.41,4.63,1.95,3.24,3.95,,,,,,,25,7,8,3,3,11,18,3
CHN,Super League,2023,03/07/2023,12:35,Changchun Yatai,Henan Songshan Longmen,3,1,H,1.94,3.67,3.87,2.44,3.75,4.21,1.99,3.52,3.51,,,,,,,15,12,5,5,19,15,5,2
CHN,Super League,2023,03/07/2023,12:35,Chengdu Rongcheng,Beijing Guoan,0,1,A,1.85,3.59,4.39,2.03,3.68,4.5,1.86,3.48,3.94,,,,,,,28,7,6,1,14,13,7,2
CHN,Super League,2023,03/07/2023,12:35,Shandong Taishan,Shanghai Port,1,1,D,2.62,3.05,3,2.66,3.42,3.01,2.51,3.18,2.75,,,,,,,10,11,3,4,14,17,3,3
CHN,Super League,2023,03/07/2023,12:35,Shenzhen,Wuhan Three Towns,1,3,A,12.04,7.05,1.2,15,7.5,1.22,12.83,6.54,1.18,,,,,,,13,25,5,7,8,16,1,7
CHN,Super League,2023,07/07/2023,12:35,Henan Songshan Longmen,Shandong Taishan,0,1,A,4.81,3.47,1.81,5.5,4.01,1.83,4.73,3.36,1.76,,,,,,,3,19,1,9,14,9,2,11
CHN,Super League,2023,07/07/2023,12:35,Meizhou Hakka,Chengdu Rongcheng,3,1,H,5.06,4.09,1.65,7,4.46,1.68,5.12,4.01,1.58,,,,,,,10,8,4,4,18,12,6,0
CHN,Super League,2023,07/07/2023,12:35,Qingdao Hainiu,Cangzhou,1,1,D,2.67,3.37,2.68,2.75,3.47,2.81,2.62,3.28,2.56,,,,,,,13,11,4,7,12,12,6,3
CHN,Super League,2023,07/07/2023,12:35,Tianjin Jinmen Tiger,Nantong Zhiyun,1,1,D,1.58,3.77,5.67,1.67,4,6.5,1.58,3.74,5.65,,,,,,,16,6,3,2,10,15,14,3
CHN,Super League,2023,07/07/2023,12:35,Zhejiang Professional,Shanghai Shenhua,0,1,A,2.31,3.17,3.37,2.6,3.35,3.37,2.28,3.14,3.12,,,,,,,12,18,3,2,10,21,3,4
CHN,Super League,2023,08/07/2023,12:35,Beijing Guoan,Shenzhen,5,0,H,1.1,10.52,25.8,1.13,12,29,1.08,9.96,22.14,,,,,,,25,1,8,0,10,11,12,0
CHN,Super League,2023,08/07/2023,12:35,Shanghai Port,Dalian Pro,1,1,D,1.2,6.68,14.1,1.22,6.9,15.5,1.19,6.25,13.2,,,,,,,15,5,3,1,6,10,7,3
CHN,Super League,2023,08/07/2023,12:35,Wuhan Three Towns,Changchun Yatai,2,1,H,1.45,5.08,6.01,1.61,5.25,6.01,1.48,4.69,5.32,,,,,,,20,4,9,1,10,16,6,1
CHN,Super League,2023,11/07/2023,12:35,Cangzhou,Tianjin Jinmen Tiger,1,1,D,2.24,3.23,3.47,2.93,3.46,3.47,2.21,3.26,3.19,,,,,,,12,11,4,3,9,9,9,6
CHN,Super League,2023,11/07/2023,12:35,Chengdu Rongcheng,Henan Songshan Longmen,2,0,H,1.56,3.99,6.35,1.6,4.23,8.68,1.53,3.91,5.93,,,,,,,17,7,4,0,14,12,4,4
CHN,Super League,2023,11/07/2023,12:35,Shandong Taishan,Shanghai Shenhua,3,0,H,1.67,3.58,5.85,1.73,3.84,5.85,1.65,3.5,5.36,,,,,,,10,7,3,2,17,8,4,1
CHN,Super League,2023,12/07/2023,12:35,Changchun Yatai,Zhejiang Professional,2,2,D,2.43,3.67,2.78,2.46,3.9,3.28,2.32,3.67,2.7,,,,,,,13,8,4,4,14,23,1,3
CHN,Super League,2023,12/07/2023,12:35,Meizhou Hakka,Beijing Guoan,3,1,H,2.7,3.5,2.58,3.94,3.65,2.58,2.64,3.46,2.46,,,,,,,5,12,3,6,19,12,1,7
CHN,Super League,2023,12/07/2023,12:35,Nantong Zhiyun,Dalian Pro,1,1,D,2.68,2.94,3.03,2.77,3.15,3.26,2.56,3.04,2.79,,,,,,,11,10,1,2,13,11,6,4
CHN,Super League,2023,12/07/2023,12:35,Qingdao Hainiu,Shenzhen,5,0,H,1.49,4.37,6.61,1.5,4.5,7.72,1.44,4.25,6.79,,,,,,,17,10,9,2,13,14,2,4
CHN,Super League,2023,12/07/2023,12:35,Shanghai Port,Wuhan Three Towns,3,1,H,1.91,3.76,3.91,2.04,3.8,3.95,1.94,3.61,3.52,,,,,,,13,16,4,4,9,8,5,3
CHN,Super League,2023,16/07/2023,12:35,Beijing Guoan,Wuhan Three Towns,1,1,D,2.59,3.46,2.71,2.68,3.66,2.74,2.5,3.44,2.59,,,,,,,10,8,3,3,24,15,4,3
CHN,Super League,2023,16/07/2023,12:35,Dalian Pro,Changchun Yatai,0,0,D,2.62,3.42,2.7,2.7,3.44,2.79,2.56,3.25,2.63,,,,,,,6,11,1,4,18,16,3,5
CHN,Super League,2023,16/07/2023,12:35,Nantong Zhiyun,Shandong Taishan,1,1,D,5.62,3.59,1.69,6,3.91,1.71,5.25,3.56,1.65,,,,,,,11,17,3,4,21,13,5,8
CHN,Super League,2023,16/07/2023,12:35,Shenzhen,Shanghai Port,1,4,A,49.7,25.14,1.03,71,25,1.07,43.34,16.36,1.02,,,,,,,8,22,4,8,4,9,2,8
CHN,Super League,2023,16/07/2023,12:35,Zhejiang Professional,Tianjin Jinmen Tiger,2,1,H,2.24,3.4,3.29,2.45,3.53,3.3,2.24,3.32,3.03,,,,,,,15,7,5,2,13,11,6,5
CHN,Super League,2023,17/07/2023,12:35,Cangzhou,Chengdu Rongcheng,2,1,H,3.24,3.11,2.41,3.99,3.52,2.48,3.05,3.12,2.33,,,,,,,5,14,2,4,12,13,4,8
CHN,Super League,2023,17/07/2023,12:35,Qingdao Hainiu,Henan Songshan Longmen,2,0,H,2.17,3.26,3.61,2.19,3.38,3.75,2.1,3.19,3.48,,,,,,,19,6,5,1,16,10,5,3
CHN,Super League,2023,17/07/2023,12:35,Shanghai Shenhua,Meizhou Hakka,2,1,H,1.76,3.6,4.93,1.82,3.64,5.56,1.75,3.44,4.64,,,,,,,14,8,6,3,12,11,7,2
CHN,Super League,2023,21/07/2023,12:35,Henan Songshan Longmen,Nantong Zhiyun,1,1,D,2.35,3.08,3.41,2.5,3.19,3.41,2.37,3.02,3.08,,,,,,,16,9,6,4,23,16,10,2
CHN,Super League,2023,21/07/2023,12:35,Shanghai Port,Cangzhou,3,0,H,1.36,5.39,7.71,1.49,5.5,9.16,1.36,5.01,7.09,,,,,,,23,13,8,3,12,3,5,6
CHN,Super League,2023,21/07/2023,12:35,Tianjin Jinmen Tiger,Shenzhen,3,3,D,1.1,9.97,24.06,1.13,10.5,34,1.1,8.88,21.7,,,,,,,27,10,9,7,9,10,11,2
CHN,Super League,2023,22/07/2023,12:35,Beijing Guoan,Qingdao Hainiu,2,0,H,1.85,3.73,4.18,1.88,4.3,5.45,1.8,3.7,4.01,,,,,,,7,8,4,2,11,15,6,2
CHN,Super League,2023,22/07/2023,12:35,Changchun Yatai,Shanghai Shenhua,1,1,D,3,3.14,2.55,3,3.44,2.6,2.86,3.17,2.43,,,,,,,13,12,2,6,12,17,0,4
CHN,Super League,2023,22/07/2023,12:35,Chengdu Rongcheng,Dalian Pro,4,1,H,1.61,3.88,5.87,1.67,4.29,6.81,1.6,3.76,5.44,,,,,,,15,7,5,4,9,9,1,4
CHN,Super League,2023,22/07/2023,12:35,Zhejiang Professional,Shandong Taishan,2,1,H,3.97,3.63,1.93,4.05,3.63,2.17,3.69,3.45,1.94,,,,,,,11,11,5,4,17,19,4,6
CHN,Super League,2023,23/07/2023,12:35,Wuhan Three Towns,Meizhou Hakka,2,1,H,1.26,6.22,9.83,1.47,7.5,11,1.24,6.29,9.66,,,,,,,23,4,8,1,9,11,4,5
CHN,Super League,2023,28/07/2023,12:35,Henan Songshan Longmen,Shenzhen,3,1,H,1.31,5.52,9.55,1.35,5.55,10,1.3,5.1,8.83,,,,,,,16,7,4,3,21,11,4,5
CHN,Super League,2023,29/07/2023,12:35,Chengdu Rongcheng,Zhejiang Professional,1,2,A,1.61,4.2,5.22,1.62,4.75,5.6,1.54,4.21,5.17,,,,,,,19,5,6,4,16,19,7,3
CHN,Super League,2023,29/07/2023,12:35,Meizhou Hakka,Dalian Pro,2,1,H,1.51,4.31,6.76,1.69,4.75,7.01,1.45,4.42,6.22,,,,,,,13,4,5,1,9,14,6,2
CHN,Super League,2023,29/07/2023,12:35,Nantong Zhiyun,Cangzhou,1,2,A,2.93,3.29,2.51,3.03,3.4,2.78,2.85,3.2,2.41,,,,,,,17,13,4,8,16,17,2,5
CHN,Super League,2023,29/07/2023,12:35,Shanghai Shenhua,Shanghai Port,0,5,A,4,3.34,2.01,4.2,3.54,2.06,3.73,3.31,1.97,,,,,,,11,11,2,7,14,12,3,4
CHN,Super League,2023,29/07/2023,12:35,Tianjin Jinmen Tiger,Changchun Yatai,0,0,D,2.17,3.49,3.35,2.2,3.6,3.52,2.11,3.4,3.22,,,,,,,13,10,2,4,20,9,6,7
CHN,Super League,2023,30/07/2023,12:35,Shandong Taishan,Beijing Guoan,3,0,H,2.14,3.3,3.65,2.22,3.78,4.08,2.1,3.22,3.43,,,,,,,16,2,5,0,11,9,8,3
CHN,Super League,2023,30/07/2023,12:35,Wuhan Three Towns,Qingdao Hainiu,1,0,H,1.37,5.24,7.65,1.38,6,10,1.32,5.15,7.85,,,,,,,27,14,10,3,5,11,4,4
CHN,Super League,2023,03/08/2023,12:35,Shanghai Port,Tianjin Jinmen Tiger,2,1,H,1.23,6.35,11.72,1.25,6.5,13.5,1.21,6.11,11.39,,,,,,,16,7,6,3,11,10,4,4
CHN,Super League,2023,04/08/2023,12:35,Beijing Guoan,Henan Songshan Longmen,3,1,H,1.65,3.79,5.56,1.67,4.1,6.16,1.59,3.84,5.35,,,,,,,10,18,6,5,20,20,4,4
CHN,Super League,2023,04/08/2023,12:35,Changchun Yatai,Nantong Zhiyun,1,1,D,2.01,3.5,3.81,2.09,3.6,4,1.98,3.45,3.53,,,,,,,6,13,2,5,11,21,1,6
CHN,Super League,2023,04/08/2023,12:35,Qingdao Hainiu,Chengdu Rongcheng,3,2,H,2.96,2.82,2.65,3.01,3.3,2.68,2.74,3.14,2.52,,,,,,,11,16,4,9,15,18,2,4
CHN,Super League,2023,04/08/2023,12:35,Shandong Taishan,Meizhou Hakka,6,1,H,1.28,5.84,9.71,1.3,7,12,1.24,5.86,9.78,,,,,,,15,5,8,2,22,8,4,6
CHN,Super League,2023,04/08/2023,12:35,Zhejiang Professional,Wuhan Three Towns,2,1,H,3.35,3.82,2.06,3.4,3.83,2.19,3.13,3.65,2.06,,,,,,,8,20,4,6,13,10,3,8
CHN,Super League,2023,05/08/2023,12:35,Cangzhou,Shenzhen,1,0,H,1.22,6.66,11.38,1.28,7.5,14,1.22,6.14,10.39,,,,,,,16,5,4,1,10,10,5,3
CHN,Super League,2023,05/08/2023,12:35,Dalian Pro,Shanghai Shenhua,2,1,H,2.9,3.13,2.63,3.08,3.38,2.72,2.81,3.01,2.55,,,,,,,7,7,3,2,18,12,3,3
CHN,Super League,2023,08/08/2023,12:35,Meizhou Hakka,Changchun Yatai,4,2,H,2.04,3.91,3.33,2.15,3.91,3.59,2.01,3.69,3.2,,,,,,,24,7,9,3,18,12,3,0
CHN,Super League,2023,08/08/2023,12:35,Qingdao Hainiu,Shanghai Port,0,5,A,6.18,4.53,1.5,6.5,4.53,1.57,5.77,4.28,1.49,,,,,,,16,12,5,4,4,9,3,1
CHN,Super League,2023,08/08/2023,12:35,Shandong Taishan,Chengdu Rongcheng,0,1,A,1.46,4.3,7.46,1.47,4.5,8,1.42,4.23,7.28,,,,,,,14,11,3,3,10,18,5,6
CHN,Super League,2023,08/08/2023,12:35,Zhejiang Professional,Nantong Zhiyun,1,1,D,1.82,3.78,4.29,1.88,4,5,1.75,3.7,4.27,,,,,,,21,11,8,6,17,9,7,7
CHN,Super League,2023,09/08/2023,12:35,Cangzhou,Dalian Pro,2,1,H,2,3.5,3.85,2.05,3.52,4.06,1.97,3.34,3.63,,,,,,,14,22,3,6,8,9,4,3
CHN,Super League,2023,09/08/2023,12:35,Shanghai Shenhua,Shenzhen,3,0,H,1.08,12.93,26.89,1.11,13,29.42,1.08,9.96,24.64,,,,,,,16,5,6,2,10,10,1,2
CHN,Super League,2023,09/08/2023,12:35,Tianjin Jinmen Tiger,Beijing Guoan,0,0,D,2.91,3.2,2.58,2.91,3.5,2.6,2.71,3.23,2.49,,,,,,,13,8,4,1,13,21,2,3
CHN,Super League,2023,09/08/2023,12:35,Wuhan Three Towns,Henan Songshan Longmen,4,2,H,1.4,4.86,7.53,1.44,5,8.5,1.37,4.62,7.33,,,,,,,15,11,7,5,8,15,0,9
CHN,Super League,2023,12/08/2023,12:35,Changchun Yatai,Chengdu Rongcheng,1,0,H,4.39,3.77,1.81,4.5,3.84,1.83,4.15,3.63,1.77,,,,,,,4,30,1,5,18,15,1,6
CHN,Super League,2023,12/08/2023,12:35,Meizhou Hakka,Qingdao Hainiu,1,0,H,1.86,3.57,4.35,1.89,4,4.35,1.8,3.75,3.89,,,,,,,11,6,4,2,13,19,6,3
CHN,Super League,2023,12/08/2023,12:35,Shanghai Port,Zhejiang Professional,3,4,A,1.26,6.31,9.79,1.3,6.5,9.82,1.27,5.65,8.63,,,,,,,9,21,4,9,12,12,4,2
CHN,Super League,2023,13/08/2023,12:35,Dalian Pro,Shenzhen,2,1,H,1.4,4.85,7.82,1.42,4.95,8.5,1.38,4.58,7.23,,,,,,,14,10,4,3,14,16,3,2
CHN,Super League,2023,13/08/2023,12:35,Henan Songshan Longmen,Tianjin Jinmen Tiger,1,0,H,2.3,3.34,3.21,2.39,3.44,3.3,2.28,3.22,3,,,,,,,8,10,4,2,20,11,3,2
CHN,Super League,2023,13/08/2023,12:35,Nantong Zhiyun,Beijing Guoan,0,1,A,2.84,3.37,2.54,2.88,3.4,2.64,2.76,3.25,2.44,,,,,,,10,15,2,4,10,15,3,4
CHN,Super League,2023,13/08/2023,12:35,Shandong Taishan,Cangzhou,4,0,H,1.17,7.59,14.11,1.22,7.59,16.5,1.18,6.59,13.13,,,,,,,21,9,5,2,14,14,7,3
CHN,Super League,2023,13/08/2023,12:35,Wuhan Three Towns,Shanghai Shenhua,1,2,A,1.75,3.76,4.76,1.89,3.95,5.5,1.73,3.61,4.47,,,,,,,16,12,2,6,10,17,4,1
CHN,Super League,2023,18/08/2023,12:35,Shandong Taishan,Tianjin Jinmen Tiger,1,0,H,1.39,4.78,8.32,1.42,5,9,1.36,4.63,7.73,,,,,,,20,1,5,0,13,17,8,1
CHN,Super League,2023,18/08/2023,12:35,Shanghai Port,Meizhou Hakka,1,1,D,1.19,7.54,12.55,1.24,7.6,13,1.2,6.65,10.85,,,,,,,18,14,8,6,14,13,8,3
CHN,Super League,2023,18/08/2023,12:35,Zhejiang Professional,Qingdao Hainiu,0,0,D,1.72,4.02,4.58,1.75,4.11,4.79,1.68,3.89,4.36,,,,,,,6,3,2,3,15,11,2,6
CHN,Super League,2023,19/08/2023,12:35,Beijing Guoan,Shanghai Shenhua,2,1,H,3.12,3.17,2.45,3.12,3.25,2.64,2.87,3.08,2.46,,,,,,,8,14,3,7,10,14,6,7
CHN,Super League,2023,19/08/2023,12:35,Chengdu Rongcheng,Wuhan Three Towns,0,1,A,2.28,3.53,3.1,2.35,3.6,3.14,2.22,3.41,2.97,,,,,,,11,19,2,7,12,12,6,7
CHN,Super League,2023,19/08/2023,12:35,Dalian Pro,Henan Songshan Longmen,0,3,A,2.62,3.05,2.99,2.7,3.2,2.99,2.58,3.06,2.75,,,,,,,14,15,6,11,15,19,8,4
CHN,Super League,2023,19/08/2023,12:35,Shenzhen,Nantong Zhiyun,0,1,A,5.21,3.57,1.74,5.75,3.61,1.87,4.78,3.37,1.75,,,,,,,9,16,2,4,12,14,3,7
CHN,Super League,2023,20/08/2023,12:35,Changchun Yatai,Cangzhou,3,1,H,2.14,3.49,3.44,2.16,3.5,3.56,2.08,3.36,3.31,,,,,,,18,22,9,6,8,10,5,4
CHN,Super League,2023,25/08/2023,12:35,Henan Songshan Longmen,Shanghai Port,3,1,H,3.98,4.09,1.81,4.33,4.25,1.85,3.96,3.97,1.75,,,,,,,8,9,4,4,18,14,1,3
CHN,Super League,2023,25/08/2023,12:35,Shenzhen,Shandong Taishan,1,2,A,26.01,14.03,1.07,36,15,1.08,25.62,11.7,1.06,,,,,,,3,25,1,9,17,12,2,8
CHN,Super League,2023,26/08/2023,12:35,Cangzhou,Beijing Guoan,1,5,A,3.2,3.64,2.18,3.2,3.7,2.27,2.96,3.52,2.2,,,,,,,13,11,6,4,6,9,5,2
CHN,Super League,2023,26/08/2023,12:35,Qingdao Hainiu,Changchun Yatai,1,0,H,1.79,3.86,4.38,1.85,4,5,1.74,3.77,4.25,,,,,,,15,9,3,3,20,13,3,4
CHN,Super League,2023,26/08/2023,12:35,Shanghai Shenhua,Chengdu Rongcheng,1,1,D,2.61,2.94,3.11,2.61,3.14,3.18,2.48,2.96,2.98,,,,,,,12,8,5,3,21,10,4,1
CHN,Super League,2023,26/08/2023,12:35,Tianjin Jinmen Tiger,Meizhou Hakka,3,1,H,2.02,3.59,3.68,2.09,3.6,3.75,2,3.44,3.48,,,,,,,17,14,8,4,16,18,1,6
CHN,Super League,2023,26/08/2023,12:35,Zhejiang Professional,Dalian Pro,3,0,H,1.69,3.96,4.91,1.74,4.15,5.28,1.64,3.9,4.7,,,,,,,19,11,4,4,11,12,10,5
CHN,Super League,2023,27/08/2023,12:35,Wuhan Three Towns,Nantong Zhiyun,4,2,H,1.39,5.35,6.95,1.44,5.35,8.19,1.38,4.89,6.85,,,,,,,19,12,8,6,12,9,7,7
CHN,Super League,2023,15/09/2023,12:35,Beijing Guoan,Zhejiang Professional,0,1,A,2.44,3.49,2.87,2.5,3.72,2.91,2.35,3.46,2.76,,,,,,,14,17,4,5,7,22,6,6
CHN,Super League,2023,15/09/2023,12:35,Shandong Taishan,Qingdao Hainiu,4,2,H,1.38,4.91,8.22,1.4,5.2,9,1.35,4.76,7.92,,,,,,,18,12,8,6,16,5,4,3
CHN,Super League,2023,15/09/2023,12:35,Shanghai Port,Changchun Yatai,2,0,H,1.27,6.33,8.95,1.34,6.33,9.19,1.29,5.69,7.92,,,,,,,23,10,7,4,17,14,7,0
CHN,Super League,2023,15/09/2023,12:35,Wuhan Three Towns,Cangzhou,2,0,H,1.52,5.18,4.99,1.54,5.3,6.26,1.46,4.96,5.21,,,,,,,14,10,4,3,10,7,4,5
CHN,Super League,2023,16/09/2023,10:30,Henan Songshan Longmen,Shanghai Shenhua,3,0,H,3.22,3.13,2.42,3.26,3.28,2.54,3.08,3.07,2.34,,,,,,,13,8,7,3,16,14,9,5
CHN,Super League,2023,16/09/2023,12:35,Meizhou Hakka,Shenzhen,5,1,H,1.11,10.01,19.8,1.12,11,26,1.08,9.54,20.16,,,,,,,29,4,13,1,15,9,12,0
CHN,Super League,2023,17/09/2023,08:30,Nantong Zhiyun,Chengdu Rongcheng,0,2,A,4.96,3.65,1.75,5.34,3.66,2.15,4.39,3.38,1.81,,,,,,,11,19,1,7,9,16,8,7
CHN,Super League,2023,17/09/2023,10:30,Tianjin Jinmen Tiger,Dalian Pro,1,0,H,2.05,3.37,3.83,2.14,3.54,4.33,1.97,3.33,3.71,,,,,,,9,16,3,4,14,16,2,3
CHN,Super League,2023,22/09/2023,12:35,Changchun Yatai,Beijing Guoan,1,1,D,3.09,3.82,2.18,3.1,3.86,2.24,2.97,3.68,2.13,,,,,,,13,7,5,4,14,21,4,9
CHN,Super League,2023,22/09/2023,12:35,Shanghai Shenhua,Cangzhou,2,0,H,1.7,3.81,5.07,1.74,4.14,6,1.63,3.78,5.08,,,,,,,9,8,3,2,9,8,1,4
CHN,Super League,2023,23/09/2023,10:30,Dalian Pro,Shandong Taishan,0,0,D,8.23,4.55,1.41,8.23,4.7,1.51,7.16,4.39,1.4,,,,,,,3,14,0,3,19,12,2,12
CHN,Super League,2023,23/09/2023,12:35,Chengdu Rongcheng,Shanghai Port,2,1,H,2.8,3.35,2.58,3.1,3.5,2.58,2.77,3.33,2.41,,,,,,,16,16,5,2,10,12,5,3
CHN,Super League,2023,23/09/2023,12:35,Meizhou Hakka,Henan Songshan Longmen,0,0,D,2.01,3.87,3.44,2.18,3.87,3.5,2.06,3.66,3.16,,,,,,,8,11,1,1,16,16,3,4
CHN,Super League,2023,23/09/2023,12:35,Wuhan Three Towns,Tianjin Jinmen Tiger,0,1,A,2.14,3.61,3.32,2.24,3.81,4.59,2.07,3.54,3.27,,,,,,,14,16,3,4,9,8,4,6
CHN,Super League,2023,24/09/2023,12:35,Qingdao Hainiu,Nantong Zhiyun,3,1,H,1.97,3.51,3.92,2.08,3.75,3.95,2,3.41,3.54,,,,,,,12,11,5,2,17,15,2,7
CHN,Super League,2023,24/09/2023,12:35,Shenzhen,Zhejiang Professional,0,5,A,22.7,10.72,1.09,26.06,12,1.13,20.93,9.28,1.09,,,,,,,2,20,0,12,10,6,1,9
CHN,Super League,2023,29/09/2023,10:30,Cangzhou,Meizhou Hakka,0,1,A,2.6,3.74,2.55,2.62,3.8,2.63,2.48,3.6,2.51,,,,,,,11,18,5,4,9,18,1,9
CHN,Super League,2023,29/09/2023,12:35,Nantong Zhiyun,Shanghai Port,0,1,A,8.34,5.38,1.34,10.5,5.5,1.49,8.03,5.03,1.33,,,,,,,10,24,1,5,12,13,4,9
CHN,Super League,2023,29/09/2023,12:35,Shandong Taishan,Wuhan Three Towns,2,1,H,1.63,4.09,5.2,1.71,4.55,5.33,1.62,4,4.73,,,,,,,11,20,5,10,22,14,1,5
CHN,Super League,2023,29/09/2023,12:35,Shenzhen,Changchun Yatai,0,1,A,26,12.53,1.07,36,13,1.18,23.65,10.67,1.07,,,,,,,5,12,0,4,18,11,3,6
CHN,Super League,2023,29/09/2023,12:35,Tianjin Jinmen Tiger,Chengdu Rongcheng,2,2,D,3.19,3.52,2.24,3.56,3.55,2.24,3.32,3.39,2.07,,,,,,,16,11,7,6,10,15,4,2
CHN,Super League,2023,30/09/2023,10:30,Beijing Guoan,Dalian Pro,2,0,H,1.53,4.51,5.74,1.55,4.6,6.14,1.5,4.3,5.63,,,,,,,16,5,5,2,9,18,7,2
CHN,Super League,2023,30/09/2023,12:35,Shanghai Shenhua,Qingdao Hainiu,1,0,H,1.89,3.55,4.22,1.97,3.77,4.9,1.83,3.51,4.14,,,,,,,9,11,2,2,14,15,5,4
CHN,Super League,2023,30/09/2023,12:35,Zhejiang Professional,Henan Songshan Longmen,3,0,H,1.63,4.09,5.22,1.86,4.15,5.73,1.7,3.82,4.47,,,,,,,16,7,6,2,16,19,7,2
CHN,Super League,2023,19/10/2023,12:35,Meizhou Hakka,Zhejiang Professional,1,1,D,4.49,4.25,1.69,4.77,4.33,1.81,4.3,4.03,1.67,,,,,,,14,22,5,10,22,13,6,8
CHN,Super League,2023,20/10/2023,08:30,Changchun Yatai,Shandong Taishan,0,3,A,8.21,5.05,1.37,8.21,5.1,1.59,7.16,4.7,1.37,,,,,,,7,7,1,4,13,19,2,1
CHN,Super League,2023,20/10/2023,08:30,Dalian Pro,Wuhan Three Towns,1,3,A,3.22,3.93,2.08,3.46,3.93,2.29,3.16,3.72,2.01,,,,,,,11,14,5,6,14,16,1,7
CHN,Super League,2023,20/10/2023,12:35,Shanghai Port,Beijing Guoan,1,2,A,1.56,4.43,5.39,1.56,4.88,6.56,1.5,4.45,5.33,,,,,,,18,9,6,4,14,15,6,2
CHN,Super League,2023,21/10/2023,08:30,Henan Songshan Longmen,Cangzhou,6,0,H,1.58,4.17,5.59,1.61,4.4,6.14,1.52,4.19,5.55,,,,,,,15,17,8,7,14,6,3,7
CHN,Super League,2023,21/10/2023,12:35,Nantong Zhiyun,Shanghai Shenhua,0,1,A,5.07,3.41,1.79,5.07,3.78,1.98,4.58,3.46,1.76,,,,,,,14,5,2,3,10,13,10,3
CHN,Super League,2023,22/10/2023,08:30,Qingdao Hainiu,Tianjin Jinmen Tiger,1,4,A,2.61,3.36,2.76,2.7,3.52,3.23,2.5,3.33,2.66,,,,,,,14,16,6,9,12,10,8,7
CHN,Super League,2023,23/10/2023,12:35,Chengdu Rongcheng,Shenzhen,4,0,H,1.03,26.71,46.21,1.03,23,71,1.01,17.4,43.83,,,,,,,21,12,14,2,18,11,8,2
CHN,Super League,2023,29/10/2023,07:30,Beijing Guoan,Chengdu Rongcheng,2,3,A,2.75,3.27,2.68,2.75,3.45,2.83,2.53,3.26,2.64,,,,,,,18,16,6,4,13,16,7,3
CHN,Super League,2023,29/10/2023,07:30,Henan Songshan Longmen,Changchun Yatai,1,1,D,1.55,4.2,5.58,1.64,4.4,6.19,1.54,4.15,5.33,,,,,,,21,14,8,5,13,18,12,2
CHN,Super League,2023,29/10/2023,07:30,Meizhou Hakka,Nantong Zhiyun,0,4,A,1.65,4.26,4.79,1.84,4.26,5.05,1.65,3.92,4.6,,,,,,,16,11,5,6,14,12,7,5
CHN,Super League,2023,29/10/2023,07:30,Qingdao Hainiu,Dalian Pro,2,2,D,2.97,3.59,2.27,3.39,3.63,2.32,2.86,3.52,2.24,,,,,,,10,20,4,10,10,11,4,7
CHN,Super League,2023,29/10/2023,07:30,Shanghai Port,Shandong Taishan,1,1,D,2.43,3.47,2.9,2.65,3.53,3.1,2.38,3.33,2.8,,,,,,,4,20,1,8,18,12,0,2
CHN,Super League,2023,29/10/2023,07:30,Tianjin Jinmen Tiger,Shanghai Shenhua,1,1,D,3.31,3.14,2.36,3.38,3.33,2.36,3.11,3.15,2.26,,,,,,,9,17,3,5,10,16,8,3
CHN,Super League,2023,29/10/2023,07:30,Wuhan Three Towns,Shenzhen,1,0,H,1.03,22.64,42.44,1.03,22.64,67.68,1.01,17.49,41.06,,,,,,,23,5,7,2,13,12,4,4
CHN,Super League,2023,29/10/2023,07:30,Zhejiang Professional,Cangzhou,6,1,H,1.15,7.84,13.88,1.18,9.83,20.37,1.14,7.85,13.92,,,,,,,20,7,10,3,17,11,5,1
CHN,Super League,2023,04/11/2023,07:30,Cangzhou,Qingdao Hainiu,0,0,D,2.52,3.63,2.62,3.03,3.78,2.73,2.57,3.52,2.5,,,,,,,13,11,3,2,17,13,7,4
CHN,Super League,2023,04/11/2023,07:30,Changchun Yatai,Wuhan Three Towns,3,4,A,3.24,3.89,2.03,3.4,4,2.3,3.11,3.75,2.05,,,,,,,14,18,5,8,12,7,5,0
CHN,Super League,2023,04/11/2023,07:30,Chengdu Rongcheng,Meizhou Hakka,3,0,H,1.11,9.41,16.26,1.15,10.41,23,1.1,9.21,18.52,,,,,,,18,6,11,3,19,11,7,4
CHN,Super League,2023,04/11/2023,07:30,Dalian Pro,Shanghai Port,2,3,A,2.12,3.93,2.8,2.23,4,3.3,2.1,3.75,3.01,,,,,,,19,10,5,4,10,12,6,7
CHN,Super League,2023,04/11/2023,07:30,Nantong Zhiyun,Tianjin Jinmen Tiger,1,2,A,2.01,3.38,3.45,2.21,3.67,4.97,2.01,3.38,3.59,,,,,,,13,10,4,3,15,16,8,5
CHN,Super League,2023,04/11/2023,07:30,Shandong Taishan,Henan Songshan Longmen,5,1,H,1.58,4.1,5.39,1.59,4.61,5.78,1.55,4.23,5.15,,,,,,,14,11,8,3,19,18,4,5
CHN,Super League,2023,04/11/2023,07:30,Shanghai Shenhua,Zhejiang Professional,1,2,A,2.75,3.46,2.49,2.78,3.55,2.62,2.6,3.42,2.51,,,,,,,15,10,6,5,13,18,6,6
CHN,Super League,2023,04/11/2023,07:30,Shenzhen,Beijing Guoan,0,3,A,15.21,8.03,1.14,38,15.5,1.17,18.71,7.79,1.13,,,,,,,7,18,2,5,8,11,2,6
CHN,Super League,2024,01/03/2024,10:00,Shandong Taishan,Changchun Yatai,4,2,H,1.4,5.16,6.87,1.49,5.16,7.4,1.4,4.73,6.53,,,,,,,29,7,9,4,20,16,13,2
CHN,Super League,2024,01/03/2024,11:35,Qingdao West Coast,Henan Songshan Longmen,1,1,D,2.54,3.29,2.9,2.7,3.3,3.08,2.48,3.16,2.81,,,,,,,11,10,2,4,15,21,3,4
CHN,Super League,2024,01/03/2024,12:00,Shanghai Port,Wuhan Three Towns,3,1,H,1.64,4.1,5.12,1.66,4.5,6,1.55,4.2,5.17,,,,,,,22,10,8,5,11,15,9,2
CHN,Super League,2024,02/03/2024,07:30,Cangzhou,Beijing Guoan,0,2,A,5.11,4.12,1.64,6,4.4,1.68,5.06,4.01,1.59,,,,,,,13,13,3,4,12,11,5,3
CHN,Super League,2024,02/03/2024,07:30,Tianjin Jinmen Tiger,Nantong Zhiyun,1,1,D,1.6,3.79,6.3,1.71,4,6.3,1.63,3.61,5.48,,,,,,,13,14,4,1,14,14,3,6
CHN,Super League,2024,02/03/2024,11:35,Chengdu Rongcheng,Qingdao Hainiu,2,0,H,1.58,4.13,5.71,1.62,4.33,6,1.55,4.15,5.32,,,,,,,17,11,5,1,9,10,12,2
CHN,Super League,2024,03/03/2024,11:35,Zhejiang Professional,Shenzhen Xinpengcheng,1,0,H,1.72,3.99,4.6,1.78,4,5,1.73,3.8,4.26,,,,,,,5,25,2,6,15,14,3,8
CHN,Super League,2024,03/03/2024,12:00,Meizhou Hakka,Shanghai Shenhua,0,2,A,4.31,3.57,1.87,4.75,3.83,1.92,4.36,3.55,1.77,,,,,,,4,22,2,8,8,13,3,15
CHN,Super League,2024,08/03/2024,11:35,Qingdao Hainiu,Changchun Yatai,0,1,A,2.34,3.44,3.07,2.37,3.69,3.07,2.28,3.45,2.87,,,,,,,16,5,5,1,19,9,3,1
CHN,Super League,2024,08/03/2024,12:00,Shanghai Shenhua,Qingdao West Coast,2,0,H,1.26,5.63,12.5,1.28,6.58,13,1.24,5.62,11.27,,,,,,,24,6,11,1,18,13,4,3
CHN,Super League,2024,09/03/2024,07:30,Henan Songshan Longmen,Meizhou Hakka,2,2,D,1.69,3.92,4.92,1.74,4,5,1.69,3.76,4.58,,,,,,,24,6,8,4,15,16,10,3
CHN,Super League,2024,09/03/2024,11:35,Shandong Taishan,Beijing Guoan,0,0,D,3.01,3.36,2.41,3.1,3.6,2.41,2.85,3.34,2.34,,,,,,,17,12,2,4,20,19,5,3
CHN,Super League,2024,09/03/2024,11:35,Zhejiang Professional,Shanghai Port,0,0,D,2.71,3.48,2.58,2.74,3.75,2.67,2.5,3.54,2.54,,,,,,,9,15,1,6,12,18,2,3
CHN,Super League,2024,09/03/2024,12:00,Nantong Zhiyun,Wuhan Three Towns,1,3,A,2.93,3.25,2.53,2.93,3.5,2.63,2.71,3.38,2.44,,,,,,,8,12,4,6,18,16,3,3
CHN,Super League,2024,10/03/2024,07:30,Cangzhou,Chengdu Rongcheng,1,0,H,4.34,3.6,1.85,4.5,3.6,1.89,4.12,3.52,1.81,,,,,,,11,11,4,1,11,12,6,8
CHN,Super League,2024,10/03/2024,12:00,Shenzhen Xinpengcheng,Tianjin Jinmen Tiger,0,4,A,3.22,3.05,2.47,3.25,3.4,2.54,3.07,3.13,2.32,,,,,,,15,12,6,6,8,14,6,2
CHN,Super League,2024,29/03/2024,11:35,Shenzhen Xinpengcheng,Cangzhou,2,2,D,2.75,3.05,2.8,2.8,3.25,2.8,2.7,3.15,2.59,,,,,,,13,14,3,6,21,11,6,9
CHN,Super League,2024,30/03/2024,07:30,Wuhan Three Towns,Beijing Guoan,0,1,A,2.57,3.11,2.95,2.72,3.25,3,2.54,3.11,2.76,,,,,,,7,15,1,3,8,11,3,6
CHN,Super League,2024,30/03/2024,11:00,Chengdu Rongcheng,Nantong Zhiyun,1,0,H,1.48,4.31,6.65,1.58,4.33,7.8,1.52,4.01,6.04,,,,,,,9,5,3,0,16,14,4,3
CHN,Super League,2024,30/03/2024,11:35,Qingdao West Coast,Qingdao Hainiu,1,0,H,2.54,3.06,3.04,2.66,3.3,3.05,2.5,3,2.92,,,,,,,11,17,4,3,21,17,1,4
CHN,Super League,2024,30/03/2024,12:00,Shanghai Port,Henan Songshan Longmen,3,1,H,1.54,4.26,5.8,1.55,4.6,5.8,1.51,4.35,5.46,,,,,,,15,15,8,5,19,14,7,5
CHN,Super League,2024,31/03/2024,08:30,Changchun Yatai,Tianjin Jinmen Tiger,0,1,A,2.84,3.12,2.66,2.84,3.3,2.66,2.72,3.17,2.53,,,,,,,11,13,3,7,17,23,4,4
CHN,Super League,2024,31/03/2024,12:35,Shandong Taishan,Shanghai Shenhua,0,3,A,2.64,3.1,2.88,2.64,3.35,2.9,2.52,3.18,2.75,,,,,,,21,10,4,5,10,20,7,2
CHN,Super League,2024,31/03/2024,13:00,Meizhou Hakka,Zhejiang Professional,1,2,A,3.17,3.58,2.19,3.17,3.78,2.29,2.95,3.56,2.17,,,,,,,10,22,3,8,15,11,1,9
CHN,Super League,2024,04/04/2024,12:35,Wuhan Three Towns,Cangzhou,2,3,A,1.8,3.64,4.49,1.91,3.76,4.49,1.82,3.61,4.03,,,,,,,23,10,10,3,10,9,8,2
CHN,Super League,2024,05/04/2024,08:30,Changchun Yatai,Shanghai Shenhua,1,2,A,6.29,3.71,1.58,6.6,4,1.65,5.84,3.74,1.57,,,,,,,6,22,2,7,10,21,3,10
CHN,Super League,2024,05/04/2024,12:00,Henan Songshan Longmen,Shenzhen Xinpengcheng,0,2,A,1.72,3.48,5.41,1.81,3.6,5.41,1.73,3.43,4.85,,,,,,,14,14,1,7,18,10,6,2
CHN,Super League,2024,05/04/2024,12:35,Beijing Guoan,Shanghai Port,2,2,D,3.12,3.17,2.42,3.12,3.4,2.5,2.9,3.23,2.36,,,,,,,13,21,4,7,7,11,6,7
CHN,Super League,2024,05/04/2024,12:35,Qingdao Hainiu,Shandong Taishan,0,1,A,4.66,3.99,1.69,5,4.1,1.7,4.68,3.9,1.65,,,,,,,9,20,2,7,14,16,2,6
CHN,Super League,2024,05/04/2024,13:00,Nantong Zhiyun,Meizhou Hakka,1,0,H,1.83,3.44,4.59,1.86,3.66,4.59,1.8,3.46,4.28,,,,,,,11,7,1,0,15,10,1,4
CHN,Super League,2024,06/04/2024,08:30,Tianjin Jinmen Tiger,Chengdu Rongcheng,2,3,A,2.93,3.04,2.63,2.93,3.25,2.81,2.69,3.09,2.62,,,,,,,12,17,4,6,9,13,4,7
CHN,Super League,2024,06/04/2024,12:35,Zhejiang Professional,Qingdao West Coast,1,2,A,1.61,4.13,5.19,1.65,4.33,5.31,1.6,3.98,4.94,,,,,,,23,15,9,6,22,9,14,5
CHN,Super League,2024,09/04/2024,11:00,Nantong Zhiyun,Shanghai Port,0,3,A,6.3,4.94,1.44,6.8,4.94,1.47,6.23,4.55,1.43,,,,,,,6,12,2,4,5,15,3,7
CHN,Super League,2024,09/04/2024,12:35,Beijing Guoan,Shenzhen Xinpengcheng,1,2,A,1.75,3.58,4.89,1.89,3.91,4.9,1.76,3.57,4.4,,,,,,,15,6,5,3,23,11,10,1
CHN,Super League,2024,09/04/2024,12:35,Shandong Taishan,Henan Songshan Longmen,2,2,D,1.54,4.59,5.31,1.54,5,5.8,1.5,4.49,5.42,,,,,,,28,4,5,2,27,14,8,3
CHN,Super League,2024,09/04/2024,13:00,Shanghai Shenhua,Wuhan Three Towns,4,1,H,1.42,4.62,7.37,1.47,4.9,7.8,1.39,4.62,6.97,,,,,,,22,7,12,1,17,12,12,3
CHN,Super League,2024,10/04/2024,12:00,Qingdao West Coast,Tianjin Jinmen Tiger,1,3,A,3.65,3.48,2.06,3.91,3.6,2.1,3.48,3.45,2.01,,,,,,,11,13,3,5,19,20,5,6
CHN,Super League,2024,10/04/2024,12:35,Cangzhou,Changchun Yatai,2,0,H,2.05,3.52,3.65,2.09,3.65,3.75,2,3.47,3.47,,,,,,,9,9,2,3,8,17,2,4
CHN,Super League,2024,10/04/2024,12:35,Chengdu Rongcheng,Zhejiang Professional,3,0,H,1.71,3.95,4.59,1.74,4.05,5.2,1.66,3.88,4.59,,,,,,,12,10,5,3,19,16,6,4
CHN,Super League,2024,10/04/2024,13:00,Meizhou Hakka,Qingdao Hainiu,0,0,D,3.3,3.1,2.36,3.35,3.2,2.4,3.13,3.04,2.32,,,,,,,11,13,3,6,11,14,5,4
CHN,Super League,2024,13/04/2024,08:30,Henan Songshan Longmen,Nantong Zhiyun,1,1,D,1.99,3.18,4.28,2.03,3.42,4.28,1.96,3.21,3.87,,,,,,,9,18,2,3,10,9,6,10
CHN,Super League,2024,13/04/2024,12:35,Shanghai Shenhua,Beijing Guoan,1,1,D,1.51,4.08,6.81,1.57,4.4,6.93,1.5,3.99,6.32,,,,,,,10,13,2,4,11,11,5,7
CHN,Super League,2024,14/04/2024,08:30,Changchun Yatai,Chengdu Rongcheng,1,2,A,5.08,4.07,1.63,5.1,4.07,1.7,4.81,3.9,1.63,,,,,,,6,15,3,6,21,13,2,6
CHN,Super League,2024,14/04/2024,12:00,Tianjin Jinmen Tiger,Meizhou Hakka,0,0,D,1.41,4.52,8,1.44,5.3,9.7,1.34,4.75,8.34,,,,,,,16,5,7,2,8,15,11,1
CHN,Super League,2024,14/04/2024,12:35,Cangzhou,Qingdao West Coast,3,2,H,1.97,3.49,3.89,2.06,3.6,4.26,1.96,3.4,3.69,,,,,,,15,18,6,6,12,7,2,8
CHN,Super League,2024,14/04/2024,12:35,Qingdao Hainiu,Zhejiang Professional,2,0,H,2.45,3.33,2.93,2.45,3.8,2.96,2.35,3.44,2.78,,,,,,,13,16,4,2,15,15,6,8
CHN,Super League,2024,14/04/2024,12:35,Shanghai Port,Shandong Taishan,4,3,H,1.5,4.58,5.9,1.56,4.7,6,1.5,4.48,5.4,,,,,,,26,16,13,6,21,16,7,1
CHN,Super League,2024,14/04/2024,13:00,Shenzhen Xinpengcheng,Wuhan Three Towns,1,1,D,2.31,3.1,3.4,2.31,3.3,3.48,2.19,3.16,3.28,,,,,,,7,9,6,4,8,15,4,1
CHN,Super League,2024,19/04/2024,13:00,Zhejiang Professional,Tianjin Jinmen Tiger,3,2,H,2.07,3.54,3.5,2.3,3.7,3.5,2.11,3.56,3.12,,,,,,,21,13,11,6,13,8,9,2
CHN,Super League,2024,20/04/2024,08:30,Shandong Taishan,Cangzhou,4,1,H,1.44,5.03,6.02,1.45,5.3,6.92,1.4,4.88,6.23,,,,,,,24,10,9,4,14,5,9,2
CHN,Super League,2024,20/04/2024,12:00,Chengdu Rongcheng,Shenzhen Xinpengcheng,3,1,H,1.46,4.43,6.89,1.5,4.49,7.8,1.43,4.24,7.03,,,,,,,19,4,5,3,13,11,12,2
CHN,Super League,2024,20/04/2024,12:35,Wuhan Three Towns,Changchun Yatai,0,0,D,1.64,3.89,5.29,1.68,4.5,5.6,1.6,3.97,5.04,,,,,,,20,1,6,0,16,17,8,2
CHN,Super League,2024,20/04/2024,13:00,Nantong Zhiyun,Shanghai Shenhua,0,2,A,8.51,4.23,1.42,9.4,4.5,1.46,8.41,4.22,1.38,,,,,,,12,11,2,7,11,20,9,3
CHN,Super League,2024,21/04/2024,12:00,Henan Songshan Longmen,Qingdao Hainiu,1,0,H,1.98,3.17,4.34,1.98,3.37,4.55,1.89,3.25,4.11,,,,,,,16,8,6,2,9,11,11,4
CHN,Super League,2024,21/04/2024,13:00,Beijing Guoan,Qingdao West Coast,4,1,H,1.36,5.43,7.18,1.41,5.46,8,1.37,5.01,6.78,,,,,,,34,8,17,4,17,7,8,2
CHN,Super League,2024,26/04/2024,11:00,Qingdao West Coast,Nantong Zhiyun,0,2,A,2.45,3.26,2.99,2.51,3.4,3.03,2.39,3.18,2.88,,,,,,,3,12,2,4,15,15,4,4
CHN,Super League,2024,26/04/2024,12:00,Shenzhen Xinpengcheng,Qingdao Hainiu,1,3,A,2.24,3.02,3.68,2.24,3.34,4.59,2.07,3.13,3.65,,,,,,,18,9,5,4,10,21,6,3
CHN,Super League,2024,26/04/2024,12:35,Cangzhou,Henan Songshan Longmen,2,3,A,3.95,3.74,1.88,4,3.75,2.7,3.47,3.57,1.98,,,,,,,9,21,4,10,6,10,4,6
CHN,Super League,2024,26/04/2024,12:35,Changchun Yatai,Meizhou Hakka,0,1,A,1.85,3.19,5.03,1.85,3.5,5.2,1.79,3.17,4.86,,,,,,,13,13,4,5,7,19,7,4
CHN,Super League,2024,26/04/2024,12:35,Wuhan Three Towns,Tianjin Jinmen Tiger,2,1,H,1.98,3.53,3.79,2.35,3.6,3.79,1.99,3.43,3.49,,,,,,,13,7,4,4,7,10,4,4
CHN,Super League,2024,26/04/2024,12:35,Zhejiang Professional,Beijing Guoan,1,2,A,3.23,3.78,2.1,3.6,4,2.2,3.17,3.77,2,,,,,,,26,7,9,3,9,21,10,2
CHN,Super League,2024,26/04/2024,13:00,Chengdu Rongcheng,Shandong Taishan,0,1,A,1.88,3.98,3.73,2.3,4.2,3.73,1.88,3.91,3.41,,,,,,,19,4,3,2,18,22,5,1
CHN,Super League,2024,27/04/2024,12:35,Shanghai Port,Shanghai Shenhua,1,1,D,1.85,3.85,3.96,2.15,4.2,3.96,1.83,3.92,3.57,,,,,,,10,13,2,4,10,11,10,6
CHN,Super League,2024,30/04/2024,11:00,Shandong Taishan,Nantong Zhiyun,3,1,H,1.24,5.74,10.93,1.33,5.8,12,1.26,5.25,10.26,,,,,,,16,11,7,3,8,13,6,6
CHN,Super League,2024,30/04/2024,12:35,Tianjin Jinmen Tiger,Beijing Guoan,0,1,A,3.75,3.63,1.96,3.86,3.63,2.03,3.56,3.48,1.95,,,,,,,33,7,8,2,13,7,12,8
CHN,Super League,2024,30/04/2024,13:00,Meizhou Hakka,Qingdao West Coast,1,1,D,1.95,3.49,3.96,2.03,3.65,4,1.92,3.42,3.73,,,,,,,11,12,5,5,11,20,5,3
CHN,Super League,2024,30/04/2024,13:00,Zhejiang Professional,Henan Songshan Longmen,4,1,H,1.6,4.45,4.89,1.62,4.5,4.89,1.58,4.33,4.61,,,,,,,18,9,10,4,17,17,7,6
CHN,Super League,2024,01/05/2024,08:30,Changchun Yatai,Shenzhen Xinpengcheng,1,1,D,2.42,3.41,2.92,2.43,3.5,2.92,2.35,3.34,2.81,,,,,,,10,5,2,1,19,21,3,3
CHN,Super League,2024,01/05/2024,11:00,Qingdao Hainiu,Shanghai Port,0,5,A,9.27,5.62,1.34,11,5.62,1.34,9.06,5.24,1.28,,,,,,,11,24,6,10,9,14,7,8
CHN,Super League,2024,01/05/2024,12:35,Chengdu Rongcheng,Wuhan Three Towns,2,2,D,1.49,4.18,6.76,1.53,4.2,7,1.48,4.07,6.17,,,,,,,16,3,5,2,17,20,8,0
CHN,Super League,2024,01/05/2024,13:00,Shanghai Shenhua,Cangzhou,4,0,H,1.1,10.25,21.76,1.1,11,29,1.08,9.54,22.08,,,,,,,30,9,11,2,9,6,5,0
CHN,Super League,2024,04/05/2024,12:35,Qingdao West Coast,Shandong Taishan,0,0,D,6.42,5.2,1.41,7,5.6,1.43,6.39,5.16,1.37,,,,,,,8,20,0,6,19,18,5,7
CHN,Super League,2024,04/05/2024,13:00,Henan Songshan Longmen,Tianjin Jinmen Tiger,1,2,A,1.96,3.56,3.83,2.1,3.65,3.83,1.99,3.47,3.46,,,,,,,16,13,2,5,11,15,8,5
CHN,Super League,2024,05/05/2024,08:30,Nantong Zhiyun,Changchun Yatai,2,3,A,2.74,3.07,2.79,2.77,3.3,3.06,2.56,3.08,2.74,,,,,,,12,8,4,3,17,21,0,2
CHN,Super League,2024,05/05/2024,11:00,Shanghai Shenhua,Zhejiang Professional,4,0,H,1.66,4.01,4.94,1.74,4.5,5.4,1.59,4.21,4.74,,,,,,,22,10,10,0,16,16,7,2
CHN,Super League,2024,05/05/2024,12:00,Meizhou Hakka,Cangzhou,1,1,D,2.1,3.53,3.43,2.15,3.61,3.64,2.02,3.43,3.41,,,,,,,16,12,6,2,14,6,8,2
CHN,Super League,2024,05/05/2024,12:35,Beijing Guoan,Chengdu Rongcheng,2,1,H,2.34,3.23,3.2,2.41,3.25,3.25,2.31,3.15,3.03,,,,,,,9,19,4,4,12,13,2,4
CHN,Super League,2024,05/05/2024,12:35,Wuhan Three Towns,Qingdao Hainiu,1,0,H,1.69,3.66,5.2,1.76,3.75,5.5,1.66,3.6,5.01,,,,,,,20,8,10,5,16,13,8,2
CHN,Super League,2024,05/05/2024,13:00,Shenzhen Xinpengcheng,Shanghai Port,0,6,A,7.83,5.58,1.33,8.89,6,1.36,7.94,5.43,1.3,,,,,,,9,24,1,9,13,19,9,13
CHN,Super League,2024,10/05/2024,12:00,Qingdao Hainiu,Nantong Zhiyun,2,2,D,2.29,3.08,3.48,2.41,3.25,3.51,2.23,3.07,3.28,,,,,,,19,15,6,4,16,10,7,8
CHN,Super League,2024,10/05/2024,12:35,Chengdu Rongcheng,Henan Songshan Longmen,4,2,H,1.46,4.58,6.43,1.53,4.98,7.55,1.46,4.37,6.09,,,,,,,13,9,6,4,13,21,7,3
CHN,Super League,2024,10/05/2024,13:00,Shanghai Port,Changchun Yatai,5,2,H,1.13,8.46,15.59,1.16,10,19,1.12,8.59,15.39,,,,,,,25,14,8,5,11,9,4,2
CHN,Super League,2024,11/05/2024,12:00,Tianjin Jinmen Tiger,Shanghai Shenhua,0,0,D,5.43,4.23,1.57,6.08,4.4,1.65,5.27,4.08,1.56,,,,,,,2,13,0,4,9,15,2,4
CHN,Super League,2024,11/05/2024,12:35,Wuhan Three Towns,Shandong Taishan,1,2,A,3.67,3.18,2.16,4.28,3.6,2.2,3.72,3.16,2.04,,,,,,,11,16,4,9,7,15,4,6
CHN,Super League,2024,11/05/2024,13:00,Beijing Guoan,Meizhou Hakka,3,2,H,1.26,5.37,12.45,1.28,6.3,12.45,1.23,5.75,11.16,,,,,,,21,5,9,3,18,15,10,0
CHN,Super League,2024,12/05/2024,12:35,Cangzhou,Zhejiang Professional,0,1,A,4.38,4.41,1.67,4.5,4.41,1.9,4.11,4.14,1.68,,,,,,,9,32,0,6,8,19,3,6
CHN,Super League,2024,12/05/2024,13:00,Shenzhen Xinpengcheng,Qingdao West Coast,1,2,A,2.19,3.44,3.3,2.2,3.65,3.76,2.14,3.49,3.1,,,,,,,8,7,2,4,17,14,7,4
CHN,Super League,2024,15/05/2024,12:35,Shanghai Shenhua,Qingdao Hainiu,2,0,H,1.2,6.94,12.42,1.23,7,13.5,1.19,6.44,12.42,,,,,,,25,6,10,3,14,8,10,2
CHN,Super League,2024,16/05/2024,12:35,Shandong Taishan,Shenzhen Xinpengcheng,3,2,H,1.35,5.22,7.9,1.38,6,9.75,1.32,5.3,7.73,,,,,,,8,10,5,4,22,10,1,4
CHN,Super League,2024,17/05/2024,12:00,Zhejiang Professional,Nantong Zhiyun,5,2,H,1.41,4.98,6.82,1.49,4.98,6.82,1.44,4.67,6.03,,,,,,,20,8,10,4,11,14,8,2
CHN,Super League,2024,17/05/2024,12:35,Cangzhou,Tianjin Jinmen Tiger,2,4,A,4.21,3.99,1.77,4.4,4.09,1.95,3.71,3.7,1.86,,,,,,,22,9,4,5,10,10,5,5
CHN,Super League,2024,17/05/2024,12:35,Henan Songshan Longmen,Wuhan Three Towns,2,3,A,2.13,3.41,3.48,2.16,3.47,4.2,2,3.32,3.65,,,,,,,13,10,6,4,18,12,11,1
CHN,Super League,2024,17/05/2024,12:35,Meizhou Hakka,Chengdu Rongcheng,1,4,A,4.71,3.79,1.73,4.71,3.79,1.81,4.46,3.62,1.73,,,,,,,20,9,5,5,18,11,6,3
CHN,Super League,2024,17/05/2024,13:00,Changchun Yatai,Beijing Guoan,3,2,H,3.88,3.69,1.91,3.99,3.82,2.03,3.66,3.58,1.9,,,,,,,13,9,6,2,15,16,3,3
CHN,Super League,2024,18/05/2024,12:35,Qingdao West Coast,Shanghai Port,3,5,A,13.74,9.38,1.14,17,9.38,1.16,14.65,8.63,1.12,,,,,,,6,32,4,14,6,16,1,19
CHN,Super League,2024,21/05/2024,12:00,Meizhou Hakka,Shenzhen Xinpengcheng,0,0,D,2.5,3.34,2.86,2.55,3.5,2.88,2.43,3.29,2.76,,,,,,,9,18,0,9,18,16,1,6
CHN,Super League,2024,21/05/2024,12:35,Henan Songshan Longmen,Shanghai Shenhua,1,2,A,7.11,4.34,1.46,10,5,1.49,6.88,4.37,1.43,,,,,,,13,12,4,4,14,13,10,2
CHN,Super League,2024,21/05/2024,12:35,Qingdao Hainiu,Beijing Guoan,1,1,D,4.15,3.8,1.82,4.37,3.9,1.9,4.04,3.69,1.79,,,,,,,14,16,3,3,20,11,5,6
CHN,Super League,2024,21/05/2024,12:35,Zhejiang Professional,Wuhan Three Towns,3,1,H,1.61,4.46,4.75,1.67,4.46,5.25,1.61,4.21,4.51,,,,,,,14,10,5,3,6,10,2,5
CHN,Super League,2024,21/05/2024,13:00,Nantong Zhiyun,Cangzhou,1,1,D,1.87,3.78,3.95,1.9,4,4.5,1.75,3.74,4.21,,,,,,,27,3,7,1,13,11,9,0
CHN,Super League,2024,21/05/2024,13:00,Tianjin Jinmen Tiger,Shandong Taishan,1,1,D,3.27,3.59,2.15,3.32,3.6,2.17,3.13,3.49,2.12,,,,,,,15,20,2,6,7,14,5,6
CHN,Super League,2024,22/05/2024,12:35,Qingdao West Coast,Changchun Yatai,2,2,D,3.26,3.49,2.19,3.32,3.6,2.25,3.15,3.41,2.14,,,,,,,18,9,9,3,11,20,3,3
CHN,Super League,2024,22/05/2024,13:00,Shanghai Port,Chengdu Rongcheng,2,0,H,1.4,5.28,6.52,1.45,5.5,7,1.38,5.15,6.24,,,,,,,17,12,4,6,13,15,2,7
CHN,Super League,2024,25/05/2024,12:35,Shandong Taishan,Zhejiang Professional,3,0,H,1.83,4.17,3.74,1.96,4.33,3.9,1.83,4.02,3.55,,,,,,,17,19,10,5,17,14,11,6
CHN,Super League,2024,25/05/2024,13:00,Wuhan Three Towns,Meizhou Hakka,0,1,A,1.92,3.72,3.84,1.93,3.85,4,1.85,3.67,3.76,,,,,,,19,16,3,7,9,10,9,10
CHN,Super League,2024,26/05/2024,11:00,Shenzhen Xinpengcheng,Shanghai Shenhua,0,1,A,6.17,4.17,1.53,7.8,4.6,1.57,6.48,4.15,1.47,,,,,,,12,7,2,4,14,15,7,6
CHN,Super League,2024,26/05/2024,12:00,Beijing Guoan,Nantong Zhiyun,5,2,H,1.67,4,4.87,1.68,4.01,5.5,1.62,3.89,4.89,,,,,,,13,14,7,4,13,12,8,3
CHN,Super League,2024,26/05/2024,12:00,Qingdao Hainiu,Tianjin Jinmen Tiger,3,1,H,2.85,3.48,2.43,2.94,3.6,2.5,2.79,3.38,2.36,,,,,,,13,14,6,6,13,15,7,3
CHN,Super League,2024,26/05/2024,12:35,Changchun Yatai,Henan Songshan Longmen,0,0,D,2.79,3.56,2.44,2.88,3.65,2.5,2.68,3.44,2.42,,,,,,,12,12,3,4,18,25,3,4
CHN,Super League,2024,26/05/2024,12:35,Chengdu Rongcheng,Qingdao West Coast,7,0,H,1.1,10.73,19.45,1.13,10.73,24,1.1,9.16,18.58,,,,,,,19,3,8,0,15,7,4,1
CHN,Super League,2024,26/05/2024,13:00,Shanghai Port,Cangzhou,4,1,H,1.02,27.65,47.39,1.02,23,81,1.02,16.27,42.54,,,,,,,46,10,13,4,9,5,14,2
CHN,Super League,2024,14/06/2024,12:35,Meizhou Hakka,Shandong Taishan,0,0,D,4.76,4.22,1.65,5.09,4.3,1.66,4.62,4.05,1.62,,,,,,,7,15,2,3,15,19,4,5
CHN,Super League,2024,14/06/2024,13:00,Nantong Zhiyun,Shenzhen Xinpengcheng,0,1,A,3.5,3.17,2.23,3.51,3.25,2.23,3.31,3.13,2.18,,,,,,,6,13,0,4,14,15,3,5
CHN,Super League,2024,14/06/2024,13:00,Tianjin Jinmen Tiger,Shanghai Port,0,3,A,5.74,4.57,1.51,6,4.8,1.53,5.53,4.61,1.46,,,,,,,8,15,4,6,6,14,3,6
CHN,Super League,2024,15/06/2024,12:35,Zhejiang Professional,Changchun Yatai,3,1,H,1.45,5.12,5.88,1.47,5.4,6.3,1.41,4.95,5.83,,,,,,,29,13,12,4,11,11,9,3
CHN,Super League,2024,15/06/2024,13:00,Henan Songshan Longmen,Beijing Guoan,2,1,H,2.18,3.44,3.31,2.24,3.5,3.5,2.15,3.34,3.15,,,,,,,24,9,8,4,15,12,10,1
CHN,Super League,2024,16/06/2024,12:00,Cangzhou,Qingdao Hainiu,0,1,A,3.05,3.59,2.25,3.05,3.65,2.29,2.91,3.54,2.2,,,,,,,11,13,1,5,13,15,3,7
CHN,Super League,2024,16/06/2024,12:35,Shanghai Shenhua,Chengdu Rongcheng,1,1,D,1.97,3.36,4.05,2,3.5,4.05,1.94,3.32,3.78,,,,,,,9,16,4,7,13,15,6,13
CHN,Super League,2024,16/06/2024,13:00,Qingdao West Coast,Wuhan Three Towns,0,1,A,5.44,4.36,1.56,5.7,4.5,1.57,5.25,4.22,1.52,,,,,,,10,23,5,10,12,14,2,6
CHN,Super League,2024,18/06/2024,12:35,Meizhou Hakka,Shanghai Port,1,2,A,9.99,6.43,1.24,12.5,7,1.27,10.39,6.27,1.22,,,,,,,8,20,2,10,13,16,5,6
CHN,Super League,2024,25/06/2024,12:00,Henan Songshan Longmen,Qingdao West Coast,1,0,H,1.33,5.26,8.8,1.36,5.7,10,1.3,5.3,8.19,,,,,,,15,7,3,1,9,10,8,3
CHN,Super League,2024,25/06/2024,12:35,Nantong Zhiyun,Tianjin Jinmen Tiger,1,1,D,3.69,3.27,2.11,3.79,3.3,2.14,3.53,3.21,2.06,,,,,,,12,19,2,3,8,15,0,8
CHN,Super League,2024,25/06/2024,12:35,Shenzhen Xinpengcheng,Zhejiang Professional,3,2,H,3.25,3.69,2.12,3.25,3.7,2.16,3.1,3.57,2.09,,,,,,,15,19,6,12,14,10,4,6
CHN,Super League,2024,25/06/2024,13:00,Wuhan Three Towns,Shanghai Port,0,2,A,8.25,5.85,1.3,8.25,5.9,1.38,7.52,5.44,1.31,,,,,,,16,15,3,5,9,15,2,7
CHN,Super League,2024,26/06/2024,12:00,Shanghai Shenhua,Meizhou Hakka,3,0,H,1.13,8.4,17.91,1.13,9,23,1.11,7.85,19.12,,,,,,,21,6,8,1,16,5,7,3
CHN,Super League,2024,26/06/2024,12:35,Changchun Yatai,Shandong Taishan,2,2,D,3.65,3.69,1.97,3.75,3.7,2.03,3.48,3.59,1.94,,,,,,,17,13,2,4,9,23,7,9
CHN,Super League,2024,26/06/2024,12:35,Qingdao Hainiu,Chengdu Rongcheng,1,5,A,5.64,4.15,1.57,6,4.33,1.65,5.46,4.17,1.52,,,,,,,6,19,2,10,8,24,2,10
CHN,Super League,2024,26/06/2024,13:00,Beijing Guoan,Cangzhou,4,0,H,1.27,5.88,9.2,1.3,6,9.4,1.27,5.6,8.5,,,,,,,18,8,6,2,7,11,3,3
CHN,Super League,2024,29/06/2024,12:00,Wuhan Three Towns,Nantong Zhiyun,1,2,A,1.62,4.06,5.26,1.64,4.3,5.39,1.6,3.94,5.06,,,,,,,13,4,4,3,15,18,9,0
CHN,Super League,2024,29/06/2024,12:35,Shanghai Port,Zhejiang Professional,3,1,H,1.33,5.63,7.52,1.35,6.25,7.95,1.32,5.63,7.11,,,,,,,17,16,13,5,13,12,9,3
CHN,Super League,2024,29/06/2024,12:35,Tianjin Jinmen Tiger,Shenzhen Xinpengcheng,3,0,H,2.32,3.26,3.2,2.35,3.4,3.2,2.24,3.29,3.05,,,,,,,23,8,11,3,13,11,9,1
CHN,Super League,2024,30/06/2024,11:00,Qingdao West Coast,Shanghai Shenhua,0,1,A,12.4,6.85,1.2,13,7.08,1.24,11.47,6.46,1.19,,,,,,,8,25,2,11,11,16,4,8
CHN,Super League,2024,30/06/2024,12:35,Changchun Yatai,Qingdao Hainiu,5,0,H,1.86,3.62,4.17,1.89,3.75,4.33,1.81,3.6,4,,,,,,,17,9,6,0,15,15,6,4
CHN,Super League,2024,30/06/2024,12:35,Chengdu Rongcheng,Cangzhou,4,0,H,1.1,10.48,21.55,1.14,10.48,23,1.11,8.75,17.04,,,,,,,22,8,11,4,12,11,3,3
CHN,Super League,2024,30/06/2024,12:35,Meizhou Hakka,Henan Songshan Longmen,0,3,A,3.01,3.41,2.36,3.2,3.5,2.36,2.94,3.37,2.26,,,,,,,3,23,0,6,12,17,2,8
CHN,Super League,2024,30/06/2024,13:00,Beijing Guoan,Shandong Taishan,2,0,H,2.95,3.35,2.43,2.95,3.5,2.76,2.69,3.3,2.48,,,,,,,11,28,5,9,14,10,2,14
CHN,Super League,2024,05/07/2024,12:35,Henan Songshan Longmen,Shanghai Port,0,1,A,5.7,4.54,1.51,5.7,4.54,1.58,5.15,4.36,1.52,,,,,,,13,9,1,5,17,14,9,1
CHN,Super League,2024,06/07/2024,12:00,Tianjin Jinmen Tiger,Changchun Yatai,2,2,D,1.94,3.64,3.8,2.1,3.75,3.8,1.93,3.6,3.51,,,,,,,20,15,6,7,18,8,12,4
CHN,Super League,2024,06/07/2024,12:35,Shanghai Shenhua,Shandong Taishan,6,0,H,1.68,3.83,5.04,1.71,3.9,5.1,1.66,3.76,4.62,,,,,,,20,4,7,0,14,9,8,1
CHN,Super League,2024,06/07/2024,13:00,Cangzhou,Shenzhen Xinpengcheng,1,1,D,2.88,3.21,2.57,2.88,3.4,2.57,2.75,3.21,2.47,,,,,,,11,16,3,4,13,10,3,7
CHN,Super League,2024,07/07/2024,12:00,Nantong Zhiyun,Chengdu Rongcheng,0,1,A,8.23,4.48,1.4,8.23,4.75,1.42,7.66,4.39,1.38,,,,,,,10,10,4,5,20,18,3,6
CHN,Super League,2024,07/07/2024,12:35,Beijing Guoan,Wuhan Three Towns,1,2,A,1.78,3.69,4.57,1.78,3.75,5.18,1.73,3.6,4.43,,,,,,,28,7,11,5,12,7,8,2
CHN,Super League,2024,07/07/2024,12:35,Qingdao Hainiu,Qingdao West Coast,3,1,H,1.96,3.69,3.7,2.1,3.7,3.8,1.97,3.55,3.43,,,,,,,17,21,6,5,19,11,4,10
CHN,Super League,2024,07/07/2024,13:00,Zhejiang Professional,Meizhou Hakka,4,0,H,1.22,7.03,9.71,1.23,7.03,12,1.21,6.64,9.98,,,,,,,25,13,10,6,8,10,6,3
CHN,Super League,2024,12/07/2024,12:35,Cangzhou,Wuhan Three Towns,1,1,D,2.89,3.64,2.33,3.28,3.68,2.38,2.98,3.52,2.2,3.35,3.85,2.24,,,,4,6,1,2,12,9,5,5
CHN,Super League,2024,12/07/2024,12:35,Shanghai Port,Beijing Guoan,5,1,H,1.3,6.09,7.81,1.3,6.6,9,1.28,6.03,7.87,1.31,7,10,,,,31,12,9,3,12,11,8,3
CHN,Super League,2024,12/07/2024,13:00,Chengdu Rongcheng,Tianjin Jinmen Tiger,2,1,H,1.29,5.79,8.67,1.32,6,9.6,1.27,5.66,8.67,1.32,6.4,11,,,,25,4,13,1,10,12,13,1
CHN,Super League,2024,13/07/2024,07:30,Qingdao West Coast,Zhejiang Professional,5,2,H,3.59,3.9,1.93,3.75,4.1,2.03,3.45,3.9,1.91,3.45,4.1,2.08,,,,22,18,11,5,9,14,7,5
CHN,Super League,2024,13/07/2024,12:35,Meizhou Hakka,Nantong Zhiyun,2,1,H,2.45,3.07,3.17,2.46,3.1,3.25,2.39,2.99,3.08,2.58,3.15,3.35,,,,13,12,5,3,18,15,10,5
CHN,Super League,2024,13/07/2024,12:35,Shandong Taishan,Qingdao Hainiu,1,1,D,1.47,5.08,5.62,1.49,5.1,6,1.45,4.83,5.5,1.49,5.4,6.6,,,,13,5,3,2,19,14,7,2
CHN,Super League,2024,13/07/2024,13:00,Shanghai Shenhua,Changchun Yatai,3,2,H,1.21,7.01,11.14,1.23,7.7,13,1.19,6.85,11.03,1.25,7.6,13.5,,,,26,13,7,6,16,11,7,5
CHN,Super League,2024,13/07/2024,13:00,Shenzhen Xinpengcheng,Henan Songshan Longmen,0,0,D,4.8,3.32,1.84,5.7,3.41,1.9,4.98,3.23,1.76,5.1,3.5,1.91,,,,7,14,1,3,15,9,1,6
CHN,Super League,2024,20/07/2024,12:35,Wuhan Three Towns,Chengdu Rongcheng,1,1,D,4.59,3.63,1.78,4.8,3.75,1.82,4.6,3.57,1.73,5.1,4,1.8,,,,13,19,3,7,13,16,5,3
CHN,Super League,2024,21/07/2024,11:00,Qingdao West Coast,Meizhou Hakka,3,3,D,1.84,3.72,4.18,1.89,3.8,4.18,1.83,3.63,3.9,1.9,3.95,4.3,,,,14,13,6,4,12,17,6,8
CHN,Super League,2024,21/07/2024,12:00,Nantong Zhiyun,Shandong Taishan,0,2,A,6.17,3.76,1.59,6.35,4.43,1.62,5.7,3.79,1.56,6.2,4,1.67,,,,11,11,2,4,14,10,2,2
CHN,Super League,2024,21/07/2024,12:35,Beijing Guoan,Tianjin Jinmen Tiger,2,0,H,1.76,3.97,4.27,1.88,4.08,4.35,1.76,3.8,4.05,1.85,4.1,4.5,,,,14,11,7,3,10,10,4,5
CHN,Super League,2024,21/07/2024,12:35,Henan Songshan Longmen,Zhejiang Professional,2,1,H,1.92,4,3.57,2.27,4.1,3.6,1.95,3.82,3.3,2.02,4,3.7,,,,12,24,5,6,5,14,8,10
CHN,Super League,2024,21/07/2024,12:35,Shanghai Port,Qingdao Hainiu,5,0,H,1.06,16.1,22.95,1.09,16.1,29,1.06,11.44,21.77,1.09,15.5,38,,,,35,4,11,1,9,5,11,1
CHN,Super League,2024,21/07/2024,12:35,Shenzhen Xinpengcheng,Changchun Yatai,2,1,H,3.22,3.34,2.28,3.22,3.47,2.71,2.9,3.28,2.35,3.25,3.45,2.44,,,,15,7,6,3,15,18,2,3
CHN,Super League,2024,22/07/2024,12:35,Cangzhou,Shanghai Shenhua,0,5,A,11.5,5.88,1.24,12,6,1.26,10.77,5.64,1.24,15,6.2,1.28,,,,7,25,2,10,7,13,2,8
CHN,Super League,2024,26/07/2024,12:35,Shanghai Port,Nantong Zhiyun,8,1,H,1.05,18.42,25.23,1.05,19.45,41,1.04,14.14,26.62,1.07,21,46,,,,26,8,11,1,9,7,2,3
CHN,Super League,2024,26/07/2024,13:00,Shenzhen Xinpengcheng,Beijing Guoan,1,0,H,3.4,3.29,2.21,3.47,3.34,2.21,3.34,3.21,2.13,3.6,3.45,2.28,,,,18,11,5,3,10,11,7,6
CHN,Super League,2024,27/07/2024,12:00,Changchun Yatai,Cangzhou,1,0,H,1.37,4.97,8.06,1.39,5.2,9,1.35,4.83,7.68,1.41,5.3,9.2,,,,20,5,4,1,17,14,5,3
CHN,Super League,2024,27/07/2024,12:35,Tianjin Jinmen Tiger,Qingdao West Coast,2,1,H,1.51,4.72,5.45,1.63,4.84,5.86,1.51,4.49,5.16,1.57,4.9,6.2,,,,12,10,6,4,7,15,2,3
CHN,Super League,2024,28/07/2024,12:35,Qingdao Hainiu,Meizhou Hakka,4,2,H,2.3,3.62,2.95,2.3,3.65,3.25,2.18,3.53,2.96,2.32,3.65,3.25,,,,18,18,8,6,11,12,6,9
CHN,Super League,2024,28/07/2024,12:35,Zhejiang Professional,Chengdu Rongcheng,1,3,A,3.18,4.17,2.01,3.18,4.22,2.16,2.97,3.96,2.05,3.1,4.3,2.2,,,,12,24,4,11,18,13,3,7
CHN,Super League,2024,28/07/2024,13:00,Henan Songshan Longmen,Shandong Taishan,1,0,H,2.26,3.2,3.39,2.3,3.3,3.4,2.21,3.17,3.23,2.34,3.4,3.5,,,,7,20,3,8,10,16,5,5
CHN,Super League,2024,29/07/2024,12:35,Wuhan Three Towns,Shanghai Shenhua,0,2,A,5.88,4.42,1.52,6.2,4.5,1.54,5.65,4.35,1.5,6.2,4.6,1.58,,,,10,8,1,5,8,18,2,2
CHN,Super League,2024,02/08/2024,12:35,Qingdao West Coast,Cangzhou,1,1,D,1.75,3.92,4.38,1.84,3.92,4.38,1.76,3.74,4.1,1.88,4,4.4,,,,8,8,3,4,15,12,2,4
CHN,Super League,2024,03/08/2024,12:00,Zhejiang Professional,Qingdao Hainiu,4,3,H,1.26,6.55,8.35,1.32,6.55,9,1.26,6.13,8.22,1.33,6.6,9.2,,,,45,6,14,3,9,12,10,1
CHN,Super League,2024,03/08/2024,12:35,Meizhou Hakka,Tianjin Jinmen Tiger,3,2,H,2.65,3.51,2.58,2.76,3.6,2.58,2.64,3.43,2.47,2.9,3.75,2.5,,,,18,10,7,3,14,17,8,2
CHN,Super League,2024,03/08/2024,12:35,Shandong Taishan,Shanghai Port,0,1,A,5.99,5.56,1.41,6.5,5.56,1.45,5.72,5.31,1.4,6.4,5.9,1.47,,,,5,17,2,3,10,5,5,6
CHN,Super League,2024,03/08/2024,13:00,Chengdu Rongcheng,Changchun Yatai,4,0,H,1.22,6.57,11.24,1.27,6.57,12.5,1.24,6.11,9.64,1.27,7.4,12.5,,,,19,6,12,2,21,9,4,3
CHN,Super League,2024,03/08/2024,13:00,Wuhan Three Towns,Shenzhen Xinpengcheng,4,1,H,2.1,3.2,3.82,2.11,3.25,4.09,2.06,3.14,3.68,2.16,3.3,4,,,,11,17,8,4,9,9,6,7
CHN,Super League,2024,04/08/2024,12:35,Beijing Guoan,Shanghai Shenhua,2,1,H,3.54,3.82,1.97,3.73,3.85,2.02,3.49,3.64,1.94,3.75,3.9,2.08,,,,12,13,8,5,13,8,2,7
CHN,Super League,2024,04/08/2024,13:00,Nantong Zhiyun,Henan Songshan Longmen,1,1,D,3.48,3.25,2.2,3.5,3.3,2.35,3.22,3.13,2.24,3.55,3.3,2.36,,,,18,8,5,3,14,19,6,5
CHN,Super League,2024,09/08/2024,12:35,Cangzhou,Shandong Taishan,3,1,H,4.42,3.66,1.81,4.43,3.66,1.91,4.08,3.48,1.84,4.6,3.7,1.92,,,,18,14,9,7,11,12,7,6
CHN,Super League,2024,09/08/2024,12:35,Shanghai Port,Meizhou Hakka,7,2,H,1.02,23.66,42.93,1.03,23,71,1.02,16.06,37.96,1.03,30,120,,,,32,8,15,3,15,7,10,4
CHN,Super League,2024,09/08/2024,12:35,Shenzhen Xinpengcheng,Chengdu Rongcheng,0,3,A,6.65,4.33,1.48,7,4.33,1.53,6.06,4.11,1.49,7,4.6,1.54,,,,5,13,1,5,13,11,3,5
CHN,Super League,2024,10/08/2024,12:00,Qingdao Hainiu,Henan Songshan Longmen,0,2,A,1.75,3.86,4.47,1.79,4.17,4.5,1.72,3.81,4.27,1.87,4,4.5,,,,18,11,4,4,14,8,8,6
CHN,Super League,2024,10/08/2024,12:35,Changchun Yatai,Wuhan Three Towns,2,0,H,2.46,3.44,2.84,2.46,3.7,2.9,2.36,3.41,2.78,2.48,3.8,2.96,,,,6,12,2,3,15,16,2,9
CHN,Super League,2024,10/08/2024,13:00,Shanghai Shenhua,Nantong Zhiyun,5,1,H,1.1,9.88,21.59,1.12,12.16,29.05,1.09,9.24,19.66,1.15,10,24,,,,22,6,8,3,7,11,13,2
CHN,Super League,2024,11/08/2024,12:35,Qingdao West Coast,Beijing Guoan,2,2,D,3.46,3.73,2.02,3.67,4,2.12,3.32,3.6,2.01,3.75,4,2.04,,,,10,9,7,4,12,13,7,5
CHN,Super League,2024,11/08/2024,13:00,Tianjin Jinmen Tiger,Zhejiang Professional,3,2,H,3.14,4.12,2.04,3.25,4.12,3.25,3.01,3.91,2.06,3.35,4.4,2.08,,,,11,18,6,6,9,19,2,8
CHN,Super League,2024,16/08/2024,12:00,Henan Songshan Longmen,Cangzhou,0,2,A,2.77,3.28,2.61,2.84,3.46,2.64,2.68,3.27,2.51,2.84,3.45,2.74,,,,17,7,5,2,10,6,7,0
CHN,Super League,2024,16/08/2024,12:35,Tianjin Jinmen Tiger,Wuhan Three Towns,1,0,H,2.06,3.64,3.43,2.17,3.73,3.8,1.98,3.57,3.45,2.12,3.75,3.6,,,,14,13,5,6,18,12,3,7
CHN,Super League,2024,16/08/2024,13:00,Beijing Guoan,Zhejiang Professional,0,0,D,1.76,4.52,3.77,1.86,4.6,4.2,1.74,4.33,3.67,1.86,4.7,3.85,,,,11,13,4,5,15,13,5,3
CHN,Super League,2024,16/08/2024,13:00,Nantong Zhiyun,Qingdao West Coast,0,3,A,2.12,3.5,3.42,2.16,3.6,3.42,2.1,3.47,3.18,2.18,3.75,3.55,,,,14,10,3,5,13,16,4,4
CHN,Super League,2024,17/08/2024,12:00,Qingdao Hainiu,Shenzhen Xinpengcheng,1,0,H,2.62,3.34,2.71,2.62,3.45,2.71,2.5,3.32,2.65,2.64,3.45,2.94,,,,6,12,1,5,16,15,0,2
CHN,Super League,2024,17/08/2024,12:35,Meizhou Hakka,Changchun Yatai,2,1,H,2.05,3.88,3.28,2.1,3.9,3.29,2.04,3.73,3.13,2.1,4,3.5,,,,15,12,8,1,14,20,2,6
CHN,Super League,2024,17/08/2024,12:35,Shanghai Shenhua,Shanghai Port,3,1,H,3.42,3.95,1.98,3.61,4.05,1.99,3.39,3.83,1.91,3.85,4.1,1.98,,,,18,10,9,2,18,12,7,2
CHN,Super League,2024,17/08/2024,13:00,Shandong Taishan,Chengdu Rongcheng,3,0,H,6.71,4.61,1.45,7.6,4.95,1.46,6.75,4.61,1.4,7.6,5,1.47,,,,7,24,6,8,13,10,1,10
CHN,Super League,2024,13/09/2024,12:00,Shanghai Port,Shenzhen Xinpengcheng,2,0,H,1.08,11.85,23.5,1.09,12,26,1.07,10.6,21.85,1.11,13,34,,,,18,13,6,3,11,8,8,0
CHN,Super League,2024,13/09/2024,12:35,Zhejiang Professional,Shanghai Shenhua,3,4,A,2.75,3.78,2.35,2.88,3.79,2.38,2.71,3.66,2.29,2.94,3.95,2.44,,,,19,14,6,12,19,18,7,5
CHN,Super League,2024,13/09/2024,13:00,Shandong Taishan,Qingdao West Coast,0,1,A,1.93,3.81,3.63,2.1,3.9,3.95,1.9,3.68,3.58,1.95,4,4,,,,25,5,7,3,10,9,15,8
CHN,Super League,2024,14/09/2024,12:35,Changchun Yatai,Nantong Zhiyun,3,2,H,1.68,3.67,5.32,1.75,3.8,5.32,1.69,3.67,4.72,1.77,3.95,5.1,,,,10,12,5,5,24,10,5,4
CHN,Super League,2024,14/09/2024,12:35,Chengdu Rongcheng,Beijing Guoan,2,2,D,1.34,5.39,8.11,1.35,5.5,8.5,1.32,5.11,7.87,1.37,5.9,9,,,,11,7,6,4,15,14,3,3
CHN,Super League,2024,14/09/2024,12:35,Tianjin Jinmen Tiger,Henan Songshan Longmen,1,0,H,2.44,3.28,2.99,2.44,3.4,3.25,2.31,3.21,2.99,2.44,3.5,3.15,,,,16,11,5,5,11,18,2,11
CHN,Super League,2024,14/09/2024,13:00,Cangzhou,Meizhou Hakka,2,1,H,2.95,3.37,2.42,2.95,3.45,2.46,2.82,3.32,2.37,3,3.5,2.52,,,,10,22,5,7,13,10,7,14
CHN,Super League,2024,15/09/2024,12:00,Qingdao Hainiu,Wuhan Three Towns,1,1,D,3.49,3.3,2.17,3.5,3.5,2.25,3.22,3.29,2.16,3.55,3.4,2.28,,,,9,14,2,5,18,14,6,3
CHN,Super League,2024,20/09/2024,12:35,Meizhou Hakka,Beijing Guoan,1,3,A,2.88,3.59,2.36,2.94,3.7,2.43,2.73,3.55,2.33,2.92,3.77,2.39,,,,9,13,5,5,16,16,4,4
CHN,Super League,2024,21/09/2024,11:00,Changchun Yatai,Shanghai Port,3,4,A,11.67,8.1,1.17,13,8.1,1.24,11.11,7.3,1.18,15,10,1.19,,,,15,10,5,7,22,9,6,4
CHN,Super League,2024,21/09/2024,12:35,Henan Songshan Longmen,Chengdu Rongcheng,2,0,H,5.44,4.19,1.58,5.5,4.2,1.7,5.08,3.96,1.6,5.7,4.3,1.65,,,,5,9,2,2,21,16,3,2
CHN,Super League,2024,21/09/2024,12:35,Shandong Taishan,Wuhan Three Towns,0,0,D,2.66,3.61,2.52,2.71,3.64,2.87,2.65,3.5,2.42,2.84,3.7,2.56,,,,12,13,2,3,20,10,10,4
CHN,Super League,2024,21/09/2024,13:00,Shanghai Shenhua,Tianjin Jinmen Tiger,2,1,H,1.17,7.43,14.36,1.23,7.5,14.36,1.18,6.77,11.82,1.23,7.8,16.5,,,,26,8,8,4,13,17,13,4
CHN,Super League,2024,22/09/2024,08:30,Qingdao West Coast,Shenzhen Xinpengcheng,3,2,H,2.56,3.43,2.73,2.88,3.5,2.78,2.46,3.39,2.66,2.66,3.55,2.84,,,,10,17,5,6,12,20,2,1
CHN,Super League,2024,22/09/2024,12:00,Nantong Zhiyun,Qingdao Hainiu,2,1,H,2.21,3.43,3.27,2.3,3.45,3.28,2.17,3.36,3.12,2.22,3.5,3.55,,,,21,13,8,4,13,17,6,1
CHN,Super League,2024,22/09/2024,13:00,Zhejiang Professional,Cangzhou,2,2,D,1.44,5.01,6.05,1.6,5.01,6.25,1.45,4.73,5.63,1.46,5.6,6.8,,,,40,7,9,4,11,8,8,2
CHN,Super League,2024,28/09/2024,08:30,Qingdao Hainiu,Shanghai Shenhua,0,1,A,8.8,5.64,1.29,9.7,6.26,1.33,8.5,5.6,1.28,10.5,6.4,1.31,,,,14,12,5,3,13,11,5,5
CHN,Super League,2024,28/09/2024,11:00,Shanghai Port,Qingdao West Coast,2,1,H,1.14,9.99,12.14,1.14,10.5,17,1.13,9.05,13.13,1.14,12,22,,,,21,17,11,4,13,14,7,7
CHN,Super League,2024,28/09/2024,12:35,Beijing Guoan,Changchun Yatai,8,1,H,1.61,3.99,5.45,1.62,4.29,5.7,1.58,3.96,5.2,1.61,4.3,6.2,,,,12,21,9,6,13,9,1,8
CHN,Super League,2024,28/09/2024,12:35,Nantong Zhiyun,Zhejiang Professional,3,2,H,3.19,4.01,2.05,3.38,4.1,2.11,3.16,3.87,1.99,3.45,4.2,2.06,,,,20,11,6,2,11,10,7,6
CHN,Super League,2024,28/09/2024,13:00,Shenzhen Xinpengcheng,Shandong Taishan,1,4,A,2.07,3.4,3.66,2.1,3.6,3.66,2.03,3.34,3.47,2.14,3.55,3.95,,,,15,12,3,6,12,22,6,5
CHN,Super League,2024,29/09/2024,12:35,Chengdu Rongcheng,Meizhou Hakka,2,0,H,1.21,6.97,10.59,1.23,7,11,1.21,6.58,9.98,1.23,8,15,,,,15,8,4,3,16,13,8,3
CHN,Super League,2024,29/09/2024,12:35,Tianjin Jinmen Tiger,Cangzhou,3,2,H,1.58,4.14,5.53,1.59,4.33,5.53,1.55,4.06,5.24,1.59,4.4,6.4,,,,36,8,12,4,16,4,13,2
CHN,Super League,2024,29/09/2024,13:00,Wuhan Three Towns,Henan Songshan Longmen,1,0,H,1.91,3.47,4.15,1.94,3.6,4.15,1.88,3.44,3.92,1.99,3.55,4.3,,,,21,3,8,2,7,17,6,1
CHN,Super League,2024,18/10/2024,12:35,Shandong Taishan,Tianjin Jinmen Tiger,4,1,H,1.95,3.89,3.54,2,3.9,3.56,1.93,3.76,3.39,2.08,3.95,3.55,,,,19,10,11,2,12,15,7,6
CHN,Super League,2024,18/10/2024,12:35,Shanghai Shenhua,Henan Songshan Longmen,2,1,H,1.19,6.8,13.64,1.22,6.8,14,1.19,6.3,11.94,1.25,6.8,17,,,,31,8,9,2,8,9,11,5
CHN,Super League,2024,18/10/2024,12:35,Wuhan Three Towns,Zhejiang Professional,0,2,A,2.05,3.81,3.31,2.15,3.9,3.4,2.05,3.74,3.13,2.2,4,3.25,,,,20,11,3,5,11,10,8,5
CHN,Super League,2024,18/10/2024,13:00,Chengdu Rongcheng,Shanghai Port,3,1,H,3.07,3.58,2.25,3.4,3.7,2.27,3.05,3.54,2.14,3.45,3.85,2.16,,,,14,14,5,5,17,13,7,12
CHN,Super League,2024,19/10/2024,08:30,Changchun Yatai,Qingdao West Coast,4,0,H,1.63,4.07,5.13,1.65,4.2,5.25,1.62,3.96,4.84,1.67,4.2,5.7,,,,17,3,5,1,18,17,3,3
CHN,Super League,2024,19/10/2024,12:35,Beijing Guoan,Qingdao Hainiu,6,0,H,1.39,5.03,7.22,1.42,5.03,7.5,1.38,4.78,6.92,1.44,5.3,7.8,,,,16,19,8,4,8,9,2,5
CHN,Super League,2024,20/10/2024,11:00,Cangzhou,Nantong Zhiyun,0,0,D,3.62,3.31,2.12,3.62,3.41,2.31,3.3,3.27,2.13,3.75,3.5,2.18,,,,6,9,2,1,13,14,2,1
CHN,Super League,2024,20/10/2024,12:35,Shenzhen Xinpengcheng,Meizhou Hakka,0,0,D,1.97,3.36,4.05,2,3.57,4.05,1.95,3.4,3.72,2.06,3.55,4.1,,,,13,9,4,3,20,19,8,5
CHN,Super League,2024,27/10/2024,07:30,Cangzhou,Shanghai Port,0,1,A,19.16,12.08,1.08,29,13,1.12,20.48,10.31,1.08,26,15.5,1.11,,,,4,30,1,9,6,7,3,12
CHN,Super League,2024,27/10/2024,07:30,Henan Songshan Longmen,Changchun Yatai,0,0,D,2.26,3.47,3.14,2.26,3.56,3.32,2.17,3.41,3.07,2.26,3.65,3.4,,,,16,6,6,2,16,13,8,5
CHN,Super League,2024,27/10/2024,07:30,Meizhou Hakka,Wuhan Three Towns,1,0,H,1.57,4.2,5.54,1.65,4.2,5.54,1.61,3.96,4.92,1.67,4.4,5.4,,,,17,10,8,3,8,18,6,5
CHN,Super League,2024,27/10/2024,07:30,Nantong Zhiyun,Beijing Guoan,1,3,A,3.1,3.7,2.19,3.29,3.71,2.26,3.11,3.55,2.12,3.35,3.7,2.2,,,,20,13,6,7,4,10,8,7
CHN,Super League,2024,27/10/2024,07:30,Qingdao West Coast,Chengdu Rongcheng,1,1,D,7.38,4.79,1.4,7.5,5,1.5,6.81,4.69,1.4,8,5.4,1.42,,,,3,10,1,6,14,16,3,4
CHN,Super League,2024,27/10/2024,07:30,Shanghai Shenhua,Shenzhen Xinpengcheng,2,2,D,1.26,5.87,10.96,1.28,7.2,17,1.21,6.01,11.94,1.27,6.4,14,,,,20,13,6,3,15,10,12,3
CHN,Super League,2024,27/10/2024,07:30,Tianjin Jinmen Tiger,Qingdao Hainiu,1,0,H,1.67,4.35,4.43,1.95,4.35,4.75,1.76,3.9,3.99,1.8,4.3,4.3,,,,17,7,8,2,16,9,6,3
CHN,Super League,2024,27/10/2024,07:30,Zhejiang Professional,Shandong Taishan,3,3,D,1.97,4.16,3.28,2.06,4.16,3.4,1.96,3.94,3.18,2.08,4.3,3.35,,,,28,18,9,6,10,13,10,6
CHN,Super League,2024,02/11/2024,07:30,Beijing Guoan,Henan Songshan Longmen,1,1,D,1.6,4.22,5.19,1.61,4.33,5.6,1.57,4.18,4.97,1.64,4.5,5.5,,,,17,20,7,4,11,16,10,4
CHN,Super League,2024,02/11/2024,07:30,Changchun Yatai,Zhejiang Professional,2,2,D,2.37,3.64,2.83,2.37,4.1,2.83,2.27,3.85,2.67,2.4,4,2.86,,,,12,25,6,8,11,14,2,10
CHN,Super League,2024,02/11/2024,07:30,Chengdu Rongcheng,Shanghai Shenhua,1,2,A,2.9,3.43,2.42,3.1,3.6,2.45,2.84,3.42,2.33,2.88,3.55,2.56,,,,6,13,3,5,14,13,9,7
CHN,Super League,2024,02/11/2024,07:30,Qingdao Hainiu,Cangzhou,1,0,H,1.56,4.01,5.99,1.57,4.5,6.3,1.53,4.06,5.65,1.59,4.3,6.2,,,,13,2,3,1,8,7,5,2
CHN,Super League,2024,02/11/2024,07:30,Shandong Taishan,Meizhou Hakka,2,1,H,2.08,3.7,3.34,2.08,3.95,3.6,2.01,3.74,3.24,2.08,3.95,3.6,,,,22,13,7,4,21,11,4,2
CHN,Super League,2024,02/11/2024,07:30,Shanghai Port,Tianjin Jinmen Tiger,5,0,H,1.11,9.65,18.51,1.16,9.65,18.51,1.13,8.47,14.6,1.15,11,21,,,,26,4,11,2,12,15,8,1
CHN,Super League,2024,02/11/2024,07:30,Shenzhen Xinpengcheng,Nantong Zhiyun,2,1,H,1.38,4.98,7.69,1.38,5.2,8.6,1.34,4.87,7.8,1.38,5.5,9.8,,,,12,13,6,4,10,11,4,10
CHN,Super League,2024,02/11/2024,07:30,Wuhan Three Towns,Qingdao West Coast,1,3,A,3.38,3.39,2.18,3.38,3.7,2.52,3.07,3.52,2.15,3.25,3.65,2.24,,,,21,11,6,3,7,10,12,2
CHN,Super League,2025,22/02/2025,11:35,Chengdu Rongcheng,Wuhan Three Towns,1,0,H,1.36,4.9,8.49,1.36,5.2,9.5,1.35,4.67,8.26,1.39,5.2,10.5,,,,24,9,8,2,14,18,9,2
CHN,Super League,2025,22/02/2025,12:00,Shanghai Shenhua,Changchun Yatai,2,1,H,1.21,6.63,12.13,1.3,6.63,13,1.26,5.51,9.66,1.32,6,12.5,,,,25,5,9,2,16,17,6,1
CHN,Super League,2025,22/02/2025,12:00,Yunnan Yukun,Beijing Guoan,0,2,A,4.43,3.75,1.78,4.9,3.95,1.78,4.41,3.74,1.71,4.9,4,1.79,,,,8,9,1,5,14,11,0,7
CHN,Super League,2025,23/02/2025,07:30,Qingdao Hainiu,Qingdao West Coast,2,2,D,2.65,2.9,3.07,2.65,3.2,3.19,2.47,2.94,2.99,2.64,3.1,3.25,,,,11,13,4,5,14,15,3,3
CHN,Super League,2025,23/02/2025,07:30,Shandong Taishan,Henan Songshan Longmen,0,0,D,1.5,4.32,6.26,1.56,4.34,7,1.5,4.08,5.84,1.52,4.7,7,,,,22,13,4,5,12,16,9,8
CHN,Super League,2025,23/02/2025,07:30,Tianjin Jinmen Tiger,Meizhou Hakka,2,2,D,1.46,4.57,6.53,1.51,4.7,7,1.45,4.35,6.08,1.54,4.6,6.6,,,,31,13,10,3,7,17,14,7
CHN,Super League,2025,23/02/2025,07:30,Zhejiang Professional,Dalian Yingbo,1,1,D,1.68,4.13,4.57,1.71,4.3,4.6,1.66,4.01,4.36,1.73,4.4,4.9,,,,9,9,4,2,12,21,5,7
CHN,Super League,2025,23/02/2025,11:35,Shanghai Port,Shenzhen Xinpengcheng,3,1,H,1.4,4.91,7.05,1.43,5.2,7.16,1.39,4.71,6.61,1.45,5.2,7.6,,,,17,11,7,2,14,18,5,6
CHN,Super League,2025,28/02/2025,07:30,Shandong Taishan,Dalian Yingbo,4,1,H,1.44,4.59,6.96,1.45,5.2,7.8,1.4,4.63,6.67,1.44,5.1,8,,,,18,9,10,3,22,6,5,6
CHN,Super League,2025,28/02/2025,11:35,Shanghai Port,Changchun Yatai,2,0,H,1.51,4.61,5.71,1.58,4.9,5.71,1.51,4.44,5.26,1.54,4.9,6.6,,,,26,8,7,0,11,13,5,3
CHN,Super League,2025,01/03/2025,07:30,Qingdao Hainiu,Shenzhen Xinpengcheng,0,1,A,3.13,2.82,2.67,3.26,2.92,2.75,3.07,2.77,2.55,3.35,2.94,2.7,,,,10,12,0,4,17,15,5,3
CHN,Super League,2025,01/03/2025,11:35,Meizhou Hakka,Henan Songshan Longmen,2,1,H,3.04,3.36,2.37,3.23,3.55,2.38,2.98,3.34,2.25,3.15,3.5,2.42,,,,15,13,6,3,10,13,4,6
CHN,Super League,2025,01/03/2025,11:35,Shanghai Shenhua,Beijing Guoan,2,2,D,1.65,4.03,5.02,1.84,4.03,5.02,1.76,3.69,4.2,1.85,3.9,4.8,,,,11,7,5,1,20,20,8,2
CHN,Super League,2025,01/03/2025,12:00,Yunnan Yukun,Zhejiang Professional,1,1,D,2.76,3.44,2.52,2.8,3.6,2.52,2.67,3.38,2.43,2.84,3.7,2.6,,,,8,12,3,3,7,12,5,8
CHN,Super League,2025,02/03/2025,10:30,Chengdu Rongcheng,Tianjin Jinmen Tiger,1,2,A,1.54,4.31,5.69,1.56,4.34,6.25,1.53,4.08,5.51,1.6,4.4,6.2,,,,21,12,5,5,13,18,4,3
CHN,Super League,2025,03/03/2025,06:00,Qingdao West Coast,Wuhan Three Towns,2,0,H,2.13,3.45,3.44,2.23,3.5,3.5,2.11,3.33,3.28,2.22,3.5,3.55,,,,19,22,6,1,13,10,4,3
CHN,Super League,2025,28/03/2025,11:00,Qingdao West Coast,Shanghai Port,3,3,D,4.01,3.94,1.82,4.2,4.01,1.86,3.83,3.84,1.81,4.3,4,1.89,,,,10,17,4,3,9,17,1,8
CHN,Super League,2025,28/03/2025,11:35,Wuhan Three Towns,Zhejiang Professional,0,4,A,2.64,3.57,2.56,3,3.57,2.63,2.74,3.46,2.38,2.92,3.65,2.58,,,,16,16,5,6,14,15,5,2
CHN,Super League,2025,28/03/2025,12:00,Shenzhen Xinpengcheng,Yunnan Yukun,3,4,A,2.48,3.2,3,2.48,3.4,3.15,2.37,3.21,2.97,2.52,3.3,3.2,,,,17,9,7,6,7,11,10,2
CHN,Super League,2025,29/03/2025,07:30,Dalian Yingbo,Changchun Yatai,2,0,H,2.4,3.39,2.95,2.5,3.55,2.95,2.4,3.31,2.8,2.54,3.45,3,,,,20,5,6,1,13,6,9,2
CHN,Super League,2025,29/03/2025,07:30,Tianjin Jinmen Tiger,Qingdao Hainiu,1,0,H,1.58,3.62,6.81,1.61,3.95,7,1.57,3.7,6.13,1.61,4,7.4,,,,25,6,8,2,14,14,10,3
CHN,Super League,2025,29/03/2025,10:00,Henan Songshan Longmen,Shanghai Shenhua,1,3,A,3.74,3.46,2.02,3.74,3.46,2.09,3.54,3.36,2.02,4,3.55,2.08,,,,8,16,5,7,19,17,2,9
CHN,Super League,2025,29/03/2025,11:00,Meizhou Hakka,Shandong Taishan,3,4,A,4.89,4.32,1.61,5.1,4.33,1.66,4.62,4.13,1.62,5.4,4.4,1.68,,,,5,21,4,7,16,18,2,7
CHN,Super League,2025,29/03/2025,11:35,Beijing Guoan,Chengdu Rongcheng,1,1,D,2.41,3.35,2.98,2.45,3.55,2.98,2.37,3.34,2.84,2.5,3.45,3.15,,,,7,17,2,10,13,17,3,7
CHN,Super League,2025,01/04/2025,12:00,Henan Songshan Longmen,Qingdao West Coast,2,3,A,1.96,3.48,3.92,2.01,3.7,4.2,1.92,3.54,3.71,2.04,3.7,4,,,,9,15,5,5,22,17,2,4
CHN,Super League,2025,01/04/2025,12:35,Zhejiang Professional,Shenzhen Xinpengcheng,3,0,H,1.79,3.77,4.35,1.92,3.95,4.35,1.82,3.68,3.98,1.92,3.85,4.4,,,,12,10,5,2,11,11,1,2
CHN,Super League,2025,02/04/2025,08:30,Changchun Yatai,Wuhan Three Towns,1,1,D,2.53,3.65,2.63,2.55,3.65,3.25,2.44,3.5,2.68,2.66,3.65,2.78,,,,7,14,3,2,22,15,3,7
CHN,Super League,2025,02/04/2025,11:00,Shanghai Shenhua,Yunnan Yukun,3,1,H,1.32,5.79,8.59,1.32,5.83,10,1.3,5.45,8.52,1.34,6,10.5,,,,36,9,9,3,13,11,16,1
CHN,Super League,2025,02/04/2025,12:00,Qingdao Hainiu,Dalian Yingbo,1,1,D,3.78,3.35,2.1,3.78,3.5,2.25,3.41,3.34,2.11,3.9,3.35,2.18,,,,9,12,3,2,9,15,3,9
CHN,Super League,2025,02/04/2025,12:35,Shandong Taishan,Chengdu Rongcheng,0,3,A,3.04,3.62,2.31,3.1,3.62,2.5,2.84,3.51,2.33,3.05,3.65,2.46,,,,10,19,2,8,14,10,6,11
CHN,Super League,2025,02/04/2025,12:35,Tianjin Jinmen Tiger,Beijing Guoan,2,2,D,2.91,3.33,2.53,3,3.35,2.55,2.82,3.24,2.47,3.05,3.4,2.58,,,,21,14,9,4,13,9,8,4
CHN,Super League,2025,02/04/2025,13:00,Shanghai Port,Meizhou Hakka,2,1,H,1.27,7.32,7.92,1.29,7.32,9,1.26,6.71,7.7,1.29,7.2,9.8,,,,19,9,9,1,18,21,2,4
CHN,Super League,2025,05/04/2025,12:35,Shenzhen Xinpengcheng,Henan Songshan Longmen,1,3,A,2.27,3.2,3.5,2.28,3.41,3.5,2.21,3.23,3.22,2.38,3.25,3.55,,,,12,15,2,7,16,10,6,5
CHN,Super League,2025,06/04/2025,08:30,Changchun Yatai,Shandong Taishan,1,2,A,4.37,4.23,1.71,4.6,4.23,1.75,4.28,4.02,1.7,4.7,4.3,1.77,,,,14,25,4,6,15,12,5,7
CHN,Super League,2025,06/04/2025,11:30,Qingdao West Coast,Tianjin Jinmen Tiger,2,2,D,2.88,3.63,2.4,2.88,3.63,2.5,2.76,3.5,2.37,2.92,3.65,2.56,,,,9,8,3,5,12,17,4,3
CHN,Super League,2025,06/04/2025,12:00,Chengdu Rongcheng,Dalian Yingbo,2,0,H,1.28,5.73,10.74,1.28,6.5,13,1.25,5.69,10.85,1.29,6,13.5,,,,16,6,6,1,17,13,7,3
CHN,Super League,2025,06/04/2025,12:00,Meizhou Hakka,Wuhan Three Towns,3,1,H,3.02,3.61,2.32,3.05,3.61,2.35,2.93,3.48,2.27,3.1,3.65,2.44,,,,17,6,7,2,12,14,6,1
CHN,Super League,2025,06/04/2025,12:35,Beijing Guoan,Zhejiang Professional,2,0,H,1.75,4,4.57,1.83,4.1,4.57,1.76,3.87,4.11,1.83,4,4.5,,,,26,8,11,2,10,9,11,8
CHN,Super League,2025,06/04/2025,12:35,Shanghai Port,Shanghai Shenhua,1,1,D,3.35,3.53,2.19,3.35,3.53,2.28,3.09,3.45,2.19,3.3,3.7,2.26,,,,10,15,2,3,14,11,8,10
CHN,Super League,2025,06/04/2025,13:00,Yunnan Yukun,Qingdao Hainiu,1,0,H,1.7,3.85,5.14,1.73,3.85,5.25,1.67,3.73,4.9,1.76,3.9,5.4,,,,19,8,4,4,10,14,8,4
CHN,Super League,2025,11/04/2025,12:35,Meizhou Hakka,Changchun Yatai,1,3,A,1.84,3.91,4.12,1.87,3.91,4.25,1.83,3.76,3.93,1.95,3.9,4.2,,,,21,10,6,4,5,9,16,5
CHN,Super League,2025,11/04/2025,12:35,Shandong Taishan,Shenzhen Xinpengcheng,4,0,H,1.51,4.66,5.98,1.51,5,7,1.47,4.61,5.85,1.51,5.1,6.8,,,,18,10,9,1,14,13,7,5
CHN,Super League,2025,12/04/2025,08:30,Dalian Yingbo,Tianjin Jinmen Tiger,1,1,D,2.51,3.26,3,2.8,3.4,3,2.52,3.29,2.73,2.6,3.35,3.05,,,,18,5,7,4,13,12,9,0
CHN,Super League,2025,12/04/2025,12:00,Qingdao Hainiu,Chengdu Rongcheng,0,1,A,8.42,4.92,1.38,11,5.6,1.38,8.63,5.19,1.32,9.4,5,1.4,,,,6,14,3,5,21,19,1,2
CHN,Super League,2025,12/04/2025,12:35,Wuhan Three Towns,Yunnan Yukun,3,1,H,2.44,3.33,3.05,2.44,3.55,3.05,2.33,3.35,2.93,2.44,3.4,3.2,,,,16,12,8,4,13,13,3,5
CHN,Super League,2025,12/04/2025,13:00,Shanghai Shenhua,Zhejiang Professional,3,2,H,1.31,5.84,8.43,1.34,6,8.5,1.32,5.6,7.56,1.37,6,8.6,,,,13,4,6,2,15,12,8,3
CHN,Super League,2025,15/04/2025,11:30,Qingdao West Coast,Shandong Taishan,1,5,A,4.01,4.09,1.83,4.01,4.09,2.15,3.81,3.96,1.82,3.15,3.9,2.28,,,,10,18,1,6,15,25,4,4
CHN,Super League,2025,15/04/2025,12:35,Wuhan Three Towns,Beijing Guoan,4,4,D,4.88,3.9,1.72,5,4,1.73,4.64,3.83,1.7,5,4.1,1.77,,,,18,14,10,8,16,17,8,7
CHN,Super League,2025,15/04/2025,13:00,Shenzhen Xinpengcheng,Changchun Yatai,3,1,H,1.74,4.07,4.5,1.8,4.1,4.51,1.71,3.99,4.32,1.77,4.1,5,,,,10,9,5,5,11,7,4,7
CHN,Super League,2025,16/04/2025,11:00,Tianjin Jinmen Tiger,Shanghai Port,1,4,A,7.22,5.28,1.4,8.5,5.5,1.41,7.22,5.03,1.37,8,5.4,1.42,,,,8,15,2,7,9,16,4,1
CHN,Super League,2025,16/04/2025,12:00,Dalian Yingbo,Henan Songshan Longmen,1,0,H,2.24,3.14,3.65,2.32,3.25,3.65,2.22,3.11,3.38,2.3,3.25,3.7,,,,9,10,3,4,12,15,4,6
CHN,Super League,2025,16/04/2025,12:00,Zhejiang Professional,Meizhou Hakka,2,2,D,1.85,4.02,3.94,1.88,4.25,4.3,1.8,3.99,3.82,1.81,4.2,4.5,,,,17,12,2,4,14,17,3,5
CHN,Super League,2025,16/04/2025,12:35,Chengdu Rongcheng,Yunnan Yukun,1,1,D,1.34,5.37,8.79,1.34,5.8,9,1.32,5.37,8.14,1.36,5.8,10,,,,21,8,5,2,15,20,6,0
CHN,Super League,2025,16/04/2025,13:00,Shanghai Shenhua,Qingdao Hainiu,3,2,H,1.13,9.02,17.04,1.15,9.2,21,1.13,8.23,15.93,1.16,9.6,26,,,,21,8,7,2,13,12,13,3
CHN,Super League,2025,19/04/2025,12:00,Shanghai Shenhua,Wuhan Three Towns,2,0,H,1.27,6.09,10.39,1.31,6.75,12,1.26,5.93,9.29,1.3,6.6,11,,,,15,7,6,2,12,13,8,3
CHN,Super League,2025,19/04/2025,12:35,Beijing Guoan,Shandong Taishan,6,1,H,2.87,3.85,2.32,3.05,3.85,2.52,2.8,3.69,2.28,2.94,4,2.4,,,,22,5,9,2,12,8,9,1
CHN,Super League,2025,20/04/2025,08:30,Changchun Yatai,Yunnan Yukun,0,0,D,2.57,3.52,2.74,2.69,3.7,2.74,2.51,3.47,2.61,2.6,3.7,2.8,,,,10,9,3,2,12,15,2,3
CHN,Super League,2025,20/04/2025,11:30,Henan Songshan Longmen,Qingdao Hainiu,3,1,H,1.53,4.11,6.74,1.55,4.4,6.74,1.51,4.12,6.13,1.56,4.2,7.4,,,,11,4,3,1,22,15,5,1
CHN,Super League,2025,20/04/2025,11:30,Qingdao West Coast,Dalian Yingbo,2,0,H,2.71,3.26,2.76,2.71,3.4,2.85,2.57,3.24,2.7,2.7,3.45,2.88,,,,5,13,2,3,20,11,1,7
CHN,Super League,2025,20/04/2025,12:00,Meizhou Hakka,Shenzhen Xinpengcheng,3,0,H,2.1,3.36,3.76,2.15,3.65,3.76,2.05,3.36,3.54,2.16,3.45,3.9,,,,15,4,5,0,14,15,9,2
CHN,Super League,2025,20/04/2025,12:35,Shanghai Port,Chengdu Rongcheng,1,3,A,2.88,3.72,2.36,3,3.72,2.42,2.83,3.54,2.31,2.96,3.75,2.48,,,,15,15,8,7,15,21,5,2
CHN,Super League,2025,20/04/2025,12:35,Tianjin Jinmen Tiger,Zhejiang Professional,2,0,H,2.67,3.39,2.72,2.67,3.6,2.94,2.51,3.35,2.69,2.66,3.5,2.86,,,,11,14,3,6,7,16,3,4
CHN,Super League,2025,25/04/2025,12:35,Beijing Guoan,Henan Songshan Longmen,1,0,H,1.71,4.19,4.58,1.73,4.33,5,1.67,4.1,4.43,1.77,4.3,4.7,,,,14,6,5,1,13,14,3,4
CHN,Super League,2025,25/04/2025,13:00,Yunnan Yukun,Shanghai Port,2,3,A,3.24,3.64,2.19,3.9,3.95,2.2,3.26,3.62,2.07,3.3,3.85,2.24,,,,14,7,3,4,7,17,9,1
CHN,Super League,2025,26/04/2025,08:30,Changchun Yatai,Chengdu Rongcheng,1,2,A,9.23,5.69,1.32,10,6,1.33,8.42,5.48,1.31,10,5.9,1.35,,,,9,20,4,9,16,13,2,5
CHN,Super League,2025,26/04/2025,12:00,Shenzhen Xinpengcheng,Dalian Yingbo,1,1,D,3.3,3.36,2.28,3.3,3.5,2.38,3.08,3.3,2.28,3.4,3.4,2.36,,,,10,11,4,2,20,11,7,3
CHN,Super League,2025,26/04/2025,12:35,Shandong Taishan,Shanghai Shenhua,0,1,A,3.26,3.91,2.1,3.35,4,2.22,3.13,3.89,2.04,3.4,4,2.12,,,,12,14,3,3,19,15,8,7
CHN,Super League,2025,27/04/2025,12:00,Wuhan Three Towns,Tianjin Jinmen Tiger,2,1,H,2.42,3.24,3.16,2.55,3.4,3.16,2.43,3.25,2.86,2.58,3.35,3.05,,,,16,11,10,3,7,13,5,3
CHN,Super League,2025,27/04/2025,12:35,Qingdao Hainiu,Meizhou Hakka,1,1,D,3.4,3.48,2.18,3.55,3.64,2.3,3.31,3.44,2.1,3.55,3.55,2.24,,,,17,11,2,1,18,17,5,2
CHN,Super League,2025,27/04/2025,13:00,Zhejiang Professional,Qingdao West Coast,2,1,H,1.93,4.08,3.58,1.97,4.08,3.65,1.91,3.87,3.5,1.96,4.2,3.8,,,,7,6,2,2,11,15,1,3
CHN,Super League,2025,01/05/2025,08:30,Dalian Yingbo,Yunnan Yukun,3,2,H,1.77,3.81,4.67,1.85,3.81,4.75,1.76,3.62,4.47,1.82,3.8,5,,,,14,14,4,5,14,11,4,8
CHN,Super League,2025,01/05/2025,11:30,Shenzhen Xinpengcheng,Tianjin Jinmen Tiger,1,0,H,2.05,3.3,4.02,2.17,3.45,4.02,2.08,3.3,3.51,2.14,3.35,4.1,,,,9,13,4,1,10,10,4,6
CHN,Super League,2025,01/05/2025,12:00,Henan Songshan Longmen,Wuhan Three Towns,1,2,A,1.87,3.73,4.2,1.88,3.75,4.2,1.84,3.67,3.9,1.91,3.85,4.5,,,,14,7,4,4,11,14,9,3
CHN,Super League,2025,01/05/2025,12:00,Zhejiang Professional,Changchun Yatai,4,2,H,1.35,5.51,8.21,1.38,5.51,8.21,1.35,5.15,7.33,1.37,5.8,9.6,,,,16,11,7,4,9,12,3,7
CHN,Super League,2025,01/05/2025,12:35,Shandong Taishan,Qingdao Hainiu,1,1,D,1.22,6.76,12.17,1.23,7,12.25,1.21,6.46,10.88,1.24,7.2,15,,,,22,10,4,3,16,19,7,2
CHN,Super League,2025,01/05/2025,12:35,Shanghai Port,Beijing Guoan,1,2,A,2.46,4.02,2.61,2.46,4.02,2.88,2.35,3.87,2.58,2.52,4.1,2.72,,,,19,13,7,6,13,6,5,7
CHN,Super League,2025,02/05/2025,12:00,Qingdao West Coast,Meizhou Hakka,3,1,H,1.89,4.03,3.79,1.97,4.2,3.79,1.86,3.98,3.56,1.95,4.1,3.9,,,,10,13,5,5,12,15,4,11
CHN,Super League,2025,02/05/2025,12:35,Chengdu Rongcheng,Shanghai Shenhua,1,0,H,2.09,3.53,3.61,2.17,3.7,3.61,2.1,3.48,3.31,2.2,3.6,3.55,,,,11,9,2,4,13,13,6,7
CHN,Super League,2025,05/05/2025,08:30,Dalian Yingbo,Beijing Guoan,0,2,A,4.18,4,1.81,4.32,4.1,1.99,4.02,3.87,1.79,4.4,4.1,1.85,,,,8,11,1,6,23,11,7,1
CHN,Super League,2025,05/05/2025,12:00,Henan Songshan Longmen,Tianjin Jinmen Tiger,3,4,A,2.22,3.49,3.3,2.3,3.51,3.3,2.23,3.43,3.05,2.28,3.55,3.5,,,,17,9,5,4,12,21,6,3
CHN,Super League,2025,05/05/2025,12:00,Wuhan Three Towns,Shanghai Port,0,2,A,3.35,3.86,2.07,3.35,4.1,2.2,3.05,3.82,2.09,3.3,4,2.16,,,,18,14,7,6,9,15,7,3
CHN,Super League,2025,05/05/2025,12:35,Chengdu Rongcheng,Zhejiang Professional,2,1,H,1.3,5.72,9.59,1.3,6.25,10,1.28,5.76,8.64,1.33,6,11,,,,19,3,10,1,11,11,9,1
CHN,Super League,2025,05/05/2025,12:35,Qingdao Hainiu,Changchun Yatai,3,0,H,1.87,3.72,4.22,1.87,3.75,4.22,1.85,3.65,3.99,1.97,3.75,4.2,,,,18,12,7,4,9,12,7,8
CHN,Super League,2025,05/05/2025,13:00,Yunnan Yukun,Shandong Taishan,3,2,H,2.7,3.77,2.48,2.7,3.77,2.54,2.6,3.65,2.44,2.74,3.8,2.62,,,,15,18,7,7,15,9,4,5
CHN,Super League,2025,06/05/2025,12:00,Meizhou Hakka,Shanghai Shenhua,1,3,A,4.79,4.4,1.65,4.8,4.75,1.65,4.59,4.39,1.61,5,4.6,1.69,,,,15,22,1,8,12,17,8,8
CHN,Super League,2025,06/05/2025,12:35,Qingdao West Coast,Shenzhen Xinpengcheng,0,0,D,1.93,3.55,4.17,1.93,3.82,4.27,1.87,3.58,3.98,1.95,3.75,4.4,,,,14,2,4,0,12,16,12,3
CHN,Super League,2025,09/05/2025,12:35,Shanghai Port,Qingdao Hainiu,3,1,H,1.34,5.7,8.12,1.36,6,8.24,1.33,5.51,7.47,1.33,6.4,10.5,,,,29,12,8,4,10,14,7,4
CHN,Super League,2025,10/05/2025,12:00,Shanghai Shenhua,Qingdao West Coast,4,0,H,1.36,5.41,8.17,1.36,5.6,9.5,1.32,5.35,8.08,1.37,5.5,9.8,,,,18,6,10,1,8,12,8,7
CHN,Super League,2025,10/05/2025,12:35,Meizhou Hakka,Chengdu Rongcheng,0,4,A,9.05,5.93,1.3,9.34,6,1.3,8.73,5.81,1.28,9.4,6.4,1.34,,,,10,22,0,8,11,14,5,6
CHN,Super League,2025,10/05/2025,12:35,Shandong Taishan,Zhejiang Professional,4,2,H,1.74,4.29,4.28,1.74,4.4,4.4,1.7,4.19,4.17,1.78,4.3,4.5,,,,11,19,8,5,13,8,4,2
CHN,Super League,2025,10/05/2025,13:00,Beijing Guoan,Shenzhen Xinpengcheng,3,1,H,1.23,6.37,13.09,1.23,7,14,1.21,6.16,11.95,1.24,7.2,17.5,,,,22,5,8,2,7,12,6,3
CHN,Super League,2025,11/05/2025,12:00,Changchun Yatai,Henan Songshan Longmen,0,1,A,3.79,3.75,1.96,4.16,3.9,1.96,3.95,3.71,1.83,4.4,3.9,1.91,,,,7,13,2,2,16,17,3,11
CHN,Super League,2025,11/05/2025,12:00,Tianjin Jinmen Tiger,Yunnan Yukun,0,1,A,2.24,3.84,3.01,2.29,3.84,3.3,2.2,3.63,2.99,2.26,3.85,3.2,,,,19,14,6,4,15,12,10,4
CHN,Super League,2025,11/05/2025,12:35,Wuhan Three Towns,Dalian Yingbo,2,2,D,1.93,3.6,4.06,1.98,3.6,4.06,1.92,3.5,3.82,1.98,3.8,4.1,,,,16,7,4,2,9,20,6,4
CHN,Super League,2025,16/05/2025,12:35,Zhejiang Professional,Henan Songshan Longmen,2,2,D,2.6,3.62,2.65,2.6,3.62,2.75,2.51,3.52,2.59,2.66,3.7,2.74,,,,10,13,3,4,8,17,3,6
CHN,Super League,2025,16/05/2025,13:00,Yunnan Yukun,Meizhou Hakka,2,0,H,1.41,5.26,6.77,1.41,5.6,7.6,1.37,5.3,6.84,1.41,5.9,7.6,,,,12,7,5,1,13,10,3,11
CHN,Super League,2025,17/05/2025,11:00,Dalian Yingbo,Shanghai Shenhua,0,3,A,5.46,4.06,1.63,6,4.35,1.63,5.42,4,1.57,6,4.3,1.64,,,,14,17,3,9,12,9,5,7
CHN,Super League,2025,17/05/2025,12:00,Changchun Yatai,Tianjin Jinmen Tiger,1,2,A,3.12,3.65,2.24,3.18,3.7,2.33,3.04,3.59,2.18,3.25,3.65,2.32,,,,12,7,5,3,14,17,7,0
CHN,Super League,2025,17/05/2025,12:35,Chengdu Rongcheng,Qingdao West Coast,1,1,D,1.2,7.3,12.44,1.21,7.45,14,1.19,6.77,12.45,1.23,7.6,15,,,,21,4,6,3,14,16,11,2
CHN,Super League,2025,17/05/2025,12:35,Qingdao Hainiu,Beijing Guoan,1,1,D,7.47,4.9,1.41,7.48,4.9,1.44,6.7,4.67,1.42,7.6,5.1,1.48,,,,11,13,3,4,16,19,1,5
CHN,Super League,2025,17/05/2025,13:00,Shanghai Port,Shandong Taishan,1,1,D,1.97,4.54,3.2,1.97,4.54,3.35,1.92,4.42,3.16,2,4.7,3.35,,,,10,20,2,12,14,8,4,6
CHN,Super League,2025,13/06/2025,12:35,Dalian Yingbo,Meizhou Hakka,1,0,H,2.51,3.75,2.68,2.51,3.8,2.68,2.44,3.61,2.5,2.54,4,2.76,,,,11,3,1,1,13,10,6,3
CHN,Super League,2025,13/06/2025,13:00,Wuhan Three Towns,Qingdao Hainiu,2,0,H,1.67,4,5.17,1.7,4.2,5.17,1.65,3.82,4.62,1.74,4,5.4,,,,13,12,6,2,11,9,3,4
CHN,Super League,2025,14/06/2025,08:30,Zhejiang Professional,Shanghai Port,2,2,D,3.16,3.79,2.18,3.25,4.1,2.18,3.1,3.87,1.98,3.45,4.2,2.06,,,,12,13,6,6,9,11,5,5
CHN,Super League,2025,14/06/2025,12:00,Beijing Guoan,Changchun Yatai,2,1,H,1.19,7.57,13.62,1.2,7.57,13.62,1.17,6.97,12.01,1.23,7.8,15.5,,,,15,4,5,2,9,21,4,2
CHN,Super League,2025,14/06/2025,12:00,Qingdao West Coast,Yunnan Yukun,0,0,D,2.3,3.79,2.93,2.33,3.85,2.93,2.21,3.66,2.76,2.32,3.95,3.05,,,,13,20,1,5,10,14,8,9
CHN,Super League,2025,14/06/2025,12:35,Henan Songshan Longmen,Chengdu Rongcheng,3,2,H,3.12,3.5,2.31,3.2,3.7,2.31,3,3.49,2.14,3.3,3.65,2.32,,,,16,16,9,4,17,10,8,6
CHN,Super League,2025,14/06/2025,12:35,Shenzhen Xinpengcheng,Shanghai Shenhua,3,1,H,6.01,4.2,1.56,6.25,4.5,1.56,5.78,4.13,1.5,6.4,4.4,1.59,,,,9,17,4,5,10,9,3,8
CHN,Super League,2025,14/06/2025,13:00,Tianjin Jinmen Tiger,Shandong Taishan,1,0,H,3.67,4.1,1.91,3.67,4.1,1.94,3.41,3.94,1.86,3.9,4.3,1.91,,,,13,10,5,2,13,16,2,4
CHN,Super League,2025,17/06/2025,12:35,Beijing Guoan,Qingdao West Coast,1,0,H,1.32,5.62,9.29,1.34,5.8,9.29,1.29,5.41,7.99,1.38,5.8,8.8,,,,13,12,4,3,9,17,6,6
CHN,Super League,2025,18/06/2025,12:35,Henan Songshan Longmen,Shanghai Port,1,3,A,2.76,4.11,2.31,2.76,4.11,2.4,2.58,3.83,2.3,2.78,4.2,2.44,,,,20,14,3,7,12,16,6,4
CHN,Super League,2025,18/06/2025,13:00,Shenzhen Xinpengcheng,Wuhan Three Towns,1,2,A,2.83,3.23,2.66,2.83,3.35,2.66,2.62,3.21,2.55,2.86,3.35,2.76,,,,9,12,3,8,14,12,4,2
CHN,Super League,2025,25/06/2025,12:00,Qingdao Hainiu,Zhejiang Professional,0,3,A,3.48,3.54,2.13,3.48,3.54,2.15,3.28,3.34,2.07,3.5,3.65,2.24,,,,7,13,3,8,11,6,1,6
CHN,Super League,2025,25/06/2025,12:00,Shanghai Shenhua,Tianjin Jinmen Tiger,3,0,H,1.24,6.51,10.8,1.25,6.51,10.8,1.23,6.08,9.58,1.26,7.2,13,,,,21,8,6,3,15,10,10,6
CHN,Super League,2025,25/06/2025,12:35,Changchun Yatai,Qingdao West Coast,1,0,H,3.12,3.47,2.32,3.12,3.65,2.32,2.98,3.4,2.18,3.25,3.6,2.38,,,,8,12,3,5,13,19,6,4
CHN,Super League,2025,25/06/2025,12:35,Meizhou Hakka,Beijing Guoan,0,4,A,4.37,4.3,1.72,5.1,4.6,1.72,4.45,4.25,1.6,5,4.7,1.68,,,,7,13,3,8,11,5,5,6
CHN,Super League,2025,25/06/2025,12:35,Shandong Taishan,Wuhan Three Towns,3,1,H,1.43,5.1,6.63,1.43,5.4,7,1.36,5.05,6.33,1.42,5.9,7.4,,,,36,11,14,4,15,13,7,4
CHN,Super League,2025,25/06/2025,13:00,Chengdu Rongcheng,Shenzhen Xinpengcheng,5,0,H,1.17,7.66,17.19,1.18,7.66,17.19,1.16,6.65,13.87,1.19,8.4,20,,,,17,4,9,1,18,14,8,2
CHN,Super League,2025,26/06/2025,12:35,Shanghai Port,Dalian Yingbo,3,0,H,1.44,4.89,6.64,1.44,5.1,6.64,1.39,4.68,6.31,1.49,5.2,7,,,,14,13,3,3,8,8,7,3
CHN,Super League,2025,26/06/2025,13:00,Yunnan Yukun,Henan Songshan Longmen,2,1,H,3.02,3.85,2.23,3.02,3.85,2.28,2.77,3.6,2.21,3,3.85,2.38,,,,8,20,3,7,14,10,2,6
CHN,Super League,2025,29/06/2025,11:30,Changchun Yatai,Shanghai Shenhua,1,2,A,12.76,6.76,1.22,13,6.76,1.24,11.33,6.2,1.2,13.5,6.8,1.27,,,,12,15,5,5,18,19,4,7
CHN,Super League,2025,29/06/2025,11:30,Qingdao West Coast,Qingdao Hainiu,1,0,H,1.85,3.8,4.21,2.08,3.8,4.33,1.86,3.5,3.85,1.92,3.75,4.4,,,,11,19,5,4,13,11,8,8
CHN,Super League,2025,29/06/2025,12:00,Meizhou Hakka,Tianjin Jinmen Tiger,1,2,A,2.8,3.71,2.42,2.8,3.71,2.49,2.62,3.54,2.38,2.82,3.75,2.6,,,,11,4,5,2,10,17,7,2
CHN,Super League,2025,29/06/2025,12:35,Wuhan Three Towns,Chengdu Rongcheng,2,2,D,8.13,5.66,1.34,8.13,5.66,1.38,7.23,5.25,1.32,8.2,5.7,1.42,,,,5,16,3,6,9,14,2,6
CHN,Super League,2025,30/06/2025,12:00,Henan Songshan Longmen,Shandong Taishan,2,2,D,2.41,3.78,2.79,2.41,3.9,2.79,2.32,3.71,2.59,2.48,4,2.72,,,,26,8,8,5,6,16,8,0
CHN,Super League,2025,30/06/2025,12:35,Beijing Guoan,Yunnan Yukun,2,1,H,1.43,5.04,6.93,1.44,5.2,8,1.37,4.92,6.69,1.45,5.4,7.6,,,,19,6,9,3,9,16,10,3
CHN,Super League,2025,30/06/2025,12:35,Dalian Yingbo,Zhejiang Professional,1,0,H,2.85,3.68,2.4,2.9,3.68,2.5,2.66,3.44,2.4,2.92,3.7,2.52,,,,11,8,5,3,13,10,7,4
CHN,Super League,2025,30/06/2025,13:00,Shenzhen Xinpengcheng,Shanghai Port,1,2,A,5.09,4.53,1.6,5.3,4.75,1.6,4.9,4.4,1.53,5.7,4.8,1.6,,,,11,18,3,6,14,13,2,7
CHN,Super League,2025,18/07/2025,09:30,Changchun Yatai,Shanghai Port,1,3,A,7.08,4.99,1.44,7.08,5,1.44,6.34,4.66,1.39,8,5.3,1.44,,,,14,12,3,7,17,9,3,3
CHN,Super League,2025,18/07/2025,12:00,Wuhan Three Towns,Qingdao West Coast,1,1,D,2.45,3.59,2.84,2.45,3.6,3,2.29,3.48,2.75,2.5,3.65,3,,,,14,10,4,3,10,12,11,3
CHN,Super League,2025,18/07/2025,12:35,Tianjin Jinmen Tiger,Chengdu Rongcheng,2,1,H,4.95,4.19,1.66,5,4.2,1.66,4.69,3.94,1.6,5.1,4.5,1.69,,,,6,14,3,5,13,12,3,3
CHN,Super League,2025,18/07/2025,13:00,Zhejiang Professional,Yunnan Yukun,3,1,H,1.75,4.15,4.39,1.75,4.2,4.5,1.69,3.95,4.11,1.75,4.3,4.7,,,,24,11,11,3,15,13,7,8
CHN,Super League,2025,19/07/2025,12:00,Dalian Yingbo,Shandong Taishan,2,0,H,2.87,3.71,2.38,2.87,3.71,2.43,2.68,3.51,2.31,2.9,3.75,2.5,,,,11,13,8,5,14,13,7,8
CHN,Super League,2025,19/07/2025,12:35,Beijing Guoan,Shanghai Shenhua,1,3,A,2.12,3.35,3.72,2.15,3.6,3.72,2.06,3.34,3.26,2.16,3.6,3.75,,,,12,16,1,7,16,14,8,2
CHN,Super League,2025,19/07/2025,12:35,Shenzhen Xinpengcheng,Qingdao Hainiu,4,0,H,1.93,3.64,4.02,2.05,3.64,4.02,1.94,3.38,3.59,1.99,3.65,4.2,,,,19,16,8,2,8,8,5,7
CHN,Super League,2025,19/07/2025,13:00,Henan Songshan Longmen,Meizhou Hakka,1,1,D,1.37,5.24,8,1.39,5.24,8,1.36,4.86,6.84,1.4,5.6,8.6,,,,16,9,6,2,12,13,9,5
CHN,Super League,2025,26/07/2025,12:00,Shanghai Port,Qingdao West Coast,2,2,D,1.36,5.26,8.26,1.39,5.4,8.26,1.34,5,7.06,1.41,5.5,8.6,,,,14,11,5,3,9,17,6,2
CHN,Super League,2025,26/07/2025,12:35,Chengdu Rongcheng,Beijing Guoan,2,0,H,1.73,3.95,4.72,1.73,4.33,5,1.62,4.03,4.46,1.66,4.5,5.5,,,,19,8,8,2,7,19,4,4
CHN,Super League,2025,26/07/2025,13:00,Yunnan Yukun,Shenzhen Xinpengcheng,3,1,H,1.64,4.22,5.13,1.9,4.22,5.13,1.81,3.69,3.77,1.93,3.95,4.2,,,,17,10,5,3,14,15,5,6
CHN,Super League,2025,27/07/2025,12:00,Changchun Yatai,Dalian Yingbo,0,2,A,3.07,3.51,2.34,3.1,3.51,2.34,2.96,3.28,2.24,3.3,3.5,2.36,,,,8,16,4,7,15,12,3,2
CHN,Super League,2025,27/07/2025,12:00,Qingdao Hainiu,Tianjin Jinmen Tiger,2,0,H,3.14,3.58,2.27,3.75,3.58,2.27,3.28,3.32,2.06,3.6,3.5,2.2,,,,14,10,6,3,18,18,3,3
CHN,Super League,2025,27/07/2025,12:35,Shanghai Shenhua,Henan Songshan Longmen,3,2,H,1.53,4.64,5.68,1.55,4.8,5.68,1.5,4.48,5.06,1.55,4.8,6.2,,,,19,10,9,4,16,10,7,3
CHN,Super League,2025,27/07/2025,12:35,Zhejiang Professional,Wuhan Three Towns,3,2,H,1.63,4.42,4.91,1.64,4.5,4.91,1.59,4.17,4.5,1.67,4.7,5,,,,17,12,8,6,18,18,7,2
CHN,Super League,2025,27/07/2025,13:00,Shandong Taishan,Meizhou Hakka,3,0,H,1.25,6.65,9.96,1.27,6.65,9.96,1.23,6.19,8.8,1.28,7.2,11,,,,26,3,10,1,10,13,9,2
CHN,Super League,2025,02/08/2025,11:00,Yunnan Yukun,Shanghai Shenhua,4,4,D,6.52,4.79,1.47,6.52,5.25,1.48,5.69,4.77,1.43,6.6,5.3,1.5,,,,19,25,6,13,7,9,6,10
CHN,Super League,2025,02/08/2025,12:35,Chengdu Rongcheng,Shandong Taishan,2,1,H,1.46,4.92,6.39,1.48,4.92,6.39,1.44,4.56,5.76,1.52,5,6.6,,,,24,3,9,1,10,8,7,2
CHN,Super League,2025,02/08/2025,12:35,Qingdao West Coast,Henan Songshan Longmen,2,1,H,2.49,3.68,2.74,2.55,3.75,2.74,2.47,3.5,2.54,2.62,3.7,2.82,,,,17,15,9,3,13,15,7,9
CHN,Super League,2025,02/08/2025,13:00,Meizhou Hakka,Shanghai Port,2,4,A,5.3,4.8,1.55,5.5,5.1,1.55,5.04,4.68,1.49,5.7,5,1.58,,,,20,13,6,4,14,12,10,2
CHN,Super League,2025,03/08/2025,12:00,Dalian Yingbo,Qingdao Hainiu,2,0,H,1.41,4.62,6.95,1.42,4.8,7.4,1.39,4.5,6.89,1.41,5.2,9.6,,,,17,9,8,4,14,16,6,5
CHN,Super League,2025,03/08/2025,12:35,Beijing Guoan,Tianjin Jinmen Tiger,2,2,D,1.52,4.53,5.98,1.53,4.9,6.1,1.46,4.51,5.59,1.55,5,6,,,,20,5,8,3,15,8,14,0
CHN,Super League,2025,03/08/2025,12:35,Wuhan Three Towns,Changchun Yatai,0,0,D,1.65,4.26,4.99,1.66,4.33,5,1.6,4.06,4.66,1.68,4.3,5.4,,,,19,10,4,3,5,18,6,3
CHN,Super League,2025,03/08/2025,13:00,Shenzhen Xinpengcheng,Zhejiang Professional,2,4,A,3.58,3.86,1.99,3.7,4.1,2.07,3.29,3.69,1.96,3.5,3.9,2.16,,,,15,14,4,7,14,10,6,2
CHN,Super League,2025,08/08/2025,12:35,Dalian Yingbo,Chengdu Rongcheng,0,2,A,4.54,3.82,1.79,4,3.8,1.91,3.81,3.57,1.83,4.4,3.8,1.95,,,,4,8,0,2,16,21,4,2
CHN,Super League,2025,08/08/2025,13:00,Henan Songshan Longmen,Shenzhen Xinpengcheng,4,1,H,1.55,4.6,5.54,1.44,5.5,7,1.37,5.04,6.28,1.42,5.5,7.8,,,,18,16,8,3,11,15,1,3
CHN,Super League,2025,09/08/2025,12:00,Shandong Taishan,Changchun Yatai,2,1,H,1.29,5.98,9.36,1.25,7,11,1.22,6.24,9.61,1.24,7.8,13,,,,18,11,3,4,14,12,6,7
CHN,Super League,2025,09/08/2025,12:35,Shanghai Shenhua,Shanghai Port,1,2,A,1.8,4.46,3.81,1.76,4.6,4.75,1.65,4.33,4.04,1.66,5,4.9,,,,22,7,7,4,17,10,9,4
CHN,Super League,2025,09/08/2025,13:00,Qingdao Hainiu,Yunnan Yukun,5,1,H,2.57,3.84,2.57,2.65,3.7,2.6,2.55,3.5,2.44,2.68,3.85,2.66,,,,26,9,9,3,15,11,8,1
CHN,Super League,2025,10/08/2025,12:00,Tianjin Jinmen Tiger,Qingdao West Coast,0,0,D,2.4,3.51,2.97,2.2,3.8,3.5,2.06,3.54,3.13,2.24,3.75,3.35,,,,15,6,3,1,13,11,5,3
CHN,Super League,2025,10/08/2025,12:35,Zhejiang Professional,Beijing Guoan,3,4,A,3.01,3.98,2.19,2.44,4.1,2.8,2.3,3.86,2.54,2.5,4.2,2.7,,,,13,21,7,10,12,13,5,6
CHN,Super League,2025,10/08/2025,13:00,Wuhan Three Towns,Meizhou Hakka,1,2,A,1.7,4.14,4.69,1.6,4.3,5.5,1.56,4.04,4.98,1.65,4.4,5.5,,,,12,9,6,3,15,21,3,3
CHN,Super League,2025,15/08/2025,12:35,Shanghai Port,Henan Songshan Longmen,4,1,H,1.28,5.41,10.68,1.28,6.75,9.5,1.24,6.09,8.64,1.28,7.2,11,1.27,6.25,9,18,15,7,2,19,11,4,4
CHN,Super League,2025,15/08/2025,13:00,Yunnan Yukun,Wuhan Three Towns,2,1,H,1.67,4.14,4.94,1.7,4,5,1.63,3.91,4.53,1.73,4.2,5.2,1.6,3.9,5,21,5,8,1,11,16,7,2
CHN,Super League,2025,16/08/2025,11:30,Tianjin Jinmen Tiger,Dalian Yingbo,2,0,H,2.12,3.51,3.54,1.9,3.7,4.33,1.82,3.46,4,1.88,3.75,4.8,1.85,3.4,4.33,13,14,4,1,12,13,1,4
CHN,Super League,2025,16/08/2025,12:00,Changchun Yatai,Meizhou Hakka,1,0,H,1.97,3.82,3.69,2.25,3.7,3.4,2.08,3.45,3.16,2.2,3.7,3.55,2.25,3.3,3.2,12,15,2,5,18,12,4,9
CHN,Super League,2025,16/08/2025,12:00,Qingdao West Coast,Beijing Guoan,1,3,A,3.93,4.06,1.85,3.4,3.9,2.15,3.06,3.67,2.04,3.4,4,2.16,3,3.7,2.15,11,7,4,6,11,15,4,3
CHN,Super League,2025,16/08/2025,12:35,Shenzhen Xinpengcheng,Shandong Taishan,1,3,A,3.58,4.15,1.92,3.3,3.95,2.2,2.95,3.64,2.11,3.15,4,2.26,3,3.7,2.2,14,13,4,7,7,18,3,0
CHN,Super League,2025,16/08/2025,12:35,Zhejiang Professional,Shanghai Shenhua,0,0,D,3.59,4.2,1.91,4.1,4.6,1.76,3.93,4.24,1.68,4.3,4.5,1.79,4,4.33,1.7,14,13,3,2,10,15,1,5
CHN,Super League,2025,16/08/2025,13:00,Chengdu Rongcheng,Qingdao Hainiu,0,0,D,1.32,5.8,8.91,1.7,4,5.25,1.64,3.84,4.59,1.66,4.3,5.9,1.62,3.9,5.25,14,17,3,4,20,11,4,3
CHN,Super League,2025,20/08/2025,12:35,Zhejiang Professional,Tianjin Jinmen Tiger,2,0,H,1.68,4.12,4.84,1.66,4.5,5.66,1.55,4.25,4.85,1.59,4.7,5.8,1.53,4.5,5.5,11,11,4,6,14,14,2,7
CHN,Super League,2025,23/08/2025,12:35,Qingdao Hainiu,Shanghai Shenhua,0,2,A,7.67,5.12,1.39,7.5,5.4,1.38,6.93,5.08,1.34,9,5.8,1.38,6.5,5.25,1.38,15,17,5,7,16,10,4,8
CHN,Super League,2025,23/08/2025,12:35,Yunnan Yukun,Chengdu Rongcheng,1,5,A,5.59,4.27,1.58,7,5,1.44,6.24,4.73,1.4,7.2,5.2,1.47,6,5,1.44,16,19,6,9,9,9,7,3
CHN,Super League,2025,24/08/2025,12:00,Changchun Yatai,Shenzhen Xinpengcheng,1,0,H,2.39,3.5,2.98,3,3.6,2.55,2.74,3.43,2.33,2.96,3.6,2.52,3,3.5,2.3,7,12,1,4,19,19,2,3
CHN,Super League,2025,24/08/2025,12:00,Meizhou Hakka,Zhejiang Professional,2,2,D,3.14,3.95,2.14,3.25,4,2.05,3.11,3.81,1.99,3.35,4.1,2.1,3.25,4,2,11,12,6,4,21,11,2,5
CHN,Super League,2025,24/08/2025,12:00,Shanghai Port,Tianjin Jinmen Tiger,1,1,D,1.29,5.91,9.16,1.32,6.5,11,1.24,5.96,9.04,1.26,7.4,13,1.22,6.5,10,10,11,5,2,9,9,7,2
CHN,Super League,2025,24/08/2025,12:35,Henan Songshan Longmen,Dalian Yingbo,4,0,H,1.65,4.12,5.15,1.6,4.5,5.5,1.55,4.1,5.06,1.61,4.5,5.9,1.55,4.5,5.25,9,16,5,3,18,15,5,6
CHN,Super League,2025,24/08/2025,13:00,Shandong Taishan,Qingdao West Coast,3,2,H,1.36,5.34,8.01,1.33,5.6,9.5,1.28,5.38,8.29,1.34,6.2,10,1.33,5.25,8.5,11,10,8,4,17,13,4,2
CHN,Super League,2025,25/08/2025,13:00,Beijing Guoan,Wuhan Three Towns,4,0,H,1.34,5.68,8.17,1.32,6.25,8.5,1.28,5.7,7.67,1.31,6.8,10,1.29,6.25,8,22,4,7,2,15,16,5,1
CHN,Super League,2025,29/08/2025,12:00,Qingdao Hainiu,Henan Songshan Longmen,1,1,D,2.83,3.95,2.31,5,5,1.73,4.38,4.4,1.59,5,5,1.63,4.5,5,1.51,23,13,5,6,15,7,9,9
CHN,Super League,2025,30/08/2025,12:35,Chengdu Rongcheng,Shanghai Port,4,1,H,1.77,4.15,3.86,1.74,4.35,4.75,1.65,4.08,4.23,1.71,4.4,5.1,1.61,4.2,4.75,15,15,7,5,11,16,7,6
CHN,Super League,2025,30/08/2025,13:00,Yunnan Yukun,Changchun Yatai,1,1,D,1.81,4.32,3.88,1.74,4.75,4.5,1.65,4.26,4.06,1.65,4.8,4.9,1.48,4.75,4.5,17,5,1,1,18,16,3,4
CHN,Super League,2025,31/08/2025,12:00,Wuhan Three Towns,Shanghai Shenhua,1,0,H,5.84,4.71,1.4,9.5,5.4,1.34,8.28,5.12,1.3,9.4,5.6,1.37,9,5.25,1.3,9,11,1,5,11,15,3,5
CHN,Super League,2025,31/08/2025,12:35,Shandong Taishan,Beijing Guoan,6,0,H,2.49,4.35,2.45,2.55,4.4,2.5,2.43,4.02,2.34,2.52,4.5,2.58,2.4,4,2.4,17,16,10,5,12,11,4,5
CHN,Super League,2025,31/08/2025,12:35,Shenzhen Xinpengcheng,Meizhou Hakka,2,0,H,1.84,3.91,4.12,1.91,4,4,1.81,3.71,3.71,1.98,3.9,4,1.86,3.8,3.75,14,17,7,7,13,11,4,6
CHN,Super League,2025,12/09/2025,11:00,Shanghai Port,Yunnan Yukun,4,2,H,1.27,6.73,8.71,1.24,7.5,11,1.2,6.71,9.38,1.24,8.2,12,1.19,7,11,29,10,11,4,13,13,5,3
CHN,Super League,2025,12/09/2025,12:35,Chengdu Rongcheng,Changchun Yatai,1,0,H,1.11,10.45,22.11,1.15,8.5,19,1.12,7.82,15.57,1.16,10,20,1.08,8.5,19,12,6,2,0,14,11,3,6
CHN,Super League,2025,12/09/2025,12:35,Henan Songshan Longmen,Beijing Guoan,2,0,H,2.64,4.05,2.42,2.3,4,2.66,2.27,3.87,2.55,2.42,4.3,2.74,2.25,4,2.57,23,6,9,2,12,16,8,1
CHN,Super League,2025,12/09/2025,13:00,Shanghai Shenhua,Shandong Taishan,3,3,D,1.3,5.67,9.27,1.5,4.7,6,1.47,4.42,5.44,1.53,4.9,6.6,1.46,4.2,6,23,18,6,3,12,13,7,2
CHN,Super League,2025,13/09/2025,12:35,Qingdao West Coast,Zhejiang Professional,0,2,A,2.73,3.74,2.47,2.5,3.9,2.7,2.38,3.63,2.52,2.64,3.95,2.68,2.45,3.9,2.4,9,8,3,4,12,11,1,4
CHN,Super League,2025,14/09/2025,12:00,Dalian Yingbo,Shenzhen Xinpengcheng,2,1,H,1.64,4.07,5.38,1.68,3.9,5.5,1.62,3.78,4.81,1.71,4.1,5.3,1.57,3.8,5.5,18,8,8,3,14,18,3,3
CHN,Super League,2025,14/09/2025,12:35,Tianjin Jinmen Tiger,Wuhan Three Towns,4,0,H,1.88,3.64,4.26,1.85,3.6,4.2,1.82,3.49,3.89,1.94,3.8,4.4,1.81,3.6,4.1,10,13,6,3,15,12,3,1
CHN,Super League,2025,19/09/2025,12:35,Wuhan Three Towns,Henan Songshan Longmen,2,5,A,3.25,4.41,1.98,4.1,4,1.84,3.63,3.85,1.8,4,4.2,1.91,4.1,3.7,1.79,22,23,10,11,15,16,9,3
CHN,Super League,2025,19/09/2025,13:00,Yunnan Yukun,Dalian Yingbo,1,1,D,1.97,4.13,3.44,1.84,4.2,4.5,1.72,3.9,3.99,1.82,4.4,4.3,1.66,4.1,4.5,14,14,5,6,8,10,5,9
CHN,Super League,2025,20/09/2025,12:00,Changchun Yatai,Zhejiang Professional,3,3,D,4.54,4.25,1.7,4.5,4.1,1.71,4.28,3.88,1.68,4.8,4.3,1.75,4.5,4.1,1.66,14,9,7,4,12,16,1,5
CHN,Super League,2025,20/09/2025,12:35,Meizhou Hakka,Qingdao West Coast,1,2,A,2.71,3.54,2.59,2.6,3.6,2.63,2.47,3.44,2.52,2.66,3.7,2.7,2.55,3.4,2.55,14,15,4,4,16,12,2,8
CHN,Super League,2025,20/09/2025,13:00,Qingdao Hainiu,Shandong Taishan,2,2,D,3.73,3.97,1.92,3,3.8,2.25,2.78,3.65,2.18,3.2,3.95,2.28,2.82,3.8,2.2,19,14,5,3,19,10,6,6
CHN,Super League,2025,21/09/2025,11:00,Beijing Guoan,Shanghai Port,2,3,A,2.33,4.05,2.76,2.25,4.1,2.75,2.21,3.9,2.62,2.4,4.2,2.86,2.2,3.9,2.75,17,15,6,5,10,14,7,1
CHN,Super League,2025,21/09/2025,12:35,Tianjin Jinmen Tiger,Shenzhen Xinpengcheng,1,0,H,1.93,3.62,4.04,1.95,3.7,3.85,1.88,3.53,3.63,1.98,3.85,4,1.86,3.7,3.75,11,10,1,2,12,17,3,6
CHN,Super League,2025,21/09/2025,13:00,Shanghai Shenhua,Chengdu Rongcheng,1,1,D,2.6,3.5,2.71,2.6,3.6,2.55,2.55,3.47,2.44,2.72,3.65,2.7,2.57,3.6,2.35,11,19,1,4,10,10,9,10
CHN,Super League,2025,26/09/2025,11:00,Shanghai Shenhua,Meizhou Hakka,6,1,H,1.24,6.8,10.04,1.21,8.5,15,1.15,7.38,12.5,1.17,9.8,19,1.11,8,15,25,11,11,2,12,6,6,3
CHN,Super League,2025,26/09/2025,12:35,Beijing Guoan,Dalian Yingbo,4,2,H,1.52,4.9,5.5,1.52,4.75,6.5,1.46,4.45,5.47,1.55,5,6.2,1.42,4.75,6.5,15,13,7,2,13,7,3,4
CHN,Super League,2025,26/09/2025,13:00,Shanghai Port,Wuhan Three Towns,3,2,H,1.21,7.82,10.73,1.19,7.5,12,1.18,7.07,10.6,1.21,9,15.5,1.17,7.5,12,20,11,5,4,9,14,5,6
CHN,Super League,2025,26/09/2025,13:00,Zhejiang Professional,Chengdu Rongcheng,3,3,D,3.67,3.78,1.99,4,3.85,1.88,3.69,3.64,1.84,4,3.9,1.99,4,3.6,1.86,14,10,6,7,19,22,4,4
CHN,Super League,2025,27/09/2025,11:00,Changchun Yatai,Qingdao Hainiu,2,2,D,3.17,3.46,2.3,2.8,3.4,2.5,2.73,3.25,2.39,3.1,3.4,2.56,2.75,3.3,2.45,12,8,6,4,8,19,6,3
CHN,Super League,2025,28/09/2025,12:00,Tianjin Jinmen Tiger,Henan Songshan Longmen,1,0,H,2.99,3.9,2.23,3.1,3.8,2.2,2.88,3.64,2.14,3.15,3.95,2.28,3.1,3.7,2.15,3,11,2,1,12,18,0,5
CHN,Super League,2025,28/09/2025,12:35,Shenzhen Xinpengcheng,Qingdao West Coast,1,2,A,2.59,3.3,2.86,2.5,3.35,3.2,2.39,3.23,2.76,2.66,3.4,2.9,2.32,3.2,3.2,13,10,4,4,21,19,6,5
CHN,Super League,2025,04/10/2025,12:00,Meizhou Hakka,Qingdao Hainiu,1,0,H,2.49,3.7,2.72,2.5,3.6,2.66,2.47,3.48,2.51,2.62,3.75,2.74,2.5,3.6,2.5,11,17,2,3,12,16,3,6
CHN,Super League,2025,04/10/2025,12:35,Dalian Yingbo,Qingdao West Coast,0,2,A,1.8,3.9,4.37,1.8,4,4.5,1.74,3.75,4.04,1.84,4,4.6,1.68,4,4.5,16,12,4,2,15,18,9,4
CHN,Super League,2025,04/10/2025,12:35,Shandong Taishan,Yunnan Yukun,1,1,D,1.25,6.82,9.63,1.25,7,9.5,1.23,6.27,8.66,1.27,7.4,11,1.22,7,9.5,17,16,5,8,11,9,6,5
CHN,Super League,2025,17/10/2025,11:00,Qingdao Hainiu,Shanghai Port,3,4,A,6.35,5.26,1.43,4.5,4.5,1.64,4.25,4.36,1.59,4.8,4.7,1.69,4.33,4.5,1.57,18,16,8,9,9,8,5,2
CHN,Super League,2025,17/10/2025,12:35,Chengdu Rongcheng,Meizhou Hakka,3,1,H,1.12,9.89,19.05,1.12,10,19,1.1,8.88,15.94,1.15,11,21,1.08,10,15,23,2,9,1,15,15,9,1
CHN,Super League,2025,17/10/2025,13:00,Qingdao West Coast,Shanghai Shenhua,1,2,A,7.01,4.96,1.43,5.6,4.5,1.52,5.18,4.4,1.49,6.4,4.8,1.55,5.25,4.33,1.51,5,20,2,10,14,21,4,7
CHN,Super League,2025,18/10/2025,09:00,Shenzhen Xinpengcheng,Beijing Guoan,2,1,H,4.26,4.27,1.75,3.3,4,2.05,3.11,3.84,1.97,3.35,4.2,2.1,3.05,3.9,2.01,5,16,3,5,11,7,5,14
CHN,Super League,2025,18/10/2025,12:35,Zhejiang Professional,Shandong Taishan,2,2,D,2.39,4.14,2.64,2.3,4.2,2.8,2.22,3.96,2.57,2.44,4.2,2.76,2.3,4.1,2.5,13,27,5,11,12,10,2,11
CHN,Super League,2025,18/10/2025,13:00,Yunnan Yukun,Tianjin Jinmen Tiger,2,0,H,1.84,3.77,4.3,1.88,3.6,4.1,1.85,3.48,3.81,1.96,3.7,4.4,1.86,3.4,4.1,16,5,5,1,13,9,9,3
CHN,Super League,2025,19/10/2025,08:30,Dalian Yingbo,Wuhan Three Towns,0,0,D,2.3,3.81,2.93,2.16,3.75,3.25,2.11,3.57,2.96,2.16,3.9,3.4,2.05,3.5,3.25,17,5,6,1,9,15,11,3
CHN,Super League,2025,19/10/2025,12:35,Henan Songshan Longmen,Changchun Yatai,2,0,H,1.57,4.63,5.18,1.35,5.66,7.5,1.32,5.4,6.78,1.38,6.2,8,1.3,5.5,7,18,7,4,1,14,12,7,2
CHN,Super League,2025,24/10/2025,12:35,Meizhou Hakka,Yunnan Yukun,1,4,A,1.67,4.28,4.38,1.75,4.2,4.2,1.7,4.05,3.93,1.78,4.7,4.2,1.68,4.2,4.1,22,17,9,8,8,11,9,3
CHN,Super League,2025,24/10/2025,12:35,Wuhan Three Towns,Shenzhen Xinpengcheng,1,2,A,2.27,3.25,3.25,2.95,3.3,2.65,2.74,3.2,2.42,3.15,3.4,2.54,2.95,3.3,2.25,9,9,0,5,14,11,6,1
CHN,Super League,2025,25/10/2025,08:30,Tianjin Jinmen Tiger,Changchun Yatai,2,2,D,1.79,3.73,4.29,1.86,3.6,4.75,1.8,3.48,4.06,1.93,3.7,4.5,1.71,3.6,4.75,18,8,5,5,17,15,4,3
CHN,Super League,2025,25/10/2025,12:00,Henan Songshan Longmen,Zhejiang Professional,2,2,D,1.85,4.14,3.61,1.71,4.5,3.9,1.68,4.35,3.71,1.78,4.9,4,1.66,4.5,3.9,11,7,3,2,16,13,6,3
CHN,Super League,2025,26/10/2025,07:30,Shandong Taishan,Shanghai Port,3,1,H,2.91,4.05,2.15,2.18,4.35,2.9,2.1,4.05,2.73,2.22,4.5,2.92,2.05,4.2,2.85,20,15,6,5,15,12,5,4
CHN,Super League,2025,26/10/2025,10:30,Qingdao West Coast,Chengdu Rongcheng,2,2,D,6.71,4.85,1.41,9.5,6,1.33,8.25,5.37,1.28,9.4,6,1.37,8.5,6,1.24,6,18,2,6,18,19,0,7
CHN,Super League,2025,26/10/2025,11:35,Beijing Guoan,Qingdao Hainiu,2,4,A,1.51,4.85,5.2,1.44,5.33,6.5,1.39,5.04,5.88,1.45,5.5,6.8,1.39,5.25,5.75,16,17,6,8,11,10,5,8
CHN,Super League,2025,26/10/2025,11:35,Shanghai Shenhua,Dalian Yingbo,2,2,D,1.18,7.39,12.05,1.23,6.5,11,1.2,6.33,10.13,1.23,8.2,13.5,1.19,6.5,10,16,11,5,6,15,8,7,1
CHN,Super League,2025,31/10/2025,10:00,Shanghai Port,Zhejiang Professional,3,0,H,,,,1.62,4.75,4.75,1.57,4.43,4.37,1.66,5.1,4.8,1.57,4.5,4.33,9,8,4,3,16,11,2,2
CHN,Super League,2025,31/10/2025,11:35,Chengdu Rongcheng,Henan Songshan Longmen,1,2,A,,,,1.38,5.6,8.5,1.34,5.01,7.08,1.37,6,9.4,1.33,5,8.5,20,10,7,3,20,23,11,5
CHN,Super League,2025,31/10/2025,12:00,Shanghai Shenhua,Shenzhen Xinpengcheng,1,0,H,,,,1.24,7,13,1.19,6.45,10.5,1.22,8.4,15,1.17,7,12,18,6,4,2,12,13,9,3
CHN,Super League,2025,01/11/2025,07:30,Changchun Yatai,Beijing Guoan,0,4,A,,,,2.55,4,2.55,2.38,3.76,2.44,2.44,4.3,2.66,2.35,3.9,2.45,19,10,7,6,16,21,9,3
CHN,Super League,2025,01/11/2025,07:30,Shandong Taishan,Tianjin Jinmen Tiger,2,1,H,,,,1.38,5.75,7.5,1.32,5.23,7.06,1.38,6.2,8.4,1.27,5.75,7.5,16,5,9,2,15,14,12,3
CHN,Super League,2025,01/11/2025,11:35,Meizhou Hakka,Dalian Yingbo,2,2,D,,,,2.15,3.6,3.3,2.07,3.47,3.1,2.24,3.85,3.3,2.15,3.5,2.95,25,13,5,3,14,6,10,6
CHN,Super League,2025,02/11/2025,07:30,Qingdao Hainiu,Wuhan Three Towns,1,0,H,,,,1.44,5.1,6.5,1.39,4.78,6.09,1.47,5.4,7,1.39,5,6.5,10,9,2,3,12,14,1,2
CHN,Super League,2025,02/11/2025,11:35,Yunnan Yukun,Qingdao West Coast,1,0,H,,,,2.15,3.85,3.25,2.08,3.69,2.96,2.24,4,3.15,2.15,3.75,2.85,12,13,6,5,10,13,5,7
CHN,Super League,2025,22/11/2025,07:30,Beijing Guoan,Meizhou Hakka,5,1,H,,,,1.34,6.5,7.5,1.3,5.75,6.72,1.34,7.2,8.2,1.3,6.5,6.5,30,11,16,5,17,15,6,6
CHN,Super League,2025,22/11/2025,07:30,Dalian Yingbo,Shanghai Port,0,1,A,,,,5,4.75,1.65,4.55,4.07,1.6,5.3,4.3,1.69,4.2,4.75,1.61,13,10,2,3,8,12,6,5
CHN,Super League,2025,22/11/2025,07:30,Henan Songshan Longmen,Yunnan Yukun,1,1,D,,,,1.62,4.5,4.75,1.59,4.26,4.4,1.67,4.6,5.2,1.56,4.33,4.75,7,10,6,2,13,14,3,4
CHN,Super League,2025,22/11/2025,07:30,Qingdao West Coast,Changchun Yatai,1,0,H,,,,1.56,4.6,6,1.47,4.27,5.61,1.53,4.9,6.6,1.39,4.2,5.5,23,9,4,2,18,14,9,2
CHN,Super League,2025,22/11/2025,07:30,Shenzhen Xinpengcheng,Chengdu Rongcheng,1,1,D,,,,12,6.5,1.32,10.73,5.78,1.22,14.5,7.2,1.24,12,6.5,1.19,4,17,2,7,12,11,2,8
CHN,Super League,2025,22/11/2025,07:30,Tianjin Jinmen Tiger,Shanghai Shenhua,1,3,A,,,,6.5,4.75,1.48,5.96,4.51,1.43,7.2,5.2,1.47,6,4.5,1.45,8,16,3,7,13,13,1,6
CHN,Super League,2025,22/11/2025,07:30,Wuhan Three Towns,Shandong Taishan,1,5,A,,,,6,5.5,1.46,5.56,4.96,1.41,6.6,5.9,1.45,6,5.5,1.37,18,19,6,11,12,15,4,7
CHN,Super League,2025,22/11/2025,07:30,Zhejiang Professional,Qingdao Hainiu,2,2,D,,,,1.68,4.2,5,1.64,3.98,4.3,1.66,4.7,5.2,1.56,4.2,5,19,18,5,9,12,15,4,6
CHN,Super League,2026,06/03/2026,11:35,Chengdu Rongcheng,Shenzhen Xinpengcheng,5,1,H,,,,1.5,4.75,8,1.4,4.37,6.7,1.47,4.8,8,1.37,4.5,8,29,6,8,3,7,6,14,4
CHN,Super League,2026,07/03/2026,07:30,Shandong Taishan,Liaoning Tieren,3,0,H,,,,1.7,4.2,5.2,1.64,3.96,4.31,1.71,4.4,4.8,1.68,4.2,3.9,20,12,7,1,24,10,9,3
CHN,Super League,2026,07/03/2026,07:30,Tianjin Jinmen Tiger,Chongqing Tonglianglong,0,0,D,,,,1.83,3.85,4.5,1.75,3.68,4.01,1.9,4.1,4.2,1.71,3.7,4.5,7,5,2,1,15,13,2,4
CHN,Super League,2026,07/03/2026,09:00,Shanghai Shenhua,Dalian Yingbo,5,3,H,,,,1.57,4.33,5.8,1.53,4.02,5.21,1.59,4.5,6.2,1.51,4.33,5.25,21,12,11,4,15,8,10,6
CHN,Super League,2026,07/03/2026,11:35,Shanghai Port,Henan Songshan Longmen,1,2,A,,,,2.25,3.7,3.5,2.13,3.4,3.04,2.2,3.65,3.5,2.25,3.3,3.1,23,10,6,3,14,10,11,6
CHN,Super League,2026,07/03/2026,11:35,Yunnan Yukun,Qingdao Hainiu,3,1,H,,,,1.61,4.2,5,1.56,4.05,4.76,1.58,4.7,6.2,1.57,4.2,4.75,15,15,8,5,9,13,5,3
CHN,Super League,2026,08/03/2026,07:30,Zhejiang Professional,Qingdao West Coast,2,0,H,,,,1.41,5.5,8.25,1.32,5.06,7.11,1.31,6.6,9.8,1.3,5.5,7.5,13,11,7,1,21,13,5,3
CHN,Super League,2026,08/03/2026,11:00,Wuhan Three Towns,Beijing Guoan,0,2,A,,,,5.33,4.4,1.56,4.98,4.25,1.52,5.7,4.7,1.6,5,4.33,1.51,10,16,2,5,11,14,5,10
CHN,Super League,2026,13/03/2026,11:35,Wuhan Three Towns,Dalian Yingbo,4,1,H,,,,3.3,3.6,2.15,3.13,3.39,2.09,3.4,3.6,2.24,3.1,3.6,2.1,10,11,6,6,12,17,4,4
CHN,Super League,2026,14/03/2026,07:30,Shandong Taishan,Beijing Guoan,2,1,H,,,,1.94,4.1,3.5,1.88,3.9,3.27,1.96,4.3,3.75,1.86,4,3.5,9,8,5,2,17,14,5,4
CHN,Super League,2026,14/03/2026,07:30,Zhejiang Professional,Shanghai Shenhua,1,1,D,,,,2.22,3.8,3,2.17,3.65,2.78,2.38,3.9,3,2.15,3.7,3,21,19,7,8,17,23,10,6
CHN,Super League,2026,14/03/2026,11:35,Chongqing Tonglianglong,Liaoning Tieren,1,0,H,,,,2.3,3.33,3.25,2.23,3.21,2.99,2.4,3.5,3.25,2.3,3.3,3,18,7,4,2,17,12,6,2
CHN,Super League,2026,14/03/2026,12:00,Shenzhen Xinpengcheng,Tianjin Jinmen Tiger,1,0,H,,,,3.14,3.4,2.35,2.95,3.21,2.26,3.2,3.4,2.48,3,3.4,2.25,16,9,5,3,15,8,4,5
CHN,Super League,2026,15/03/2026,07:30,Henan Songshan Longmen,Yunnan Yukun,2,1,H,,,,1.75,4,4.25,1.68,3.91,4.1,1.7,4.4,4.9,1.71,4,4.2,15,20,6,6,7,14,4,6
CHN,Super League,2026,15/03/2026,11:00,Shanghai Port,Qingdao West Coast,4,1,H,,,,1.38,5.5,9,1.31,5.02,7.78,1.39,5.6,9,1.3,5.5,9,16,16,8,6,20,9,12,7
CHN,Super League,2026,15/03/2026,11:35,Chengdu Rongcheng,Qingdao Hainiu,1,0,H,,,,1.29,5.66,10,1.26,5.32,8.85,1.31,6.2,11.5,1.27,5.5,8.5,16,11,8,1,11,18,4,8
CHN,Super League,2026,20/03/2026,11:00,Dalian Yingbo,Shanghai Port,1,0,H,,,,3,4.2,2.16,2.81,3.82,2.09,3.05,4,2.32,2.65,4.2,2.1,10,8,1,1,13,11,6,6
CHN,Super League,2026,20/03/2026,11:35,Qingdao Hainiu,Zhejiang Professional,1,4,A,,,,4.5,4,1.83,4.02,3.68,1.74,4.5,4,1.85,4.5,3.5,1.71,14,15,3,8,17,17,7,5
CHN,Super League,2026,21/03/2026,07:30,Beijing Guoan,Shanghai Shenhua,1,1,D,,,,2.17,3.8,3.2,2.1,3.62,2.93,2.24,4,3.1,2.01,3.75,3.2,12,6,3,1,13,16,9,4
CHN,Super League,2026,21/03/2026,07:30,Liaoning Tieren,Tianjin Jinmen Tiger,3,0,H,,,,2.33,3.15,3.25,2.27,3.02,3.1,2.4,3.15,3.55,2.25,3.1,3.25,15,10,5,2,11,11,6,9
CHN,Super League,2026,21/03/2026,11:00,Henan Songshan Longmen,Wuhan Three Towns,1,1,D,,,,1.49,4.75,6,1.45,4.41,5.67,1.53,4.9,6.6,1.45,4.75,5.5,19,7,4,2,13,7,13,6
CHN,Super League,2026,21/03/2026,11:35,Chongqing Tonglianglong,Chengdu Rongcheng,3,3,D,,,,4,3.55,1.91,3.84,3.36,1.87,4.3,3.6,1.96,3.9,3.4,1.91,7,12,5,5,14,10,7,8
CHN,Super League,2026,21/03/2026,11:35,Qingdao West Coast,Shenzhen Xinpengcheng,1,0,H,,,,2.3,3.3,3.14,2.23,3.18,3.02,2.38,3.3,3.45,2.3,3.2,3.1,15,11,5,4,12,21,8,6
CHN,Super League,2026,21/03/2026,12:00,Yunnan Yukun,Shandong Taishan,4,0,H,,,,3.35,3.8,2.16,3.1,3.44,2.09,3.4,3.75,2.24,3.1,3.6,2.15,17,6,8,0,8,19,10,5
CHN,Super League,2026,03/04/2026,12:35,Chengdu Rongcheng,Qingdao West Coast,5,1,H,,,,1.44,4.9,8,1.39,4.55,6.56,1.45,5.1,8.4,1.42,4.5,6.5,14,9,8,1,14,18,6,3
CHN,Super League,2026,04/04/2026,08:30,Liaoning Tieren,Beijing Guoan,2,1,H,,,,3.4,3.75,2.15,3.08,3.58,2.06,3.25,3.85,2.24,3.1,3.7,2.1,13,11,5,4,17,14,3,1
CHN,Super League,2026,04/04/2026,08:30,Qingdao Hainiu,Henan Songshan Longmen,1,0,H,,,,4.75,3.9,1.81,4.02,3.71,1.75,4.3,4,1.87,4.75,3.8,1.66,7,18,3,5,14,8,4,9
CHN,Super League,2026,04/04/2026,12:00,Shandong Taishan,Dalian Yingbo,1,2,A,,,,1.84,3.9,4.3,1.78,3.73,3.83,1.95,4,4.1,1.81,3.7,3.9,18,7,6,5,19,20,7,6
CHN,Super League,2026,04/04/2026,12:35,Shanghai Port,Yunnan Yukun,2,1,H,,,,1.83,4.1,3.9,1.76,3.97,3.66,1.86,4.4,4,1.79,4.1,3.75,12,18,4,7,11,12,4,6
CHN,Super League,2026,05/04/2026,08:30,Zhejiang Professional,Chongqing Tonglianglong,0,1,A,,,,1.38,5,8.7,1.34,4.83,7.4,,,,1.33,5,7.5,10,8,2,3,9,14,9,1
CHN,Super League,2026,05/04/2026,12:00,Shenzhen Xinpengcheng,Wuhan Three Towns,5,2,H,,,,1.96,3.5,4.1,1.89,3.39,3.74,1.99,3.7,4.3,1.86,3.5,4.1,16,13,7,4,10,16,4,6
CHN,Super League,2026,05/04/2026,12:35,Tianjin Jinmen Tiger,Shanghai Shenhua,2,3,A,,,,4.9,4,1.67,4.54,3.88,1.63,5,4.2,1.75,4.5,3.9,1.62,13,19,5,4,9,12,7,9
CHN,Super League,2026,10/04/2026,12:35,Dalian Yingbo,Zhejiang Professional,3,0,H,,,,3,3.5,2.5,2.71,3.43,2.33,2.98,3.6,2.54,2.82,3.5,2.3,12,15,6,2,12,20,2,5
CHN,Super League,2026,11/04/2026,12:00,Chongqing Tonglianglong,Wuhan Three Towns,2,1,H,,,,1.91,3.5,4.75,1.85,3.27,4.15,1.98,3.35,4.8,1.91,3.1,4.75,11,6,7,1,8,11,2,6
CHN,Super League,2026,11/04/2026,12:00,Qingdao West Coast,Liaoning Tieren,1,1,D,,,,2.5,3.33,2.9,2.4,3.23,2.73,2.66,3.4,2.9,2.5,3.3,2.7,9,16,5,6,22,20,1,7
CHN,Super League,2026,11/04/2026,12:35,Henan Songshan Longmen,Shandong Taishan,0,1,A,,,,2.45,3.6,3.6,2.04,3.53,3.17,2.1,3.8,3.7,1.91,3.6,3.6,8,8,2,2,11,19,4,3
CHN,Super League,2026,11/04/2026,12:35,Shanghai Shenhua,Shanghai Port,1,0,H,,,,2.1,4,5,1.74,3.82,4.05,1.78,4.2,4.6,1.68,3.7,5,16,9,7,2,18,12,7,4
CHN,Super League,2026,12/04/2026,12:00,Tianjin Jinmen Tiger,Qingdao Hainiu,1,1,D,,,,2.05,3.55,4,1.97,3.29,3.58,2.06,3.55,4.2,2.05,3.25,3.6,2,12,2,5,12,14,2,5
CHN,Super League,2026,12/04/2026,12:35,Beijing Guoan,Chengdu Rongcheng,1,2,A,,,,2.3,3.7,2.83,2.23,3.57,2.75,2.4,3.8,3.05,2.25,3.7,2.82,10,12,2,5,13,18,2,10
CHN,Super League,2026,12/04/2026,13:00,Shenzhen Xinpengcheng,Yunnan Yukun,3,4,A,,,,2.7,3.8,2.6,2.47,3.54,2.48,2.6,3.9,2.7,2.45,3.8,2.55,19,14,5,5,13,13,8,0
CHN,Super League,2026,17/04/2026,12:00,Qingdao Hainiu,Qingdao West Coast,0,0,D,,,,2.2,3.4,3.2,2.13,3.25,3.1,,,,2.2,3.3,3.2,11,8,3,1,8,10,4,3
CHN,Super League,2026,17/04/2026,12:35,Chongqing Tonglianglong,Shenzhen Xinpengcheng,2,0,H,,,,2.25,3.6,4,2.07,3.18,3.35,,,,2.1,3.1,3,12,6,4,1,6,8,11,1
CHN,Super League,2026,17/04/2026,12:35,Shandong Taishan,Shanghai Port,1,1,D,,,,1.8,4.33,5,1.57,4.08,4.63,,,,1.49,4,4.75,18,8,5,3,17,13,4,1
CHN,Super League,2026,17/04/2026,13:00,Wuhan Three Towns,Chengdu Rongcheng,0,1,A,,,,7.2,5,1.42,6.63,4.58,1.37,,,,7,5,1.35,15,9,2,3,9,17,5,4
CHN,Super League,2026,17/04/2026,13:00,Yunnan Yukun,Tianjin Jinmen Tiger,0,3,A,,,,1.6,4.75,6.33,1.46,4.3,5.63,,,,1.45,4.75,6,24,8,2,3,12,9,5,2
CHN,Super League,2026,17/04/2026,13:00,Zhejiang Professional,Beijing Guoan,0,0,D,,,,2.2,3.6,3.2,2.12,3.52,2.95,,,,2.1,3.6,3.2,15,10,4,3,12,13,9,7
CHN,Super League,2026,18/04/2026,12:00,Dalian Yingbo,Henan Songshan Longmen,2,1,H,,,,2.38,3.4,6,1.82,3.31,4.29,,,,1.68,3.25,6,20,4,3,2,16,19,6,2
CHN,Super League,2026,18/04/2026,13:00,Shanghai Shenhua,Liaoning Tieren,3,1,H,,,,1.43,4.9,7,1.39,4.66,6.3,,,,1.41,4.75,6,19,18,8,9,12,11,3,4
CHN,Super League,2026,21/04/2026,12:00,Shenzhen Xinpengcheng,Beijing Guoan,0,1,A,,,,4,3.8,1.95,3.65,3.65,1.83,,,,4,3.6,1.81,11,11,2,4,12,15,3,7
CHN,Super League,2026,21/04/2026,12:35,Chengdu Rongcheng,Yunnan Yukun,2,1,H,,,,1.46,4.8,6.25,1.43,4.63,5.59,,,,1.42,4.75,6,16,16,8,4,12,11,4,3
CHN,Super League,2026,21/04/2026,12:35,Wuhan Three Towns,Zhejiang Professional,2,0,H,,,,3.1,3.75,2.55,2.62,3.51,2.35,,,,2.65,3.6,2.35,14,8,3,2,13,11,6,7
CHN,Super League,2026,21/04/2026,13:00,Shanghai Port,Chongqing Tonglianglong,1,2,A,,,,2.52,4.6,6,2.28,3.2,3.13,,,,2.45,3.1,2.85,15,3,3,2,9,19,11,4
CHN,Super League,2026,21/04/2026,13:00,Tianjin Jinmen Tiger,Shandong Taishan,1,2,A,,,,4.33,3.8,2.15,3.23,3.42,2.05,,,,3.1,3.5,2.1,11,11,2,3,8,15,3,6
CHN,Super League,2026,22/04/2026,12:35,Liaoning Tieren,Dalian Yingbo,0,1,A,,,,2.5,3.6,2.8,2.4,3.48,2.57,,,,2.5,3.5,2.57,6,11,2,4,15,12,4,6
CHN,Super League,2026,22/04/2026,12:35,Qingdao West Coast,Henan Songshan Longmen,0,0,D,,,,2.5,3.5,3.25,2.22,3.14,3.09,,,,2.2,3.25,3.2,6,7,1,2,18,12,4,3
CHN,Super League,2026,22/04/2026,13:00,Shanghai Shenhua,Qingdao Hainiu,2,0,H,,,,1.18,8.5,15,1.16,7.02,11.73,,,,1.13,8.5,11,21,10,8,3,19,9,9,4
CHN,Super League,2026,25/04/2026,12:00,Chengdu Rongcheng,Zhejiang Professional,4,0,H,,,,1.3,5.5,9.8,1.28,5.28,7.96,,,,1.22,5.5,7.5,16,12,4,3,11,15,2,3
CHN,Super League,2026,25/04/2026,12:35,Beijing Guoan,Tianjin Jinmen Tiger,2,4,A,,,,1.41,4.75,8,1.38,4.4,6.91,,,,1.37,4.33,8,21,10,6,8,14,9,17,3
CHN,Super League,2026,25/04/2026,13:00,Shanghai Port,Wuhan Three Towns,4,0,H,,,,1.71,4,4.5,1.68,3.73,4.29,,,,1.66,4,4.5,14,6,6,3,14,22,3,3
CHN,Super League,2026,26/04/2026,10:00,Qingdao Hainiu,Shandong Taishan,4,1,H,,,,4.25,3.7,1.83,3.96,3.54,1.79,,,,4.1,3.7,1.79,12,14,5,6,10,15,4,6
CHN,Super League,2026,26/04/2026,12:00,Chongqing Tonglianglong,Qingdao West Coast,1,1,D,,,,2.15,3.15,4,2.08,2.97,3.59,,,,2.15,3,3.5,7,6,2,2,21,18,3,2
CHN,Super League,2026,26/04/2026,12:00,Shenzhen Xinpengcheng,Liaoning Tieren,1,0,H,,,,2.4,3.5,2.86,2.33,3.3,2.75,,,,2.35,3.5,2.7,9,12,2,3,12,15,1,8
CHN,Super League,2026,26/04/2026,12:35,Dalian Yingbo,Yunnan Yukun,1,3,A,,,,1.78,4.1,4.75,1.69,3.84,4.14,,,,1.66,3.75,4.75,23,9,9,6,15,18,13,1
CHN,Super League,2026,26/04/2026,13:00,Henan Songshan Longmen,Shanghai Shenhua,0,3,A,,,,4.2,3.6,1.95,3.7,3.41,1.86,,,,3.7,3.6,1.91,9,12,1,7,9,9,11,3
CHN,Super League,2026,01/05/2026,12:00,Dalian Yingbo,Chongqing Tonglianglong,1,0,H,,,,2.05,3.25,4,1.97,3.12,3.71,,,,1.96,3.25,3.9,10,6,1,3,15,14,8,3
CHN,Super League,2026,01/05/2026,12:00,Henan Songshan Longmen,Liaoning Tieren,4,0,H,,,,1.87,4,4.75,1.71,3.7,4.16,,,,1.62,3.9,4.75,10,8,4,0,14,9,4,4
CHN,Super League,2026,01/05/2026,12:35,Shandong Taishan,Qingdao West Coast,1,1,D,,,,1.49,5,7,1.42,4.48,5.99,,,,1.39,4.75,7,21,10,3,2,22,17,5,6
CHN,Super League,2026,01/05/2026,12:35,Tianjin Jinmen Tiger,Wuhan Three Towns,2,2,D,,,,2.05,3.4,3.8,1.97,3.29,3.54,,,,1.96,3.25,3.75,9,8,3,5,14,12,7,3
CHN,Super League,2026,01/05/2026,13:00,Shanghai Shenhua,Chengdu Rongcheng,2,3,A,,,,1.97,4,3.5,1.92,3.76,3.26,,,,1.91,3.8,3.5,22,11,6,4,17,10,10,4
CHN,Super League,2026,02/05/2026,12:00,Qingdao Hainiu,Shanghai Port,3,1,H,,,,3.25,3.3,2.35,3.03,3.18,2.22,,,,3.1,3.1,2.35,11,11,4,3,15,16,1,5
CHN,Super League,2026,02/05/2026,12:35,Zhejiang Professional,Shenzhen Xinpengcheng,2,1,H,,,,2.2,3.5,3.2,2.14,3.35,3.03,,,,2.2,3.5,3,16,9,8,6,13,12,6,9
CHN,Super League,2026,02/05/2026,13:00,Yunnan Yukun,Beijing Guoan,3,3,D,,,,2.65,3.75,2.5,2.48,3.59,2.43,,,,2.5,3.6,2.5,12,11,5,6,9,7,5,8
CHN,Super League,2026,05/05/2026,12:00,Qingdao West Coast,Tianjin Jinmen Tiger,1,1,D,,,,2.07,3.4,4,1.99,3.14,3.65,2.14,3.25,4.2,1.91,3.4,3.9,14,7,4,3,15,13,7,3
CHN,Super League,2026,05/05/2026,12:35,Liaoning Tieren,Chengdu Rongcheng,0,1,A,,,,5.75,4.5,1.65,4.73,4.17,1.56,4.8,4.4,1.74,4.33,4.33,1.62,5,17,1,5,7,16,3,10
CHN,Super League,2026,05/05/2026,12:35,Shandong Taishan,Shanghai Shenhua,4,1,H,,,,2.45,3.75,2.71,2.34,3.58,2.57,2.52,3.8,2.9,2.35,3.6,2.7,20,10,7,4,13,12,6,3
CHN,Super League,2026,05/05/2026,13:00,Chongqing Tonglianglong,Henan Songshan Longmen,1,1,D,,,,2.8,3.2,2.75,2.62,3.02,2.6,2.82,3.15,2.94,2.57,3.1,2.7,11,4,5,1,10,18,2,5
CHN,Super League,2026,06/05/2026,12:00,Wuhan Three Towns,Qingdao Hainiu,1,3,A,,,,2.5,3.3,2.85,2.41,3.18,2.72,2.64,3.35,3,2.5,3.3,2.65,11,16,4,4,10,12,6,10
CHN,Super League,2026,06/05/2026,12:35,Beijing Guoan,Dalian Yingbo,3,0,H,,,,1.56,4.75,6.33,1.46,4.31,5.63,1.53,5,6.4,1.45,4.5,5.75,16,9,8,5,12,20,4,2
CHN,Super League,2026,06/05/2026,12:35,Shanghai Port,Shenzhen Xinpengcheng,1,1,D,,,,1.61,4.33,5.25,1.56,4.01,4.83,1.63,4.6,5.7,1.51,4.1,4.33,13,8,1,3,14,15,5,4
CHN,Super League,2026,06/05/2026,13:00,Yunnan Yukun,Zhejiang Professional,1,2,A,,,,2.06,4.33,3.1,1.97,4.07,2.91,2.1,4.5,3.2,1.96,4.2,3,10,13,2,6,21,17,4,2
CHN,Super League,2026,09/05/2026,12:35,Shanghai Shenhua,Chongqing Tonglianglong,2,2,D,,,,1.5,4.5,6.5,1.44,4.26,6.01,1.52,4.7,7.2,1.45,4.5,6.25,20,8,9,4,18,11,11,2
CHN,Super League,2026,09/05/2026,13:00,Chengdu Rongcheng,Henan Songshan Longmen,3,0,H,,,,1.55,4.4,5.66,1.5,4.19,5.31,1.58,4.7,6.2,1.51,4.33,5.5,13,8,7,5,16,11,9,4
CHN,Super League,2026,10/05/2026,10:30,Qingdao West Coast,Wuhan Three Towns,1,1,D,,,,1.86,3.5,4.33,1.81,3.34,4.1,1.91,3.5,4.9,1.81,3.5,4.2,11,8,4,4,10,18,3,5
CHN,Super League,2026,10/05/2026,11:00,Shenzhen Xinpengcheng,Shandong Taishan,1,2,A,,,,5,4.2,1.66,4.54,3.89,1.62,5.3,4.1,1.74,4.75,4.2,1.62,12,13,4,3,12,17,8,4
CHN,Super League,2026,10/05/2026,12:00,Liaoning Tieren,Yunnan Yukun,1,2,A,,,,2.38,3.8,2.82,2.25,3.64,2.64,2.32,3.9,3.05,2.2,3.8,2.82,13,12,3,8,13,9,4,4
CHN,Super League,2026,10/05/2026,12:35,Beijing Guoan,Shanghai Port,2,2,D,,,,1.56,4.75,5.5,1.51,4.43,4.84,1.61,4.8,5.7,1.46,4.75,5.5,15,5,6,2,9,20,8,0
CHN,Super League,2026,10/05/2026,12:35,Zhejiang Professional,Tianjin Jinmen Tiger,1,1,D,,,,1.67,4,5.33,1.61,3.79,4.7,1.7,4.2,5.4,1.62,4,4.75,17,14,7,4,15,15,6,3
CHN,Super League,2026,10/05/2026,13:00,Qingdao Hainiu,Dalian Yingbo,3,1,H,,,,3,3.35,2.38,2.81,3.23,2.31,3.25,3.45,2.46,2.85,3.3,2.35,14,13,8,5,15,15,7,7
CHN,Super League,2026,15/05/2026,12:35,Henan Songshan Longmen,Shenzhen Xinpengcheng,1,0,H,,,,1.53,4.33,6.5,1.48,4.06,5.81,1.54,4.6,6.8,1.46,4.2,6,21,6,5,1,7,16,10,3
CHN,Super League,2026,15/05/2026,12:35,Shanghai Port,Zhejiang Professional,2,2,D,,,,1.88,4,3.66,1.83,3.8,3.5,1.93,4.2,4,1.86,3.9,3.6,10,10,2,3,16,17,5,2
CHN,Super League,2026,15/05/2026,12:35,Tianjin Jinmen Tiger,Chengdu Rongcheng,1,2,A,,,,3.9,3.5,2.05,3.6,3.36,1.92,4,3.5,2.1,3.5,3.5,2.01,10,12,3,5,10,10,3,5
CHN,Super League,2026,15/05/2026,13:00,Beijing Guoan,Qingdao Hainiu,4,2,H,,,,1.35,5.75,9,1.31,5.16,7.41,1.35,6.2,9.2,1.3,5.25,8,22,10,7,5,14,24,2,3
CHN,Super League,2026,15/05/2026,13:00,Dalian Yingbo,Qingdao West Coast,2,3,A,,,,2.1,3.5,3.8,1.99,3.32,3.45,2.18,3.4,3.8,2.05,3.5,3.4,26,11,7,5,15,15,7,2
CHN,Super League,2026,16/05/2026,12:00,Wuhan Three Towns,Liaoning Tieren,2,2,D,,,,2.4,3.4,3,2.33,3.25,2.8,2.54,3.45,2.98,2.35,3.2,3,13,15,4,6,5,11,3,7
CHN,Super League,2026,16/05/2026,12:35,Shandong Taishan,Chongqing Tonglianglong,3,1,H,,,,1.36,5.75,9.25,1.31,4.97,7.8,1.42,5.3,8,1.27,5.25,9,15,8,6,3,11,10,4,4
CHN,Super League,2026,16/05/2026,13:00,Yunnan Yukun,Shanghai Shenhua,1,0,H,,,,1.93,4.2,3.6,1.86,3.85,3.34,1.98,4.3,3.7,1.86,4,3.5,13,12,6,1,5,6,3,4
CHN,Super League,2026,19/05/2026,12:35,Shenzhen Xinpengcheng,Dalian Yingbo,1,1,D,,,,2.63,3.4,2.7,2.51,3.28,2.54,2.9,3.45,2.68,2.57,3.4,2.5,14,14,1,5,16,18,8,7
CHN,Super League,2026,19/05/2026,12:35,Tianjin Jinmen Tiger,Henan Songshan Longmen,1,2,A,,,,4,3.1,2.3,3.66,2.98,2.04,4.2,3.15,2.16,3.9,2.82,1.91,9,8,2,3,14,15,4,1
CHN,Super League,2026,19/05/2026,13:00,Chengdu Rongcheng,Shanghai Port,0,1,A,,,,1.71,4.2,4.5,1.67,3.95,4.13,1.74,4.3,4.9,1.68,4,4.33,18,3,6,1,8,21,6,2
CHN,Super League,2026,19/05/2026,13:00,Qingdao West Coast,Beijing Guoan,1,1,D,,,,4.5,4,1.8,4.07,3.7,1.73,4.2,4,1.88,4.33,3.8,1.71,8,18,3,7,7,12,3,9
CHN,Super League,2026,20/05/2026,12:00,Liaoning Tieren,Qingdao Hainiu,2,1,H,,,,2.15,3.6,3.25,2.08,3.46,3.08,2.18,3.8,3.45,2.05,3.6,3.2,17,11,8,3,13,13,4,0
CHN,Super League,2026,20/05/2026,12:35,Shanghai Shenhua,Wuhan Three Towns,2,2,D,,,,1.5,5,7,1.42,4.52,6.02,1.45,5.2,7.6,1.41,4.5,6.5,15,20,4,8,9,16,4,4
CHN,Super League,2026,20/05/2026,13:00,Chongqing Tonglianglong,Yunnan Yukun,0,0,D,,,,2.75,3.6,2.62,2.53,3.39,2.48,2.74,3.65,2.72,2.5,3.6,2.5,7,4,1,1,11,17,6,3
CHN,Super League,2026,20/05/2026,13:00,Zhejiang Professional,Shandong Taishan,4,1,H,,,,2.7,3.8,2.38,2.58,3.69,2.28,2.76,4,2.52,2.57,3.7,2.35,23,9,9,2,18,8,5,4
CHN,Super League,2026,23/05/2026,12:00,Shanghai Port,Tianjin Jinmen Tiger,1,1,D,,,,1.83,3.75,4.3,1.78,3.48,4.04,1.89,3.8,4.6,1.76,3.75,4.1,12,11,5,3,8,10,4,3
CHN,Super League,2026,23/05/2026,12:35,Beijing Guoan,Henan Songshan Longmen,1,2,A,,,,1.66,4.2,4.8,1.62,3.93,4.48,1.71,4.4,5.2,1.62,4,4.5,13,9,4,3,19,19,4,5
CHN,Super League,2026,23/05/2026,13:00,Dalian Yingbo,Chengdu Rongcheng,2,0,H,,,,2.42,3.5,3.4,2.24,3.32,2.9,2.36,3.5,3.3,2.1,3.4,3.4,13,5,3,0,10,17,3,5
CHN,Super League,2026,24/05/2026,10:00,Qingdao Hainiu,Chongqing Tonglianglong,0,1,A,,,,2.35,3.1,3.75,2.23,2.92,3.31,2.32,3.05,3.9,2.2,3.1,3.4,13,5,1,4,20,13,8,3
CHN,Super League,2026,24/05/2026,12:00,Yunnan Yukun,Qingdao West Coast,2,3,A,,,,1.67,4.2,4.6,1.62,4,4.34,1.74,4.4,4.8,1.62,4.1,4.33,21,12,7,7,10,15,6,7
CHN,Super League,2026,24/05/2026,12:35,Shandong Taishan,Wuhan Three Towns,3,3,D,,,,1.43,5.25,7.5,1.39,4.78,6,1.47,5.4,6.6,1.39,5,6.25,20,17,10,5,18,12,3,2
CHN,Super League,2026,24/05/2026,12:35,Zhejiang Professional,Liaoning Tieren,0,5,A,,,,1.68,4.33,4.5,1.64,4.09,4.16,1.73,4.5,4.7,1.62,4.33,4.33,15,14,4,9,17,12,9,0
CHN,Super League,2026,24/05/2026,13:00,Shanghai Shenhua,Shenzhen Xinpengcheng,1,2,A,,,,1.53,5,5.6,1.47,4.49,5.23,1.53,5.1,6.2,1.45,4.75,5.5,11,16,3,7,16,20,7,5
CHN,Super League,2026,29/05/2026,12:35,Liaoning Tieren,Shanghai Port,3,2,H,,,,2.15,3.8,3.15,2.07,3.61,3,2.28,3.9,3.1,2.1,3.8,3,,,,,,,,
CHN,Super League,2026,30/05/2026,11:00,Qingdao West Coast,Shanghai Shenhua,2,2,D,,,,2.15,3.7,3.25,2.09,3.45,3.06,2.28,3.75,3.3,2.1,3.5,3.25,10,8,3,3,11,18,6,3
CHN,Super League,2026,30/05/2026,12:00,Henan Songshan Longmen,Zhejiang Professional,0,2,A,,,,2.14,3.75,3.25,2.06,3.6,3.03,2.22,3.8,3.4,2.1,3.75,3,20,6,6,4,11,17,7,1
CHN,Super League,2026,30/05/2026,12:35,Chengdu Rongcheng,Shandong Taishan,1,0,H,,,,1.75,4.2,4.2,1.7,3.89,3.99,1.83,4.2,4.3,1.71,4,4,17,14,7,0,7,17,5,2
CHN,Super League,2026,30/05/2026,13:00,Chongqing Tonglianglong,Beijing Guoan,2,3,A,,,,2.88,3.4,2.4,2.78,3.26,2.35,3.1,3.4,2.56,2.75,3.4,2.35,8,23,4,12,18,9,4,8
CHN,Super League,2026,30/05/2026,13:00,Shenzhen Xinpengcheng,Qingdao Hainiu,3,2,H,,,,2.15,3.6,3.4,2.07,3.47,3.1,2.22,3.65,3.55,2.15,3.6,3.1,16,10,5,4,16,9,9,3
CHN,Super League,2026,31/05/2026,12:00,Tianjin Jinmen Tiger,Dalian Yingbo,1,0,H,,,,2.9,3.25,2.45,2.78,3.15,2.38,3.25,3.3,2.5,2.85,3.2,2.45,7,17,5,2,9,18,7,9
CHN,Super League,2026,31/05/2026,12:35,Wuhan Three Towns,Yunnan Yukun,1,1,D,,,,2.42,3.9,3.2,2.14,3.69,2.82,2.2,4,3.25,2.01,3.9,3.2,12,7,4,2,16,15,7,3
CHN,Super League,2026,26/06/2026,12:35,Qingdao Hainiu,Yunnan Yukun,4,2,H,,,,2.82,3.75,2.35,2.71,3.59,2.22,2.96,3.9,2.44,2.82,3.7,2.25,8,20,6,4,15,14,2,4
CHN,Super League,2026,27/06/2026,12:00,Liaoning Tieren,Shandong Taishan,1,5,A,,,,2.63,3.8,2.45,2.52,3.64,2.35,2.76,3.85,2.58,2.5,3.7,2.45,9,22,1,9,10,5,5,3
CHN,Super League,2026,27/06/2026,12:35,Henan Songshan Longmen,Shanghai Port,1,2,A,,,,2.5,3.5,2.85,2.41,3.27,2.66,2.66,3.45,2.88,2.45,3.4,2.75,10,6,6,3,17,15,2,3
CHN,Super League,2026,27/06/2026,12:35,Shenzhen Xinpengcheng,Chengdu Rongcheng,2,3,A,,,,4.75,4.33,1.67,4.52,3.98,1.6,5.2,4.4,1.67,4.75,4.33,1.61,15,16,6,5,13,13,5,9
CHN,Super League,2026,27/06/2026,13:00,Beijing Guoan,Wuhan Three Towns,1,0,H,,,,1.3,6.5,9.4,1.27,5.59,7.95,1.31,6.6,10.5,1.25,6.5,7.5,19,9,8,2,17,17,7,2
CHN,Super League,2026,27/06/2026,13:00,Chongqing Tonglianglong,Tianjin Jinmen Tiger,1,0,H,,,,2.1,3.2,4.1,1.99,3.05,3.77,2.16,3.2,4.3,2.1,3.1,3.8,6,13,1,1,9,12,2,13
CHN,Super League,2026,28/06/2026,11:00,Qingdao West Coast,Zhejiang Professional,3,1,H,,,,2.57,3.6,2.55,2.48,3.46,2.46,2.7,3.8,2.68,2.57,3.6,2.5,14,11,6,2,8,13,7,7
CHN,Super League,2026,28/06/2026,12:00,Dalian Yingbo,Shanghai Shenhua,1,4,A,,,,2.2,4,3,2.12,3.79,2.74,2.3,4,3,2.1,4,3,13,14,3,8,7,13,8,2
CHN,Super League,2026,03/07/2026,13:00,Yunnan Yukun,Henan Songshan Longmen,2,1,H,,,,2.5,4,2.6,2.4,3.68,2.45,2.62,3.9,2.68,2.4,3.8,2.5,19,8,7,4,8,10,8,1
CHN,Super League,2026,04/07/2026,12:00,Liaoning Tieren,Chongqing Tonglianglong,3,1,H,,,,2.2,3.3,3.4,2.14,3.19,3.17,2.3,3.35,3.65,2.2,3.25,3.25,22,8,8,4,16,8,7,2
CHN,Super League,2026,04/07/2026,12:00,Qingdao West Coast,Shanghai Port,2,1,H,,,,2.95,3.7,2.4,2.7,3.5,2.28,2.96,3.7,2.5,2.65,3.6,2.4,10,6,6,4,14,16,4,7
CHN,Super League,2026,04/07/2026,12:35,Beijing Guoan,Shandong Taishan,2,0,H,,,,1.71,4.5,4.33,1.64,4.24,3.98,1.7,4.8,4.8,1.61,4.5,4.33,39,3,13,2,9,13,12,0
CHN,Super League,2026,04/07/2026,12:35,Dalian Yingbo,Wuhan Three Towns,3,2,H,,,,1.68,4.33,5,1.59,3.99,4.64,1.65,4.4,5.7,1.56,4.2,5,19,11,10,4,11,15,7,2
CHN,Super League,2026,04/07/2026,13:00,Tianjin Jinmen Tiger,Shenzhen Xinpengcheng,3,0,H,,,,2.23,3.4,3.25,2.17,3.23,3.03,2.32,3.4,3.45,2.15,3.4,3.2,14,13,4,3,14,14,1,7
CHN,Super League,2026,05/07/2026,12:00,Qingdao Hainiu,Chengdu Rongcheng,1,1,D,,,,5.75,4.5,1.53,5.2,4.14,1.5,6.2,4.7,1.57,5.75,4.1,1.49,14,22,4,3,12,8,2,7
CHN,Super League,2026,05/07/2026,12:35,Shanghai Shenhua,Zhejiang Professional,3,2,H,,,,1.65,4.5,4.5,1.58,4.33,4.28,1.67,4.8,5,1.57,4.5,4.33,14,15,5,6,8,16,7,5
CHN,Super League,2026,10/07/2026,12:35,Shandong Taishan,Yunnan Yukun,4,3,H,,,,1.67,4.5,4.1,1.64,4.35,3.88,1.74,4.7,4.5,1.62,4.5,3.9,13,28,8,7,11,7,2,14
CHN,Super League,2026,11/07/2026,12:35,Shenzhen Xinpengcheng,Qingdao West Coast,3,0,H,,,,2.23,3.75,3.5,2.03,3.51,3.14,2.12,3.8,3.6,1.91,3.6,3.5,19,11,8,3,20,16,5,3
CHN,Super League,2026,11/07/2026,13:00,Chengdu Rongcheng,Chongqing Tonglianglong,1,1,D,,,,1.27,6,13,1.22,5.71,10.13,1.27,6.6,14,1.19,6,13,14,8,5,3,14,9,15,1
CHN,Super League,2026,14/07/2026,12:35,Zhejiang Professional,Qingdao Hainiu,3,2,H,,,,1.38,5.25,7.5,1.34,4.9,6.86,1.41,5.6,8.4,1.33,5,7.5,17,20,6,6,12,15,4,6
CHN,Super League,2026,17/07/2026,12:00,Qingdao West Coast,Chengdu Rongcheng,1,1,D,,,,4.25,3.9,1.88,3.74,3.73,1.79,4.1,4,1.95,3.5,3.9,1.81,10,13,3,2,19,18,1,4
CHN,Super League,2026,17/07/2026,12:35,Beijing Guoan,Liaoning Tieren,1,1,D,,,,1.38,5.75,10,1.31,5.22,7.27,1.36,6.2,8.4,1.27,5.25,10,19,13,2,3,18,14,6,4
CHN,Super League,2026,17/07/2026,12:35,Henan Songshan Longmen,Qingdao Hainiu,5,1,H,,,,1.2,8,15,1.17,6.71,11.34,1.22,8.2,15.5,1.11,8,15,23,12,10,4,11,8,6,2
CHN,Super League,2026,17/07/2026,13:00,Yunnan Yukun,Shanghai Port,2,2,D,,,,2.43,4,2.85,2.24,3.85,2.56,2.34,4.2,2.92,2.15,3.8,2.85,14,13,3,6,16,9,6,6
CHN,Super League,2026,18/07/2026,12:00,Chongqing Tonglianglong,Zhejiang Professional,1,1,D,,,,2.63,3.6,2.7,2.5,3.38,2.51,2.7,3.5,2.8,2.45,3.6,2.65,19,3,3,2,8,15,4,1
CHN,Super League,2026,18/07/2026,12:35,Dalian Yingbo,Shandong Taishan,3,1,H,,,,2.14,4.2,3.1,2,3.93,2.94,2.06,4.3,3.4,2.01,4,3.1,21,18,11,6,10,12,6,6
CHN,Super League,2026,18/07/2026,12:35,Shanghai Shenhua,Tianjin Jinmen Tiger,0,2,A,,,,1.49,4.75,6.4,1.44,4.52,5.5,1.52,5.2,6.2,1.42,4.75,5.5,18,11,6,3,7,10,5,2
CHN,Super League,2026,18/07/2026,13:00,Wuhan Three Towns,Shenzhen Xinpengcheng,2,0,H,,,,2.5,3.5,2.7,2.41,3.36,2.61,2.6,3.7,2.82,2.45,3.4,2.65,27,6,13,1,15,8,11,4
CHN,Super League,2026,25/07/2026,10:30,Qingdao Hainiu,Tianjin Jinmen Tiger,0,2,A,,,,3.6,3.4,2.48,3.13,3.21,2.14,3.6,3.5,2.24,3.6,3.4,2.01,19,13,5,4,8,7,5,4
CHN,Super League,2026,25/07/2026,12:35,Liaoning Tieren,Qingdao West Coast,0,1,A,,,,1.81,4.33,4.2,1.7,3.99,3.88,1.77,4.4,4.3,1.68,4.1,4.2,8,16,1,5,10,18,2,10
CHN,Super League,2026,25/07/2026,12:35,Shanghai Port,Shanghai Shenhua,2,0,H,,,,2.65,4,2.55,2.45,3.77,2.37,2.66,4,2.62,2.65,4,2.25,12,17,3,6,10,16,5,9
CHN,Super League,2026,25/07/2026,13:00,Wuhan Three Towns,Chongqing Tonglianglong,1,0,H,,,,2.25,3.5,3.1,2.2,3.24,2.98,2.36,3.5,3.3,2.2,3.5,3,12,14,4,3,10,11,5,4
CHN,Super League,2026,26/07/2026,12:00,Yunnan Yukun,Shenzhen Xinpengcheng,4,3,H,,,,1.68,4.33,4.5,1.63,4.18,4.13,1.71,4.7,4.8,1.57,4.33,4.5,13,9,5,5,14,11,3,5
CHN,Super League,2026,26/07/2026,12:35,Chengdu Rongcheng,Beijing Guoan,2,2,D,,,,2.05,3.8,3.25,2.01,3.68,3.06,2.14,4,3.4,2.01,3.7,3.25,17,8,8,2,17,10,4,3
CHN,Super League,2026,26/07/2026,12:35,Shandong Taishan,Henan Songshan Longmen,1,2,A,,,,2.25,4.1,3,2.15,3.8,2.72,2.28,4.2,3.05,2.25,4.1,2.55,17,12,8,3,11,16,3,6
CHN,Super League,2026,26/07/2026,13:00,Zhejiang Professional,Dalian Yingbo,3,2,H,,,,2.2,4,3.25,2.07,3.7,2.91,2.28,3.95,3.15,2.15,3.6,3,16,20,7,7,9,18,3,4
CHN,Super League,2026,31/07/2026,12:35,Henan Songshan Longmen,Dalian Yingbo,1,1,D,,,,1.91,4,3.85,1.85,3.77,3.51,2.04,4,3.75,1.86,4,3.6,15,9,3,5,17,16,3,5
CHN,Super League,2026,01/08/2026,12:00,Tianjin Jinmen Tiger,Yunnan Yukun,3,2,H,,,,2.1,3.75,3.5,1.99,3.62,3.19,2.1,3.9,3.6,1.86,3.75,3.5,20,10,5,5,8,9,3,5
CHN,Super League,2026,01/08/2026,12:35,Beijing Guoan,Zhejiang Professional,2,1,H,,,,1.55,4.75,6.25,1.47,4.58,5.21,1.52,5.3,6,1.45,4.75,6.25,21,11,2,5,10,14,4,8
CHN,Super League,2026,01/08/2026,12:35,Shanghai Port,Shandong Taishan,0,1,A,,,,1.81,4.5,3.6,1.77,4.1,3.51,1.89,4.6,3.8,1.76,4.5,3.5,21,8,8,4,10,17,8,3
CHN,Super League,2026,01/08/2026,13:00,Chengdu Rongcheng,Wuhan Three Towns,1,1,D,,,,1.4,5.5,7.5,1.34,4.98,6.87,1.41,5.5,8.4,1.33,5.5,7,24,12,8,6,8,7,9,3
CHN,Super League,2026,02/08/2026,11:00,Qingdao West Coast,Qingdao Hainiu,2,0,H,,,,2.2,3.5,3.2,2.14,3.31,3.08,2.34,3.45,3.45,2.2,3.2,3.2,9,11,4,2,11,13,3,1
CHN,Super League,2026,02/08/2026,12:35,Liaoning Tieren,Shanghai Shenhua,3,1,H,,,,5.8,5,1.55,4.93,4.64,1.47,5.4,5.3,1.58,5,5,1.46,11,12,3,2,14,19,4,2
CHN,Super League,2026,02/08/2026,13:00,Shenzhen Xinpengcheng,Chongqing Tonglianglong,2,0,H,,,,2.4,3.4,3,2.32,3.23,2.85,2.48,3.45,3.15,2.35,3.25,2.85,9,5,7,1,23,16,4,6
CHN,Super League,2026,07/08/2026,12:35,Beijing Guoan,Shenzhen Xinpengcheng,4,0,H,,,,1.46,5,6,1.42,4.72,5.63,1.5,5.3,6.6,1.42,4.75,5.75,13,11,7,4,19,10,5,5
CHN,Super League,2026,08/08/2026,12:00,Qingdao Hainiu,Shanghai Shenhua,0,1,A,,,,5,4.75,1.57,4.62,4.46,1.53,5.2,4.9,1.63,5,4.5,1.53,15,13,1,6,13,13,6,6
CHN,Super League,2026,08/08/2026,12:35,Dalian Yingbo,Liaoning Tieren,1,0,H,,,,1.55,4.5,5.75,1.5,4.3,5.21,1.61,4.7,5.7,1.46,4.5,5.75,12,5,4,1,18,19,6,3
CHN,Super League,2026,08/08/2026,13:00,Yunnan Yukun,Chengdu Rongcheng,1,0,H,,,,3.25,4.2,2,3.11,3.98,1.93,3.55,4.2,2,3.2,4.2,1.91,18,13,4,1,10,16,7,6
CHN,Super League,2026,09/08/2026,12:00,Henan Songshan Longmen,Qingdao West Coast,0,0,D,,,,1.57,4,5.75,1.54,3.91,5.23,1.63,4.2,6.4,1.51,4,5.75,12,5,5,0,15,11,6,3
CHN,Super League,2026,09/08/2026,12:35,Chongqing Tonglianglong,Shanghai Port,2,3,A,,,,3.2,3.5,2.2,3.08,3.34,2.12,3.45,3.65,2.24,3.2,3.4,2.15,13,8,4,5,10,16,7,4
CHN,Super League,2026,09/08/2026,13:00,Shandong Taishan,Tianjin Jinmen Tiger,2,1,H,,,,2.2,3.75,3,2.15,3.54,2.86,2.26,3.85,3.25,2.15,3.5,3,9,9,4,2,10,6,5,1
CHN,Super League,2026,14/08/2026,12:35,Shandong Taishan,Qingdao Hainiu,3,1,H,,,,1.29,6.5,9.5,1.25,5.95,8.24,1.3,7,10,1.24,6.5,8.5,19,19,7,5,11,6,4,4
CHN,Super League,2026,14/08/2026,12:35,Wuhan Three Towns,Shanghai Port,2,3,A,,,,2.7,3.75,2.4,2.59,3.52,2.36,2.8,3.75,2.58,2.57,3.7,2.4,12,13,6,5,14,13,0,3
CHN,Super League,2026,14/08/2026,13:00,Qingdao West Coast,Chongqing Tonglianglong,0,0,D,,,,2.2,3.1,3.8,2.18,2.9,3.45,2.38,3,3.95,2.15,3.1,3.5,17,12,3,3,10,17,3,4
CHN,Super League,2026,15/08/2026,12:00,Liaoning Tieren,Shenzhen Xinpengcheng,1,2,A,,,,2.25,3.7,3,2.17,3.44,2.93,2.32,3.7,3.2,2.15,3.6,3,13,11,3,4,19,13,6,5
CHN,Super League,2026,15/08/2026,12:35,Tianjin Jinmen Tiger,Beijing Guoan,2,4,A,,,,2.85,3.6,2.38,2.73,3.45,2.28,3,3.65,2.46,2.85,3.6,2.25,19,9,8,6,5,6,10,1
CHN,Super League,2026,15/08/2026,12:35,Zhejiang Professional,Chengdu Rongcheng,2,3,A,,,,2.9,4,2.2,2.81,3.72,2.13,3.05,4.1,2.26,2.82,3.75,2.2,11,14,7,5,9,13,4,7
CHN,Super League,2026,15/08/2026,13:00,Shanghai Shenhua,Henan Songshan Longmen,4,1,H,,,,1.83,4.2,4,1.78,3.93,3.62,1.89,4.3,4,1.71,4,4,20,13,7,4,8,15,2,4
CHN,Super League,2026,15/08/2026,13:00,Yunnan Yukun,Dalian Yingbo,3,1,H,,,,2.15,4.2,2.88,2.08,3.92,2.8,2.24,4.3,3,2.1,4,2.82,30,5,9,2,14,14,9,3
CHN,Super League,2026,18/08/2026,12:35,Shanghai Shenhua,Beijing Guoan,0,3,A,,,,2.1,4.1,3.3,1.98,3.9,3.07,2.1,4.1,3.5,1.96,4.1,3.1,21,16,8,8,9,11,8,5
CHN,Super League,2026,19/08/2026,12:35,Shanghai Port,Dalian Yingbo,1,1,D,,,,1.38,5.5,7,1.34,5.08,6.61,1.42,5.8,7.6,1.35,5.5,6.5,16,6,4,2,6,16,10,3
CHN,Super League,2026,22/08/2026,12:00,Wuhan Three Towns,Tianjin Jinmen Tiger,0,0,D,,,,2.05,3.8,4.1,1.97,3.46,3.38,2.08,3.75,3.7,1.86,3.5,4.1,28,11,3,5,6,9,12,3
CHN,Super League,2026,22/08/2026,12:35,Chengdu Rongcheng,Shanghai Shenhua,4,5,A,,,,1.85,4.33,3.6,1.81,3.96,3.49,1.9,4.3,4,1.81,4,3.6,12,16,5,8,10,12,2,8
CHN,Super League,2026,22/08/2026,12:35,Shenzhen Xinpengcheng,Zhejiang Professional,1,1,D,,,,2.55,3.8,2.5,2.46,3.66,2.41,2.62,4,2.64,2.45,3.7,2.45,11,11,4,5,18,17,6,7
CHN,Super League,2026,22/08/2026,13:00,Beijing Guoan,Yunnan Yukun,3,3,D,,,,1.5,5.25,5.3,1.46,4.89,4.95,1.52,5.6,5.6,1.46,4.75,5.25,17,14,8,5,8,9,9,5
CHN,Super League,2026,22/08/2026,13:00,Qingdao West Coast,Shandong Taishan,2,0,H,,,,2.5,3.6,2.65,2.4,3.45,2.59,2.62,3.65,2.86,2.4,3.5,2.65,10,15,3,3,11,14,3,4
CHN,Super League,2026,23/08/2026,12:00,Liaoning Tieren,Henan Songshan Longmen,4,4,D,,,,2.8,3.6,2.35,2.72,3.44,2.3,2.92,3.7,2.56,2.7,3.6,2.3,14,16,5,7,14,14,8,8
CHN,Super League,2026,23/08/2026,12:35,Shanghai Port,Qingdao Hainiu,2,1,H,,,,1.29,6,8.5,1.27,5.68,7.76,1.35,6.4,9,1.25,5.75,8,11,10,4,2,11,18,5,2
CHN,Super League,2026,23/08/2026,13:00,Chongqing Tonglianglong,Dalian Yingbo,0,1,A,,,,2.25,3.4,3.4,2.16,3.21,3.14,2.28,3.5,3.5,2.1,3.3,3.4,11,12,2,2,13,8,3,5
CHN,Super League,2026,28/08/2026,12:35,Dalian Yingbo,Beijing Guoan,1,1,D,,,,3,3.8,2.2,2.87,3.58,2.14,3,3.95,2.34,3,3.6,2.15,11,10,2,3,17,19,4,2
CHN,Super League,2026,28/08/2026,12:35,Shanghai Shenhua,Shandong Taishan,2,3,A,,,,1.56,5,4.75,1.52,4.73,4.51,1.6,5.3,5.1,1.49,5,4.75,19,14,7,5,9,9,8,6
CHN,Super League,2026,28/08/2026,13:00,Shenzhen Xinpengcheng,Shanghai Port,0,1,A,,,,3.3,3.8,2.05,3.2,3.58,2,3.45,3.85,2.16,3.25,3.75,1.96,11,10,4,6,15,14,3,1
CHN,Super League,2026,29/08/2026,10:00,Qingdao Hainiu,Wuhan Three Towns,1,5,A,,,,2.7,3.6,2.45,2.6,3.52,2.38,2.86,3.7,2.54,2.65,3.6,2.4,20,19,7,9,15,11,7,5
CHN,Super League,2026,29/08/2026,12:00,Tianjin Jinmen Tiger,Qingdao West Coast,1,1,D,,,,2.1,3.2,3.8,2.04,3.07,3.63,2.16,3.25,4.2,2.05,3.2,3.75,15,14,4,4,13,10,5,6
CHN,Super League,2026,29/08/2026,12:00,Zhejiang Professional,Yunnan Yukun,6,0,H,,,,1.72,4.75,4.1,1.66,4.43,3.8,1.75,4.9,4.1,1.62,4.5,4.1,16,13,10,5,11,14,7,3
CHN,Super League,2026,29/08/2026,12:35,Chengdu Rongcheng,Liaoning Tieren,2,1,H,,,,1.4,5.25,7.1,1.36,4.84,6.51,1.42,5.4,8.4,1.39,5,6.25,24,12,7,2,11,8,7,6
CHN,Super League,2026,29/08/2026,13:00,Henan Songshan Longmen,Chongqing Tonglianglong,1,1,D,,,,1.3,5.5,10.75,1.27,4.97,9.75,1.38,5.1,11.5,1.25,5.25,10,14,10,6,3,14,19,6,3
CHN,Super League,2026,05/09/2026,12:00,Wuhan Three Towns,Qingdao West Coast,2,2,D,,,,2.1,3.8,3.3,2.02,3.63,3.11,2.16,3.9,3.4,1.96,3.8,3.1,19,16,7,4,10,13,6,4
CHN,Super League,2026,05/09/2026,12:35,Dalian Yingbo,Qingdao Hainiu,2,1,H,,,,1.33,5.75,9,1.29,5.21,8.05,1.33,6,10.5,1.25,5.5,7.5,18,9,9,2,7,12,5,4
CHN,Super League,2026,05/09/2026,12:35,Shanghai Port,Beijing Guoan,0,0,D,,,,2.1,4.2,4,1.76,4.1,3.66,1.87,4.4,3.95,1.71,4.1,3.7,21,5,6,2,10,9,14,1
CHN,Super League,2026,05/09/2026,13:00,Shandong Taishan,Shenzhen Xinpengcheng,1,1,D,,,,1.6,4.5,5.33,1.54,4.2,4.89,1.62,4.8,5.6,1.56,4.1,4.75,7,30,1,8,7,15,2,2
CHN,Super League,2026,06/09/2026,12:00,Chongqing Tonglianglong,Shanghai Shenhua,1,3,A,,,,3,3.6,2.25,2.92,3.51,2.14,3.2,3.75,2.3,2.82,3.6,2.1,14,15,6,6,11,14,8,1
CHN,Super League,2026,06/09/2026,12:35,Henan Songshan Longmen,Chengdu Rongcheng,0,0,D,,,,2.38,3.5,2.9,2.27,3.42,2.77,2.46,3.7,2.98,2.15,3.5,2.82,16,9,4,0,17,22,9,0
CHN,Super League,2026,06/09/2026,12:35,Yunnan Yukun,Liaoning Tieren,5,0,H,,,,1.65,4.5,4.2,1.61,4.39,4.09,1.72,4.8,4.4,1.57,4.5,4.2,14,9,6,1,10,13,3,6
CHN,Super League,2026,06/09/2026,13:00,Tianjin Jinmen Tiger,Zhejiang Professional,2,1,H,,,,2.63,3.6,2.55,2.49,3.45,2.49,2.74,3.7,2.68,2.4,3.4,2.55,13,20,8,5,15,10,10,4
CHN,Super League,2026,12/09/2026,12:00,Tianjin Jinmen Tiger,Liaoning Tieren,1,0,H,,,,2,3.6,3.75,1.94,3.42,3.53,2.1,3.55,3.85,1.91,3.5,3.75,13,14,3,2,15,9,3,3
CHN,Super League,2026,12/09/2026,12:35,Wuhan Three Towns,Henan Songshan Longmen,1,1,D,,,,2.5,3.9,2.55,2.42,3.69,2.44,2.56,4.1,2.66,2.3,3.9,2.55,12,23,3,4,11,11,3,11
CHN,Super League,2026,18/09/2026,12:35,Zhejiang Professional,Wuhan Three Towns,4,1,H,,,,1.93,4.2,3.4,1.86,4.13,3.22,2,4.5,3.45,1.81,4.2,3.4,13,27,6,3,13,14,4,7
