Country,League,Season,Date,Time,Home,Away,HG,AG,Res,PSCH,PSCD,PSCA,MaxCH,MaxCD,MaxCA,AvgCH,AvgCD,AvgCA,BFECH,BFECD,BFECA,B365CH,B365CD,B365CA,HS,AS,HST,AST,HF,AF,HC,AC
DNK,Superliga,2020/2021,11/09/2020,18:00,Sonderjyske,Midtjylland,2,0,H,4.26,3.59,1.92,4.4,3.76,1.99,3.92,3.5,1.91,,,,,,,,,,,,,,
DNK,Superliga,2020/2021,13/09/2020,13:00,Horsens,Randers FC,0,3,A,3.22,3.62,2.27,3.22,3.62,2.39,3.07,3.41,2.25,,,,,,,,,,,,,,
DNK,Superliga,2020/2021,13/09/2020,13:00,Lyngby,Aalborg,0,0,D,3.76,3.83,1.99,3.76,3.84,2.01,3.59,3.63,1.96,,,,,,,,,,,,,,
DNK,Superliga,2020/2021,13/09/2020,15:00,Brondby,Nordsjaelland,3,2,H,2.05,3.7,3.7,2.08,3.82,3.7,2.01,3.6,3.49,,,,,,,,,,,,,,
DNK,Superliga,2020/2021,13/09/2020,17:00,Odense,FC Copenhagen,3,2,H,3.68,3.49,2.13,3.74,3.6,2.24,3.44,3.42,2.08,,,,,,,,,,,,,,
DNK,Superliga,2020/2021,14/09/2020,18:00,Aarhus,Vejle,4,2,H,1.72,3.82,5.29,1.75,4,5.29,1.69,3.77,4.88,,,,,,,,,,,,,,
DNK,Superliga,2020/2021,19/09/2020,14:30,Midtjylland,Lyngby,1,0,H,1.31,5.81,10.31,1.35,6,10.31,1.31,5.51,8.67,,,,,,,,,,,,,,
DNK,Superliga,2020/2021,20/09/2020,13:00,FC Copenhagen,Brondby,1,2,A,2.2,3.52,3.46,2.35,3.7,3.78,2.1,3.52,3.33,,,,,,,,,,,,,,
DNK,Superliga,2020/2021,20/09/2020,13:00,Odense,Nordsjaelland,1,1,D,2.12,3.8,3.4,2.17,3.82,3.4,2.1,3.62,3.22,,,,,,,,,,,,,,
DNK,Superliga,2020/2021,20/09/2020,15:00,Randers FC,Aarhus,1,1,D,2.99,3.55,2.43,2.99,3.58,2.51,2.86,3.4,2.39,,,,,,,,,,,,,,
DNK,Superliga,2020/2021,20/09/2020,17:00,Vejle,Sonderjyske,4,1,H,2.78,3.33,2.72,2.93,3.6,2.72,2.7,3.28,2.58,,,,,,,,,,,,,,
DNK,Superliga,2020/2021,21/09/2020,18:00,Aalborg,Horsens,1,0,H,1.53,4.48,6.36,1.57,4.5,6.5,1.52,4.22,5.96,,,,,,,,,,,,,,
DNK,Superliga,2020/2021,26/09/2020,16:00,Midtjylland,Randers FC,1,0,H,1.75,3.85,5.03,1.77,3.95,5.03,1.71,3.72,4.72,,,,,,,,,,,,,,
DNK,Superliga,2020/2021,27/09/2020,13:00,Aarhus,Odense,4,2,H,2.18,3.59,3.44,2.23,3.7,3.68,2.1,3.51,3.31,,,,,,,,,,,,,,
DNK,Superliga,2020/2021,27/09/2020,13:00,Sonderjyske,Aalborg,3,1,H,3.38,3.56,2.22,3.38,3.6,2.31,3.2,3.46,2.18,,,,,,,,,,,,,,
DNK,Superliga,2020/2021,27/09/2020,15:00,Brondby,Horsens,2,1,H,1.48,4.6,7.23,1.52,4.75,7.23,1.45,4.47,6.66,,,,,,,,,,,,,,
DNK,Superliga,2020/2021,27/09/2020,17:00,Vejle,FC Copenhagen,2,2,D,4.15,4.12,1.83,4.26,4.12,1.88,3.97,3.8,1.83,,,,,,,,,,,,,,
DNK,Superliga,2020/2021,28/09/2020,18:00,Nordsjaelland,Lyngby,4,1,H,1.74,4.21,4.58,1.79,4.21,5,1.72,3.99,4.36,,,,,,,,,,,,,,
DNK,Superliga,2020/2021,02/10/2020,18:00,Randers FC,Brondby,1,2,A,2.69,3.53,2.68,2.75,3.64,2.73,2.61,3.42,2.57,,,,,,,,,,,,,,
DNK,Superliga,2020/2021,04/10/2020,13:00,Lyngby,Sonderjyske,2,2,D,3.45,3.56,2.19,3.5,3.68,2.19,3.29,3.46,2.12,,,,,,,,,,,,,,
DNK,Superliga,2020/2021,04/10/2020,13:00,Odense,Vejle,0,1,A,2.05,3.52,3.9,2.07,3.65,4.03,1.98,3.45,3.73,,,,,,,,,,,,,,
DNK,Superliga,2020/2021,04/10/2020,15:00,Aalborg,Aarhus,1,1,D,2.28,3.69,3.15,2.64,3.7,3.19,2.34,3.49,2.88,,,,,,,,,,,,,,
DNK,Superliga,2020/2021,04/10/2020,17:00,Horsens,Midtjylland,2,2,D,6.5,4.17,1.57,6.75,4.56,1.59,5.95,4.14,1.53,,,,,,,,,,,,,,
DNK,Superliga,2020/2021,04/10/2020,19:00,FC Copenhagen,Nordsjaelland,3,2,H,1.94,4.08,3.7,1.97,4.14,3.81,1.91,3.88,3.53,,,,,,,,,,,,,,
DNK,Superliga,2020/2021,17/10/2020,15:00,Midtjylland,Odense,3,1,H,1.61,4.31,5.55,1.65,4.31,5.59,1.62,4.01,5.11,,,,,,,,,,,,,,
DNK,Superliga,2020/2021,18/10/2020,13:00,Aarhus,Horsens,3,0,H,1.6,4.38,5.67,1.61,4.45,5.98,1.56,4.2,5.43,,,,,,,,,,,,,,
DNK,Superliga,2020/2021,18/10/2020,13:00,Vejle,Lyngby,3,2,H,1.61,4.33,5.56,1.71,4.4,6,1.59,4.08,5.37,,,,,,,,,,,,,,
DNK,Superliga,2020/2021,18/10/2020,15:00,Sonderjyske,Brondby,2,0,H,3.12,3.55,2.35,3.12,3.55,2.43,2.98,3.41,2.3,,,,,,,,,,,,,,
DNK,Superliga,2020/2021,18/10/2020,17:00,FC Copenhagen,Aalborg,1,2,A,1.86,3.89,4.25,1.87,4,4.33,1.81,3.79,4.1,,,,,,,,,,,,,,
DNK,Superliga,2020/2021,19/10/2020,18:00,Nordsjaelland,Randers FC,1,0,H,2.49,3.71,2.8,2.49,3.8,2.87,2.38,3.62,2.73,,,,,,,,,,,,,,
DNK,Superliga,2020/2021,23/10/2020,18:00,Lyngby,Odense,0,3,A,4.33,3.86,1.85,4.35,4.1,1.89,4.1,3.81,1.81,,,,,,,,,,,,,,
DNK,Superliga,2020/2021,24/10/2020,17:00,Brondby,Midtjylland,2,3,A,3.26,3.54,2.28,3.35,3.6,2.28,3.16,3.44,2.19,,,,,,,,,,,,,,
DNK,Superliga,2020/2021,25/10/2020,13:00,Horsens,Nordsjaelland,1,1,D,3.59,3.96,2.01,3.63,3.96,2.07,3.45,3.75,1.98,,,,,,,,,,,,,,
DNK,Superliga,2020/2021,25/10/2020,15:00,Randers FC,Sonderjyske,1,2,A,2.13,3.72,3.45,2.18,3.72,3.5,2.08,3.56,3.3,,,,,,,,,,,,,,
DNK,Superliga,2020/2021,25/10/2020,17:00,Aarhus,FC Copenhagen,0,1,A,2.53,3.47,2.9,2.53,3.64,2.91,2.43,3.41,2.8,,,,,,,,,,,,,,
DNK,Superliga,2020/2021,26/10/2020,18:00,Aalborg,Vejle,1,3,A,2.01,3.56,4,2.02,3.76,4.26,1.94,3.55,3.79,,,,,,,,,,,,,,
DNK,Superliga,2020/2021,30/10/2020,18:00,Vejle,Randers FC,0,3,A,2.62,3.49,2.78,2.7,3.53,2.88,2.52,3.36,2.72,,,,,,,,,,,,,,
DNK,Superliga,2020/2021,31/10/2020,15:00,Nordsjaelland,Midtjylland,4,1,H,3.14,3.86,2.22,3.3,3.96,2.35,2.98,3.7,2.19,,,,,,,,,,,,,,
DNK,Superliga,2020/2021,01/11/2020,13:00,Odense,Horsens,1,0,H,1.64,4.04,5.75,1.65,4.18,5.8,1.61,3.92,5.4,,,,,,,,,,,,,,
DNK,Superliga,2020/2021,01/11/2020,15:00,FC Copenhagen,Lyngby,4,2,H,1.27,6.37,11.57,1.29,6.37,11.57,1.26,5.83,10.23,,,,,,,,,,,,,,
DNK,Superliga,2020/2021,01/11/2020,17:00,Aalborg,Brondby,2,1,H,2.32,3.62,3.11,2.33,3.69,3.17,2.24,3.48,3.05,,,,,,,,,,,,,,
DNK,Superliga,2020/2021,02/11/2020,18:00,Sonderjyske,Aarhus,1,1,D,3.68,3.73,2.05,3.8,3.73,2.2,3.42,3.52,2.06,,,,,,,,,,,,,,
DNK,Superliga,2020/2021,06/11/2020,18:00,Randers FC,Aalborg,1,2,A,2.67,3.69,2.62,2.67,3.75,2.75,2.54,3.51,2.59,,,,,,,,,,,,,,
DNK,Superliga,2020/2021,08/11/2020,13:00,Lyngby,Aarhus,1,2,A,4.21,3.71,1.92,4.33,3.8,1.98,3.97,3.56,1.89,,,,,,,,,,,,,,
DNK,Superliga,2020/2021,08/11/2020,13:00,Nordsjaelland,Vejle,1,1,D,2.11,3.75,3.48,2.16,3.82,3.48,2.07,3.65,3.27,,,,,,,,,,,,,,
DNK,Superliga,2020/2021,08/11/2020,15:00,Brondby,Odense,3,1,H,2.18,3.63,3.4,2.19,3.7,3.41,2.11,3.53,3.26,,,,,,,,,,,,,,
DNK,Superliga,2020/2021,08/11/2020,17:00,Midtjylland,FC Copenhagen,4,0,H,1.82,4.01,4.32,1.98,4.03,4.32,1.82,3.76,4.04,,,,,,,,,,,,,,
DNK,Superliga,2020/2021,08/11/2020,19:00,Horsens,Sonderjyske,0,3,A,2.99,3.59,2.41,3.15,3.59,2.42,2.92,3.43,2.32,,,,,,,,,,,,,,
DNK,Superliga,2020/2021,20/11/2020,18:00,Lyngby,Horsens,1,1,D,2.54,3.46,2.89,2.57,3.52,2.89,2.45,3.37,2.79,,,,,,,,,,,,,,
DNK,Superliga,2020/2021,22/11/2020,13:00,Aalborg,Nordsjaelland,1,1,D,1.68,4.4,4.83,1.69,4.4,5,1.64,4.22,4.69,,,,,,,,,,,,,,
DNK,Superliga,2020/2021,22/11/2020,13:00,Odense,Sonderjyske,1,1,D,2.07,3.6,3.72,2.11,3.6,3.74,2.02,3.48,3.55,,,,,,,,,,,,,,
DNK,Superliga,2020/2021,22/11/2020,15:00,Aarhus,Midtjylland,1,2,A,3.41,3.73,2.14,3.43,3.75,2.16,3.25,3.6,2.1,,,,,,,,,,,,,,
DNK,Superliga,2020/2021,22/11/2020,17:00,Vejle,Brondby,0,2,A,2.88,3.48,2.55,2.88,3.6,2.55,2.78,3.45,2.43,,,,,,,,,,,,,,
DNK,Superliga,2020/2021,23/11/2020,18:00,FC Copenhagen,Randers FC,1,2,A,2.07,3.75,3.58,2.09,3.75,4.03,2.01,3.62,3.47,,,,,,,,,,,,,,
DNK,Superliga,2020/2021,27/11/2020,18:00,Randers FC,Odense,2,1,H,2.24,3.51,3.37,2.28,3.68,3.37,2.2,3.42,3.19,,,,,,,,,,,,,,
DNK,Superliga,2020/2021,28/11/2020,15:00,Midtjylland,Aalborg,0,0,D,1.84,3.99,4.25,1.88,3.99,4.25,1.82,3.78,3.99,,,,,,,,,,,,,,
DNK,Superliga,2020/2021,29/11/2020,13:00,Horsens,Vejle,3,1,H,3.41,3.58,2.19,3.44,3.6,2.37,3.21,3.42,2.18,,,,,,,,,,,,,,
DNK,Superliga,2020/2021,29/11/2020,15:00,Sonderjyske,FC Copenhagen,1,3,A,3.08,3.56,2.37,3.14,3.6,2.47,2.95,3.39,2.34,,,,,,,,,,,,,,
DNK,Superliga,2020/2021,29/11/2020,17:00,Nordsjaelland,Aarhus,3,1,H,3.4,3.82,2.12,3.51,3.82,2.17,3.23,3.67,2.08,,,,,,,,,,,,,,
DNK,Superliga,2020/2021,30/11/2020,18:00,Brondby,Lyngby,4,1,H,1.57,4.35,5.98,1.6,4.71,6,1.54,4.33,5.44,,,,,,,,,,,,,,
DNK,Superliga,2020/2021,04/12/2020,18:00,Odense,Aalborg,2,1,H,3.53,3.52,2.17,3.53,3.64,2.19,3.33,3.4,2.13,,,,,,,,,,,,,,
DNK,Superliga,2020/2021,05/12/2020,15:00,Vejle,Midtjylland,0,2,A,5.03,4.01,1.72,5.03,4.01,1.74,4.78,3.84,1.68,,,,,,,,,,,,,,
DNK,Superliga,2020/2021,06/12/2020,13:00,Sonderjyske,Nordsjaelland,2,1,H,2.2,3.67,3.32,2.29,3.7,3.33,2.17,3.54,3.13,,,,,,,,,,,,,,
DNK,Superliga,2020/2021,06/12/2020,15:00,FC Copenhagen,Horsens,2,0,H,1.55,4.31,6.41,1.64,4.5,6.41,1.54,4.16,5.74,,,,,,,,,,,,,,
DNK,Superliga,2020/2021,06/12/2020,17:00,Lyngby,Randers FC,0,3,A,3.91,4.1,1.88,4,4.1,1.91,3.8,3.84,1.85,,,,,,,,,,,,,,
DNK,Superliga,2020/2021,07/12/2020,18:00,Aarhus,Brondby,3,1,H,2.22,3.8,3.18,2.26,3.88,3.24,2.19,3.61,3.03,,,,,,,,,,,,,,
DNK,Superliga,2020/2021,11/12/2020,18:00,Randers FC,Vejle,3,1,H,2.01,3.63,3.91,2.06,3.75,3.94,1.96,3.55,3.67,,,,,,,,,,,,,,
DNK,Superliga,2020/2021,13/12/2020,13:00,Aalborg,Lyngby,3,2,H,1.5,4.61,6.75,1.53,4.61,7,1.48,4.36,6.3,,,,,,,,,,,,,,
DNK,Superliga,2020/2021,13/12/2020,13:00,Horsens,Aarhus,1,2,A,5.37,4.21,1.65,5.75,4.22,1.68,5.05,3.98,1.63,,,,,,,,,,,,,,
DNK,Superliga,2020/2021,13/12/2020,15:00,Nordsjaelland,FC Copenhagen,0,1,A,3.96,3.85,1.93,3.96,3.98,2,3.64,3.73,1.93,,,,,,,,,,,,,,
DNK,Superliga,2020/2021,13/12/2020,17:00,Brondby,Sonderjyske,2,1,H,1.8,4,4.46,1.81,4.01,4.47,1.77,3.84,4.19,,,,,,,,,,,,,,
DNK,Superliga,2020/2021,14/12/2020,18:00,Odense,Midtjylland,1,1,D,4.71,3.75,1.81,4.75,3.88,1.84,4.39,3.67,1.78,,,,,,,,,,,,,,
DNK,Superliga,2020/2021,20/12/2020,13:00,Lyngby,Vejle,0,0,D,3.04,3.68,2.34,3.1,3.71,2.34,2.95,3.55,2.27,,,,,,,,,,,,,,
DNK,Superliga,2020/2021,20/12/2020,13:00,Sonderjyske,Randers FC,0,1,A,2.92,3.38,2.57,2.98,3.5,2.59,2.83,3.29,2.47,,,,,,,,,,,,,,
DNK,Superliga,2020/2021,20/12/2020,15:00,Aarhus,Aalborg,3,0,H,2.04,3.63,3.8,2.12,3.79,3.92,1.97,3.55,3.65,,,,,,,,,,,,,,
DNK,Superliga,2020/2021,20/12/2020,17:00,FC Copenhagen,Odense,1,1,D,1.7,4.04,5.07,1.71,4.13,5.25,1.66,3.94,4.85,,,,,,,,,,,,,,
DNK,Superliga,2020/2021,20/12/2020,19:00,Horsens,Brondby,1,2,A,4.37,3.67,1.89,4.5,3.87,1.91,4.14,3.64,1.84,,,,,,,,,,,,,,
DNK,Superliga,2020/2021,21/12/2020,18:00,Midtjylland,Nordsjaelland,3,1,H,1.28,6.09,10.52,1.3,6.23,11,1.27,5.84,9.63,,,,,,,,,,,,,,
DNK,Superliga,2020/2021,02/02/2021,17:00,Randers FC,Horsens,3,0,H,1.74,3.74,5.32,1.75,3.8,5.32,1.7,3.66,4.97,,,,,,,,,,,,,,
DNK,Superliga,2020/2021,02/02/2021,19:00,Vejle,Aarhus,0,0,D,4.02,3.64,1.98,4.1,3.65,2,3.88,3.49,1.93,,,,,,,,,,,,,,
DNK,Superliga,2020/2021,03/02/2021,17:00,Odense,Lyngby,0,1,A,1.78,3.78,4.89,1.8,3.83,5,1.77,3.58,4.61,,,,,,,,,,,,,,
DNK,Superliga,2020/2021,03/02/2021,19:00,Aalborg,FC Copenhagen,2,3,A,4.21,3.86,1.88,4.33,3.86,1.96,4.11,3.63,1.84,,,,,,,,,,,,,,
DNK,Superliga,2020/2021,04/02/2021,17:00,Midtjylland,Sonderjyske,1,2,A,1.37,5.19,9.2,1.4,5.35,9.25,1.36,4.91,8.23,,,,,,,,,,,,,,
DNK,Superliga,2020/2021,04/02/2021,19:00,Nordsjaelland,Brondby,0,1,A,3.88,3.89,1.94,4.25,3.89,1.99,3.84,3.67,1.89,,,,,,,,,,,,,,
DNK,Superliga,2020/2021,07/02/2021,13:00,Nordsjaelland,Odense,0,2,A,2.72,3.62,2.6,2.85,3.68,2.62,2.7,3.5,2.46,,,,,,,,,,,,,,
DNK,Superliga,2020/2021,07/02/2021,13:00,Sonderjyske,Vejle,0,1,A,2.89,3.05,2.83,2.89,3.59,2.85,2.71,3.03,2.75,,,,,,,,,,,,,,
DNK,Superliga,2020/2021,07/02/2021,15:00,Horsens,FC Copenhagen,0,2,A,6.28,3.93,1.62,6.28,4.23,1.63,5.84,3.92,1.57,,,,,,,,,,,,,,
DNK,Superliga,2020/2021,07/02/2021,17:00,Aarhus,Lyngby,1,0,H,1.52,4.46,6.72,1.59,4.5,7.5,1.5,4.25,6.31,,,,,,,,,,,,,,
DNK,Superliga,2020/2021,07/02/2021,19:00,Brondby,Aalborg,1,1,D,1.99,3.45,4.22,2.02,3.6,4.25,1.91,3.41,4.05,,,,,,,,,,,,,,
DNK,Superliga,2020/2021,08/02/2021,18:00,Randers FC,Midtjylland,1,2,A,4.32,3.59,1.93,4.43,3.79,1.93,4.2,3.58,1.83,,,,,,,,,,,,,,
DNK,Superliga,2020/2021,14/02/2021,13:00,Aalborg,Randers FC,0,0,D,2.99,3.27,2.58,2.99,3.36,2.67,2.79,3.21,2.54,,,,,,,,,,,,,,
DNK,Superliga,2020/2021,14/02/2021,13:00,Vejle,Nordsjaelland,2,2,D,2.45,3.3,3.16,2.47,3.43,3.29,2.37,3.18,3.06,,,,,,,,,,,,,,
DNK,Superliga,2020/2021,14/02/2021,15:00,Lyngby,Brondby,0,4,A,4.49,3.79,1.84,4.49,3.83,1.87,4.24,3.62,1.81,,,,,,,,,,,,,,
DNK,Superliga,2020/2021,14/02/2021,17:00,Midtjylland,Horsens,1,0,H,1.31,5.68,10.74,1.35,5.75,11,1.31,5.2,9.39,,,,,,,,,,,,,,
DNK,Superliga,2020/2021,14/02/2021,19:00,Odense,Aarhus,0,0,D,3.27,3.41,2.33,3.32,3.45,2.38,3.18,3.28,2.25,,,,,,,,,,,,,,
DNK,Superliga,2020/2021,15/02/2021,18:00,FC Copenhagen,Sonderjyske,3,2,H,1.58,4.25,6.16,1.6,4.34,6.25,1.55,4.12,5.72,,,,,,,,,,,,,,
DNK,Superliga,2020/2021,19/02/2021,18:00,Aalborg,Midtjylland,0,2,A,5.68,3.98,1.66,5.77,4,1.69,5.3,3.79,1.64,,,,,,,,,,,,,,
DNK,Superliga,2020/2021,21/02/2021,13:00,Horsens,Odense,0,0,D,3.95,3.51,2.04,3.98,3.51,2.11,3.69,3.32,2.04,,,,,,,,,,,,,,
DNK,Superliga,2020/2021,21/02/2021,13:00,Randers FC,Nordsjaelland,1,1,D,1.92,3.75,4.16,1.94,3.84,4.28,1.88,3.6,3.96,,,,,,,,,,,,,,
DNK,Superliga,2020/2021,21/02/2021,15:00,Aarhus,Sonderjyske,2,0,H,1.98,3.48,4.24,1.99,3.72,4.33,1.91,3.42,4.04,,,,,,,,,,,,,,
DNK,Superliga,2020/2021,21/02/2021,17:00,Brondby,Vejle,2,1,H,1.71,3.76,5.55,1.75,3.76,5.55,1.69,3.63,5.1,,,,,,,,,,,,,,
DNK,Superliga,2020/2021,22/02/2021,18:00,Lyngby,FC Copenhagen,2,2,D,7.59,4.7,1.45,7.8,4.7,1.5,6.85,4.43,1.44,,,,,,,,,,,,,,
DNK,Superliga,2020/2021,26/02/2021,18:00,Vejle,Horsens,0,0,D,2.12,3.16,4.16,2.15,3.4,4.16,2.06,3.16,3.86,,,,,,,,,,,,,,
DNK,Superliga,2020/2021,28/02/2021,13:00,Nordsjaelland,Aalborg,2,2,D,3.05,3.7,2.33,3.13,3.72,2.63,2.92,3.49,2.3,,,,,,,,,,,,,,
DNK,Superliga,2020/2021,28/02/2021,13:00,Odense,Randers FC,2,1,H,2.85,3.34,2.65,2.87,3.41,2.7,2.75,3.26,2.55,,,,,,,,,,,,,,
DNK,Superliga,2020/2021,28/02/2021,15:00,FC Copenhagen,Aarhus,3,3,D,2.07,3.48,3.86,2.11,3.6,4.25,2.04,3.39,3.59,,,,,,,,,,,,,,
DNK,Superliga,2020/2021,28/02/2021,17:00,Midtjylland,Brondby,1,0,H,1.76,3.77,5.07,1.82,3.78,5.07,1.75,3.59,4.66,,,,,,,,,,,,,,
DNK,Superliga,2020/2021,01/03/2021,18:00,Sonderjyske,Lyngby,1,4,A,2.17,3.4,3.67,2.18,3.45,3.85,2.11,3.32,3.45,,,,,,,,,,,,,,
DNK,Superliga,2020/2021,03/03/2021,17:00,Aarhus,Nordsjaelland,0,1,A,1.58,4.43,5.8,1.62,4.43,5.8,1.57,4.19,5.3,,,,,,,,,,,,,,
DNK,Superliga,2020/2021,03/03/2021,17:00,Horsens,Aalborg,2,1,H,,,,3.53,3.5,2.33,3.29,3.22,2.23,,,,,,,,,,,,,,
DNK,Superliga,2020/2021,03/03/2021,19:00,FC Copenhagen,Vejle,2,1,H,,,,1.65,4.2,5.78,1.6,3.89,5.44,,,,,,,,,,,,,,
DNK,Superliga,2020/2021,04/03/2021,17:00,Lyngby,Midtjylland,2,0,H,7.71,4.58,1.46,8,4.75,1.5,6.94,4.42,1.44,,,,,,,,,,,,,,
DNK,Superliga,2020/2021,04/03/2021,17:00,Sonderjyske,Odense,1,1,D,3.14,3.31,2.46,3.14,3.41,2.56,3.01,3.19,2.39,,,,,,,,,,,,,,
DNK,Superliga,2020/2021,04/03/2021,19:00,Brondby,Randers FC,0,0,D,1.82,3.73,4.7,1.89,3.8,4.7,1.78,3.62,4.42,,,,,,,,,,,,,,
DNK,Superliga,2020/2021,07/03/2021,11:00,Randers FC,Lyngby,1,2,A,2.24,3.42,3.46,2.28,3.69,3.65,2.17,3.35,3.31,,,,,,,,,,,,,,
DNK,Superliga,2020/2021,07/03/2021,13:00,Brondby,FC Copenhagen,2,1,H,3.16,3.3,2.45,3.16,3.5,2.45,2.99,3.29,2.35,,,,,,,,,,,,,,
DNK,Superliga,2020/2021,07/03/2021,15:00,Midtjylland,Aarhus,0,1,A,2.12,3.3,3.95,2.12,3.6,3.95,2.05,3.34,3.66,,,,,,,,,,,,,,
DNK,Superliga,2020/2021,07/03/2021,17:00,Nordsjaelland,Horsens,2,2,D,2.18,3.54,3.49,2.2,3.55,3.5,2.11,3.42,3.35,,,,,,,,,,,,,,
DNK,Superliga,2020/2021,07/03/2021,19:00,Vejle,Odense,2,0,H,2.99,3.15,2.66,3.16,3.15,2.66,2.93,3.02,2.55,,,,,,,,,,,,,,
DNK,Superliga,2020/2021,08/03/2021,18:00,Aalborg,Sonderjyske,1,0,H,2.19,3.35,3.67,2.2,3.49,3.71,2.12,3.26,3.53,,,,,,,,,,,,,,
DNK,Superliga,2020/2021,12/03/2021,18:00,Lyngby,Nordsjaelland,0,3,A,2.72,3.57,2.63,2.76,3.62,2.86,2.57,3.42,2.63,,,,,,,,,,,,,,
DNK,Superliga,2020/2021,14/03/2021,13:00,Sonderjyske,Horsens,2,0,H,2.33,3.27,3.42,2.35,3.36,3.49,2.28,3.19,3.23,,,,,,,,,,,,,,
DNK,Superliga,2020/2021,14/03/2021,13:00,Vejle,Aalborg,0,2,A,3.05,3.01,2.72,3.07,3.34,2.72,2.89,3,2.61,,,,,,,,,,,,,,
DNK,Superliga,2020/2021,14/03/2021,15:00,Odense,Brondby,0,3,A,2.8,3.33,2.7,3.15,3.48,2.8,2.72,3.21,2.61,,,,,,,,,,,,,,
DNK,Superliga,2020/2021,14/03/2021,17:00,FC Copenhagen,Midtjylland,0,0,D,2.59,3.3,2.95,2.6,3.5,2.95,2.52,3.25,2.79,,,,,,,,,,,,,,
DNK,Superliga,2020/2021,15/03/2021,18:00,Aarhus,Randers FC,1,1,D,2.23,3.39,3.52,2.28,3.62,3.52,2.19,3.27,3.35,,,,,,,,,,,,,,
DNK,Superliga,2020/2021,21/03/2021,16:00,Aalborg,Odense,0,2,A,2.35,3.36,3.28,2.38,3.5,3.38,2.3,3.28,3.11,,,,,,,,,,,,,,
DNK,Superliga,2020/2021,21/03/2021,16:00,Brondby,Aarhus,1,1,D,2.46,3.27,3.18,2.5,3.48,3.18,2.41,3.21,2.97,,,,,,,,,,,,,,
DNK,Superliga,2020/2021,21/03/2021,16:00,Horsens,Lyngby,1,2,A,2.78,3.41,2.67,2.79,3.42,2.71,2.68,3.3,2.59,,,,,,,,,,,,,,
DNK,Superliga,2020/2021,21/03/2021,16:00,Midtjylland,Vejle,5,0,H,1.68,3.73,6.02,1.68,4.12,6.51,1.61,3.74,5.77,,,,,,,,,,,,,,
DNK,Superliga,2020/2021,21/03/2021,16:00,Nordsjaelland,Sonderjyske,2,1,H,2.51,3.65,2.82,2.56,3.87,2.91,2.41,3.53,2.75,,,,,,,,,,,,,,
DNK,Superliga,2020/2021,21/03/2021,16:00,Randers FC,FC Copenhagen,2,1,H,3.89,3.67,2,3.92,3.72,2.03,3.7,3.52,1.96,,,,,,,,,,,,,,
DNK,Superliga,2020/2021,04/04/2021,15:00,Horsens,Odense,1,1,D,3.63,3.37,2.19,3.75,3.51,2.23,3.46,3.29,2.13,,,,,,,,,,,,,,
DNK,Superliga,2020/2021,04/04/2021,17:05,Nordsjaelland,Aarhus,2,0,H,4.43,4.11,1.78,4.5,4.18,2.06,4.17,3.92,1.77,,,,,,,,,,,,,,
DNK,Superliga,2020/2021,05/04/2021,13:00,Aalborg,Sonderjyske,3,2,H,2.21,3.29,3.69,2.26,3.41,3.69,2.17,3.21,3.44,,,,,,,,,,,,,,
DNK,Superliga,2020/2021,05/04/2021,15:00,FC Copenhagen,Randers FC,2,1,H,1.79,3.84,4.71,1.87,3.9,4.71,1.79,3.65,4.34,,,,,,,,,,,,,,
DNK,Superliga,2020/2021,05/04/2021,17:00,Midtjylland,Brondby,1,0,H,1.91,3.45,4.64,1.98,3.61,5.1,1.88,3.36,4.32,,,,,,,,,,,,,,
DNK,Superliga,2020/2021,06/04/2021,17:30,Lyngby,Vejle,0,0,D,2.54,3.28,3.04,2.54,3.36,3.1,2.42,3.2,2.96,,,,,,,,,,,,,,
DNK,Superliga,2020/2021,09/04/2021,17:30,Odense,Vejle,0,1,A,2.26,3.1,3.81,2.29,3.28,3.85,2.21,3.06,3.54,,,,,,,,,,,,,,
DNK,Superliga,2020/2021,11/04/2021,13:00,Randers FC,Nordsjaelland,3,4,A,2.06,3.8,3.58,2.07,3.8,3.61,2.02,3.58,3.49,,,,,,,,,,,,,,
DNK,Superliga,2020/2021,11/04/2021,13:00,Sonderjyske,Horsens,2,3,A,2.25,3.23,3.65,2.25,3.4,3.69,2.17,3.19,3.47,,,,,,,,,,,,,,
DNK,Superliga,2020/2021,11/04/2021,15:00,Brondby,FC Copenhagen,1,3,A,3.26,3.56,2.27,3.36,3.6,2.31,3.13,3.42,2.23,,,,,,,,,,,,,,
DNK,Superliga,2020/2021,11/04/2021,17:00,Aarhus,Midtjylland,1,4,A,4.19,3.58,1.96,4.27,3.58,1.97,4.06,3.47,1.91,,,,,,,,,,,,,,
DNK,Superliga,2020/2021,12/04/2021,18:00,Lyngby,Aalborg,2,2,D,2.93,3.29,2.62,2.95,3.46,2.63,2.79,3.25,2.52,,,,,,,,,,,,,,
DNK,Superliga,2020/2021,16/04/2021,18:00,Vejle,Aalborg,1,1,D,2.8,3.11,2.86,2.8,3.3,2.88,2.69,3.05,2.76,,,,,,,,,,,,,,
DNK,Superliga,2020/2021,18/04/2021,13:00,Horsens,Lyngby,1,3,A,3.11,3.6,2.33,3.24,3.76,2.33,3.08,3.51,2.21,,,,,,,,,,,,,,
DNK,Superliga,2020/2021,18/04/2021,13:00,Odense,Sonderjyske,1,1,D,2.21,3.18,3.83,2.21,3.32,3.88,2.16,3.09,3.63,,,,,,,,,,,,,,
DNK,Superliga,2020/2021,18/04/2021,15:00,FC Copenhagen,Nordsjaelland,2,2,D,1.44,5.09,7,1.49,5.17,7.5,1.44,4.77,6.39,,,,,,,,,,,,,,
DNK,Superliga,2020/2021,18/04/2021,17:00,Brondby,Aarhus,2,2,D,2.27,3.34,3.47,2.28,3.62,3.47,2.19,3.3,3.31,,,,,,,,,,,,,,
DNK,Superliga,2020/2021,19/04/2021,18:00,Randers FC,Midtjylland,0,0,D,5.41,4.26,1.64,5.68,4.26,1.71,5.17,3.95,1.63,,,,,,,,,,,,,,
DNK,Superliga,2020/2021,21/04/2021,17:00,Aalborg,Odense,3,2,H,2.21,3.33,3.62,2.26,3.43,3.8,2.16,3.23,3.44,,,,,,,,,,,,,,
DNK,Superliga,2020/2021,21/04/2021,17:00,Lyngby,Sonderjyske,0,1,A,2.19,3.46,3.53,2.2,3.64,3.66,2.11,3.38,3.39,,,,,,,,,,,,,,
DNK,Superliga,2020/2021,21/04/2021,19:00,Nordsjaelland,Brondby,0,3,A,3.21,3.74,2.23,3.24,3.76,2.28,3.07,3.59,2.18,,,,,,,,,,,,,,
DNK,Superliga,2020/2021,22/04/2021,16:45,Aarhus,Randers FC,2,0,H,2.38,3.34,3.24,2.4,3.54,3.34,2.3,3.28,3.12,,,,,,,,,,,,,,
DNK,Superliga,2020/2021,22/04/2021,17:00,Vejle,Horsens,3,0,H,1.92,3.47,4.54,2.05,3.64,4.69,1.88,3.36,4.28,,,,,,,,,,,,,,
DNK,Superliga,2020/2021,22/04/2021,19:15,Midtjylland,FC Copenhagen,4,1,H,2.28,3.55,3.25,2.28,3.72,3.45,2.18,3.45,3.17,,,,,,,,,,,,,,
DNK,Superliga,2020/2021,25/04/2021,13:00,Horsens,Aalborg,1,0,H,3.74,3.63,2.06,3.99,3.67,2.08,3.68,3.5,1.98,,,,,,,,,,,,,,
DNK,Superliga,2020/2021,25/04/2021,13:00,Sonderjyske,Vejle,1,0,H,2.49,3.06,3.34,2.63,3.1,3.41,2.44,2.98,3.17,,,,,,,,,,,,,,
DNK,Superliga,2020/2021,25/04/2021,15:00,Brondby,Randers FC,2,0,H,1.66,4.29,5.11,1.71,4.29,5.5,1.63,4.07,5.01,,,,,,,,,,,,,,
DNK,Superliga,2020/2021,25/04/2021,17:00,Odense,Lyngby,2,0,H,2.19,3.61,3.41,2.46,3.65,3.47,2.19,3.48,3.17,,,,,,,,,,,,,,
DNK,Superliga,2020/2021,25/04/2021,19:00,Aarhus,FC Copenhagen,1,2,A,2.91,3.31,2.62,2.95,3.57,2.62,2.82,3.3,2.48,,,,,,,,,,,,,,
DNK,Superliga,2020/2021,26/04/2021,18:00,Nordsjaelland,Midtjylland,3,2,H,6.5,4.36,1.54,6.5,4.6,1.56,5.91,4.29,1.52,,,,,,,,,,,,,,
DNK,Superliga,2020/2021,30/04/2021,15:00,Horsens,Vejle,3,3,D,3.88,3.33,2.13,3.9,3.42,2.18,3.68,3.22,2.1,,,,,,,,,,,,,,
DNK,Superliga,2020/2021,30/04/2021,17:05,Aalborg,Lyngby,4,0,H,1.89,4,3.98,1.93,4,4.21,1.84,3.85,3.9,,,,,,,,,,,,,,
DNK,Superliga,2020/2021,02/05/2021,13:00,Sonderjyske,Odense,2,0,H,2.85,3.28,2.69,2.89,3.42,2.71,2.74,3.23,2.6,,,,,,,,,,,,,,
DNK,Superliga,2020/2021,02/05/2021,15:00,Randers FC,Brondby,4,2,H,3.12,3.57,2.34,3.2,3.61,2.34,3.07,3.46,2.26,,,,,,,,,,,,,,
DNK,Superliga,2020/2021,02/05/2021,17:00,Midtjylland,Nordsjaelland,3,0,H,1.26,6.56,10.62,1.28,7,12,1.25,6.34,10.23,,,,,,,,,,,,,,
DNK,Superliga,2020/2021,03/05/2021,18:00,FC Copenhagen,Aarhus,3,2,H,2.09,3.56,3.7,2.12,3.66,3.87,2.02,3.51,3.6,,,,,,,,,,,,,,
DNK,Superliga,2020/2021,07/05/2021,18:00,Odense,Aalborg,1,0,H,2.82,3.56,2.55,2.82,3.6,2.6,2.69,3.44,2.51,,,,,,,,,,,,,,
DNK,Superliga,2020/2021,09/05/2021,13:00,Lyngby,Horsens,3,4,A,1.76,4.09,4.57,1.8,4.2,4.8,1.72,3.98,4.38,,,,,,,,,,,,,,
DNK,Superliga,2020/2021,09/05/2021,13:00,Vejle,Sonderjyske,4,2,H,2.12,3.23,4.06,2.2,3.6,4.8,2.06,3.22,3.83,,,,,,,,,,,,,,
DNK,Superliga,2020/2021,09/05/2021,15:00,Randers FC,Aarhus,0,1,A,3.38,3.36,2.3,3.75,3.6,2.3,3.39,3.34,2.16,,,,,,,,,,,,,,
DNK,Superliga,2020/2021,09/05/2021,17:00,Brondby,Midtjylland,3,1,H,3.14,3.68,2.28,3.2,3.68,2.35,3.01,3.54,2.25,,,,,,,,,,,,,,
DNK,Superliga,2020/2021,10/05/2021,18:00,Nordsjaelland,FC Copenhagen,2,2,D,4.82,4.55,1.65,4.9,4.56,1.72,4.5,4.27,1.66,,,,,,,,,,,,,,
DNK,Superliga,2020/2021,14/05/2021,18:00,Vejle,Odense,2,2,D,2.57,3.47,2.78,2.6,3.65,2.85,2.51,3.43,2.71,,,,,,,,,,,,,,
DNK,Superliga,2020/2021,16/05/2021,12:00,Midtjylland,Randers FC,1,1,D,1.24,6.43,12.86,1.29,6.5,13.2,1.24,6.08,11.64,,,,,,,,,,,,,,
DNK,Superliga,2020/2021,16/05/2021,13:00,Aalborg,Horsens,1,1,D,1.45,4.85,7.17,1.51,4.85,7.5,1.46,4.57,6.46,,,,,,,,,,,,,,
DNK,Superliga,2020/2021,16/05/2021,15:00,FC Copenhagen,Brondby,2,1,H,1.91,3.95,3.86,2.1,3.95,3.94,1.94,3.78,3.6,,,,,,,,,,,,,,
DNK,Superliga,2020/2021,16/05/2021,17:00,Aarhus,Nordsjaelland,3,1,H,1.58,4.53,5.46,1.62,4.6,6.58,1.56,4.27,5.58,,,,,,,,,,,,,,
DNK,Superliga,2020/2021,17/05/2021,18:00,Sonderjyske,Lyngby,2,0,H,1.75,4.3,4.33,1.89,4.34,4.6,1.74,4.12,4.17,,,,,,,,,,,,,,
DNK,Superliga,2020/2021,19/05/2021,17:00,Aalborg,Vejle,2,1,H,1.86,3.85,4.19,1.86,4,4.33,1.82,3.75,4.12,,,,,,,,,,,,,,
DNK,Superliga,2020/2021,19/05/2021,17:00,Nordsjaelland,Randers FC,2,1,H,2.3,3.91,2.89,2.3,3.95,2.97,2.24,3.79,2.86,,,,,,,,,,,,,,
DNK,Superliga,2020/2021,19/05/2021,19:00,FC Copenhagen,Midtjylland,4,2,H,2.42,3.62,2.88,2.49,3.91,2.97,2.35,3.58,2.82,,,,,,,,,,,,,,
DNK,Superliga,2020/2021,20/05/2021,17:00,Horsens,Sonderjyske,1,2,A,3.69,3.82,1.98,3.78,3.9,2.15,3.57,3.72,1.96,,,,,,,,,,,,,,
DNK,Superliga,2020/2021,20/05/2021,17:00,Lyngby,Odense,1,2,A,2.62,3.64,2.63,2.73,3.78,2.66,2.58,3.6,2.53,,,,,,,,,,,,,,
DNK,Superliga,2020/2021,20/05/2021,19:00,Aarhus,Brondby,1,2,A,2.66,3.74,2.54,2.92,3.87,2.61,2.73,3.6,2.41,,,,,,,,,,,,,,
DNK,Superliga,2020/2021,24/05/2021,13:00,Odense,Horsens,4,0,H,1.6,4.28,5.79,1.62,4.68,6.3,1.58,4.12,5.5,,,,,,,,,,,,,,
DNK,Superliga,2020/2021,24/05/2021,13:00,Sonderjyske,Aalborg,0,4,A,3.3,3.61,2.23,3.33,3.62,2.41,3.13,3.45,2.22,,,,,,,,,,,,,,
DNK,Superliga,2020/2021,24/05/2021,13:00,Vejle,Lyngby,2,2,D,2.25,3.9,3.06,2.4,4.05,3.1,2.22,3.7,2.97,,,,,,,,,,,,,,
DNK,Superliga,2020/2021,24/05/2021,16:00,Brondby,Nordsjaelland,2,0,H,1.4,5.66,7.17,1.46,5.75,7.5,1.4,5.21,6.69,,,,,,,,,,,,,,
DNK,Superliga,2020/2021,24/05/2021,16:00,Midtjylland,Aarhus,4,0,H,1.26,6.37,11.69,1.28,7.1,13.01,1.25,6.12,10.63,,,,,,,,,,,,,,
DNK,Superliga,2020/2021,24/05/2021,16:00,Randers FC,FC Copenhagen,2,1,H,4.92,4.67,1.63,5.25,4.72,1.65,4.8,4.45,1.6,,,,,,,,,,,,,,
DNK,Superliga,2020/2021,28/05/2021,18:00,Aarhus,Aalborg,1,1,D,2.33,3.25,3.43,2.34,3.5,4,2.23,3.2,3.37,,,,,,,,,,,,,,
DNK,Superliga,2021/2022,16/07/2021,18:00,Midtjylland,Odense,1,2,A,1.74,3.91,5,1.79,3.95,5,1.72,3.79,4.64,,,,,,,,,,,,,,
DNK,Superliga,2021/2022,18/07/2021,13:00,Nordsjaelland,Viborg,1,2,A,2.98,3.77,2.34,3.03,3.8,2.44,2.85,3.64,2.29,,,,,,,,,,,,,,
DNK,Superliga,2021/2022,18/07/2021,13:00,Vejle,Randers FC,0,2,A,3.34,3.48,2.27,3.4,3.6,2.27,3.22,3.42,2.18,,,,,,,,,,,,,,
DNK,Superliga,2021/2022,18/07/2021,15:00,FC Copenhagen,Aalborg,2,2,D,1.75,4.06,4.74,1.81,4.06,4.81,1.73,3.9,4.43,,,,,,,,,,,,,,
DNK,Superliga,2021/2022,18/07/2021,18:00,Aarhus,Brondby,1,1,D,2.49,3.38,3.04,2.51,3.5,3.09,2.42,3.28,2.93,,,,,,,,,,,,,,
DNK,Superliga,2021/2022,19/07/2021,18:00,Silkeborg,Sonderjyske,0,0,D,2.18,3.54,3.5,2.28,3.64,3.6,2.1,3.45,3.38,,,,,,,,,,,,,,
DNK,Superliga,2021/2022,24/07/2021,17:00,Aalborg,Midtjylland,0,1,A,2.92,3.53,2.49,3,3.58,2.85,2.82,3.46,2.41,,,,,,,,,,,,,,
DNK,Superliga,2021/2022,25/07/2021,13:00,Nordsjaelland,Aarhus,0,0,D,2.72,3.57,2.64,2.87,4.03,2.7,2.66,3.52,2.51,,,,,,,,,,,,,,
DNK,Superliga,2021/2022,25/07/2021,13:00,Randers FC,Odense,1,1,D,2.1,3.53,3.73,2.36,3.6,3.8,2.07,3.45,3.53,,,,,,,,,,,,,,
DNK,Superliga,2021/2022,25/07/2021,15:00,FC Copenhagen,Silkeborg,0,0,D,1.57,4.42,5.89,1.57,4.75,6.5,1.53,4.35,5.78,,,,,,,,,,,,,,
DNK,Superliga,2021/2022,25/07/2021,17:00,Brondby,Viborg,1,1,D,2.11,3.61,3.62,2.14,3.72,4.33,2.04,3.49,3.53,,,,,,,,,,,,,,
DNK,Superliga,2021/2022,26/07/2021,18:00,Sonderjyske,Vejle,1,0,H,2.47,3.4,3.05,2.47,3.44,3.1,2.41,3.28,2.94,,,,,,,,,,,,,,
DNK,Superliga,2021/2022,31/07/2021,15:00,Viborg,Midtjylland,0,2,A,3.32,3.57,2.24,3.32,3.66,2.31,3.15,3.48,2.2,,,,,,,,,,,,,,
DNK,Superliga,2021/2022,01/08/2021,13:00,Aarhus,Randers FC,1,2,A,3.02,3.41,2.48,3.02,3.42,2.6,2.87,3.27,2.46,,,,,,,,,,,,,,
DNK,Superliga,2021/2022,01/08/2021,13:00,Silkeborg,Aalborg,0,0,D,2.45,3.66,2.89,2.54,3.68,2.93,2.44,3.43,2.79,,,,,,,,,,,,,,
DNK,Superliga,2021/2022,01/08/2021,15:00,Vejle,Brondby,2,2,D,2.99,3.55,2.43,3.05,3.58,2.47,2.89,3.42,2.37,,,,,,,,,,,,,,
DNK,Superliga,2021/2022,01/08/2021,17:00,Odense,FC Copenhagen,0,2,A,2.84,3.56,2.54,2.9,3.65,2.54,2.79,3.43,2.44,,,,,,,,,,,,,,
DNK,Superliga,2021/2022,02/08/2021,18:00,Sonderjyske,Nordsjaelland,0,2,A,2.33,3.48,3.22,2.38,3.53,3.22,2.3,3.34,3.07,,,,,,,,,,,,,,
DNK,Superliga,2021/2022,06/08/2021,17:30,Silkeborg,Viborg,4,1,H,2.31,3.68,3.09,2.38,3.69,3.2,2.28,3.5,2.97,,,,,,,,,,,,,,
DNK,Superliga,2021/2022,06/08/2021,19:30,Midtjylland,Vejle,4,1,H,1.58,4.47,5.22,1.65,4.47,5.61,1.59,4.2,5.12,,,,,,,,,,,,,,
DNK,Superliga,2021/2022,08/08/2021,13:00,Randers FC,Sonderjyske,1,0,H,1.74,3.87,5.06,1.77,4,5.2,1.72,3.76,4.78,,,,,,,,,,,,,,
DNK,Superliga,2021/2022,08/08/2021,15:00,FC Copenhagen,Brondby,4,2,H,1.74,4.06,4.81,1.8,4.2,4.84,1.72,3.93,4.46,,,,,,,,,,,,,,
DNK,Superliga,2021/2022,08/08/2021,17:00,Aalborg,Aarhus,2,0,H,2.31,3.49,3.24,2.35,3.5,3.3,2.25,3.34,3.17,,,,,,,,,,,,,,
DNK,Superliga,2021/2022,09/08/2021,18:00,Nordsjaelland,Odense,3,1,H,2.67,3.58,2.63,2.71,3.65,2.61,2.59,3.48,2.54,,,,,,,,,,,,,,
DNK,Superliga,2021/2022,13/08/2021,16:30,Sonderjyske,Midtjylland,0,2,A,6.04,4.17,1.6,6.05,4.23,1.65,5.73,4.03,1.57,,,,,,,,,,,,,,
DNK,Superliga,2021/2022,13/08/2021,18:15,Viborg,Randers FC,1,2,A,2.69,3.41,2.76,3.2,3.54,2.79,2.74,3.36,2.53,,,,,,,,,,,,,,
DNK,Superliga,2021/2022,13/08/2021,20:00,Brondby,Nordsjaelland,0,1,A,2.18,3.87,3.21,2.4,4,3.24,2.17,3.7,3.04,,,,,,,,,,,,,,
DNK,Superliga,2021/2022,15/08/2021,15:00,Odense,Silkeborg,1,1,D,1.92,3.79,4.09,2.02,3.79,4.09,1.93,3.61,3.77,,,,,,,,,,,,,,
DNK,Superliga,2021/2022,15/08/2021,17:00,Aarhus,FC Copenhagen,1,3,A,3.3,3.44,2.3,3.51,3.58,2.31,3.18,3.37,2.21,,,,,,,,,,,,,,
DNK,Superliga,2021/2022,16/08/2021,18:00,Vejle,Aalborg,0,1,A,3.23,3.71,2.22,3.5,3.71,2.25,3.14,3.53,2.16,,,,,,,,,,,,,,
DNK,Superliga,2021/2022,20/08/2021,18:00,Midtjylland,Silkeborg,3,0,H,1.56,4.37,6.15,1.6,4.66,6.75,1.54,4.29,5.72,,,,,,,,,,,,,,
DNK,Superliga,2021/2022,21/08/2021,17:00,Odense,Brondby,2,2,D,2.31,3.53,3.21,2.35,3.55,3.25,2.24,3.44,3.09,,,,,,,,,,,,,,
DNK,Superliga,2021/2022,22/08/2021,13:00,Randers FC,Aalborg,1,1,D,2.47,3.5,2.97,2.47,3.55,3.1,2.35,3.41,2.94,,,,,,,,,,,,,,
DNK,Superliga,2021/2022,22/08/2021,15:00,FC Copenhagen,Sonderjyske,2,0,H,1.3,5.82,10.73,1.34,6,11,1.3,5.54,9.48,,,,,,,,,,,,,,
DNK,Superliga,2021/2022,22/08/2021,17:00,Viborg,Aarhus,2,0,H,2.58,3.46,2.85,2.58,3.46,2.95,2.46,3.32,2.83,,,,,,,,,,,,,,
DNK,Superliga,2021/2022,23/08/2021,18:00,Nordsjaelland,Vejle,3,1,H,1.68,4.22,5.05,1.76,4.22,5.08,1.69,3.93,4.64,,,,,,,,,,,,,,
DNK,Superliga,2021/2022,27/08/2021,18:00,Aalborg,Nordsjaelland,2,1,H,2.05,3.76,3.63,2.15,3.76,3.63,2.09,3.52,3.37,,,,,,,,,,,,,,
DNK,Superliga,2021/2022,29/08/2021,13:00,Silkeborg,Randers FC,2,1,H,2.34,3.73,3.01,2.45,3.8,3.1,2.32,3.58,2.87,,,,,,,,,,,,,,
DNK,Superliga,2021/2022,29/08/2021,13:00,Sonderjyske,Viborg,2,2,D,3.56,3.79,2.07,3.75,3.84,2.1,3.45,3.67,2.02,,,,,,,,,,,,,,
DNK,Superliga,2021/2022,29/08/2021,15:00,Vejle,FC Copenhagen,0,4,A,6.61,4.53,1.52,6.9,4.7,1.52,6.21,4.47,1.48,,,,,,,,,,,,,,
DNK,Superliga,2021/2022,29/08/2021,17:00,Aarhus,Odense,2,2,D,2.32,3.59,3.15,2.43,3.6,3.22,2.31,3.43,2.99,,,,,,,,,,,,,,
DNK,Superliga,2021/2022,29/08/2021,19:00,Brondby,Midtjylland,2,0,H,3.15,3.66,2.29,3.32,3.66,2.36,3.09,3.49,2.23,,,,,,,,,,,,,,
DNK,Superliga,2021/2022,10/09/2021,17:00,Midtjylland,Nordsjaelland,2,0,H,1.5,4.88,6.23,1.61,5.15,7.1,1.47,4.74,6.11,,,,,,,,,,,,,,
DNK,Superliga,2021/2022,10/09/2021,19:00,Brondby,Silkeborg,1,1,D,1.93,3.8,4.03,1.96,4.01,4.4,1.87,3.71,3.87,,,,,,,,,,,,,,
DNK,Superliga,2021/2022,12/09/2021,13:00,Viborg,Aalborg,2,3,A,2.27,3.72,3.15,2.32,3.75,3.25,2.22,3.59,3.03,,,,,,,,,,,,,,
DNK,Superliga,2021/2022,12/09/2021,15:00,Randers FC,FC Copenhagen,0,2,A,4.2,3.87,1.88,4.5,3.9,1.92,3.94,3.73,1.86,,,,,,,,,,,,,,
DNK,Superliga,2021/2022,12/09/2021,17:00,Aarhus,Vejle,1,0,H,1.61,4,6.26,1.61,4.2,6.5,1.57,3.93,5.94,,,,,,,,,,,,,,
DNK,Superliga,2021/2022,13/09/2021,18:00,Odense,Sonderjyske,2,1,H,1.79,3.98,4.54,1.83,4.24,4.75,1.75,3.89,4.34,,,,,,,,,,,,,,
DNK,Superliga,2021/2022,17/09/2021,18:00,Aalborg,Odense,2,0,H,2.01,3.67,3.86,2.08,3.73,3.86,1.98,3.54,3.65,,,,,,,,,,,,,,
DNK,Superliga,2021/2022,19/09/2021,13:00,Randers FC,Nordsjaelland,3,2,H,2.45,3.53,2.97,2.55,3.65,3.13,2.39,3.45,2.85,,,,,,,,,,,,,,
DNK,Superliga,2021/2022,19/09/2021,13:00,Vejle,Viborg,1,1,D,4.31,4.13,1.8,4.31,4.13,2.09,4.1,3.92,1.79,,,,,,,,,,,,,,
DNK,Superliga,2021/2022,19/09/2021,15:00,Sonderjyske,Brondby,1,0,H,3.67,3.69,2.06,3.69,3.8,2.09,3.53,3.58,2.01,,,,,,,,,,,,,,
DNK,Superliga,2021/2022,19/09/2021,17:00,FC Copenhagen,Midtjylland,0,1,A,1.99,3.63,3.97,2.03,3.78,4.1,1.95,3.55,3.82,,,,,,,,,,,,,,
DNK,Superliga,2021/2022,20/09/2021,18:00,Silkeborg,Aarhus,0,2,A,2.44,3.67,2.9,2.5,3.75,2.94,2.39,3.57,2.78,,,,,,,,,,,,,,
DNK,Superliga,2021/2022,26/09/2021,13:00,Midtjylland,Randers FC,1,0,H,1.65,4.06,5.64,1.66,4.2,5.68,1.63,3.93,5.27,,,,,,,,,,,,,,
DNK,Superliga,2021/2022,26/09/2021,13:00,Viborg,Odense,1,1,D,2.19,3.87,3.2,2.19,3.93,3.4,2.12,3.69,3.17,,,,,,,,,,,,,,
DNK,Superliga,2021/2022,26/09/2021,15:00,Nordsjaelland,FC Copenhagen,1,5,A,4.76,4.1,1.74,4.84,4.1,1.86,4.4,3.9,1.75,,,,,,,,,,,,,,
DNK,Superliga,2021/2022,26/09/2021,17:00,Brondby,Aalborg,2,1,H,2.22,3.58,3.37,2.3,3.67,3.43,2.2,3.45,3.19,,,,,,,,,,,,,,
DNK,Superliga,2021/2022,26/09/2021,19:00,Vejle,Silkeborg,2,4,A,3.27,3.55,2.27,3.35,3.67,2.28,3.14,3.45,2.22,,,,,,,,,,,,,,
DNK,Superliga,2021/2022,27/09/2021,18:00,Aarhus,Sonderjyske,1,0,H,1.75,3.77,5.17,1.79,3.9,5.5,1.71,3.74,4.9,,,,,,,,,,,,,,
DNK,Superliga,2021/2022,01/10/2021,18:00,Odense,Vejle,6,0,H,1.65,4.2,5.43,1.68,4.21,5.44,1.63,4.03,5.07,,,,,,,,,,,,,,
DNK,Superliga,2021/2022,03/10/2021,13:00,Aalborg,Sonderjyske,4,0,H,1.64,4.16,5.59,1.66,4.2,5.75,1.61,4.03,5.35,,,,,,,,,,,,,,
DNK,Superliga,2021/2022,03/10/2021,13:00,Silkeborg,Nordsjaelland,4,1,H,1.81,4.44,3.95,1.9,4.5,4.2,1.77,4.22,3.89,,,,,,,,,,,,,,
DNK,Superliga,2021/2022,03/10/2021,15:00,Midtjylland,Aarhus,4,0,H,1.83,3.6,4.85,1.84,3.75,5,1.79,3.53,4.58,,,,,,,,,,,,,,
DNK,Superliga,2021/2022,03/10/2021,17:00,Randers FC,Brondby,1,1,D,2.5,3.47,2.95,2.51,3.7,3.2,2.37,3.45,2.89,,,,,,,,,,,,,,
DNK,Superliga,2021/2022,03/10/2021,19:00,FC Copenhagen,Viborg,1,1,D,1.41,5.25,7.55,1.42,5.25,8.25,1.39,5.03,7.12,,,,,,,,,,,,,,
DNK,Superliga,2021/2022,15/10/2021,18:00,Viborg,Silkeborg,1,1,D,2.16,3.73,3.38,2.23,3.83,3.42,2.13,3.59,3.18,,,,,,,,,,,,,,
DNK,Superliga,2021/2022,17/10/2021,12:00,Nordsjaelland,Midtjylland,2,2,D,4.98,4.27,1.68,5.8,4.33,1.7,4.89,4.11,1.64,,,,,,,,,,,,,,
DNK,Superliga,2021/2022,17/10/2021,13:00,Odense,Randers FC,1,2,A,2.52,3.53,2.88,2.53,3.62,3.05,2.42,3.37,2.84,,,,,,,,,,,,,,
DNK,Superliga,2021/2022,17/10/2021,15:00,Brondby,Vejle,3,2,H,1.45,4.85,7.35,1.49,4.9,7.5,1.45,4.56,6.5,,,,,,,,,,,,,,
DNK,Superliga,2021/2022,17/10/2021,17:00,Sonderjyske,FC Copenhagen,1,1,D,6.33,4.29,1.56,6.33,4.4,1.59,5.77,4.18,1.54,,,,,,,,,,,,,,
DNK,Superliga,2021/2022,18/10/2021,18:00,Aarhus,Aalborg,1,0,H,2.63,3.39,2.83,2.7,3.5,3,2.55,3.31,2.71,,,,,,,,,,,,,,
DNK,Superliga,2021/2022,22/10/2021,18:00,Vejle,Nordsjaelland,2,0,H,2.72,3.96,2.45,2.85,3.97,2.5,2.67,3.74,2.38,,,,,,,,,,,,,,
DNK,Superliga,2021/2022,24/10/2021,13:00,Brondby,FC Copenhagen,2,1,H,3.17,3.55,2.32,3.42,3.6,2.36,3.1,3.4,2.26,,,,,,,,,,,,,,
DNK,Superliga,2021/2022,24/10/2021,13:00,Silkeborg,Odense,1,1,D,2.18,3.79,3.26,2.28,3.9,3.55,2.16,3.61,3.11,,,,,,,,,,,,,,
DNK,Superliga,2021/2022,24/10/2021,15:00,Randers FC,Aarhus,1,0,H,2.47,3.36,3.07,2.51,3.5,3.22,2.39,3.24,2.98,,,,,,,,,,,,,,
DNK,Superliga,2021/2022,24/10/2021,17:00,Midtjylland,Sonderjyske,3,2,H,1.41,4.86,8.45,1.43,4.94,10,1.4,4.67,7.56,,,,,,,,,,,,,,
DNK,Superliga,2021/2022,25/10/2021,18:00,Aalborg,Viborg,2,5,A,1.92,3.83,4.07,1.94,3.95,4.33,1.86,3.74,3.86,,,,,,,,,,,,,,
DNK,Superliga,2021/2022,31/10/2021,13:00,Nordsjaelland,Aalborg,0,2,A,2.8,3.77,2.47,3,3.8,2.47,2.77,3.62,2.36,,,,,,,,,,,,,,
DNK,Superliga,2021/2022,31/10/2021,13:00,Randers FC,Midtjylland,1,3,A,3.13,3.47,2.38,3.55,3.55,2.43,3.11,3.35,2.29,,,,,,,,,,,,,,
DNK,Superliga,2021/2022,31/10/2021,15:00,FC Copenhagen,Vejle,3,0,H,1.34,5.29,10.41,1.37,5.85,12,1.33,5.13,8.93,,,,,,,,,,,,,,
DNK,Superliga,2021/2022,31/10/2021,17:00,Viborg,Brondby,0,1,A,2.68,3.72,2.59,2.95,3.73,2.6,2.65,3.5,2.5,,,,,,,,,,,,,,
DNK,Superliga,2021/2022,31/10/2021,19:00,Sonderjyske,Silkeborg,0,6,A,3.14,3.61,2.31,3.2,3.7,2.42,3.04,3.51,2.23,,,,,,,,,,,,,,
DNK,Superliga,2021/2022,01/11/2021,18:00,Odense,Aarhus,0,0,D,2.41,3.44,3.1,2.41,3.54,3.12,2.32,3.34,3,,,,,,,,,,,,,,
DNK,Superliga,2021/2022,05/11/2021,18:00,Viborg,Nordsjaelland,2,2,D,1.71,4.5,4.47,1.95,4.5,4.47,1.73,4.15,4.15,,,,,,,,,,,,,,
DNK,Superliga,2021/2022,07/11/2021,13:00,Aalborg,Randers FC,1,1,D,2.4,3.46,3.11,2.48,3.54,3.11,2.34,3.37,2.96,,,,,,,,,,,,,,
DNK,Superliga,2021/2022,07/11/2021,13:00,Vejle,Sonderjyske,3,1,H,2.5,3.38,3.02,2.58,3.54,3.07,2.41,3.34,2.91,,,,,,,,,,,,,,
DNK,Superliga,2021/2022,07/11/2021,15:00,Aarhus,Midtjylland,3,0,H,3.57,3.47,2.17,3.9,3.65,2.23,3.41,3.33,2.13,,,,,,,,,,,,,,
DNK,Superliga,2021/2022,07/11/2021,17:00,Brondby,Odense,2,1,H,2.07,3.6,3.73,2.2,3.71,3.77,2.06,3.47,3.48,,,,,,,,,,,,,,
DNK,Superliga,2021/2022,07/11/2021,19:00,Silkeborg,FC Copenhagen,0,0,D,3.06,3.52,2.39,3.25,3.76,2.42,2.99,3.48,2.3,,,,,,,,,,,,,,
DNK,Superliga,2021/2022,19/11/2021,18:00,Odense,Viborg,2,3,A,2.12,3.84,3.37,2.18,3.84,3.5,2.1,3.65,3.21,,,,,,,,,,,,,,
DNK,Superliga,2021/2022,21/11/2021,13:00,Nordsjaelland,Silkeborg,1,1,D,3.05,3.76,2.3,3.1,3.87,2.35,2.91,3.68,2.25,,,,,,,,,,,,,,
DNK,Superliga,2021/2022,21/11/2021,13:00,Randers FC,Vejle,4,1,H,1.56,4.1,6.52,1.59,4.7,6.53,1.54,4.14,5.95,,,,,,,,,,,,,,
DNK,Superliga,2021/2022,21/11/2021,15:00,FC Copenhagen,Aarhus,1,1,D,1.89,3.59,4.48,1.94,3.75,4.6,1.87,3.48,4.21,,,,,,,,,,,,,,
DNK,Superliga,2021/2022,21/11/2021,17:00,Midtjylland,Brondby,1,2,A,1.85,3.72,4.52,1.92,3.8,4.65,1.83,3.61,4.27,,,,,,,,,,,,,,
DNK,Superliga,2021/2022,22/11/2021,18:00,Sonderjyske,Aalborg,1,3,A,3.39,3.23,2.36,3.55,3.47,2.36,3.25,3.21,2.26,,,,,,,,,,,,,,
DNK,Superliga,2021/2022,26/11/2021,18:00,Aarhus,Silkeborg,1,1,D,2.66,3.4,2.8,2.82,3.45,2.95,2.65,3.26,2.66,,,,,,,,,,,,,,
DNK,Superliga,2021/2022,28/11/2021,13:00,Odense,Nordsjaelland,2,0,H,2.01,3.9,3.65,2.05,3.94,3.65,1.98,3.75,3.46,,,,,,,,,,,,,,
DNK,Superliga,2021/2022,28/11/2021,13:00,Viborg,Sonderjyske,1,1,D,1.76,3.98,4.72,1.8,4.2,4.9,1.72,3.89,4.53,,,,,,,,,,,,,,
DNK,Superliga,2021/2022,28/11/2021,15:00,Brondby,Randers FC,1,0,H,2.14,3.49,3.66,2.2,3.7,3.68,2.1,3.44,3.43,,,,,,,,,,,,,,
DNK,Superliga,2021/2022,28/11/2021,17:00,Aalborg,FC Copenhagen,1,3,A,2.98,3.35,2.54,3.08,3.41,2.66,2.86,3.26,2.48,,,,,,,,,,,,,,
DNK,Superliga,2021/2022,29/11/2021,18:00,Vejle,Midtjylland,1,1,D,7.39,4.37,1.5,7.6,4.55,1.51,6.94,4.28,1.46,,,,,,,,,,,,,,
DNK,Superliga,2021/2022,18/02/2022,18:00,Sonderjyske,Aarhus,2,3,A,3.49,3.24,2.31,3.49,3.34,2.42,3.36,3.15,2.26,,,,,,,,,,,,,,
DNK,Superliga,2021/2022,20/02/2022,13:00,Midtjylland,Aalborg,0,2,A,1.72,3.81,5.37,1.72,4.2,5.7,1.67,3.78,5.14,,,,,,,,,,,,,,
DNK,Superliga,2021/2022,20/02/2022,13:00,Silkeborg,Vejle,3,0,H,1.41,5.25,7.66,1.45,5.5,8.5,1.38,5.01,7.26,,,,,,,,,,,,,,
DNK,Superliga,2021/2022,20/02/2022,15:00,Nordsjaelland,Brondby,0,2,A,2.85,3.44,2.6,2.93,3.68,2.6,2.76,3.35,2.51,,,,,,,,,,,,,,
DNK,Superliga,2021/2022,20/02/2022,17:00,FC Copenhagen,Odense,2,0,H,1.59,4.32,5.89,1.65,4.62,6.45,1.58,4.16,5.4,,,,,,,,,,,,,,
DNK,Superliga,2021/2022,21/02/2022,18:00,Randers FC,Viborg,0,1,A,2.2,3.55,3.42,2.21,3.75,3.8,2.09,3.5,3.38,,,,,,,,,,,,,,
DNK,Superliga,2021/2022,25/02/2022,18:00,Vejle,Aarhus,3,2,H,4.47,3.72,1.86,4.65,3.9,1.92,4.26,3.66,1.82,,,,,,,,,,,,,,
DNK,Superliga,2021/2022,27/02/2022,13:00,Aalborg,Silkeborg,1,4,A,2.79,3.5,2.61,2.79,3.58,2.9,2.61,3.39,2.64,,,,,,,,,,,,,,
DNK,Superliga,2021/2022,27/02/2022,13:00,Nordsjaelland,Randers FC,0,0,D,2.58,3.71,2.7,2.65,3.77,2.7,2.55,3.54,2.61,,,,,,,,,,,,,,
DNK,Superliga,2021/2022,27/02/2022,15:00,Viborg,FC Copenhagen,0,2,A,3.07,3.43,2.44,3.56,3.57,2.48,2.96,3.33,2.38,,,,,,,,,,,,,,
DNK,Superliga,2021/2022,27/02/2022,17:00,Odense,Midtjylland,2,2,D,3.16,3.41,2.4,3.17,3.56,2.4,3.04,3.39,2.29,,,,,,,,,,,,,,
DNK,Superliga,2021/2022,28/02/2022,18:00,Brondby,Sonderjyske,1,0,H,1.64,4.03,5.79,1.71,4.05,5.81,1.63,3.84,5.41,,,,,,,,,,,,,,
DNK,Superliga,2021/2022,04/03/2022,17:00,Midtjylland,Viborg,3,1,H,1.89,3.61,4.46,1.89,3.82,4.75,1.81,3.62,4.36,,,,,,,,,,,,,,
DNK,Superliga,2021/2022,04/03/2022,19:00,FC Copenhagen,Randers FC,3,0,H,1.74,3.93,5.03,1.76,3.98,5.45,1.7,3.82,4.84,,,,,,,,,,,,,,
DNK,Superliga,2021/2022,06/03/2022,13:00,Sonderjyske,Odense,2,2,D,3.23,3.42,2.35,3.23,3.57,2.45,3.04,3.38,2.3,,,,,,,,,,,,,,
DNK,Superliga,2021/2022,06/03/2022,15:00,Aalborg,Vejle,0,0,D,1.66,3.91,5.83,1.7,4.1,6,1.63,3.86,5.36,,,,,,,,,,,,,,
DNK,Superliga,2021/2022,06/03/2022,17:00,Silkeborg,Brondby,0,1,A,1.95,3.64,4.11,2.05,3.69,4.25,1.94,3.47,3.89,,,,,,,,,,,,,,
DNK,Superliga,2021/2022,07/03/2022,18:00,Aarhus,Nordsjaelland,2,3,A,2.14,3.48,3.65,2.16,3.67,3.65,2.09,3.46,3.43,,,,,,,,,,,,,,
DNK,Superliga,2021/2022,11/03/2022,18:00,Nordsjaelland,Sonderjyske,1,1,D,1.97,3.63,4.11,2.01,3.8,4.2,1.93,3.56,3.86,,,,,,,,,,,,,,
DNK,Superliga,2021/2022,13/03/2022,13:00,Randers FC,Silkeborg,2,1,H,3.19,3.66,2.27,3.19,3.66,2.35,3.01,3.51,2.25,,,,,,,,,,,,,,
DNK,Superliga,2021/2022,13/03/2022,13:00,Viborg,Vejle,2,0,H,1.65,4.06,5.63,1.67,4.25,5.63,1.63,3.9,5.24,,,,,,,,,,,,,,
DNK,Superliga,2021/2022,13/03/2022,15:00,Brondby,Aarhus,1,1,D,2.1,3.32,3.99,2.2,3.36,4.15,2.07,3.21,3.77,,,,,,,,,,,,,,
DNK,Superliga,2021/2022,13/03/2022,17:00,Midtjylland,FC Copenhagen,0,1,A,2.31,3.36,3.38,2.38,3.45,3.5,2.25,3.28,3.25,,,,,,,,,,,,,,
DNK,Superliga,2021/2022,14/03/2022,18:00,Odense,Aalborg,2,3,A,2.47,3.5,2.95,2.47,3.6,3.1,2.38,3.36,2.92,,,,,,,,,,,,,,
DNK,Superliga,2021/2022,20/03/2022,13:30,Aalborg,Brondby,3,0,H,2.91,3.23,2.67,2.97,3.56,2.7,2.79,3.21,2.58,,,,,,,,,,,,,,
DNK,Superliga,2021/2022,20/03/2022,13:30,Aarhus,Viborg,1,1,D,2.66,3.31,2.86,2.8,3.43,2.86,2.63,3.21,2.72,,,,,,,,,,,,,,
DNK,Superliga,2021/2022,20/03/2022,13:30,FC Copenhagen,Nordsjaelland,1,0,H,1.44,4.89,7.49,1.52,5.1,8.4,1.42,4.77,6.98,,,,,,,,,,,,,,
DNK,Superliga,2021/2022,20/03/2022,13:30,Silkeborg,Midtjylland,0,1,A,2.77,3.52,2.62,2.85,3.64,2.62,2.72,3.39,2.51,,,,,,,,,,,,,,
DNK,Superliga,2021/2022,20/03/2022,13:30,Sonderjyske,Randers FC,1,1,D,3.24,3.48,2.28,3.35,3.55,2.35,3.15,3.37,2.24,,,,,,,,,,,,,,
DNK,Superliga,2021/2022,20/03/2022,13:30,Vejle,Odense,2,0,H,3.86,3.94,1.93,4,3.94,2.03,3.74,3.65,1.93,,,,,,,,,,,,,,
DNK,Superliga,2021/2022,01/04/2022,18:00,Viborg,Sonderjyske,2,1,H,1.83,3.41,4.86,1.9,3.58,4.9,1.83,3.4,4.58,,,,,,,,,,,,,,
DNK,Superliga,2021/2022,03/04/2022,13:00,Aarhus,Vejle,0,0,D,2.38,3.06,3.58,2.4,3.3,3.62,2.27,3.09,3.4,,,,,,,,,,,,,,
DNK,Superliga,2021/2022,03/04/2022,13:00,Odense,Nordsjaelland,2,1,H,2.27,3.29,3.52,2.27,3.75,3.58,2.18,3.35,3.33,,,,,,,,,,,,,,
DNK,Superliga,2021/2022,03/04/2022,15:00,Brondby,Randers FC,0,1,A,2.23,3.33,3.57,2.28,3.4,3.57,2.22,3.24,3.34,,,,,,,,,,,,,,
DNK,Superliga,2021/2022,03/04/2022,17:00,Aalborg,FC Copenhagen,0,1,A,3.57,3.5,2.16,3.6,3.68,2.44,3.2,3.34,2.26,,,,,,,,,,,,,,
DNK,Superliga,2021/2022,04/04/2022,18:00,Midtjylland,Silkeborg,3,2,H,1.93,3.74,4.11,1.94,3.88,4.3,1.86,3.67,4,,,,,,,,,,,,,,
DNK,Superliga,2021/2022,08/04/2022,17:30,Aalborg,Randers FC,3,0,H,2.03,3.63,3.83,2.17,3.64,3.83,2.03,3.48,3.57,,,,,,,,,,,,,,
DNK,Superliga,2021/2022,10/04/2022,13:00,Nordsjaelland,Aarhus,2,2,D,2.12,3.52,3.66,2.2,3.62,3.66,2.1,3.42,3.43,,,,,,,,,,,,,,
DNK,Superliga,2021/2022,10/04/2022,13:00,Sonderjyske,Odense,2,2,D,2.85,3.41,2.61,2.91,3.45,2.62,2.81,3.28,2.5,,,,,,,,,,,,,,
DNK,Superliga,2021/2022,10/04/2022,15:00,Silkeborg,Brondby,3,0,H,2.06,3.51,3.87,2.09,3.6,3.87,2.02,3.44,3.66,,,,,,,,,,,,,,
DNK,Superliga,2021/2022,10/04/2022,17:00,FC Copenhagen,Midtjylland,1,0,H,2.05,3.42,4.04,2.16,3.5,4.04,2.06,3.32,3.69,,,,,,,,,,,,,,
DNK,Superliga,2021/2022,11/04/2022,18:00,Vejle,Viborg,2,2,D,3.32,3.42,2.3,3.35,3.47,2.3,3.2,3.33,2.23,,,,,,,,,,,,,,
DNK,Superliga,2021/2022,13/04/2022,17:30,Randers FC,Midtjylland,1,3,A,3.38,3.69,2.17,3.45,4.15,2.19,3.3,3.61,2.09,,,,,,,,,,,,,,
DNK,Superliga,2021/2022,14/04/2022,13:00,Aarhus,Viborg,0,2,A,3.61,3.27,2.24,3.61,3.42,2.55,3.36,3.18,2.23,,,,,,,,,,,,,,
DNK,Superliga,2021/2022,14/04/2022,13:00,Odense,Vejle,2,1,H,1.65,4.09,5.57,1.75,4.1,5.6,1.63,3.92,5.19,,,,,,,,,,,,,,
DNK,Superliga,2021/2022,14/04/2022,15:00,Silkeborg,FC Copenhagen,3,1,H,2.82,3.63,2.51,3.05,3.72,2.51,2.83,3.56,2.34,,,,,,,,,,,,,,
DNK,Superliga,2021/2022,14/04/2022,17:00,Brondby,Aalborg,0,1,A,2.76,3.35,2.73,2.76,3.43,2.85,2.59,3.27,2.72,,,,,,,,,,,,,,
DNK,Superliga,2021/2022,15/04/2022,17:00,Nordsjaelland,Sonderjyske,2,0,H,2.01,3.86,3.69,2.07,3.86,3.87,2.02,3.59,3.49,,,,,,,,,,,,,,
DNK,Superliga,2021/2022,17/04/2022,17:00,Viborg,Odense,1,1,D,2.01,3.56,4,2.15,3.64,4,2.03,3.39,3.68,,,,,,,,,,,,,,
DNK,Superliga,2021/2022,18/04/2022,13:00,Sonderjyske,Aarhus,2,1,H,2.64,3.35,2.85,2.7,3.45,2.88,2.55,3.29,2.75,,,,,,,,,,,,,,
DNK,Superliga,2021/2022,18/04/2022,13:00,Vejle,Nordsjaelland,0,0,D,2.7,3.38,2.78,2.75,3.44,2.78,2.66,3.28,2.64,,,,,,,,,,,,,,
DNK,Superliga,2021/2022,18/04/2022,15:00,FC Copenhagen,Brondby,2,0,H,1.61,4.09,6,1.7,4.1,6.15,1.63,3.84,5.49,,,,,,,,,,,,,,
DNK,Superliga,2021/2022,18/04/2022,17:00,Midtjylland,Aalborg,2,0,H,1.73,4.04,4.89,1.77,4.2,4.9,1.71,3.92,4.56,,,,,,,,,,,,,,
DNK,Superliga,2021/2022,19/04/2022,18:00,Randers FC,Silkeborg,1,2,A,2.75,3.71,2.54,2.95,3.72,2.54,2.75,3.58,2.4,,,,,,,,,,,,,,
DNK,Superliga,2021/2022,22/04/2022,18:00,Sonderjyske,Vejle,0,1,A,2.6,3.26,2.97,2.6,3.3,3.15,2.5,3.17,2.9,,,,,,,,,,,,,,
DNK,Superliga,2021/2022,24/04/2022,13:00,Aalborg,Silkeborg,1,2,A,2.78,3.52,2.61,2.78,3.6,2.65,2.67,3.42,2.54,,,,,,,,,,,,,,
DNK,Superliga,2021/2022,24/04/2022,13:00,Nordsjaelland,Viborg,2,0,H,2.7,3.43,2.74,2.8,3.62,2.74,2.63,3.38,2.6,,,,,,,,,,,,,,
DNK,Superliga,2021/2022,24/04/2022,15:00,FC Copenhagen,Randers FC,0,1,A,1.48,4.73,6.87,1.5,4.73,6.87,1.47,4.51,6.29,,,,,,,,,,,,,,
DNK,Superliga,2021/2022,24/04/2022,17:00,Aarhus,Odense,1,2,A,2.93,3.59,2.45,3.1,3.59,2.48,2.88,3.36,2.41,,,,,,,,,,,,,,
DNK,Superliga,2021/2022,25/04/2022,18:00,Brondby,Midtjylland,1,3,A,3.16,3.39,2.4,3.4,3.52,2.43,3.09,3.33,2.31,,,,,,,,,,,,,,
DNK,Superliga,2021/2022,29/04/2022,18:00,Viborg,Nordsjaelland,1,1,D,1.69,4.25,4.87,1.8,4.26,4.9,1.7,4,4.54,,,,,,,,,,,,,,
DNK,Superliga,2021/2022,01/05/2022,13:00,Odense,Aarhus,1,0,H,2.12,3.47,3.74,2.16,3.64,4.16,2.03,3.48,3.62,,,,,,,,,,,,,,
DNK,Superliga,2021/2022,01/05/2022,13:00,Vejle,Sonderjyske,0,3,A,1.88,3.73,4.37,2.02,3.75,4.4,1.88,3.55,4.11,,,,,,,,,,,,,,
DNK,Superliga,2021/2022,01/05/2022,15:00,Randers FC,Brondby,2,1,H,1.92,3.91,3.97,2,3.91,4,1.9,3.74,3.76,,,,,,,,,,,,,,
DNK,Superliga,2021/2022,01/05/2022,17:00,Midtjylland,FC Copenhagen,0,0,D,2.62,3.34,2.88,2.7,3.65,3.21,2.49,3.3,2.84,,,,,,,,,,,,,,
DNK,Superliga,2021/2022,02/05/2022,18:00,Silkeborg,Aalborg,4,2,H,1.89,3.91,4.07,1.98,3.92,4.07,1.9,3.7,3.8,,,,,,,,,,,,,,
DNK,Superliga,2021/2022,06/05/2022,18:00,Silkeborg,Randers FC,1,0,H,1.65,4.39,5.1,1.74,4.51,5.2,1.63,4.23,4.8,,,,,,,,,,,,,,
DNK,Superliga,2021/2022,08/05/2022,13:00,Nordsjaelland,Odense,1,1,D,2.22,3.71,3.25,2.3,3.8,3.25,2.17,3.63,3.11,,,,,,,,,,,,,,
DNK,Superliga,2021/2022,08/05/2022,15:00,Brondby,FC Copenhagen,1,1,D,4.26,3.71,1.9,4.26,3.92,2.03,3.86,3.55,1.94,,,,,,,,,,,,,,
DNK,Superliga,2021/2022,08/05/2022,17:00,Aalborg,Midtjylland,1,2,A,3.22,3.76,2.21,3.22,3.76,2.26,3.08,3.55,2.2,,,,,,,,,,,,,,
DNK,Superliga,2021/2022,08/05/2022,19:00,Aarhus,Sonderjyske,1,1,D,2.11,3.49,3.73,2.15,3.62,3.75,2.06,3.4,3.55,,,,,,,,,,,,,,
DNK,Superliga,2021/2022,09/05/2022,18:00,Viborg,Vejle,2,2,D,1.85,3.74,4.54,1.88,3.8,4.6,1.82,3.61,4.27,,,,,,,,,,,,,,
DNK,Superliga,2021/2022,11/05/2022,17:00,Randers FC,Aalborg,2,2,D,2.44,3.54,2.98,2.44,3.69,3.12,2.34,3.47,2.91,,,,,,,,,,,,,,
DNK,Superliga,2021/2022,11/05/2022,17:00,Sonderjyske,Nordsjaelland,1,1,D,3.01,3.81,2.28,3.1,3.82,2.35,2.95,3.63,2.25,,,,,,,,,,,,,,
DNK,Superliga,2021/2022,11/05/2022,19:00,FC Copenhagen,Silkeborg,2,1,H,1.98,3.69,3.87,2,3.85,3.87,1.95,3.63,3.67,,,,,,,,,,,,,,
DNK,Superliga,2021/2022,12/05/2022,17:00,Odense,Viborg,1,1,D,2.43,3.42,3.1,2.43,3.5,3.2,2.32,3.34,3.04,,,,,,,,,,,,,,
DNK,Superliga,2021/2022,12/05/2022,17:00,Vejle,Aarhus,1,0,H,2.57,3.3,2.98,2.6,3.5,3,2.46,3.24,2.89,,,,,,,,,,,,,,
DNK,Superliga,2021/2022,12/05/2022,19:00,Midtjylland,Brondby,2,2,D,1.59,4.41,5.72,1.64,4.55,5.8,1.57,4.25,5.41,,,,,,,,,,,,,,
DNK,Superliga,2021/2022,15/05/2022,13:00,Nordsjaelland,Vejle,2,1,H,1.88,3.98,3.96,2.05,4,3.96,1.93,3.79,3.61,,,,,,,,,,,,,,
DNK,Superliga,2021/2022,15/05/2022,13:00,Odense,Sonderjyske,1,1,D,1.56,4.36,6.16,1.58,4.45,6.2,1.54,4.26,5.7,,,,,,,,,,,,,,
DNK,Superliga,2021/2022,15/05/2022,15:00,Randers FC,FC Copenhagen,0,2,A,3.31,3.77,2.17,3.7,3.85,2.18,3.24,3.66,2.09,,,,,,,,,,,,,,
DNK,Superliga,2021/2022,15/05/2022,17:00,Aalborg,Brondby,1,3,A,2.24,3.5,3.39,2.28,3.66,3.52,2.15,3.42,3.32,,,,,,,,,,,,,,
DNK,Superliga,2021/2022,15/05/2022,19:00,Viborg,Aarhus,1,0,H,1.66,3.93,5.87,1.72,4,5.9,1.63,3.86,5.37,,,,,,,,,,,,,,
DNK,Superliga,2021/2022,16/05/2022,18:00,Silkeborg,Midtjylland,1,4,A,2.49,3.79,2.77,2.53,3.9,2.86,2.39,3.72,2.72,,,,,,,,,,,,,,
DNK,Superliga,2021/2022,21/05/2022,16:00,Aarhus,Nordsjaelland,2,2,D,2.81,3.9,2.4,2.87,3.9,2.47,2.72,3.67,2.38,,,,,,,,,,,,,,
DNK,Superliga,2021/2022,21/05/2022,16:00,Sonderjyske,Viborg,0,2,A,3.8,3.6,2.05,3.8,3.71,2.08,3.59,3.51,2.02,,,,,,,,,,,,,,
DNK,Superliga,2021/2022,21/05/2022,16:00,Vejle,Odense,2,1,H,2.9,3.64,2.45,2.9,3.7,2.55,2.78,3.51,2.41,,,,,,,,,,,,,,
DNK,Superliga,2021/2022,22/05/2022,16:00,Brondby,Silkeborg,2,1,H,1.83,4.14,4.12,1.92,4.17,4.35,1.8,3.92,4.04,,,,,,,,,,,,,,
DNK,Superliga,2021/2022,22/05/2022,16:00,FC Copenhagen,Aalborg,3,0,H,1.39,5.54,7.49,1.45,5.75,8.8,1.4,5.02,7.06,,,,,,,,,,,,,,
DNK,Superliga,2021/2022,22/05/2022,16:00,Midtjylland,Randers FC,3,2,H,1.74,4.36,4.46,1.74,4.5,4.51,1.7,4.22,4.27,,,,,,,,,,,,,,
DNK,Superliga,2021/2022,29/05/2022,17:30,Aalborg,Viborg,1,1,D,2.84,3.2,2.76,2.95,3.39,2.8,2.75,3.17,2.63,,,,,,,,,,,,,,
DNK,Superliga,2022/2023,15/07/2022,18:00,Midtjylland,Randers FC,1,1,D,1.41,5.35,7.25,1.49,5.35,7.9,1.41,4.93,6.85,,,,,,,,,,,,,,
DNK,Superliga,2022/2023,17/07/2022,13:00,Lyngby,Silkeborg,2,2,D,3.51,3.39,2.23,3.6,3.55,2.23,3.36,3.38,2.14,,,,,,,,,,,,,,
DNK,Superliga,2022/2023,17/07/2022,13:00,Viborg,Aalborg,2,1,H,2.24,3.59,3.3,2.3,3.6,3.3,2.22,3.46,3.1,,,,,,,,,,,,,,
DNK,Superliga,2022/2023,17/07/2022,15:00,FC Copenhagen,Horsens,0,1,A,1.39,5.24,8.16,1.4,5.24,9,1.36,4.91,8.03,,,,,,,,,,,,,,
DNK,Superliga,2022/2023,17/07/2022,17:00,Brondby,Aarhus,1,0,H,1.91,3.43,4.68,2.07,3.43,4.68,1.92,3.3,4.23,,,,,,,,,,,,,,
DNK,Superliga,2022/2023,18/07/2022,18:00,Odense,Nordsjaelland,0,2,A,2.43,3.5,3.02,2.45,3.6,3.2,2.32,3.41,2.93,,,,,,,,,,,,,,
DNK,Superliga,2022/2023,22/07/2022,18:00,Midtjylland,Silkeborg,1,3,A,2.11,3.55,3.67,2.11,3.93,3.8,1.98,3.63,3.56,,,,,,,,,,,,,,
DNK,Superliga,2022/2023,24/07/2022,13:00,Aarhus,Viborg,3,1,H,2.87,3.38,2.61,2.9,3.4,2.75,2.79,3.26,2.53,,,,,,,,,,,,,,
DNK,Superliga,2022/2023,24/07/2022,13:00,Randers FC,Odense,2,2,D,2.17,3.71,3.37,2.17,3.8,3.55,2.1,3.53,3.31,,,,,,,,,,,,,,
DNK,Superliga,2022/2023,24/07/2022,15:00,Brondby,Nordsjaelland,1,3,A,2.46,3.53,2.95,2.49,3.66,3.5,2.36,3.46,2.88,,,,,,,,,,,,,,
DNK,Superliga,2022/2023,24/07/2022,17:00,Aalborg,FC Copenhagen,1,3,A,4.53,3.98,1.79,4.6,4.15,1.9,4.27,3.81,1.78,,,,,,,,,,,,,,
DNK,Superliga,2022/2023,25/07/2022,18:00,Horsens,Lyngby,1,0,H,2.29,3.41,3.33,2.4,3.57,3.33,2.26,3.34,3.1,,,,,,,,,,,,,,
DNK,Superliga,2022/2023,29/07/2022,18:00,Odense,Midtjylland,1,5,A,3.78,3.72,2.02,3.78,3.8,2.1,3.54,3.6,1.99,,,,,,,,,,,,,,
DNK,Superliga,2022/2023,31/07/2022,13:00,Aalborg,Horsens,0,0,D,2.29,3.45,3.32,2.36,3.6,3.35,2.24,3.4,3.09,,,,,,,,,,,,,,
DNK,Superliga,2022/2023,31/07/2022,13:00,Aarhus,Randers FC,0,0,D,2.35,3.51,3.16,2.48,3.64,3.16,2.37,3.41,2.89,,,,,,,,,,,,,,
DNK,Superliga,2022/2023,31/07/2022,15:00,Viborg,FC Copenhagen,4,2,H,4.42,3.76,1.86,4.42,3.82,1.92,4.12,3.63,1.83,,,,,,,,,,,,,,
DNK,Superliga,2022/2023,31/07/2022,17:00,Silkeborg,Brondby,2,0,H,1.69,4.17,5.04,1.78,4.35,5.04,1.68,4.04,4.61,,,,,,,,,,,,,,
DNK,Superliga,2022/2023,01/08/2022,18:00,Nordsjaelland,Lyngby,2,1,H,2,3.77,3.78,2,3.92,3.96,1.91,3.74,3.7,,,,,,,,,,,,,,
DNK,Superliga,2022/2023,05/08/2022,17:00,Randers FC,Horsens,1,0,H,2.09,3.7,3.58,2.15,3.71,3.75,2.06,3.51,3.42,,,,,,,,,,,,,,
DNK,Superliga,2022/2023,05/08/2022,19:00,Lyngby,Midtjylland,3,3,D,4.07,3.69,1.95,4.35,3.82,1.97,3.89,3.59,1.89,,,,,,,,,,,,,,
DNK,Superliga,2022/2023,06/08/2022,15:00,Nordsjaelland,Viborg,1,0,H,2.15,3.76,3.37,2.21,3.81,3.37,2.13,3.61,3.15,,,,,,,,,,,,,,
DNK,Superliga,2022/2023,07/08/2022,15:00,FC Copenhagen,Brondby,4,1,H,1.64,4.21,5.44,1.71,4.31,5.5,1.63,4.03,5.02,,,,,,,,,,,,,,
DNK,Superliga,2022/2023,07/08/2022,17:00,Odense,Aarhus,1,2,A,3.23,3.34,2.39,3.27,3.55,2.5,3.02,3.34,2.31,,,,,,,,,,,,,,
DNK,Superliga,2022/2023,08/08/2022,18:00,Silkeborg,Aalborg,3,1,H,1.76,3.93,4.86,1.76,4.17,4.86,1.72,3.92,4.42,,,,,,,,,,,,,,
DNK,Superliga,2022/2023,12/08/2022,18:00,Horsens,Midtjylland,3,3,D,4.87,3.85,1.77,5,4.02,1.79,4.53,3.73,1.74,,,,,,,,,,,,,,
DNK,Superliga,2022/2023,12/08/2022,20:00,FC Copenhagen,Randers FC,1,3,A,1.39,5.28,8.2,1.45,5.45,8.2,1.4,4.96,7.18,,,,,,,,,,,,,,
DNK,Superliga,2022/2023,14/08/2022,13:00,Viborg,Silkeborg,2,0,H,2.93,3.54,2.48,2.95,3.79,2.48,2.81,3.53,2.36,,,,,,,,,,,,,,
DNK,Superliga,2022/2023,14/08/2022,15:00,Aalborg,Nordsjaelland,0,0,D,2.46,3.73,2.84,2.5,3.79,2.85,2.41,3.54,2.75,,,,,,,,,,,,,,
DNK,Superliga,2022/2023,14/08/2022,17:00,Brondby,Odense,2,0,H,2.08,3.66,3.64,2.11,3.7,4.04,2.02,3.53,3.53,,,,,,,,,,,,,,
DNK,Superliga,2022/2023,15/08/2022,18:00,Aarhus,Lyngby,1,0,H,2.03,3.51,3.99,2.05,3.73,4.25,1.96,3.47,3.77,,,,,,,,,,,,,,
DNK,Superliga,2022/2023,19/08/2022,18:00,Lyngby,FC Copenhagen,0,3,A,4.42,3.94,1.82,4.7,4.09,1.83,4.18,3.83,1.79,,,,,,,,,,,,,,
DNK,Superliga,2022/2023,20/08/2022,15:00,Midtjylland,Aarhus,0,2,A,1.75,3.93,4.87,1.8,3.96,5.03,1.73,3.77,4.58,,,,,,,,,,,,,,
DNK,Superliga,2022/2023,21/08/2022,13:00,Nordsjaelland,Silkeborg,0,2,A,2.36,3.68,3.01,2.45,3.73,3.02,2.29,3.56,2.91,,,,,,,,,,,,,,
DNK,Superliga,2022/2023,21/08/2022,15:00,Randers FC,Viborg,1,0,H,2.2,3.73,3.29,2.22,3.73,3.46,2.17,3.49,3.19,,,,,,,,,,,,,,
DNK,Superliga,2022/2023,21/08/2022,17:00,Aalborg,Brondby,2,1,H,2.49,3.52,2.93,2.62,3.7,2.97,2.44,3.42,2.81,,,,,,,,,,,,,,
DNK,Superliga,2022/2023,22/08/2022,18:00,Odense,Horsens,1,0,H,2.52,3.31,3.05,2.52,3.6,3.06,2.37,3.38,2.92,,,,,,,,,,,,,,
DNK,Superliga,2022/2023,26/08/2022,18:00,Horsens,Aarhus,2,1,H,2.95,3.2,2.68,3.11,3.4,2.68,2.85,3.21,2.52,,,,,,,,,,,,,,
DNK,Superliga,2022/2023,28/08/2022,13:00,Randers FC,Aalborg,1,0,H,2.04,3.87,3.57,2.28,3.87,3.57,2.13,3.67,3.13,,,,,,,,,,,,,,
DNK,Superliga,2022/2023,28/08/2022,13:00,Viborg,Lyngby,2,1,H,1.77,3.78,5.01,1.9,3.91,5.01,1.81,3.65,4.29,,,,,,,,,,,,,,
DNK,Superliga,2022/2023,28/08/2022,15:00,Nordsjaelland,FC Copenhagen,3,1,H,4.27,3.77,1.88,4.27,3.82,1.96,3.93,3.64,1.88,,,,,,,,,,,,,,
DNK,Superliga,2022/2023,28/08/2022,17:00,Silkeborg,Odense,1,2,A,1.58,4.42,5.73,1.58,4.59,6,1.54,4.36,5.49,,,,,,,,,,,,,,
DNK,Superliga,2022/2023,29/08/2022,18:00,Brondby,Midtjylland,0,2,A,3.33,3.69,2.19,3.35,3.9,2.26,3.13,3.63,2.15,,,,,,,,,,,,,,
DNK,Superliga,2022/2023,02/09/2022,18:00,FC Copenhagen,Silkeborg,1,0,H,1.85,3.66,4.64,1.9,3.96,4.64,1.83,3.58,4.27,,,,,,,,,,,,,,
DNK,Superliga,2022/2023,04/09/2022,13:00,Lyngby,Randers FC,0,2,A,2.62,3.62,2.7,2.7,3.69,2.7,2.56,3.47,2.61,,,,,,,,,,,,,,
DNK,Superliga,2022/2023,04/09/2022,13:00,Odense,Viborg,1,2,A,3.09,3.58,2.35,3.11,3.62,2.4,2.98,3.44,2.29,,,,,,,,,,,,,,
DNK,Superliga,2022/2023,04/09/2022,15:00,Horsens,Brondby,0,2,A,2.86,3.57,2.51,2.9,3.58,2.53,2.79,3.4,2.44,,,,,,,,,,,,,,
DNK,Superliga,2022/2023,04/09/2022,17:00,Midtjylland,Aalborg,0,2,A,1.54,4.68,5.97,1.57,4.98,6.5,1.5,4.53,5.84,,,,,,,,,,,,,,
DNK,Superliga,2022/2023,05/09/2022,18:00,Aarhus,Nordsjaelland,2,3,A,2.53,3.33,3.02,2.55,3.47,3.1,2.43,3.29,2.9,,,,,,,,,,,,,,
DNK,Superliga,2022/2023,10/09/2022,18:00,Odense,FC Copenhagen,2,1,H,4.79,3.98,1.75,5.25,4,1.75,4.69,3.86,1.7,,,,,,,,,,,,,,
DNK,Superliga,2022/2023,11/09/2022,13:00,Aalborg,Lyngby,1,1,D,1.96,3.9,3.81,1.98,3.91,4.16,1.9,3.74,3.72,,,,,,,,,,,,,,
DNK,Superliga,2022/2023,11/09/2022,13:00,Nordsjaelland,Midtjylland,1,1,D,2.76,3.73,2.52,2.97,3.8,2.6,2.69,3.58,2.44,,,,,,,,,,,,,,
DNK,Superliga,2022/2023,11/09/2022,15:00,Brondby,Randers FC,2,2,D,2.06,3.76,3.6,2.07,3.88,3.85,2,3.61,3.56,,,,,,,,,,,,,,
DNK,Superliga,2022/2023,11/09/2022,17:00,Silkeborg,Aarhus,1,0,H,2.13,3.39,3.78,2.16,3.5,3.78,2.1,3.31,3.53,,,,,,,,,,,,,,
DNK,Superliga,2022/2023,12/09/2022,18:00,Viborg,Horsens,2,1,H,1.72,3.99,5.05,1.74,3.99,5.1,1.7,3.81,4.8,,,,,,,,,,,,,,
DNK,Superliga,2022/2023,16/09/2022,18:00,Horsens,Nordsjaelland,1,0,H,3.15,3.62,2.3,3.15,3.66,2.33,3.02,3.51,2.24,,,,,,,,,,,,,,
DNK,Superliga,2022/2023,17/09/2022,16:00,Aarhus,Aalborg,3,1,H,2.13,3.48,3.7,2.19,3.56,3.7,2.1,3.38,3.46,,,,,,,,,,,,,,
DNK,Superliga,2022/2023,18/09/2022,13:00,Lyngby,Odense,0,2,A,2.29,3.76,3.07,2.35,3.76,3.15,2.24,3.53,3.02,,,,,,,,,,,,,,
DNK,Superliga,2022/2023,18/09/2022,13:00,Randers FC,Silkeborg,3,2,H,2.6,3.59,2.74,2.65,3.62,2.77,2.54,3.48,2.65,,,,,,,,,,,,,,
DNK,Superliga,2022/2023,18/09/2022,15:00,Viborg,Brondby,0,0,D,2.45,3.64,2.91,2.45,3.67,3.15,2.33,3.52,2.89,,,,,,,,,,,,,,
DNK,Superliga,2022/2023,18/09/2022,17:00,Midtjylland,FC Copenhagen,2,1,H,2.12,3.55,3.61,2.17,3.76,3.74,2.08,3.49,3.45,,,,,,,,,,,,,,
DNK,Superliga,2022/2023,30/09/2022,18:00,Aalborg,Odense,1,1,D,2.3,3.51,3.25,2.32,3.62,3.25,2.25,3.44,3.08,,,,,,,,,,,,,,
DNK,Superliga,2022/2023,02/10/2022,13:00,Midtjylland,Viborg,1,1,D,1.92,3.85,4.04,1.94,3.93,4.34,1.87,3.77,3.87,,,,,,,,,,,,,,
DNK,Superliga,2022/2023,02/10/2022,13:00,Silkeborg,Horsens,2,1,H,1.71,4.12,4.96,1.72,4.2,5,1.68,3.95,4.76,,,,,,,,,,,,,,
DNK,Superliga,2022/2023,02/10/2022,15:00,Brondby,Lyngby,3,3,D,1.82,3.75,4.68,1.85,3.83,4.68,1.8,3.66,4.37,,,,,,,,,,,,,,
DNK,Superliga,2022/2023,02/10/2022,17:00,FC Copenhagen,Aarhus,1,0,H,1.83,3.63,4.78,1.88,3.8,4.9,1.82,3.53,4.45,,,,,,,,,,,,,,
DNK,Superliga,2022/2023,03/10/2022,18:00,Nordsjaelland,Randers FC,3,1,H,2,3.91,3.65,2.06,3.91,3.88,1.98,3.73,3.52,,,,,,,,,,,,,,
DNK,Superliga,2022/2023,07/10/2022,18:00,Lyngby,Viborg,1,1,D,3.82,3.72,1.99,4,3.81,2.05,3.66,3.65,1.95,,,,,,,,,,,,,,
DNK,Superliga,2022/2023,08/10/2022,18:00,FC Copenhagen,Nordsjaelland,1,1,D,2.14,3.66,3.39,2.22,3.86,3.45,2.13,3.57,3.27,,,,,,,,,,,,,,
DNK,Superliga,2022/2023,09/10/2022,13:00,Aarhus,Midtjylland,0,1,A,2.7,3.47,2.67,2.77,3.5,2.68,2.67,3.34,2.59,,,,,,,,,,,,,,
DNK,Superliga,2022/2023,09/10/2022,15:00,Odense,Silkeborg,1,1,D,3.15,3.48,2.34,3.25,3.6,2.35,3.07,3.4,2.27,,,,,,,,,,,,,,
DNK,Superliga,2022/2023,09/10/2022,17:00,Randers FC,Brondby,2,3,A,2.79,3.55,2.55,2.82,3.6,2.73,2.72,3.44,2.5,,,,,,,,,,,,,,
DNK,Superliga,2022/2023,10/10/2022,18:00,Horsens,Aalborg,0,0,D,2.04,3.58,3.78,2.06,3.63,3.9,2.02,3.5,3.6,,,,,,,,,,,,,,
DNK,Superliga,2022/2023,14/10/2022,18:00,Lyngby,Aalborg,0,2,A,2.33,3.58,3.07,2.4,3.58,3.07,2.32,3.43,2.95,,,,,,,,,,,,,,
DNK,Superliga,2022/2023,16/10/2022,13:00,Brondby,FC Copenhagen,1,1,D,2.67,3.3,2.82,2.77,3.4,2.88,2.61,3.25,2.74,,,,,,,,,,,,,,
DNK,Superliga,2022/2023,16/10/2022,13:00,Viborg,Odense,0,0,D,1.7,4.06,4.96,1.82,4.11,5.07,1.72,3.83,4.58,,,,,,,,,,,,,,
DNK,Superliga,2022/2023,16/10/2022,15:00,Nordsjaelland,Aarhus,1,1,D,2.2,3.43,3.47,2.42,3.6,3.47,2.23,3.38,3.2,,,,,,,,,,,,,,
DNK,Superliga,2022/2023,16/10/2022,17:00,Midtjylland,Horsens,2,1,H,1.74,3.93,4.84,1.75,4.05,5.3,1.71,3.86,4.7,,,,,,,,,,,,,,
DNK,Superliga,2022/2023,17/10/2022,18:00,Silkeborg,Randers FC,3,3,D,1.6,4.33,5.59,1.65,4.42,5.75,1.57,4.24,5.36,,,,,,,,,,,,,,
DNK,Superliga,2022/2023,21/10/2022,18:00,Odense,Lyngby,3,1,H,2.14,3.64,3.44,2.23,3.72,3.55,2.08,3.55,3.35,,,,,,,,,,,,,,
DNK,Superliga,2022/2023,22/10/2022,15:00,FC Copenhagen,Midtjylland,1,1,D,2.63,3.33,2.84,2.63,3.55,2.87,2.51,3.3,2.78,,,,,,,,,,,,,,
DNK,Superliga,2022/2023,23/10/2022,13:00,Randers FC,Nordsjaelland,0,2,A,2.53,3.6,2.78,2.62,3.82,2.79,2.5,3.54,2.66,,,,,,,,,,,,,,
DNK,Superliga,2022/2023,23/10/2022,15:00,Horsens,Silkeborg,3,2,H,3.68,3.63,2.06,3.69,3.7,2.1,3.53,3.52,2.03,,,,,,,,,,,,,,
DNK,Superliga,2022/2023,23/10/2022,17:00,Aarhus,Brondby,2,2,D,2.98,3.39,2.48,3,3.46,2.55,2.9,3.32,2.42,,,,,,,,,,,,,,
DNK,Superliga,2022/2023,24/10/2022,18:00,Aalborg,Viborg,1,3,A,3.07,3.5,2.37,3.15,3.6,2.37,3.04,3.44,2.27,,,,,,,,,,,,,,
DNK,Superliga,2022/2023,28/10/2022,18:00,Nordsjaelland,Horsens,2,0,H,1.75,3.84,4.87,1.75,4.1,5.69,1.7,3.83,4.77,,,,,,,,,,,,,,
DNK,Superliga,2022/2023,29/10/2022,15:00,Randers FC,FC Copenhagen,0,2,A,3.52,3.74,2.07,3.55,3.77,2.17,3.43,3.64,2.02,,,,,,,,,,,,,,
DNK,Superliga,2022/2023,30/10/2022,13:00,Lyngby,Aarhus,0,1,A,3.11,3.53,2.34,3.22,3.63,2.42,3,3.46,2.29,,,,,,,,,,,,,,
DNK,Superliga,2022/2023,30/10/2022,15:00,Silkeborg,Viborg,1,2,A,2.39,3.49,3.05,2.41,3.78,3.15,2.3,3.42,3.03,,,,,,,,,,,,,,
DNK,Superliga,2022/2023,30/10/2022,17:00,Brondby,Aalborg,3,2,H,1.57,4.19,6.14,1.67,4.28,6.5,1.57,4.01,5.76,,,,,,,,,,,,,,
DNK,Superliga,2022/2023,31/10/2022,18:00,Midtjylland,Odense,1,2,A,1.58,4.31,5.65,1.65,4.45,6.08,1.56,4.22,5.51,,,,,,,,,,,,,,
DNK,Superliga,2022/2023,04/11/2022,18:00,Horsens,Randers FC,5,1,H,3.55,3.81,2.04,3.9,3.86,2.13,3.51,3.67,1.99,,,,,,,,,,,,,,
DNK,Superliga,2022/2023,06/11/2022,13:00,Aalborg,Silkeborg,1,2,A,2.75,3.65,2.53,3,3.67,2.53,2.73,3.52,2.43,,,,,,,,,,,,,,
DNK,Superliga,2022/2023,06/11/2022,13:00,Viborg,Aarhus,1,1,D,2.32,3.33,3.31,2.32,3.55,3.66,2.2,3.32,3.27,,,,,,,,,,,,,,
DNK,Superliga,2022/2023,06/11/2022,15:00,FC Copenhagen,Lyngby,3,0,H,1.41,4.84,8.04,1.43,5.1,8.8,1.4,4.76,7.48,,,,,,,,,,,,,,
DNK,Superliga,2022/2023,06/11/2022,17:00,Odense,Brondby,1,1,D,2.81,3.56,2.52,2.9,3.6,2.55,2.73,3.44,2.48,,,,,,,,,,,,,,
DNK,Superliga,2022/2023,07/11/2022,18:00,Midtjylland,Nordsjaelland,0,0,D,2.55,3.42,2.86,2.62,3.6,3.1,2.48,3.34,2.8,,,,,,,,,,,,,,
DNK,Superliga,2022/2023,12/11/2022,15:00,Silkeborg,Lyngby,0,2,A,1.71,3.96,5.03,1.71,4.3,5.5,1.63,4.02,5.03,,,,,,,,,,,,,,
DNK,Superliga,2022/2023,13/11/2022,13:00,Aarhus,FC Copenhagen,0,2,A,3.32,3.33,2.31,3.45,3.45,2.4,3.18,3.26,2.27,,,,,,,,,,,,,,
DNK,Superliga,2022/2023,13/11/2022,13:00,Horsens,Odense,3,3,D,3.42,3.52,2.19,3.42,3.6,2.29,3.2,3.41,2.19,,,,,,,,,,,,,,
DNK,Superliga,2022/2023,13/11/2022,15:00,Brondby,Viborg,0,2,A,2.15,3.64,3.4,2.18,3.64,3.4,2.14,3.48,3.25,,,,,,,,,,,,,,
DNK,Superliga,2022/2023,13/11/2022,17:00,Nordsjaelland,Aalborg,5,1,H,1.64,4.06,5.51,1.67,4.15,6.2,1.62,3.92,5.29,,,,,,,,,,,,,,
DNK,Superliga,2022/2023,13/11/2022,19:00,Randers FC,Midtjylland,0,0,D,3.03,3.63,2.34,3.1,3.67,2.4,2.92,3.49,2.3,,,,,,,,,,,,,,
DNK,Superliga,2022/2023,17/02/2023,18:00,Aalborg,Aarhus,0,1,A,2.97,3.17,2.63,2.98,3.3,2.7,2.84,3.14,2.58,,,,,,,,,,,,,,
DNK,Superliga,2022/2023,19/02/2023,13:00,Lyngby,Nordsjaelland,1,1,D,4.62,3.85,1.79,4.9,3.93,1.81,4.51,3.73,1.77,,,,,,,,,,,,,,
DNK,Superliga,2022/2023,19/02/2023,13:00,Odense,Randers FC,0,0,D,2.2,3.47,3.44,2.33,3.6,3.5,2.17,3.4,3.33,,,,,,,,,,,,,,
DNK,Superliga,2022/2023,19/02/2023,15:00,Silkeborg,FC Copenhagen,0,3,A,3.3,3.5,2.25,3.4,3.56,2.34,3.21,3.37,2.25,,,,,,,,,,,,,,
DNK,Superliga,2022/2023,19/02/2023,17:00,Brondby,Horsens,5,2,H,1.65,3.99,5.53,1.7,4.1,5.62,1.64,3.89,5.23,,,,,,,,,,,,,,
DNK,Superliga,2022/2023,20/02/2023,18:00,Viborg,Midtjylland,0,4,A,2.47,3.25,3.12,2.47,3.3,3.38,2.39,3.16,3.09,,,,,,,,,,,,,,
DNK,Superliga,2022/2023,24/02/2023,18:00,Nordsjaelland,Odense,4,2,H,1.79,3.94,4.45,1.83,4,4.87,1.78,3.79,4.32,,,,,,,,,,,,,,
DNK,Superliga,2022/2023,26/02/2023,13:00,Horsens,Viborg,0,3,A,3.63,3.37,2.17,3.67,3.57,2.17,3.48,3.35,2.12,,,,,,,,,,,,,,
DNK,Superliga,2022/2023,26/02/2023,13:00,Randers FC,Lyngby,1,0,H,1.85,3.83,4.26,2,3.83,4.42,1.88,3.63,4,,,,,,,,,,,,,,
DNK,Superliga,2022/2023,26/02/2023,15:00,FC Copenhagen,Aalborg,1,0,H,1.41,4.7,8.74,1.42,4.81,9.03,1.39,4.6,8.34,,,,,,,,,,,,,,
DNK,Superliga,2022/2023,26/02/2023,17:00,Aarhus,Silkeborg,1,1,D,2.45,3.12,3.28,2.46,3.28,3.32,2.38,3.12,3.18,,,,,,,,,,,,,,
DNK,Superliga,2022/2023,27/02/2023,18:00,Midtjylland,Brondby,0,1,A,2.37,3.54,3.05,2.45,3.62,3.25,2.32,3.44,2.99,,,,,,,,,,,,,,
DNK,Superliga,2022/2023,03/03/2023,18:00,Aarhus,Horsens,2,0,H,1.81,3.65,4.76,1.87,3.75,4.76,1.82,3.53,4.37,,,,,,,,,,,,,,
DNK,Superliga,2022/2023,05/03/2023,13:00,Silkeborg,Nordsjaelland,2,1,H,2.52,3.64,2.76,2.65,3.7,2.76,2.53,3.49,2.62,,,,,,,,,,,,,,
DNK,Superliga,2022/2023,05/03/2023,13:00,Viborg,Randers FC,2,2,D,2,3.41,4.13,2.08,3.6,4.33,1.97,3.32,3.94,,,,,,,,,,,,,,
DNK,Superliga,2022/2023,05/03/2023,15:00,Lyngby,Brondby,1,0,H,4.76,4.01,1.74,5.11,4.05,1.79,4.52,3.87,1.72,,,,,,,,,,,,,,
DNK,Superliga,2022/2023,05/03/2023,17:30,FC Copenhagen,Odense,7,0,H,1.4,5.08,7.96,1.44,5.4,8.9,1.39,4.85,7.51,,,,,,,,,,,,,,
DNK,Superliga,2022/2023,06/03/2023,18:00,Aalborg,Midtjylland,0,0,D,3.86,3.39,2.08,3.86,3.4,2.22,3.53,3.24,2.13,,,,,,,,,,,,,,
DNK,Superliga,2022/2023,10/03/2023,18:00,Odense,Aalborg,2,1,H,2.35,3.49,3.12,2.36,3.54,3.12,2.3,3.42,2.98,,,,,,,,,,,,,,
DNK,Superliga,2022/2023,12/03/2023,13:00,Midtjylland,Lyngby,1,3,A,1.56,4.16,6.3,1.6,4.3,6.5,1.54,4.08,5.96,,,,,,,,,,,,,,
DNK,Superliga,2022/2023,12/03/2023,13:00,Viborg,Nordsjaelland,1,1,D,3.29,3.47,2.27,3.3,3.7,2.4,3.11,3.35,2.28,,,,,,,,,,,,,,
DNK,Superliga,2022/2023,12/03/2023,15:00,Horsens,FC Copenhagen,1,4,A,9.19,5.12,1.36,10.2,5.3,1.41,9.02,4.86,1.35,,,,,,,,,,,,,,
DNK,Superliga,2022/2023,12/03/2023,17:00,Brondby,Silkeborg,2,1,H,1.97,3.77,3.83,2.02,3.86,4,1.93,3.67,3.7,,,,,,,,,,,,,,
DNK,Superliga,2022/2023,13/03/2023,18:00,Randers FC,Aarhus,1,2,A,2.87,2.89,2.96,2.87,3.05,2.96,2.72,2.94,2.82,,,,,,,,,,,,,,
DNK,Superliga,2022/2023,19/03/2023,14:00,Aalborg,Randers FC,0,1,A,2.61,3.32,2.87,2.61,3.59,2.92,2.49,3.28,2.82,,,,,,,,,,,,,,
DNK,Superliga,2022/2023,19/03/2023,14:00,Aarhus,Odense,1,0,H,1.84,3.82,4.35,1.94,3.84,4.5,1.82,3.64,4.22,,,,,,,,,,,,,,
DNK,Superliga,2022/2023,19/03/2023,14:00,FC Copenhagen,Viborg,2,1,H,1.34,5.28,9.84,1.41,5.45,10,1.34,4.98,8.97,,,,,,,,,,,,,,
DNK,Superliga,2022/2023,19/03/2023,14:00,Lyngby,Horsens,1,1,D,2.19,3.24,3.71,2.19,3.49,3.75,2.08,3.31,3.59,,,,,,,,,,,,,,
DNK,Superliga,2022/2023,19/03/2023,14:00,Nordsjaelland,Brondby,2,1,H,2.17,3.58,3.42,2.23,3.65,3.42,2.15,3.48,3.24,,,,,,,,,,,,,,
DNK,Superliga,2022/2023,19/03/2023,14:00,Silkeborg,Midtjylland,3,3,D,2.3,3.68,3.05,2.41,3.83,3.1,2.27,3.58,2.95,,,,,,,,,,,,,,
DNK,Superliga,2022/2023,31/03/2023,18:00,Odense,Midtjylland,1,3,A,2.92,3.51,2.46,3.02,3.65,2.51,2.84,3.49,2.38,,,,,,,,,,,,,,
DNK,Superliga,2022/2023,02/04/2023,13:00,Horsens,Aalborg,0,4,A,2.74,3.23,2.79,2.8,3.32,2.85,2.62,3.16,2.75,,,,,,,,,,,,,,
DNK,Superliga,2022/2023,02/04/2023,13:00,Lyngby,Silkeborg,1,1,D,2.47,3.54,2.89,3,3.64,2.92,2.48,3.43,2.74,,,,,,,,,,,,,,
DNK,Superliga,2022/2023,02/04/2023,15:00,Brondby,Viborg,0,3,A,2.16,3.56,3.45,2.19,3.62,3.6,2.12,3.45,3.36,,,,,,,,,,,,,,
DNK,Superliga,2022/2023,02/04/2023,17:00,FC Copenhagen,Nordsjaelland,2,1,H,1.88,3.67,4.33,1.92,3.92,4.4,1.85,3.64,4.11,,,,,,,,,,,,,,
DNK,Superliga,2022/2023,03/04/2023,18:00,Aarhus,Randers FC,1,1,D,2,3.34,4.24,2.02,3.48,4.54,1.96,3.33,3.98,,,,,,,,,,,,,,
DNK,Superliga,2022/2023,09/04/2023,15:00,Viborg,Aarhus,0,1,A,2.58,3.09,3.1,2.58,3.24,3.2,2.49,3.07,3,,,,,,,,,,,,,,
DNK,Superliga,2022/2023,10/04/2023,13:00,Aalborg,Odense,2,3,A,1.9,3.79,4.07,1.93,4,4.59,1.81,3.76,4.13,,,,,,,,,,,,,,
DNK,Superliga,2022/2023,10/04/2023,13:00,Midtjylland,Lyngby,1,0,H,1.56,4.22,6.28,1.61,4.3,6.28,1.57,4.07,5.56,,,,,,,,,,,,,,
DNK,Superliga,2022/2023,10/04/2023,15:00,Randers FC,FC Copenhagen,1,0,H,6.63,4.36,1.52,7.08,4.45,1.58,6.32,4.22,1.51,,,,,,,,,,,,,,
DNK,Superliga,2022/2023,10/04/2023,17:00,Nordsjaelland,Brondby,2,1,H,2.13,3.66,3.43,2.18,3.78,3.85,2.08,3.57,3.35,,,,,,,,,,,,,,
DNK,Superliga,2022/2023,11/04/2023,17:30,Silkeborg,Horsens,1,2,A,1.67,4.08,5.17,1.69,4.2,5.5,1.62,4.04,5.08,,,,,,,,,,,,,,
DNK,Superliga,2022/2023,14/04/2023,18:00,Midtjylland,Aalborg,1,1,D,1.68,4.07,5.06,1.71,4.1,5.06,1.67,3.89,4.84,,,,,,,,,,,,,,
DNK,Superliga,2022/2023,16/04/2023,13:00,Lyngby,Horsens,2,1,H,2.2,3.37,3.53,2.24,3.46,3.53,2.17,3.31,3.36,,,,,,,,,,,,,,
DNK,Superliga,2022/2023,16/04/2023,13:00,Odense,Silkeborg,2,0,H,2.52,3.75,2.71,2.55,3.79,2.76,2.46,3.59,2.66,,,,,,,,,,,,,,
DNK,Superliga,2022/2023,16/04/2023,15:00,FC Copenhagen,Viborg,2,1,H,1.53,4.35,6.4,1.57,4.8,6.5,1.51,4.32,6.21,,,,,,,,,,,,,,
DNK,Superliga,2022/2023,16/04/2023,17:00,Brondby,Aarhus,1,0,H,2.26,3.35,3.41,2.27,3.45,3.6,2.2,3.27,3.33,,,,,,,,,,,,,,
DNK,Superliga,2022/2023,17/04/2023,18:00,Randers FC,Nordsjaelland,1,1,D,3.87,3.64,2,3.91,3.83,2.03,3.71,3.54,1.96,,,,,,,,,,,,,,
DNK,Superliga,2022/2023,21/04/2023,18:00,Silkeborg,Aalborg,2,2,D,2.05,3.85,3.47,2.23,4,3.5,2.1,3.71,3.19,,,,,,,,,,,,,,
DNK,Superliga,2022/2023,23/04/2023,13:00,Horsens,Midtjylland,0,2,A,5.13,4.03,1.68,5.13,4.1,1.81,4.86,3.91,1.67,,,,,,,,,,,,,,
DNK,Superliga,2022/2023,23/04/2023,13:00,Viborg,Nordsjaelland,1,0,H,2.74,3.37,2.7,2.95,3.7,2.7,2.73,3.39,2.51,,,,,,,,,,,,,,
DNK,Superliga,2022/2023,23/04/2023,15:00,Brondby,Randers FC,0,4,A,1.78,3.82,4.68,1.83,3.84,4.68,1.78,3.68,4.38,,,,,,,,,,,,,,
DNK,Superliga,2022/2023,23/04/2023,17:00,Aarhus,FC Copenhagen,0,0,D,3.72,3.21,2.21,3.75,3.46,2.22,3.55,3.22,2.13,,,,,,,,,,,,,,
DNK,Superliga,2022/2023,24/04/2023,18:00,Odense,Lyngby,2,2,D,2.11,3.68,3.48,2.2,3.73,3.55,2.1,3.57,3.29,,,,,,,,,,,,,,
DNK,Superliga,2022/2023,28/04/2023,18:00,Horsens,Odense,2,2,D,2.65,3.56,2.67,2.85,3.66,2.67,2.59,3.5,2.56,,,,,,,,,,,,,,
DNK,Superliga,2022/2023,30/04/2023,13:00,Aalborg,Lyngby,1,0,H,1.76,3.96,4.67,1.9,4.06,4.8,1.74,3.81,4.46,,,,,,,,,,,,,,
DNK,Superliga,2022/2023,30/04/2023,13:00,Viborg,Randers FC,3,1,H,1.92,3.58,4.27,1.98,3.65,4.27,1.93,3.49,3.94,,,,,,,,,,,,,,
DNK,Superliga,2022/2023,30/04/2023,15:00,FC Copenhagen,Brondby,0,1,A,1.55,4.45,6.26,1.57,4.8,6.4,1.52,4.38,5.88,,,,,,,,,,,,,,
DNK,Superliga,2022/2023,30/04/2023,17:00,Nordsjaelland,Aarhus,0,1,A,2.26,3.23,3.55,2.26,3.4,3.75,2.17,3.26,3.42,,,,,,,,,,,,,,
DNK,Superliga,2022/2023,01/05/2023,18:00,Midtjylland,Silkeborg,3,0,H,1.65,4.09,5.17,1.68,4.3,5.49,1.63,4.06,4.94,,,,,,,,,,,,,,
DNK,Superliga,2022/2023,07/05/2023,11:00,Aalborg,Horsens,4,0,H,1.66,4.11,5.26,1.68,4.2,5.5,1.63,4.01,5.11,,,,,,,,,,,,,,
DNK,Superliga,2022/2023,07/05/2023,13:00,Lyngby,Midtjylland,2,1,H,4.03,3.39,2.04,4.1,3.54,2.04,3.88,3.37,1.98,,,,,,,,,,,,,,
DNK,Superliga,2022/2023,07/05/2023,13:00,Silkeborg,Odense,0,1,A,2.05,3.96,3.4,2.23,3.96,3.47,2.05,3.76,3.26,,,,,,,,,,,,,,
DNK,Superliga,2022/2023,07/05/2023,15:00,Randers FC,Brondby,1,3,A,2.61,3.52,2.73,2.61,3.64,2.76,2.53,3.45,2.66,,,,,,,,,,,,,,
DNK,Superliga,2022/2023,07/05/2023,17:00,Aarhus,Viborg,3,0,H,2.23,3.15,3.75,2.34,3.35,3.76,2.22,3.1,3.5,,,,,,,,,,,,,,
DNK,Superliga,2022/2023,08/05/2023,18:00,Nordsjaelland,FC Copenhagen,3,2,H,3.22,3.51,2.29,3.28,3.82,2.33,3.09,3.49,2.23,,,,,,,,,,,,,,
DNK,Superliga,2022/2023,12/05/2023,18:00,Odense,Aalborg,1,1,D,2.79,3.62,2.5,2.81,3.7,2.56,2.67,3.59,2.45,,,,,,,,,,,,,,
DNK,Superliga,2022/2023,14/05/2023,13:00,Midtjylland,Horsens,3,1,H,1.33,5.47,9.54,1.45,5.47,10,1.34,5.11,8.79,,,,,,,,,,,,,,
DNK,Superliga,2022/2023,14/05/2023,13:00,Silkeborg,Lyngby,1,0,H,1.92,3.78,4.04,2.07,3.79,4.21,1.93,3.6,3.81,,,,,,,,,,,,,,
DNK,Superliga,2022/2023,14/05/2023,15:00,Brondby,FC Copenhagen,1,3,A,3.41,3.81,2.09,3.62,3.91,2.13,3.37,3.65,2.05,,,,,,,,,,,,,,
DNK,Superliga,2022/2023,14/05/2023,17:00,Aarhus,Nordsjaelland,1,1,D,2.51,3.19,3.12,2.6,3.4,3.12,2.42,3.21,2.98,,,,,,,,,,,,,,
DNK,Superliga,2022/2023,15/05/2023,18:00,Randers FC,Viborg,0,2,A,3.63,3.72,2.04,3.63,3.8,2.3,3.3,3.64,2.09,,,,,,,,,,,,,,
DNK,Superliga,2022/2023,19/05/2023,18:00,Horsens,Silkeborg,0,1,A,3.43,3.53,2.18,3.53,3.66,2.19,3.28,3.47,2.14,,,,,,,,,,,,,,
DNK,Superliga,2022/2023,21/05/2023,13:00,Aalborg,Midtjylland,0,2,A,2.89,3.44,2.52,3.08,3.52,2.55,2.82,3.36,2.44,,,,,,,,,,,,,,
DNK,Superliga,2022/2023,21/05/2023,13:00,Lyngby,Odense,0,4,A,2.13,3.82,3.31,2.36,4.25,3.35,2.11,3.76,3.13,,,,,,,,,,,,,,
DNK,Superliga,2022/2023,21/05/2023,15:05,Viborg,Brondby,1,1,D,1.76,3.93,4.71,1.8,4.09,4.9,1.72,3.87,4.53,,,,,,,,,,,,,,
DNK,Superliga,2022/2023,21/05/2023,17:00,FC Copenhagen,Aarhus,4,3,H,2.2,3.24,3.71,2.23,3.55,3.95,2.14,3.27,3.53,,,,,,,,,,,,,,
DNK,Superliga,2022/2023,22/05/2023,18:00,Nordsjaelland,Randers FC,3,1,H,1.34,5.91,8.03,1.45,6,8.7,1.33,5.59,7.85,,,,,,,,,,,,,,
DNK,Superliga,2022/2023,26/05/2023,18:00,Odense,Horsens,2,1,H,1.82,4.13,4.09,1.86,4.25,4.76,1.78,4.04,4,,,,,,,,,,,,,,
DNK,Superliga,2022/2023,29/05/2023,13:00,Lyngby,Aalborg,2,1,H,3.45,3.52,2.17,3.45,3.82,2.21,3.26,3.48,2.13,,,,,,,,,,,,,,
DNK,Superliga,2022/2023,29/05/2023,13:00,Silkeborg,Midtjylland,3,3,D,4,3.97,1.92,4.1,3.97,2,3.86,3.75,1.87,,,,,,,,,,,,,,
DNK,Superliga,2022/2023,29/05/2023,15:00,Viborg,FC Copenhagen,1,2,A,2.92,3.53,2.46,3.15,3.8,2.48,2.86,3.47,2.36,,,,,,,,,,,,,,
DNK,Superliga,2022/2023,29/05/2023,17:00,Brondby,Nordsjaelland,5,1,H,3.65,3.79,2.01,4,4.13,2.05,3.58,3.77,1.95,,,,,,,,,,,,,,
DNK,Superliga,2022/2023,30/05/2023,18:00,Randers FC,Aarhus,1,3,A,5.85,4.16,1.6,6,4.3,1.81,5.6,4.01,1.58,,,,,,,,,,,,,,
DNK,Superliga,2022/2023,03/06/2023,13:00,Aalborg,Silkeborg,0,1,A,1.93,4.01,3.75,2.02,4.26,4.51,1.88,3.89,3.73,,,,,,,,,,,,,,
DNK,Superliga,2022/2023,03/06/2023,13:00,Horsens,Lyngby,0,0,D,2.54,3.7,2.7,2.84,3.78,2.9,2.47,3.57,2.66,,,,,,,,,,,,,,
DNK,Superliga,2022/2023,03/06/2023,13:00,Midtjylland,Odense,4,2,H,1.81,4.41,3.9,1.84,4.5,5.1,1.76,4.28,3.92,,,,,,,,,,,,,,
DNK,Superliga,2022/2023,04/06/2023,16:00,Aarhus,Brondby,3,3,D,1.7,4.11,4.88,1.72,4.25,5.55,1.65,4.04,4.86,,,,,,,,,,,,,,
DNK,Superliga,2022/2023,04/06/2023,16:00,FC Copenhagen,Randers FC,1,1,D,1.23,7.27,10.75,1.31,7.4,11,1.24,6.73,9.73,,,,,,,,,,,,,,
DNK,Superliga,2022/2023,04/06/2023,16:00,Nordsjaelland,Viborg,0,0,D,2.26,4.07,2.9,2.32,4.13,3.3,2.17,3.9,2.91,,,,,,,,,,,,,,
DNK,Superliga,2022/2023,09/06/2023,18:00,Viborg,Midtjylland,0,1,A,2.73,3.54,2.6,2.96,3.68,2.64,2.7,3.49,2.47,,,,,,,,,,,,,,
DNK,Superliga,2023/2024,21/07/2023,18:00,Midtjylland,Hvidovre IF,1,0,H,1.32,5.64,9.53,1.35,5.64,10,1.31,5.36,9.21,,,,,,,,,,,,,,
DNK,Superliga,2023/2024,22/07/2023,15:00,Lyngby,FC Copenhagen,1,2,A,5.18,3.87,1.71,5.4,4.1,1.74,4.97,3.86,1.67,,,,,,,,,,,,,,
DNK,Superliga,2023/2024,23/07/2023,13:00,Aarhus,Vejle,1,0,H,1.65,3.76,6.06,1.73,3.96,6.06,1.67,3.61,5.5,,,,,,,,,,,,,,
DNK,Superliga,2023/2024,23/07/2023,15:00,Odense,Randers FC,2,2,D,2,3.77,3.72,2.02,3.86,3.8,1.96,3.69,3.59,,,,,,,,,,,,,,
DNK,Superliga,2023/2024,23/07/2023,17:00,Silkeborg,Brondby,1,2,A,2.55,3.55,2.79,2.6,3.56,2.81,2.51,3.43,2.71,,,,,,,,,,,,,,
DNK,Superliga,2023/2024,24/07/2023,18:00,Nordsjaelland,Viborg,4,1,H,1.83,3.69,4.55,2.12,4.14,4.7,1.82,3.8,4.11,,,,,,,,,,,,,,
DNK,Superliga,2023/2024,28/07/2023,18:00,Viborg,Lyngby,2,2,D,1.95,3.51,4.2,1.98,3.7,4.2,1.93,3.47,3.94,,,,,,,,,,,,,,
DNK,Superliga,2023/2024,29/07/2023,15:00,Vejle,FC Copenhagen,2,3,A,4.85,3.91,1.74,5.13,4.1,1.75,4.76,3.84,1.7,,,,,,,,,,,,,,
DNK,Superliga,2023/2024,30/07/2023,13:00,Midtjylland,Silkeborg,2,0,H,1.88,3.84,4.14,1.92,4.08,4.4,1.85,3.74,3.96,,,,,,,,,,,,,,
DNK,Superliga,2023/2024,30/07/2023,15:00,Randers FC,Hvidovre IF,2,2,D,1.75,4,4.67,1.8,4.11,5.07,1.72,3.85,4.61,,,,,,,,,,,,,,
DNK,Superliga,2023/2024,30/07/2023,17:00,Brondby,Odense,1,2,A,1.68,4.47,4.6,1.75,4.55,5.2,1.68,4.21,4.43,,,,,,,,,,,,,,
DNK,Superliga,2023/2024,31/07/2023,18:00,Aarhus,Nordsjaelland,1,3,A,2.58,3.21,2.99,2.78,3.4,2.99,2.57,3.24,2.78,,,,,,,,,,,,,,
DNK,Superliga,2023/2024,04/08/2023,18:00,Silkeborg,Vejle,2,1,H,1.77,3.91,4.63,1.79,4.2,5,1.74,3.82,4.48,,,,,,,,,,,,,,
DNK,Superliga,2023/2024,05/08/2023,15:00,FC Copenhagen,Randers FC,4,0,H,1.49,4.93,6.33,1.54,4.93,6.8,1.48,4.6,5.96,,,,,,,,,,,,,,
DNK,Superliga,2023/2024,06/08/2023,13:00,Hvidovre IF,Aarhus,0,2,A,4.95,3.8,1.75,4.95,3.88,1.89,4.34,3.68,1.79,,,,,,,,,,,,,,
DNK,Superliga,2023/2024,06/08/2023,15:00,Lyngby,Midtjylland,4,1,H,3.15,3.32,2.41,3.25,3.55,2.42,3.08,3.29,2.32,,,,,,,,,,,,,,
DNK,Superliga,2023/2024,06/08/2023,17:00,Nordsjaelland,Brondby,3,1,H,1.79,4.14,4.25,1.84,4.33,4.4,1.77,4.01,4.06,,,,,,,,,,,,,,
DNK,Superliga,2023/2024,07/08/2023,18:00,Odense,Viborg,1,2,A,2.45,3.5,2.95,2.49,3.6,3.04,2.36,3.43,2.88,,,,,,,,,,,,,,
DNK,Superliga,2023/2024,11/08/2023,18:00,FC Copenhagen,Odense,2,1,H,1.41,5.2,7.32,1.43,5.55,8.1,1.39,5.05,7.15,,,,,,,,,,,,,,
DNK,Superliga,2023/2024,13/08/2023,13:00,Randers FC,Nordsjaelland,0,5,A,3.79,3.86,1.95,3.82,3.92,1.97,3.6,3.76,1.93,,,,,,,,,,,,,,
DNK,Superliga,2023/2024,13/08/2023,13:00,Vejle,Midtjylland,1,2,A,3.18,3.46,2.32,3.35,3.5,2.45,2.99,3.37,2.34,,,,,,,,,,,,,,
DNK,Superliga,2023/2024,13/08/2023,15:00,Brondby,Lyngby,3,0,H,1.83,4.07,4.12,1.85,4.07,4.4,1.81,3.81,4.07,,,,,,,,,,,,,,
DNK,Superliga,2023/2024,13/08/2023,17:00,Aarhus,Silkeborg,2,2,D,2.12,3.4,3.72,2.16,3.7,3.8,2.05,3.39,3.62,,,,,,,,,,,,,,
DNK,Superliga,2023/2024,14/08/2023,18:00,Viborg,Hvidovre IF,0,0,D,1.41,5.02,7.71,1.44,5.1,8.1,1.4,4.84,7.25,,,,,,,,,,,,,,
DNK,Superliga,2023/2024,18/08/2023,18:00,Hvidovre IF,FC Copenhagen,0,2,A,5.14,4.09,1.67,5.6,4.39,1.67,5.06,4.07,1.63,,,,,,,,,,,,,,
DNK,Superliga,2023/2024,20/08/2023,13:00,Silkeborg,Nordsjaelland,2,0,H,2.95,3.75,2.34,3.2,3.86,2.34,2.96,3.67,2.22,,,,,,,,,,,,,,
DNK,Superliga,2023/2024,20/08/2023,15:00,Lyngby,Randers FC,1,0,H,2.32,3.52,3.15,2.32,3.6,3.25,2.24,3.42,3.11,,,,,,,,,,,,,,
DNK,Superliga,2023/2024,20/08/2023,17:00,Midtjylland,Brondby,0,1,A,2.25,3.58,3.24,2.33,3.68,3.34,2.21,3.45,3.14,,,,,,,,,,,,,,
DNK,Superliga,2023/2024,20/08/2023,19:00,Odense,Aarhus,1,1,D,3.2,3.51,2.29,3.28,3.52,2.38,3.07,3.39,2.27,,,,,,,,,,,,,,
DNK,Superliga,2023/2024,21/08/2023,18:00,Viborg,Vejle,2,1,H,1.75,4.05,4.56,1.77,4.1,5,1.72,3.9,4.52,,,,,,,,,,,,,,
DNK,Superliga,2023/2024,25/08/2023,17:30,Randers FC,Viborg,1,0,H,3.36,3.53,2.21,3.36,3.66,2.24,3.16,3.52,2.19,,,,,,,,,,,,,,
DNK,Superliga,2023/2024,26/08/2023,15:00,FC Copenhagen,Silkeborg,1,3,A,1.72,4.07,4.73,1.73,4.2,5.06,1.69,4.05,4.6,,,,,,,,,,,,,,
DNK,Superliga,2023/2024,27/08/2023,13:00,Aarhus,Lyngby,1,0,H,1.72,3.85,5.07,1.78,3.87,6,1.72,3.69,4.87,,,,,,,,,,,,,,
DNK,Superliga,2023/2024,27/08/2023,15:00,Hvidovre IF,Odense,1,5,A,3.24,3.73,2.19,3.47,3.81,2.19,3.18,3.69,2.12,,,,,,,,,,,,,,
DNK,Superliga,2023/2024,27/08/2023,17:00,Nordsjaelland,Midtjylland,3,0,H,1.65,4.21,5.15,1.73,4.41,5.45,1.65,4.07,4.89,,,,,,,,,,,,,,
DNK,Superliga,2023/2024,28/08/2023,18:00,Vejle,Brondby,0,1,A,4.05,3.53,1.98,4.05,3.81,2.08,3.71,3.51,1.99,,,,,,,,,,,,,,
DNK,Superliga,2023/2024,01/09/2023,18:00,Odense,Vejle,1,2,A,1.96,3.67,3.97,2.01,3.75,4,1.94,3.59,3.8,,,,,,,,,,,,,,
DNK,Superliga,2023/2024,03/09/2023,13:00,Lyngby,Nordsjaelland,1,1,D,4.6,3.9,1.78,4.88,3.92,1.82,4.41,3.75,1.78,,,,,,,,,,,,,,
DNK,Superliga,2023/2024,03/09/2023,13:00,Silkeborg,Hvidovre IF,1,0,H,1.43,4.99,7.77,1.44,5.2,8.19,1.4,4.91,7.37,,,,,,,,,,,,,,
DNK,Superliga,2023/2024,03/09/2023,15:00,Brondby,Randers FC,3,1,H,1.62,3.94,6.02,1.68,4.11,6.02,1.62,3.91,5.47,,,,,,,,,,,,,,
DNK,Superliga,2023/2024,03/09/2023,17:00,FC Copenhagen,Viborg,2,0,H,1.7,4.14,4.78,1.74,4.4,5.25,1.67,4.08,4.76,,,,,,,,,,,,,,
DNK,Superliga,2023/2024,03/09/2023,19:00,Midtjylland,Aarhus,1,1,D,2.79,3.11,2.84,2.79,3.26,2.98,2.68,3.05,2.8,,,,,,,,,,,,,,
DNK,Superliga,2023/2024,15/09/2023,18:00,Viborg,Midtjylland,2,2,D,2.97,3.45,2.46,2.97,3.55,2.63,2.77,3.4,2.49,,,,,,,,,,,,,,
DNK,Superliga,2023/2024,16/09/2023,15:00,Nordsjaelland,FC Copenhagen,2,2,D,2.15,3.89,3.2,2.32,4.05,3.3,2.16,3.78,3.08,,,,,,,,,,,,,,
DNK,Superliga,2023/2024,17/09/2023,13:00,Vejle,Randers FC,1,2,A,2.36,3.2,3.38,2.36,3.45,3.45,2.3,3.22,3.21,,,,,,,,,,,,,,
DNK,Superliga,2023/2024,17/09/2023,15:00,Hvidovre IF,Lyngby,0,1,A,3.36,3.5,2.22,3.36,3.58,2.29,3.18,3.45,2.2,,,,,,,,,,,,,,
DNK,Superliga,2023/2024,17/09/2023,17:00,Aarhus,Brondby,0,3,A,2.52,3.17,3.11,2.52,3.34,3.17,2.42,3.16,3.04,,,,,,,,,,,,,,
DNK,Superliga,2023/2024,18/09/2023,18:00,Odense,Silkeborg,0,3,A,3.03,3.73,2.29,3.03,3.79,2.32,2.93,3.64,2.27,,,,,,,,,,,,,,
DNK,Superliga,2023/2024,22/09/2023,18:00,Lyngby,Vejle,1,1,D,2.05,3.41,3.94,2.1,3.59,3.94,2.03,3.39,3.71,,,,,,,,,,,,,,
DNK,Superliga,2023/2024,24/09/2023,13:00,Brondby,FC Copenhagen,2,3,A,2.89,3.52,2.48,3,3.66,2.53,2.81,3.48,2.43,,,,,,,,,,,,,,
DNK,Superliga,2023/2024,24/09/2023,13:00,Silkeborg,Viborg,2,0,H,1.95,3.84,3.83,2.04,4.02,4,1.95,3.71,3.67,,,,,,,,,,,,,,
DNK,Superliga,2023/2024,24/09/2023,15:00,Randers FC,Aarhus,1,1,D,3.36,3.11,2.41,3.5,3.28,2.42,3.31,3.1,2.32,,,,,,,,,,,,,,
DNK,Superliga,2023/2024,24/09/2023,17:00,Midtjylland,Odense,2,1,H,1.63,4.26,5.35,1.69,4.3,5.82,1.61,4.12,5.19,,,,,,,,,,,,,,
DNK,Superliga,2023/2024,25/09/2023,18:00,Nordsjaelland,Hvidovre IF,0,0,D,1.27,6.3,9.95,1.28,8.08,12.69,1.24,6.47,10.32,,,,,,,,,,,,,,
DNK,Superliga,2023/2024,30/09/2023,14:00,FC Copenhagen,Midtjylland,0,2,A,1.98,3.75,3.81,2.03,3.84,4.27,1.96,3.63,3.73,,,,,,,,,,,,,,
DNK,Superliga,2023/2024,01/10/2023,13:00,Randers FC,Silkeborg,1,0,H,3.32,3.42,2.27,3.47,3.75,2.31,3.23,3.43,2.2,,,,,,,,,,,,,,
DNK,Superliga,2023/2024,01/10/2023,13:00,Vejle,Nordsjaelland,0,0,D,5.5,4.07,1.64,5.5,4.07,1.7,5.05,3.91,1.66,,,,,,,,,,,,,,
DNK,Superliga,2023/2024,01/10/2023,15:00,Hvidovre IF,Brondby,0,3,A,7.69,5.03,1.41,7.69,5.05,1.5,6.92,4.81,1.43,,,,,,,,,,,,,,
DNK,Superliga,2023/2024,01/10/2023,17:00,Viborg,Aarhus,2,1,H,2.72,3.11,2.91,2.95,3.32,2.93,2.68,3.1,2.77,,,,,,,,,,,,,,
DNK,Superliga,2023/2024,02/10/2023,18:00,Odense,Lyngby,1,2,A,2.44,3.48,2.97,2.46,3.62,3.15,2.33,3.43,2.97,,,,,,,,,,,,,,
DNK,Superliga,2023/2024,06/10/2023,18:00,Silkeborg,Lyngby,5,0,H,1.82,3.87,4.39,1.82,4.1,4.7,1.76,3.9,4.31,,,,,,,,,,,,,,
DNK,Superliga,2023/2024,08/10/2023,13:00,Nordsjaelland,Odense,0,1,A,1.32,5.91,8.98,1.38,6,9.25,1.32,5.55,8.29,,,,,,,,,,,,,,
DNK,Superliga,2023/2024,08/10/2023,13:00,Vejle,Hvidovre IF,3,1,H,1.86,3.66,4.44,1.96,3.76,4.5,1.83,3.58,4.27,,,,,,,,,,,,,,
DNK,Superliga,2023/2024,08/10/2023,15:00,Brondby,Viborg,1,0,H,1.55,4.52,5.88,1.64,4.6,5.9,1.54,4.37,5.56,,,,,,,,,,,,,,
DNK,Superliga,2023/2024,08/10/2023,17:00,Midtjylland,Randers FC,2,2,D,1.6,4.17,5.74,1.61,4.4,6.2,1.57,4.05,5.73,,,,,,,,,,,,,,
DNK,Superliga,2023/2024,08/10/2023,19:00,Aarhus,FC Copenhagen,1,1,D,3.4,3.27,2.31,3.47,3.35,2.41,3.25,3.23,2.25,,,,,,,,,,,,,,
DNK,Superliga,2023/2024,20/10/2023,18:00,Hvidovre IF,Silkeborg,1,2,A,5.14,3.87,1.71,5.2,4,1.71,4.89,3.85,1.69,,,,,,,,,,,,,,
DNK,Superliga,2023/2024,21/10/2023,16:00,FC Copenhagen,Vejle,2,1,H,1.32,5.74,10.41,1.39,5.9,10.41,1.31,5.43,9.05,,,,,,,,,,,,,,
DNK,Superliga,2023/2024,22/10/2023,13:00,Lyngby,Aarhus,0,2,A,3.4,3.31,2.28,3.45,3.6,2.29,3.25,3.31,2.23,,,,,,,,,,,,,,
DNK,Superliga,2023/2024,22/10/2023,15:00,Viborg,Nordsjaelland,0,2,A,4.59,3.96,1.77,4.7,4.25,1.81,4.36,3.89,1.76,,,,,,,,,,,,,,
DNK,Superliga,2023/2024,22/10/2023,17:00,Randers FC,Brondby,2,2,D,4.08,3.61,1.95,4.2,3.75,2.04,3.83,3.58,1.93,,,,,,,,,,,,,,
DNK,Superliga,2023/2024,23/10/2023,18:00,Odense,Midtjylland,1,2,A,4.03,3.71,1.93,4.1,3.88,1.97,3.83,3.68,1.91,,,,,,,,,,,,,,
DNK,Superliga,2023/2024,27/10/2023,18:00,Midtjylland,Lyngby,2,1,H,1.56,4.25,6.14,1.57,4.5,7,1.54,4.24,5.82,,,,,,,,,,,,,,
DNK,Superliga,2023/2024,28/10/2023,16:00,FC Copenhagen,Hvidovre IF,4,0,H,1.19,7.77,13.41,1.22,7.9,15,1.19,7.05,13.28,,,,,,,,,,,,,,
DNK,Superliga,2023/2024,29/10/2023,13:00,Vejle,Viborg,1,1,D,2.96,3.31,2.55,3.09,3.41,2.65,2.93,3.25,2.43,,,,,,,,,,,,,,
DNK,Superliga,2023/2024,29/10/2023,15:00,Silkeborg,Odense,0,0,D,1.71,4.1,4.82,1.73,4.3,5.3,1.65,4.04,4.87,,,,,,,,,,,,,,
DNK,Superliga,2023/2024,29/10/2023,17:00,Brondby,Nordsjaelland,2,1,H,2.69,3.53,2.64,2.72,3.9,2.71,2.56,3.51,2.61,,,,,,,,,,,,,,
DNK,Superliga,2023/2024,30/10/2023,18:00,Aarhus,Randers FC,2,1,H,1.96,3.32,4.48,2.05,3.57,4.5,1.96,3.3,4.12,,,,,,,,,,,,,,
DNK,Superliga,2023/2024,04/11/2023,15:30,Lyngby,Odense,2,2,D,2.49,3.53,2.88,2.5,3.53,2.88,2.42,3.45,2.78,,,,,,,,,,,,,,
DNK,Superliga,2023/2024,05/11/2023,13:00,Nordsjaelland,Vejle,1,0,H,1.3,5.81,10.37,1.32,5.9,11,1.29,5.58,9.81,,,,,,,,,,,,,,
DNK,Superliga,2023/2024,05/11/2023,13:00,Viborg,Silkeborg,2,1,H,2.57,3.55,2.76,2.65,3.6,2.86,2.49,3.46,2.71,,,,,,,,,,,,,,
DNK,Superliga,2023/2024,05/11/2023,15:00,Randers FC,FC Copenhagen,2,4,A,5.16,4.1,1.67,5.3,4.32,1.67,4.99,4.04,1.63,,,,,,,,,,,,,,
DNK,Superliga,2023/2024,05/11/2023,17:00,Hvidovre IF,Midtjylland,1,4,A,8.26,5.09,1.39,8.26,5.25,1.44,7.52,4.88,1.39,,,,,,,,,,,,,,
DNK,Superliga,2023/2024,06/11/2023,18:00,Brondby,Aarhus,1,1,D,2.1,3.32,3.89,2.13,3.66,4.05,2.05,3.3,3.76,,,,,,,,,,,,,,
DNK,Superliga,2023/2024,10/11/2023,18:00,Silkeborg,Randers FC,1,1,D,1.93,3.75,4.01,1.94,3.83,4.33,1.87,3.68,4,,,,,,,,,,,,,,
DNK,Superliga,2023/2024,12/11/2023,11:00,FC Copenhagen,Brondby,0,0,D,1.9,3.71,4.18,1.91,4.3,4.5,1.84,3.69,4.14,,,,,,,,,,,,,,
DNK,Superliga,2023/2024,12/11/2023,13:00,Vejle,Lyngby,1,0,H,2.57,3.3,2.93,2.66,3.4,2.95,2.51,3.28,2.82,,,,,,,,,,,,,,
DNK,Superliga,2023/2024,12/11/2023,15:00,Midtjylland,Nordsjaelland,2,0,H,2.34,3.55,3.09,2.47,3.61,3.09,2.33,3.49,2.9,,,,,,,,,,,,,,
DNK,Superliga,2023/2024,12/11/2023,17:00,Odense,Hvidovre IF,0,2,A,1.54,4.49,6.1,1.55,4.6,6.75,1.51,4.39,5.97,,,,,,,,,,,,,,
DNK,Superliga,2023/2024,12/11/2023,19:00,Aarhus,Viborg,2,0,H,2.17,3.28,3.73,2.21,3.39,3.77,2.11,3.26,3.56,,,,,,,,,,,,,,
DNK,Superliga,2023/2024,24/11/2023,18:00,Hvidovre IF,Vejle,1,1,D,3.11,3.45,2.37,3.21,3.45,2.43,3.01,3.36,2.34,,,,,,,,,,,,,,
DNK,Superliga,2023/2024,25/11/2023,18:00,Viborg,FC Copenhagen,2,1,H,4.18,3.83,1.87,4.27,3.9,1.89,4.04,3.78,1.83,,,,,,,,,,,,,,
DNK,Superliga,2023/2024,26/11/2023,13:00,Nordsjaelland,Aarhus,0,0,D,1.85,3.42,4.87,1.92,3.54,5.02,1.83,3.42,4.56,,,,,,,,,,,,,,
DNK,Superliga,2023/2024,26/11/2023,15:00,Randers FC,Odense,0,1,A,1.95,3.55,4.15,2,3.65,4.2,1.95,3.5,3.86,,,,,,,,,,,,,,
DNK,Superliga,2023/2024,26/11/2023,17:00,Lyngby,Brondby,3,3,D,4.85,3.78,1.77,4.9,3.9,1.82,4.53,3.72,1.76,,,,,,,,,,,,,,
DNK,Superliga,2023/2024,27/11/2023,18:00,Silkeborg,Midtjylland,1,4,A,3.16,3.48,2.31,3.28,3.62,2.38,3.08,3.42,2.27,,,,,,,,,,,,,,
DNK,Superliga,2023/2024,01/12/2023,18:00,Randers FC,Vejle,0,0,D,2.04,3.47,3.89,2.1,3.56,3.96,2.02,3.41,3.7,,,,,,,,,,,,,,
DNK,Superliga,2023/2024,03/12/2023,13:00,Lyngby,Silkeborg,2,0,H,3.15,3.54,2.31,3.2,3.54,2.42,3.03,3.41,2.3,,,,,,,,,,,,,,
DNK,Superliga,2023/2024,03/12/2023,13:00,Odense,Nordsjaelland,1,1,D,4.09,3.65,1.93,4.25,3.8,1.96,4.03,3.6,1.87,,,,,,,,,,,,,,
DNK,Superliga,2023/2024,03/12/2023,15:00,Brondby,Hvidovre IF,4,0,H,1.2,7.28,13.91,1.26,7.28,14.5,1.21,6.57,12.6,,,,,,,,,,,,,,
DNK,Superliga,2023/2024,03/12/2023,17:00,FC Copenhagen,Aarhus,1,2,A,1.67,3.69,5.97,1.84,3.88,6,1.67,3.61,5.53,,,,,,,,,,,,,,
DNK,Superliga,2023/2024,04/12/2023,18:00,Midtjylland,Viborg,5,1,H,1.54,4.35,6.36,1.56,4.67,7,1.51,4.3,6.06,,,,,,,,,,,,,,
DNK,Superliga,2023/2024,16/02/2024,18:00,Viborg,Odense,1,2,A,2.26,3.54,3.24,2.32,3.6,3.24,2.22,3.47,3.1,,,,,,,,,,,,,,
DNK,Superliga,2023/2024,18/02/2024,13:00,Hvidovre IF,Randers FC,1,3,A,4.56,3.86,1.79,4.75,3.87,1.83,4.38,3.7,1.77,,,,,,,,,,,,,,
DNK,Superliga,2023/2024,18/02/2024,13:00,Nordsjaelland,Lyngby,3,2,H,1.4,4.93,8.16,1.46,5.5,8.16,1.4,4.83,7.06,,,,,,,,,,,,,,
DNK,Superliga,2023/2024,18/02/2024,15:00,Silkeborg,FC Copenhagen,0,3,A,4.42,3.69,1.85,4.5,4,1.94,4.26,3.75,1.79,,,,,,,,,,,,,,
DNK,Superliga,2023/2024,18/02/2024,17:00,Brondby,Midtjylland,1,0,H,2.45,3.34,3.07,2.52,3.6,3.07,2.41,3.36,2.85,,,,,,,,,,,,,,
DNK,Superliga,2023/2024,19/02/2024,18:00,Vejle,Aarhus,0,0,D,3.6,3.06,2.33,3.7,3.06,2.35,3.55,2.97,2.25,,,,,,,,,,,,,,
DNK,Superliga,2023/2024,23/02/2024,18:00,Randers FC,Lyngby,1,0,H,2.05,3.52,3.82,2.1,3.7,3.82,2.02,3.5,3.56,,,,,,,,,,,,,,
DNK,Superliga,2023/2024,25/02/2024,13:00,Hvidovre IF,Viborg,2,2,D,5.47,4.03,1.65,5.6,4.2,1.67,5.12,4.02,1.62,,,,,,,,,,,,,,
DNK,Superliga,2023/2024,25/02/2024,13:00,Vejle,Silkeborg,2,0,H,3.26,3.32,2.35,3.4,3.42,2.51,3.07,3.28,2.33,,,,,,,,,,,,,,
DNK,Superliga,2023/2024,25/02/2024,15:00,Odense,Brondby,0,3,A,3.67,3.58,2.07,3.8,3.6,2.11,3.52,3.5,2.03,,,,,,,,,,,,,,
DNK,Superliga,2023/2024,25/02/2024,17:00,Aarhus,Midtjylland,2,3,A,3.16,3.19,2.48,3.2,3.25,2.48,3.1,3.07,2.41,,,,,,,,,,,,,,
DNK,Superliga,2023/2024,26/02/2024,18:00,FC Copenhagen,Nordsjaelland,2,0,H,2.06,3.59,3.7,2.08,3.65,3.71,2,3.54,3.58,,,,,,,,,,,,,,
DNK,Superliga,2023/2024,01/03/2024,18:00,Midtjylland,FC Copenhagen,2,0,H,3.53,3.49,2.15,3.53,3.6,2.25,3.31,3.4,2.15,,,,,,,,,,,,,,
DNK,Superliga,2023/2024,03/03/2024,13:00,Lyngby,Hvidovre IF,2,4,A,1.6,4.41,5.45,1.64,4.5,5.5,1.58,4.25,5.1,,,,,,,,,,,,,,
DNK,Superliga,2023/2024,03/03/2024,13:00,Viborg,Randers FC,3,0,H,2.57,3.35,2.9,2.57,3.45,3.15,2.45,3.29,2.86,,,,,,,,,,,,,,
DNK,Superliga,2023/2024,03/03/2024,15:00,Brondby,Vejle,1,1,D,1.56,4.16,6.37,1.58,4.2,6.5,1.54,4.01,6.04,,,,,,,,,,,,,,
DNK,Superliga,2023/2024,03/03/2024,17:00,Aarhus,Odense,1,1,D,1.85,3.61,4.55,1.86,3.64,4.75,1.81,3.51,4.48,,,,,,,,,,,,,,
DNK,Superliga,2023/2024,04/03/2024,18:00,Nordsjaelland,Silkeborg,3,1,H,1.51,4.76,6.72,1.51,4.9,6.9,1.47,4.63,6.16,,,,,,,,,,,,,,
DNK,Superliga,2023/2024,08/03/2024,18:00,Hvidovre IF,Nordsjaelland,1,2,A,10.58,6.15,1.27,11,6.3,1.3,9.93,5.81,1.27,,,,,,,,,,,,,,
DNK,Superliga,2023/2024,10/03/2024,13:00,Silkeborg,Aarhus,0,1,A,2.92,3.09,2.73,2.92,3.16,2.8,2.79,3.03,2.68,,,,,,,,,,,,,,
DNK,Superliga,2023/2024,10/03/2024,13:00,Vejle,Odense,0,1,A,2.76,3.08,2.89,2.99,3.25,2.89,2.75,3.13,2.67,,,,,,,,,,,,,,
DNK,Superliga,2023/2024,10/03/2024,15:00,FC Copenhagen,Lyngby,4,0,H,1.3,6,11.22,1.31,6.01,11.25,1.28,5.54,9.82,,,,,,,,,,,,,,
DNK,Superliga,2023/2024,10/03/2024,17:00,Viborg,Brondby,1,2,A,3.7,3.79,2,4,3.79,2.02,3.68,3.63,1.94,,,,,,,,,,,,,,
DNK,Superliga,2023/2024,11/03/2024,18:00,Randers FC,Midtjylland,0,1,A,3.45,3.54,2.17,3.65,3.56,2.2,3.41,3.4,2.11,,,,,,,,,,,,,,
DNK,Superliga,2023/2024,17/03/2024,16:00,Aarhus,Hvidovre IF,1,0,H,1.5,4.39,7.02,1.53,4.5,7.02,1.49,4.16,6.47,,,,,,,,,,,,,,
DNK,Superliga,2023/2024,17/03/2024,16:00,Brondby,Silkeborg,4,1,H,1.65,4.1,5.32,1.66,4.1,5.75,1.61,3.92,5.31,,,,,,,,,,,,,,
DNK,Superliga,2023/2024,17/03/2024,16:00,Lyngby,Viborg,2,0,H,3,3.29,2.52,3.05,3.45,2.52,2.88,3.28,2.43,,,,,,,,,,,,,,
DNK,Superliga,2023/2024,17/03/2024,16:00,Midtjylland,Vejle,3,0,H,1.47,4.47,7.52,1.5,4.5,7.52,1.47,4.28,6.69,,,,,,,,,,,,,,
DNK,Superliga,2023/2024,17/03/2024,16:00,Nordsjaelland,Randers FC,1,1,D,1.56,4.37,5.94,1.59,4.37,6.2,1.55,4.18,5.5,,,,,,,,,,,,,,
DNK,Superliga,2023/2024,17/03/2024,16:00,Odense,FC Copenhagen,0,2,A,5.21,4.18,1.65,5.33,4.23,1.67,5.03,3.98,1.63,,,,,,,,,,,,,,
DNK,Superliga,2023/2024,31/03/2024,13:00,Randers FC,Lyngby,6,2,H,1.86,3.65,4.34,1.9,3.8,4.6,1.83,3.6,4.17,,,,,,,,,,,,,,
DNK,Superliga,2023/2024,31/03/2024,15:00,Viborg,Hvidovre IF,3,1,H,1.55,4.31,5.97,1.57,4.4,6,1.55,4.21,5.57,,,,,,,,,,,,,,
DNK,Superliga,2023/2024,01/04/2024,13:00,FC Copenhagen,Brondby,1,2,A,1.86,3.65,4.33,1.93,3.75,4.33,1.86,3.56,4.05,,,,,,,,,,,,,,
DNK,Superliga,2023/2024,01/04/2024,15:00,Midtjylland,Nordsjaelland,2,3,A,2.4,3.57,2.93,2.42,3.8,3.25,2.29,3.54,2.92,,,,,,,,,,,,,,
DNK,Superliga,2023/2024,01/04/2024,17:00,Silkeborg,Aarhus,2,2,D,2.42,3.14,3.27,2.55,3.28,3.31,2.39,3.12,3.11,,,,,,,,,,,,,,
DNK,Superliga,2023/2024,02/04/2024,18:00,Odense,Vejle,0,1,A,1.88,3.53,4.43,1.9,3.65,4.6,1.84,3.52,4.3,,,,,,,,,,,,,,
DNK,Superliga,2023/2024,05/04/2024,18:00,Lyngby,Odense,0,0,D,3.2,3.49,2.27,3.23,3.6,2.35,3.08,3.43,2.25,,,,,,,,,,,,,,
DNK,Superliga,2023/2024,07/04/2024,13:00,Hvidovre IF,Randers FC,1,3,A,4.63,4.09,1.72,4.75,4.1,1.73,4.53,3.92,1.7,,,,,,,,,,,,,,
DNK,Superliga,2023/2024,07/04/2024,13:00,Vejle,Viborg,1,1,D,2.78,3.16,2.76,2.78,3.4,2.76,2.69,3.25,2.61,,,,,,,,,,,,,,
DNK,Superliga,2023/2024,07/04/2024,15:00,Nordsjaelland,FC Copenhagen,2,1,H,2.54,3.53,2.76,2.8,3.76,2.76,2.52,3.53,2.62,,,,,,,,,,,,,,
DNK,Superliga,2023/2024,07/04/2024,17:00,Aarhus,Midtjylland,0,1,A,3.68,3.35,2.13,3.93,3.44,2.17,3.64,3.3,2.06,,,,,,,,,,,,,,
DNK,Superliga,2023/2024,08/04/2024,18:00,Brondby,Silkeborg,1,1,D,1.48,4.59,6.58,1.5,4.61,7,1.46,4.4,6.53,,,,,,,,,,,,,,
DNK,Superliga,2023/2024,12/04/2024,18:00,Odense,Viborg,1,3,A,2.51,3.26,3.01,2.51,3.45,3.1,2.42,3.26,2.93,,,,,,,,,,,,,,
DNK,Superliga,2023/2024,14/04/2024,13:00,Lyngby,Hvidovre IF,1,1,D,1.99,3.79,3.64,2.04,4,4.33,1.9,3.76,3.71,,,,,,,,,,,,,,
DNK,Superliga,2023/2024,14/04/2024,13:00,Vejle,Randers FC,1,2,A,3.71,3.24,2.17,3.83,3.3,2.26,3.53,3.22,2.14,,,,,,,,,,,,,,
DNK,Superliga,2023/2024,14/04/2024,15:00,Aarhus,Brondby,2,2,D,5.03,3.53,1.79,5.75,3.62,1.82,5.07,3.44,1.74,,,,,,,,,,,,,,
DNK,Superliga,2023/2024,14/04/2024,17:00,Midtjylland,FC Copenhagen,2,2,D,3.14,3.5,2.3,3.19,3.58,2.38,3.06,3.44,2.24,,,,,,,,,,,,,,
DNK,Superliga,2023/2024,15/04/2024,18:00,Silkeborg,Nordsjaelland,0,1,A,4.04,3.71,1.91,4.05,3.83,1.95,3.81,3.69,1.89,,,,,,,,,,,,,,
DNK,Superliga,2023/2024,19/04/2024,18:00,Randers FC,Odense,2,2,D,1.81,3.72,4.51,1.83,3.78,4.75,1.79,3.62,4.38,,,,,,,,,,,,,,
DNK,Superliga,2023/2024,21/04/2024,13:00,Hvidovre IF,Vejle,2,1,H,3.26,3.48,2.25,3.3,3.5,2.33,3.16,3.41,2.21,,,,,,,,,,,,,,
DNK,Superliga,2023/2024,21/04/2024,13:00,Viborg,Lyngby,2,1,H,1.72,3.98,4.72,1.74,4.01,4.9,1.7,3.89,4.58,,,,,,,,,,,,,,
DNK,Superliga,2023/2024,21/04/2024,15:00,FC Copenhagen,Silkeborg,2,0,H,1.37,5.08,8.33,1.42,5.25,8.85,1.37,4.92,7.77,,,,,,,,,,,,,,
DNK,Superliga,2023/2024,21/04/2024,17:00,Brondby,Midtjylland,2,1,H,2.14,3.38,3.62,2.17,3.5,3.62,2.11,3.35,3.45,,,,,,,,,,,,,,
DNK,Superliga,2023/2024,22/04/2024,18:00,Nordsjaelland,Aarhus,7,2,H,1.57,4.19,5.96,1.6,4.33,6,1.56,4.04,5.67,,,,,,,,,,,,,,
DNK,Superliga,2023/2024,26/04/2024,18:00,Lyngby,Vejle,1,1,D,2.65,3.17,2.9,2.65,3.41,3,2.49,3.23,2.82,,,,,,,,,,,,,,
DNK,Superliga,2023/2024,28/04/2024,13:00,Odense,Hvidovre IF,1,2,A,1.6,4.4,5.2,1.63,4.75,5.4,1.58,4.28,4.96,,,,,,,,,,,,,,
DNK,Superliga,2023/2024,28/04/2024,13:00,Viborg,Randers FC,0,0,D,2.61,3.54,2.68,2.61,3.6,2.73,2.5,3.46,2.65,,,,,,,,,,,,,,
DNK,Superliga,2023/2024,28/04/2024,15:00,Nordsjaelland,Brondby,1,1,D,1.93,3.7,3.98,1.95,3.85,4,1.9,3.64,3.79,,,,,,,,,,,,,,
DNK,Superliga,2023/2024,28/04/2024,17:00,FC Copenhagen,Aarhus,3,2,H,1.39,4.65,9.22,1.4,4.75,9.5,1.37,4.56,8.6,,,,,,,,,,,,,,
DNK,Superliga,2023/2024,29/04/2024,18:00,Silkeborg,Midtjylland,3,0,H,3.55,3.55,2.1,3.75,3.62,2.14,3.45,3.51,2.04,,,,,,,,,,,,,,
DNK,Superliga,2023/2024,03/05/2024,18:00,Aarhus,Nordsjaelland,1,3,A,6.38,4.28,1.53,6.38,4.55,1.57,5.81,4.25,1.52,,,,,,,,,,,,,,
DNK,Superliga,2023/2024,05/05/2024,13:00,Hvidovre IF,Viborg,0,1,A,3.75,3.87,1.94,3.8,4,1.95,3.58,3.83,1.9,,,,,,,,,,,,,,
DNK,Superliga,2023/2024,05/05/2024,13:00,Lyngby,Randers FC,2,1,H,3.8,3.79,1.94,3.85,3.79,2.02,3.66,3.61,1.94,,,,,,,,,,,,,,
DNK,Superliga,2023/2024,05/05/2024,15:00,Silkeborg,FC Copenhagen,0,3,A,5.34,4.62,1.56,5.75,4.7,1.57,5.34,4.41,1.54,,,,,,,,,,,,,,
DNK,Superliga,2023/2024,05/05/2024,17:00,Midtjylland,Brondby,3,2,H,2.4,3.56,2.93,2.47,3.6,3,2.34,3.46,2.87,,,,,,,,,,,,,,
DNK,Superliga,2023/2024,06/05/2024,18:00,Vejle,Odense,3,2,H,2.47,3.16,3.14,2.6,3.2,3.14,2.43,3.12,2.99,,,,,,,,,,,,,,
DNK,Superliga,2023/2024,10/05/2024,18:00,Odense,Lyngby,1,2,A,2.31,3.53,3.1,2.4,3.6,3.2,2.28,3.41,3.02,,,,,,,,,,,,,,
DNK,Superliga,2023/2024,12/05/2024,13:00,Randers FC,Hvidovre IF,2,2,D,1.51,4.68,5.93,1.55,5.1,6.34,1.5,4.65,5.46,,,,,,,,,,,,,,
DNK,Superliga,2023/2024,12/05/2024,13:00,Viborg,Vejle,1,2,A,2.08,3.5,3.67,2.1,3.72,4.25,2.01,3.46,3.59,,,,,,,,,,,,,,
DNK,Superliga,2023/2024,12/05/2024,15:00,Brondby,FC Copenhagen,1,3,A,3.19,3.44,2.3,3.26,3.55,2.3,3.12,3.39,2.23,,,,,,,,,,,,,,
DNK,Superliga,2023/2024,12/05/2024,17:00,Midtjylland,Aarhus,2,1,H,1.53,4.44,5.99,1.57,5.01,7.2,1.51,4.34,5.86,,,,,,,,,,,,,,
DNK,Superliga,2023/2024,12/05/2024,19:00,Nordsjaelland,Silkeborg,4,1,H,1.31,6.04,9.35,1.35,6.04,9.7,1.3,5.55,8.61,,,,,,,,,,,,,,
DNK,Superliga,2023/2024,15/05/2024,17:00,Randers FC,Viborg,1,0,H,2.22,3.79,3.08,2.26,3.86,3.1,2.19,3.69,2.99,,,,,,,,,,,,,,
DNK,Superliga,2023/2024,15/05/2024,17:00,Vejle,Lyngby,1,0,H,2.19,3.15,3.76,2.25,3.18,3.8,2.18,3.06,3.62,,,,,,,,,,,,,,
DNK,Superliga,2023/2024,15/05/2024,19:00,Brondby,Nordsjaelland,1,0,H,2.77,3.61,2.49,2.88,3.65,2.53,2.74,3.53,2.42,,,,,,,,,,,,,,
DNK,Superliga,2023/2024,16/05/2024,17:00,Aarhus,Silkeborg,0,1,A,2.09,3.29,3.87,2.2,3.46,3.87,2.08,3.27,3.63,,,,,,,,,,,,,,
DNK,Superliga,2023/2024,16/05/2024,17:00,Hvidovre IF,Odense,1,2,A,2.73,3.89,2.41,2.88,3.91,2.45,2.68,3.74,2.37,,,,,,,,,,,,,,
DNK,Superliga,2023/2024,16/05/2024,19:00,FC Copenhagen,Midtjylland,1,2,A,1.78,3.95,4.44,1.79,4.1,4.51,1.74,3.9,4.3,,,,,,,,,,,,,,
DNK,Superliga,2023/2024,19/05/2024,13:00,Odense,Randers FC,2,0,H,3.22,3.86,2.13,3.25,3.86,2.28,3.06,3.69,2.15,,,,,,,,,,,,,,
DNK,Superliga,2023/2024,20/05/2024,13:00,Lyngby,Viborg,3,1,H,3.06,3.42,2.38,3.06,3.56,2.5,2.92,3.41,2.34,,,,,,,,,,,,,,
DNK,Superliga,2023/2024,20/05/2024,13:00,Vejle,Hvidovre IF,2,0,H,1.56,4.27,5.49,1.59,4.5,5.75,1.55,4.27,5.36,,,,,,,,,,,,,,
DNK,Superliga,2023/2024,20/05/2024,15:00,Silkeborg,Brondby,0,2,A,3.85,3.97,1.89,4.33,4.1,1.94,3.78,3.84,1.86,,,,,,,,,,,,,,
DNK,Superliga,2023/2024,20/05/2024,17:00,Nordsjaelland,Midtjylland,3,3,D,1.79,4.22,4.04,1.91,4.26,4.25,1.77,4.13,3.88,,,,,,,,,,,,,,
DNK,Superliga,2023/2024,21/05/2024,18:00,Aarhus,FC Copenhagen,3,2,H,7.8,5.16,1.38,9,5.3,1.42,7.52,4.93,1.37,,,,,,,,,,,,,,
DNK,Superliga,2023/2024,25/05/2024,14:00,Hvidovre IF,Lyngby,0,0,D,3.35,3.73,2.06,3.66,3.82,2.14,3.38,3.66,2.02,,,,,,,,,,,,,,
DNK,Superliga,2023/2024,25/05/2024,14:00,Randers FC,Vejle,1,0,H,1.58,4.38,5.33,1.63,4.5,5.6,1.56,4.31,5.22,,,,,,,,,,,,,,
DNK,Superliga,2023/2024,25/05/2024,14:00,Viborg,Odense,2,1,H,1.82,4.16,3.97,1.86,4.3,4,1.81,4.05,3.8,,,,,,,,,,,,,,
DNK,Superliga,2023/2024,26/05/2024,16:00,Brondby,Aarhus,2,3,A,1.5,4.51,6.38,1.52,4.6,6.9,1.48,4.36,6.07,,,,,,,,,,,,,,
DNK,Superliga,2023/2024,26/05/2024,16:00,FC Copenhagen,Nordsjaelland,1,1,D,1.83,4.34,3.81,1.87,4.4,3.85,1.81,4.2,3.62,,,,,,,,,,,,,,
DNK,Superliga,2023/2024,26/05/2024,16:00,Midtjylland,Silkeborg,3,3,D,1.33,5.87,8.28,1.39,5.9,8.4,1.34,5.42,7.47,,,,,,,,,,,,,,
DNK,Superliga,2023/2024,31/05/2024,18:00,FC Copenhagen,Randers FC,2,1,H,1.49,4.69,6.25,1.53,4.76,7,1.48,4.56,5.9,,,,,,,,,,,,,,
DNK,Superliga,2024/2025,19/07/2024,17:00,Aarhus,Midtjylland,1,1,D,2.57,3.57,2.71,2.75,3.58,2.72,2.56,3.48,2.62,2.74,3.55,2.8,,,,,,,,,,,
DNK,Superliga,2024/2025,19/07/2024,19:00,Nordsjaelland,Aalborg,3,0,H,1.41,5.12,7.06,1.43,5.5,8,1.4,5,7.02,1.45,5.2,8.2,,,,,,,,,,,
DNK,Superliga,2024/2025,21/07/2024,13:00,Silkeborg,Sonderjyske,1,0,H,2.31,3.35,3.25,2.31,3.6,3.92,2.18,3.35,3.34,2.38,3.45,3.4,,,,,,,,,,,
DNK,Superliga,2024/2025,21/07/2024,15:00,Vejle,Randers FC,2,3,A,3.66,3.45,2.1,3.91,3.45,2.46,3.52,3.38,2.11,3.85,3.6,2.14,,,,,,,,,,,
DNK,Superliga,2024/2025,21/07/2024,17:00,Viborg,Brondby,3,3,D,3.89,3.58,1.98,3.89,3.65,2.04,3.71,3.53,1.97,3.95,3.75,2.06,,,,,,,,,,,
DNK,Superliga,2024/2025,22/07/2024,18:00,Lyngby,FC Copenhagen,0,2,A,7.36,4.85,1.42,7.5,5,1.47,6.87,4.69,1.42,8.4,5.1,1.45,,,,,,,,,,,
DNK,Superliga,2024/2025,26/07/2024,18:00,Sonderjyske,Lyngby,1,1,D,2.01,3.42,4,2.11,3.5,4,2,3.38,3.79,2.08,3.55,4.1,,,,,,,,,,,
DNK,Superliga,2024/2025,27/07/2024,15:00,Nordsjaelland,Midtjylland,2,2,D,1.93,3.92,3.73,1.97,3.95,3.77,1.92,3.79,3.65,2.02,3.95,3.9,,,,,,,,,,,
DNK,Superliga,2024/2025,28/07/2024,13:00,Randers FC,Viborg,3,1,H,2.15,3.55,3.42,2.16,3.75,3.65,2.06,3.56,3.39,2.18,3.7,3.6,,,,,,,,,,,
DNK,Superliga,2024/2025,28/07/2024,15:00,Aalborg,Silkeborg,2,1,H,2.94,3.48,2.43,2.97,3.6,2.6,2.82,3.47,2.39,2.98,3.55,2.58,,,,,,,,,,,
DNK,Superliga,2024/2025,28/07/2024,17:00,FC Copenhagen,Aarhus,3,2,H,1.72,4.02,4.69,1.75,4.1,5.1,1.71,3.94,4.54,1.76,4.1,5.2,,,,,,,,,,,
DNK,Superliga,2024/2025,29/07/2024,18:00,Brondby,Vejle,2,1,H,1.42,5.09,6.91,1.43,5.21,7.5,1.4,4.97,6.83,1.42,5.2,8.8,,,,,,,,,,,
DNK,Superliga,2024/2025,02/08/2024,18:00,Aarhus,Sonderjyske,4,0,H,1.66,3.89,5.46,1.73,4.1,5.49,1.67,3.82,4.97,1.73,4,5.5,,,,,,,,,,,
DNK,Superliga,2024/2025,03/08/2024,15:00,Midtjylland,Aalborg,2,0,H,1.55,4.68,5.41,1.55,4.7,6,1.52,4.55,5.47,1.57,4.8,6.2,,,,,,,,,,,
DNK,Superliga,2024/2025,04/08/2024,13:00,Silkeborg,Viborg,3,2,H,1.84,3.94,4.1,1.88,4,4.4,1.79,3.89,4.1,1.88,4,4.4,,,,,,,,,,,
DNK,Superliga,2024/2025,04/08/2024,15:00,FC Copenhagen,Randers FC,1,1,D,1.66,4.21,4.89,1.68,4.4,5.2,1.63,4.2,4.83,1.65,4.5,5.6,,,,,,,,,,,
DNK,Superliga,2024/2025,04/08/2024,17:00,Lyngby,Brondby,0,2,A,5.36,4.17,1.62,5.75,4.22,1.73,4.99,4.02,1.64,5.6,4.2,1.69,,,,,,,,,,,
DNK,Superliga,2024/2025,05/08/2024,18:00,Vejle,Nordsjaelland,0,1,A,4.18,3.99,1.81,4.33,4.2,1.86,4.11,3.92,1.79,4.6,4,1.85,,,,,,,,,,,
DNK,Superliga,2024/2025,09/08/2024,18:00,Midtjylland,Vejle,2,0,H,1.54,4.54,5.71,1.56,4.6,5.85,1.53,4.39,5.58,1.57,4.7,6.4,,,,,,,,,,,
DNK,Superliga,2024/2025,11/08/2024,13:00,Nordsjaelland,Lyngby,1,1,D,1.36,5.07,8.7,1.38,5.5,9.02,1.34,5.07,8.47,1.38,5.5,10,,,,,,,,,,,
DNK,Superliga,2024/2025,11/08/2024,13:00,Randers FC,Silkeborg,0,2,A,1.83,3.72,4.39,2.02,3.72,4.4,1.85,3.56,4.17,1.93,3.8,4.5,,,,,,,,,,,
DNK,Superliga,2024/2025,11/08/2024,15:00,Brondby,Aarhus,0,1,A,2.34,3.58,3,2.38,3.68,3.15,2.28,3.52,2.95,2.4,3.55,3.25,,,,,,,,,,,
DNK,Superliga,2024/2025,11/08/2024,17:00,Sonderjyske,FC Copenhagen,0,2,A,5.63,4.29,1.58,5.63,4.33,1.64,5.25,4.19,1.58,6.2,4.5,1.62,,,,,,,,,,,
DNK,Superliga,2024/2025,12/08/2024,18:00,Viborg,Aalborg,2,3,A,1.83,3.95,4.11,1.85,4,4.54,1.81,3.85,4.04,1.86,4.1,4.4,,,,,,,,,,,
DNK,Superliga,2024/2025,16/08/2024,18:00,Lyngby,Midtjylland,1,2,A,3.98,3.8,1.93,4.05,3.8,1.95,3.84,3.68,1.9,4.3,3.95,1.93,,,,,,,,,,,
DNK,Superliga,2024/2025,18/08/2024,13:00,Randers FC,Sonderjyske,1,2,A,1.92,3.76,4.05,1.92,3.82,4.4,1.85,3.69,4.05,1.91,3.85,4.4,,,,,,,,,,,
DNK,Superliga,2024/2025,18/08/2024,13:00,Silkeborg,Nordsjaelland,4,1,H,3.48,3.72,2.09,3.54,3.8,2.11,3.35,3.66,2.05,3.55,3.75,2.16,,,,,,,,,,,
DNK,Superliga,2024/2025,18/08/2024,15:00,FC Copenhagen,Viborg,1,1,D,1.59,4.42,5.52,1.59,4.5,6.01,1.56,4.28,5.46,1.6,4.5,6.2,,,,,,,,,,,
DNK,Superliga,2024/2025,18/08/2024,17:00,Aalborg,Brondby,0,4,A,4.08,4.06,1.83,4.2,4.06,1.91,3.95,3.89,1.83,4.4,4.1,1.86,,,,,,,,,,,
DNK,Superliga,2024/2025,19/08/2024,18:00,Aarhus,Vejle,5,1,H,1.56,4.32,6.14,1.6,4.4,6.14,1.55,4.2,5.62,1.6,4.3,6.8,,,,,,,,,,,
DNK,Superliga,2024/2025,23/08/2024,18:00,Aalborg,Aarhus,0,4,A,4.15,3.87,1.87,4.2,3.9,1.88,3.96,3.8,1.84,4.3,4.1,1.88,,,,,,,,,,,
DNK,Superliga,2024/2025,24/08/2024,15:00,Midtjylland,Sonderjyske,3,2,H,1.65,4.38,4.91,1.71,4.4,4.91,1.65,4.25,4.55,1.71,4.5,4.9,,,,,,,,,,,
DNK,Superliga,2024/2025,25/08/2024,13:00,Vejle,Silkeborg,1,3,A,3.14,3.55,2.31,3.3,3.75,2.32,3.03,3.53,2.24,3.35,3.55,2.34,,,,,,,,,,,
DNK,Superliga,2024/2025,25/08/2024,15:00,Nordsjaelland,FC Copenhagen,3,2,H,2.73,3.7,2.52,2.82,3.7,2.65,2.65,3.59,2.47,2.88,3.75,2.54,,,,,,,,,,,
DNK,Superliga,2024/2025,25/08/2024,17:00,Brondby,Randers FC,2,2,D,1.65,4.28,5.05,1.67,4.33,5.1,1.63,4.15,4.87,1.69,4.2,5.4,,,,,,,,,,,
DNK,Superliga,2024/2025,26/08/2024,18:00,Viborg,Lyngby,1,0,H,1.62,4.34,5.29,1.71,4.34,5.29,1.66,4.05,4.83,1.73,4.3,5.1,,,,,,,,,,,
DNK,Superliga,2024/2025,30/08/2024,18:00,Lyngby,Vejle,1,0,H,2.4,3.51,3.01,2.41,3.65,3.01,2.34,3.49,2.88,2.42,3.55,3.2,,,,,,,,,,,
DNK,Superliga,2024/2025,31/08/2024,15:00,Aarhus,Nordsjaelland,4,2,H,2.41,3.66,2.9,2.42,3.7,3,2.35,3.55,2.82,2.46,3.7,3.05,,,,,,,,,,,
DNK,Superliga,2024/2025,01/09/2024,13:00,FC Copenhagen,Brondby,3,1,H,2.29,3.61,3.12,2.29,3.65,3.21,2.21,3.56,3.03,2.36,3.75,3.15,,,,,,,,,,,
DNK,Superliga,2024/2025,01/09/2024,13:00,Sonderjyske,Viborg,2,2,D,2.69,3.74,2.54,2.77,3.74,2.7,2.64,3.58,2.47,2.78,3.75,2.64,,,,,,,,,,,
DNK,Superliga,2024/2025,01/09/2024,15:00,Silkeborg,Midtjylland,1,3,A,3.25,4.15,2.06,3.25,4.15,2.1,3.17,3.94,2.03,3.4,4.1,2.1,,,,,,,,,,,
DNK,Superliga,2024/2025,01/09/2024,17:00,Randers FC,Aalborg,1,0,H,1.65,4.36,4.98,1.68,4.36,5,1.64,4.14,4.79,1.72,4.4,5.1,,,,,,,,,,,
DNK,Superliga,2024/2025,13/09/2024,18:00,Aalborg,Lyngby,2,1,H,2.19,3.48,3.39,2.23,3.74,3.41,2.13,3.5,3.29,2.22,3.65,3.6,,,,,,,,,,,
DNK,Superliga,2024/2025,14/09/2024,17:00,Midtjylland,FC Copenhagen,2,1,H,2.37,3.67,2.95,2.37,3.75,2.99,2.3,3.63,2.86,2.42,3.9,3,,,,,,,,,,,
DNK,Superliga,2024/2025,15/09/2024,13:00,Aarhus,Silkeborg,1,1,D,1.72,3.94,4.91,1.75,4,5.5,1.69,3.86,4.79,1.75,3.95,5.4,,,,,,,,,,,
DNK,Superliga,2024/2025,15/09/2024,15:00,Vejle,Viborg,0,5,A,3.52,3.79,2.06,3.52,3.81,2.15,3.38,3.67,2.03,3.65,3.8,2.12,,,,,,,,,,,
DNK,Superliga,2024/2025,15/09/2024,17:00,Brondby,Sonderjyske,2,0,H,1.31,6.11,8.58,1.32,6.2,9.35,1.3,5.74,8.53,1.33,6.2,10.5,,,,,,,,,,,
DNK,Superliga,2024/2025,16/09/2024,18:00,Nordsjaelland,Randers FC,1,1,D,1.67,4.31,4.87,1.71,4.31,4.93,1.66,4.11,4.64,1.71,4.4,5.2,,,,,,,,,,,
DNK,Superliga,2024/2025,20/09/2024,18:00,Viborg,Nordsjaelland,3,2,H,2.76,3.75,2.47,2.95,3.8,2.47,2.77,3.68,2.34,3.05,3.8,2.4,,,,,,,,,,,
DNK,Superliga,2024/2025,22/09/2024,13:00,Randers FC,Midtjylland,2,2,D,3.29,3.86,2.12,3.29,3.95,2.17,3.14,3.82,2.08,3.35,3.95,2.2,,,,,,,,,,,
DNK,Superliga,2024/2025,22/09/2024,13:00,Sonderjyske,Vejle,2,1,H,1.95,3.89,3.77,2.15,3.89,3.77,1.93,3.74,3.65,2,3.9,4,,,,,,,,,,,
DNK,Superliga,2024/2025,22/09/2024,15:00,Lyngby,Aarhus,0,0,D,3.97,3.49,2.02,4.08,3.75,2.02,3.83,3.53,1.94,4.2,3.75,2,,,,,,,,,,,
DNK,Superliga,2024/2025,22/09/2024,17:00,Silkeborg,Brondby,3,3,D,4.54,4.13,1.74,5,4.15,1.76,4.45,4.05,1.7,4.8,4.1,1.79,,,,,,,,,,,
DNK,Superliga,2024/2025,23/09/2024,18:00,FC Copenhagen,Aalborg,2,0,H,1.27,6.35,10.17,1.29,6.35,11,1.27,5.85,9.8,1.29,6.6,12,,,,,,,,,,,
DNK,Superliga,2024/2025,28/09/2024,15:00,Aarhus,Randers FC,2,2,D,2.07,3.54,3.73,2.09,3.65,3.79,2.04,3.46,3.59,2.12,3.65,3.8,,,,,,,,,,,
DNK,Superliga,2024/2025,29/09/2024,13:00,Aalborg,Sonderjyske,3,0,H,2.69,3.56,2.63,2.7,3.65,2.75,2.58,3.51,2.58,2.68,3.7,2.74,,,,,,,,,,,
DNK,Superliga,2024/2025,29/09/2024,13:00,Midtjylland,Viborg,3,1,H,1.82,4.31,3.93,1.89,4.4,4.25,1.8,4.17,3.74,1.87,4.3,4.2,,,,,,,,,,,
DNK,Superliga,2024/2025,29/09/2024,15:00,Lyngby,Silkeborg,2,2,D,2.94,3.51,2.45,3.06,3.6,2.47,2.91,3.45,2.34,3.1,3.55,2.48,,,,,,,,,,,
DNK,Superliga,2024/2025,29/09/2024,17:00,Vejle,FC Copenhagen,1,2,A,9,5.46,1.34,9,5.46,1.37,8.34,5.19,1.34,9.2,5.5,1.39,,,,,,,,,,,
DNK,Superliga,2024/2025,30/09/2024,18:00,Nordsjaelland,Brondby,4,1,H,2.81,3.58,2.51,2.83,3.81,2.6,2.71,3.6,2.43,2.84,3.85,2.52,,,,,,,,,,,
DNK,Superliga,2024/2025,04/10/2024,18:00,Vejle,Aalborg,2,2,D,2.63,3.59,2.67,2.65,3.65,2.67,2.56,3.54,2.59,2.7,3.65,2.74,,,,,,,,,,,
DNK,Superliga,2024/2025,06/10/2024,13:00,Randers FC,Lyngby,1,1,D,1.65,4.14,5.33,1.66,4.2,5.36,1.63,4.05,5.04,1.7,4.2,5.5,,,,,,,,,,,
DNK,Superliga,2024/2025,06/10/2024,13:00,Sonderjyske,Nordsjaelland,1,4,A,5.08,4.29,1.65,5.26,4.4,1.68,4.93,4.2,1.61,5.4,4.4,1.67,,,,,,,,,,,
DNK,Superliga,2024/2025,06/10/2024,15:00,Viborg,Aarhus,1,1,D,3.23,3.57,2.25,3.25,3.6,2.35,3.05,3.44,2.27,3.2,3.6,2.4,,,,,,,,,,,
DNK,Superliga,2024/2025,06/10/2024,17:00,Brondby,Midtjylland,2,0,H,2.13,3.88,3.26,2.13,3.96,3.29,2.08,3.78,3.18,2.18,3.95,3.35,,,,,,,,,,,
DNK,Superliga,2024/2025,06/10/2024,19:00,Silkeborg,FC Copenhagen,2,2,D,4.66,4.1,1.73,4.95,4.1,1.75,4.56,3.91,1.71,5,4.1,1.78,,,,,,,,,,,
DNK,Superliga,2024/2025,18/10/2024,18:00,FC Copenhagen,Vejle,3,1,H,1.2,7.22,14.27,1.22,7.7,16,1.2,6.77,13.43,1.22,7.2,20,,,,,,,,,,,
DNK,Superliga,2024/2025,20/10/2024,13:00,Aalborg,Randers FC,0,2,A,3.45,3.71,2.1,3.45,3.8,2.14,3.29,3.64,2.08,3.45,3.8,2.18,,,,,,,,,,,
DNK,Superliga,2024/2025,20/10/2024,13:00,Lyngby,Viborg,0,0,D,3.44,3.43,2.21,3.44,3.63,2.21,3.26,3.47,2.15,3.45,3.6,2.26,,,,,,,,,,,
DNK,Superliga,2024/2025,20/10/2024,15:00,Nordsjaelland,Silkeborg,1,1,D,1.45,5.15,6.55,1.48,5.15,7.35,1.43,4.87,6.45,1.48,5.2,7,,,,,,,,,,,
DNK,Superliga,2024/2025,20/10/2024,17:00,Sonderjyske,Midtjylland,3,2,H,6.34,4.79,1.49,6.4,4.95,1.51,5.9,4.67,1.48,6.6,5.1,1.52,,,,,,,,,,,
DNK,Superliga,2024/2025,21/10/2024,18:00,Aarhus,Brondby,1,0,H,2.7,3.38,2.73,2.7,3.5,2.8,2.56,3.36,2.69,2.74,3.4,2.86,,,,,,,,,,,
DNK,Superliga,2024/2025,25/10/2024,18:00,Silkeborg,Aalborg,1,1,D,1.97,3.95,3.65,2,3.95,3.8,1.92,3.87,3.59,2,4.1,3.85,,,,,,,,,,,
DNK,Superliga,2024/2025,27/10/2024,11:00,Brondby,FC Copenhagen,0,0,D,2.54,3.44,2.88,2.54,3.6,2.88,2.47,3.41,2.76,2.6,3.55,2.94,,,,,,,,,,,
DNK,Superliga,2024/2025,27/10/2024,13:00,Vejle,Lyngby,2,0,H,2.83,3.4,2.59,2.83,3.45,2.72,2.68,3.34,2.58,2.78,3.5,2.76,,,,,,,,,,,
DNK,Superliga,2024/2025,27/10/2024,15:00,Viborg,Sonderjyske,4,2,H,1.76,4.08,4.46,1.82,4.33,4.46,1.74,3.98,4.27,1.8,4.2,4.6,,,,,,,,,,,
DNK,Superliga,2024/2025,27/10/2024,17:00,Midtjylland,Aarhus,2,0,H,2.2,3.68,3.25,2.2,3.7,3.34,2.14,3.55,3.2,2.24,3.65,3.5,,,,,,,,,,,
DNK,Superliga,2024/2025,28/10/2024,18:00,Randers FC,Nordsjaelland,4,0,H,3.78,3.66,2.01,3.78,3.7,2.05,3.58,3.59,1.99,3.95,3.75,2.06,,,,,,,,,,,
DNK,Superliga,2024/2025,02/11/2024,16:00,Sonderjyske,Randers FC,1,4,A,3.9,3.86,1.93,3.9,3.88,2.1,3.63,3.72,1.95,3.65,3.75,2.12,,,,,,,,,,,
DNK,Superliga,2024/2025,03/11/2024,13:00,Midtjylland,Brondby,1,5,A,2.57,3.6,2.74,2.61,3.65,2.8,2.51,3.53,2.63,2.68,3.65,2.8,,,,,,,,,,,
DNK,Superliga,2024/2025,03/11/2024,13:00,Nordsjaelland,Viborg,2,1,H,1.5,4.9,5.96,1.54,4.9,6.25,1.49,4.65,5.82,1.55,4.8,6.4,,,,,,,,,,,
DNK,Superliga,2024/2025,03/11/2024,15:00,Aarhus,Lyngby,2,1,H,1.47,4.53,7.36,1.47,4.53,7.5,1.45,4.35,7.08,1.5,4.5,8.6,,,,,,,,,,,
DNK,Superliga,2024/2025,03/11/2024,17:00,Aalborg,Vejle,3,3,D,2.04,3.87,3.5,2.06,3.9,3.52,2,3.76,3.4,2.1,3.85,3.75,,,,,,,,,,,
DNK,Superliga,2024/2025,04/11/2024,18:00,FC Copenhagen,Silkeborg,2,2,D,1.47,4.8,6.81,1.48,4.95,7.5,1.44,4.63,6.67,1.47,4.9,8,,,,,,,,,,,
DNK,Superliga,2024/2025,08/11/2024,18:00,Vejle,Sonderjyske,1,1,D,2.39,3.58,2.99,2.39,3.81,2.99,2.31,3.59,2.87,2.42,3.75,3.05,,,,,,,,,,,
DNK,Superliga,2024/2025,10/11/2024,13:00,Lyngby,Aalborg,2,2,D,2.57,3.67,2.69,2.57,3.67,2.75,2.49,3.55,2.66,2.66,3.75,2.72,,,,,,,,,,,
DNK,Superliga,2024/2025,10/11/2024,13:00,Silkeborg,Randers FC,1,0,H,2.74,3.59,2.57,2.74,3.7,2.58,2.62,3.53,2.52,2.78,3.65,2.68,,,,,,,,,,,
DNK,Superliga,2024/2025,10/11/2024,15:00,Viborg,Midtjylland,1,0,H,3.34,3.71,2.15,3.38,3.81,2.25,3.22,3.64,2.11,3.35,3.9,2.2,,,,,,,,,,,
DNK,Superliga,2024/2025,10/11/2024,17:00,Aarhus,FC Copenhagen,1,1,D,2.87,3.2,2.69,2.88,3.42,2.69,2.78,3.24,2.56,2.94,3.35,2.7,,,,,,,,,,,
DNK,Superliga,2024/2025,10/11/2024,19:00,Brondby,Nordsjaelland,1,1,D,2.19,3.61,3.32,2.19,3.9,3.65,2.08,3.58,3.32,2.16,3.7,3.6,,,,,,,,,,,
DNK,Superliga,2024/2025,22/11/2024,18:00,Nordsjaelland,Aarhus,1,0,H,2.15,3.53,3.49,2.2,3.53,3.55,2.13,3.38,3.39,2.18,3.65,3.6,,,,,,,,,,,
DNK,Superliga,2024/2025,24/11/2024,13:00,Aalborg,Viborg,0,0,D,3.35,3.75,2.13,3.35,3.76,2.3,3.15,3.68,2.12,3.35,3.85,2.2,,,,,,,,,,,
DNK,Superliga,2024/2025,24/11/2024,13:00,Randers FC,Vejle,2,0,H,1.58,4.26,5.88,1.58,4.45,5.9,1.55,4.25,5.52,1.6,4.5,6,,,,,,,,,,,
DNK,Superliga,2024/2025,24/11/2024,15:00,Sonderjyske,Brondby,2,2,D,5.71,4.48,1.56,6.25,4.7,1.57,5.58,4.32,1.53,6.2,4.6,1.59,,,,,,,,,,,
DNK,Superliga,2024/2025,24/11/2024,17:00,FC Copenhagen,Lyngby,2,1,H,1.26,6.25,10.92,1.28,6.29,11,1.26,5.94,9.94,1.3,6.8,11,,,,,,,,,,,
DNK,Superliga,2024/2025,25/11/2024,18:00,Midtjylland,Silkeborg,1,0,H,1.76,3.88,4.63,1.78,4.13,4.75,1.73,3.85,4.47,1.79,4.3,4.7,,,,,,,,,,,
DNK,Superliga,2024/2025,29/11/2024,18:00,Brondby,Aalborg,1,0,H,1.32,5.83,8.91,1.41,5.83,8.91,1.33,5.45,8.14,1.36,5.9,9.6,,,,,,,,,,,
DNK,Superliga,2024/2025,01/12/2024,13:00,Lyngby,Sonderjyske,0,2,A,2.72,3.37,2.72,2.72,3.4,2.82,2.62,3.3,2.67,2.8,3.4,2.76,,,,,,,,,,,
DNK,Superliga,2024/2025,01/12/2024,13:00,Viborg,Randers FC,1,2,A,2.82,3.41,2.6,2.82,3.55,2.7,2.68,3.4,2.54,2.84,3.55,2.68,,,,,,,,,,,
DNK,Superliga,2024/2025,01/12/2024,15:00,Vejle,Midtjylland,0,3,A,4.47,4.01,1.78,4.54,4.01,1.8,4.3,3.86,1.76,4.8,4.1,1.81,,,,,,,,,,,
DNK,Superliga,2024/2025,01/12/2024,17:00,Silkeborg,Aarhus,1,1,D,3.87,3.53,2.03,3.87,3.53,2.06,3.75,3.44,2,3.95,3.55,2.1,,,,,,,,,,,
DNK,Superliga,2024/2025,02/12/2024,18:00,FC Copenhagen,Nordsjaelland,3,1,H,2.16,3.54,3.48,2.17,3.69,3.9,2.06,3.5,3.46,2.12,3.7,3.75,,,,,,,,,,,
DNK,Superliga,2024/2025,14/02/2025,18:00,Brondby,Viborg,4,1,H,1.53,4.58,5.97,1.55,4.6,6.1,1.51,4.43,5.77,1.57,4.7,6.2,,,,,,,,,,,
DNK,Superliga,2024/2025,16/02/2025,13:00,Silkeborg,Vejle,0,1,A,1.73,3.79,5.16,1.76,3.9,5.21,1.71,3.73,4.89,1.77,3.9,5.3,,,,,,,,,,,
DNK,Superliga,2024/2025,16/02/2025,15:00,Sonderjyske,Aarhus,1,4,A,5.31,3.96,1.68,5.4,4.2,1.73,5.08,3.84,1.66,5.8,3.9,1.7,,,,,,,,,,,
DNK,Superliga,2024/2025,16/02/2025,17:00,Midtjylland,Lyngby,1,0,H,1.4,4.99,7.91,1.41,4.99,8.85,1.39,4.78,7.65,1.43,5.1,9,,,,,,,,,,,
DNK,Superliga,2024/2025,17/02/2025,18:00,Randers FC,FC Copenhagen,1,2,A,3.17,3.34,2.39,3.17,3.37,2.39,3.06,3.28,2.33,3.3,3.45,2.4,,,,,,,,,,,
DNK,Superliga,2024/2025,21/02/2025,18:00,Lyngby,Randers FC,0,0,D,4.15,3.59,1.93,4.2,3.65,1.95,4.07,3.52,1.89,4.5,3.6,1.98,,,,,,,,,,,
DNK,Superliga,2024/2025,23/02/2025,13:00,Aarhus,Aalborg,4,0,H,1.54,4.3,6.43,1.54,4.5,6.5,1.51,4.19,6.23,1.55,4.4,7.6,,,,,,,,,,,
DNK,Superliga,2024/2025,23/02/2025,13:00,Nordsjaelland,Sonderjyske,3,2,H,1.51,4.76,6.13,1.51,4.76,7,1.48,4.55,6.07,1.52,4.9,6.8,,,,,,,,,,,
DNK,Superliga,2024/2025,23/02/2025,15:00,Vejle,Brondby,2,2,D,5.98,4.21,1.58,6,4.5,1.59,5.57,4.23,1.55,6.4,4.4,1.59,,,,,,,,,,,
DNK,Superliga,2024/2025,23/02/2025,17:00,FC Copenhagen,Midtjylland,1,0,H,2.01,3.63,3.82,2.04,3.72,3.82,1.97,3.56,3.71,2.06,3.75,3.95,,,,,,,,,,,
DNK,Superliga,2024/2025,24/02/2025,18:00,Viborg,Silkeborg,1,4,A,2.07,3.67,3.58,2.09,3.84,3.58,2.04,3.65,3.39,2.12,3.75,3.7,,,,,,,,,,,
DNK,Superliga,2024/2025,26/02/2025,18:30,Aalborg,Nordsjaelland,1,2,A,4.34,4.15,1.77,4.34,4.23,1.85,4.11,4.03,1.76,4.6,4.1,1.82,,,,,,,,,,,
DNK,Superliga,2024/2025,28/02/2025,18:00,Randers FC,Aarhus,1,1,D,3.35,3.08,2.44,3.35,3.15,2.44,3.23,3.06,2.37,3.5,3.15,2.44,,,,,,,,,,,
DNK,Superliga,2024/2025,02/03/2025,13:00,Sonderjyske,Silkeborg,1,3,A,3.66,3.68,2.05,3.73,3.84,2.06,3.54,3.61,2,3.9,3.8,2.06,,,,,,,,,,,
DNK,Superliga,2024/2025,02/03/2025,13:00,Viborg,Vejle,3,1,H,1.83,3.85,4.37,1.9,3.86,4.37,1.82,3.72,4.11,1.88,3.9,4.6,,,,,,,,,,,
DNK,Superliga,2024/2025,02/03/2025,15:00,Midtjylland,Nordsjaelland,2,1,H,2.19,3.53,3.41,2.19,3.55,3.75,2.12,3.47,3.33,2.2,3.7,3.55,,,,,,,,,,,
DNK,Superliga,2024/2025,02/03/2025,17:00,Aalborg,FC Copenhagen,0,0,D,8.05,4.96,1.4,8.1,5,1.46,7.34,4.8,1.4,8.6,5.1,1.44,,,,,,,,,,,
DNK,Superliga,2024/2025,03/03/2025,18:00,Brondby,Lyngby,1,1,D,1.32,5.46,10.48,1.33,5.55,10.48,1.3,5.29,9.45,1.34,5.9,11.5,,,,,,,,,,,
DNK,Superliga,2024/2025,07/03/2025,18:00,Nordsjaelland,Vejle,3,1,H,1.42,4.81,7.99,1.43,5.25,8,1.4,4.78,7.17,1.42,5.4,8.6,,,,,,,,,,,
DNK,Superliga,2024/2025,09/03/2025,13:00,Aalborg,Midtjylland,1,4,A,4.79,4.03,1.72,4.9,4.25,1.74,4.61,4.01,1.68,5,4.2,1.76,,,,,,,,,,,
DNK,Superliga,2024/2025,09/03/2025,13:00,Silkeborg,Lyngby,0,1,A,1.68,4.01,5.26,1.74,4.01,5.26,1.67,3.87,4.92,1.7,4.1,5.8,,,,,,,,,,,
DNK,Superliga,2024/2025,09/03/2025,15:00,Aarhus,Viborg,1,1,D,1.6,4.05,6.11,1.6,4.1,6.4,1.56,3.93,6.02,1.61,4.1,7.2,,,,,,,,,,,
DNK,Superliga,2024/2025,09/03/2025,17:00,FC Copenhagen,Sonderjyske,1,1,D,1.31,5.79,9.8,1.32,6.1,11,1.29,5.62,9.28,1.32,6.2,12,,,,,,,,,,,
DNK,Superliga,2024/2025,10/03/2025,18:00,Randers FC,Brondby,4,2,H,3.43,3.33,2.27,3.43,3.41,2.32,3.26,3.28,2.24,3.5,3.45,2.3,,,,,,,,,,,
DNK,Superliga,2024/2025,16/03/2025,16:00,Brondby,Silkeborg,2,2,D,1.66,4.21,5.07,1.71,4.21,5.3,1.64,4,4.95,1.69,4.2,5.6,,,,,,,,,,,
DNK,Superliga,2024/2025,16/03/2025,16:00,Lyngby,Nordsjaelland,1,0,H,4.23,3.91,1.84,4.23,3.96,1.9,4.07,3.75,1.82,4.4,3.95,1.89,,,,,,,,,,,
DNK,Superliga,2024/2025,16/03/2025,16:00,Midtjylland,Randers FC,4,2,H,1.88,3.71,4.27,1.95,3.71,4.27,1.87,3.6,4.01,1.92,3.8,4.5,,,,,,,,,,,
DNK,Superliga,2024/2025,16/03/2025,16:00,Sonderjyske,Aalborg,0,3,A,2.53,3.49,2.85,2.53,3.64,3.05,2.41,3.44,2.83,2.56,3.65,2.9,,,,,,,,,,,
DNK,Superliga,2024/2025,16/03/2025,16:00,Vejle,Aarhus,3,2,H,6.16,4.04,1.59,6.16,4.1,1.65,5.61,3.95,1.59,6.4,4.1,1.64,,,,,,,,,,,
DNK,Superliga,2024/2025,16/03/2025,16:00,Viborg,FC Copenhagen,3,2,H,4.76,3.71,1.8,4.78,3.71,1.9,4.52,3.59,1.79,5.1,3.8,1.83,,,,,,,,,,,
DNK,Superliga,2024/2025,28/03/2025,18:00,Aalborg,Viborg,0,4,A,2.76,3.44,2.63,2.85,3.54,2.63,2.7,3.43,2.53,2.84,3.55,2.68,,,,,,,,,,,
DNK,Superliga,2024/2025,30/03/2025,13:00,Lyngby,Vejle,1,2,A,2.39,3.23,3.27,2.47,3.35,3.27,2.36,3.22,3.08,2.44,3.3,3.35,,,,,,,,,,,
DNK,Superliga,2024/2025,30/03/2025,13:00,Sonderjyske,Silkeborg,2,1,H,3.91,3.67,1.98,3.91,3.7,2,3.68,3.6,1.96,4.1,3.75,2,,,,,,,,,,,
DNK,Superliga,2024/2025,30/03/2025,15:00,Aarhus,Nordsjaelland,2,0,H,2.01,3.57,3.9,2.1,3.66,3.9,2,3.53,3.63,2.06,3.55,4.1,,,,,,,,,,,
DNK,Superliga,2024/2025,30/03/2025,17:00,Midtjylland,Brondby,0,2,A,2.28,3.81,3.01,2.38,3.81,3.15,2.26,3.64,2.92,2.36,3.8,3.1,,,,,,,,,,,
DNK,Superliga,2024/2025,31/03/2025,18:00,FC Copenhagen,Randers FC,1,0,H,1.74,3.89,4.89,1.76,3.93,5.5,1.7,3.85,4.83,1.77,4,5.3,,,,,,,,,,,
DNK,Superliga,2024/2025,04/04/2025,18:00,Randers FC,Midtjylland,2,1,H,3.64,3.85,2,3.65,3.95,2.15,3.44,3.74,2,3.95,3.95,2,,,,,,,,,,,
DNK,Superliga,2024/2025,06/04/2025,13:00,Silkeborg,Lyngby,2,1,H,1.69,3.99,5.12,1.75,4,5.12,1.69,3.88,4.76,1.75,4.1,5.2,,,,,,,,,,,
DNK,Superliga,2024/2025,06/04/2025,13:00,Viborg,Sonderjyske,2,1,H,1.6,4.17,5.8,1.6,4.2,6.01,1.58,4.08,5.57,1.64,4.3,6,,,,,,,,,,,
DNK,Superliga,2024/2025,06/04/2025,15:00,Vejle,Aalborg,1,1,D,2.32,3.62,3.08,2.32,3.65,3.25,2.24,3.53,3.03,2.38,3.6,3.2,,,,,,,,,,,
DNK,Superliga,2024/2025,06/04/2025,17:00,Nordsjaelland,FC Copenhagen,0,1,A,3.38,3.54,2.19,3.38,3.6,2.25,3.18,3.5,2.18,3.5,3.6,2.26,,,,,,,,,,,
DNK,Superliga,2024/2025,07/04/2025,18:00,Brondby,Aarhus,2,1,H,2.26,3.44,3.33,2.28,3.55,3.35,2.21,3.37,3.2,2.3,3.5,3.5,,,,,,,,,,,
DNK,Superliga,2024/2025,11/04/2025,18:00,Aalborg,Lyngby,2,2,D,2.51,3.12,3.18,2.51,3.2,3.45,2.39,3.05,3.18,2.44,3.3,3.35,,,,,,,,,,,
DNK,Superliga,2024/2025,13/04/2025,13:00,FC Copenhagen,Brondby,1,2,A,2.08,3.38,3.89,2.08,3.45,4,2.03,3.33,3.75,2.12,3.5,4,,,,,,,,,,,
DNK,Superliga,2024/2025,13/04/2025,13:00,Viborg,Silkeborg,2,1,H,2.37,3.64,2.98,2.38,3.71,2.98,2.32,3.58,2.86,2.44,3.65,3.1,,,,,,,,,,,
DNK,Superliga,2024/2025,13/04/2025,15:00,Aarhus,Midtjylland,1,1,D,2.25,3.4,3.39,2.29,3.5,3.4,2.2,3.34,3.27,2.28,3.45,3.6,,,,,,,,,,,
DNK,Superliga,2024/2025,13/04/2025,17:00,Nordsjaelland,Randers FC,5,2,H,1.96,3.9,3.74,2.02,3.9,3.74,1.96,3.75,3.53,2.02,4,3.85,,,,,,,,,,,
DNK,Superliga,2024/2025,14/04/2025,18:00,Sonderjyske,Vejle,1,0,H,2.48,3.44,2.95,2.52,3.5,2.95,2.42,3.38,2.84,2.56,3.5,2.98,,,,,,,,,,,
DNK,Superliga,2024/2025,16/04/2025,18:00,Silkeborg,Aalborg,4,0,H,1.74,4.17,4.5,1.77,4.17,4.6,1.72,4.02,4.35,1.78,4.2,4.8,,,,,,,,,,,
DNK,Superliga,2024/2025,17/04/2025,13:00,Lyngby,Sonderjyske,0,2,A,2.27,3.38,3.37,2.3,3.55,3.41,2.22,3.36,3.23,2.32,3.4,3.5,,,,,,,,,,,
DNK,Superliga,2024/2025,17/04/2025,13:00,Vejle,Viborg,3,3,D,3.15,3.67,2.25,3.3,3.94,2.27,3.07,3.65,2.17,3.3,3.75,2.28,,,,,,,,,,,
DNK,Superliga,2024/2025,17/04/2025,15:00,Randers FC,Aarhus,3,1,H,3.03,3.33,2.48,3.14,3.35,2.56,2.95,3.24,2.42,3.15,3.4,2.54,,,,,,,,,,,
DNK,Superliga,2024/2025,17/04/2025,17:00,Midtjylland,FC Copenhagen,4,2,H,2.85,3.35,2.61,2.89,3.35,2.63,2.77,3.27,2.55,2.88,3.35,2.76,,,,,,,,,,,
DNK,Superliga,2024/2025,18/04/2025,18:00,Brondby,Nordsjaelland,0,0,D,1.99,3.95,3.57,2.08,4.04,3.57,1.97,3.89,3.44,2.04,4,3.75,,,,,,,,,,,
DNK,Superliga,2024/2025,20/04/2025,16:00,Aalborg,Sonderjyske,2,3,A,2.43,3.26,3.18,2.48,3.35,3.3,2.36,3.25,3.02,2.48,3.4,3.2,,,,,,,,,,,
DNK,Superliga,2024/2025,21/04/2025,13:00,Vejle,Silkeborg,0,4,A,3.39,3.79,2.1,3.39,3.9,2.16,3.23,3.71,2.07,3.55,3.85,2.12,,,,,,,,,,,
DNK,Superliga,2024/2025,21/04/2025,13:00,Viborg,Lyngby,1,1,D,1.9,3.8,4.07,1.9,4,4.38,1.83,3.76,4.01,1.9,3.95,4.3,,,,,,,,,,,
DNK,Superliga,2024/2025,21/04/2025,15:00,Brondby,Randers FC,4,3,H,1.83,4.01,4.17,1.85,4.1,4.5,1.79,3.84,4.13,1.86,4,4.5,,,,,,,,,,,
DNK,Superliga,2024/2025,21/04/2025,17:00,FC Copenhagen,Aarhus,3,1,H,1.88,3.48,4.6,1.94,3.7,4.6,1.85,3.5,4.27,1.92,3.55,4.9,,,,,,,,,,,
DNK,Superliga,2024/2025,22/04/2025,18:00,Nordsjaelland,Midtjylland,3,2,H,2.36,3.82,2.88,2.42,3.85,2.9,2.31,3.77,2.74,2.42,3.95,2.94,,,,,,,,,,,
DNK,Superliga,2024/2025,25/04/2025,18:00,Randers FC,Brondby,0,0,D,3.62,3.63,2.14,3.81,3.65,2.16,3.39,3.53,2.09,3.65,3.65,2.16,,,,,,,,,,,
DNK,Superliga,2024/2025,27/04/2025,13:00,Lyngby,Silkeborg,2,0,H,3.34,3.49,2.23,3.34,3.51,2.28,3.18,3.45,2.19,3.4,3.6,2.3,,,,,,,,,,,
DNK,Superliga,2024/2025,27/04/2025,13:00,Sonderjyske,Viborg,2,2,D,2.91,3.77,2.35,2.95,3.79,2.4,2.82,3.69,2.29,3,3.8,2.46,,,,,,,,,,,
DNK,Superliga,2024/2025,27/04/2025,15:00,Aarhus,FC Copenhagen,1,3,A,3.65,3.49,2.11,3.65,3.7,2.13,3.42,3.48,2.08,3.8,3.5,2.16,,,,,,,,,,,
DNK,Superliga,2024/2025,27/04/2025,17:00,Midtjylland,Nordsjaelland,5,0,H,2.2,4.17,2.94,2.23,4.17,3,2.13,4.06,2.88,2.22,4.2,3.1,,,,,,,,,,,
DNK,Superliga,2024/2025,28/04/2025,18:00,Aalborg,Vejle,0,1,A,2.27,3.68,3.11,2.39,3.7,3.11,2.27,3.51,2.94,2.36,3.6,3.2,,,,,,,,,,,
DNK,Superliga,2024/2025,02/05/2025,18:00,Randers FC,Nordsjaelland,3,2,H,2.6,3.63,2.68,2.61,3.65,2.75,2.5,3.58,2.62,2.7,3.75,2.72,,,,,,,,,,,
DNK,Superliga,2024/2025,04/05/2025,13:00,Lyngby,Viborg,0,0,D,2.7,3.4,2.71,2.7,3.54,2.71,2.61,3.4,2.58,2.8,3.5,2.78,,,,,,,,,,,
DNK,Superliga,2024/2025,04/05/2025,13:00,Silkeborg,Vejle,1,1,D,1.83,4.01,4.14,1.83,4.03,4.5,1.81,3.82,4.09,1.87,4,4.4,,,,,,,,,,,
DNK,Superliga,2024/2025,04/05/2025,15:00,Brondby,FC Copenhagen,0,3,A,2.49,3.44,2.94,2.58,3.44,2.94,2.44,3.37,2.83,2.58,3.5,2.96,,,,,,,,,,,
DNK,Superliga,2024/2025,04/05/2025,17:00,Midtjylland,Aarhus,3,1,H,1.85,4.02,4.09,1.87,4.02,4.3,1.8,3.9,4,1.88,4,4.5,,,,,,,,,,,
DNK,Superliga,2024/2025,05/05/2025,18:00,Sonderjyske,Aalborg,2,2,D,2.55,3.49,2.81,2.56,3.5,2.95,2.45,3.37,2.81,2.62,3.6,2.88,,,,,,,,,,,
DNK,Superliga,2024/2025,11/05/2025,13:00,Nordsjaelland,Brondby,2,2,D,3.39,4.04,2.03,3.51,4.05,2.04,3.33,3.9,1.98,3.55,4.1,2.06,,,,,,,,,,,
DNK,Superliga,2024/2025,11/05/2025,13:00,Silkeborg,Sonderjyske,1,0,H,1.76,4.08,4.49,1.77,4.1,4.5,1.72,4.01,4.33,1.78,4.2,4.8,,,,,,,,,,,
DNK,Superliga,2024/2025,11/05/2025,15:00,Aarhus,Randers FC,1,3,A,2.58,3.36,2.87,2.61,3.4,3.3,2.5,3.28,2.83,2.6,3.4,3,,,,,,,,,,,
DNK,Superliga,2024/2025,11/05/2025,17:00,Viborg,Aalborg,3,1,H,1.92,3.97,3.81,2.02,3.97,3.84,1.93,3.79,3.58,2.02,4,3.8,,,,,,,,,,,
DNK,Superliga,2024/2025,11/05/2025,19:00,FC Copenhagen,Midtjylland,1,1,D,2.08,3.62,3.6,2.12,3.62,3.66,2.03,3.55,3.47,2.1,3.75,3.8,,,,,,,,,,,
DNK,Superliga,2024/2025,12/05/2025,18:00,Vejle,Lyngby,2,0,H,2.02,3.64,3.77,2.03,3.64,3.97,1.99,3.51,3.67,2.12,3.7,3.85,,,,,,,,,,,
DNK,Superliga,2024/2025,16/05/2025,18:00,Nordsjaelland,Aarhus,2,0,H,1.93,3.93,3.81,1.93,4.1,3.95,1.89,3.86,3.72,1.98,4,3.9,,,,,,,,,,,
DNK,Superliga,2024/2025,18/05/2025,13:00,Aalborg,Silkeborg,2,3,A,2.92,3.94,2.29,3.02,3.95,2.33,2.87,3.81,2.25,3,3.95,2.34,,,,,,,,,,,
DNK,Superliga,2024/2025,18/05/2025,13:00,Viborg,Vejle,0,1,A,1.72,4.24,4.55,1.74,4.35,4.6,1.69,4.17,4.42,1.73,4.5,4.9,,,,,,,,,,,
DNK,Superliga,2024/2025,18/05/2025,15:00,Sonderjyske,Lyngby,5,1,H,2.79,3.51,2.56,2.79,3.52,2.56,2.73,3.45,2.49,2.92,3.55,2.6,,,,,,,,,,,
DNK,Superliga,2024/2025,18/05/2025,17:00,Randers FC,FC Copenhagen,0,4,A,3.65,3.61,2.07,3.65,3.61,2.09,3.53,3.52,2.03,3.9,3.65,2.1,,,,,,,,,,,
DNK,Superliga,2024/2025,19/05/2025,18:00,Brondby,Midtjylland,1,2,A,2.15,4.07,3.12,2.2,4.07,3.12,2.14,3.87,3.01,2.24,4,3.2,,,,,,,,,,,
DNK,Superliga,2024/2025,24/05/2025,14:00,Lyngby,Aalborg,3,1,H,1.91,4.08,3.69,2.06,4.08,3.69,1.93,3.92,3.5,2.04,4,3.75,,,,,,,,,,,
DNK,Superliga,2024/2025,24/05/2025,14:00,Silkeborg,Viborg,1,2,A,2.63,4.08,2.42,2.65,4.08,2.56,2.56,3.91,2.42,2.62,4.2,2.54,,,,,,,,,,,
DNK,Superliga,2024/2025,24/05/2025,14:00,Vejle,Sonderjyske,2,3,A,2.24,3.92,2.97,2.24,3.92,3.2,2.17,3.78,2.99,2.28,3.9,3.25,,,,,,,,,,,
DNK,Superliga,2024/2025,25/05/2025,16:00,Aarhus,Brondby,2,3,A,3.69,4.09,1.9,3.69,4.09,2.05,3.51,3.86,1.93,3.95,4,1.98,,,,,,,,,,,
DNK,Superliga,2024/2025,25/05/2025,16:00,FC Copenhagen,Nordsjaelland,3,0,H,1.43,5.21,6.8,1.45,5.25,6.8,1.43,5.05,6.22,1.48,5.4,7,,,,,,,,,,,
DNK,Superliga,2024/2025,25/05/2025,16:00,Midtjylland,Randers FC,3,2,H,1.62,4.68,4.88,1.72,4.68,4.88,1.63,4.45,4.59,1.67,4.8,5,,,,,,,,,,,
DNK,Superliga,2025/2026,18/07/2025,18:00,Viborg,FC Copenhagen,2,3,A,6.17,4.34,1.55,6.17,4.34,1.56,5.65,4.11,1.52,6.4,4.4,1.6,,,,,,,,,,,
DNK,Superliga,2025/2026,20/07/2025,13:00,Fredericia,Nordsjaelland,2,3,A,3.82,3.67,2,3.82,3.7,2,3.51,3.56,1.93,3.8,3.95,2.02,,,,,,,,,,,
DNK,Superliga,2025/2026,20/07/2025,13:00,Vejle,Randers FC,1,1,D,3.32,3.6,2.2,3.32,3.6,2.21,3.13,3.45,2.12,3.4,3.7,2.24,,,,,,,,,,,
DNK,Superliga,2025/2026,20/07/2025,15:00,Sonderjyske,Aarhus,1,1,D,4.29,3.46,1.95,4.29,3.46,2.05,3.8,3.3,1.94,4.4,3.5,2.02,,,,,,,,,,,
DNK,Superliga,2025/2026,20/07/2025,17:00,Midtjylland,Odense,3,3,D,1.48,4.92,6.31,1.5,5,6.75,1.44,4.56,5.92,1.53,5,6.6,,,,,,,,,,,
DNK,Superliga,2025/2026,20/07/2025,19:00,Brondby,Silkeborg,3,0,H,1.67,4.27,4.95,1.68,4.27,4.95,1.63,4,4.61,1.7,4.3,5.4,,,,,,,,,,,
DNK,Superliga,2025/2026,25/07/2025,18:00,Aarhus,Randers FC,1,2,A,1.93,3.75,4.04,1.93,3.75,4.04,1.87,3.54,3.79,1.95,3.75,4.4,,,,,,,,,,,
DNK,Superliga,2025/2026,26/07/2025,17:00,FC Copenhagen,Vejle,2,0,H,1.27,6.14,10.41,1.29,6.25,11,1.25,5.67,9.81,1.29,6.2,13,,,,,,,,,,,
DNK,Superliga,2025/2026,27/07/2025,13:00,Odense,Viborg,3,1,H,2.16,3.78,3.26,2.25,3.78,3.26,2.16,3.59,2.95,2.38,3.75,3.1,,,,,,,,,,,
DNK,Superliga,2025/2026,27/07/2025,15:00,Silkeborg,Fredericia,0,2,A,1.74,3.95,4.77,1.8,3.95,4.77,1.73,3.73,4.29,1.82,3.95,4.8,,,,,,,,,,,
DNK,Superliga,2025/2026,27/07/2025,17:00,Nordsjaelland,Brondby,0,1,A,3.29,3.81,2.14,3.29,3.9,2.15,3.08,3.7,2.06,3.45,3.95,2.16,,,,,,,,,,,
DNK,Superliga,2025/2026,28/07/2025,18:00,Midtjylland,Sonderjyske,6,2,H,1.55,4.84,5.4,1.55,5.2,5.8,1.5,4.54,5.22,1.57,4.9,6,,,,,,,,,,,
DNK,Superliga,2025/2026,01/08/2025,17:00,Fredericia,FC Copenhagen,0,2,A,6.92,4.77,1.46,7,5,1.46,6.38,4.6,1.42,8,5.1,1.46,,,,,,,,,,,
DNK,Superliga,2025/2026,01/08/2025,19:00,Vejle,Odense,4,0,H,2.79,3.61,2.51,2.79,3.65,2.6,2.57,3.47,2.48,2.76,3.65,2.7,,,,,,,,,,,
DNK,Superliga,2025/2026,03/08/2025,13:00,Randers FC,Silkeborg,1,0,H,1.96,3.84,3.77,1.96,3.84,3.9,1.88,3.66,3.64,1.95,3.9,4.2,,,,,,,,,,,
DNK,Superliga,2025/2026,03/08/2025,13:00,Sonderjyske,Nordsjaelland,3,2,H,2.98,3.8,2.3,3,3.8,2.3,2.91,3.61,2.17,3,3.9,2.38,,,,,,,,,,,
DNK,Superliga,2025/2026,03/08/2025,15:00,Aarhus,Midtjylland,0,0,D,2.45,3.73,2.8,2.46,3.73,2.8,2.37,3.55,2.67,2.62,3.75,2.8,,,,,,,,,,,
DNK,Superliga,2025/2026,03/08/2025,17:00,Brondby,Viborg,0,2,A,1.75,4.06,4.59,1.75,4.1,4.75,1.69,3.91,4.27,1.78,4.1,4.9,,,,,,,,,,,
DNK,Superliga,2025/2026,08/08/2025,17:00,FC Copenhagen,Aarhus,2,3,A,1.74,3.99,4.75,1.88,3.85,4.4,1.79,3.55,4.11,1.88,3.65,5,,,,,,,,,,,
DNK,Superliga,2025/2026,08/08/2025,19:00,Viborg,Sonderjyske,1,0,H,1.97,3.77,3.81,1.9,4,4.1,1.85,3.63,3.78,1.9,4,4.3,,,,,,,,,,,
DNK,Superliga,2025/2026,10/08/2025,13:00,Midtjylland,Fredericia,3,3,D,1.41,5.32,7.17,1.38,5.75,7.5,1.35,5.2,6.69,1.38,5.9,9,,,,,,,,,,,
DNK,Superliga,2025/2026,10/08/2025,15:00,Silkeborg,Nordsjaelland,4,2,H,2.63,3.7,2.62,2.75,3.75,2.63,2.53,3.54,2.46,2.68,3.8,2.66,,,,,,,,,,,
DNK,Superliga,2025/2026,10/08/2025,17:00,Brondby,Vejle,2,1,H,1.66,4.36,4.87,1.66,4.5,5.25,1.58,4.13,4.8,1.67,4.5,5.4,,,,,,,,,,,
DNK,Superliga,2025/2026,11/08/2025,18:00,Odense,Randers FC,3,2,H,2.63,3.57,2.68,2.6,3.55,2.75,2.46,3.42,2.6,2.64,3.6,2.88,,,,,,,,,,,
DNK,Superliga,2025/2026,15/08/2025,17:00,Nordsjaelland,FC Copenhagen,1,3,A,3.54,3.86,2.03,4.33,4,1.85,3.94,3.77,1.77,4.4,4,1.88,4.33,3.8,1.75,,,,,,,,
DNK,Superliga,2025/2026,15/08/2025,19:00,Fredericia,Sonderjyske,3,2,H,2.58,3.62,2.7,2.55,3.6,2.7,2.45,3.45,2.59,2.66,3.7,2.76,2.5,3.6,2.6,,,,,,,,
DNK,Superliga,2025/2026,17/08/2025,13:00,Vejle,Midtjylland,0,2,A,3.98,4.03,1.86,3.66,4.2,1.97,3.42,3.8,1.89,4,3.95,1.98,3.5,3.9,1.91,,,,,,,,
DNK,Superliga,2025/2026,17/08/2025,15:00,Viborg,Silkeborg,2,3,A,2.28,3.64,3.13,2.33,3.8,3,2.24,3.48,2.86,2.4,3.7,3.05,2.3,3.5,2.8,,,,,,,,
DNK,Superliga,2025/2026,17/08/2025,17:00,Randers FC,Brondby,0,2,A,2.86,3.59,2.47,2.95,3.5,2.48,2.76,3.37,2.37,2.92,3.65,2.54,2.8,3.5,2.38,,,,,,,,
DNK,Superliga,2025/2026,18/08/2025,18:00,Odense,Aarhus,1,5,A,2.96,3.63,2.38,3.5,3.65,2.2,3.16,3.5,2.09,3.55,3.7,2.16,3.5,3.6,2,,,,,,,,
DNK,Superliga,2025/2026,23/08/2025,17:00,FC Copenhagen,Odense,1,1,D,1.43,5.08,7.06,1.43,5.33,7.5,1.36,4.88,7.08,1.4,5.5,8.8,1.36,5,7.5,,,,,,,,
DNK,Superliga,2025/2026,24/08/2025,13:00,Fredericia,Randers FC,1,0,H,3.03,3.88,2.24,3.1,3.95,2.16,3.01,3.69,2.08,3.3,3.9,2.22,3.1,3.6,2.1,,,,,,,,
DNK,Superliga,2025/2026,24/08/2025,13:00,Midtjylland,Silkeborg,4,2,H,1.7,4.31,4.59,1.7,4.6,4.75,1.61,4.25,4.36,1.68,4.5,5.1,1.62,4.33,4.5,,,,,,,,
DNK,Superliga,2025/2026,24/08/2025,15:00,Sonderjyske,Brondby,2,0,H,3.79,3.94,1.93,3.8,3.8,1.94,3.63,3.64,1.88,4.1,3.9,1.96,3.8,3.8,1.85,,,,,,,,
DNK,Superliga,2025/2026,24/08/2025,17:00,Aarhus,Vejle,1,0,H,1.58,4.15,6.03,1.6,4.2,6,1.56,4.01,5.25,1.6,4.4,6.4,1.57,3.9,5.75,,,,,,,,
DNK,Superliga,2025/2026,25/08/2025,18:00,Nordsjaelland,Viborg,1,0,H,1.95,3.88,3.78,1.9,4,3.8,1.85,3.82,3.57,1.92,4.2,4,1.85,3.9,3.75,,,,,,,,
DNK,Superliga,2025/2026,29/08/2025,18:00,Vejle,Viborg,1,2,A,2.83,3.44,2.57,2.7,3.5,2.7,2.54,3.3,2.57,2.64,3.5,2.86,2.4,3.5,2.6,,,,,,,,
DNK,Superliga,2025/2026,31/08/2025,13:00,Aarhus,Fredericia,4,1,H,1.44,4.97,7.1,1.44,5,7,1.41,4.64,6.45,1.45,5.2,7.6,1.36,5,6.5,,,,,,,,
DNK,Superliga,2025/2026,31/08/2025,13:00,Silkeborg,Sonderjyske,0,2,A,2.19,3.81,3.18,2.12,3.95,3.3,2.02,3.68,3.16,2.14,3.95,3.45,1.97,3.7,3.3,,,,,,,,
DNK,Superliga,2025/2026,31/08/2025,15:00,Odense,Nordsjaelland,1,2,A,2.5,3.6,2.81,2.9,3.7,2.75,2.68,3.52,2.35,2.98,3.7,2.46,2.7,3.7,2.25,,,,,,,,
DNK,Superliga,2025/2026,31/08/2025,17:00,Randers FC,FC Copenhagen,1,5,A,4.41,3.92,1.81,4.5,4.1,1.78,4.31,3.77,1.71,4.8,4,1.82,4.5,3.9,1.68,,,,,,,,
DNK,Superliga,2025/2026,31/08/2025,19:00,Brondby,Midtjylland,1,3,A,2.49,3.53,2.87,2.55,3.6,2.7,2.43,3.5,2.59,2.64,3.8,2.72,2.55,3.4,2.55,,,,,,,,
DNK,Superliga,2025/2026,12/09/2025,18:00,Sonderjyske,Randers FC,0,1,A,2.36,3.73,2.92,2.4,3.6,2.83,2.29,3.48,2.71,2.46,3.85,2.94,2.32,3.5,2.75,,,,,,,,
DNK,Superliga,2025/2026,13/09/2025,14:00,Brondby,FC Copenhagen,2,1,H,3.73,3.38,2.13,4.2,3.5,1.95,3.74,3.4,1.9,4.2,3.6,2,4.2,3.4,1.81,,,,,,,,
DNK,Superliga,2025/2026,14/09/2025,13:00,Viborg,Aarhus,1,2,A,3.05,3.69,2.3,3,3.5,2.36,2.86,3.36,2.27,3.1,3.65,2.4,3,3.4,2.25,,,,,,,,
DNK,Superliga,2025/2026,14/09/2025,15:00,Nordsjaelland,Midtjylland,1,0,H,3.11,3.8,2.23,3.05,3.75,2.25,2.85,3.66,2.16,3.05,3.9,2.34,2.82,3.6,2.25,,,,,,,,
DNK,Superliga,2025/2026,14/09/2025,17:00,Silkeborg,Odense,2,1,H,2.45,3.83,2.75,2.4,3.75,2.8,2.29,3.55,2.69,2.5,3.75,2.9,2.32,3.7,2.65,,,,,,,,
DNK,Superliga,2025/2026,15/09/2025,18:00,Fredericia,Vejle,1,1,D,2.81,3.66,2.47,2.82,3.6,2.45,2.65,3.43,2.39,2.9,3.75,2.54,2.82,3.5,2.3,,,,,,,,
DNK,Superliga,2025/2026,19/09/2025,18:00,Odense,Fredericia,3,2,H,1.74,4.14,4.57,1.63,4.33,5.33,1.58,4.08,4.73,1.65,4.6,5.4,1.57,4.33,4.5,,,,,,,,
DNK,Superliga,2025/2026,20/09/2025,17:00,Midtjylland,Viborg,2,0,H,1.62,4.5,5.08,1.75,4.2,4.2,1.7,4.02,3.99,1.8,4.5,4.4,1.71,4.2,4,,,,,,,,
DNK,Superliga,2025/2026,21/09/2025,13:00,Vejle,Sonderjyske,2,2,D,2.27,3.63,3.16,2.3,3.55,3,2.2,3.46,2.91,2.36,3.7,3.15,2.25,3.5,3,,,,,,,,
DNK,Superliga,2025/2026,21/09/2025,15:00,FC Copenhagen,Silkeborg,3,3,D,1.36,5.46,8.33,1.34,5.5,8.5,1.31,5.03,7.84,1.36,5.7,10,1.3,5.5,8,,,,,,,,
DNK,Superliga,2025/2026,21/09/2025,17:00,Aarhus,Brondby,1,0,H,2.19,3.55,3.4,2.2,3.55,3.33,2.1,3.42,3.13,2.24,3.65,3.45,2.05,3.5,3.25,,,,,,,,
DNK,Superliga,2025/2026,22/09/2025,18:00,Randers FC,Nordsjaelland,3,0,H,2.57,3.57,2.75,2.7,3.55,2.5,2.56,3.45,2.44,2.82,3.7,2.6,2.57,3.5,2.4,,,,,,,,
DNK,Superliga,2025/2026,27/09/2025,17:00,Sonderjyske,FC Copenhagen,1,2,A,6.36,4.57,1.51,6.4,4.4,1.5,6.05,4.19,1.46,7.4,4.5,1.54,6,4.2,1.46,,,,,,,,
DNK,Superliga,2025/2026,28/09/2025,13:00,Viborg,Fredericia,2,1,H,1.68,4.28,4.78,1.67,4.25,4.8,1.62,4.09,4.47,1.73,4.4,5,1.62,4.2,4.33,,,,,,,,
DNK,Superliga,2025/2026,28/09/2025,15:00,Silkeborg,Vejle,1,1,D,2.08,3.69,3.54,2.16,3.6,3.25,2.06,3.48,3.15,2.26,3.65,3.45,2.1,3.6,3.1,,,,,,,,
DNK,Superliga,2025/2026,28/09/2025,17:00,Nordsjaelland,Aarhus,1,2,A,2.54,3.64,2.74,2.7,3.6,2.65,2.54,3.46,2.46,2.76,3.7,2.64,2.7,3.5,2.35,,,,,,,,
DNK,Superliga,2025/2026,28/09/2025,19:00,Brondby,Odense,5,1,H,1.74,4.24,4.47,1.73,4.1,4.6,1.66,3.92,4.3,1.82,4.1,4.6,1.62,3.8,4,,,,,,,,
DNK,Superliga,2025/2026,29/09/2025,18:00,Midtjylland,Randers FC,2,1,H,1.66,4.27,5.01,1.73,4.1,4.7,1.66,3.9,4.32,1.75,4.3,4.9,1.66,4.1,4.33,,,,,,,,
DNK,Superliga,2025/2026,03/10/2025,18:00,Odense,Sonderjyske,1,1,D,2.14,3.65,3.41,2.28,3.6,3,2.17,3.47,2.94,2.36,3.7,3.2,2.1,3.6,3,,,,,,,,
DNK,Superliga,2025/2026,05/10/2025,13:00,Randers FC,Viborg,2,1,H,2.26,3.57,3.21,2.38,3.5,3.05,2.23,3.38,2.91,2.44,3.6,3.1,2.25,3.5,2.85,,,,,,,,
DNK,Superliga,2025/2026,05/10/2025,13:00,Vejle,Nordsjaelland,0,3,A,3.06,3.67,2.3,3.2,3.65,2.2,3.07,3.48,2.11,3.5,3.65,2.24,3.1,3.6,2.05,,,,,,,,
DNK,Superliga,2025/2026,05/10/2025,15:00,Aarhus,Silkeborg,3,1,H,1.56,4.48,5.73,1.61,4.33,5.25,1.56,4.1,4.95,1.65,4.4,5.5,1.53,4.33,5.25,,,,,,,,
DNK,Superliga,2025/2026,05/10/2025,17:00,FC Copenhagen,Midtjylland,1,1,D,1.97,3.52,4.11,1.95,3.6,4,1.89,3.48,3.71,2.04,3.7,3.95,1.91,3.6,3.7,,,,,,,,
DNK,Superliga,2025/2026,05/10/2025,19:00,Fredericia,Brondby,0,2,A,5.33,4.32,1.62,6,4.75,1.5,5.57,4.52,1.46,6.6,5,1.51,5.25,4.75,1.49,,,,,,,,
DNK,Superliga,2025/2026,17/10/2025,18:00,Silkeborg,FC Copenhagen,3,1,H,4.89,4.13,1.69,5.33,4,1.67,4.86,3.77,1.63,5.7,4,1.72,4.75,3.9,1.66,,,,,,,,
DNK,Superliga,2025/2026,19/10/2025,13:00,Nordsjaelland,Randers FC,1,0,H,1.88,3.91,4.01,1.87,3.9,4,1.82,3.71,3.74,1.93,3.9,4.3,1.81,3.9,3.7,,,,,,,,
DNK,Superliga,2025/2026,19/10/2025,13:00,Viborg,Odense,1,2,A,2,3.86,3.62,2.05,3.65,3.5,2,3.49,3.35,2.12,3.8,3.6,2.01,3.5,3.5,,,,,,,,
DNK,Superliga,2025/2026,19/10/2025,15:00,Brondby,Aarhus,3,3,D,2.48,3.42,2.96,2.32,3.4,3.05,2.26,3.34,2.9,2.4,3.6,3.2,2.2,3.4,3.05,,,,,,,,
DNK,Superliga,2025/2026,19/10/2025,17:00,Midtjylland,Vejle,5,1,H,1.31,5.79,9.82,1.26,6.5,10.5,1.24,5.79,9.41,1.3,6.4,12,1.22,6.5,9.5,,,,,,,,
DNK,Superliga,2025/2026,20/10/2025,18:00,Sonderjyske,Fredericia,3,0,H,1.79,4.04,4.38,1.77,4,4.2,1.73,3.88,3.95,1.83,4.3,4.5,1.71,3.9,4.2,,,,,,,,
DNK,Superliga,2025/2026,24/10/2025,18:00,Aarhus,Nordsjaelland,1,0,H,1.79,3.97,4.1,1.83,4,4.5,1.75,3.8,3.99,1.87,4,4.4,1.71,4,4.2,,,,,,,,
DNK,Superliga,2025/2026,26/10/2025,13:00,Fredericia,Midtjylland,0,4,A,6.7,5.19,1.4,8.5,5.75,1.33,7.64,5.44,1.29,9.6,6.2,1.35,8.5,5.5,1.27,,,,,,,,
DNK,Superliga,2025/2026,26/10/2025,13:00,Vejle,Silkeborg,1,2,A,2.83,3.45,2.46,2.9,3.6,2.38,2.72,3.45,2.32,2.94,3.75,2.5,2.82,3.4,2.3,,,,,,,,
DNK,Superliga,2025/2026,26/10/2025,15:00,Randers FC,Sonderjyske,0,0,D,1.95,3.87,3.56,1.95,3.75,3.65,1.91,3.66,3.44,1.99,4,3.9,1.86,3.75,3.6,,,,,,,,
DNK,Superliga,2025/2026,26/10/2025,17:00,FC Copenhagen,Viborg,0,0,D,1.47,4.54,6.33,1.46,4.6,7,1.42,4.4,6.34,1.46,5,8.2,1.42,4.5,6.5,,,,,,,,
DNK,Superliga,2025/2026,27/10/2025,18:00,Odense,Brondby,1,4,A,3.6,3.81,1.95,3.75,3.7,1.95,3.52,3.56,1.91,3.9,3.85,2.04,3.7,3.6,1.91,,,,,,,,
DNK,Superliga,2025/2026,01/11/2025,17:00,FC Copenhagen,Fredericia,3,2,H,,,,1.25,7,11,1.22,6.17,9.7,1.27,7,12,1.24,7,7.5,,,,,,,,
DNK,Superliga,2025/2026,02/11/2025,13:00,Viborg,Randers FC,3,2,H,,,,2.38,3.55,2.9,2.29,3.42,2.77,2.5,3.6,3,2.32,3.25,2.55,,,,,,,,
DNK,Superliga,2025/2026,02/11/2025,15:00,Sonderjyske,Vejle,2,1,H,,,,2,3.66,3.7,1.93,3.52,3.5,2.1,3.7,3.85,1.91,3.6,3.6,,,,,,,,
DNK,Superliga,2025/2026,02/11/2025,17:00,Nordsjaelland,Odense,2,4,A,,,,1.75,4.2,4.2,1.71,3.98,4,1.8,4.2,4.5,1.71,4.2,3.9,,,,,,,,
DNK,Superliga,2025/2026,02/11/2025,19:00,Silkeborg,Brondby,0,2,A,,,,3.1,3.7,2.25,2.95,3.6,2.13,3.25,3.8,2.26,2.95,3.7,2.15,,,,,,,,
DNK,Superliga,2025/2026,03/11/2025,18:00,Midtjylland,Aarhus,1,1,D,,,,1.83,4.33,3.9,1.76,4.01,3.73,1.88,4.4,4,1.76,4.33,3.7,,,,,,,,
DNK,Superliga,2025/2026,07/11/2025,18:00,Odense,Silkeborg,1,1,D,,,,2,3.8,3.6,1.94,3.67,3.36,2.06,3.95,3.7,1.86,3.75,3.6,,,,,,,,
DNK,Superliga,2025/2026,09/11/2025,13:00,Fredericia,Viborg,0,3,A,,,,3.35,3.8,2.1,3.13,3.67,2.02,3.45,3.95,2.12,3.2,3.8,2.01,,,,,,,,
DNK,Superliga,2025/2026,09/11/2025,13:00,Vejle,FC Copenhagen,2,0,H,,,,5.75,4.2,1.62,5.19,4.04,1.55,6.4,4.3,1.62,5,4.2,1.57,,,,,,,,
DNK,Superliga,2025/2026,09/11/2025,15:00,Randers FC,Midtjylland,0,2,A,,,,4.8,4.25,1.67,4.57,3.98,1.62,5.2,4.5,1.68,4.75,4.1,1.56,,,,,,,,
DNK,Superliga,2025/2026,09/11/2025,17:00,Aarhus,Sonderjyske,2,3,A,,,,1.55,4.4,6,1.51,4.22,5.34,1.58,4.7,6.2,1.46,4.33,5.75,,,,,,,,
DNK,Superliga,2025/2026,09/11/2025,19:00,Brondby,Nordsjaelland,2,0,H,,,,2.12,3.7,3.3,2.03,3.53,3.21,2.18,3.75,3.55,2.01,3.6,3.25,,,,,,,,
DNK,Superliga,2025/2026,21/11/2025,18:00,Silkeborg,Aarhus,0,2,A,,,,3.8,3.9,1.93,3.56,3.72,1.85,4,4.1,1.94,3.6,3.9,1.86,,,,,,,,
DNK,Superliga,2025/2026,23/11/2025,11:00,FC Copenhagen,Brondby,1,0,H,,,,1.9,3.7,4.33,1.83,3.53,3.88,1.95,3.75,4.5,1.79,3.6,4.1,,,,,,,,
DNK,Superliga,2025/2026,23/11/2025,13:00,Viborg,Vejle,5,2,H,,,,1.75,4,4.75,1.72,3.73,4.25,1.79,4,4.9,1.66,3.8,4.75,,,,,,,,
DNK,Superliga,2025/2026,23/11/2025,15:00,Nordsjaelland,Fredericia,5,0,H,,,,1.36,5.33,8.25,1.33,5.08,7.05,1.4,5.8,8.2,1.33,5.25,7,,,,,,,,
DNK,Superliga,2025/2026,23/11/2025,17:00,Sonderjyske,Midtjylland,2,1,H,,,,5.1,4.4,1.62,4.69,4.11,1.58,5.5,4.5,1.64,5,4,1.57,,,,,,,,
DNK,Superliga,2025/2026,24/11/2025,18:00,Randers FC,Odense,0,0,D,,,,2.25,3.5,3.25,2.17,3.4,3.03,2.36,3.65,3.25,2.2,3.5,2.95,,,,,,,,
DNK,Superliga,2025/2026,28/11/2025,18:00,Sonderjyske,Viborg,2,2,D,,,,2.3,3.55,3,2.25,3.4,2.86,2.42,3.6,3.1,2.2,3.5,2.95,,,,,,,,
DNK,Superliga,2025/2026,30/11/2025,13:00,Aarhus,FC Copenhagen,2,0,H,,,,2.5,3.6,2.75,2.39,3.45,2.62,2.58,3.65,2.84,2.3,3.4,2.45,,,,,,,,
DNK,Superliga,2025/2026,30/11/2025,13:00,Silkeborg,Randers FC,0,0,D,,,,2.7,3.6,2.63,2.55,3.48,2.46,2.82,3.8,2.54,2.65,3.6,2.4,,,,,,,,
DNK,Superliga,2025/2026,30/11/2025,15:00,Midtjylland,Nordsjaelland,6,0,H,,,,1.9,4.2,4.2,1.75,3.98,3.85,1.83,4.3,4.3,1.76,4.1,3.9,,,,,,,,
DNK,Superliga,2025/2026,30/11/2025,17:00,Odense,Vejle,3,0,H,,,,1.83,3.9,4.2,1.78,3.72,3.93,1.85,4.1,4.4,1.76,3.75,4.2,,,,,,,,
DNK,Superliga,2025/2026,01/12/2025,18:00,Brondby,Fredericia,1,3,A,,,,1.27,6.5,10,1.24,5.91,9.11,1.28,6.8,12.5,1.24,6.5,8.5,,,,,,,,
DNK,Superliga,2025/2026,05/12/2025,18:00,Fredericia,Odense,1,3,A,,,,4.1,4.33,1.75,3.97,3.97,1.72,4.4,4.4,1.79,4,4.33,1.68,,,,,,,,
DNK,Superliga,2025/2026,07/12/2025,13:00,Nordsjaelland,Silkeborg,5,0,H,,,,1.67,4.5,4.75,1.62,4.28,4.31,1.72,4.6,4.8,1.62,4.5,4.33,,,,,,,,
DNK,Superliga,2025/2026,07/12/2025,13:00,Viborg,Midtjylland,3,3,D,,,,5.1,4.25,1.64,4.77,4.05,1.59,5.5,4.6,1.66,5,4.2,1.56,,,,,,,,
DNK,Superliga,2025/2026,07/12/2025,15:00,Randers FC,Aarhus,1,2,A,,,,3.6,3.6,2.05,3.39,3.49,1.98,3.8,3.75,2.08,3.5,3.5,2.01,,,,,,,,
DNK,Superliga,2025/2026,07/12/2025,17:00,FC Copenhagen,Sonderjyske,0,2,A,,,,1.6,4.33,5.5,1.55,4.1,5.12,1.63,4.4,5.9,1.53,4.33,5.25,,,,,,,,
DNK,Superliga,2025/2026,08/12/2025,18:00,Vejle,Brondby,2,1,H,,,,4.2,3.8,1.83,4.04,3.67,1.77,4.6,4,1.84,4.1,3.8,1.76,,,,,,,,
DNK,Superliga,2025/2026,08/02/2026,13:00,Nordsjaelland,Sonderjyske,2,1,H,,,,1.83,3.9,4.25,1.78,3.78,3.92,1.9,4,4.3,1.79,3.7,4.1,,,,,,,,
DNK,Superliga,2025/2026,08/02/2026,13:00,Silkeborg,Viborg,0,1,A,,,,3.2,3.7,2.18,3.01,3.55,2.12,3.3,3.95,2.22,3.1,3.6,2.1,,,,,,,,
DNK,Superliga,2025/2026,08/02/2026,15:00,Midtjylland,FC Copenhagen,2,1,H,,,,2.25,3.5,3.1,2.17,3.44,2.99,2.32,3.7,3.25,2.1,3.5,3.1,,,,,,,,
DNK,Superliga,2025/2026,08/02/2026,17:00,Brondby,Randers FC,0,0,D,,,,2.2,3.5,3.33,2.12,3.35,3.2,2.3,3.5,3.4,2.15,3.5,3.1,,,,,,,,
DNK,Superliga,2025/2026,09/02/2026,18:00,Vejle,Fredericia,2,3,A,,,,2.05,3.6,3.6,1.96,3.49,3.46,2.14,3.75,3.7,1.96,3.5,3.5,,,,,,,,
DNK,Superliga,2025/2026,09/02/2026,20:00,Aarhus,Odense,2,1,H,,,,1.7,4.1,5,1.64,3.88,4.59,1.75,4.1,5.2,1.62,4.1,4.5,,,,,,,,
DNK,Superliga,2025/2026,13/02/2026,18:00,Randers FC,Vejle,2,0,H,,,,1.93,3.55,4.5,1.84,3.37,4.11,1.82,3.75,5.4,1.86,3.25,4.2,,,,,,,,
DNK,Superliga,2025/2026,14/02/2026,16:00,FC Copenhagen,Nordsjaelland,1,2,A,,,,1.83,4,4,1.78,3.83,3.85,1.87,4.1,4.3,1.76,4,4,,,,,,,,
DNK,Superliga,2025/2026,15/02/2026,13:00,Fredericia,Aarhus,1,1,D,,,,7,4.9,1.48,6.01,4.58,1.43,6.8,5.1,1.49,5.75,4.5,1.45,,,,,,,,
DNK,Superliga,2025/2026,15/02/2026,15:00,Odense,Midtjylland,1,4,A,,,,4.33,4,1.77,4.13,3.88,1.7,4.4,4.3,1.82,4.33,3.8,1.68,,,,,,,,
DNK,Superliga,2025/2026,15/02/2026,17:00,Viborg,Brondby,1,0,H,,,,2.45,3.6,2.7,2.41,3.45,2.63,2.52,3.75,2.88,2.45,3.4,2.7,,,,,,,,
DNK,Superliga,2025/2026,16/02/2026,18:00,Sonderjyske,Silkeborg,2,1,H,,,,1.95,4.1,3.7,1.85,3.78,3.55,1.99,4.1,3.9,1.81,4.1,3.5,,,,,,,,
DNK,Superliga,2025/2026,20/02/2026,18:00,Nordsjaelland,Vejle,3,3,D,,,,1.4,5.33,8.8,1.34,4.96,7.26,1.36,5.9,9.6,1.3,5,8,,,,,,,,
DNK,Superliga,2025/2026,21/02/2026,13:00,Odense,FC Copenhagen,2,2,D,,,,3.9,3.9,1.91,3.65,3.71,1.83,3.9,4,1.98,3.7,3.75,1.86,,,,,,,,
DNK,Superliga,2025/2026,22/02/2026,13:00,Randers FC,Fredericia,1,2,A,,,,1.65,4,5,1.62,3.87,4.73,1.72,4.2,5.4,1.62,3.8,5,,,,,,,,
DNK,Superliga,2025/2026,22/02/2026,15:00,Silkeborg,Midtjylland,0,4,A,,,,6,4.75,1.51,5.42,4.53,1.46,6.6,5.1,1.51,5.5,4.75,1.46,,,,,,,,
DNK,Superliga,2025/2026,22/02/2026,17:00,Aarhus,Viborg,5,2,H,,,,1.72,4,5,1.68,3.79,4.32,1.79,4.2,4.7,1.66,3.9,4.5,,,,,,,,
DNK,Superliga,2025/2026,23/02/2026,18:00,Brondby,Sonderjyske,0,0,D,,,,1.95,3.6,4.25,1.83,3.49,3.97,1.91,3.8,4.5,1.81,3.4,4,,,,,,,,
DNK,Superliga,2025/2026,01/03/2026,16:00,FC Copenhagen,Randers FC,1,2,A,,,,1.58,4.33,6,1.51,4.1,5.48,1.6,4.6,6.2,1.51,4.33,5.5,,,,,,,,
DNK,Superliga,2025/2026,01/03/2026,16:00,Fredericia,Silkeborg,2,1,H,,,,2.45,3.75,2.8,2.29,3.54,2.67,2.5,3.9,2.82,2.32,3.7,2.65,,,,,,,,
DNK,Superliga,2025/2026,01/03/2026,16:00,Midtjylland,Brondby,0,0,D,,,,1.55,4.5,6.5,1.47,4.29,5.59,1.52,4.9,7,1.45,4.2,6.5,,,,,,,,
DNK,Superliga,2025/2026,01/03/2026,16:00,Sonderjyske,Odense,1,0,H,,,,2.25,3.6,2.9,2.2,3.48,2.84,2.38,3.7,3.15,2.25,3.5,2.82,,,,,,,,
DNK,Superliga,2025/2026,01/03/2026,16:00,Vejle,Aarhus,1,2,A,,,,5.75,4.5,1.53,5.44,4.15,1.5,6.8,4.5,1.56,5.5,4.5,1.46,,,,,,,,
DNK,Superliga,2025/2026,01/03/2026,16:00,Viborg,Nordsjaelland,2,1,H,,,,2.16,3.8,3.1,2.08,3.61,2.99,2.2,3.85,3.35,2.05,3.75,3.1,,,,,,,,
DNK,Superliga,2025/2026,13/03/2026,18:00,Fredericia,Randers FC,0,3,A,,,,3.33,3.8,2.1,3.15,3.64,2.01,3.4,3.9,2.16,3.3,3.8,1.96,,,,,,,,
DNK,Superliga,2025/2026,15/03/2026,13:00,Midtjylland,Nordsjaelland,0,1,A,,,,1.44,5.1,6.66,1.38,4.86,6.13,1.44,5.5,7.4,1.39,5,6,,,,,,,,
DNK,Superliga,2025/2026,15/03/2026,13:00,Odense,FC Copenhagen,2,1,H,,,,3,3.65,2.25,2.83,3.57,2.19,3.15,3.8,2.34,2.82,3.6,2.25,,,,,,,,
DNK,Superliga,2025/2026,15/03/2026,15:00,Sonderjyske,Aarhus,1,1,D,,,,3.8,3.65,1.95,3.52,3.53,1.91,4.1,3.85,2,3.8,3.5,1.86,,,,,,,,
DNK,Superliga,2025/2026,15/03/2026,17:00,Brondby,Viborg,0,1,A,,,,2.2,3.5,3.33,2.11,3.39,3.13,2.24,3.6,3.45,2.15,3.4,3.1,,,,,,,,
DNK,Superliga,2025/2026,16/03/2026,18:00,Silkeborg,Vejle,1,1,D,,,,2.35,3.5,2.88,2.28,3.45,2.77,2.44,3.8,2.96,2.35,3.4,2.7,,,,,,,,
DNK,Superliga,2025/2026,20/03/2026,18:00,Vejle,Odense,1,1,D,,,,3.2,3.5,2.2,3.1,3.41,2.12,3.4,3.65,2.28,3.2,3.4,2.15,,,,,,,,
DNK,Superliga,2025/2026,22/03/2026,13:00,Nordsjaelland,Sonderjyske,2,0,H,,,,2.12,3.75,3.2,2.03,3.65,3.08,2.2,4,3.3,2.05,3.7,3.2,,,,,,,,
DNK,Superliga,2025/2026,22/03/2026,13:00,Randers FC,Silkeborg,0,3,A,,,,1.85,3.8,4.5,1.76,3.68,4.04,1.85,3.95,4.7,1.76,3.5,4.5,,,,,,,,
DNK,Superliga,2025/2026,22/03/2026,15:00,FC Copenhagen,Fredericia,1,2,A,,,,1.36,5.5,8,1.31,5.25,7.33,1.37,6,8.8,1.3,5.25,7.5,,,,,,,,
DNK,Superliga,2025/2026,22/03/2026,17:00,Aarhus,Brondby,0,0,D,,,,1.73,3.8,5,1.68,3.72,4.46,1.78,4,5,1.68,3.8,4.5,,,,,,,,
DNK,Superliga,2025/2026,22/03/2026,19:00,Viborg,Midtjylland,1,1,D,,,,3.2,3.75,2.15,3.08,3.61,2.05,3.4,3.85,2.2,3.2,3.6,2.05,,,,,,,,
DNK,Superliga,2025/2026,04/04/2026,17:00,Midtjylland,Sonderjyske,2,2,D,,,,1.49,4.75,6.5,1.43,4.52,6.06,1.48,5.3,7.2,1.42,4.75,6.5,,,,,,,,
DNK,Superliga,2025/2026,05/04/2026,17:00,FC Copenhagen,Silkeborg,7,0,H,,,,1.38,5.33,8.25,1.33,5.14,7.01,1.36,6.2,8.8,1.33,5.25,7,,,,,,,,
DNK,Superliga,2025/2026,06/04/2026,13:00,Vejle,Randers FC,1,1,D,,,,3,3.35,2.45,2.84,3.23,2.34,3.1,3.35,2.56,2.82,3.2,2.45,,,,,,,,
DNK,Superliga,2025/2026,06/04/2026,15:00,Odense,Fredericia,1,0,H,,,,1.6,4.5,5,1.55,4.27,4.68,1.63,4.7,5.3,1.53,4.5,4.75,,,,,,,,
DNK,Superliga,2025/2026,06/04/2026,17:00,Viborg,Aarhus,1,2,A,,,,3,3.45,2.37,2.88,3.32,2.27,3.2,3.5,2.46,3,3.4,2.32,,,,,,,,
DNK,Superliga,2025/2026,07/04/2026,18:00,Nordsjaelland,Brondby,2,1,H,,,,2.2,3.7,3.2,2.11,3.51,3,2.22,3.75,3.4,2.01,3.3,3.1,,,,,,,,
DNK,Superliga,2025/2026,10/04/2026,18:00,Aarhus,Nordsjaelland,1,1,D,,,,1.85,4.1,4.5,1.78,3.81,3.82,1.89,3.95,4.4,1.81,4.1,3.7,,,,,,,,
DNK,Superliga,2025/2026,12/04/2026,13:00,Silkeborg,Odense,3,1,H,,,,3.4,3.75,2.1,3.17,3.69,1.99,3.5,4,2.1,3.3,3.75,1.96,,,,,,,,
DNK,Superliga,2025/2026,12/04/2026,13:00,Sonderjyske,Viborg,0,2,A,,,,3,3.75,2.45,2.8,3.52,2.24,3.15,3.65,2.4,2.82,3.75,2.2,,,,,,,,
DNK,Superliga,2025/2026,12/04/2026,15:00,Brondby,Midtjylland,1,2,A,,,,3.4,3.6,2.1,3.22,3.49,2.04,3.6,3.7,2.16,3.4,3.5,2.05,,,,,,,,
DNK,Superliga,2025/2026,12/04/2026,17:00,Randers FC,FC Copenhagen,1,2,A,,,,4.75,4,1.91,4.33,3.75,1.7,4.9,4.2,1.78,4.5,4,1.68,,,,,,,,
DNK,Superliga,2025/2026,13/04/2026,18:00,Fredericia,Vejle,2,2,D,,,,2.42,3.6,2.82,2.32,3.49,2.72,2.5,3.7,2.98,2.3,3.6,2.82,,,,,,,,
DNK,Superliga,2025/2026,17/04/2026,18:00,Brondby,Sonderjyske,6,0,H,,,,2,3.9,4.2,1.81,3.69,3.76,,,,1.76,3.9,4,,,,,,,,
DNK,Superliga,2025/2026,19/04/2026,13:00,Odense,Randers FC,3,1,H,,,,2.22,3.6,3.1,2.17,3.37,2.97,,,,2.2,3.4,3,,,,,,,,
DNK,Superliga,2025/2026,19/04/2026,13:00,Silkeborg,Fredericia,2,2,D,,,,2.08,3.9,3.2,2,3.71,3.1,,,,2.01,3.7,3.2,,,,,,,,
DNK,Superliga,2025/2026,19/04/2026,15:00,Nordsjaelland,Viborg,2,1,H,,,,2.25,3.75,3,2.15,3.61,2.86,,,,2.2,3.7,2.82,,,,,,,,
DNK,Superliga,2025/2026,19/04/2026,17:00,Vejle,FC Copenhagen,1,4,A,,,,5.3,4.2,1.62,4.87,3.97,1.58,,,,5,4,1.57,,,,,,,,
DNK,Superliga,2025/2026,20/04/2026,18:00,Midtjylland,Aarhus,2,1,H,,,,2.05,3.6,3.6,1.97,3.47,3.38,,,,2.01,3.6,3.3,,,,,,,,
DNK,Superliga,2025/2026,22/04/2026,17:00,FC Copenhagen,Odense,2,1,H,,,,1.67,4.3,5.2,1.56,4.12,4.89,,,,1.56,4.2,5,,,,,,,,
DNK,Superliga,2025/2026,22/04/2026,17:00,Vejle,Silkeborg,1,2,A,,,,2.38,3.6,3,2.2,3.54,2.85,,,,2.15,3.6,3,,,,,,,,
DNK,Superliga,2025/2026,22/04/2026,19:00,Viborg,Brondby,0,1,A,,,,2.3,3.6,3,2.19,3.51,2.89,,,,2.2,3.6,3,,,,,,,,
DNK,Superliga,2025/2026,23/04/2026,17:00,Nordsjaelland,Aarhus,1,1,D,,,,3,3.8,2.3,2.8,3.64,2.18,,,,2.75,3.8,2.15,,,,,,,,
DNK,Superliga,2025/2026,23/04/2026,17:00,Randers FC,Fredericia,2,2,D,,,,1.91,3.75,4,1.82,3.64,3.78,,,,1.86,3.6,3.8,,,,,,,,
DNK,Superliga,2025/2026,23/04/2026,19:00,Sonderjyske,Midtjylland,1,2,A,,,,6.4,4.75,1.55,5.38,4.42,1.47,,,,5.5,4.75,1.46,,,,,,,,
DNK,Superliga,2025/2026,26/04/2026,13:00,Fredericia,Odense,0,2,A,,,,3,3.8,2.15,2.89,3.68,2.1,,,,3,3.6,2.1,,,,,,,,
DNK,Superliga,2025/2026,26/04/2026,13:00,Silkeborg,Randers FC,2,0,H,,,,3.2,3.5,2.23,3.02,3.37,2.16,,,,3.2,3.4,2.15,,,,,,,,
DNK,Superliga,2025/2026,26/04/2026,15:00,Sonderjyske,Brondby,3,0,H,,,,3.75,3.9,1.92,3.44,3.71,1.87,,,,3.75,3.9,1.81,,,,,,,,
DNK,Superliga,2025/2026,26/04/2026,17:00,Viborg,Nordsjaelland,1,0,H,,,,2.25,3.9,2.95,2.19,3.72,2.71,,,,2.25,3.8,2.75,,,,,,,,
DNK,Superliga,2025/2026,26/04/2026,19:00,Aarhus,Midtjylland,0,0,D,,,,2.7,3.4,2.65,2.54,3.25,2.54,,,,2.57,3.25,2.57,,,,,,,,
DNK,Superliga,2025/2026,27/04/2026,18:00,FC Copenhagen,Vejle,3,0,H,,,,1.25,6.5,12,1.21,5.99,9.89,,,,1.22,6.5,9,,,,,,,,
DNK,Superliga,2025/2026,01/05/2026,18:00,Brondby,Nordsjaelland,1,1,D,,,,2.22,4,2.85,2.15,3.71,2.75,,,,2.15,4,2.82,,,,,,,,
DNK,Superliga,2025/2026,03/05/2026,13:00,Odense,Silkeborg,2,3,A,,,,1.57,4.6,5,1.52,4.37,4.8,,,,1.53,4.33,5,,,,,,,,
DNK,Superliga,2025/2026,03/05/2026,13:00,Randers FC,Vejle,1,0,H,,,,1.54,4.5,6.33,1.5,4.11,5.47,,,,1.46,4.5,5.5,,,,,,,,
DNK,Superliga,2025/2026,03/05/2026,15:00,Fredericia,FC Copenhagen,3,3,D,,,,5.5,4.75,1.53,5.11,4.52,1.48,,,,5.5,4.75,1.46,,,,,,,,
DNK,Superliga,2025/2026,03/05/2026,17:00,Aarhus,Sonderjyske,2,1,H,,,,1.36,5.5,8,1.31,5.16,7.5,,,,1.3,5.5,8,,,,,,,,
DNK,Superliga,2025/2026,04/05/2026,18:00,Midtjylland,Viborg,3,3,D,,,,1.51,4.5,5.75,1.46,4.38,5.52,,,,1.45,4.5,5.75,,,,,,,,
DNK,Superliga,2025/2026,08/05/2026,18:00,Viborg,Sonderjyske,0,1,A,,,,1.6,4.75,5,1.52,4.43,4.75,1.61,4.8,5.5,1.51,4.75,4.75,,,,,,,,
DNK,Superliga,2025/2026,10/05/2026,13:00,Nordsjaelland,Midtjylland,0,0,D,,,,3,3.9,2.2,2.83,3.66,2.11,3.1,3.9,2.3,2.85,3.9,2.15,,,,,,,,
DNK,Superliga,2025/2026,10/05/2026,13:00,Vejle,Fredericia,2,0,H,,,,3.7,3.95,1.93,3.31,3.73,1.9,3.6,4.1,2.04,3.7,3.75,1.86,,,,,,,,
DNK,Superliga,2025/2026,10/05/2026,15:00,Silkeborg,FC Copenhagen,0,4,A,,,,5.25,4.33,1.62,4.63,4.13,1.57,5.9,4.5,1.62,4.75,4.2,1.57,,,,,,,,
DNK,Superliga,2025/2026,10/05/2026,17:00,Brondby,Aarhus,0,2,A,,,,3.1,3.65,2.15,3,3.49,2.09,3.3,3.95,2.24,3.1,3.6,2.1,,,,,,,,
DNK,Superliga,2025/2026,11/05/2026,18:00,Randers FC,Odense,2,2,D,,,,2.25,3.6,3,2.19,3.47,2.84,2.4,3.7,3.15,2.2,3.6,2.85,,,,,,,,
DNK,Superliga,2025/2026,17/05/2026,13:00,FC Copenhagen,Randers FC,5,0,H,,,,1.58,4.5,5.5,1.51,4.23,5.1,1.6,4.6,6.2,1.49,4.5,5.25,,,,,,,,
DNK,Superliga,2025/2026,17/05/2026,13:00,Fredericia,Silkeborg,4,1,H,,,,1.92,4.5,3.5,1.85,4.03,3.3,1.9,4.5,3.7,1.76,4.5,3.4,,,,,,,,
DNK,Superliga,2025/2026,17/05/2026,13:00,Odense,Vejle,0,1,A,,,,1.67,4.35,4.7,1.61,4.16,4.27,1.72,4.6,4.7,1.62,4.2,4.33,,,,,,,,
DNK,Superliga,2025/2026,17/05/2026,17:00,Aarhus,Viborg,6,2,H,,,,2.38,4,2.9,2.22,3.62,2.72,2.4,4,2.9,2.3,3.8,2.65,,,,,,,,
DNK,Superliga,2025/2026,17/05/2026,17:00,Midtjylland,Brondby,2,3,A,,,,2.25,3.6,3.1,2.14,3.47,2.95,2.28,3.8,3.25,2.15,3.4,3.1,,,,,,,,
DNK,Superliga,2025/2026,17/05/2026,17:00,Sonderjyske,Nordsjaelland,1,4,A,,,,3.3,3.9,2.1,3.1,3.65,2.02,3.5,3.95,2.14,3.3,3.9,1.96,,,,,,,,
DNK,Superliga,2026/2027,24/07/2026,18:00,Viborg,Odense,1,0,H,,,,1.75,4.2,4.2,1.7,3.93,3.93,1.81,4.4,4.4,1.66,4.2,4.2,,,,,,,,
DNK,Superliga,2026/2027,25/07/2026,17:00,Aarhus,Brondby,1,1,D,,,,2.04,3.9,3.5,1.97,3.58,3.27,2.06,3.9,3.75,1.86,3.9,3.5,,,,,,,,
DNK,Superliga,2026/2027,26/07/2026,13:00,Sonderjyske,Midtjylland,2,3,A,,,,5.33,4.4,1.55,5.16,4.23,1.5,6.4,4.7,1.55,5.25,4.33,1.49,,,,,,,,
DNK,Superliga,2026/2027,26/07/2026,15:00,FC Copenhagen,Lyngby,3,2,H,,,,1.44,5,7,1.38,4.77,6.32,1.45,5.5,7.6,1.41,4.75,6.25,,,,,,,,
DNK,Superliga,2026/2027,26/07/2026,17:00,Horsens,Nordsjaelland,1,1,D,,,,4.1,3.75,1.85,3.84,3.58,1.79,4.5,3.9,1.89,4.1,3.75,1.76,,,,,,,,
DNK,Superliga,2026/2027,27/07/2026,18:00,Randers FC,Silkeborg,1,1,D,,,,1.7,4,4.7,1.65,3.87,4.35,1.74,4.3,4.9,1.62,3.9,4.5,,,,,,,,
DNK,Superliga,2026/2027,01/08/2026,17:00,Lyngby,Aarhus,2,2,D,,,,2.75,3.6,2.45,2.66,3.42,2.34,2.86,3.65,2.6,2.65,3.5,2.45,,,,,,,,
DNK,Superliga,2026/2027,02/08/2026,13:00,Midtjylland,Horsens,2,1,H,,,,1.33,5.5,9,1.28,5.13,8.34,1.33,6,11.5,1.27,5.25,9,,,,,,,,
DNK,Superliga,2026/2027,02/08/2026,13:00,Nordsjaelland,Randers FC,1,0,H,,,,1.6,4.33,5.25,1.55,4.08,4.83,1.64,4.7,5.5,1.53,4.1,5.25,,,,,,,,
DNK,Superliga,2026/2027,02/08/2026,15:00,Brondby,Viborg,1,0,H,,,,1.98,3.75,3.7,1.9,3.6,3.47,2.04,3.85,3.9,1.91,3.7,3.5,,,,,,,,
DNK,Superliga,2026/2027,02/08/2026,17:00,Silkeborg,FC Copenhagen,1,3,A,,,,7,4.8,1.46,5.87,4.62,1.42,7.2,5.4,1.46,7,4.75,1.39,,,,,,,,
DNK,Superliga,2026/2027,03/08/2026,18:00,Odense,Sonderjyske,1,0,H,,,,2.25,3.6,3.25,2.13,3.49,2.96,2.36,3.7,3.2,2.2,3.5,3,,,,,,,,
DNK,Superliga,2026/2027,07/08/2026,18:00,Sonderjyske,Viborg,0,0,D,,,,4.33,4.1,2.2,3.84,3.92,1.75,4.3,4.4,1.82,4.1,4.1,1.68,,,,,,,,
DNK,Superliga,2026/2027,09/08/2026,15:00,Randers FC,Lyngby,2,0,H,,,,2.4,3.6,2.88,2.28,3.45,2.76,2.44,3.8,3.05,2.4,3.4,2.7,,,,,,,,
DNK,Superliga,2026/2027,09/08/2026,17:00,Horsens,Brondby,0,2,A,,,,5.8,4,1.62,5.18,3.86,1.56,6.2,4.3,1.62,5.5,4,1.53,,,,,,,,
DNK,Superliga,2026/2027,10/08/2026,18:00,Silkeborg,Odense,1,0,H,,,,2.95,3.75,2.25,2.84,3.5,2.2,3.15,3.8,2.32,2.85,3.5,2.2,,,,,,,,
DNK,Superliga,2026/2027,14/08/2026,18:00,Viborg,Aarhus,2,1,H,,,,2.05,3.75,3.35,2.02,3.61,3.19,2.16,3.85,3.55,2.05,3.7,3.2,,,,,,,,
DNK,Superliga,2026/2027,16/08/2026,13:00,Nordsjaelland,Silkeborg,1,0,H,,,,1.4,5.33,7.5,1.35,5.13,6.62,1.41,5.8,8,1.33,5,7.5,,,,,,,,
DNK,Superliga,2026/2027,16/08/2026,13:00,Odense,Horsens,1,2,A,,,,1.8,3.9,4.5,1.74,3.59,4.35,1.84,3.8,5,1.71,3.9,4.2,,,,,,,,
DNK,Superliga,2026/2027,16/08/2026,15:00,Lyngby,Midtjylland,1,1,D,,,,3.9,3.8,1.85,3.7,3.68,1.82,4.2,4,1.91,3.9,3.7,1.81,,,,,,,,
DNK,Superliga,2026/2027,16/08/2026,17:00,Randers FC,FC Copenhagen,0,4,A,,,,4.5,4.1,1.7,4.4,3.9,1.65,5,4.3,1.74,4.5,4.1,1.62,,,,,,,,
DNK,Superliga,2026/2027,17/08/2026,18:00,Brondby,Sonderjyske,3,2,H,,,,1.41,5,7.75,1.37,4.62,6.89,1.45,5.2,8.4,1.37,5,7,,,,,,,,
DNK,Superliga,2026/2027,23/08/2026,11:00,Sonderjyske,Nordsjaelland,0,3,A,,,,4.5,4,1.8,3.99,3.77,1.74,4.4,4.2,1.85,4.5,3.75,1.71,,,,,,,,
DNK,Superliga,2026/2027,23/08/2026,13:00,Aarhus,Odense,2,2,D,,,,1.92,3.8,3.7,1.86,3.66,3.55,1.96,3.95,4,1.86,3.7,3.7,,,,,,,,
DNK,Superliga,2026/2027,23/08/2026,13:00,Midtjylland,Randers FC,1,0,H,,,,1.43,4.8,7,1.39,4.57,6.55,1.45,5.2,8,1.39,4.5,7,,,,,,,,
DNK,Superliga,2026/2027,23/08/2026,15:00,Horsens,Lyngby,2,1,H,,,,3.5,3.3,2.15,3.37,3.24,2.06,3.75,3.55,2.18,3.5,3.3,2.01,,,,,,,,
DNK,Superliga,2026/2027,23/08/2026,17:00,Viborg,FC Copenhagen,4,0,H,,,,3.1,3.5,2.3,2.9,3.44,2.21,3.15,3.85,2.32,3.1,3.4,2.2,,,,,,,,
DNK,Superliga,2026/2027,24/08/2026,18:00,Brondby,Silkeborg,3,1,H,,,,1.45,5,7,1.41,4.58,6.08,1.46,5.1,7.8,1.42,4.5,6.25,,,,,,,,
DNK,Superliga,2026/2027,28/08/2026,18:00,Horsens,Viborg,2,3,A,,,,4.75,3.9,1.75,4.4,3.79,1.68,4.9,4.1,1.78,4.75,3.9,1.62,,,,,,,,
DNK,Superliga,2026/2027,30/08/2026,13:00,Lyngby,Odense,1,1,D,,,,2.1,3.75,3.2,2.03,3.62,3.15,2.16,3.85,3.5,2.05,3.75,3.1,,,,,,,,
DNK,Superliga,2026/2027,30/08/2026,13:00,Silkeborg,Midtjylland,1,1,D,,,,9,5.6,1.33,7.65,5.32,1.3,9,5.9,1.37,8,5.5,1.3,,,,,,,,
DNK,Superliga,2026/2027,30/08/2026,15:00,Randers FC,Aarhus,2,1,H,,,,3.1,3.5,2.3,2.85,3.43,2.25,3.05,3.7,2.4,3,3.4,2.2,,,,,,,,
DNK,Superliga,2026/2027,30/08/2026,17:00,Nordsjaelland,Brondby,3,1,H,,,,2.08,4,3.2,2,3.76,3.12,2.12,4.1,3.4,1.96,4,3.2,,,,,,,,
DNK,Superliga,2026/2027,31/08/2026,18:00,FC Copenhagen,Sonderjyske,3,1,H,,,,1.27,6,12,1.23,5.66,10.06,1.28,6.6,13,1.22,5.75,11,,,,,,,,
DNK,Superliga,2026/2027,02/09/2026,19:00,Aarhus,Midtjylland,0,2,A,,,,3,3.65,2.25,2.93,3.52,2.17,3.2,3.7,2.34,3,3.6,2.2,,,,,,,,
DNK,Superliga,2026/2027,03/09/2026,19:00,FC Copenhagen,Nordsjaelland,2,0,H,,,,2.2,3.9,2.95,2.13,3.74,2.85,2.26,4,3.15,2.15,3.9,2.85,,,,,,,,
DNK,Superliga,2026/2027,04/09/2026,18:00,Viborg,Lyngby,0,2,A,,,,1.88,4,3.9,1.81,3.76,3.74,1.93,4,4.1,1.76,4,3.9,,,,,,,,
DNK,Superliga,2026/2027,05/09/2026,17:00,Aarhus,Silkeborg,2,2,D,,,,1.52,4.75,6.2,1.46,4.44,5.69,1.54,4.8,6.2,1.46,4.33,6,,,,,,,,
DNK,Superliga,2026/2027,06/09/2026,13:00,Sonderjyske,Horsens,2,5,A,,,,2.3,3.45,3.1,2.22,3.33,2.95,2.4,3.55,3.2,2.2,3.4,2.85,,,,,,,,
DNK,Superliga,2026/2027,06/09/2026,15:00,Odense,FC Copenhagen,0,5,A,,,,3.75,3.9,1.91,3.65,3.7,1.84,4.1,3.9,1.95,3.6,3.9,1.81,,,,,,,,
DNK,Superliga,2026/2027,06/09/2026,17:00,Brondby,Randers FC,0,3,A,,,,1.63,4.3,5,1.58,4.12,4.74,1.67,4.5,5.5,1.53,4.2,5,,,,,,,,
DNK,Superliga,2026/2027,07/09/2026,18:00,Midtjylland,Nordsjaelland,2,2,D,,,,2,3.9,3.5,1.92,3.77,3.32,2.04,4.2,3.55,1.91,3.8,3.4,,,,,,,,
DNK,Superliga,2026/2027,11/09/2026,18:00,FC Copenhagen,Horsens,2,0,H,,,,1.31,5.5,9.5,1.28,5.13,8.62,1.32,6,11.5,1.3,5.25,8.5,,,,,,,,
DNK,Superliga,2026/2027,13/09/2026,13:00,Lyngby,Sonderjyske,1,1,D,,,,1.62,4.3,5.25,1.59,4.07,4.7,1.69,4.5,5.2,1.56,4.2,4.75,,,,,,,,
DNK,Superliga,2026/2027,13/09/2026,13:00,Silkeborg,Viborg,1,1,D,,,,3.95,3.95,1.85,3.74,3.82,1.79,4.1,4.2,1.89,3.75,3.9,1.79,,,,,,,,
DNK,Superliga,2026/2027,13/09/2026,15:00,Randers FC,Odense,1,2,A,,,,2.1,3.65,3.3,2.05,3.54,3.13,2.2,3.8,3.4,2.05,3.5,3.3,,,,,,,,
DNK,Superliga,2026/2027,13/09/2026,17:00,Nordsjaelland,Aarhus,2,0,H,,,,1.78,4.1,4.1,1.73,3.92,3.88,1.81,4.2,4.5,1.71,4,4.1,,,,,,,,
DNK,Superliga,2026/2027,14/09/2026,18:00,Midtjylland,Brondby,4,1,H,,,,1.85,3.9,4.1,1.8,3.72,3.8,1.91,4,4.3,1.76,3.9,3.9,,,,,,,,
DNK,Superliga,2026/2027,18/09/2026,18:00,Lyngby,Silkeborg,0,4,A,,,,1.85,4,4,1.79,3.73,3.8,1.9,4,4.3,1.76,4,3.7,,,,,,,,
DNK,Superliga,2026/2027,19/09/2026,17:00,Odense,Midtjylland,1,1,D,,,,4.5,4.33,1.68,4.32,4.13,1.63,4.8,4.5,1.73,4.5,4.33,1.57,,,,,,,,
DNK,Superliga,2026/2027,20/09/2026,13:00,Brondby,FC Copenhagen,0,1,A,,,,3.1,3.6,2.25,2.9,3.45,2.2,3.3,3.75,2.28,2.85,3.4,2.25,,,,,,,,
DNK,Superliga,2026/2027,20/09/2026,13:00,Sonderjyske,Randers FC,4,2,H,,,,2.8,3.6,2.45,2.69,3.46,2.33,2.94,3.75,2.46,2.7,3.5,2.35,,,,,,,,
DNK,Superliga,2026/2027,20/09/2026,15:00,Horsens,Aarhus,2,2,D,,,,4,3.8,1.85,3.9,3.66,1.79,4.6,3.9,1.87,4,3.8,1.76,,,,,,,,
DNK,Superliga,2026/2027,20/09/2026,17:00,Viborg,Nordsjaelland,4,1,H,,,,3.1,3.8,2.15,2.98,3.61,2.09,3.35,3.8,2.22,3,3.8,2.05,,,,,,,,
