Country,League,Season,Date,Time,Home,Away,HG,AG,Res,PSCH,PSCD,PSCA,MaxCH,MaxCD,MaxCA,AvgCH,AvgCD,AvgCA,BFECH,BFECD,BFECA,B365CH,B365CD,B365CA
IRL,Premier Division,2020,14/02/2020,19:45,Cork City,Shelbourne,0,1,A,2.16,3.31,3.65,2.2,3.43,3.95,2.11,3.17,3.48,,,,,,
IRL,Premier Division,2020,14/02/2020,19:45,Dundalk,Derry City,1,0,H,1.55,4.01,6.87,1.55,4.24,7.23,1.5,3.96,6.34,,,,,,
IRL,Premier Division,2020,14/02/2020,19:45,St. Patricks,Waterford,0,1,A,2,3.17,4.49,2.02,3.91,5.52,1.86,3.27,4.34,,,,,,
IRL,Premier Division,2020,14/02/2020,20:00,Finn Harps,Sligo Rovers,1,0,H,3,3.03,2.66,3.05,3.15,3.23,2.8,2.98,2.63,,,,,,
IRL,Premier Division,2020,15/02/2020,14:00,Bohemians,Shamrock Rovers,0,1,A,3.77,3.11,2.21,3.9,3.42,2.21,3.62,3,2.13,,,,,,
IRL,Premier Division,2020,21/02/2020,19:45,Derry City,Finn Harps,1,1,D,1.43,4.18,9.71,1.45,4.5,9.71,1.4,4.06,8.46,,,,,,
IRL,Premier Division,2020,21/02/2020,19:45,Shelbourne,Dundalk,1,2,A,8.73,4.68,1.4,9.5,4.68,1.42,7.91,4.41,1.38,,,,,,
IRL,Premier Division,2020,21/02/2020,19:45,Sligo Rovers,St. Patricks,0,2,A,3.79,3.22,2.15,3.85,3.3,2.17,3.57,3.12,2.09,,,,,,
IRL,Premier Division,2020,21/02/2020,19:45,Waterford,Bohemians,0,2,A,3.18,3.1,2.48,3.36,3.24,2.48,3.1,3.04,2.34,,,,,,
IRL,Premier Division,2020,21/02/2020,20:00,Shamrock Rovers,Cork City,6,0,H,1.21,5.95,21.51,1.23,6.4,21.69,1.19,5.69,16.3,,,,,,
IRL,Premier Division,2020,24/02/2020,19:00,Waterford,Shamrock Rovers,0,2,A,8.5,4.3,1.44,9.2,4.39,1.45,7.7,4.13,1.42,,,,,,
IRL,Premier Division,2020,24/02/2020,19:45,Bohemians,Sligo Rovers,2,0,H,1.56,3.73,7.4,1.57,3.88,8,1.52,3.69,6.61,,,,,,
IRL,Premier Division,2020,24/02/2020,19:45,Dundalk,Cork City,3,0,H,1.18,7.31,15.16,1.22,7.75,26,1.16,6.78,15.57,,,,,,
IRL,Premier Division,2020,28/02/2020,19:45,Cork City,Finn Harps,1,0,H,2.38,2.98,3.52,2.45,3,3.52,2.38,2.86,3.29,,,,,,
IRL,Premier Division,2020,28/02/2020,19:45,Derry City,Bohemians,2,0,H,2.24,3.33,3.42,2.38,3.33,3.42,2.27,3.12,3.18,,,,,,
IRL,Premier Division,2020,28/02/2020,19:45,Shamrock Rovers,Dundalk,3,2,H,2.33,3.25,3.3,2.37,3.25,3.5,2.23,3.14,3.25,,,,,,
IRL,Premier Division,2020,28/02/2020,19:45,Shelbourne,St. Patricks,1,0,H,3.52,3.18,2.27,3.65,3.18,2.3,3.4,3.03,2.22,,,,,,
IRL,Premier Division,2020,06/03/2020,19:45,St. Patricks,Cork City,1,0,H,1.57,3.88,6.81,1.59,4.35,6.81,1.53,3.82,6.28,,,,,,
IRL,Premier Division,2020,06/03/2020,19:45,Waterford,Derry City,2,1,H,3.99,3.42,2.02,4.03,3.42,2.02,3.85,3.3,1.95,,,,,,
IRL,Premier Division,2020,06/03/2020,20:00,Bohemians,Shelbourne,2,0,H,1.81,3.38,5.25,1.86,3.42,5.31,1.79,3.24,4.82,,,,,,
IRL,Premier Division,2020,06/03/2020,20:00,Finn Harps,Dundalk,0,4,A,8.53,4.46,1.43,8.53,4.5,1.44,7.68,4.33,1.4,,,,,,
IRL,Premier Division,2020,07/03/2020,20:00,Sligo Rovers,Shamrock Rovers,2,3,A,10.57,5.22,1.32,13.35,5.65,1.34,10.44,5.05,1.28,,,,,,
IRL,Premier Division,2020,31/07/2020,17:45,Derry City,Sligo Rovers,0,2,A,1.68,3.88,5.32,1.72,3.9,5.5,1.64,3.72,5.15,,,,,,
IRL,Premier Division,2020,31/07/2020,19:45,Dundalk,St. Patricks,1,1,D,1.59,3.89,6.41,1.61,4.03,6.57,1.58,3.74,5.84,,,,,,
IRL,Premier Division,2020,01/08/2020,14:00,Shelbourne,Waterford,0,1,A,2.06,3.28,4.03,2.18,3.54,4.41,1.99,3.24,3.85,,,,,,
IRL,Premier Division,2020,01/08/2020,17:00,Shamrock Rovers,Finn Harps,3,1,H,1.23,6.26,14.55,1.25,6.26,15.93,1.22,5.65,13.04,,,,,,
IRL,Premier Division,2020,02/08/2020,17:00,Cork City,Bohemians,0,1,A,5.48,3.6,1.72,6,3.63,1.76,5.26,3.47,1.68,,,,,,
IRL,Premier Division,2020,03/08/2020,19:45,St. Patricks,Derry City,0,2,A,1.88,3.31,4.91,1.89,3.38,5.15,1.83,3.19,4.65,,,,,,
IRL,Premier Division,2020,04/08/2020,17:45,Finn Harps,Shelbourne,0,1,A,2.86,2.91,2.89,2.88,3.05,3.02,2.67,2.87,2.86,,,,,,
IRL,Premier Division,2020,07/08/2020,17:45,Bohemians,Dundalk,2,1,H,4.3,3.24,2.01,4.33,3.44,2.06,4.01,3.22,1.95,,,,,,
IRL,Premier Division,2020,07/08/2020,19:45,St. Patricks,Finn Harps,2,0,H,1.53,3.89,7.65,1.56,3.9,8,1.51,3.69,7.14,,,,,,
IRL,Premier Division,2020,08/08/2020,14:00,Waterford,Cork City,0,0,D,1.99,3.28,4.35,2.05,3.42,4.48,1.94,3.2,4.07,,,,,,
IRL,Premier Division,2020,08/08/2020,17:00,Sligo Rovers,Shelbourne,2,1,H,2.93,3.04,2.71,2.97,3.16,3.07,2.76,2.99,2.65,,,,,,
IRL,Premier Division,2020,09/08/2020,17:00,Derry City,Shamrock Rovers,1,2,A,5.93,3.68,1.67,6.5,3.81,1.69,5.64,3.58,1.62,,,,,,
IRL,Premier Division,2020,14/08/2020,17:45,Dundalk,Waterford,2,2,D,1.4,4.96,7.82,1.44,4.96,8.01,1.39,4.57,7.27,,,,,,
IRL,Premier Division,2020,14/08/2020,19:45,Cork City,Sligo Rovers,3,0,H,3.54,3,2.36,3.66,3.28,2.41,3.42,3.02,2.22,,,,,,
IRL,Premier Division,2020,15/08/2020,14:00,Finn Harps,Bohemians,0,1,A,5.18,3.22,1.87,5.33,3.35,1.9,4.79,3.16,1.83,,,,,,
IRL,Premier Division,2020,15/08/2020,17:00,Shelbourne,Derry City,1,1,D,3.55,2.95,2.39,3.55,3.14,2.47,3.37,2.92,2.31,,,,,,
IRL,Premier Division,2020,16/08/2020,17:00,St. Patricks,Shamrock Rovers,0,0,D,5.04,3.24,1.88,5.5,3.56,1.9,4.89,3.2,1.8,,,,,,
IRL,Premier Division,2020,18/08/2020,17:45,Sligo Rovers,Waterford,2,1,H,2.61,3.23,2.84,2.72,3.23,2.89,2.62,3.1,2.7,,,,,,
IRL,Premier Division,2020,21/08/2020,17:45,Derry City,Cork City,3,1,H,1.84,3.42,4.81,1.89,3.5,5,1.82,3.34,4.48,,,,,,
IRL,Premier Division,2020,21/08/2020,19:45,Shamrock Rovers,Shelbourne,0,0,D,1.27,5.39,14.99,1.28,5.55,15,1.25,5.17,12.87,,,,,,
IRL,Premier Division,2020,22/08/2020,14:00,Bohemians,St. Patricks,2,0,H,2.53,2.96,3.26,2.64,3.02,3.39,2.5,2.88,3.07,,,,,,
IRL,Premier Division,2020,22/08/2020,17:00,Sligo Rovers,Dundalk,3,1,H,4.98,4.01,1.69,5,4.01,1.75,4.67,3.78,1.68,,,,,,
IRL,Premier Division,2020,23/08/2020,14:00,Waterford,Finn Harps,2,3,A,2.07,3.25,4.03,2.1,3.4,4.15,2.01,3.12,3.9,,,,,,
IRL,Premier Division,2020,04/09/2020,19:45,Waterford,St. Patricks,3,0,H,3.54,3.23,2.24,3.54,3.23,2.31,3.38,3.09,2.2,,,,,,
IRL,Premier Division,2020,05/09/2020,14:00,Shamrock Rovers,Bohemians,1,0,H,1.72,3.6,5.46,1.78,3.6,5.5,1.7,3.38,5.24,,,,,,
IRL,Premier Division,2020,05/09/2020,17:00,Shelbourne,Cork City,1,1,D,1.83,3.34,5.15,1.85,3.41,5.3,1.78,3.26,4.84,,,,,,
IRL,Premier Division,2020,07/09/2020,19:45,Sligo Rovers,Finn Harps,3,1,H,2.1,3.25,3.97,2.13,3.4,4,2.04,3.15,3.75,,,,,,
IRL,Premier Division,2020,11/09/2020,17:45,Bohemians,Waterford,0,2,A,1.52,4.17,7.21,1.54,4.2,7.21,1.49,3.98,6.47,,,,,,
IRL,Premier Division,2020,11/09/2020,20:00,Dundalk,Shelbourne,3,2,H,1.63,3.94,5.89,1.64,4.33,6.5,1.59,3.87,5.35,,,,,,
IRL,Premier Division,2020,12/09/2020,14:00,Cork City,Shamrock Rovers,0,3,A,14.44,5.56,1.28,15,5.8,1.28,12.34,5.37,1.24,,,,,,
IRL,Premier Division,2020,12/09/2020,17:00,St. Patricks,Sligo Rovers,0,0,D,2,3.41,4.26,2.07,3.41,4.26,1.98,3.21,3.91,,,,,,
IRL,Premier Division,2020,13/09/2020,17:00,Finn Harps,Derry City,0,0,D,3.77,3.11,2.27,3.9,3.18,2.34,3.53,3,2.19,,,,,,
IRL,Premier Division,2020,18/09/2020,17:45,Derry City,St. Patricks,0,0,D,2.93,3.05,2.79,3.07,3.2,2.8,2.8,2.96,2.66,,,,,,
IRL,Premier Division,2020,18/09/2020,19:45,Sligo Rovers,Bohemians,0,1,A,3.93,3.17,2.18,4,3.42,2.23,3.69,3.13,2.08,,,,,,
IRL,Premier Division,2020,19/09/2020,19:30,Shelbourne,Finn Harps,1,1,D,2.22,3.16,3.83,2.28,3.22,3.83,2.17,3.07,3.51,,,,,,
IRL,Premier Division,2020,21/09/2020,19:00,Shamrock Rovers,Waterford,6,1,H,1.3,5.59,11.7,1.33,5.68,12.94,1.29,5.11,10.25,,,,,,
IRL,Premier Division,2020,25/09/2020,19:45,Bohemians,Derry City,2,1,H,1.84,3.54,4.9,1.91,3.54,4.98,1.8,3.35,4.55,,,,,,
IRL,Premier Division,2020,26/09/2020,17:00,Waterford,Sligo Rovers,1,0,H,3.04,3.17,2.61,3.09,3.3,2.74,2.8,3.11,2.55,,,,,,
IRL,Premier Division,2020,26/09/2020,19:30,St. Patricks,Shelbourne,2,0,H,1.86,3.43,5,1.91,3.44,5.04,1.84,3.22,4.58,,,,,,
IRL,Premier Division,2020,27/09/2020,17:00,Finn Harps,Cork City,1,1,D,2.33,2.97,3.82,2.41,3.1,3.82,2.24,2.94,3.49,,,,,,
IRL,Premier Division,2020,27/09/2020,19:30,Dundalk,Shamrock Rovers,0,4,A,8.6,4.7,1.42,9,4.85,1.45,7.78,4.46,1.39,,,,,,
IRL,Premier Division,2020,29/09/2020,19:45,Sligo Rovers,Derry City,1,0,H,3.61,3.06,2.36,3.61,3.22,2.46,3.34,2.99,2.28,,,,,,
IRL,Premier Division,2020,02/10/2020,17:45,Derry City,Waterford,2,0,H,2.04,3.3,4.23,2.1,3.36,4.33,1.98,3.19,3.96,,,,,,
IRL,Premier Division,2020,02/10/2020,19:45,Shamrock Rovers,Sligo Rovers,4,0,H,1.26,6.39,11.87,1.31,6.39,12.44,1.25,5.64,10.28,,,,,,
IRL,Premier Division,2020,03/10/2020,17:00,Cork City,St. Patricks,1,2,A,5.33,3.5,1.79,5.33,3.5,1.82,4.92,3.35,1.75,,,,,,
IRL,Premier Division,2020,03/10/2020,19:30,Shelbourne,Bohemians,1,3,A,3.86,3.27,2.16,4.1,3.4,2.16,3.75,3.19,2.04,,,,,,
IRL,Premier Division,2020,04/10/2020,17:00,Dundalk,Finn Harps,0,0,D,1.63,4.05,5.82,1.69,4.32,5.88,1.6,3.89,5.28,,,,,,
IRL,Premier Division,2020,09/10/2020,17:45,Bohemians,Cork City,3,0,H,1.35,5.21,10.14,1.37,5.4,10.5,1.31,4.9,9.15,,,,,,
IRL,Premier Division,2020,10/10/2020,17:00,Waterford,Shelbourne,0,1,A,2.94,3.3,2.6,2.94,3.3,2.7,2.76,3.16,2.53,,,,,,
IRL,Premier Division,2020,13/10/2020,19:45,Cork City,Dundalk,0,2,A,10.88,5.8,1.3,11,5.8,1.32,9.51,5.37,1.28,,,,,,
IRL,Premier Division,2020,16/10/2020,17:45,Dundalk,Bohemians,0,0,D,1.71,4.13,4.9,1.8,4.13,5.09,1.72,3.75,4.45,,,,,,
IRL,Premier Division,2020,17/10/2020,17:00,Cork City,Waterford,0,0,D,3.24,3.77,2.2,3.4,3.77,2.28,3.14,3.46,2.16,,,,,,
IRL,Premier Division,2020,18/10/2020,17:00,Shelbourne,Sligo Rovers,1,0,H,2.63,3.23,2.96,2.66,3.38,3.03,2.49,3.13,2.85,,,,,,
IRL,Premier Division,2020,19/10/2020,17:45,Derry City,Dundalk,1,2,A,3.69,3.22,2.24,3.74,3.27,2.46,3.19,3.05,2.33,,,,,,
IRL,Premier Division,2020,23/10/2020,19:45,Derry City,Shelbourne,2,0,H,1.75,3.66,5.41,1.78,3.66,5.48,1.72,3.46,5,,,,,,
IRL,Premier Division,2020,24/10/2020,17:00,Sligo Rovers,Cork City,2,1,H,1.75,3.83,5.03,1.77,3.9,5.06,1.7,3.7,4.72,,,,,,
IRL,Premier Division,2020,24/10/2020,19:30,Bohemians,Finn Harps,0,2,A,1.52,4.08,7.73,1.54,4.24,8,1.48,3.97,6.96,,,,,,
IRL,Premier Division,2020,25/10/2020,14:00,Waterford,Dundalk,1,0,H,6.59,4.41,1.53,6.65,4.41,1.61,5.89,4.07,1.52,,,,,,
IRL,Premier Division,2020,28/10/2020,19:45,Finn Harps,St. Patricks,3,2,H,5.04,3.45,1.85,5.12,3.46,1.93,4.7,3.26,1.81,,,,,,
IRL,Premier Division,2020,31/10/2020,15:00,Bray,Galway,0,1,A,2.07,3.64,3.61,2.12,3.64,3.8,2.02,3.32,3.52,,,,,,
IRL,Premier Division,2020,31/10/2020,15:00,UC Dublin,Longford,1,1,D,,,,2.3,4.1,3.4,2.13,3.69,2.95,,,,,,
IRL,Premier Division,2020,01/11/2020,17:45,St. Patricks,Dundalk,1,1,D,3.89,3.18,2.19,4,3.37,2.2,3.7,3.1,2.09,,,,,,
IRL,Premier Division,2020,01/11/2020,19:45,Finn Harps,Shamrock Rovers,0,2,A,5.63,3.68,1.72,5.63,3.8,1.75,5.01,3.49,1.7,,,,,,
IRL,Premier Division,2020,04/11/2020,19:45,Shamrock Rovers,St. Patricks,0,0,D,2,3.26,4.52,2.03,3.54,5.41,1.9,3.26,4.2,,,,,,
IRL,Premier Division,2020,06/11/2020,19:45,Galway,Longford,1,2,A,1.98,3.67,3.98,2.12,3.67,3.98,2.02,3.38,3.43,,,,,,
IRL,Premier Division,2020,07/11/2020,15:00,Shamrock Rovers,Derry City,2,0,H,1.71,3.96,5.13,1.73,3.96,5.9,1.67,3.75,5.02,,,,,,
IRL,Premier Division,2020,09/11/2020,19:30,Cork City,Derry City,1,1,D,6.37,3.97,1.61,6.57,4.07,1.71,5.85,3.79,1.57,,,,,,
IRL,Premier Division,2020,09/11/2020,19:30,Dundalk,Sligo Rovers,0,2,A,1.62,4.03,6.02,1.63,4.52,7.5,1.58,3.95,5.38,,,,,,
IRL,Premier Division,2020,09/11/2020,19:30,Finn Harps,Waterford,1,0,H,2.27,3.55,3.28,2.59,3.55,3.28,2.23,3.34,3.11,,,,,,
IRL,Premier Division,2020,09/11/2020,19:30,Shelbourne,Shamrock Rovers,0,2,A,8.3,4.96,1.41,9,4.96,1.57,7.73,4.58,1.38,,,,,,
IRL,Premier Division,2020,09/11/2020,19:30,St. Patricks,Bohemians,1,2,A,1.88,3.63,4.52,2.63,3.63,4.68,1.86,3.43,4.19,,,,,,
IRL,Premier Division,2020,15/11/2020,14:30,Shelbourne,Longford,0,1,A,1.78,3.96,4.66,1.84,3.96,4.75,1.76,3.59,4.37,,,,,,
IRL,Premier Division,2021,19/03/2021,17:45,Drogheda,Waterford,1,0,H,1.87,3.67,4.51,1.87,3.67,4.7,1.81,3.46,4.36,,,,,,
IRL,Premier Division,2021,19/03/2021,19:45,Shamrock Rovers,St. Patricks,1,1,D,1.74,3.47,6.02,1.77,3.6,6.02,1.71,3.31,5.37,,,,,,
IRL,Premier Division,2021,20/03/2021,18:00,Finn Harps,Bohemians,1,0,H,4.64,3.42,1.92,4.64,3.42,1.96,4.31,3.26,1.88,,,,,,
IRL,Premier Division,2021,20/03/2021,18:00,Longford,Derry City,2,0,H,4.84,3.63,1.76,4.9,3.7,1.91,4.28,3.46,1.82,,,,,,
IRL,Premier Division,2021,20/03/2021,18:00,Sligo Rovers,Dundalk,1,1,D,3.97,3.45,2.05,4.06,3.5,2.06,3.78,3.32,1.98,,,,,,
IRL,Premier Division,2021,26/03/2021,17:45,Dundalk,Finn Harps,1,2,A,1.53,4.21,7.19,1.54,4.35,7.61,1.47,4.03,6.84,,,,,,
IRL,Premier Division,2021,26/03/2021,19:45,Waterford,Sligo Rovers,1,2,A,4.71,3.69,1.83,5,3.75,1.83,4.58,3.55,1.75,,,,,,
IRL,Premier Division,2021,27/03/2021,16:00,Bohemians,Longford,2,2,D,1.52,4.2,7.38,1.55,4.2,7.79,1.5,3.9,6.64,,,,,,
IRL,Premier Division,2021,27/03/2021,16:00,St. Patricks,Drogheda,2,1,H,1.52,4.22,7.38,1.57,4.22,7.5,1.51,3.85,6.62,,,,,,
IRL,Premier Division,2021,02/04/2021,17:45,Longford,Sligo Rovers,0,1,A,4.53,3.79,1.83,4.81,3.79,2,4.33,3.52,1.79,,,,,,
IRL,Premier Division,2021,02/04/2021,19:45,Shamrock Rovers,Dundalk,2,1,H,1.92,3.54,4.44,1.97,3.69,4.7,1.88,3.34,4.13,,,,,,
IRL,Premier Division,2021,03/04/2021,18:00,Bohemians,St. Patricks,0,1,A,2.9,3.08,2.8,2.96,3.26,2.84,2.75,2.96,2.69,,,,,,
IRL,Premier Division,2021,03/04/2021,18:00,Derry City,Waterford,1,2,A,1.84,3.48,4.99,1.87,3.82,5.25,1.75,3.43,4.8,,,,,,
IRL,Premier Division,2021,03/04/2021,18:00,Drogheda,Finn Harps,1,1,D,2.56,3.17,3.12,3.09,3.2,3.14,2.51,3.06,2.89,,,,,,
IRL,Premier Division,2021,09/04/2021,17:45,St. Patricks,Derry City,2,0,H,1.87,3.4,4.97,1.87,3.43,5.03,1.81,3.27,4.69,,,,,,
IRL,Premier Division,2021,09/04/2021,19:45,Dundalk,Bohemians,0,1,A,1.91,3.56,4.46,1.92,3.57,4.75,1.85,3.38,4.25,,,,,,
IRL,Premier Division,2021,10/04/2021,18:00,Finn Harps,Waterford,2,1,H,2.17,3.07,4.13,2.18,3.26,4.16,2.08,3.04,3.81,,,,,,
IRL,Premier Division,2021,10/04/2021,18:00,Longford,Drogheda,0,4,A,3.23,3.23,2.45,3.31,3.23,2.46,3.09,3.09,2.36,,,,,,
IRL,Premier Division,2021,10/04/2021,18:00,Sligo Rovers,Shamrock Rovers,1,1,D,4.68,3.15,2.01,4.77,3.39,2.04,4.31,3.12,1.93,,,,,,
IRL,Premier Division,2021,13/04/2021,19:45,Derry City,Shamrock Rovers,0,2,A,6.03,3.59,1.7,6.59,3.9,1.72,5.75,3.59,1.63,,,,,,
IRL,Premier Division,2021,16/04/2021,17:45,Waterford,Bohemians,0,1,A,5.37,3.93,1.69,5.38,3.93,1.8,4.83,3.63,1.7,,,,,,
IRL,Premier Division,2021,16/04/2021,19:45,Derry City,Drogheda,1,1,D,2.52,3.14,3.2,2.53,3.2,3.21,2.43,3.06,2.97,,,,,,
IRL,Premier Division,2021,17/04/2021,18:00,Dundalk,St. Patricks,1,1,D,2.34,3.2,3.47,2.34,3.25,3.54,2.24,3.13,3.27,,,,,,
IRL,Premier Division,2021,17/04/2021,18:00,Shamrock Rovers,Longford,2,1,H,1.17,7.58,20.69,1.19,7.58,20.69,1.16,6.73,15.92,,,,,,
IRL,Premier Division,2021,17/04/2021,18:00,Sligo Rovers,Finn Harps,1,0,H,1.95,3.33,4.6,1.98,3.4,4.62,1.9,3.18,4.3,,,,,,
IRL,Premier Division,2021,20/04/2021,19:45,Bohemians,Sligo Rovers,1,3,A,2.47,3.13,3.31,2.51,3.13,3.31,2.37,3,3.16,,,,,,
IRL,Premier Division,2021,20/04/2021,19:45,Derry City,Dundalk,1,1,D,4.33,3.68,1.89,4.5,3.68,1.91,4.19,3.44,1.85,,,,,,
IRL,Premier Division,2021,20/04/2021,19:45,Drogheda,Shamrock Rovers,0,1,A,7.37,4.09,1.53,7.37,4.09,1.55,6.69,3.83,1.51,,,,,,
IRL,Premier Division,2021,20/04/2021,19:45,Longford,Finn Harps,0,0,D,2.92,3.04,2.81,3.15,3.13,2.82,2.9,2.99,2.57,,,,,,
IRL,Premier Division,2021,20/04/2021,19:45,St. Patricks,Waterford,1,0,H,1.37,4.67,11.04,1.38,5,11.04,1.34,4.53,9.66,,,,,,
IRL,Premier Division,2021,23/04/2021,17:45,Finn Harps,St. Patricks,0,2,A,4.64,3.28,1.96,4.75,3.34,1.98,4.42,3.14,1.9,,,,,,
IRL,Premier Division,2021,23/04/2021,19:45,Shamrock Rovers,Bohemians,2,1,H,1.79,3.42,5.57,1.79,3.52,5.63,1.75,3.33,5.06,,,,,,
IRL,Premier Division,2021,24/04/2021,18:00,Dundalk,Drogheda,2,1,H,1.53,4.38,6.59,1.57,4.41,6.59,1.52,4.12,5.89,,,,,,
IRL,Premier Division,2021,24/04/2021,18:00,Sligo Rovers,Derry City,0,1,A,1.97,3.32,4.52,1.97,3.53,4.53,1.89,3.27,4.27,,,,,,
IRL,Premier Division,2021,24/04/2021,18:00,Waterford,Longford,1,0,H,3.37,3.16,2.41,3.5,3.3,2.45,3.25,3.13,2.26,,,,,,
IRL,Premier Division,2021,30/04/2021,17:45,Drogheda,Sligo Rovers,1,1,D,3.06,3.11,2.64,3.09,3.14,2.64,2.93,2.99,2.52,,,,,,
IRL,Premier Division,2021,30/04/2021,17:45,St. Patricks,Longford,3,0,H,1.55,3.77,8.4,1.56,4.33,8.5,1.5,3.71,7.49,,,,,,
IRL,Premier Division,2021,30/04/2021,19:45,Bohemians,Derry City,1,2,A,1.97,3.37,4.42,2,3.37,4.74,1.92,3.16,4.24,,,,,,
IRL,Premier Division,2021,30/04/2021,19:45,Finn Harps,Shamrock Rovers,0,2,A,5.68,3.63,1.73,6,3.63,1.73,5.47,3.47,1.66,,,,,,
IRL,Premier Division,2021,30/04/2021,19:45,Waterford,Dundalk,0,3,A,9.08,4.75,1.41,9.5,4.85,1.41,8.34,4.59,1.36,,,,,,
IRL,Premier Division,2021,03/05/2021,14:00,Drogheda,Bohemians,1,1,D,4.16,3.44,2.01,4.26,3.44,2.22,3.77,3.22,2.02,,,,,,
IRL,Premier Division,2021,03/05/2021,14:00,Shamrock Rovers,Waterford,3,0,H,1.17,7.42,23.33,1.2,7.91,23.33,1.15,6.9,17.54,,,,,,
IRL,Premier Division,2021,03/05/2021,17:45,Longford,Dundalk,2,2,D,7.56,4.4,1.49,7.56,4.4,1.5,6.72,4.14,1.47,,,,,,
IRL,Premier Division,2021,03/05/2021,17:45,Sligo Rovers,St. Patricks,1,1,D,3.17,2.87,2.75,3.2,2.94,2.76,3.01,2.81,2.6,,,,,,
IRL,Premier Division,2021,03/05/2021,19:45,Derry City,Finn Harps,1,2,A,2.61,2.78,3.51,2.61,2.99,3.74,2.43,2.77,3.37,,,,,,
IRL,Premier Division,2021,07/05/2021,17:45,Derry City,Longford,1,1,D,1.84,3.49,5.01,2.03,3.49,5.12,1.85,3.24,4.5,,,,,,
IRL,Premier Division,2021,07/05/2021,19:45,Dundalk,Sligo Rovers,0,1,A,1.98,3.49,4.21,2.03,3.5,4.25,1.95,3.34,3.85,,,,,,
IRL,Premier Division,2021,08/05/2021,18:00,Bohemians,Finn Harps,4,0,H,1.93,3.37,4.67,1.97,3.45,4.91,1.88,3.24,4.32,,,,,,
IRL,Premier Division,2021,08/05/2021,18:00,St. Patricks,Shamrock Rovers,1,2,A,3.58,3.06,2.37,3.65,3.2,2.37,3.39,2.95,2.29,,,,,,
IRL,Premier Division,2021,08/05/2021,18:00,Waterford,Drogheda,0,7,A,17.61,4.6,1.3,17.61,4.73,1.33,15.73,4.34,1.3,,,,,,
IRL,Premier Division,2021,14/05/2021,17:45,Finn Harps,Dundalk,1,1,D,4.27,3.53,1.93,4.43,3.54,1.93,4.06,3.39,1.88,,,,,,
IRL,Premier Division,2021,14/05/2021,19:45,Drogheda,St. Patricks,3,1,H,4.43,3.29,1.97,4.55,3.38,2,4.18,3.21,1.92,,,,,,
IRL,Premier Division,2021,15/05/2021,18:00,Longford,Bohemians,0,2,A,5.65,3.91,1.66,6,3.95,1.66,5.41,3.79,1.61,,,,,,
IRL,Premier Division,2021,15/05/2021,18:00,Shamrock Rovers,Derry City,1,1,D,1.52,4.03,7.83,1.53,4.2,8,1.47,3.97,7.18,,,,,,
IRL,Premier Division,2021,15/05/2021,18:00,Sligo Rovers,Waterford,3,0,H,1.11,7.56,18.63,1.15,18,67,1.09,10.49,27.92,,,,,,
IRL,Premier Division,2021,21/05/2021,17:45,St. Patricks,Bohemians,2,1,H,2.57,3.06,3.12,2.58,3.1,3.2,2.43,2.98,3.06,,,,,,
IRL,Premier Division,2021,21/05/2021,17:45,Waterford,Derry City,0,1,A,,,,8.5,4.5,1.36,8.5,4.5,1.36,,,,,,
IRL,Premier Division,2021,21/05/2021,19:45,Dundalk,Shamrock Rovers,2,1,H,3.28,3.23,2.37,3.5,3.37,2.37,3.22,3.17,2.24,,,,,,
IRL,Premier Division,2021,21/05/2021,19:45,Finn Harps,Drogheda,0,1,A,2.67,3.18,2.87,2.7,3.24,2.92,2.6,3.03,2.78,,,,,,
IRL,Premier Division,2021,21/05/2021,19:45,Sligo Rovers,Longford,2,0,H,1.69,3.6,6.02,1.7,3.73,6.2,1.64,3.51,5.66,,,,,,
IRL,Premier Division,2021,24/05/2021,17:45,Bohemians,Dundalk,5,1,H,2.69,3.46,2.73,2.7,3.54,2.77,2.59,3.29,2.62,,,,,,
IRL,Premier Division,2021,24/05/2021,17:45,Derry City,St. Patricks,2,2,D,3.97,3.18,2.16,3.97,3.19,2.21,3.62,3.05,2.14,,,,,,
IRL,Premier Division,2021,24/05/2021,19:45,Drogheda,Longford,4,1,H,1.85,3.62,4.68,1.95,3.62,4.81,1.82,3.39,4.38,,,,,,
IRL,Premier Division,2021,24/05/2021,19:45,Shamrock Rovers,Sligo Rovers,0,1,A,1.66,3.68,6.44,1.68,3.68,6.53,1.63,3.47,5.85,,,,,,
IRL,Premier Division,2021,24/05/2021,19:45,Waterford,Finn Harps,1,2,A,3.73,2.98,2.35,3.75,3.18,2.35,3.5,2.93,2.25,,,,,,
IRL,Premier Division,2021,28/05/2021,17:45,Finn Harps,Sligo Rovers,1,2,A,3.82,2.97,2.33,3.82,3,2.36,3.62,2.87,2.23,,,,,,
IRL,Premier Division,2021,28/05/2021,19:45,Drogheda,Derry City,1,2,A,2.44,3.36,3.13,2.45,3.36,3.14,2.33,3.2,3.01,,,,,,
IRL,Premier Division,2021,28/05/2021,19:45,St. Patricks,Dundalk,0,2,A,2.5,3.38,3.02,2.53,3.38,3.05,2.4,3.23,2.89,,,,,,
IRL,Premier Division,2021,29/05/2021,16:00,Bohemians,Waterford,3,0,H,1.24,6.13,14.36,1.25,6.15,15,1.22,5.75,13.09,,,,,,
IRL,Premier Division,2021,29/05/2021,16:00,Longford,Shamrock Rovers,0,1,A,13.74,5.56,1.28,15,5.56,1.36,11.89,5.12,1.26,,,,,,
IRL,Premier Division,2021,11/06/2021,19:45,Derry City,Bohemians,1,1,D,3.74,3.34,2.17,3.74,3.4,2.17,3.53,3.21,2.09,,,,,,
IRL,Premier Division,2021,11/06/2021,19:45,Dundalk,Waterford,1,3,A,1.2,7.13,15.43,1.21,7.51,15.43,1.18,6.75,13.03,,,,,,
IRL,Premier Division,2021,11/06/2021,20:00,Shamrock Rovers,Finn Harps,1,1,D,1.4,4.51,10.36,1.42,4.51,10.36,1.37,4.31,8.9,,,,,,
IRL,Premier Division,2021,12/06/2021,19:30,Longford,St. Patricks,1,3,A,7.96,4.27,1.49,7.96,4.27,1.57,7.03,4.01,1.47,,,,,,
IRL,Premier Division,2021,12/06/2021,19:45,Sligo Rovers,Drogheda,1,2,A,2.26,3.18,3.69,2.28,3.3,3.81,2.17,3.09,3.5,,,,,,
IRL,Premier Division,2021,18/06/2021,19:45,Bohemians,Drogheda,5,0,H,1.64,4.07,5.67,1.69,4.07,5.75,1.62,3.78,5.24,,,,,,
IRL,Premier Division,2021,18/06/2021,19:45,Dundalk,Longford,1,1,D,1.32,5.63,10.52,1.34,5.63,10.52,1.3,5.22,9.01,,,,,,
IRL,Premier Division,2021,18/06/2021,19:45,St. Patricks,Sligo Rovers,2,0,H,2,3.23,4.54,2.05,3.25,4.66,1.95,3.11,4.24,,,,,,
IRL,Premier Division,2021,18/06/2021,19:45,Waterford,Shamrock Rovers,1,4,A,10.79,5.04,1.35,10.79,5.25,1.36,9.1,4.91,1.32,,,,,,
IRL,Premier Division,2021,18/06/2021,20:00,Finn Harps,Derry City,1,2,A,3.23,3.07,2.55,3.23,3.07,2.63,3.03,2.93,2.49,,,,,,
IRL,Premier Division,2021,21/06/2021,19:45,Bohemians,Shamrock Rovers,1,0,H,3.07,3.12,2.62,3.1,3.22,2.62,2.97,3.04,2.46,,,,,,
IRL,Premier Division,2021,21/06/2021,19:45,Derry City,Sligo Rovers,1,1,D,2.36,3.18,3.45,2.55,3.18,3.46,2.37,3,3.16,,,,,,
IRL,Premier Division,2021,21/06/2021,19:45,Drogheda,Dundalk,0,1,A,4.18,3.96,1.85,4.33,3.96,2,3.85,3.69,1.85,,,,,,
IRL,Premier Division,2021,21/06/2021,19:45,Longford,Waterford,1,2,A,2.6,3.11,3.12,2.63,3.2,3.25,2.4,3.05,3.06,,,,,,
IRL,Premier Division,2021,21/06/2021,19:45,St. Patricks,Finn Harps,4,1,H,1.5,4.27,7.64,1.6,4.27,8,1.48,3.95,6.97,,,,,,
IRL,Premier Division,2021,25/06/2021,19:45,Dundalk,Derry City,2,1,H,1.67,4.07,5.4,1.68,4.07,5.5,1.63,3.84,5.05,,,,,,
IRL,Premier Division,2021,25/06/2021,19:45,Waterford,St. Patricks,1,1,D,7.76,3.99,1.53,8,4.2,1.53,6.99,3.9,1.48,,,,,,
IRL,Premier Division,2021,25/06/2021,20:00,Finn Harps,Longford,1,1,D,1.85,3.54,4.88,1.88,3.54,5,1.82,3.34,4.49,,,,,,
IRL,Premier Division,2021,25/06/2021,20:00,Shamrock Rovers,Drogheda,1,1,D,1.38,5.07,9.09,1.38,5.25,9.5,1.33,4.88,8.59,,,,,,
IRL,Premier Division,2021,26/06/2021,19:45,Sligo Rovers,Bohemians,4,0,H,3.87,3.41,2.1,3.9,3.41,2.12,3.67,3.19,2.06,,,,,,
IRL,Premier Division,2021,02/07/2021,19:45,Bohemians,St. Patricks,3,2,H,2.51,3.28,3.08,2.52,3.35,3.3,2.41,3.16,2.94,,,,,,
IRL,Premier Division,2021,02/07/2021,19:45,Derry City,Waterford,2,0,H,1.68,3.64,6.17,1.71,3.71,6.18,1.65,3.5,5.57,,,,,,
IRL,Premier Division,2021,02/07/2021,19:45,Drogheda,Finn Harps,3,1,H,2.12,3.5,3.68,2.2,3.51,3.68,2.09,3.34,3.41,,,,,,
IRL,Premier Division,2021,02/07/2021,20:00,Shamrock Rovers,Dundalk,3,1,H,1.86,3.65,4.59,1.88,3.65,4.59,1.81,3.5,4.26,,,,,,
IRL,Premier Division,2021,03/07/2021,19:30,Longford,Sligo Rovers,0,1,A,5.24,3.78,1.74,5.35,3.78,1.75,4.92,3.52,1.71,,,,,,
IRL,Premier Division,2021,09/07/2021,17:45,Finn Harps,Waterford,0,1,A,1.65,3.92,5.9,1.7,3.93,5.99,1.62,3.71,5.44,,,,,,
IRL,Premier Division,2021,09/07/2021,19:45,St. Patricks,Derry City,1,0,H,1.78,3.59,5.33,1.81,3.65,5.4,1.74,3.46,4.89,,,,,,
IRL,Premier Division,2021,10/07/2021,19:30,Longford,Drogheda,1,1,D,4.86,3.91,1.76,4.87,3.91,1.77,4.58,3.63,1.73,,,,,,
IRL,Premier Division,2021,16/07/2021,19:45,Derry City,Shamrock Rovers,2,4,A,4.72,3.48,1.88,5,3.53,1.91,4.5,3.31,1.84,,,,,,
IRL,Premier Division,2021,16/07/2021,19:45,St. Patricks,Drogheda,2,0,H,1.83,3.65,4.79,1.83,3.75,5,1.74,3.55,4.65,,,,,,
IRL,Premier Division,2021,17/07/2021,16:00,Dundalk,Finn Harps,1,0,H,1.6,4.14,6.05,1.61,4.15,6.05,1.58,3.9,5.59,,,,,,
IRL,Premier Division,2021,18/07/2021,16:00,Bohemians,Longford,1,1,D,1.41,4.68,9.35,1.41,5,10.3,1.36,4.52,8.59,,,,,,
IRL,Premier Division,2021,18/07/2021,16:00,Waterford,Sligo Rovers,1,0,H,4.98,3.7,1.79,5,3.7,1.81,4.75,3.48,1.75,,,,,,
IRL,Premier Division,2021,30/07/2021,19:45,Drogheda,Waterford,1,2,A,1.81,3.67,4.87,1.83,3.73,5,1.76,3.54,4.52,,,,,,
IRL,Premier Division,2021,30/07/2021,20:00,Shamrock Rovers,St. Patricks,3,1,H,2.2,3.08,4.03,2.2,3.16,4.04,2.13,2.98,3.77,,,,,,
IRL,Premier Division,2021,31/07/2021,19:30,Longford,Derry City,0,2,A,4.13,3.31,2.07,4.16,3.34,2.1,3.91,3.18,2,,,,,,
IRL,Premier Division,2021,06/08/2021,19:45,Derry City,Drogheda,3,0,H,2.34,3.33,3.34,2.34,3.5,3.45,2.22,3.21,3.27,,,,,,
IRL,Premier Division,2021,07/08/2021,14:00,Waterford,Bohemians,1,0,H,5.13,3.88,1.73,5.14,3.88,1.83,4.72,3.6,1.73,,,,,,
IRL,Premier Division,2021,07/08/2021,19:45,Sligo Rovers,Finn Harps,0,1,A,1.88,3.5,4.69,1.89,3.52,5,1.82,3.39,4.49,,,,,,
IRL,Premier Division,2021,08/08/2021,15:00,Dundalk,St. Patricks,1,4,A,2.59,3.44,2.86,2.61,3.44,3,2.44,3.26,2.84,,,,,,
IRL,Premier Division,2021,08/08/2021,15:00,Shamrock Rovers,Longford,1,0,H,1.25,6.02,14.93,1.29,6.02,15,1.25,5.57,11.96,,,,,,
IRL,Premier Division,2021,13/08/2021,19:45,St. Patricks,Waterford,2,1,H,1.48,4.44,7.74,1.5,4.56,8,1.45,4.21,6.96,,,,,,
IRL,Premier Division,2021,14/08/2021,19:30,Longford,Finn Harps,0,3,A,3.33,3.19,2.42,3.34,3.3,2.46,3.16,3.06,2.35,,,,,,
IRL,Premier Division,2021,15/08/2021,15:00,Bohemians,Sligo Rovers,1,0,H,1.93,3.59,4.3,2.1,3.59,4.36,1.96,3.29,3.92,,,,,,
IRL,Premier Division,2021,15/08/2021,15:00,Derry City,Dundalk,1,0,H,3.33,3.54,2.25,3.35,3.54,2.3,3.14,3.33,2.21,,,,,,
IRL,Premier Division,2021,15/08/2021,15:00,Drogheda,Shamrock Rovers,0,1,A,8.12,4.35,1.47,8.14,4.36,1.55,7.29,4.03,1.46,,,,,,
IRL,Premier Division,2021,20/08/2021,19:45,Dundalk,Drogheda,1,2,A,1.53,4.68,6.04,1.54,4.68,6.04,1.51,4.4,5.74,,,,,,
IRL,Premier Division,2021,20/08/2021,19:45,Waterford,Longford,4,1,H,1.72,3.93,5.12,1.9,3.93,5.25,1.7,3.71,4.78,,,,,,
IRL,Premier Division,2021,20/08/2021,20:00,Finn Harps,St. Patricks,3,1,H,3.98,3.34,2.09,4.05,3.4,2.17,3.69,3.2,2.07,,,,,,
IRL,Premier Division,2021,21/08/2021,19:45,Sligo Rovers,Derry City,1,2,A,2.32,3.17,3.56,2.36,3.3,3.56,2.27,3.07,3.35,,,,,,
IRL,Premier Division,2021,03/09/2021,19:45,Drogheda,Sligo Rovers,0,0,D,3.41,3.04,2.47,3.47,3.13,2.5,3.21,2.95,2.4,,,,,,
IRL,Premier Division,2021,03/09/2021,19:45,St. Patricks,Longford,3,2,H,1.2,6.88,17.38,1.22,7,17.38,1.19,6.47,14.46,,,,,,
IRL,Premier Division,2021,03/09/2021,19:45,Waterford,Dundalk,1,1,D,3.32,3.57,2.24,3.32,3.57,2.38,2.99,3.36,2.29,,,,,,
IRL,Premier Division,2021,03/09/2021,20:00,Finn Harps,Shamrock Rovers,2,1,H,5.06,3.47,1.84,5.11,3.49,1.86,4.62,3.32,1.81,,,,,,
IRL,Premier Division,2021,10/09/2021,19:45,Derry City,Finn Harps,2,2,D,2.07,3.27,4.18,2.29,3.35,4.23,2.03,3.16,3.89,,,,,,
IRL,Premier Division,2021,10/09/2021,19:45,Drogheda,Bohemians,3,2,H,5.11,3.8,1.75,5.5,3.9,2.03,4.77,3.69,1.71,,,,,,
IRL,Premier Division,2021,10/09/2021,19:45,Sligo Rovers,St. Patricks,2,0,H,2.48,3.22,3.2,2.93,3.22,3.45,2.45,3.04,3.04,,,,,,
IRL,Premier Division,2021,10/09/2021,20:00,Shamrock Rovers,Waterford,2,0,H,1.44,4.71,8.05,1.46,5.1,10.3,1.41,4.42,7.5,,,,,,
IRL,Premier Division,2021,11/09/2021,19:30,Longford,Dundalk,1,0,H,9.01,4.73,1.41,9.5,4.76,1.5,8.34,4.52,1.38,,,,,,
IRL,Premier Division,2021,13/09/2021,20:00,Finn Harps,Bohemians,1,2,A,4.42,3.67,1.88,4.6,3.75,1.88,4.25,3.55,1.81,,,,,,
IRL,Premier Division,2021,14/09/2021,19:45,Sligo Rovers,Dundalk,2,1,H,2.24,3.44,3.45,2.28,3.48,3.7,2.15,3.26,3.38,,,,,,
IRL,Premier Division,2021,18/09/2021,19:45,Sligo Rovers,Shamrock Rovers,0,1,A,3.51,3.14,2.36,3.57,3.25,2.36,3.34,3.05,2.27,,,,,,
IRL,Premier Division,2021,20/09/2021,19:45,Bohemians,Derry City,3,3,D,1.62,4.16,5.78,1.71,4.16,5.78,1.62,3.9,5.23,,,,,,
IRL,Premier Division,2021,24/09/2021,19:45,Bohemians,Finn Harps,1,2,A,1.51,4.52,6.71,1.7,4.53,7,1.49,4.26,6.18,,,,,,
IRL,Premier Division,2021,24/09/2021,19:45,Derry City,Longford,3,0,H,1.34,5.42,9.66,1.44,5.5,10,1.33,4.96,8.78,,,,,,
IRL,Premier Division,2021,24/09/2021,19:45,Dundalk,Sligo Rovers,4,1,H,2.23,3.51,3.4,2.35,3.51,3.44,2.24,3.29,3.13,,,,,,
IRL,Premier Division,2021,24/09/2021,19:45,St. Patricks,Shamrock Rovers,0,1,A,3.68,3.32,2.19,3.68,3.32,2.65,3.39,3.13,2.21,,,,,,
IRL,Premier Division,2021,24/09/2021,19:45,Waterford,Drogheda,1,0,H,2.36,3.31,3.31,2.65,3.31,3.4,2.28,3.2,3.16,,,,,,
IRL,Premier Division,2021,27/09/2021,19:45,Dundalk,Bohemians,2,1,H,2.56,3.74,2.7,2.8,3.79,2.7,2.63,3.59,2.45,,,,,,
IRL,Premier Division,2021,01/10/2021,19:45,Drogheda,St. Patricks,0,1,A,4,3.4,2.06,4.6,3.5,2.13,3.83,3.29,2,,,,,,
IRL,Premier Division,2021,01/10/2021,20:00,Finn Harps,Dundalk,2,2,D,3.25,3.78,2.19,3.28,3.78,2.5,3,3.45,2.26,,,,,,
IRL,Premier Division,2021,01/10/2021,20:00,Shamrock Rovers,Derry City,2,1,H,1.56,4.1,6.94,1.64,4.11,8,1.53,3.91,6.4,,,,,,
IRL,Premier Division,2021,02/10/2021,19:30,Longford,Bohemians,1,4,A,8.72,5.49,1.36,11,5.75,1.41,8.65,5.07,1.33,,,,,,
IRL,Premier Division,2021,02/10/2021,19:45,Sligo Rovers,Waterford,1,1,D,1.9,3.4,4.8,1.93,3.52,5,1.84,3.31,4.51,,,,,,
IRL,Premier Division,2021,08/10/2021,19:45,Dundalk,Shamrock Rovers,1,0,H,3.94,3.8,1.95,3.98,3.8,1.97,3.69,3.61,1.92,,,,,,
IRL,Premier Division,2021,15/10/2021,19:45,Bohemians,Dundalk,1,1,D,2.19,3.79,3.26,2.2,3.83,3.65,2.12,3.63,3.09,,,,,,
IRL,Premier Division,2021,15/10/2021,19:45,Derry City,St. Patricks,1,0,H,2.3,3.27,3.48,2.85,3.3,3.48,2.35,3.15,3.1,,,,,,
IRL,Premier Division,2021,15/10/2021,19:45,Drogheda,Longford,2,0,H,1.59,4.27,6,1.61,4.4,7,1.53,4.17,5.71,,,,,,
IRL,Premier Division,2021,15/10/2021,19:45,Waterford,Finn Harps,4,1,H,2.53,3.3,3.04,2.55,3.4,3.04,2.47,3.2,2.83,,,,,,
IRL,Premier Division,2021,15/10/2021,20:00,Shamrock Rovers,Sligo Rovers,2,0,H,1.72,3.57,5.96,1.72,3.9,6.5,1.63,3.59,5.68,,,,,,
IRL,Premier Division,2021,18/10/2021,19:15,Shamrock Rovers,Bohemians,1,1,D,1.65,3.98,5.72,1.67,3.98,5.89,1.64,3.76,5.18,,,,,,
IRL,Premier Division,2021,23/10/2021,19:30,Finn Harps,Sligo Rovers,2,2,D,2.71,3.25,2.85,2.88,3.27,2.88,2.68,3.07,2.71,,,,,,
IRL,Premier Division,2021,23/10/2021,19:30,Longford,Shamrock Rovers,0,1,A,16.31,7.33,1.19,22,8,1.24,16.39,7.07,1.16,,,,,,
IRL,Premier Division,2021,24/10/2021,14:00,Drogheda,Derry City,1,0,H,2.89,3.15,2.75,3.1,3.28,2.78,2.89,3.1,2.5,,,,,,
IRL,Premier Division,2021,25/10/2021,19:45,Bohemians,Waterford,1,2,A,1.5,4.98,6.14,1.5,5.01,8,1.43,4.58,6.66,,,,,,
IRL,Premier Division,2021,25/10/2021,19:45,St. Patricks,Dundalk,1,0,H,2.18,3.52,3.49,2.25,3.52,3.6,2.15,3.3,3.32,,,,,,
IRL,Premier Division,2021,29/10/2021,19:30,Longford,St. Patricks,1,4,A,9.03,4.83,1.4,9.03,4.83,1.41,8.34,4.53,1.37,,,,,,
IRL,Premier Division,2021,29/10/2021,19:45,Derry City,Bohemians,1,1,D,2.54,3.57,2.83,2.65,3.6,2.86,2.5,3.4,2.66,,,,,,
IRL,Premier Division,2021,29/10/2021,19:45,Dundalk,Waterford,1,0,H,1.48,4.97,6.48,1.57,4.97,6.78,1.47,4.41,6.12,,,,,,
IRL,Premier Division,2021,29/10/2021,19:45,Shamrock Rovers,Finn Harps,3,0,H,1.34,5.19,10.54,1.34,5.5,11.5,1.32,4.83,9.62,,,,,,
IRL,Premier Division,2021,29/10/2021,19:45,Sligo Rovers,Drogheda,2,0,H,1.88,3.49,4.73,1.91,3.49,4.73,1.86,3.29,4.37,,,,,,
IRL,Premier Division,2021,01/11/2021,19:45,Sligo Rovers,Longford,1,0,H,1.28,5.83,11.91,1.29,6,15,1.26,5.51,11.04,,,,,,
IRL,Premier Division,2021,01/11/2021,19:45,St. Patricks,Bohemians,2,2,D,2.27,3.37,3.45,2.27,3.5,3.46,2.19,3.27,3.24,,,,,,
IRL,Premier Division,2021,01/11/2021,20:00,Finn Harps,Drogheda,0,0,D,2.06,3.47,3.91,2.16,3.47,4.01,2.07,3.24,3.63,,,,,,
IRL,Premier Division,2021,02/11/2021,18:15,Waterford,Derry City,2,2,D,3.06,3.33,2.5,3.08,3.33,2.59,2.93,3.16,2.43,,,,,,
IRL,Premier Division,2021,03/11/2021,19:45,Bray,Galway,0,0,D,2.84,3.33,2.62,2.84,3.35,2.75,2.61,3.18,2.59,,,,,,
IRL,Premier Division,2021,03/11/2021,19:45,Treaty United,UC Dublin,0,3,A,3.05,3.54,2.37,3.1,3.54,2.4,2.87,3.36,2.29,,,,,,
IRL,Premier Division,2021,04/11/2021,19:45,Drogheda,Dundalk,0,1,A,4.09,3.68,1.95,4.23,3.68,2.01,3.92,3.43,1.91,,,,,,
IRL,Premier Division,2021,05/11/2021,19:45,St. Patricks,Sligo Rovers,0,3,A,2.03,3.45,4.07,2.15,3.45,4.12,2,3.3,3.78,,,,,,
IRL,Premier Division,2021,05/11/2021,19:45,Waterford,Shamrock Rovers,1,3,A,4.5,4.12,1.77,4.79,4.13,1.95,4.26,3.7,1.78,,,,,,
IRL,Premier Division,2021,05/11/2021,20:00,Finn Harps,Derry City,1,1,D,2.71,3.33,2.79,2.78,3.33,2.82,2.62,3.15,2.71,,,,,,
IRL,Premier Division,2021,07/11/2021,17:00,Bohemians,Drogheda,2,1,H,1.56,4.28,6.29,1.58,4.3,6.29,1.54,4.06,5.76,,,,,,
IRL,Premier Division,2021,07/11/2021,17:00,Dundalk,Longford,2,0,H,1.23,6.38,14.73,1.24,6.5,17,1.21,6.06,13.23,,,,,,
IRL,Premier Division,2021,07/11/2021,17:00,Galway,Bray,0,1,A,,,,2.1,3.6,3.75,2,3.38,3.42,,,,,,
IRL,Premier Division,2021,07/11/2021,17:00,UC Dublin,Treaty United,1,2,A,,,,1.82,3.88,4.65,1.73,3.65,4.22,,,,,,
IRL,Premier Division,2021,12/11/2021,19:45,Bohemians,Shamrock Rovers,3,1,H,3.41,3.3,2.32,3.6,3.41,2.32,3.26,3.26,2.21,,,,,,
IRL,Premier Division,2021,12/11/2021,19:45,Derry City,Sligo Rovers,2,0,H,1.72,4,4.88,1.76,4,5.03,1.71,3.74,4.63,,,,,,
IRL,Premier Division,2021,12/11/2021,19:45,St. Patricks,Finn Harps,2,2,D,2.36,3.29,3.34,2.37,3.4,3.4,2.29,3.19,3.16,,,,,,
IRL,Premier Division,2021,13/11/2021,19:30,Longford,Waterford,1,1,D,5.1,4.22,1.67,5.16,4.22,1.71,4.81,3.92,1.65,,,,,,
IRL,Premier Division,2021,19/11/2021,19:45,Bray,UC Dublin,0,2,A,,,,3,3.4,2.41,2.86,3.22,2.3,,,,,,
IRL,Premier Division,2021,19/11/2021,19:45,Dundalk,Derry City,1,2,A,2.32,3.48,3.24,2.38,3.6,3.6,2.25,3.37,3.07,,,,,,
IRL,Premier Division,2021,19/11/2021,19:45,Finn Harps,Longford,5,0,H,1.45,4.69,7.97,1.46,4.69,7.97,1.42,4.45,7.23,,,,,,
IRL,Premier Division,2021,19/11/2021,19:45,Shamrock Rovers,Drogheda,2,1,H,1.45,5.04,6.92,1.62,5.05,9,1.46,4.39,6.51,,,,,,
IRL,Premier Division,2021,19/11/2021,19:45,Sligo Rovers,Bohemians,1,1,D,4.25,3.94,1.85,4.4,3.94,2,4.06,3.73,1.81,,,,,,
IRL,Premier Division,2021,19/11/2021,19:45,Waterford,St. Patricks,0,0,D,2.47,3.34,3.09,2.95,3.41,3.15,2.37,3.27,2.95,,,,,,
IRL,Premier Division,2021,26/11/2021,19:45,Waterford,UC Dublin,1,2,A,2.59,3.67,2.52,2.69,3.67,3.6,2.45,3.34,2.73,,,,,,
IRL,Premier Division,2022,18/02/2022,19:45,Dundalk,Derry City,2,2,D,2.19,3.43,3.57,2.6,3.44,3.7,2.16,3.26,3.4,,,,,,
IRL,Premier Division,2022,18/02/2022,19:45,Shelbourne,St. Patricks,0,3,A,3.9,3.18,2.19,3.9,3.25,2.24,3.59,3.07,2.17,,,,,,
IRL,Premier Division,2022,18/02/2022,20:00,Shamrock Rovers,UC Dublin,3,0,H,1.18,7.42,19.66,1.3,7.5,19.68,1.17,6.63,16.82,,,,,,
IRL,Premier Division,2022,25/02/2022,19:45,Bohemians,Dundalk,2,2,D,2.27,3.51,3.31,2.3,3.52,3.31,2.23,3.34,3.11,,,,,,
IRL,Premier Division,2022,25/02/2022,19:45,Derry City,Shamrock Rovers,2,1,H,4.11,3.4,2.03,4.11,3.4,2.12,3.81,3.24,2.02,,,,,,
IRL,Premier Division,2022,25/02/2022,19:45,Drogheda,Shelbourne,0,2,A,3.38,3.29,2.34,3.41,3.32,2.56,3.15,3.12,2.33,,,,,,
IRL,Premier Division,2022,25/02/2022,19:45,St. Patricks,Sligo Rovers,1,2,A,1.91,3.37,4.78,1.93,3.5,4.78,1.86,3.31,4.38,,,,,,
IRL,Premier Division,2022,25/02/2022,19:45,UC Dublin,Finn Harps,0,0,D,3.33,3.58,2.23,3.4,3.58,2.35,3.15,3.25,2.26,,,,,,
IRL,Premier Division,2022,28/02/2022,19:45,Bohemians,St. Patricks,1,0,H,2.51,3.48,2.93,2.56,3.48,2.95,2.46,3.29,2.81,,,,,,
IRL,Premier Division,2022,28/02/2022,19:45,Derry City,Sligo Rovers,0,0,D,2.1,3.34,3.95,2.14,3.34,3.95,2.08,3.15,3.71,,,,,,
IRL,Premier Division,2022,28/02/2022,19:45,Dundalk,Finn Harps,3,0,H,1.79,3.73,4.89,1.81,3.8,4.89,1.76,3.61,4.52,,,,,,
IRL,Premier Division,2022,28/02/2022,19:45,UC Dublin,Shelbourne,0,0,D,3.62,3.39,2.19,4.2,3.46,2.2,3.48,3.31,2.1,,,,,,
IRL,Premier Division,2022,28/02/2022,20:00,Shamrock Rovers,Drogheda,3,1,H,1.23,6.39,15.63,1.25,6.5,15.63,1.22,5.94,13.3,,,,,,
IRL,Premier Division,2022,04/03/2022,19:45,Drogheda,UC Dublin,4,2,H,2.09,3.47,3.82,2.15,3.47,3.82,2.08,3.26,3.57,,,,,,
IRL,Premier Division,2022,04/03/2022,19:45,Shelbourne,Derry City,0,1,A,3.77,3.35,2.15,3.85,3.37,2.25,3.63,3.22,2.08,,,,,,
IRL,Premier Division,2022,04/03/2022,19:45,St. Patricks,Shamrock Rovers,1,0,H,4.3,3.47,1.97,4.34,3.47,2.15,3.99,3.23,1.98,,,,,,
IRL,Premier Division,2022,04/03/2022,20:00,Finn Harps,Bohemians,1,1,D,3.31,3.18,2.43,3.36,3.3,2.43,3.22,3.11,2.3,,,,,,
IRL,Premier Division,2022,05/03/2022,19:45,Sligo Rovers,Dundalk,0,0,D,3,3.37,2.52,3.09,3.4,2.55,2.88,3.2,2.45,,,,,,
IRL,Premier Division,2022,11/03/2022,19:45,Drogheda,Sligo Rovers,0,3,A,3.71,3.27,2.21,3.82,3.32,2.23,3.56,3.17,2.13,,,,,,
IRL,Premier Division,2022,11/03/2022,19:45,Shelbourne,Dundalk,1,1,D,3.38,3.2,2.38,3.5,3.34,2.38,3.32,3.15,2.23,,,,,,
IRL,Premier Division,2022,11/03/2022,20:00,Finn Harps,St. Patricks,0,2,A,3.17,3.24,2.48,3.2,3.28,2.48,3.05,3.15,2.38,,,,,,
IRL,Premier Division,2022,11/03/2022,20:00,Shamrock Rovers,Bohemians,1,0,H,1.65,3.93,5.93,1.7,3.93,5.93,1.65,3.65,5.39,,,,,,
IRL,Premier Division,2022,14/03/2022,19:45,Bohemians,Shelbourne,1,1,D,1.94,3.36,4.61,1.98,3.36,4.69,1.91,3.17,4.41,,,,,,
IRL,Premier Division,2022,14/03/2022,19:45,Derry City,Drogheda,2,0,H,1.48,4.41,7.77,1.48,4.5,7.77,1.45,4.27,6.99,,,,,,
IRL,Premier Division,2022,14/03/2022,19:45,Dundalk,Shamrock Rovers,0,0,D,4.54,3.71,1.85,4.62,3.71,1.85,4.4,3.51,1.8,,,,,,
IRL,Premier Division,2022,14/03/2022,19:45,Sligo Rovers,Finn Harps,3,1,H,2.07,3.16,4.37,2.12,3.3,4.37,2.05,3.14,3.85,,,,,,
IRL,Premier Division,2022,14/03/2022,19:45,St. Patricks,UC Dublin,2,0,H,1.44,4.75,7.78,1.47,4.9,8,1.42,4.49,7.18,,,,,,
IRL,Premier Division,2022,18/03/2022,17:00,UC Dublin,Bohemians,1,1,D,5.54,3.82,1.7,5.75,3.9,1.75,5.1,3.74,1.66,,,,,,
IRL,Premier Division,2022,18/03/2022,19:45,Derry City,St. Patricks,2,1,H,2.27,3.21,3.62,2.27,3.36,3.62,2.2,3.17,3.39,,,,,,
IRL,Premier Division,2022,18/03/2022,19:45,Drogheda,Dundalk,1,0,H,4.93,3.83,1.77,4.99,3.83,1.77,4.72,3.64,1.72,,,,,,
IRL,Premier Division,2022,18/03/2022,19:45,Shelbourne,Finn Harps,0,3,A,2.34,3.06,3.65,2.42,3.28,3.75,2.23,2.98,3.54,,,,,,
IRL,Premier Division,2022,18/03/2022,20:00,Shamrock Rovers,Sligo Rovers,2,2,D,1.68,3.73,5.92,1.72,3.8,6,1.65,3.55,5.54,,,,,,
IRL,Premier Division,2022,01/04/2022,19:45,Bohemians,Derry City,1,2,A,2.62,3.26,2.95,2.88,3.27,3.1,2.58,3.08,2.83,,,,,,
IRL,Premier Division,2022,01/04/2022,19:45,Dundalk,UC Dublin,2,0,H,1.46,4.57,7.74,1.52,4.84,8.1,1.45,4.4,6.81,,,,,,
IRL,Premier Division,2022,01/04/2022,19:45,Sligo Rovers,Shelbourne,0,1,A,1.85,3.37,5.17,1.89,3.4,5.17,1.83,3.25,4.7,,,,,,
IRL,Premier Division,2022,01/04/2022,19:45,St. Patricks,Drogheda,1,1,D,1.4,4.82,9.09,1.44,4.82,9.19,1.4,4.47,7.86,,,,,,
IRL,Premier Division,2022,01/04/2022,20:00,Finn Harps,Shamrock Rovers,0,3,A,5.42,3.46,1.8,5.42,3.62,1.81,4.94,3.43,1.74,,,,,,
IRL,Premier Division,2022,04/04/2022,19:45,UC Dublin,Derry City,0,2,A,9.87,4.74,1.39,10,5.02,1.4,8.91,4.64,1.35,,,,,,
IRL,Premier Division,2022,04/04/2022,20:00,Finn Harps,Drogheda,2,2,D,2.26,3.37,3.48,2.26,3.37,3.5,2.2,3.21,3.31,,,,,,
IRL,Premier Division,2022,05/04/2022,19:45,Sligo Rovers,Bohemians,0,1,A,2.46,3.28,3.16,2.47,3.31,3.3,2.35,3.1,3.13,,,,,,
IRL,Premier Division,2022,08/04/2022,19:45,Drogheda,Bohemians,1,1,D,4.67,3.73,1.83,4.7,3.73,1.83,4.46,3.52,1.78,,,,,,
IRL,Premier Division,2022,08/04/2022,19:45,Shelbourne,Shamrock Rovers,1,2,A,8.52,4.1,1.49,9.4,4.1,1.65,8.02,3.79,1.47,,,,,,
IRL,Premier Division,2022,08/04/2022,19:45,St. Patricks,Dundalk,0,0,D,2.77,3.39,2.69,2.77,3.42,2.8,2.62,3.26,2.63,,,,,,
IRL,Premier Division,2022,09/04/2022,17:30,Finn Harps,Derry City,1,2,A,5,3.61,1.81,5,3.61,1.87,4.62,3.36,1.8,,,,,,
IRL,Premier Division,2022,09/04/2022,19:45,Sligo Rovers,UC Dublin,2,2,D,1.39,4.66,10.42,1.4,4.66,11,1.37,4.31,9.74,,,,,,
IRL,Premier Division,2022,15/04/2022,19:45,Bohemians,Finn Harps,2,2,D,1.76,3.76,5.14,1.85,3.76,5.14,1.75,3.57,4.65,,,,,,
IRL,Premier Division,2022,15/04/2022,19:45,Derry City,Shelbourne,1,2,A,1.54,3.98,7.56,1.58,4.3,8.64,1.53,3.8,6.63,,,,,,
IRL,Premier Division,2022,15/04/2022,19:45,Dundalk,Sligo Rovers,2,1,H,2.14,3.31,3.88,2.14,3.41,4.02,2.06,3.25,3.65,,,,,,
IRL,Premier Division,2022,15/04/2022,19:45,UC Dublin,Drogheda,0,2,A,2.89,3.4,2.59,3.18,3.46,2.6,2.76,3.26,2.5,,,,,,
IRL,Premier Division,2022,15/04/2022,20:00,Shamrock Rovers,St. Patricks,1,0,H,1.72,3.69,5.59,1.78,3.8,6,1.72,3.52,4.98,,,,,,
IRL,Premier Division,2022,18/04/2022,15:00,Shelbourne,Bohemians,1,4,A,4.05,3.15,2.16,4.25,3.2,2.19,3.8,3.09,2.08,,,,,,
IRL,Premier Division,2022,18/04/2022,17:00,UC Dublin,St. Patricks,1,2,A,9.37,5.34,1.35,11.5,5.5,1.47,9.43,5.05,1.32,,,,,,
IRL,Premier Division,2022,18/04/2022,18:00,Finn Harps,Sligo Rovers,0,1,A,2.82,3.01,2.93,3.15,3.04,2.93,2.72,2.94,2.77,,,,,,
IRL,Premier Division,2022,18/04/2022,19:00,Shamrock Rovers,Dundalk,1,0,H,1.41,4.83,8.6,1.53,4.83,9.19,1.44,4.29,7.19,,,,,,
IRL,Premier Division,2022,18/04/2022,19:45,Drogheda,Derry City,1,1,D,6.22,3.97,1.62,6.3,4,1.64,5.77,3.81,1.59,,,,,,
IRL,Premier Division,2022,22/04/2022,19:45,Bohemians,Shamrock Rovers,1,3,A,4.84,3.57,1.84,5.01,3.66,2.05,4.51,3.41,1.81,,,,,,
IRL,Premier Division,2022,22/04/2022,19:45,Derry City,UC Dublin,7,1,H,1.15,8.78,19.1,1.21,8.94,23,1.15,7.56,16.7,,,,,,
IRL,Premier Division,2022,22/04/2022,19:45,Dundalk,Shelbourne,2,1,H,1.97,3.22,4.75,1.97,3.4,4.8,1.89,3.21,4.39,,,,,,
IRL,Premier Division,2022,22/04/2022,19:45,St. Patricks,Finn Harps,2,0,H,1.75,3.73,5.29,1.76,3.9,5.5,1.69,3.61,4.99,,,,,,
IRL,Premier Division,2022,23/04/2022,19:45,Sligo Rovers,Drogheda,3,2,H,1.73,3.56,5.81,1.73,3.72,5.98,1.66,3.54,5.48,,,,,,
IRL,Premier Division,2022,29/04/2022,19:45,Bohemians,UC Dublin,3,0,H,1.26,6.61,11.06,1.26,6.8,15,1.22,6.29,11.38,,,,,,
IRL,Premier Division,2022,29/04/2022,19:45,Dundalk,Drogheda,4,1,H,1.62,4.09,5.86,1.64,4.12,6,1.59,3.91,5.46,,,,,,
IRL,Premier Division,2022,29/04/2022,19:45,Sligo Rovers,Shamrock Rovers,1,1,D,5.84,3.8,1.68,5.84,3.8,1.79,5.23,3.57,1.68,,,,,,
IRL,Premier Division,2022,29/04/2022,19:45,St. Patricks,Derry City,0,4,A,3.06,3.24,2.55,3.1,3.25,2.57,2.97,3.09,2.46,,,,,,
IRL,Premier Division,2022,29/04/2022,20:00,Finn Harps,Shelbourne,1,0,H,2.56,2.95,3.35,2.58,3.05,3.35,2.49,2.91,3.12,,,,,,
IRL,Premier Division,2022,06/05/2022,19:45,Derry City,Bohemians,1,1,D,1.63,4.32,5.43,1.67,4.32,5.5,1.63,3.97,4.97,,,,,,
IRL,Premier Division,2022,06/05/2022,19:45,Drogheda,St. Patricks,0,4,A,5.33,3.92,1.7,5.35,3.92,1.84,4.83,3.59,1.72,,,,,,
IRL,Premier Division,2022,06/05/2022,19:45,Shelbourne,Sligo Rovers,2,1,H,2.92,2.91,2.93,2.99,2.98,2.93,2.8,2.84,2.8,,,,,,
IRL,Premier Division,2022,06/05/2022,19:45,UC Dublin,Dundalk,2,2,D,7.04,4.78,1.47,7.5,4.85,1.47,6.68,4.59,1.43,,,,,,
IRL,Premier Division,2022,06/05/2022,20:00,Shamrock Rovers,Finn Harps,3,1,H,1.23,6.07,16.1,1.23,6.5,18,1.2,5.93,15.43,,,,,,
IRL,Premier Division,2022,09/05/2022,19:45,Derry City,St. Patricks,0,0,D,1.72,3.86,5.22,1.75,4.15,5.22,1.7,3.7,4.74,,,,,,
IRL,Premier Division,2022,09/05/2022,20:00,Shamrock Rovers,Sligo Rovers,3,1,H,1.42,4.55,9.18,1.42,4.75,9.18,1.38,4.48,8.3,,,,,,
IRL,Premier Division,2022,13/05/2022,19:45,Dundalk,Bohemians,3,1,H,2.59,3.49,2.82,2.6,3.58,2.91,2.43,3.39,2.76,,,,,,
IRL,Premier Division,2022,13/05/2022,19:45,Shamrock Rovers,Derry City,1,0,H,2,3.36,4.34,2.12,3.45,4.34,1.98,3.26,3.93,,,,,,
IRL,Premier Division,2022,13/05/2022,19:45,Shelbourne,Drogheda,1,0,H,1.82,3.49,5.15,1.84,3.5,5.5,1.77,3.33,4.96,,,,,,
IRL,Premier Division,2022,13/05/2022,20:00,Finn Harps,UC Dublin,0,1,A,1.77,3.91,4.8,1.8,3.92,4.8,1.73,3.74,4.52,,,,,,
IRL,Premier Division,2022,14/05/2022,19:45,Sligo Rovers,St. Patricks,1,1,D,2.64,3.11,3.06,2.96,3.24,3.06,2.67,3.06,2.75,,,,,,
IRL,Premier Division,2022,19/05/2022,19:45,UC Dublin,Shamrock Rovers,0,3,A,18.39,8.29,1.16,19,8.5,1.17,17.04,7.4,1.15,,,,,,
IRL,Premier Division,2022,20/05/2022,19:45,Bohemians,Sligo Rovers,2,1,H,1.94,3.56,4.28,2.01,3.78,4.28,1.94,3.46,3.79,,,,,,
IRL,Premier Division,2022,20/05/2022,19:45,Derry City,Dundalk,1,2,A,1.58,4.42,5.8,1.58,4.42,6,1.55,4.09,5.59,,,,,,
IRL,Premier Division,2022,20/05/2022,19:45,Drogheda,Finn Harps,3,1,H,3.2,3.16,2.51,3.2,3.16,2.7,2.93,3.02,2.53,,,,,,
IRL,Premier Division,2022,20/05/2022,19:45,St. Patricks,Shelbourne,1,2,A,1.95,3.18,4.94,2,3.35,4.94,1.92,3.1,4.48,,,,,,
IRL,Premier Division,2022,23/05/2022,19:45,Drogheda,Shamrock Rovers,1,0,H,14.16,6.21,1.24,15,6.21,1.25,12.69,5.67,1.23,,,,,,
IRL,Premier Division,2022,23/05/2022,19:45,Shelbourne,UC Dublin,2,0,H,1.52,3.93,8.48,1.52,4.5,8.9,1.45,3.94,8.13,,,,,,
IRL,Premier Division,2022,23/05/2022,19:45,Sligo Rovers,Derry City,2,1,H,4.85,3.54,1.85,4.85,3.65,1.87,4.55,3.43,1.79,,,,,,
IRL,Premier Division,2022,23/05/2022,19:45,St. Patricks,Bohemians,3,0,H,2.95,3.35,2.57,2.95,3.45,2.65,2.8,3.23,2.48,,,,,,
IRL,Premier Division,2022,23/05/2022,20:00,Finn Harps,Dundalk,0,1,A,4.16,3.41,2.02,4.2,3.5,2.04,3.88,3.32,1.95,,,,,,
IRL,Premier Division,2022,27/05/2022,19:45,Bohemians,Drogheda,1,1,D,1.49,4.75,6.65,1.49,4.84,7.4,1.43,4.49,6.52,,,,,,
IRL,Premier Division,2022,27/05/2022,19:45,Derry City,Finn Harps,2,2,D,1.42,4.85,8.29,1.47,5.55,10.5,1.4,4.57,7.41,,,,,,
IRL,Premier Division,2022,27/05/2022,19:45,Dundalk,St. Patricks,1,0,H,1.99,3.62,4.01,2,3.62,4.01,1.96,3.41,3.73,,,,,,
IRL,Premier Division,2022,27/05/2022,19:45,UC Dublin,Sligo Rovers,1,1,D,5.62,3.95,1.67,5.62,4,1.67,5.2,3.75,1.63,,,,,,
IRL,Premier Division,2022,27/05/2022,20:00,Shamrock Rovers,Shelbourne,2,0,H,1.56,3.75,8.18,1.6,4.35,8.9,1.54,3.67,6.84,,,,,,
IRL,Premier Division,2022,17/06/2022,19:45,Bohemians,Shelbourne,1,0,H,2.11,3.25,4.06,2.2,3.3,4.06,2.07,3.14,3.7,,,,,,
IRL,Premier Division,2022,17/06/2022,19:45,Derry City,Drogheda,1,1,D,1.21,6.89,14.7,1.23,7.25,17,1.19,6.64,12.94,,,,,,
IRL,Premier Division,2022,17/06/2022,19:45,Dundalk,Shamrock Rovers,1,0,H,4.01,3.27,2.11,4.01,3.42,2.13,3.66,3.22,2.06,,,,,,
IRL,Premier Division,2022,17/06/2022,19:45,St. Patricks,UC Dublin,2,1,H,1.32,5.69,10.34,1.32,5.69,11,1.29,5.25,9.72,,,,,,
IRL,Premier Division,2022,18/06/2022,19:45,Sligo Rovers,Finn Harps,3,0,H,2.05,3.34,4.08,2.06,3.5,4.1,2.01,3.27,3.75,,,,,,
IRL,Premier Division,2022,24/06/2022,19:45,Drogheda,Sligo Rovers,0,0,D,3.8,3.52,2.08,3.8,3.55,2.12,3.57,3.39,2.02,,,,,,
IRL,Premier Division,2022,24/06/2022,19:45,Shamrock Rovers,Bohemians,1,0,H,1.6,4.21,5.93,1.62,4.21,6,1.58,3.92,5.53,,,,,,
IRL,Premier Division,2022,24/06/2022,19:45,Shelbourne,Dundalk,0,0,D,3.21,3.12,2.52,3.36,3.17,2.52,3.19,3,2.36,,,,,,
IRL,Premier Division,2022,24/06/2022,19:45,UC Dublin,Derry City,0,1,A,9.63,5.15,1.36,10,5.3,1.37,8.66,4.95,1.33,,,,,,
IRL,Premier Division,2022,24/06/2022,20:00,Finn Harps,St. Patricks,2,2,D,4.01,3.43,2,4.01,3.6,2.15,3.51,3.33,2.06,,,,,,
IRL,Premier Division,2022,27/06/2022,19:45,St. Patricks,Shamrock Rovers,1,2,A,4.13,3.22,2.1,4.13,3.42,2.11,3.79,3.16,2.04,,,,,,
IRL,Premier Division,2022,01/07/2022,19:45,Bohemians,Derry City,2,3,A,2.69,3.34,2.81,2.75,3.45,2.81,2.58,3.28,2.63,,,,,,
IRL,Premier Division,2022,01/07/2022,19:45,Dundalk,UC Dublin,3,0,H,1.26,6.41,11.8,1.28,6.41,12,1.25,5.76,10.65,,,,,,
IRL,Premier Division,2022,01/07/2022,19:45,St. Patricks,Drogheda,3,0,H,1.47,4.45,7.85,1.48,4.52,7.85,1.44,4.3,6.82,,,,,,
IRL,Premier Division,2022,01/07/2022,20:00,Finn Harps,Shamrock Rovers,0,1,A,6.86,4.14,1.53,7,4.2,1.57,6.2,4.01,1.51,,,,,,
IRL,Premier Division,2022,02/07/2022,19:45,Sligo Rovers,Shelbourne,3,1,H,2.39,2.98,3.64,2.4,3.1,3.64,2.3,2.89,3.44,,,,,,
IRL,Premier Division,2022,07/07/2022,19:45,UC Dublin,Bohemians,1,3,A,8.03,4.88,1.41,8.5,5.1,1.42,7.48,4.64,1.38,,,,,,
IRL,Premier Division,2022,08/07/2022,19:45,Drogheda,Dundalk,1,0,H,6.83,4.27,1.54,7,4.27,1.55,6.37,3.96,1.51,,,,,,
IRL,Premier Division,2022,08/07/2022,19:45,Shelbourne,Finn Harps,3,1,H,1.93,3.36,4.66,1.98,3.42,4.66,1.91,3.26,4.19,,,,,,
IRL,Premier Division,2022,15/07/2022,19:45,Drogheda,Bohemians,0,1,A,4.96,4,1.72,4.96,4.1,1.77,4.56,3.74,1.71,,,,,,
IRL,Premier Division,2022,15/07/2022,19:45,St. Patricks,Dundalk,1,1,D,2.5,3.18,3.2,2.55,3.4,3.2,2.47,3.06,2.93,,,,,,
IRL,Premier Division,2022,17/07/2022,18:00,Finn Harps,Derry City,1,2,A,5.85,4.24,1.6,5.87,4.24,1.63,5.43,3.86,1.59,,,,,,
IRL,Premier Division,2022,17/07/2022,18:00,Sligo Rovers,UC Dublin,0,2,A,1.45,4.56,8,1.5,5,9.7,1.42,4.29,7.61,,,,,,
IRL,Premier Division,2022,22/07/2022,19:45,Dundalk,Finn Harps,3,0,H,1.47,4.51,7.69,1.47,4.95,9,1.39,4.56,7.71,,,,,,
IRL,Premier Division,2022,22/07/2022,19:45,UC Dublin,Shelbourne,0,2,A,5.47,3.45,1.79,5.47,3.5,1.83,4.83,3.34,1.78,,,,,,
IRL,Premier Division,2022,23/07/2022,14:00,Shamrock Rovers,Drogheda,1,1,D,1.23,7.06,12.46,1.23,7.06,15,1.2,6.26,12.58,,,,,,
IRL,Premier Division,2022,01/08/2022,17:00,Drogheda,UC Dublin,1,1,D,1.71,3.97,5.13,1.75,3.97,5.13,1.71,3.69,4.63,,,,,,
IRL,Premier Division,2022,05/08/2022,19:45,Dundalk,Derry City,1,1,D,2.35,3.28,3.36,2.45,3.3,3.36,2.33,3.19,3.04,,,,,,
IRL,Premier Division,2022,05/08/2022,20:00,Finn Harps,Drogheda,3,0,H,2.25,3.44,3.43,2.35,3.6,3.43,2.22,3.36,3.09,,,,,,
IRL,Premier Division,2022,07/08/2022,16:45,Sligo Rovers,Bohemians,2,1,H,3.11,3.46,2.4,3.15,3.6,2.4,2.96,3.31,2.3,,,,,,
IRL,Premier Division,2022,12/08/2022,19:45,Bohemians,Dundalk,0,1,A,2.79,3.33,2.71,2.83,3.38,2.8,2.71,3.18,2.57,,,,,,
IRL,Premier Division,2022,12/08/2022,19:45,Derry City,Shamrock Rovers,0,0,D,2.33,3.27,3.43,2.5,3.3,3.43,2.3,3.15,3.12,,,,,,
IRL,Premier Division,2022,12/08/2022,19:45,Drogheda,Shelbourne,3,1,H,3.7,3.33,2.19,3.75,3.45,2.19,3.55,3.24,2.08,,,,,,
IRL,Premier Division,2022,12/08/2022,19:45,UC Dublin,Finn Harps,2,1,H,3.46,3.46,2.22,3.5,3.46,2.3,3.28,3.24,2.18,,,,,,
IRL,Premier Division,2022,14/08/2022,17:00,St. Patricks,Sligo Rovers,1,0,H,1.68,4.01,5.41,1.68,4.05,5.5,1.64,3.77,5.09,,,,,,
IRL,Premier Division,2022,19/08/2022,19:45,Drogheda,Derry City,1,1,D,5.55,3.89,1.68,5.8,4.1,1.68,5.25,3.89,1.61,,,,,,
IRL,Premier Division,2022,19/08/2022,19:45,Shelbourne,Bohemians,1,1,D,2.8,3.11,2.87,2.8,3.16,2.87,2.65,3.02,2.75,,,,,,
IRL,Premier Division,2022,19/08/2022,19:45,UC Dublin,St. Patricks,1,2,A,6.02,4.21,1.59,6.02,4.21,1.6,5.58,4,1.56,,,,,,
IRL,Premier Division,2022,19/08/2022,20:00,Finn Harps,Sligo Rovers,3,2,H,3.31,3.39,2.32,3.31,3.39,2.38,3.07,3.21,2.3,,,,,,
IRL,Premier Division,2022,21/08/2022,19:00,Shamrock Rovers,Dundalk,3,0,H,1.94,3.54,4.33,1.97,3.54,4.35,1.91,3.32,4.06,,,,,,
IRL,Premier Division,2022,29/08/2022,19:45,Bohemians,St. Patricks,1,3,A,3,3.41,2.5,3,3.41,2.6,2.85,3.23,2.44,,,,,,
IRL,Premier Division,2022,29/08/2022,19:45,Shelbourne,Derry City,0,1,A,4.61,3.26,1.98,4.71,3.4,2.02,4.29,3.16,1.92,,,,,,
IRL,Premier Division,2022,29/08/2022,19:45,Sligo Rovers,Dundalk,2,0,H,2.86,3.18,2.76,2.95,3.4,2.76,2.72,3.06,2.64,,,,,,
IRL,Premier Division,2022,02/09/2022,19:45,Bohemians,Shamrock Rovers,1,0,H,4.3,3.64,1.92,4.5,3.64,1.96,4.16,3.48,1.84,,,,,,
IRL,Premier Division,2022,02/09/2022,19:45,Derry City,UC Dublin,3,0,H,1.18,7.98,15.29,1.18,7.98,17,1.16,7.08,14.31,,,,,,
IRL,Premier Division,2022,02/09/2022,19:45,Dundalk,Shelbourne,0,0,D,1.83,3.54,4.97,1.85,3.54,4.97,1.81,3.38,4.53,,,,,,
IRL,Premier Division,2022,02/09/2022,19:45,St. Patricks,Finn Harps,2,1,H,1.35,5.55,9.05,1.39,5.55,9.05,1.36,4.94,7.59,,,,,,
IRL,Premier Division,2022,03/09/2022,19:45,Sligo Rovers,Drogheda,2,0,H,1.67,4.08,5.4,1.8,4.08,5.4,1.71,3.71,4.69,,,,,,
IRL,Premier Division,2022,09/09/2022,19:45,Derry City,Bohemians,1,0,H,1.6,4.24,5.83,1.72,4.25,6,1.56,4.02,5.46,,,,,,
IRL,Premier Division,2022,09/09/2022,19:45,Drogheda,St. Patricks,0,2,A,5.13,4.37,1.65,5.25,4.37,1.84,4.8,4.01,1.64,,,,,,
IRL,Premier Division,2022,09/09/2022,19:45,Shelbourne,Sligo Rovers,0,2,A,2.97,3.09,2.73,2.97,3.15,2.88,2.7,3.01,2.71,,,,,,
IRL,Premier Division,2022,09/09/2022,19:45,UC Dublin,Dundalk,3,2,H,6.18,4.4,1.56,6.56,4.5,1.57,5.72,4.08,1.53,,,,,,
IRL,Premier Division,2022,11/09/2022,19:00,Shamrock Rovers,Finn Harps,5,1,H,1.26,6.13,12.51,1.29,6.5,15,1.24,5.8,11.38,,,,,,
IRL,Premier Division,2022,13/09/2022,19:45,Derry City,Sligo Rovers,1,0,H,1.5,4.35,7.45,1.53,4.35,7.45,1.49,4.11,6.29,,,,,,
IRL,Premier Division,2022,22/09/2022,19:45,Shelbourne,Shamrock Rovers,0,0,D,5.25,3.44,1.82,5.25,3.44,1.86,4.67,3.28,1.81,,,,,,
IRL,Premier Division,2022,24/09/2022,16:00,Finn Harps,Bohemians,0,2,A,2.68,3.4,2.77,2.7,3.4,2.77,2.59,3.28,2.62,,,,,,
IRL,Premier Division,2022,26/09/2022,20:00,Shamrock Rovers,UC Dublin,1,0,H,1.17,8,18.15,1.23,8,18.15,1.2,6.36,13.14,,,,,,
IRL,Premier Division,2022,30/09/2022,19:45,Bohemians,UC Dublin,1,0,H,1.66,4.22,5.2,1.66,4.22,5.4,1.62,3.93,4.98,,,,,,
IRL,Premier Division,2022,30/09/2022,19:45,Dundalk,Drogheda,2,0,H,1.62,4.23,5.62,1.65,4.23,5.62,1.61,3.92,5.05,,,,,,
IRL,Premier Division,2022,30/09/2022,19:45,St. Patricks,Derry City,0,1,A,3.1,3.24,2.53,3.1,3.25,2.53,2.93,3.11,2.43,,,,,,
IRL,Premier Division,2022,30/09/2022,20:00,Finn Harps,Shelbourne,1,1,D,2.52,3.19,3.15,2.55,3.19,3.15,2.42,3.07,2.99,,,,,,
IRL,Premier Division,2022,01/10/2022,19:45,Sligo Rovers,Shamrock Rovers,1,3,A,4.63,3.54,1.85,4.8,3.54,1.88,4.37,3.36,1.83,,,,,,
IRL,Premier Division,2022,03/10/2022,19:45,Shelbourne,St. Patricks,4,4,D,3.37,3.06,2.48,3.5,3.13,2.48,3.25,2.97,2.33,,,,,,
IRL,Premier Division,2022,07/10/2022,19:45,Bohemians,Drogheda,0,1,A,1.66,4.15,5.14,1.74,4.15,5.14,1.67,3.88,4.68,,,,,,
IRL,Premier Division,2022,07/10/2022,19:45,Derry City,Finn Harps,3,0,H,1.23,6.49,13.42,1.26,6.49,13.42,1.24,5.76,11.5,,,,,,
IRL,Premier Division,2022,07/10/2022,19:45,Dundalk,St. Patricks,1,2,A,2.65,3.32,2.82,2.66,3.65,2.9,2.53,3.25,2.71,,,,,,
IRL,Premier Division,2022,07/10/2022,19:45,UC Dublin,Sligo Rovers,0,2,A,4.12,3.51,1.97,4.12,3.52,2.02,3.79,3.39,1.95,,,,,,
IRL,Premier Division,2022,09/10/2022,17:00,Shamrock Rovers,Shelbourne,3,2,H,1.53,4.03,7.38,1.53,4.03,8,1.49,3.86,6.98,,,,,,
IRL,Premier Division,2022,14/10/2022,19:45,St. Patricks,Bohemians,3,1,H,1.47,4.45,7.52,1.5,4.5,7.52,1.47,4.22,6.5,,,,,,
IRL,Premier Division,2022,14/10/2022,20:00,Finn Harps,Dundalk,1,2,A,3.49,3.46,2.18,4,3.7,2.3,3.27,3.31,2.15,,,,,,
IRL,Premier Division,2022,16/10/2022,17:00,Drogheda,Shamrock Rovers,1,1,D,8.21,4.82,1.41,9,4.85,1.41,7.71,4.57,1.38,,,,,,
IRL,Premier Division,2022,21/10/2022,19:45,Bohemians,Finn Harps,2,2,D,2.1,3.5,3.69,2.13,3.51,3.81,2.05,3.4,3.44,,,,,,
IRL,Premier Division,2022,21/10/2022,19:45,Derry City,Shelbourne,1,1,D,1.39,4.55,10,1.4,4.6,10,1.37,4.36,8.83,,,,,,
IRL,Premier Division,2022,21/10/2022,19:45,Dundalk,Sligo Rovers,3,3,D,1.95,3.52,4.2,1.99,3.52,4.2,1.93,3.37,3.9,,,,,,
IRL,Premier Division,2022,21/10/2022,19:45,Shamrock Rovers,St. Patricks,4,1,H,1.97,3.52,4.12,1.98,3.64,4.2,1.92,3.43,3.88,,,,,,
IRL,Premier Division,2022,21/10/2022,19:45,UC Dublin,Drogheda,2,1,H,3.07,3.8,2.25,3.13,3.8,2.52,2.98,3.46,2.23,,,,,,
IRL,Premier Division,2022,24/10/2022,19:45,Shelbourne,UC Dublin,1,1,D,1.43,4.4,9.02,1.44,4.5,9.02,1.41,4.24,8.1,,,,,,
IRL,Premier Division,2022,24/10/2022,19:45,Sligo Rovers,Derry City,0,0,D,6.19,4,1.6,6.5,4,1.65,5.48,3.76,1.61,,,,,,
IRL,Premier Division,2022,28/10/2022,19:45,Dundalk,Bohemians,2,1,H,1.72,3.97,4.89,1.75,4,4.89,1.71,3.78,4.53,,,,,,
IRL,Premier Division,2022,28/10/2022,19:45,Shelbourne,Drogheda,6,0,H,1.56,4.18,6.43,1.64,4.2,6.43,1.58,3.86,5.57,,,,,,
IRL,Premier Division,2022,28/10/2022,19:45,Sligo Rovers,St. Patricks,1,0,H,4.59,3.75,1.81,4.59,3.75,1.91,4.19,3.54,1.82,,,,,,
IRL,Premier Division,2022,28/10/2022,20:00,Finn Harps,UC Dublin,1,3,A,1.94,3.57,4.15,1.95,3.57,4.3,1.9,3.43,3.92,,,,,,
IRL,Premier Division,2022,30/10/2022,19:00,Shamrock Rovers,Derry City,1,0,H,2.99,3.26,2.56,2.99,3.26,3.4,2.79,3.1,2.58,,,,,,
IRL,Premier Division,2022,06/11/2022,19:00,Bohemians,Sligo Rovers,3,1,H,2.12,3.5,3.62,2.55,3.5,3.62,2.12,3.31,3.33,,,,,,
IRL,Premier Division,2022,06/11/2022,19:00,Derry City,Dundalk,0,1,A,1.37,4.97,9.32,1.38,4.97,10,1.35,4.67,8.28,,,,,,
IRL,Premier Division,2022,06/11/2022,19:00,Drogheda,Finn Harps,2,0,H,2.19,3.66,3.29,2.2,3.69,3.29,2.14,3.48,3.14,,,,,,
IRL,Premier Division,2022,06/11/2022,19:00,St. Patricks,Shelbourne,4,0,H,2.34,3.24,3.36,2.34,3.47,3.61,2.24,3.24,3.15,,,,,,
IRL,Premier Division,2022,06/11/2022,19:00,UC Dublin,Shamrock Rovers,0,2,A,16.32,7.06,1.19,17,7.06,1.22,13.85,6.4,1.19,,,,,,
IRL,Premier Division,2022,11/11/2022,19:45,UC Dublin,Waterford,1,0,H,,,,4,3.8,2.2,3.6,3.49,1.93,,,,,,
IRL,Premier Division,2023,17/02/2023,19:45,Cork City,Bohemians,1,2,A,2.98,3.34,2.52,2.99,3.4,2.7,2.82,3.19,2.49,,,,,,
IRL,Premier Division,2023,17/02/2023,19:45,Dundalk,UC Dublin,1,1,D,1.27,5.8,12.95,1.28,6.3,15,1.24,5.63,11.44,,,,,,
IRL,Premier Division,2023,17/02/2023,19:45,Shelbourne,Drogheda,0,0,D,1.62,4.01,5.86,1.71,4.05,6,1.6,3.76,5.6,,,,,,
IRL,Premier Division,2023,17/02/2023,19:45,St. Patricks,Derry City,1,1,D,3.28,3.28,2.36,3.4,3.41,2.54,3.06,3.19,2.32,,,,,,
IRL,Premier Division,2023,18/02/2023,19:45,Sligo Rovers,Shamrock Rovers,1,1,D,5.66,3.78,1.68,6,3.86,1.7,5.46,3.65,1.63,,,,,,
IRL,Premier Division,2023,24/02/2023,19:45,Bohemians,Dundalk,2,1,H,2.35,3.25,3.33,2.4,3.29,3.4,2.3,3.14,3.13,,,,,,
IRL,Premier Division,2023,24/02/2023,19:45,Derry City,Cork City,2,0,H,1.4,4.77,8.79,1.41,4.9,9.1,1.36,4.6,8.31,,,,,,
IRL,Premier Division,2023,24/02/2023,19:45,Drogheda,Shamrock Rovers,1,1,D,7.11,4.83,1.45,8,4.9,1.48,7.04,4.51,1.42,,,,,,
IRL,Premier Division,2023,24/02/2023,19:45,St. Patricks,Shelbourne,1,0,H,2.06,3.3,4.08,2.07,3.4,4.5,2.01,3.17,3.89,,,,,,
IRL,Premier Division,2023,24/02/2023,19:45,UC Dublin,Sligo Rovers,2,3,A,6.09,4.01,1.6,6.4,4.01,1.9,5.55,3.72,1.61,,,,,,
IRL,Premier Division,2023,03/03/2023,19:45,Cork City,UC Dublin,4,0,H,1.58,4.17,6.06,1.62,4.17,6.2,1.56,3.88,5.63,,,,,,
IRL,Premier Division,2023,03/03/2023,19:45,Drogheda,Sligo Rovers,1,0,H,3.27,3.41,2.3,3.35,3.47,2.31,3.13,3.28,2.23,,,,,,
IRL,Premier Division,2023,03/03/2023,19:45,Dundalk,St. Patricks,5,0,H,2.91,3.18,2.68,2.93,3.23,2.71,2.78,3.1,2.56,,,,,,
IRL,Premier Division,2023,03/03/2023,19:45,Shelbourne,Bohemians,1,0,H,2.58,3.03,3.16,2.6,3.25,3.18,2.45,2.98,3.04,,,,,,
IRL,Premier Division,2023,03/03/2023,20:00,Shamrock Rovers,Derry City,1,2,A,2.65,3.16,2.96,2.68,3.23,3,2.52,3.07,2.85,,,,,,
IRL,Premier Division,2023,06/03/2023,19:45,Bohemians,Drogheda,3,1,H,1.68,4.04,5.22,1.68,4.2,5.5,1.63,3.84,5.06,,,,,,
IRL,Premier Division,2023,06/03/2023,19:45,Dundalk,Shelbourne,2,1,H,2.39,3.08,3.44,2.46,3.13,3.7,2.31,2.96,3.28,,,,,,
IRL,Premier Division,2023,06/03/2023,19:45,Sligo Rovers,St. Patricks,2,1,H,2.77,3.32,2.7,2.84,3.37,2.74,2.71,3.16,2.57,,,,,,
IRL,Premier Division,2023,06/03/2023,19:45,UC Dublin,Derry City,0,4,A,9.51,5.14,1.35,13,5.5,1.35,8.86,4.96,1.32,,,,,,
IRL,Premier Division,2023,06/03/2023,20:00,Shamrock Rovers,Cork City,4,4,D,1.45,4.62,7.48,1.47,5,9.5,1.42,4.38,7.08,,,,,,
IRL,Premier Division,2023,10/03/2023,19:45,Derry City,Dundalk,0,0,D,1.69,3.72,5.6,1.75,3.75,5.6,1.67,3.55,5.17,,,,,,
IRL,Premier Division,2023,10/03/2023,19:45,Shelbourne,Shamrock Rovers,0,0,D,4.24,3.18,2.07,4.4,3.28,2.07,4.08,3.1,1.97,,,,,,
IRL,Premier Division,2023,10/03/2023,19:45,St. Patricks,Bohemians,0,2,A,2.43,3.25,3.19,2.44,3.35,3.23,2.34,3.13,3.06,,,,,,
IRL,Premier Division,2023,10/03/2023,19:45,UC Dublin,Drogheda,0,1,A,4.35,3.66,1.88,4.4,3.78,1.89,4.08,3.55,1.83,,,,,,
IRL,Premier Division,2023,11/03/2023,19:45,Sligo Rovers,Cork City,2,2,D,2.32,3.31,3.34,2.32,3.45,3.81,2.21,3.17,3.27,,,,,,
IRL,Premier Division,2023,16/03/2023,19:45,Drogheda,Dundalk,0,1,A,3.12,3.42,2.38,3.2,3.5,2.46,2.99,3.23,2.32,,,,,,
IRL,Premier Division,2023,17/03/2023,17:00,Cork City,Shelbourne,0,2,A,2.98,3.1,2.67,3.12,3.12,2.8,2.88,2.97,2.57,,,,,,
IRL,Premier Division,2023,17/03/2023,17:00,Shamrock Rovers,St. Patricks,2,2,D,1.64,3.99,5.68,1.71,4.1,5.9,1.61,3.75,5.35,,,,,,
IRL,Premier Division,2023,17/03/2023,19:45,Bohemians,UC Dublin,2,1,H,1.25,5.99,12.82,1.27,6.3,14,1.24,5.59,11.38,,,,,,
IRL,Premier Division,2023,17/03/2023,19:45,Derry City,Sligo Rovers,1,1,D,1.58,4.04,6.42,1.59,4.2,7.1,1.54,3.83,6.16,,,,,,
IRL,Premier Division,2023,31/03/2023,19:45,Cork City,Drogheda,1,1,D,2.23,3.52,3.34,2.27,3.55,3.45,2.17,3.29,3.26,,,,,,
IRL,Premier Division,2023,31/03/2023,19:45,Dundalk,Shamrock Rovers,0,4,A,4.74,3.95,1.75,5.25,3.97,2.05,4.63,3.64,1.72,,,,,,
IRL,Premier Division,2023,31/03/2023,19:45,Shelbourne,Derry City,0,1,A,3.74,3.06,2.28,4.2,3.15,2.33,3.57,2.92,2.22,,,,,,
IRL,Premier Division,2023,31/03/2023,19:45,St. Patricks,UC Dublin,3,0,H,1.31,5.72,10.07,1.33,5.8,11,1.3,5.17,9.14,,,,,,
IRL,Premier Division,2023,01/04/2023,19:45,Sligo Rovers,Bohemians,0,1,A,2.99,3.18,2.61,3.09,3.23,2.64,2.9,3.08,2.46,,,,,,
IRL,Premier Division,2023,07/04/2023,19:45,Bohemians,Shamrock Rovers,0,2,A,4.13,3.54,1.96,4.2,3.54,2.09,3.73,3.29,2,,,,,,
IRL,Premier Division,2023,07/04/2023,19:45,Derry City,Drogheda,0,1,A,1.35,5.23,9.62,1.38,5.3,10,1.34,4.76,8.8,,,,,,
IRL,Premier Division,2023,07/04/2023,19:45,Dundalk,Sligo Rovers,1,2,A,2.39,3.34,3.17,2.49,3.39,3.22,2.34,3.16,3.03,,,,,,
IRL,Premier Division,2023,07/04/2023,19:45,St. Patricks,Cork City,4,0,H,1.68,4,5.2,1.68,4.3,6,1.59,3.83,5.41,,,,,,
IRL,Premier Division,2023,07/04/2023,19:45,UC Dublin,Shelbourne,0,0,D,7.94,4.05,1.5,8,4.25,1.54,7.25,3.87,1.48,,,,,,
IRL,Premier Division,2023,10/04/2023,17:00,Cork City,Dundalk,1,0,H,2.3,3.22,3.48,2.5,3.35,3.5,2.26,3.1,3.21,,,,,,
IRL,Premier Division,2023,10/04/2023,19:00,Derry City,Bohemians,0,1,A,1.64,3.86,6,1.72,3.93,6.2,1.63,3.61,5.48,,,,,,
IRL,Premier Division,2023,10/04/2023,19:45,Drogheda,St. Patricks,1,3,A,3.46,3.59,2.15,3.46,3.81,2.18,3.22,3.42,2.11,,,,,,
IRL,Premier Division,2023,10/04/2023,19:45,Shelbourne,Sligo Rovers,2,1,H,2.42,3.03,3.46,2.46,3.1,3.55,2.35,2.91,3.25,,,,,,
IRL,Premier Division,2023,10/04/2023,20:00,Shamrock Rovers,UC Dublin,3,0,H,1.03,24.01,48.26,1.07,15,51,1.05,11.67,33.36,,,,,,
IRL,Premier Division,2023,14/04/2023,19:45,Bohemians,St. Patricks,2,3,A,2.34,3.39,3.21,2.37,3.45,3.25,2.27,3.25,3.05,,,,,,
IRL,Premier Division,2023,14/04/2023,19:45,Shamrock Rovers,Shelbourne,2,2,D,1.45,4.28,8.56,1.56,4.28,8.56,1.47,3.92,7.16,,,,,,
IRL,Premier Division,2023,14/04/2023,19:45,UC Dublin,Cork City,1,0,H,5.19,4.02,1.68,5.3,4.02,1.72,4.92,3.7,1.67,,,,,,
IRL,Premier Division,2023,15/04/2023,19:45,Sligo Rovers,Drogheda,1,1,D,1.85,3.63,4.53,1.85,3.84,4.8,1.77,3.53,4.41,,,,,,
IRL,Premier Division,2023,16/04/2023,15:00,Dundalk,Derry City,2,2,D,4.33,3.38,1.97,4.5,3.4,2,4.11,3.24,1.92,,,,,,
IRL,Premier Division,2023,21/04/2023,19:45,Cork City,Derry City,1,3,A,4.75,3.42,1.88,4.75,3.6,1.94,4.32,3.31,1.85,,,,,,
IRL,Premier Division,2023,21/04/2023,19:45,Drogheda,Bohemians,0,2,A,3.05,3.21,2.54,3.6,3.4,2.54,2.97,3.12,2.4,,,,,,
IRL,Premier Division,2023,21/04/2023,19:45,Shelbourne,Dundalk,1,1,D,2.19,3.11,3.9,2.26,3.21,4.2,2.08,3.02,3.82,,,,,,
IRL,Premier Division,2023,21/04/2023,19:45,St. Patricks,Shamrock Rovers,0,2,A,3.85,3.7,1.98,3.93,3.76,2.01,3.72,3.47,1.93,,,,,,
IRL,Premier Division,2023,22/04/2023,19:45,Sligo Rovers,UC Dublin,3,1,H,1.31,5.4,11.23,1.38,5.6,12,1.28,5.04,10.62,,,,,,
IRL,Premier Division,2023,28/04/2023,19:45,Derry City,St. Patricks,2,0,H,1.83,3.66,4.62,1.87,3.7,4.75,1.79,3.49,4.37,,,,,,
IRL,Premier Division,2023,28/04/2023,19:45,Dundalk,Drogheda,3,2,H,2.15,3.48,3.56,2.2,3.53,3.7,2.07,3.31,3.46,,,,,,
IRL,Premier Division,2023,28/04/2023,19:45,Shelbourne,Cork City,2,1,H,2.17,3.05,4.07,2.23,3.3,4.33,2.11,2.98,3.81,,,,,,
IRL,Premier Division,2023,28/04/2023,19:45,UC Dublin,Bohemians,1,1,D,8.64,4.55,1.42,8.83,4.65,1.43,7.7,4.41,1.39,,,,,,
IRL,Premier Division,2023,28/04/2023,20:00,Shamrock Rovers,Sligo Rovers,2,1,H,1.46,4.5,7.71,1.49,4.6,7.71,1.43,4.32,7.03,,,,,,
IRL,Premier Division,2023,01/05/2023,15:00,St. Patricks,Sligo Rovers,0,1,A,2.3,3.43,3.27,2.33,3.53,3.55,2.2,3.32,3.14,,,,,,
IRL,Premier Division,2023,01/05/2023,17:00,Bohemians,Cork City,5,0,H,1.72,3.71,5.42,1.8,3.78,5.6,1.69,3.55,5.01,,,,,,
IRL,Premier Division,2023,01/05/2023,17:00,Drogheda,Shelbourne,1,1,D,2.82,3.06,2.85,2.93,3.2,2.86,2.75,2.98,2.66,,,,,,
IRL,Premier Division,2023,01/05/2023,17:00,UC Dublin,Dundalk,0,2,A,5.76,4.01,1.63,6,4.1,1.67,5.43,3.79,1.6,,,,,,
IRL,Premier Division,2023,01/05/2023,19:15,Derry City,Shamrock Rovers,0,2,A,2.47,3.16,3.2,2.56,3.29,3.25,2.41,3.08,2.98,,,,,,
IRL,Premier Division,2023,05/05/2023,19:45,Cork City,St. Patricks,2,3,A,3.08,3.5,2.36,3.38,3.52,2.41,3.04,3.3,2.27,,,,,,
IRL,Premier Division,2023,05/05/2023,19:45,Drogheda,Derry City,0,1,A,4.18,3.4,2,4.33,3.55,2.07,3.94,3.27,1.96,,,,,,
IRL,Premier Division,2023,05/05/2023,19:45,Shamrock Rovers,Bohemians,2,0,H,1.78,3.69,4.95,1.81,3.77,5.1,1.74,3.52,4.74,,,,,,
IRL,Premier Division,2023,05/05/2023,19:45,Shelbourne,UC Dublin,1,0,H,1.33,5.04,11.15,1.36,5.1,13,1.31,4.68,10.54,,,,,,
IRL,Premier Division,2023,06/05/2023,19:45,Sligo Rovers,Dundalk,0,1,A,1.81,3.63,4.81,1.89,3.72,4.9,1.77,3.48,4.5,,,,,,
IRL,Premier Division,2023,12/05/2023,19:45,Bohemians,Derry City,0,1,A,3.23,3.08,2.51,3.28,3.2,2.54,3.05,3.01,2.44,,,,,,
IRL,Premier Division,2023,12/05/2023,19:45,Dundalk,Cork City,2,1,H,1.87,3.66,4.4,1.9,3.74,4.45,1.84,3.45,4.2,,,,,,
IRL,Premier Division,2023,12/05/2023,19:45,St. Patricks,Drogheda,3,0,H,1.93,3.9,3.84,1.97,3.97,4.05,1.88,3.66,3.74,,,,,,
IRL,Premier Division,2023,12/05/2023,19:45,UC Dublin,Shamrock Rovers,0,3,A,15.82,7.09,1.19,18,7.6,1.22,15.8,6.57,1.17,,,,,,
IRL,Premier Division,2023,13/05/2023,19:45,Sligo Rovers,Shelbourne,0,3,A,2.36,2.96,3.68,2.38,3.14,3.73,2.26,2.93,3.45,,,,,,
IRL,Premier Division,2023,15/05/2023,19:45,Derry City,Dundalk,3,0,H,1.55,4.12,6.73,1.6,4.2,6.9,1.52,3.9,6.39,,,,,,
IRL,Premier Division,2023,15/05/2023,20:00,Shamrock Rovers,St. Patricks,3,2,H,1.58,4.29,5.86,1.62,4.4,5.86,1.56,4.05,5.4,,,,,,
IRL,Premier Division,2023,19/05/2023,19:45,Cork City,Sligo Rovers,1,0,H,3.37,3.61,2.17,3.5,3.61,2.24,3.3,3.34,2.12,,,,,,
IRL,Premier Division,2023,19/05/2023,19:45,Derry City,UC Dublin,4,1,H,1.1,11.44,27.6,1.12,12,34,1.09,9.09,25.8,,,,,,
IRL,Premier Division,2023,19/05/2023,19:45,Dundalk,Bohemians,2,2,D,2.96,3.24,2.58,3.01,3.3,2.63,2.82,3.1,2.52,,,,,,
IRL,Premier Division,2023,19/05/2023,19:45,Shelbourne,St. Patricks,0,1,A,2.73,3.27,2.77,2.76,3.31,2.81,2.64,3.12,2.67,,,,,,
IRL,Premier Division,2023,19/05/2023,20:00,Shamrock Rovers,Drogheda,1,2,A,1.29,5.89,10.73,1.35,6.3,12,1.28,5.37,9.92,,,,,,
IRL,Premier Division,2023,26/05/2023,19:45,Bohemians,Shelbourne,0,0,D,2.3,3.04,3.71,2.36,3.13,3.75,2.23,2.97,3.47,,,,,,
IRL,Premier Division,2023,26/05/2023,19:45,Cork City,Shamrock Rovers,1,0,H,7.3,4.67,1.46,7.3,4.67,1.56,6.19,4.25,1.48,,,,,,
IRL,Premier Division,2023,26/05/2023,19:45,Drogheda,UC Dublin,3,1,H,1.41,4.97,7.74,1.43,5.1,9,1.37,4.73,7.51,,,,,,
IRL,Premier Division,2023,26/05/2023,19:45,St. Patricks,Dundalk,2,1,H,1.71,3.95,5.01,1.75,3.95,5.1,1.69,3.7,4.73,,,,,,
IRL,Premier Division,2023,27/05/2023,19:45,Sligo Rovers,Derry City,1,0,H,4.61,3.37,1.92,4.9,3.5,1.96,4.33,3.28,1.86,,,,,,
IRL,Premier Division,2023,02/06/2023,19:45,Bohemians,Sligo Rovers,2,0,H,2.11,3.32,3.85,2.13,3.41,3.89,2.06,3.22,3.61,,,,,,
IRL,Premier Division,2023,02/06/2023,19:45,Derry City,Shelbourne,0,0,D,1.52,3.84,8.27,1.6,3.96,8.3,1.51,3.68,7.28,,,,,,
IRL,Premier Division,2023,02/06/2023,19:45,Drogheda,Cork City,0,1,A,2.22,3.43,3.43,2.25,3.47,3.47,2.16,3.3,3.25,,,,,,
IRL,Premier Division,2023,02/06/2023,19:45,Shamrock Rovers,Dundalk,2,0,H,1.54,4.38,6.21,1.57,4.6,7.1,1.5,4.15,6.01,,,,,,
IRL,Premier Division,2023,02/06/2023,19:45,UC Dublin,St. Patricks,1,3,A,14.03,6.12,1.24,15,6.8,1.38,12.6,5.82,1.23,,,,,,
IRL,Premier Division,2023,05/06/2023,17:00,Cork City,Bohemians,2,1,H,3.24,3.25,2.4,3.33,3.3,2.4,3.14,3.1,2.31,,,,,,
IRL,Premier Division,2023,05/06/2023,17:00,Dundalk,UC Dublin,4,1,H,1.24,6.27,12.45,1.27,6.6,13,1.23,5.82,11.43,,,,,,
IRL,Premier Division,2023,05/06/2023,18:00,Sligo Rovers,Shamrock Rovers,0,3,A,4.15,3.68,1.92,4.85,3.82,1.92,4.01,3.53,1.85,,,,,,
IRL,Premier Division,2023,05/06/2023,18:45,St. Patricks,Derry City,4,1,H,3.14,3.39,2.38,3.35,3.47,2.4,3.09,3.2,2.28,,,,,,
IRL,Premier Division,2023,05/06/2023,19:45,Shelbourne,Drogheda,3,2,H,2.22,3.3,3.58,2.27,3.45,4.3,2.13,3.2,3.47,,,,,,
IRL,Premier Division,2023,09/06/2023,19:45,Cork City,Dundalk,1,2,A,2.74,3.14,2.86,2.82,3.3,2.88,2.64,3.05,2.72,,,,,,
IRL,Premier Division,2023,09/06/2023,19:45,Derry City,Bohemians,0,0,D,1.96,3.28,4.56,2.02,3.34,4.61,1.93,3.13,4.23,,,,,,
IRL,Premier Division,2023,09/06/2023,19:45,Drogheda,St. Patricks,2,1,H,3.34,3.58,2.19,3.66,3.8,2.24,3.2,3.45,2.12,,,,,,
IRL,Premier Division,2023,09/06/2023,19:45,Shelbourne,Sligo Rovers,1,1,D,2.4,3.17,3.33,2.41,3.4,4.1,2.29,3.1,3.2,,,,,,
IRL,Premier Division,2023,09/06/2023,20:00,Shamrock Rovers,UC Dublin,4,0,H,1.06,16.88,33.19,1.14,19,41,1.05,12.98,30.1,,,,,,
IRL,Premier Division,2023,23/06/2023,19:45,Bohemians,Shamrock Rovers,2,2,D,3.58,3.28,2.22,4.33,3.47,2.3,3.42,3.18,2.15,,,,,,
IRL,Premier Division,2023,23/06/2023,19:45,Derry City,Cork City,2,0,H,1.51,4.22,7.21,1.53,4.7,8.1,1.49,3.98,6.66,,,,,,
IRL,Premier Division,2023,23/06/2023,19:45,Drogheda,Dundalk,1,2,A,2.63,3.7,2.62,2.71,3.7,2.71,2.57,3.42,2.54,,,,,,
IRL,Premier Division,2023,23/06/2023,19:45,St. Patricks,Shelbourne,1,0,H,1.89,3.37,4.77,2.06,3.45,4.77,1.9,3.23,4.23,,,,,,
IRL,Premier Division,2023,23/06/2023,19:45,UC Dublin,Sligo Rovers,2,1,H,7.82,4.45,1.46,8.5,4.75,1.48,7.1,4.28,1.43,,,,,,
IRL,Premier Division,2023,26/06/2023,19:45,Dundalk,St. Patricks,1,1,D,2.74,3.54,2.59,2.76,3.75,2.7,2.6,3.45,2.51,,,,,,
IRL,Premier Division,2023,26/06/2023,20:00,Shamrock Rovers,Derry City,1,0,H,2.05,3.39,3.98,2.1,3.64,4.76,2.01,3.29,3.73,,,,,,
IRL,Premier Division,2023,30/06/2023,19:45,Cork City,Drogheda,1,1,D,2.43,3.45,3.02,2.5,3.51,3.15,2.36,3.29,2.9,,,,,,
IRL,Premier Division,2023,30/06/2023,19:45,Dundalk,Shamrock Rovers,2,0,H,3.44,3.53,2.18,3.78,3.74,2.2,3.48,3.44,2.03,,,,,,
IRL,Premier Division,2023,30/06/2023,19:45,Shelbourne,Derry City,1,1,D,3.63,3.01,2.35,3.7,3.05,2.41,3.43,2.91,2.29,,,,,,
IRL,Premier Division,2023,30/06/2023,19:45,Sligo Rovers,Bohemians,3,1,H,2.87,3.1,2.77,3.28,3.23,2.86,2.77,3.06,2.61,,,,,,
IRL,Premier Division,2023,30/06/2023,19:45,St. Patricks,UC Dublin,7,0,H,1.13,9.6,19.78,1.15,10,21,1.12,8.29,17.97,,,,,,
IRL,Premier Division,2023,07/07/2023,19:45,Bohemians,Dundalk,3,2,H,2.23,3.44,3.4,2.3,3.53,3.4,2.19,3.34,3.15,,,,,,
IRL,Premier Division,2023,07/07/2023,19:45,Derry City,Sligo Rovers,2,1,H,1.71,3.64,5.62,1.75,3.72,5.9,1.69,3.51,5.11,,,,,,
IRL,Premier Division,2023,07/07/2023,19:45,Drogheda,Shamrock Rovers,0,0,D,4.17,3.64,1.92,4.33,3.75,1.95,3.86,3.52,1.89,,,,,,
IRL,Premier Division,2023,07/07/2023,19:45,St. Patricks,Cork City,1,1,D,1.43,4.77,7.66,1.5,4.9,8.5,1.41,4.55,7.11,,,,,,
IRL,Premier Division,2023,07/07/2023,19:45,UC Dublin,Shelbourne,0,4,A,11.06,5.11,1.33,15,5.7,1.48,10.99,5.02,1.29,,,,,,
IRL,Premier Division,2023,14/07/2023,19:45,Shelbourne,Bohemians,1,1,D,2.76,2.89,3.08,2.76,3.03,3.23,2.6,2.85,2.97,,,,,,
IRL,Premier Division,2023,14/07/2023,19:45,UC Dublin,Drogheda,1,3,A,7.94,4.95,1.41,8.76,5.23,1.43,7.62,4.64,1.38,,,,,,
IRL,Premier Division,2023,15/07/2023,19:45,Sligo Rovers,Cork City,3,0,H,2.06,3.41,3.93,2.07,3.5,4,2,3.3,3.7,,,,,,
IRL,Premier Division,2023,28/07/2023,19:45,Bohemians,UC Dublin,2,0,H,1.13,9.39,19.46,1.15,12,29,1.11,8.72,19.11,,,,,,
IRL,Premier Division,2023,28/07/2023,19:45,Cork City,Shelbourne,0,2,A,3.43,3.03,2.43,3.6,3.25,2.7,3.21,2.99,2.34,,,,,,
IRL,Premier Division,2023,28/07/2023,19:45,Drogheda,Sligo Rovers,2,2,D,2.59,3.34,2.88,2.65,3.37,2.89,2.49,3.22,2.75,,,,,,
IRL,Premier Division,2023,04/08/2023,19:45,Bohemians,Drogheda,4,2,H,1.63,4.07,5.62,1.73,4.2,5.62,1.61,3.88,5.15,,,,,,
IRL,Premier Division,2023,04/08/2023,19:45,Sligo Rovers,St. Patricks,0,2,A,3.29,3.53,2.24,3.5,3.64,2.24,3.2,3.41,2.13,,,,,,
IRL,Premier Division,2023,06/08/2023,17:00,Dundalk,Shelbourne,1,1,D,2.68,3.08,2.98,2.72,3.3,3.03,2.54,3.02,2.84,,,,,,
IRL,Premier Division,2023,06/08/2023,18:00,Shamrock Rovers,Cork City,2,1,H,1.31,5.51,10.95,1.36,5.7,11,1.29,5.15,9.72,,,,,,
IRL,Premier Division,2023,11/08/2023,19:45,Cork City,UC Dublin,1,1,D,1.24,6.27,13.46,1.33,6.5,13.5,1.26,5.46,10.67,,,,,,
IRL,Premier Division,2023,11/08/2023,19:45,Dundalk,Sligo Rovers,1,0,H,1.78,3.86,4.66,1.8,3.89,4.97,1.73,3.62,4.51,,,,,,
IRL,Premier Division,2023,11/08/2023,19:45,Shelbourne,Shamrock Rovers,1,1,D,3.81,3.12,2.22,3.81,3.24,2.27,3.45,3.05,2.17,,,,,,
IRL,Premier Division,2023,11/08/2023,19:45,St. Patricks,Bohemians,0,0,D,2.67,3.46,2.71,2.69,3.75,2.8,2.49,3.4,2.64,,,,,,
IRL,Premier Division,2023,13/08/2023,18:30,Derry City,Drogheda,3,0,H,1.5,4.53,6.74,1.53,4.7,6.9,1.47,4.16,6.29,,,,,,
IRL,Premier Division,2023,25/08/2023,19:45,Bohemians,Derry City,2,2,D,2.94,3.22,2.62,3,3.25,2.64,2.85,3.09,2.51,,,,,,
IRL,Premier Division,2023,25/08/2023,19:45,Drogheda,Cork City,3,1,H,2.07,3.48,3.79,2.08,3.65,3.94,2,3.44,3.55,,,,,,
IRL,Premier Division,2023,25/08/2023,19:45,Shamrock Rovers,Dundalk,1,0,H,1.54,4.27,6.45,1.57,4.4,6.6,1.52,4.07,5.94,,,,,,
IRL,Premier Division,2023,25/08/2023,19:45,UC Dublin,St. Patricks,0,1,A,11.17,7.01,1.23,17,8.1,1.23,12.23,6.79,1.19,,,,,,
IRL,Premier Division,2023,26/08/2023,19:45,Sligo Rovers,Shelbourne,0,1,A,3.08,3.17,2.55,3.21,3.2,2.7,2.97,3.04,2.45,,,,,,
IRL,Premier Division,2023,01/09/2023,19:45,Cork City,Sligo Rovers,3,0,H,2.65,3.11,2.99,2.68,3.24,3.04,2.54,3.07,2.84,,,,,,
IRL,Premier Division,2023,01/09/2023,19:45,Drogheda,UC Dublin,3,0,H,1.32,5.75,9.31,1.38,5.8,10,1.33,5.09,8.3,,,,,,
IRL,Premier Division,2023,01/09/2023,19:45,Dundalk,Derry City,1,3,A,3.46,3.39,2.22,3.5,3.45,2.25,3.3,3.21,2.19,,,,,,
IRL,Premier Division,2023,01/09/2023,19:45,Shamrock Rovers,Bohemians,3,0,H,1.94,3.55,4.2,2.04,3.57,4.3,1.93,3.37,3.9,,,,,,
IRL,Premier Division,2023,01/09/2023,19:45,Shelbourne,St. Patricks,2,1,H,2.51,3.08,3.23,2.51,3.24,3.32,2.38,3.05,3.08,,,,,,
IRL,Premier Division,2023,06/09/2023,19:45,UC Dublin,Derry City,0,5,A,19.29,9.01,1.14,21,9.8,1.15,17.4,7.89,1.13,,,,,,
IRL,Premier Division,2023,15/09/2023,19:45,Derry City,Shamrock Rovers,1,1,D,2.35,3.07,3.55,2.37,3.3,3.55,2.26,3.12,3.24,,,,,,
IRL,Premier Division,2023,16/09/2023,19:45,Sligo Rovers,UC Dublin,2,0,H,1.23,6.57,12.77,1.27,7.4,15,1.21,6.11,12.58,,,,,,
IRL,Premier Division,2023,22/09/2023,19:45,Drogheda,Bohemians,0,0,D,4.72,4.17,1.71,5,4.3,1.87,4.35,3.84,1.72,,,,,,
IRL,Premier Division,2023,22/09/2023,19:45,Shelbourne,Cork City,2,1,H,1.69,3.78,5.52,1.73,3.84,5.75,1.66,3.6,5.33,,,,,,
IRL,Premier Division,2023,22/09/2023,19:45,Sligo Rovers,Derry City,1,0,H,5.2,3.78,1.72,5.25,3.78,1.89,4.75,3.5,1.75,,,,,,
IRL,Premier Division,2023,22/09/2023,19:45,St. Patricks,Dundalk,3,1,H,2,3.76,3.74,2.06,3.82,3.83,1.95,3.55,3.6,,,,,,
IRL,Premier Division,2023,22/09/2023,19:45,UC Dublin,Shamrock Rovers,0,0,D,36.07,13.66,1.07,46,15,1.08,31.4,11.23,1.06,,,,,,
IRL,Premier Division,2023,25/09/2023,19:45,Bohemians,Shelbourne,1,1,D,2.16,3.42,3.59,2.19,3.47,3.88,2.08,3.27,3.5,,,,,,
IRL,Premier Division,2023,25/09/2023,19:45,Dundalk,Cork City,5,0,H,1.83,3.81,4.45,1.87,3.92,4.8,1.8,3.64,4.13,,,,,,
IRL,Premier Division,2023,25/09/2023,19:45,St. Patricks,Drogheda,1,2,A,1.53,4.56,6.04,1.58,4.6,6.04,1.52,4.26,5.56,,,,,,
IRL,Premier Division,2023,29/09/2023,19:45,Bohemians,Sligo Rovers,3,1,H,1.65,4,5.6,1.69,4.25,6,1.61,3.91,5.21,,,,,,
IRL,Premier Division,2023,29/09/2023,19:45,Cork City,St. Patricks,0,1,A,3.55,3.68,2.08,3.86,3.75,2.12,3.42,3.5,2.03,,,,,,
IRL,Premier Division,2023,29/09/2023,19:45,Derry City,UC Dublin,6,0,H,1.04,22.62,40.93,1.07,23,61,1.04,13.96,36.19,,,,,,
IRL,Premier Division,2023,29/09/2023,19:45,Dundalk,Drogheda,3,1,H,1.57,4.41,5.7,1.72,4.5,5.7,1.56,4.2,5.17,,,,,,
IRL,Premier Division,2023,29/09/2023,19:45,Shamrock Rovers,Shelbourne,1,0,H,1.7,3.75,5.45,1.75,3.78,5.5,1.68,3.56,5.08,,,,,,
IRL,Premier Division,2023,06/10/2023,19:45,Drogheda,Derry City,0,0,D,8.51,5.27,1.37,9.5,5.27,1.63,7.75,4.81,1.36,,,,,,
IRL,Premier Division,2023,06/10/2023,19:45,Shelbourne,Dundalk,1,0,H,2.25,3.36,3.42,2.33,3.36,3.45,2.21,3.24,3.22,,,,,,
IRL,Premier Division,2023,12/10/2023,19:45,UC Dublin,Bohemians,1,2,A,20.78,9.33,1.13,21,9.8,1.15,18.01,8.12,1.12,,,,,,
IRL,Premier Division,2023,20/10/2023,19:45,Bohemians,St. Patricks,0,2,A,1.83,3.79,4.15,1.9,3.97,4.58,1.82,3.69,4,,,,,,
IRL,Premier Division,2023,20/10/2023,19:45,Derry City,Shelbourne,0,0,D,1.66,3.71,6.05,1.68,3.84,6.2,1.63,3.62,5.62,,,,,,
IRL,Premier Division,2023,20/10/2023,19:45,Sligo Rovers,Dundalk,0,2,A,2.38,3.44,3.1,2.7,3.52,3.15,2.32,3.33,2.96,,,,,,
IRL,Premier Division,2023,22/10/2023,15:00,UC Dublin,Cork City,0,2,A,5.85,4.2,1.59,6.5,4.5,1.59,5.89,4.09,1.53,,,,,,
IRL,Premier Division,2023,22/10/2023,20:00,Shamrock Rovers,Drogheda,5,0,H,1.17,7.95,16.69,1.22,8.3,18,1.16,7.25,14.79,,,,,,
IRL,Premier Division,2023,23/10/2023,19:30,St. Patricks,Sligo Rovers,1,0,H,1.59,4.29,5.74,1.6,4.49,6.91,1.54,4.04,5.83,,,,,,
IRL,Premier Division,2023,27/10/2023,19:45,Cork City,Derry City,0,1,A,6.4,4.06,1.57,6.5,4.3,1.59,6.03,3.97,1.53,,,,,,
IRL,Premier Division,2023,27/10/2023,19:45,Dundalk,Bohemians,2,0,H,3.29,3.91,2.11,3.3,3.91,2.36,3.06,3.58,2.16,,,,,,
IRL,Premier Division,2023,27/10/2023,19:45,Shelbourne,UC Dublin,3,2,H,1.16,8.42,16.16,1.18,9.9,28,1.13,7.71,18.03,,,,,,
IRL,Premier Division,2023,27/10/2023,20:00,St. Patricks,Shamrock Rovers,0,2,A,5,3.84,1.74,5.25,4,1.91,4.68,3.62,1.72,,,,,,
IRL,Premier Division,2023,28/10/2023,18:00,Sligo Rovers,Drogheda,0,0,D,1.87,3.66,4.4,1.92,3.9,5.03,1.81,3.57,4.23,,,,,,
IRL,Premier Division,2023,30/10/2023,16:45,Cork City,Shamrock Rovers,0,0,D,4.76,4.11,1.71,6.44,4.42,1.75,4.74,3.91,1.65,,,,,,
IRL,Premier Division,2023,03/11/2023,19:45,Bohemians,Cork City,4,0,H,1.19,6.94,12.08,1.21,7.7,17,1.17,6.88,14.04,,,,,,
IRL,Premier Division,2023,03/11/2023,19:45,Derry City,St. Patricks,3,0,H,1.43,4.78,7.73,1.45,4.78,8,1.42,4.42,7.15,,,,,,
IRL,Premier Division,2023,03/11/2023,19:45,Drogheda,Shelbourne,2,4,A,5.43,3.93,1.67,5.5,4,1.79,4.99,3.74,1.66,,,,,,
IRL,Premier Division,2023,03/11/2023,19:45,Shamrock Rovers,Sligo Rovers,4,2,H,1.25,6.24,11.65,1.32,6.25,13,1.24,5.67,10.91,,,,,,
IRL,Premier Division,2023,03/11/2023,19:45,UC Dublin,Dundalk,1,5,A,11.09,6.87,1.24,13,6.87,1.24,11.64,6.47,1.2,,,,,,
IRL,Premier Division,2023,10/11/2023,19:45,Waterford,Cork City,1,1,D,2.98,3.33,2.45,3.15,3.41,2.57,2.87,3.22,2.38,,,,,,
IRL,Premier Division,2024,16/02/2024,19:45,Bohemians,Sligo Rovers,2,2,D,2.04,3.46,3.91,2.17,3.6,4,1.97,3.4,3.67,,,,,,
IRL,Premier Division,2024,16/02/2024,19:45,Derry City,Drogheda,2,1,H,1.33,5.36,10.18,1.35,5.75,10.18,1.3,5.14,8.87,,,,,,
IRL,Premier Division,2024,16/02/2024,19:45,Galway,St. Patricks,0,1,A,2.41,3.49,3.02,2.63,3.5,3.05,2.41,3.37,2.77,,,,,,
IRL,Premier Division,2024,16/02/2024,19:45,Shamrock Rovers,Dundalk,1,1,D,1.43,4.67,7.91,1.43,5.29,9,1.38,4.58,7.6,,,,,,
IRL,Premier Division,2024,16/02/2024,19:45,Waterford,Shelbourne,1,1,D,3.73,3.29,2.17,3.73,3.4,2.17,3.51,3.23,2.08,,,,,,
IRL,Premier Division,2024,23/02/2024,19:45,Drogheda,Waterford,1,4,A,2.76,3.33,2.7,2.76,3.33,2.88,2.62,3.18,2.63,,,,,,
IRL,Premier Division,2024,23/02/2024,19:45,Dundalk,Galway,0,2,A,2.35,3.21,3.39,2.36,3.21,3.59,2.23,3.07,3.31,,,,,,
IRL,Premier Division,2024,23/02/2024,19:45,Shelbourne,Shamrock Rovers,2,1,H,3.68,3.09,2.28,3.81,3.1,2.28,3.64,2.94,2.16,,,,,,
IRL,Premier Division,2024,23/02/2024,19:45,St. Patricks,Bohemians,0,1,A,2.42,3.38,3.08,2.49,3.4,3.2,2.34,3.27,2.92,,,,,,
IRL,Premier Division,2024,24/02/2024,19:45,Sligo Rovers,Derry City,0,0,D,4.38,3.51,1.92,4.38,3.51,1.97,4.01,3.35,1.89,,,,,,
IRL,Premier Division,2024,01/03/2024,19:45,Derry City,St. Patricks,2,1,H,1.81,3.47,5.1,1.84,3.6,5.2,1.76,3.37,4.72,,,,,,
IRL,Premier Division,2024,01/03/2024,19:45,Galway,Waterford,2,1,H,1.94,3.38,4.48,2.01,3.4,4.6,1.89,3.23,4.17,,,,,,
IRL,Premier Division,2024,01/03/2024,19:45,Sligo Rovers,Shelbourne,0,1,A,3.24,3.09,2.49,3.24,3.1,2.55,3.1,2.93,2.43,,,,,,
IRL,Premier Division,2024,04/03/2024,19:45,Drogheda,Bohemians,2,1,H,3.13,3.6,2.29,3.25,3.61,2.29,3.05,3.43,2.19,,,,,,
IRL,Premier Division,2024,04/03/2024,19:45,Dundalk,Sligo Rovers,0,5,A,2.26,3.27,3.5,2.26,3.4,3.55,2.17,3.18,3.31,,,,,,
IRL,Premier Division,2024,04/03/2024,19:45,Shamrock Rovers,Derry City,2,2,D,2.17,3.31,3.7,2.21,3.4,3.85,2.1,3.2,3.48,,,,,,
IRL,Premier Division,2024,04/03/2024,19:45,Shelbourne,Galway,1,0,H,2.72,3.1,2.92,2.72,3.1,3.04,2.56,2.96,2.87,,,,,,
IRL,Premier Division,2024,04/03/2024,19:45,Waterford,St. Patricks,3,1,H,3.3,3.33,2.32,3.49,3.33,2.34,3.27,3.17,2.21,,,,,,
IRL,Premier Division,2024,08/03/2024,19:45,Bohemians,Shelbourne,0,2,A,3.09,3.09,2.59,3.1,3.2,2.73,2.81,3.03,2.59,,,,,,
IRL,Premier Division,2024,08/03/2024,19:45,Derry City,Waterford,3,0,H,1.56,4.11,6.6,1.56,4.11,7,1.51,3.92,6.39,,,,,,
IRL,Premier Division,2024,08/03/2024,19:45,Galway,Drogheda,0,0,D,1.62,4.05,5.83,1.63,4.05,6,1.57,3.84,5.61,,,,,,
IRL,Premier Division,2024,08/03/2024,19:45,St. Patricks,Dundalk,1,0,H,1.92,3.5,4.38,1.96,3.56,5.33,1.85,3.42,4.19,,,,,,
IRL,Premier Division,2024,09/03/2024,19:45,Sligo Rovers,Shamrock Rovers,0,0,D,4.44,3.61,1.88,4.65,3.61,1.9,4.24,3.42,1.83,,,,,,
IRL,Premier Division,2024,15/03/2024,19:45,Bohemians,Derry City,2,1,H,3.4,3.34,2.28,3.75,3.34,2.33,3.28,3.23,2.19,,,,,,
IRL,Premier Division,2024,15/03/2024,19:45,Dundalk,Waterford,0,0,D,2.18,3.57,3.4,2.25,3.57,3.4,2.14,3.4,3.21,,,,,,
IRL,Premier Division,2024,15/03/2024,19:45,Galway,Shamrock Rovers,0,1,A,3.29,3.42,2.29,3.5,3.42,2.34,3.2,3.23,2.22,,,,,,
IRL,Premier Division,2024,15/03/2024,19:45,St. Patricks,Shelbourne,1,2,A,2.76,2.98,2.98,2.82,3.11,2.98,2.7,2.92,2.76,,,,,,
IRL,Premier Division,2024,16/03/2024,19:45,Sligo Rovers,Drogheda,3,1,H,1.79,3.63,4.92,1.83,3.63,5,1.75,3.51,4.66,,,,,,
IRL,Premier Division,2024,29/03/2024,19:45,Derry City,Galway,0,1,A,1.91,3.14,5.01,1.96,3.49,5.07,1.84,3.15,4.68,,,,,,
IRL,Premier Division,2024,29/03/2024,19:45,Drogheda,St. Patricks,0,0,D,3.57,3.42,2.14,3.6,3.52,2.16,3.4,3.35,2.06,,,,,,
IRL,Premier Division,2024,29/03/2024,19:45,Shamrock Rovers,Bohemians,3,1,H,1.49,4.3,7.07,1.5,4.43,7.5,1.46,4.16,6.57,,,,,,
IRL,Premier Division,2024,29/03/2024,19:45,Shelbourne,Dundalk,2,1,H,1.8,3.49,4.99,1.83,3.52,5.09,1.76,3.37,4.75,,,,,,
IRL,Premier Division,2024,29/03/2024,19:45,Waterford,Sligo Rovers,0,1,A,2.48,3.09,3.21,2.58,3.15,3.21,2.46,2.99,2.97,,,,,,
IRL,Premier Division,2024,01/04/2024,13:00,Dundalk,Drogheda,0,0,D,2.3,3.43,3.2,2.4,3.5,3.2,2.23,3.34,3.02,,,,,,
IRL,Premier Division,2024,01/04/2024,17:00,Shelbourne,Derry City,0,0,D,3.5,2.85,2.49,3.51,2.96,2.5,3.24,2.85,2.4,,,,,,
IRL,Premier Division,2024,01/04/2024,17:00,St. Patricks,Sligo Rovers,3,0,H,2.38,3.24,3.22,2.38,3.25,3.5,2.27,3.12,3.17,,,,,,
IRL,Premier Division,2024,01/04/2024,17:00,Waterford,Shamrock Rovers,1,2,A,5.78,4.22,1.62,5.78,4.22,1.62,5.39,3.97,1.56,,,,,,
IRL,Premier Division,2024,01/04/2024,19:45,Galway,Bohemians,0,2,A,1.74,3.53,5.39,1.85,3.53,5.5,1.76,3.34,4.78,,,,,,
IRL,Premier Division,2024,05/04/2024,19:45,Bohemians,Waterford,0,1,A,1.93,3.59,4.08,1.96,3.65,4.09,1.89,3.43,3.88,,,,,,
IRL,Premier Division,2024,05/04/2024,19:45,Derry City,Dundalk,4,1,H,1.3,5.14,12.1,1.36,5.25,12.1,1.3,4.68,10.36,,,,,,
IRL,Premier Division,2024,05/04/2024,19:45,Drogheda,Shelbourne,2,2,D,3.71,3.06,2.26,3.74,3.09,2.4,3.46,2.96,2.2,,,,,,
IRL,Premier Division,2024,05/04/2024,19:45,St. Patricks,Shamrock Rovers,2,1,H,4.03,3.68,1.92,4.17,3.68,2.01,3.86,3.44,1.9,,,,,,
IRL,Premier Division,2024,12/04/2024,19:45,Drogheda,Derry City,2,2,D,5.53,3.51,1.74,5.6,3.51,1.85,5.02,3.31,1.74,,,,,,
IRL,Premier Division,2024,12/04/2024,19:45,Dundalk,St. Patricks,0,0,D,3.22,3.24,2.38,3.25,3.28,2.55,3.03,3.11,2.34,,,,,,
IRL,Premier Division,2024,12/04/2024,19:45,Shelbourne,Bohemians,1,2,A,2.14,3.22,3.82,2.17,3.26,4,2.06,3.13,3.67,,,,,,
IRL,Premier Division,2024,12/04/2024,19:45,Waterford,Galway,0,0,D,3.16,3.18,2.45,3.16,3.21,2.49,3,3.08,2.37,,,,,,
IRL,Premier Division,2024,12/04/2024,20:00,Shamrock Rovers,Sligo Rovers,3,0,H,1.39,5.06,7.77,1.41,5.06,8.04,1.36,4.71,7.61,,,,,,
IRL,Premier Division,2024,15/04/2024,19:45,Bohemians,Dundalk,1,0,H,2,3.36,4.1,2.06,3.37,4.1,1.97,3.24,3.82,,,,,,
IRL,Premier Division,2024,19/04/2024,19:45,Bohemians,Drogheda,1,0,H,1.81,3.53,4.39,1.9,3.58,4.59,1.8,3.46,4.24,,,,,,
IRL,Premier Division,2024,19/04/2024,19:45,Derry City,Shamrock Rovers,1,3,A,2.5,3.22,3.05,2.58,3.3,3.05,2.48,3.12,2.82,,,,,,
IRL,Premier Division,2024,19/04/2024,19:45,Galway,Shelbourne,1,0,H,2.56,3,3.18,2.7,3.14,3.18,2.55,2.91,2.92,,,,,,
IRL,Premier Division,2024,19/04/2024,19:45,Sligo Rovers,Dundalk,1,1,D,2.29,3.12,3.55,2.29,3.2,3.57,2.2,3.04,3.37,,,,,,
IRL,Premier Division,2024,19/04/2024,19:45,St. Patricks,Waterford,1,1,D,1.79,3.65,4.75,1.86,3.69,4.9,1.77,3.49,4.35,,,,,,
IRL,Premier Division,2024,22/04/2024,19:45,Derry City,St. Patricks,3,1,H,1.78,3.53,5.08,1.85,3.55,5.5,1.75,3.37,4.71,,,,,,
IRL,Premier Division,2024,22/04/2024,19:45,Shelbourne,Shamrock Rovers,0,0,D,3.66,3.31,2.15,3.76,3.33,2.19,3.57,3.19,2.05,,,,,,
IRL,Premier Division,2024,22/04/2024,19:45,Sligo Rovers,Galway,0,0,D,3.6,3.17,2.24,3.61,3.17,2.4,3.37,3.02,2.2,,,,,,
IRL,Premier Division,2024,26/04/2024,19:45,Drogheda,Sligo Rovers,3,1,H,2.31,3.2,3.41,2.5,3.38,3.41,2.27,3.09,3.09,,,,,,
IRL,Premier Division,2024,26/04/2024,19:45,Dundalk,Bohemians,2,0,H,2.68,3.2,2.83,2.8,3.3,2.83,2.67,3.08,2.6,,,,,,
IRL,Premier Division,2024,26/04/2024,19:45,Shelbourne,St. Patricks,1,0,H,2.3,3.03,3.65,2.45,3.2,3.65,2.3,2.97,3.18,,,,,,
IRL,Premier Division,2024,26/04/2024,19:45,Waterford,Derry City,0,2,A,4.35,3.29,1.97,4.5,3.5,2,4.1,3.21,1.88,,,,,,
IRL,Premier Division,2024,26/04/2024,20:00,Shamrock Rovers,Galway,1,1,D,1.77,3.62,4.98,1.77,3.75,5.5,1.7,3.48,4.71,,,,,,
IRL,Premier Division,2024,29/04/2024,20:00,Shamrock Rovers,Drogheda,4,0,H,1.38,5.09,8.09,1.38,5.1,8.09,1.34,4.89,7.51,,,,,,
IRL,Premier Division,2024,03/05/2024,19:45,Bohemians,Shamrock Rovers,1,1,D,5.09,3.74,1.72,5.09,3.74,1.74,4.64,3.55,1.7,,,,,,
IRL,Premier Division,2024,03/05/2024,19:45,Dundalk,Shelbourne,0,0,D,3.35,3.02,2.45,3.45,3.13,2.49,3.11,2.94,2.37,,,,,,
IRL,Premier Division,2024,03/05/2024,19:45,Galway,Derry City,0,0,D,3.2,3.18,2.43,3.2,3.3,2.51,3.01,3.07,2.34,,,,,,
IRL,Premier Division,2024,03/05/2024,19:45,Sligo Rovers,Waterford,0,1,A,2.26,3.17,3.56,2.28,3.3,3.56,2.2,3.09,3.28,,,,,,
IRL,Premier Division,2024,03/05/2024,19:45,St. Patricks,Drogheda,1,0,H,1.83,3.62,4.56,1.86,3.62,4.56,1.79,3.45,4.23,,,,,,
IRL,Premier Division,2024,06/05/2024,13:00,Drogheda,Dundalk,2,1,H,2.76,3.24,2.72,2.85,3.28,2.72,2.69,3.1,2.58,,,,,,
IRL,Premier Division,2024,06/05/2024,17:00,Bohemians,Galway,0,1,A,2.63,2.95,3.13,2.63,3.2,3.13,2.51,2.94,2.91,,,,,,
IRL,Premier Division,2024,06/05/2024,17:00,Shamrock Rovers,Waterford,1,3,A,1.39,4.86,8.44,1.44,5,9,1.38,4.54,7.43,,,,,,
IRL,Premier Division,2024,06/05/2024,17:00,Sligo Rovers,St. Patricks,1,0,H,3.46,3.16,2.31,3.46,3.25,2.4,3.18,3.08,2.26,,,,,,
IRL,Premier Division,2024,06/05/2024,19:45,Derry City,Shelbourne,1,1,D,1.99,2.97,4.95,1.99,3.15,4.95,1.92,2.94,4.55,,,,,,
IRL,Premier Division,2024,10/05/2024,19:45,Derry City,Bohemians,1,0,H,1.47,4.3,7.52,1.54,4.3,7.52,1.47,4.05,6.76,,,,,,
IRL,Premier Division,2024,10/05/2024,19:45,Galway,Sligo Rovers,0,0,D,1.79,3.35,5.41,1.91,3.35,5.5,1.79,3.2,4.91,,,,,,
IRL,Premier Division,2024,10/05/2024,19:45,Shamrock Rovers,St. Patricks,2,2,D,1.61,3.91,6.02,1.61,4.25,6.24,1.55,3.94,5.68,,,,,,
IRL,Premier Division,2024,10/05/2024,19:45,Shelbourne,Drogheda,1,1,D,1.68,3.64,5.77,1.72,3.68,5.77,1.65,3.55,5.23,,,,,,
IRL,Premier Division,2024,10/05/2024,19:45,Waterford,Dundalk,4,1,H,2.36,3.07,3.45,2.44,3.15,3.45,2.29,3.04,3.23,,,,,,
IRL,Premier Division,2024,17/05/2024,19:45,Drogheda,Galway,2,3,A,3.12,3.37,2.38,3.15,3.45,2.38,2.98,3.26,2.31,,,,,,
IRL,Premier Division,2024,17/05/2024,19:45,Dundalk,Shamrock Rovers,1,0,H,5.5,4.08,1.62,6,4.2,1.69,5.46,4.05,1.55,,,,,,
IRL,Premier Division,2024,17/05/2024,19:45,Shelbourne,Waterford,1,0,H,1.84,3.36,4.97,1.9,3.56,5,1.8,3.34,4.53,,,,,,
IRL,Premier Division,2024,17/05/2024,19:45,Sligo Rovers,Bohemians,0,3,A,2.93,3.18,2.62,2.96,3.45,2.69,2.75,3.17,2.52,,,,,,
IRL,Premier Division,2024,17/05/2024,19:45,St. Patricks,Derry City,0,1,A,2.9,3.22,2.6,3.25,3.45,2.64,2.82,3.13,2.48,,,,,,
IRL,Premier Division,2024,20/05/2024,19:45,St. Patricks,Shelbourne,1,2,A,2.82,2.94,2.92,2.82,3.1,2.92,2.68,2.92,2.77,,,,,,
IRL,Premier Division,2024,20/05/2024,20:00,Shamrock Rovers,Derry City,1,0,H,1.97,3.36,4.26,2.06,3.5,4.4,1.91,3.28,4.04,,,,,,
IRL,Premier Division,2024,23/05/2024,19:45,Waterford,Drogheda,4,2,H,2.28,3.46,3.2,2.35,3.46,3.4,2.16,3.3,3.2,,,,,,
IRL,Premier Division,2024,24/05/2024,19:45,Bohemians,St. Patricks,2,2,D,2.91,3.24,2.59,2.96,3.29,2.7,2.67,3.15,2.59,,,,,,
IRL,Premier Division,2024,24/05/2024,19:45,Derry City,Sligo Rovers,2,2,D,1.33,5.18,10.25,1.33,5.53,10.25,1.29,5,9.42,,,,,,
IRL,Premier Division,2024,24/05/2024,19:45,Galway,Dundalk,2,0,H,2.03,3.16,4.3,2.07,3.2,4.33,1.97,3.06,4.1,,,,,,
IRL,Premier Division,2024,24/05/2024,20:00,Shamrock Rovers,Shelbourne,0,2,A,1.72,3.58,5.47,1.76,3.75,5.47,1.7,3.5,4.87,,,,,,
IRL,Premier Division,2024,31/05/2024,19:45,Drogheda,Shamrock Rovers,0,2,A,5.06,4.12,1.66,5.5,4.3,1.66,4.95,3.97,1.6,,,,,,
IRL,Premier Division,2024,31/05/2024,19:45,Dundalk,Derry City,0,0,D,4.74,3.48,1.84,4.8,3.49,1.93,4.28,3.3,1.84,,,,,,
IRL,Premier Division,2024,31/05/2024,19:45,Shelbourne,Sligo Rovers,1,2,A,1.51,4.04,7.51,1.53,4.2,7.8,1.49,3.85,6.72,,,,,,
IRL,Premier Division,2024,31/05/2024,19:45,St. Patricks,Galway,2,1,H,2.6,3.13,2.99,2.6,3.2,2.99,2.48,3.06,2.86,,,,,,
IRL,Premier Division,2024,31/05/2024,19:45,Waterford,Bohemians,2,1,H,2.77,3.25,2.7,2.8,3.29,2.8,2.62,3.16,2.63,,,,,,
IRL,Premier Division,2024,03/06/2024,17:00,Sligo Rovers,Drogheda,2,1,H,2.34,3.32,3.22,2.34,3.55,3.81,2.1,3.22,3.44,,,,,,
IRL,Premier Division,2024,03/06/2024,17:15,St. Patricks,Dundalk,2,3,A,1.91,3.44,4.41,2,3.46,4.41,1.89,3.31,4.08,,,,,,
IRL,Premier Division,2024,03/06/2024,18:00,Derry City,Waterford,3,0,H,1.49,4.28,7.19,1.53,4.6,7.2,1.48,4.11,6.28,,,,,,
IRL,Premier Division,2024,07/06/2024,19:45,Derry City,Galway,2,0,H,1.9,3.35,4.52,1.96,3.4,4.54,1.87,3.25,4.23,,,,,,
IRL,Premier Division,2024,07/06/2024,19:45,Drogheda,St. Patricks,0,0,D,3.75,3.62,1.99,3.8,3.64,2.15,3.56,3.44,1.97,,,,,,
IRL,Premier Division,2024,07/06/2024,19:45,Shelbourne,Dundalk,1,0,H,1.83,3.3,5.06,1.86,3.4,5.13,1.78,3.27,4.73,,,,,,
IRL,Premier Division,2024,07/06/2024,19:45,Waterford,Sligo Rovers,4,1,H,1.93,3.46,4.19,1.96,3.5,4.3,1.91,3.34,3.92,,,,,,
IRL,Premier Division,2024,13/06/2024,19:45,Bohemians,Derry City,1,2,A,4.16,3.34,2,4.16,3.4,2.04,3.84,3.25,1.96,,,,,,
IRL,Premier Division,2024,13/06/2024,19:45,Dundalk,Sligo Rovers,1,0,H,1.8,3.67,4.7,1.91,3.67,4.7,1.82,3.43,4.24,,,,,,
IRL,Premier Division,2024,13/06/2024,19:45,Galway,Drogheda,3,0,H,1.61,3.98,5.82,1.65,4.05,5.82,1.6,3.79,5.27,,,,,,
IRL,Premier Division,2024,13/06/2024,19:45,St. Patricks,Shamrock Rovers,2,1,H,4.34,4.04,1.78,4.5,4.04,1.78,4.3,3.82,1.72,,,,,,
IRL,Premier Division,2024,13/06/2024,19:45,Waterford,Shelbourne,0,1,A,3.21,3.14,2.45,3.21,3.16,2.47,3.05,3.07,2.36,,,,,,
IRL,Premier Division,2024,28/06/2024,19:45,Derry City,Drogheda,5,1,H,1.27,5.78,11.77,1.3,5.8,12,1.26,5.39,10.37,,,,,,
IRL,Premier Division,2024,28/06/2024,19:45,Dundalk,Waterford,0,2,A,2.5,3.29,2.99,2.55,3.3,3.1,2.43,3.15,2.88,,,,,,
IRL,Premier Division,2024,28/06/2024,19:45,Shelbourne,Galway,2,0,H,2.4,2.94,3.55,2.4,2.98,3.63,2.31,2.88,3.4,,,,,,
IRL,Premier Division,2024,28/06/2024,19:45,Sligo Rovers,Shamrock Rovers,2,0,H,5.51,4.28,1.58,5.69,4.33,1.68,5.07,4.11,1.57,,,,,,
IRL,Premier Division,2024,28/06/2024,19:45,St. Patricks,Bohemians,0,0,D,2.2,3.41,3.43,2.49,3.55,3.43,2.17,3.33,3.19,,,,,,
IRL,Premier Division,2024,04/07/2024,19:45,Drogheda,Shelbourne,1,1,D,4.78,3.45,1.84,4.99,3.53,1.84,4.58,3.38,1.77,,,,,,
IRL,Premier Division,2024,04/07/2024,19:45,Galway,Bohemians,1,1,D,2.27,3.28,3.39,2.3,3.3,3.55,2.16,3.15,3.34,,,,,,
IRL,Premier Division,2024,04/07/2024,19:45,Sligo Rovers,Derry City,2,1,H,5.55,3.74,1.68,5.65,3.81,1.68,5.2,3.63,1.64,,,,,,
IRL,Premier Division,2024,04/07/2024,19:45,Waterford,St. Patricks,1,0,H,2.66,3.6,2.6,2.8,3.62,2.6,2.64,3.41,2.47,,,,,,
IRL,Premier Division,2024,04/07/2024,20:00,Shamrock Rovers,Dundalk,1,0,H,1.36,5.18,8.73,1.37,5.2,9,1.34,4.83,8.09,,,,,,
IRL,Premier Division,2024,12/07/2024,19:45,Bohemians,Sligo Rovers,0,2,A,1.78,3.91,4.44,1.82,3.91,4.5,1.75,3.75,4.23,1.83,3.95,4.9,,,
IRL,Premier Division,2024,12/07/2024,19:45,Dundalk,Drogheda,4,2,H,2.21,3.43,3.39,2.28,3.43,3.45,2.19,3.27,3.22,2.32,3.5,3.45,,,
IRL,Premier Division,2024,12/07/2024,19:45,Galway,Waterford,1,0,H,1.95,3.58,4.03,1.96,3.58,4.2,1.89,3.44,3.92,1.96,3.7,4.5,,,
IRL,Premier Division,2024,26/07/2024,19:45,Bohemians,Dundalk,1,1,D,1.83,3.84,4.27,1.95,3.84,4.27,1.83,3.57,4.01,1.9,3.8,4.6,,,
IRL,Premier Division,2024,26/07/2024,19:45,Drogheda,Waterford,2,0,H,2.53,3.62,2.72,2.53,3.62,2.8,2.43,3.45,2.65,2.62,3.8,2.78,,,
IRL,Premier Division,2024,27/07/2024,19:45,Sligo Rovers,Galway,2,0,H,3.43,3.4,2.2,3.5,3.4,2.31,3.13,3.24,2.24,3.35,3.45,2.38,,,
IRL,Premier Division,2024,02/08/2024,19:45,Drogheda,Bohemians,2,2,D,3.17,3.66,2.22,3.25,3.68,2.28,3.04,3.47,2.18,3.3,3.7,2.32,,,
IRL,Premier Division,2024,02/08/2024,19:45,Dundalk,Galway,0,2,A,3.4,3.14,2.35,3.4,3.35,2.4,3.19,3.1,2.28,3.45,3.25,2.42,,,
IRL,Premier Division,2024,02/08/2024,19:45,Waterford,Shamrock Rovers,1,2,A,3.83,3.8,1.93,4,3.81,1.93,3.77,3.65,1.87,4.3,3.85,1.95,,,
IRL,Premier Division,2024,04/08/2024,18:00,St. Patricks,Sligo Rovers,3,2,H,1.84,3.64,4.46,1.88,3.75,4.47,1.81,3.56,4.13,1.89,3.8,4.7,,,
IRL,Premier Division,2024,05/08/2024,19:45,Shelbourne,Derry City,0,0,D,3.93,3.07,2.18,3.93,3.15,2.23,3.67,2.99,2.14,3.95,3.1,2.3,,,
IRL,Premier Division,2024,09/08/2024,19:45,Bohemians,Waterford,2,3,A,1.85,3.84,4.14,1.88,3.84,4.2,1.82,3.64,3.96,1.89,3.95,4.5,,,
IRL,Premier Division,2024,09/08/2024,19:45,Derry City,Dundalk,1,1,D,1.28,5.66,11.85,1.29,5.66,12,1.26,5.27,10.66,1.29,6.2,14.5,,,
IRL,Premier Division,2024,10/08/2024,19:45,Sligo Rovers,Shelbourne,2,1,H,3.55,3.06,2.32,3.55,3.15,2.37,3.31,2.97,2.29,3.6,3.1,2.44,,,
IRL,Premier Division,2024,11/08/2024,15:00,Galway,St. Patricks,1,1,D,1.72,3.64,5.35,2.12,3.81,5.35,1.75,3.52,4.55,1.83,3.75,5.2,,,
IRL,Premier Division,2024,11/08/2024,19:00,Shamrock Rovers,Drogheda,1,1,D,1.36,5.54,7.62,1.43,5.7,9,1.31,5.33,8.1,1.35,5.9,10.5,,,
IRL,Premier Division,2024,23/08/2024,19:45,Drogheda,Sligo Rovers,7,0,H,2.3,3.37,3.26,2.35,3.37,3.26,2.25,3.25,3.08,2.36,3.45,3.35,,,
IRL,Premier Division,2024,23/08/2024,19:45,Shelbourne,Bohemians,1,1,D,2.15,3.32,3.67,2.17,3.32,3.67,2.12,3.12,3.5,2.2,3.3,3.95,,,
IRL,Premier Division,2024,23/08/2024,19:45,Waterford,Derry City,0,1,A,4.9,3.73,1.75,4.9,3.73,1.78,4.55,3.56,1.73,5.3,3.8,1.79,,,
IRL,Premier Division,2024,25/08/2024,19:00,Shamrock Rovers,Galway,1,1,D,1.85,3.47,4.7,2,3.47,4.7,1.88,3.31,4.1,1.97,3.5,4.7,,,
IRL,Premier Division,2024,30/08/2024,19:45,Dundalk,Shelbourne,0,1,A,4.62,3.2,1.95,4.62,3.2,2.15,4.12,3.01,2,4.6,3.2,2.08,,,
IRL,Premier Division,2024,30/08/2024,19:45,Galway,Derry City,1,0,H,3.28,3.03,2.48,3.28,3.03,2.48,3.14,2.93,2.39,3.4,3.05,2.58,,,
IRL,Premier Division,2024,31/08/2024,19:45,Sligo Rovers,Waterford,2,0,H,2.83,3.36,2.58,2.83,3.37,2.58,2.71,3.25,2.49,2.92,3.45,2.66,,,
IRL,Premier Division,2024,01/09/2024,11:30,Bohemians,Shamrock Rovers,2,1,H,3.58,3.44,2.13,3.58,3.5,2.17,3.32,3.37,2.09,3.7,3.55,2.18,,,
IRL,Premier Division,2024,01/09/2024,18:00,St. Patricks,Drogheda,4,1,H,1.82,3.73,4.48,1.84,3.73,4.48,1.78,3.58,4.2,1.85,3.9,4.7,,,
IRL,Premier Division,2024,05/09/2024,19:45,Dundalk,St. Patricks,1,2,A,3.97,3.43,2.01,3.97,3.45,2.05,3.76,3.32,1.97,4.2,3.65,2.02,,,
IRL,Premier Division,2024,06/09/2024,19:45,Bohemians,Shelbourne,1,1,D,2.55,3.05,3.14,2.56,3.25,3.14,2.45,3.03,2.98,2.58,3.15,3.25,,,
IRL,Premier Division,2024,13/09/2024,19:45,Shamrock Rovers,Sligo Rovers,4,0,H,1.3,5.7,10.07,1.32,5.71,10.09,1.28,5.31,9.19,1.31,6.4,11.5,,,
IRL,Premier Division,2024,13/09/2024,19:45,Waterford,Dundalk,2,1,H,1.97,3.58,3.9,2.02,3.63,4.02,1.92,3.46,3.77,2.02,3.7,4.1,,,
IRL,Premier Division,2024,16/09/2024,19:45,Galway,Shamrock Rovers,1,2,A,3.12,3.15,2.5,3.12,3.17,2.56,2.95,3.07,2.42,3.2,3.2,2.62,,,
IRL,Premier Division,2024,20/09/2024,19:45,Bohemians,Drogheda,0,1,A,1.85,3.79,4.21,1.87,3.79,4.21,1.83,3.63,3.96,1.88,3.95,4.4,,,
IRL,Premier Division,2024,20/09/2024,19:45,Derry City,Shamrock Rovers,1,1,D,2.31,3.27,3.32,2.4,3.37,3.4,2.26,3.2,3.13,2.46,3.3,3.35,,,
IRL,Premier Division,2024,20/09/2024,19:45,Galway,Shelbourne,1,0,H,2.18,3.07,3.92,2.25,3.24,3.92,2.13,2.99,3.68,2.26,3.1,4.1,,,
IRL,Premier Division,2024,20/09/2024,19:45,St. Patricks,Waterford,3,0,H,1.59,4.18,5.72,1.62,4.2,5.72,1.57,4.03,5.22,1.65,4.2,6,,,
IRL,Premier Division,2024,21/09/2024,19:45,Sligo Rovers,Dundalk,2,1,H,2.14,3.57,3.43,2.2,3.65,3.64,2.08,3.48,3.29,2.2,3.55,3.55,,,
IRL,Premier Division,2024,23/09/2024,19:45,Drogheda,Galway,0,0,D,3.25,3.52,2.24,3.3,3.58,2.38,2.99,3.36,2.26,3.3,3.55,2.38,,,
IRL,Premier Division,2024,23/09/2024,19:45,Shamrock Rovers,Bohemians,1,0,H,1.49,4.3,7.09,1.6,4.45,7.09,1.5,4.07,6.17,1.58,4.5,6.6,,,
IRL,Premier Division,2024,27/09/2024,19:45,Drogheda,Derry City,2,1,H,3.96,3.45,2.01,4.33,3.6,2.07,3.75,3.35,1.96,4.1,3.55,2.08,,,
IRL,Premier Division,2024,27/09/2024,19:45,Dundalk,Bohemians,0,2,A,3.22,3.49,2.26,3.22,3.76,2.29,3.04,3.46,2.18,3.35,3.6,2.3,,,
IRL,Premier Division,2024,27/09/2024,19:45,Shelbourne,Sligo Rovers,0,0,D,1.72,3.72,5.15,1.77,3.72,5.5,1.68,3.62,4.86,1.76,3.85,5.5,,,
IRL,Premier Division,2024,27/09/2024,19:45,Waterford,Galway,1,2,A,3.57,3.19,2.24,3.57,3.25,2.25,3.35,3.13,2.19,3.6,3.3,2.32,,,
IRL,Premier Division,2024,27/09/2024,20:00,Shamrock Rovers,St. Patricks,0,3,A,1.65,4.03,5.35,1.67,4.14,5.35,1.63,3.87,4.91,1.7,4.1,5.8,,,
IRL,Premier Division,2024,30/09/2024,19:15,Shelbourne,St. Patricks,2,3,A,3.1,3.09,2.55,3.1,3.25,2.63,2.88,3.06,2.49,3.15,3.2,2.64,,,
IRL,Premier Division,2024,04/10/2024,19:45,Galway,Dundalk,1,1,D,1.34,5.06,9.91,1.35,5.06,10,1.33,4.72,9.02,1.37,5.3,10.5,,,
IRL,Premier Division,2024,06/10/2024,17:45,Shamrock Rovers,Shelbourne,2,0,H,1.52,3.94,7.6,1.55,4.33,7.6,1.49,3.95,6.54,1.54,4.4,7.6,,,
IRL,Premier Division,2024,11/10/2024,19:45,Derry City,Bohemians,1,1,D,1.66,3.89,5.49,1.69,3.92,5.6,1.62,3.75,5.19,1.69,4,5.9,,,
IRL,Premier Division,2024,11/10/2024,19:45,Waterford,Drogheda,0,0,D,2.62,3.46,2.71,2.62,3.47,2.71,2.51,3.32,2.65,2.62,3.6,2.86,,,
IRL,Premier Division,2024,14/10/2024,19:15,Derry City,Sligo Rovers,1,1,D,1.36,5.22,8.54,1.39,5.25,9.01,1.33,4.91,8.08,1.37,5.8,10,,,
IRL,Premier Division,2024,14/10/2024,19:45,Bohemians,St. Patricks,1,3,A,2.87,3.56,2.44,2.87,3.57,2.5,2.74,3.41,2.39,2.98,3.55,2.56,,,
IRL,Premier Division,2024,18/10/2024,19:45,Drogheda,Shamrock Rovers,0,1,A,4.58,4.05,1.74,4.75,4.05,1.74,4.5,3.83,1.68,5.1,4.1,1.75,,,
IRL,Premier Division,2024,18/10/2024,19:45,Dundalk,Derry City,0,2,A,5.02,4.15,1.66,5.02,4.15,1.69,4.83,3.83,1.64,5.3,4.2,1.72,,,
IRL,Premier Division,2024,18/10/2024,19:45,Shelbourne,Waterford,3,1,H,1.69,3.79,5.31,1.72,3.79,5.5,1.66,3.6,5.04,1.72,3.9,6,,,
IRL,Premier Division,2024,18/10/2024,19:45,St. Patricks,Galway,2,1,H,2.02,3.44,3.92,2.09,3.48,3.92,1.97,3.36,3.7,2.1,3.6,3.95,,,
IRL,Premier Division,2024,19/10/2024,19:45,Sligo Rovers,Bohemians,0,2,A,2.86,3.42,2.53,2.86,3.51,2.54,2.72,3.36,2.43,2.92,3.65,2.58,,,
IRL,Premier Division,2024,25/10/2024,19:45,Galway,Sligo Rovers,2,2,D,1.55,4.04,6.68,1.58,4.05,6.68,1.53,3.92,6.04,1.6,4.3,6.8,,,
IRL,Premier Division,2024,25/10/2024,19:45,Shelbourne,Drogheda,2,1,H,1.47,4.28,7.56,1.5,4.51,7.6,1.45,4.17,6.91,1.49,4.6,8.4,,,
IRL,Premier Division,2024,25/10/2024,19:45,St. Patricks,Derry City,1,0,H,2.35,3.31,3.22,2.41,3.31,3.22,2.33,3.2,3,2.46,3.45,3.2,,,
IRL,Premier Division,2024,25/10/2024,19:45,Waterford,Bohemians,1,1,D,2.79,3.35,2.62,2.79,3.35,2.63,2.7,3.24,2.51,2.86,3.5,2.68,,,
IRL,Premier Division,2024,27/10/2024,17:45,Dundalk,Shamrock Rovers,0,1,A,11.53,6.12,1.25,14,6.26,1.29,10.87,5.81,1.23,13.5,6.6,1.28,,,
IRL,Premier Division,2024,01/11/2024,19:45,Bohemians,Galway,1,1,D,2.38,3.33,3.14,2.8,3.33,3.26,2.33,3.18,3.01,2.5,3.4,3.2,,,
IRL,Premier Division,2024,01/11/2024,19:45,Derry City,Shelbourne,0,1,A,2.21,3.25,3.58,2.25,3.25,3.75,2.15,3.09,3.46,2.32,3.35,3.55,,,
IRL,Premier Division,2024,01/11/2024,19:45,Drogheda,Dundalk,0,0,D,1.88,3.78,4.07,2.04,3.82,4.07,1.87,3.64,3.79,1.96,3.85,4.2,,,
IRL,Premier Division,2024,01/11/2024,19:45,Shamrock Rovers,Waterford,2,1,H,1.18,7.2,15.9,1.21,7.2,15.9,1.18,6.62,13.19,1.2,8.2,19,,,
IRL,Premier Division,2024,01/11/2024,19:45,Sligo Rovers,St. Patricks,0,2,A,5.26,4.42,1.6,5.3,4.43,1.61,4.99,4.24,1.56,5.5,4.6,1.64,,,
IRL,Premier Division,2024,16/11/2024,14:00,Bray,Drogheda,1,3,A,5.23,3.78,1.67,5.77,3.86,1.67,5.07,3.71,1.64,5.9,3.95,1.7,,,
IRL,Premier Division,2025,14/02/2025,19:45,Cork City,Galway,2,2,D,3.95,3.16,2.13,3.95,3.25,2.13,3.67,3.09,2.08,4.3,3.25,2.16,,,
IRL,Premier Division,2025,14/02/2025,19:45,Shelbourne,Derry City,3,1,H,2.94,2.91,2.82,3,2.97,2.82,2.86,2.83,2.67,3.15,2.94,2.84,,,
IRL,Premier Division,2025,14/02/2025,19:45,St. Patricks,Drogheda,0,0,D,1.54,4.09,6.58,1.54,4.58,7.5,1.48,4.12,6.28,1.55,4.4,7.6,,,
IRL,Premier Division,2025,15/02/2025,19:45,Sligo Rovers,Waterford,2,3,A,2.53,3.31,2.93,2.53,3.35,3,2.42,3.22,2.85,2.66,3.4,2.98,,,
IRL,Premier Division,2025,16/02/2025,14:00,Bohemians,Shamrock Rovers,1,0,H,3.36,3.44,2.22,3.41,3.44,2.32,3.16,3.25,2.21,3.35,3.65,2.28,,,
IRL,Premier Division,2025,21/02/2025,19:45,Derry City,Bohemians,1,0,H,2.03,3.31,4.09,2.09,3.45,4.2,1.96,3.29,3.83,2.06,3.4,4.4,,,
IRL,Premier Division,2025,21/02/2025,19:45,Drogheda,Sligo Rovers,3,0,H,2.41,3.12,3.31,2.49,3.2,3.32,2.34,3.06,3.1,2.42,3.35,3.4,,,
IRL,Premier Division,2025,21/02/2025,19:45,Galway,St. Patricks,2,1,H,2.75,3.1,2.84,2.95,3.34,2.84,2.66,3.05,2.69,2.86,3.15,2.94,,,
IRL,Premier Division,2025,21/02/2025,19:45,Waterford,Shelbourne,0,1,A,3.93,3.24,2.1,4.2,3.25,2.13,3.8,3.08,2.05,4,3.25,2.18,,,
IRL,Premier Division,2025,28/02/2025,19:45,Cork City,Bohemians,2,1,H,2.98,3.36,2.47,2.98,3.5,2.58,2.86,3.19,2.44,3.05,3.35,2.56,,,
IRL,Premier Division,2025,28/02/2025,19:45,Derry City,Waterford,1,2,A,1.48,4.21,7.68,1.5,4.21,7.68,1.46,4.05,6.96,1.5,4.4,8.4,,,
IRL,Premier Division,2025,28/02/2025,19:45,Drogheda,Galway,1,1,D,3.63,3.07,2.28,3.75,3.07,2.45,3.44,2.92,2.28,3.8,3.2,2.32,,,
IRL,Premier Division,2025,28/02/2025,19:45,Shelbourne,Shamrock Rovers,1,1,D,2.95,2.89,2.83,2.95,3,2.87,2.83,2.82,2.72,3.15,2.9,2.88,,,
IRL,Premier Division,2025,28/02/2025,19:45,St. Patricks,Sligo Rovers,4,3,H,1.41,4.83,7.69,1.44,5.05,7.69,1.41,4.57,6.87,1.44,5.1,8.6,,,
IRL,Premier Division,2025,03/03/2025,19:45,Bohemians,Drogheda,0,1,A,1.79,3.41,5.28,1.81,3.58,5.28,1.77,3.33,4.8,1.83,3.6,5.6,,,
IRL,Premier Division,2025,03/03/2025,19:45,Galway,Shelbourne,1,1,D,2.31,2.97,3.71,2.45,2.97,3.71,2.31,2.83,3.48,2.46,2.96,3.8,,,
IRL,Premier Division,2025,03/03/2025,19:45,Sligo Rovers,Shamrock Rovers,2,1,H,4.52,3.88,1.78,4.6,4.2,1.78,4.34,3.75,1.74,5,3.95,1.8,,,
IRL,Premier Division,2025,03/03/2025,19:45,St. Patricks,Derry City,2,0,H,2.23,3.34,3.42,2.27,3.5,3.42,2.18,3.24,3.27,2.34,3.4,3.5,,,
IRL,Premier Division,2025,03/03/2025,19:45,Waterford,Cork City,2,1,H,2.29,3.28,3.37,2.29,3.3,3.4,2.22,3.17,3.25,2.3,3.4,3.55,,,
IRL,Premier Division,2025,07/03/2025,19:45,Cork City,Sligo Rovers,1,1,D,2.44,3.56,2.87,2.6,3.56,2.87,2.44,3.41,2.72,2.56,3.6,2.98,,,
IRL,Premier Division,2025,07/03/2025,19:45,Derry City,Galway,1,1,D,1.88,3.37,4.75,1.97,3.37,4.75,1.9,3.18,4.34,1.93,3.35,5.2,,,
IRL,Premier Division,2025,07/03/2025,19:45,Shamrock Rovers,St. Patricks,1,0,H,2.39,3.24,3.21,2.39,3.27,3.3,2.28,3.14,3.17,2.42,3.3,3.4,,,
IRL,Premier Division,2025,07/03/2025,19:45,Shelbourne,Drogheda,0,1,A,1.75,3.54,5.32,1.78,3.54,5.5,1.74,3.39,4.98,1.79,3.6,5.9,,,
IRL,Premier Division,2025,07/03/2025,19:45,Waterford,Bohemians,0,3,A,3.26,3.32,2.32,3.26,3.37,2.36,3.05,3.24,2.3,3.3,3.45,2.4,,,
IRL,Premier Division,2025,14/03/2025,19:45,Drogheda,Shamrock Rovers,1,2,A,4.56,3.37,1.9,4.6,3.37,2,4.23,3.22,1.9,4.6,3.45,2,,,
IRL,Premier Division,2025,14/03/2025,19:45,Galway,Waterford,1,0,H,1.95,3.33,4.4,1.95,3.36,4.4,1.89,3.25,4.23,1.99,3.4,4.8,,,
IRL,Premier Division,2025,14/03/2025,19:45,Shelbourne,Cork City,1,1,D,1.64,3.72,6.09,1.67,3.77,6.5,1.62,3.59,5.66,1.67,3.7,7,,,
IRL,Premier Division,2025,14/03/2025,19:45,St. Patricks,Bohemians,3,0,H,1.78,3.64,4.92,1.8,3.64,5,1.74,3.49,4.71,1.79,3.75,5.4,,,
IRL,Premier Division,2025,15/03/2025,19:45,Sligo Rovers,Derry City,0,1,A,4.38,3.62,1.86,4.5,3.7,1.9,4.22,3.47,1.83,4.7,3.65,1.92,,,
IRL,Premier Division,2025,28/03/2025,19:45,Bohemians,Galway,0,2,A,2.25,3.16,3.6,2.3,3.17,3.6,2.22,3.08,3.35,2.3,3.25,3.75,,,
IRL,Premier Division,2025,28/03/2025,19:45,Cork City,Drogheda,1,1,D,2.65,3.24,2.83,2.65,3.24,2.83,2.6,3.1,2.76,2.76,3.3,2.92,,,
IRL,Premier Division,2025,28/03/2025,19:45,Sligo Rovers,Shelbourne,1,2,A,3.8,3.21,2.15,3.8,3.24,2.16,3.64,3.17,2.08,3.95,3.35,2.2,,,
IRL,Premier Division,2025,28/03/2025,19:45,Waterford,St. Patricks,1,2,A,4.82,3.67,1.78,4.82,3.74,1.83,4.4,3.57,1.77,4.9,3.95,1.84,,,
IRL,Premier Division,2025,28/03/2025,20:00,Shamrock Rovers,Derry City,0,0,D,2.12,3.01,4.24,2.13,3.2,4.24,2.05,3,4.01,2.16,3.15,4.3,,,
IRL,Premier Division,2025,04/04/2025,19:45,Bohemians,Sligo Rovers,4,2,H,1.44,4.54,7.62,1.45,4.54,7.62,1.43,4.38,7.1,1.46,4.9,8.4,,,
IRL,Premier Division,2025,04/04/2025,19:45,Derry City,Cork City,2,1,H,1.47,4.32,7.54,1.48,4.5,7.6,1.44,4.17,7.37,1.49,4.5,8.8,,,
IRL,Premier Division,2025,04/04/2025,19:45,Drogheda,Waterford,2,0,H,2.03,3.31,4.09,2.05,3.31,4.09,2,3.24,3.9,2.1,3.35,4.2,,,
IRL,Premier Division,2025,04/04/2025,19:45,Galway,Shamrock Rovers,0,1,A,3.44,3.01,2.41,3.55,3.1,2.41,3.32,2.99,2.32,3.55,3.05,2.46,,,
IRL,Premier Division,2025,04/04/2025,19:45,St. Patricks,Shelbourne,0,0,D,1.81,3.42,5.11,1.87,3.47,5.11,1.8,3.35,4.69,1.85,3.5,5.7,,,
IRL,Premier Division,2025,11/04/2025,19:45,Cork City,St. Patricks,0,2,A,6.67,4.19,1.53,7.17,4.2,1.55,6.45,3.88,1.51,7.2,4.2,1.57,,,
IRL,Premier Division,2025,11/04/2025,19:45,Derry City,Drogheda,1,3,A,1.74,3.43,5.71,1.74,3.55,5.71,1.69,3.36,5.33,1.78,3.55,6,,,
IRL,Premier Division,2025,11/04/2025,19:45,Shelbourne,Bohemians,1,0,H,2.39,3.15,3.31,2.39,3.2,3.31,2.3,3.11,3.13,2.48,3.2,3.4,,,
IRL,Premier Division,2025,11/04/2025,20:00,Shamrock Rovers,Waterford,2,0,H,1.42,4.35,9.14,1.44,4.7,9.5,1.39,4.2,8.53,1.44,4.6,10.5,,,
IRL,Premier Division,2025,12/04/2025,19:45,Sligo Rovers,Galway,1,2,A,3.56,3.43,2.14,3.56,3.43,2.21,3.36,3.28,2.12,3.75,3.5,2.2,,,
IRL,Premier Division,2025,14/04/2025,20:00,Shamrock Rovers,Cork City,4,1,H,1.36,4.73,10.15,1.36,4.75,10.5,1.33,4.52,9.45,1.39,4.8,12,,,
IRL,Premier Division,2025,18/04/2025,19:45,Bohemians,Cork City,1,0,H,1.5,4.26,7.03,1.54,4.26,7.03,1.49,4.02,6.41,1.55,4.3,7.2,,,
IRL,Premier Division,2025,18/04/2025,19:45,Drogheda,Shelbourne,2,2,D,2.92,2.99,2.77,2.92,3.14,2.77,2.77,2.96,2.65,3,3,2.86,,,
IRL,Premier Division,2025,18/04/2025,19:45,Galway,Derry City,2,3,A,2.77,2.91,2.99,2.77,2.95,2.99,2.63,2.85,2.89,2.82,2.96,3.2,,,
IRL,Premier Division,2025,18/04/2025,19:45,St. Patricks,Shamrock Rovers,2,2,D,2.87,3.08,2.74,2.87,3.18,2.74,2.74,3.03,2.61,2.94,3.1,2.9,,,
IRL,Premier Division,2025,18/04/2025,19:45,Waterford,Sligo Rovers,0,4,A,1.93,3.69,3.96,2.06,3.69,3.96,1.91,3.53,3.72,1.99,3.9,4,,,
IRL,Premier Division,2025,21/04/2025,14:00,Shamrock Rovers,Bohemians,2,3,A,1.68,3.66,5.67,1.71,3.75,5.67,1.65,3.56,5.22,1.74,3.75,6,,,
IRL,Premier Division,2025,21/04/2025,17:00,Cork City,Waterford,2,1,H,2.2,3.29,3.57,2.2,3.33,3.57,2.14,3.27,3.29,2.26,3.45,3.65,,,
IRL,Premier Division,2025,21/04/2025,17:00,Drogheda,St. Patricks,0,0,D,3.39,3.27,2.28,3.45,3.27,2.28,3.25,3.16,2.2,3.55,3.4,2.32,,,
IRL,Premier Division,2025,21/04/2025,17:00,Shelbourne,Galway,2,2,D,2.33,3.12,3.45,2.33,3.12,3.5,2.26,3.04,3.28,2.36,3.1,3.7,,,
IRL,Premier Division,2025,22/04/2025,19:45,Derry City,Sligo Rovers,3,0,H,1.47,4.37,7.52,1.51,4.37,7.67,1.45,4.05,7.1,1.5,4.6,7.8,,,
IRL,Premier Division,2025,25/04/2025,19:45,Bohemians,St. Patricks,2,1,H,3.17,3.23,2.42,3.17,3.35,2.42,2.96,3.18,2.36,3.3,3.3,2.5,,,
IRL,Premier Division,2025,25/04/2025,19:45,Galway,Drogheda,2,1,H,2.17,3.16,3.8,2.2,3.16,3.8,2.15,3.09,3.48,2.22,3.2,4,,,
IRL,Premier Division,2025,25/04/2025,19:45,Shamrock Rovers,Shelbourne,2,2,D,1.87,3.25,5.02,1.92,3.25,5.02,1.87,3.16,4.44,1.94,3.3,5.3,,,
IRL,Premier Division,2025,25/04/2025,19:45,Waterford,Derry City,2,1,H,4.66,3.48,1.85,4.66,3.6,1.9,4.35,3.36,1.82,5,3.5,1.92,,,
IRL,Premier Division,2025,26/04/2025,19:45,Sligo Rovers,Cork City,1,1,D,2.21,3.61,3.22,2.25,3.61,3.22,2.16,3.43,3.11,2.3,3.7,3.3,,,
IRL,Premier Division,2025,02/05/2025,19:45,Bohemians,Waterford,1,2,A,1.54,4.28,6.19,1.55,4.28,6.54,1.51,4.03,6,1.59,4.4,6.8,,,
IRL,Premier Division,2025,02/05/2025,19:45,Cork City,Shamrock Rovers,1,1,D,4.69,3.69,1.79,4.75,3.69,1.83,4.45,3.49,1.78,4.9,3.7,1.87,,,
IRL,Premier Division,2025,02/05/2025,19:45,Derry City,Shelbourne,2,0,H,2.33,3.01,3.59,2.33,3.2,3.6,2.21,3,3.49,2.34,3.1,3.85,,,
IRL,Premier Division,2025,02/05/2025,19:45,Sligo Rovers,Drogheda,2,2,D,2.63,3.26,2.84,2.65,3.26,2.84,2.58,3.15,2.7,2.78,3.25,2.92,,,
IRL,Premier Division,2025,02/05/2025,19:45,St. Patricks,Galway,2,0,H,1.91,3.52,4.31,1.92,3.6,4.31,1.88,3.4,4.05,1.95,3.55,4.7,,,
IRL,Premier Division,2025,05/05/2025,17:00,Drogheda,Cork City,3,2,H,1.9,3.57,4.26,1.93,3.57,4.5,1.85,3.44,4.14,1.98,3.55,4.5,,,
IRL,Premier Division,2025,05/05/2025,17:00,Galway,Bohemians,1,2,A,2.86,3.32,2.58,2.86,3.32,2.7,2.72,3.17,2.55,2.92,3.35,2.76,,,
IRL,Premier Division,2025,05/05/2025,17:00,Shelbourne,Waterford,0,1,A,1.47,4.24,7.87,1.5,4.24,7.87,1.46,4.03,7.18,1.52,4.4,8.2,,,
IRL,Premier Division,2025,05/05/2025,19:00,Shamrock Rovers,Sligo Rovers,2,0,H,1.31,5.45,10.06,1.38,5.45,10.06,1.3,5.09,9.23,1.34,5.7,12,,,
IRL,Premier Division,2025,05/05/2025,19:45,Derry City,St. Patricks,1,0,H,2.04,3.23,4.15,2.35,3.23,4.2,2.07,3.08,3.79,2.14,3.2,4.4,,,
IRL,Premier Division,2025,09/05/2025,19:45,Cork City,Derry City,1,2,A,5.27,3.4,1.79,5.5,3.5,1.81,5.07,3.31,1.74,5.6,3.5,1.83,,,
IRL,Premier Division,2025,09/05/2025,19:45,Shamrock Rovers,Drogheda,3,0,H,1.47,4.15,8.05,1.47,4.2,8.16,1.44,4.01,7.62,1.5,4.3,8.8,,,
IRL,Premier Division,2025,09/05/2025,19:45,Shelbourne,St. Patricks,2,1,H,2.51,3.12,3.13,2.51,3.12,3.2,2.41,3.02,3.04,2.58,3.2,3.25,,,
IRL,Premier Division,2025,09/05/2025,19:45,Waterford,Galway,1,0,H,3.21,3.53,2.25,3.5,3.53,2.25,3.21,3.3,2.18,3.4,3.5,2.3,,,
IRL,Premier Division,2025,10/05/2025,19:45,Sligo Rovers,Bohemians,0,1,A,4.18,3.77,1.86,4.18,3.85,1.92,3.89,3.58,1.86,4.5,3.9,1.9,,,
IRL,Premier Division,2025,16/05/2025,19:45,Bohemians,Shelbourne,1,0,H,2.38,3.15,3.32,2.44,3.2,3.32,2.31,3.08,3.16,2.42,3.2,3.5,,,
IRL,Premier Division,2025,16/05/2025,19:45,Drogheda,Derry City,1,1,D,3.91,3.26,2.1,3.91,3.26,2.25,3.63,3.05,2.15,4,3.15,2.22,,,
IRL,Premier Division,2025,16/05/2025,19:45,Galway,Sligo Rovers,0,1,A,1.61,4,5.82,1.69,4.04,5.82,1.62,3.88,5.16,1.65,4.1,6.2,,,
IRL,Premier Division,2025,16/05/2025,19:45,St. Patricks,Cork City,3,2,H,1.41,4.73,8.06,1.41,4.73,8.81,1.38,4.53,7.79,1.42,4.8,10.5,,,
IRL,Premier Division,2025,16/05/2025,19:45,Waterford,Shamrock Rovers,1,3,A,5.32,3.75,1.7,5.5,3.85,1.72,4.98,3.69,1.67,5.5,3.95,1.74,,,
IRL,Premier Division,2025,19/05/2025,19:45,Shelbourne,Drogheda,0,0,D,1.91,3.46,4.38,1.95,3.46,4.4,1.9,3.33,4.17,1.97,3.45,4.8,,,
IRL,Premier Division,2025,19/05/2025,20:00,Shamrock Rovers,St. Patricks,4,0,H,1.83,3.47,4.87,1.85,3.6,4.87,1.79,3.47,4.51,1.86,3.75,5,,,
IRL,Premier Division,2025,23/05/2025,19:45,Derry City,Shamrock Rovers,1,2,A,2.73,2.95,3,2.79,2.96,3,2.69,2.91,2.84,2.82,3,3.15,,,
IRL,Premier Division,2025,23/05/2025,19:45,Drogheda,Bohemians,1,0,H,3.26,3.27,2.35,3.26,3.33,2.45,3.05,3.21,2.32,3.3,3.35,2.4,,,
IRL,Premier Division,2025,23/05/2025,19:45,Galway,Cork City,2,1,H,1.72,3.79,5.06,1.76,3.79,5.4,1.7,3.63,4.93,1.77,3.85,5.4,,,
IRL,Premier Division,2025,23/05/2025,19:45,Shelbourne,Sligo Rovers,3,2,H,1.64,3.96,5.58,1.65,3.96,5.58,1.61,3.89,5.26,1.67,4.1,6,,,
IRL,Premier Division,2025,23/05/2025,19:45,St. Patricks,Waterford,2,2,D,1.46,4.75,6.76,1.5,4.75,6.76,1.45,4.51,6.25,1.48,4.9,7.6,,,
IRL,Premier Division,2025,30/05/2025,19:45,Bohemians,Derry City,1,0,H,2.32,3.1,3.51,2.33,3.2,3.51,2.27,3.06,3.31,2.42,3.1,3.65,,,
IRL,Premier Division,2025,30/05/2025,19:45,Cork City,Shelbourne,1,1,D,3.49,3.32,2.22,3.55,3.32,2.23,3.43,3.21,2.14,3.7,3.45,2.22,,,
IRL,Premier Division,2025,30/05/2025,19:45,Sligo Rovers,St. Patricks,0,1,A,3.64,3.72,2.01,3.64,3.72,2.06,3.47,3.56,2,4,3.75,2.02,,,
IRL,Premier Division,2025,30/05/2025,19:45,Waterford,Drogheda,2,2,D,2.62,3.46,2.72,2.7,3.46,2.72,2.59,3.29,2.65,2.76,3.5,2.78,,,
IRL,Premier Division,2025,30/05/2025,20:00,Shamrock Rovers,Galway,0,0,D,1.56,3.96,6.7,1.56,4.4,6.7,1.52,4.03,6.09,1.61,4.3,6.6,,,
IRL,Premier Division,2025,13/06/2025,19:45,Cork City,Bohemians,0,2,A,4.01,3.63,1.94,4.2,3.63,1.94,3.79,3.39,1.85,4.2,3.65,2,,,
IRL,Premier Division,2025,13/06/2025,19:45,Derry City,Galway,1,1,D,1.81,3.47,4.96,1.9,3.5,4.96,1.8,3.31,4.2,1.92,3.45,5.1,,,
IRL,Premier Division,2025,13/06/2025,19:45,Shelbourne,Shamrock Rovers,1,2,A,4,3.08,2.15,4,3.15,2.15,3.51,3,2.08,4,3.2,2.22,,,
IRL,Premier Division,2025,13/06/2025,19:45,St. Patricks,Drogheda,0,0,D,1.77,3.77,4.73,1.77,3.8,4.73,1.71,3.53,4.39,1.81,3.8,5.1,,,
IRL,Premier Division,2025,14/06/2025,19:45,Sligo Rovers,Waterford,1,0,H,2.3,3.65,3.02,2.38,3.65,3.02,2.27,3.43,2.75,2.42,3.75,3.05,,,
IRL,Premier Division,2025,16/06/2025,19:45,Drogheda,Shamrock Rovers,1,2,A,5.23,3.62,1.74,5.23,3.62,1.77,4.6,3.38,1.72,5.4,3.7,1.82,,,
IRL,Premier Division,2025,16/06/2025,19:45,St. Patricks,Shelbourne,0,1,A,2.26,3.2,3.52,2.26,3.25,3.52,2.16,3.07,3.23,2.32,3.3,3.65,,,
IRL,Premier Division,2025,20/06/2025,19:45,Drogheda,Sligo Rovers,1,0,H,1.91,3.53,4.26,1.91,3.53,4.35,1.81,3.34,4.08,1.96,3.7,4.4,,,
IRL,Premier Division,2025,20/06/2025,19:45,Galway,St. Patricks,3,1,H,2.97,3.15,2.6,2.97,3.25,2.6,2.79,3.03,2.46,3.05,3.3,2.66,,,
IRL,Premier Division,2025,20/06/2025,19:45,Shamrock Rovers,Cork City,4,1,H,1.29,5.4,11.74,1.29,6,13,1.24,5.29,10.47,1.31,5.7,15,,,
IRL,Premier Division,2025,20/06/2025,19:45,Shelbourne,Derry City,0,1,A,2.66,2.76,3.33,2.66,2.88,3.33,2.48,2.75,3.04,2.7,2.88,3.45,,,
IRL,Premier Division,2025,20/06/2025,19:45,Waterford,Bohemians,2,1,H,3.49,3.69,2.07,3.5,3.7,2.07,3.31,3.47,1.98,3.7,3.75,2.14,,,
IRL,Premier Division,2025,23/06/2025,19:45,Bohemians,Shamrock Rovers,2,0,H,3.35,3.15,2.36,3.4,3.25,2.36,3.22,3.06,2.17,3.75,3.25,2.32,,,
IRL,Premier Division,2025,23/06/2025,19:45,Cork City,Drogheda,1,1,D,2.89,3.33,2.55,2.9,3.4,2.55,2.76,3.2,2.36,3,3.4,2.66,,,
IRL,Premier Division,2025,23/06/2025,19:45,Sligo Rovers,Galway,2,1,H,3.5,3.59,2.1,3.5,3.59,2.1,3.22,3.35,2.04,3.6,3.65,2.18,,,
IRL,Premier Division,2025,23/06/2025,19:45,St. Patricks,Derry City,0,1,A,2.34,3.08,3.48,2.35,3.2,3.48,2.26,2.96,3.12,2.42,3.2,3.55,,,
IRL,Premier Division,2025,23/06/2025,19:45,Waterford,Shelbourne,2,2,D,2.86,3.37,2.55,2.86,3.37,2.55,2.7,3.17,2.43,3.05,3.35,2.62,,,
IRL,Premier Division,2025,27/06/2025,19:45,Bohemians,Sligo Rovers,1,1,D,1.31,5.75,9.07,1.31,5.75,10,1.26,5.28,8.85,1.32,6.2,11.5,,,
IRL,Premier Division,2025,27/06/2025,19:45,Cork City,St. Patricks,0,0,D,4.32,3.76,1.83,4.32,3.76,1.85,3.98,3.46,1.8,4.5,3.85,1.91,,,
IRL,Premier Division,2025,27/06/2025,19:45,Derry City,Drogheda,3,0,H,1.58,3.69,7.17,1.62,3.7,7.17,1.57,3.39,6.09,1.65,3.7,7.6,,,
IRL,Premier Division,2025,27/06/2025,19:45,Galway,Shelbourne,1,1,D,3.09,3.14,2.52,3.1,3.14,2.55,2.84,3.02,2.42,3.1,3.25,2.62,,,
IRL,Premier Division,2025,27/06/2025,20:00,Shamrock Rovers,Waterford,1,0,H,1.25,6.03,11.47,1.3,6.03,11.47,1.24,5.34,9.78,1.31,6,13,,,
IRL,Premier Division,2025,04/07/2025,19:45,Derry City,Waterford,7,2,H,1.5,4.24,7.05,1.53,4.24,7.05,1.47,3.94,6.15,1.53,4.4,8,,,
IRL,Premier Division,2025,04/07/2025,19:45,Drogheda,Galway,1,0,H,2.59,3.2,2.95,2.59,3.2,2.95,2.44,3.03,2.81,2.7,3.2,3.05,,,
IRL,Premier Division,2025,04/07/2025,19:45,Shelbourne,Cork City,3,1,H,1.47,4.28,7.54,1.48,4.5,7.54,1.42,4.11,6.75,1.5,4.5,8.2,,,
IRL,Premier Division,2025,04/07/2025,19:45,St. Patricks,Bohemians,0,0,D,2.54,3.33,2.9,2.54,3.35,2.9,2.41,3.19,2.72,2.58,3.5,3,,,
IRL,Premier Division,2025,05/07/2025,19:45,Sligo Rovers,Shamrock Rovers,2,2,D,7.38,4.5,1.46,7.38,4.6,1.46,6.67,4.3,1.4,8,4.9,1.47,,,
IRL,Premier Division,2025,11/07/2025,19:45,Bohemians,Galway,3,0,H,1.52,4.29,6.54,1.52,4.29,6.54,1.49,4,5.7,1.57,4.5,6.6,,,
IRL,Premier Division,2025,11/07/2025,19:45,Waterford,Cork City,2,0,H,2.2,3.59,3.26,2.2,3.59,3.3,2.07,3.39,3.14,2.18,3.65,3.6,,,
IRL,Premier Division,2025,12/07/2025,19:45,Sligo Rovers,Derry City,2,0,H,4.72,3.7,1.79,5,3.7,1.79,4.54,3.41,1.72,5,3.8,1.83,,,
IRL,Premier Division,2025,25/07/2025,19:45,Cork City,Sligo Rovers,2,3,A,2.35,3.42,3.11,2.5,3.42,3.11,2.38,3.19,2.74,2.52,3.5,3.05,,,
IRL,Premier Division,2025,25/07/2025,19:45,Derry City,Bohemians,1,1,D,2.27,3.18,3.53,2.35,3.18,3.53,2.22,2.99,3.2,2.28,3.35,3.7,,,
IRL,Premier Division,2025,25/07/2025,19:45,Galway,Waterford,2,4,A,1.86,3.85,4.08,1.95,3.85,4.08,1.87,3.44,3.68,2.02,3.85,4,,,
IRL,Premier Division,2025,01/08/2025,19:45,Bohemians,Drogheda,0,1,A,1.57,4.01,6.35,1.57,4.2,6.5,1.5,3.86,5.96,1.6,4.1,7.4,,,
IRL,Premier Division,2025,01/08/2025,19:45,Cork City,Galway,1,0,H,3.3,3.51,2.22,3.3,3.6,2.25,3,3.31,2.17,3.5,3.65,2.26,,,
IRL,Premier Division,2025,02/08/2025,19:45,Sligo Rovers,Shelbourne,0,2,A,3.7,3.46,2.08,3.7,3.46,2.15,3.21,3.23,2.1,3.4,3.45,2.3,,,
IRL,Premier Division,2025,03/08/2025,16:00,Waterford,St. Patricks,0,2,A,3.8,3.6,2.01,3.8,3.65,2.01,3.46,3.41,1.94,3.85,3.8,2.06,,,
IRL,Premier Division,2025,03/08/2025,19:00,Shamrock Rovers,Derry City,2,0,H,2.05,3.29,4.04,2.05,3.29,4.33,1.97,3.03,3.87,2.14,3.2,4.4,,,
IRL,Premier Division,2025,08/08/2025,19:45,Derry City,Cork City,0,0,D,1.28,5.57,11.75,1.27,5.25,15,1.24,5.09,11,1.26,6.2,18,,,
IRL,Premier Division,2025,08/08/2025,19:45,Drogheda,Waterford,0,0,D,1.97,3.5,4.04,1.96,3.7,4.2,1.85,3.42,3.71,1.99,3.75,4.1,,,
IRL,Premier Division,2025,09/08/2025,17:00,Shelbourne,Bohemians,2,2,D,2.86,3.19,2.66,3.3,3.2,2.35,3.1,3.05,2.21,3.4,3.3,2.48,,,
IRL,Premier Division,2025,10/08/2025,17:00,Galway,Shamrock Rovers,0,0,D,3.31,3.48,2.22,2.8,3.3,2.6,2.68,3.1,2.47,3,3.15,2.82,,,
IRL,Premier Division,2025,10/08/2025,18:00,St. Patricks,Sligo Rovers,3,0,H,1.46,4.54,7.1,1.38,4.75,8,1.35,4.52,7.32,1.41,5.2,9.4,,,
IRL,Premier Division,2025,22/08/2025,19:45,Bohemians,Cork City,3,0,H,1.34,5.4,9,1.4,5.1,8,1.34,4.66,7.3,1.37,5.7,9.8,1.38,4.5,6
IRL,Premier Division,2025,22/08/2025,19:45,Drogheda,St. Patricks,0,1,A,3.46,3.26,2.26,3.75,3.35,2.1,3.46,3.18,2.02,3.9,3.5,2.12,3.25,3.1,2.1
IRL,Premier Division,2025,22/08/2025,19:45,Galway,Derry City,1,2,A,3.17,3.09,2.5,2.8,3.2,2.63,2.64,3,2.54,3,3.15,2.78,2.55,3,2.55
IRL,Premier Division,2025,22/08/2025,19:45,Waterford,Sligo Rovers,1,2,A,2.21,3.67,3.18,2.2,3.6,3.25,2.15,3.42,2.87,2.32,3.8,3.15,2.15,3.4,2.8
IRL,Premier Division,2025,29/08/2025,19:45,Cork City,Waterford,2,0,H,2.54,3.55,2.75,2.55,3.4,2.7,2.46,3.28,2.57,2.66,3.75,2.78,2.55,3.4,2.63
IRL,Premier Division,2025,29/08/2025,19:45,Derry City,St. Patricks,2,2,D,2.4,3.13,3.3,2.38,3.2,3.3,2.3,3.02,3,2.44,3.15,3.45,2.3,3.1,3.3
IRL,Premier Division,2025,30/08/2025,19:45,Sligo Rovers,Bohemians,0,0,D,4.58,3.83,1.78,4.5,3.85,1.77,4.1,3.61,1.73,4.6,3.85,1.86,4.5,3.75,1.73
IRL,Premier Division,2025,31/08/2025,19:00,Shamrock Rovers,Drogheda,2,1,H,1.5,4.12,7.56,1.48,4.25,8.5,1.44,3.88,6.74,1.51,4.2,9.6,1.48,3.75,8.5
IRL,Premier Division,2025,07/09/2025,17:00,Shelbourne,Galway,1,0,H,1.97,3.26,4.42,1.95,3.45,4.2,1.88,3.23,3.89,2.02,3.35,4.6,1.95,3.2,4.2
IRL,Premier Division,2025,12/09/2025,19:45,Bohemians,Derry City,3,4,A,2.22,3.1,3.77,2.23,3.25,3.5,2.15,3.02,3.31,2.3,3.2,3.8,2.1,3.1,3.5
IRL,Premier Division,2025,19/09/2025,19:45,Bohemians,Waterford,2,1,H,1.39,5.14,7.57,1.38,4.8,8,1.35,4.65,6.8,1.43,5.1,8.6,1.38,4.5,7
IRL,Premier Division,2025,19/09/2025,19:45,Cork City,Shamrock Rovers,1,1,D,7.79,4.38,1.45,8,4.33,1.44,6.86,4.09,1.41,8.8,4.8,1.46,7.5,4.33,1.42
IRL,Premier Division,2025,19/09/2025,19:45,Derry City,Shelbourne,1,1,D,2.43,3.07,3.31,2.35,3,3.3,2.24,2.95,3.16,2.42,3.15,3.6,2.25,3,3.3
IRL,Premier Division,2025,19/09/2025,19:45,Sligo Rovers,Drogheda,1,1,D,2.57,3.22,2.96,2.35,3.35,3.1,2.27,3.17,2.89,2.48,3.3,3.3,2.25,3.3,2.88
IRL,Premier Division,2025,19/09/2025,19:45,St. Patricks,Galway,1,1,D,1.62,4.06,5.6,1.58,4.2,5.75,1.54,3.8,5.35,1.59,4.2,7,1.53,4.2,5.5
IRL,Premier Division,2025,22/09/2025,19:45,Drogheda,Shelbourne,2,1,H,3.65,3.11,2.26,4.6,3.3,2.02,3.92,3.16,1.89,4.5,3.45,2,4.1,3.25,1.8
IRL,Premier Division,2025,22/09/2025,19:45,Galway,Sligo Rovers,0,1,A,1.84,3.61,4.53,1.8,3.75,4.5,1.73,3.59,4.09,1.8,3.85,5,1.75,3.7,3.6
IRL,Premier Division,2025,22/09/2025,19:45,St. Patricks,Cork City,4,0,H,1.28,5.79,10.53,1.3,5.25,10,1.26,5.11,9.18,1.29,6.2,13,1.27,4.75,10
IRL,Premier Division,2025,22/09/2025,19:45,Waterford,Shamrock Rovers,1,2,A,5.13,3.92,1.68,5.25,3.85,1.67,4.8,3.6,1.62,6,3.85,1.72,4.75,3.6,1.65
IRL,Premier Division,2025,26/09/2025,19:45,Drogheda,Derry City,1,1,D,3.59,3.03,2.32,3.55,3,2.25,3.4,2.88,2.17,3.75,3.15,2.34,3.4,2.88,2.2
IRL,Premier Division,2025,26/09/2025,19:45,Galway,Cork City,2,1,H,1.54,4.36,6.02,1.6,4.2,5.75,1.52,3.96,5.32,1.59,4.5,6.2,1.55,3.9,4.75
IRL,Premier Division,2025,26/09/2025,19:45,Shamrock Rovers,Bohemians,2,1,H,1.88,3.55,4.37,1.9,3.5,4,1.84,3.34,3.87,1.95,3.55,4.7,1.8,3.4,4
IRL,Premier Division,2025,26/09/2025,19:45,Shelbourne,Waterford,2,1,H,1.44,4.61,7.53,1.47,4.33,8.5,1.42,4.13,6.45,1.49,4.6,8.4,1.42,4.33,6
IRL,Premier Division,2025,27/09/2025,19:45,Sligo Rovers,St. Patricks,1,0,H,4.94,3.92,1.71,4.75,3.75,1.73,4.43,3.62,1.67,5.2,4,1.78,4.5,3.7,1.65
IRL,Premier Division,2025,05/10/2025,16:00,Derry City,Sligo Rovers,1,0,H,1.59,4.14,5.77,1.57,4.2,6.25,1.52,3.9,5.57,1.61,4.3,6.4,1.5,4.2,6.25
IRL,Premier Division,2025,05/10/2025,16:00,Waterford,Drogheda,2,0,H,2.52,3.34,2.93,2.4,3.5,2.9,2.32,3.27,2.76,2.54,3.4,3,2.3,3.4,2.9
IRL,Premier Division,2025,10/10/2025,20:00,Shamrock Rovers,Shelbourne,0,1,A,2.22,3.12,3.74,2.2,3.2,3.7,2.09,3.04,3.45,2.3,3.15,3.8,2.2,3,3.6
IRL,Premier Division,2025,13/10/2025,19:45,Cork City,Shelbourne,1,2,A,6.63,4.15,1.53,6,4.1,1.55,5.83,3.87,1.5,6.8,4.3,1.57,6,3.9,1.55
IRL,Premier Division,2025,17/10/2025,19:45,Drogheda,Cork City,1,0,H,1.57,4.06,6.24,1.6,4.2,6.33,1.52,3.83,5.67,1.58,4.3,7,1.53,4.2,5.75
IRL,Premier Division,2025,17/10/2025,19:45,Galway,Bohemians,2,0,H,3.23,3.45,2.27,3.14,3.5,2.25,2.97,3.28,2.19,3.25,3.5,2.38,3,3.5,2.2
IRL,Premier Division,2025,17/10/2025,19:45,Shelbourne,Sligo Rovers,3,1,H,1.55,4.27,6.03,1.57,4.1,6.25,1.52,3.9,5.51,1.6,4.3,6.4,1.57,3.8,6
IRL,Premier Division,2025,17/10/2025,19:45,St. Patricks,Shamrock Rovers,1,0,H,2.42,3.1,3.29,2.35,3.2,3.5,2.28,3.05,3.02,2.44,3.2,3.5,2.25,3,3.5
IRL,Premier Division,2025,17/10/2025,19:45,Waterford,Derry City,1,2,A,3.57,3.36,2.17,3.33,3.5,2.25,3.19,3.26,2.1,3.6,3.4,2.28,3.1,3.5,2.2
IRL,Premier Division,2025,20/10/2025,19:45,Bohemians,St. Patricks,0,0,D,2.58,3.18,2.98,2.45,3.2,3,2.31,3.11,2.89,2.48,3.35,3.25,2.4,3.2,3
IRL,Premier Division,2025,24/10/2025,19:45,Galway,Drogheda,1,1,D,2.06,3.4,3.61,1.8,3.6,4.5,1.74,3.47,4.23,1.82,3.7,5.3,1.75,3.6,4.33
IRL,Premier Division,2025,24/10/2025,19:45,St. Patricks,Waterford,1,1,D,1.39,4.96,7,1.47,4.75,7.5,1.41,4.29,6.35,1.46,5,8,1.42,4.2,7.5
IRL,Premier Division,2025,25/10/2025,19:45,Sligo Rovers,Cork City,1,1,D,1.5,4.43,5.92,1.57,4.2,6,1.51,4.07,5.29,1.56,4.5,7,1.53,4.2,5
IRL,Premier Division,2025,26/10/2025,15:00,Derry City,Shamrock Rovers,2,1,H,2.67,3,2.88,2.75,3.15,2.88,2.56,2.96,2.7,2.76,3,3.15,2.7,2.9,2.8
IRL,Premier Division,2025,26/10/2025,16:00,Bohemians,Shelbourne,2,3,A,2.2,3.39,3.27,2.14,3.4,3.5,2.07,3.22,3.29,2.24,3.4,3.75,2.1,3.4,3.4
IRL,Premier Division,2025,28/10/2025,20:00,Shamrock Rovers,Galway,1,0,H,,,,2.4,3.2,3.25,2.26,3.09,3.03,2.4,3.3,3.55,2.25,3.2,3.1
IRL,Premier Division,2025,01/11/2025,16:30,Cork City,Derry City,0,1,A,,,,6.75,4,1.57,5.88,3.81,1.5,6.4,4.3,1.58,6,3.4,1.57
IRL,Premier Division,2025,01/11/2025,16:30,Drogheda,Bohemians,1,4,A,,,,3.7,3.4,2.12,3.31,3.27,2.03,3.75,3.65,2.14,3.7,3.2,2
IRL,Premier Division,2025,01/11/2025,16:30,Shamrock Rovers,Sligo Rovers,1,2,A,,,,2.5,3.4,2.92,2.39,3.17,2.73,2.6,3.25,3.15,2.5,3.1,2.75
IRL,Premier Division,2025,01/11/2025,16:30,Shelbourne,St. Patricks,0,0,D,,,,2.6,3.3,2.75,2.48,3.16,2.61,2.68,3.35,2.94,2.4,3.3,2.63
IRL,Premier Division,2025,01/11/2025,16:30,Waterford,Galway,1,1,D,,,,2.8,3.3,2.63,2.68,3.08,2.48,2.92,3.3,2.74,2.7,2.8,2.63
IRL,Premier Division,2026,06/02/2026,19:45,Galway,Drogheda,0,1,A,,,,2.4,3.1,3.5,2.28,2.99,3.07,2.56,3.15,3.35,2.35,3,3
IRL,Premier Division,2026,06/02/2026,19:45,Waterford,Shelbourne,1,1,D,,,,4.1,3.4,1.98,3.78,3.28,1.88,4.3,3.7,1.99,3.9,3.3,1.83
IRL,Premier Division,2026,06/02/2026,20:00,Derry City,Sligo Rovers,2,1,H,,,,1.37,5,9,1.32,4.54,8.02,1.38,5.3,10,1.33,4.5,7.5
IRL,Premier Division,2026,08/02/2026,14:00,Bohemians,St. Patricks,0,0,D,,,,2.75,3.05,2.8,2.61,2.88,2.68,2.9,3,2.94,2.75,2.8,2.63
IRL,Premier Division,2026,13/02/2026,19:45,Derry City,Dundalk,2,2,D,,,,1.7,3.75,5.1,1.65,3.53,4.81,1.71,4,5.8,1.67,3.75,4.5
IRL,Premier Division,2026,13/02/2026,20:00,Drogheda,Waterford,2,0,H,,,,2,3.4,4,1.92,3.24,3.66,1.98,3.6,4.3,1.9,3.25,3.8
IRL,Premier Division,2026,14/02/2026,19:45,Sligo Rovers,Bohemians,0,4,A,,,,4.85,3.8,1.72,4.65,3.63,1.64,5.5,4,1.73,4.75,3.7,1.65
IRL,Premier Division,2026,20/02/2026,19:45,Derry City,Bohemians,0,1,A,,,,2.4,3.25,3.2,2.27,3.11,2.96,2.52,3.25,3.25,2.2,3.1,3.1
IRL,Premier Division,2026,20/02/2026,19:45,Shelbourne,Galway,1,1,D,,,,1.57,4,6.33,1.51,3.78,5.71,1.55,4.4,7.2,1.57,3.6,5.25
IRL,Premier Division,2026,20/02/2026,19:45,Waterford,Sligo Rovers,0,0,D,,,,1.9,3.6,4,1.84,3.42,3.76,1.95,3.85,4.3,1.8,3.5,4
IRL,Premier Division,2026,20/02/2026,20:00,Dundalk,Drogheda,1,1,D,,,,2.4,3.2,3.25,2.26,3.04,3.02,2.38,3.35,3.4,2.4,3,2.8
IRL,Premier Division,2026,20/02/2026,20:00,Shamrock Rovers,St. Patricks,2,0,H,,,,2.4,3.1,3.4,2.27,2.85,3.22,2.54,2.96,3.6,2.15,3.1,3.4
IRL,Premier Division,2026,23/02/2026,20:00,Shamrock Rovers,Dundalk,1,1,D,,,,1.55,4,7,1.45,3.88,6.38,1.51,4.4,8.2,1.44,3.9,6.25
IRL,Premier Division,2026,27/02/2026,19:45,Derry City,Waterford,4,2,H,,,,1.5,4.33,6.5,1.44,4.11,5.94,1.52,4.8,7.4,1.45,4.1,6.25
IRL,Premier Division,2026,27/02/2026,19:45,Drogheda,Shelbourne,1,2,A,,,,3.45,3.25,2.15,3.36,3.05,2.08,3.8,3.3,2.24,3.3,3.25,2.05
IRL,Premier Division,2026,27/02/2026,19:45,Galway,Sligo Rovers,1,0,H,,,,1.83,3.55,4.8,1.73,3.37,4.36,1.86,3.7,4.9,1.75,3.3,4.5
IRL,Premier Division,2026,27/02/2026,19:45,St. Patricks,Dundalk,4,0,H,,,,1.9,3.4,4.4,1.83,3.24,4.03,1.97,3.55,4.6,1.85,3.2,4.1
IRL,Premier Division,2026,27/02/2026,20:00,Bohemians,Shamrock Rovers,3,2,H,,,,2.25,3.13,3.5,2.16,2.97,3.28,2.3,3.3,3.7,2.2,3.1,3.5
IRL,Premier Division,2026,02/03/2026,19:45,St. Patricks,Galway,1,0,H,,,,1.77,3.5,5.75,1.67,3.38,4.86,1.75,3.75,5.9,1.67,3.4,5.75
IRL,Premier Division,2026,06/03/2026,19:45,Galway,Dundalk,2,2,D,,,,2.3,3.25,3.25,2.22,3.08,3.04,2.4,3.3,3.4,2.3,3.1,3.2
IRL,Premier Division,2026,06/03/2026,19:45,Waterford,Bohemians,0,1,A,,,,4.33,3.8,1.78,4.06,3.63,1.72,4.7,4,1.82,4.33,3.8,1.75
IRL,Premier Division,2026,06/03/2026,20:00,Shamrock Rovers,Derry City,1,0,H,,,,2.08,3.4,3.65,2,3.23,3.41,2.16,3.6,3.8,2.05,3.4,3.6
IRL,Premier Division,2026,06/03/2026,20:00,Shelbourne,St. Patricks,2,3,A,,,,2.3,3.1,3.35,2.25,2.97,3.11,2.46,3.2,3.45,2.3,3,3.25
IRL,Premier Division,2026,07/03/2026,19:45,Sligo Rovers,Drogheda,2,1,H,,,,3.13,3.5,2.4,2.97,3.19,2.22,3.4,3.4,2.38,3,3.5,2.2
IRL,Premier Division,2026,09/03/2026,19:45,Shelbourne,Shamrock Rovers,2,2,D,,,,2.55,3.1,3.05,2.38,3,2.85,2.56,3.15,3.3,2.38,3.1,3
IRL,Premier Division,2026,13/03/2026,19:45,Bohemians,Galway,1,0,H,,,,1.55,4.2,6.4,1.49,3.86,5.7,1.6,4.2,6.8,1.53,3.8,5.75
IRL,Premier Division,2026,13/03/2026,19:45,Derry City,Shelbourne,1,2,A,,,,2.3,3.25,3.25,2.16,3.13,3.1,2.28,3.35,3.6,2.15,3.1,3.25
IRL,Premier Division,2026,13/03/2026,19:45,Dundalk,Waterford,5,0,H,,,,1.82,3.7,4.5,1.71,3.56,4.2,1.81,4,4.9,1.67,3.6,4.5
IRL,Premier Division,2026,13/03/2026,19:45,St. Patricks,Drogheda,4,1,H,,,,1.65,3.75,6.6,1.53,3.56,5.96,1.6,4,7.4,1.53,3.6,6.5
IRL,Premier Division,2026,13/03/2026,20:00,Sligo Rovers,Shamrock Rovers,0,2,A,,,,5.5,3.75,1.63,5.12,3.57,1.59,6.4,4,1.65,5.5,3.5,1.6
IRL,Premier Division,2026,16/03/2026,19:45,Drogheda,Shamrock Rovers,0,0,D,,,,4.2,3.4,1.93,3.85,3.26,1.86,4.5,3.55,1.97,4.1,3.3,1.83
IRL,Premier Division,2026,16/03/2026,19:45,Dundalk,Sligo Rovers,1,0,H,,,,1.69,3.8,5.1,1.63,3.63,4.67,1.74,4,5.4,1.62,3.7,4.75
IRL,Premier Division,2026,16/03/2026,19:45,Shelbourne,Bohemians,0,0,D,,,,2.65,3.1,3,2.51,2.9,2.76,2.76,3.1,3,2.63,2.8,2.75
IRL,Premier Division,2026,16/03/2026,19:45,St. Patricks,Derry City,0,0,D,,,,2.25,3.15,3.5,2.12,3.02,3.31,2.3,3.3,3.7,2.1,3,3.4
IRL,Premier Division,2026,16/03/2026,20:00,Galway,Waterford,4,3,H,,,,1.73,3.75,4.8,1.65,3.59,4.55,1.73,4,5.3,1.65,3.6,4.75
IRL,Premier Division,2026,20/03/2026,19:45,Derry City,Drogheda,2,2,D,,,,1.57,3.8,6.2,1.54,3.6,5.62,1.63,4,6.8,1.55,3.4,5.75
IRL,Premier Division,2026,20/03/2026,19:45,Waterford,St. Patricks,0,2,A,,,,4.75,3.7,1.73,4.47,3.55,1.67,5.2,3.9,1.78,4.75,3.5,1.7
IRL,Premier Division,2026,20/03/2026,20:00,Bohemians,Dundalk,1,1,D,,,,1.55,4,6.25,1.5,3.82,5.56,1.57,4.5,6.6,1.5,3.7,6
IRL,Premier Division,2026,20/03/2026,20:00,Shamrock Rovers,Galway,2,0,H,,,,1.6,3.8,6.2,1.54,3.6,5.64,1.61,4.1,6.8,1.55,3.5,5.75
IRL,Premier Division,2026,21/03/2026,19:45,Sligo Rovers,Shelbourne,0,1,A,,,,4.85,3.5,1.8,4.39,3.37,1.73,5.1,3.65,1.84,4.75,3.4,1.75
IRL,Premier Division,2026,03/04/2026,19:45,Drogheda,Bohemians,0,0,D,,,,4.2,3.3,1.9,4.03,3.15,1.85,4.7,3.35,2,4.2,3.1,1.85
IRL,Premier Division,2026,03/04/2026,19:45,Shelbourne,Dundalk,2,3,A,,,,1.76,3.7,4.85,1.7,3.52,4.33,1.78,3.95,5.2,1.7,3.5,4.5
IRL,Premier Division,2026,03/04/2026,19:45,St. Patricks,Sligo Rovers,4,1,H,,,,1.33,5,13,1.28,4.67,9.38,1.33,5.5,13,1.27,4.5,11
IRL,Premier Division,2026,03/04/2026,19:45,Waterford,Shamrock Rovers,1,1,D,,,,6.5,4.2,1.49,6.05,4.01,1.44,7.2,4.5,1.52,6,4,1.45
IRL,Premier Division,2026,03/04/2026,20:00,Galway,Derry City,2,1,H,,,,2.82,3.1,2.7,2.71,2.92,2.55,3.05,2.98,2.9,2.7,2.88,2.6
IRL,Premier Division,2026,06/04/2026,17:00,Bohemians,Waterford,1,1,D,,,,1.3,5.5,13,1.24,5.18,9.98,1.29,6.2,14,1.25,5.25,12
IRL,Premier Division,2026,06/04/2026,17:00,Drogheda,Galway,2,3,A,,,,2.4,3.05,3.5,2.2,2.94,3.24,2.36,3.15,3.8,2.15,3,3.5
IRL,Premier Division,2026,06/04/2026,17:00,Dundalk,St. Patricks,2,0,H,,,,3.8,3.45,2.05,3.63,3.31,1.9,4.2,3.65,2,3.8,3.25,1.9
IRL,Premier Division,2026,06/04/2026,17:00,Shamrock Rovers,Shelbourne,3,2,H,,,,1.89,3.35,4.4,1.82,3.21,4.07,1.96,3.45,4.7,1.75,3.3,4.33
IRL,Premier Division,2026,06/04/2026,17:00,Sligo Rovers,Derry City,0,0,D,,,,4.1,3.3,2,3.7,3.18,1.92,4.2,3.35,2.08,3.6,3,1.95
IRL,Premier Division,2026,10/04/2026,19:45,Bohemians,Sligo Rovers,1,2,A,,,,1.35,5.2,11.5,1.3,4.65,8.33,1.37,5.3,11,1.33,4.33,8.5
IRL,Premier Division,2026,10/04/2026,19:45,Dundalk,Derry City,2,2,D,,,,2.6,3.3,2.8,2.45,3.1,2.69,2.6,3.3,3.1,2.38,3.3,2.75
IRL,Premier Division,2026,10/04/2026,20:00,St. Patricks,Shamrock Rovers,0,1,A,,,,2.3,3.13,3.35,2.18,3.03,3.17,2.38,3.25,3.55,2.2,3.1,3.25
IRL,Premier Division,2026,17/04/2026,19:45,Drogheda,St. Patricks,1,3,A,,,,4.5,3.45,1.85,4.3,3.29,1.75,,,,4.33,3.4,1.73
IRL,Premier Division,2026,17/04/2026,19:45,Dundalk,Galway,2,1,H,,,,1.87,3.65,4.1,1.8,3.43,3.87,,,,1.8,3.5,3.8
IRL,Premier Division,2026,17/04/2026,19:45,Shelbourne,Derry City,1,2,A,,,,1.93,3.25,4.2,1.87,3.14,3.94,,,,1.83,3.2,4.1
IRL,Premier Division,2026,17/04/2026,20:00,Shamrock Rovers,Bohemians,2,1,H,,,,2.4,3.05,3.15,2.32,2.9,3,,,,2.38,2.88,3
IRL,Premier Division,2026,18/04/2026,19:45,Sligo Rovers,Waterford,2,0,H,,,,2.06,3.35,3.75,1.97,3.22,3.46,,,,1.95,3.25,3.75
IRL,Premier Division,2026,24/04/2026,19:45,Shelbourne,Drogheda,3,4,A,,,,1.66,3.75,5.33,1.59,3.61,4.98,,,,1.6,3.7,5.25
IRL,Premier Division,2026,24/04/2026,19:45,St. Patricks,Bohemians,3,1,H,,,,2.3,3.15,3.45,2.19,3.06,3.08,,,,2.25,3.1,3.1
IRL,Premier Division,2026,24/04/2026,19:45,Waterford,Galway,1,1,D,,,,3.1,3.4,2.28,2.97,3.22,2.17,,,,3.1,3.3,2.15
IRL,Premier Division,2026,24/04/2026,20:00,Derry City,Shamrock Rovers,1,0,H,,,,3.1,3.15,2.4,2.89,3.05,2.3,,,,2.8,3.1,2.4
IRL,Premier Division,2026,25/04/2026,19:45,Sligo Rovers,Dundalk,2,0,H,,,,3.65,3.45,2.08,3.36,3.29,1.97,,,,3.3,3.4,2
IRL,Premier Division,2026,01/05/2026,19:45,Drogheda,Sligo Rovers,1,0,H,,,,1.84,3.9,4.65,1.72,3.49,4.21,,,,1.7,3.9,4.5
IRL,Premier Division,2026,01/05/2026,19:45,Dundalk,Shelbourne,1,2,A,,,,2.58,3.6,2.8,2.42,3.31,2.57,,,,2.55,3.5,2.6
IRL,Premier Division,2026,01/05/2026,19:45,Galway,St. Patricks,2,2,D,,,,3.85,3.75,1.96,3.6,3.38,1.88,,,,3.8,3.5,1.91
IRL,Premier Division,2026,01/05/2026,20:00,Bohemians,Derry City,1,1,D,,,,1.83,3.75,4.75,1.72,3.39,4.35,,,,1.7,3.6,4.75
IRL,Premier Division,2026,01/05/2026,20:00,Shamrock Rovers,Waterford,1,0,H,,,,1.25,6.5,13.5,1.22,5.58,10.41,,,,1.25,6.25,11
IRL,Premier Division,2026,04/05/2026,17:00,Bohemians,Shelbourne,2,2,D,,,,2.05,3.4,3.8,1.96,3.2,3.53,,,,1.95,3.3,3.6
IRL,Premier Division,2026,04/05/2026,17:00,Derry City,Galway,1,1,D,,,,1.86,3.6,4.3,1.79,3.35,4.03,,,,1.8,3.4,4.1
IRL,Premier Division,2026,04/05/2026,17:00,Shamrock Rovers,Drogheda,4,1,H,,,,1.53,4.1,6.5,1.49,3.82,5.76,,,,1.5,4.1,5.25
IRL,Premier Division,2026,04/05/2026,17:00,Sligo Rovers,St. Patricks,1,1,D,,,,6.2,4,1.63,5.4,3.71,1.54,,,,5.5,4,1.53
IRL,Premier Division,2026,04/05/2026,17:00,Waterford,Dundalk,3,3,D,,,,4.5,4,1.75,4.04,3.77,1.69,,,,4,4,1.7
IRL,Premier Division,2026,08/05/2026,19:45,Drogheda,Derry City,1,0,H,,,,3.1,3.25,2.4,2.87,3.08,2.32,3.15,3.3,2.58,2.8,3,2.4
IRL,Premier Division,2026,08/05/2026,19:45,Dundalk,Bohemians,1,3,A,,,,2.63,3.5,2.6,2.48,3.28,2.5,2.72,3.6,2.78,2.5,3.4,2.5
IRL,Premier Division,2026,08/05/2026,19:45,Galway,Shamrock Rovers,1,3,A,,,,3.85,3.5,1.96,3.66,3.29,1.89,4.1,3.7,2,3.7,3.4,1.91
IRL,Premier Division,2026,08/05/2026,19:45,Shelbourne,Sligo Rovers,0,0,D,,,,1.46,4.33,7,1.41,4.15,6.48,1.47,4.8,8.6,1.44,4.2,6
IRL,Premier Division,2026,08/05/2026,20:00,St. Patricks,Waterford,4,1,H,,,,1.29,6.1,10.5,1.25,5.26,9.05,1.31,6,12,1.29,5,8.5
IRL,Premier Division,2026,15/05/2026,19:45,Bohemians,Drogheda,2,1,H,,,,1.53,4.2,6.5,1.48,3.94,5.8,1.55,4.4,7.2,1.5,4.2,5.5
IRL,Premier Division,2026,15/05/2026,19:45,St. Patricks,Shelbourne,0,1,A,,,,1.89,3.6,4.75,1.77,3.37,4.08,1.85,3.85,4.6,1.73,3.5,4.75
IRL,Premier Division,2026,15/05/2026,19:45,Waterford,Derry City,2,2,D,,,,4.5,3.8,1.8,4.13,3.55,1.72,4.6,3.9,1.87,4.33,3.8,1.7
IRL,Premier Division,2026,15/05/2026,20:00,Dundalk,Shamrock Rovers,1,0,H,,,,2.9,3.75,2.4,2.72,3.44,2.24,3,3.7,2.38,2.9,3.4,2.25
IRL,Premier Division,2026,16/05/2026,19:45,Sligo Rovers,Galway,1,4,A,,,,2.75,3.25,2.62,2.62,3.04,2.53,2.96,3.15,2.82,2.6,3.2,2.6
IRL,Premier Division,2026,18/05/2026,19:45,Waterford,Drogheda,2,1,H,,,,2.6,3.5,2.75,2.39,3.27,2.62,2.52,3.6,3,2.35,3.25,2.75
IRL,Premier Division,2026,22/05/2026,19:45,Derry City,St. Patricks,0,0,D,,,,3.2,3.1,2.43,3.03,2.97,2.27,3.45,3.25,2.44,3.1,3,2.25
IRL,Premier Division,2026,22/05/2026,19:45,Galway,Bohemians,2,4,A,,,,3.9,3.6,2.05,3.59,3.32,1.91,4,3.6,2.06,3.9,3.3,1.85
IRL,Premier Division,2026,22/05/2026,19:45,Shelbourne,Waterford,2,1,H,,,,1.44,4.75,7.5,1.4,4.25,6.54,1.49,4.8,7.8,1.4,4.33,7
IRL,Premier Division,2026,22/05/2026,20:00,Drogheda,Dundalk,1,1,D,,,,2.75,3.6,2.54,2.55,3.38,2.38,2.8,3.75,2.6,2.6,3.3,2.45
IRL,Premier Division,2026,22/05/2026,20:00,Shamrock Rovers,Sligo Rovers,1,2,A,,,,1.3,5.5,11.5,1.27,4.9,9.27,1.32,5.8,13.5,1.25,5.5,9
IRL,Premier Division,2026,25/05/2026,19:45,Derry City,Shelbourne,0,0,D,,,,2.68,3.1,2.9,2.53,2.94,2.68,2.8,3.15,3,2.63,3,2.63
IRL,Premier Division,2026,25/05/2026,20:00,Bohemians,Shamrock Rovers,1,2,A,,,,2.33,3.3,3.25,2.17,3.12,3.08,2.34,3.35,3.5,2.15,3.2,3.25
IRL,Premier Division,2026,29/05/2026,19:45,Drogheda,Waterford,3,3,D,,,,1.95,3.6,3.75,1.87,3.4,3.64,2,3.7,4.1,1.95,3.6,3.5
IRL,Premier Division,2026,29/05/2026,19:45,Dundalk,Derry City,2,1,H,,,,2.28,3.3,3.2,2.19,3.18,2.99,2.36,3.4,3.35,2.2,3.25,3.2
IRL,Premier Division,2026,29/05/2026,19:45,Shelbourne,Galway,1,1,D,,,,1.74,3.7,5,1.67,3.55,4.45,1.78,3.95,5.2,1.65,3.6,5
IRL,Premier Division,2026,29/05/2026,19:45,Sligo Rovers,Bohemians,1,3,A,,,,6.4,4.2,1.52,5.86,3.88,1.48,7,4.3,1.56,6,3.8,1.5
IRL,Premier Division,2026,29/05/2026,20:00,Shamrock Rovers,St. Patricks,1,0,H,,,,2.5,3.2,2.92,2.37,3.03,2.82,2.54,3.2,3.25,2.4,3,2.8
IRL,Premier Division,2026,12/06/2026,19:45,Derry City,Bohemians,4,1,H,,,,2.9,3.15,2.63,2.7,3.02,2.48,2.9,3.25,2.76,2.63,3.1,2.63
IRL,Premier Division,2026,12/06/2026,19:45,Galway,Dundalk,0,1,A,,,,2.8,3.6,2.46,2.62,3.37,2.34,2.84,3.65,2.58,2.63,3.3,2.4
IRL,Premier Division,2026,12/06/2026,19:45,St. Patricks,Drogheda,2,0,H,,,,1.38,4.5,8.5,1.35,4.3,7.57,1.42,5,10,1.36,4.33,8.5
IRL,Premier Division,2026,12/06/2026,19:45,Waterford,Sligo Rovers,4,0,H,,,,2.02,3.5,3.75,1.91,3.33,3.52,2.04,3.65,4,1.85,3.4,3.7
IRL,Premier Division,2026,12/06/2026,20:00,Shelbourne,Shamrock Rovers,2,1,H,,,,2.64,3.2,2.71,2.56,3.06,2.62,2.82,3.15,2.88,2.6,3.1,2.6
IRL,Premier Division,2026,19/06/2026,19:45,Drogheda,Shelbourne,2,2,D,,,,3.9,3.35,1.98,3.63,3.25,1.93,4.1,3.55,2.02,3.9,3.25,1.91
IRL,Premier Division,2026,19/06/2026,19:45,Galway,Derry City,2,1,H,,,,3.5,3.4,2.33,3.19,3.18,2.12,3.7,3.45,2.24,3.5,3.2,2.05
IRL,Premier Division,2026,19/06/2026,19:45,St. Patricks,Sligo Rovers,2,0,H,,,,1.25,6.5,14.5,1.2,5.75,11.43,1.24,7,17,1.18,6,13
IRL,Premier Division,2026,19/06/2026,19:45,Waterford,Shamrock Rovers,0,2,A,,,,4.9,3.85,1.7,4.4,3.69,1.67,4.8,4.2,1.79,4.33,3.7,1.7
IRL,Premier Division,2026,19/06/2026,20:00,Bohemians,Dundalk,1,2,A,,,,1.84,3.8,4.3,1.73,3.66,4.02,1.8,4,4.9,1.7,3.75,4.2
IRL,Premier Division,2026,22/06/2026,19:45,Shelbourne,Bohemians,0,3,A,,,,2.75,3.25,2.62,2.6,3.09,2.53,2.88,3.35,2.78,2.63,3.2,2.45
IRL,Premier Division,2026,22/06/2026,20:00,Shamrock Rovers,Derry City,1,1,D,,,,1.95,3.45,4.7,1.83,3.27,4.06,2,3.4,4.6,1.95,3.3,3.7
IRL,Premier Division,2026,26/06/2026,19:30,Shamrock Rovers,Galway,3,1,H,,,,1.46,4.4,7.5,1.4,4.25,6.55,1.46,4.8,8.4,1.42,4.1,7
IRL,Premier Division,2026,26/06/2026,19:45,Derry City,Drogheda,2,0,H,,,,1.57,4,6.4,1.51,3.82,5.69,1.57,4.3,7.4,1.5,3.8,6
IRL,Premier Division,2026,26/06/2026,19:45,Dundalk,Waterford,2,3,A,,,,1.52,4.5,5.75,1.48,4.21,5.23,1.58,4.8,6,1.5,4.1,5.25
IRL,Premier Division,2026,26/06/2026,20:00,Bohemians,St. Patricks,2,0,H,,,,2.5,3.25,3.05,2.33,3.11,2.86,2.5,3.3,3.25,2.25,3.1,3
IRL,Premier Division,2026,27/06/2026,19:45,Sligo Rovers,Shelbourne,2,2,D,,,,4.5,3.6,1.76,4.27,3.48,1.73,4.8,3.8,1.84,4.33,3.5,1.73
IRL,Premier Division,2026,03/07/2026,19:45,Derry City,Waterford,2,4,A,,,,1.48,4.4,7.25,1.43,4.22,6.14,1.53,4.8,6.8,1.48,4.2,6.25
IRL,Premier Division,2026,03/07/2026,19:45,Drogheda,Bohemians,0,2,A,,,,4.4,3.6,1.77,4.24,3.49,1.73,4.8,3.7,1.88,4.2,3.6,1.73
IRL,Premier Division,2026,03/07/2026,19:45,Sligo Rovers,Shamrock Rovers,1,2,A,,,,5.7,4,1.6,5.15,3.83,1.54,6.2,4.4,1.62,5,3.8,1.57
IRL,Premier Division,2026,03/07/2026,19:45,St. Patricks,Galway,3,0,H,,,,1.44,4.6,7.1,1.4,4.36,6.46,1.46,4.9,8.2,1.42,4.5,6.25
IRL,Premier Division,2026,03/07/2026,20:00,Shelbourne,Dundalk,2,1,H,,,,2,3.6,3.6,1.95,3.46,3.35,2.06,3.7,3.95,2,3.6,3.1
IRL,Premier Division,2026,10/07/2026,19:45,Dundalk,Drogheda,1,2,A,,,,1.66,3.9,5,1.61,3.74,4.76,1.71,4,5.6,1.6,3.7,5
IRL,Premier Division,2026,10/07/2026,20:00,Waterford,St. Patricks,1,1,D,,,,5.5,4.33,1.55,4.88,4.09,1.53,5.7,4.5,1.63,4.75,4.2,1.55
IRL,Premier Division,2026,11/07/2026,17:00,Galway,Sligo Rovers,3,2,H,,,,1.75,3.85,4.35,1.71,3.68,4.08,1.81,4.1,4.6,1.73,3.7,4
IRL,Premier Division,2026,24/07/2026,20:00,St. Patricks,Dundalk,1,1,D,,,,1.5,4.4,6.75,1.45,4.18,5.84,1.55,4.7,6.8,1.5,4,5.75
IRL,Premier Division,2026,25/07/2026,17:00,Galway,Waterford,0,0,D,,,,2.1,3.85,3.5,2,3.61,3.09,2.18,3.95,3.35,2.1,3.4,3.1
IRL,Premier Division,2026,25/07/2026,19:45,Sligo Rovers,Drogheda,2,2,D,,,,2.75,3.3,2.54,2.64,3.19,2.43,2.88,3.5,2.66,2.6,3.2,2.5
IRL,Premier Division,2026,31/07/2026,19:45,Dundalk,Sligo Rovers,1,1,D,,,,1.54,4.33,6,1.49,4.18,5.38,1.59,4.7,6,1.5,4,5.25
IRL,Premier Division,2026,31/07/2026,20:00,Drogheda,Shamrock Rovers,0,0,D,,,,4.1,3.4,2,3.68,3.27,1.93,4.1,3.4,2.1,3.5,3.25,2
IRL,Premier Division,2026,02/08/2026,15:00,Waterford,Shelbourne,1,0,H,,,,2.92,3.6,2.33,2.76,3.41,2.26,3,3.75,2.46,2.8,3.3,2.25
IRL,Premier Division,2026,02/08/2026,17:00,St. Patricks,Derry City,1,1,D,,,,1.69,3.65,5.25,1.64,3.53,4.9,1.72,3.95,5.8,1.6,3.6,5.25
IRL,Premier Division,2026,02/08/2026,19:00,Bohemians,Galway,1,1,D,,,,1.53,4.25,5.9,1.49,4.06,5.4,1.57,4.6,6.4,1.53,3.9,5.5
IRL,Premier Division,2026,07/08/2026,19:45,Derry City,Sligo Rovers,2,0,H,,,,1.4,5.25,9,1.32,4.71,7.94,1.35,5.7,11,1.33,4.75,7
IRL,Premier Division,2026,07/08/2026,19:45,Galway,Drogheda,0,0,D,,,,2.1,3.3,3.6,2.02,3.17,3.41,2.14,3.45,3.95,2.05,3.2,3.4
IRL,Premier Division,2026,07/08/2026,20:00,Shamrock Rovers,Dundalk,3,2,H,,,,1.91,3.7,4.2,1.86,3.45,3.63,2,3.65,4.2,1.9,3.5,3.6
IRL,Premier Division,2026,09/08/2026,15:00,Waterford,Bohemians,3,1,H,,,,3.45,3.65,2.05,3.26,3.46,1.96,3.65,3.8,2.12,3.4,3.5,1.95
IRL,Premier Division,2026,09/08/2026,17:00,Shelbourne,St. Patricks,1,2,A,,,,3.5,3.4,2.1,3.27,3.25,2.03,3.65,3.55,2.2,3.25,3.25,2.1
IRL,Premier Division,2026,21/08/2026,19:45,Bohemians,Derry City,5,3,H,,,,1.8,3.65,4.45,1.76,3.53,4.01,1.86,3.9,4.7,1.75,3.5,3.9
IRL,Premier Division,2026,21/08/2026,19:45,Drogheda,St. Patricks,0,2,A,,,,5,3.7,1.69,4.82,3.57,1.63,5.6,3.8,1.76,5,3.6,1.62
IRL,Premier Division,2026,21/08/2026,19:45,Dundalk,Galway,1,2,A,,,,1.9,3.75,3.6,1.85,3.58,3.53,2,3.8,4,1.85,3.5,3.6
IRL,Premier Division,2026,21/08/2026,20:00,Sligo Rovers,Waterford,0,0,D,,,,3,3.5,2.25,2.89,3.43,2.16,3.25,3.7,2.3,3,3.3,2.15
IRL,Premier Division,2026,28/08/2026,19:45,Bohemians,Sligo Rovers,3,0,H,,,,1.25,6.25,12,1.23,5.58,9.85,1.27,6.6,14,1.22,5.75,9.5
IRL,Premier Division,2026,28/08/2026,19:45,Galway,Shelbourne,1,1,D,,,,2.64,3.4,2.63,2.52,3.27,2.52,2.78,3.5,2.7,2.4,3.3,2.6
IRL,Premier Division,2026,28/08/2026,19:45,St. Patricks,Waterford,0,2,A,,,,1.37,5.25,7.5,1.34,4.81,6.99,1.4,5.6,8.6,1.33,4.5,7
IRL,Premier Division,2026,28/08/2026,20:00,Drogheda,Dundalk,2,3,A,,,,2.94,3.35,2.45,2.79,3.2,2.33,3,3.5,2.54,2.8,3.1,2.38
IRL,Premier Division,2026,30/08/2026,16:00,Derry City,Shamrock Rovers,3,3,D,,,,2.75,3.3,2.55,2.67,3.17,2.45,2.84,3.35,2.72,2.63,3.1,2.55
IRL,Premier Division,2026,04/09/2026,20:00,Shamrock Rovers,Shelbourne,0,0,D,,,,1.62,3.8,5.25,1.59,3.72,5.03,1.67,4.1,5.9,1.57,3.75,5
IRL,Premier Division,2026,11/09/2026,19:45,Drogheda,Sligo Rovers,2,0,H,,,,1.86,3.6,4.2,1.81,3.36,3.98,1.9,3.7,4.7,1.75,3.5,4
IRL,Premier Division,2026,11/09/2026,19:45,Galway,Bohemians,2,3,A,,,,4.2,4,1.8,4.05,3.73,1.71,4.5,4.1,1.8,4.1,3.75,1.7
IRL,Premier Division,2026,11/09/2026,19:45,Shelbourne,Derry City,0,1,A,,,,2.32,3.4,3,2.24,3.26,2.89,2.38,3.5,3.2,2.25,3.3,3
IRL,Premier Division,2026,11/09/2026,19:45,Waterford,Dundalk,1,1,D,,,,2.2,3.75,3,2.11,3.57,2.87,2.28,3.9,3.2,2.1,3.5,2.9
IRL,Premier Division,2026,11/09/2026,20:00,St. Patricks,Shamrock Rovers,2,0,H,,,,2.37,3.3,3.05,2.3,3.1,2.9,2.5,3.3,3.2,2.35,3.2,2.88
IRL,Premier Division,2026,14/09/2026,19:45,Dundalk,St. Patricks,0,4,A,,,,3.6,3.8,1.91,3.45,3.65,1.85,3.85,4.1,1.98,3.4,3.75,1.85
IRL,Premier Division,2026,14/09/2026,19:45,Shelbourne,Drogheda,1,2,A,,,,1.84,3.65,4.4,1.77,3.48,4.06,1.85,3.75,4.9,1.8,3.5,4.1
IRL,Premier Division,2026,14/09/2026,19:45,Sligo Rovers,Galway,1,3,A,,,,3.6,3.65,1.94,3.45,3.54,1.88,4,3.75,2.02,3.5,3.6,1.85
IRL,Premier Division,2026,14/09/2026,19:45,Waterford,Derry City,2,2,D,,,,2.6,3.65,2.48,2.51,3.46,2.41,2.76,3.7,2.68,2.5,3.6,2.45
IRL,Premier Division,2026,18/09/2026,19:45,Derry City,Galway,1,0,H,,,,1.56,4.2,5.5,1.52,3.98,5.1,1.62,4.5,6,1.53,3.9,5.5
IRL,Premier Division,2026,18/09/2026,19:45,Dundalk,Shelbourne,2,3,A,,,,2.62,3.55,2.5,2.5,3.4,2.45,2.74,3.65,2.7,2.55,3.5,2.45
IRL,Premier Division,2026,18/09/2026,20:00,Bohemians,Drogheda,2,1,H,,,,1.38,5,9,1.33,4.69,7.36,1.39,5.4,9.2,1.36,4.5,7.5
IRL,Premier Division,2026,18/09/2026,20:00,Shamrock Rovers,Waterford,3,2,H,,,,1.5,4.5,5.9,1.48,4.23,5.46,1.54,4.9,6.4,1.5,4.1,5.5
IRL,Premier Division,2026,19/09/2026,19:45,Sligo Rovers,St. Patricks,0,1,A,,,,9.3,5.25,1.33,8.17,4.84,1.29,10.5,5.9,1.34,9,4.5,1.3
IRL,Premier Division,2026,25/09/2026,19:45,Galway,Shelbourne,1,1,D,,,,2.7,3.4,2.38,2.8,3.5,2.46,2.69,3.26,2.36,3.05,3.4,2.6
