Country,League,Season,Date,Time,Home,Away,HG,AG,Res,PSCH,PSCD,PSCA,MaxCH,MaxCD,MaxCA,AvgCH,AvgCD,AvgCA,BFECH,BFECD,BFECA,B365CH,B365CD,B365CA,HS,AS,HST,AST,HF,AF,HC,AC
NOR,Eliteserien,2020,16/06/2020,17:00,Aalesund,Molde,1,4,A,3.66,3.64,2.07,3.85,3.88,2.07,3.61,3.67,1.95,,,,,,,,,,,,,,
NOR,Eliteserien,2020,16/06/2020,17:00,Odd,Sandefjord,1,2,A,1.83,3.77,4.49,1.9,4.05,4.75,1.79,3.69,4.32,,,,,,,,,,,,,,
NOR,Eliteserien,2020,16/06/2020,17:00,Rosenborg,Kristiansund,0,0,D,1.63,4,5.94,1.67,4.1,5.94,1.61,3.89,5.39,,,,,,,,,,,,,,
NOR,Eliteserien,2020,16/06/2020,17:00,Stabaek,Mjondalen,0,0,D,2,3.38,4.22,2.04,3.7,4.22,1.94,3.42,3.94,,,,,,,,,,,,,,
NOR,Eliteserien,2020,16/06/2020,17:00,Viking,Bodo/Glimt,2,4,A,2.25,3.64,3.22,2.35,3.75,3.22,2.19,3.57,3.07,,,,,,,,,,,,,,
NOR,Eliteserien,2020,16/06/2020,19:30,Sarpsborg 08,Valerenga,0,1,A,2.41,3.34,3.16,2.5,3.5,3.25,2.39,3.27,2.99,,,,,,,,,,,,,,
NOR,Eliteserien,2020,17/06/2020,17:00,Start,Stromsgodset,2,2,D,2.67,3.6,2.64,2.75,3.65,2.64,2.65,3.5,2.51,,,,,,,,,,,,,,
NOR,Eliteserien,2020,17/06/2020,19:30,Haugesund,Brann,1,2,A,2.42,3.31,3.17,2.48,3.45,3.25,2.33,3.25,3.08,,,,,,,,,,,,,,
NOR,Eliteserien,2020,20/06/2020,17:00,Mjondalen,Sarpsborg 08,1,0,H,3.39,3.18,2.38,3.5,3.29,2.48,3.27,3.14,2.28,,,,,,,,,,,,,,
NOR,Eliteserien,2020,20/06/2020,19:30,Molde,Rosenborg,1,0,H,2.24,3.61,3.24,2.28,3.63,3.35,2.19,3.45,3.16,,,,,,,,,,,,,,
NOR,Eliteserien,2020,21/06/2020,17:00,Bodo/Glimt,Haugesund,6,1,H,1.73,4.11,4.72,1.77,4.2,4.93,1.69,3.95,4.58,,,,,,,,,,,,,,
NOR,Eliteserien,2020,21/06/2020,17:00,Kristiansund,Aalesund,7,2,H,2.32,3.35,3.32,2.43,3.51,3.45,2.3,3.28,3.12,,,,,,,,,,,,,,
NOR,Eliteserien,2020,21/06/2020,17:00,Sandefjord,Start,2,2,D,2.31,3.48,3.21,2.46,3.55,3.25,2.26,3.39,3.06,,,,,,,,,,,,,,
NOR,Eliteserien,2020,21/06/2020,17:00,Stromsgodset,Odd,1,0,H,2.53,3.56,2.82,2.53,3.56,2.92,2.44,3.43,2.75,,,,,,,,,,,,,,
NOR,Eliteserien,2020,21/06/2020,17:00,Valerenga,Stabaek,2,2,D,2.27,3.32,3.47,2.28,3.4,3.7,2.17,3.19,3.49,,,,,,,,,,,,,,
NOR,Eliteserien,2020,21/06/2020,19:30,Brann,Viking,3,0,H,2.02,3.79,3.66,2.12,3.79,3.85,1.99,3.59,3.54,,,,,,,,,,,,,,
NOR,Eliteserien,2020,24/06/2020,17:00,Aalesund,Brann,2,2,D,3.21,3.47,2.29,3.3,3.62,2.35,3.12,3.42,2.21,,,,,,,,,,,,,,
NOR,Eliteserien,2020,24/06/2020,17:00,Haugesund,Kristiansund,2,2,D,2.45,3.35,3.04,2.45,3.4,3.2,2.35,3.29,2.99,,,,,,,,,,,,,,
NOR,Eliteserien,2020,24/06/2020,17:00,Stabaek,Sandefjord,2,0,H,2.05,3.37,3.97,2.1,3.5,4.05,2,3.35,3.78,,,,,,,,,,,,,,
NOR,Eliteserien,2020,24/06/2020,17:00,Start,Molde,2,3,A,5.83,4.46,1.55,6.38,4.55,1.56,5.71,4.28,1.52,,,,,,,,,,,,,,
NOR,Eliteserien,2020,24/06/2020,17:00,Viking,Mjondalen,1,1,D,2.18,3.41,3.5,2.3,3.6,3.6,2.14,3.39,3.34,,,,,,,,,,,,,,
NOR,Eliteserien,2020,24/06/2020,19:30,Odd,Valerenga,4,1,H,2.54,3.28,2.97,2.65,3.44,3.1,2.44,3.25,2.88,,,,,,,,,,,,,,
NOR,Eliteserien,2020,25/06/2020,17:00,Sarpsborg 08,Stromsgodset,2,3,A,2.03,3.59,3.76,2.08,3.6,3.8,2.01,3.45,3.63,,,,,,,,,,,,,,
NOR,Eliteserien,2020,25/06/2020,19:30,Rosenborg,Bodo/Glimt,2,3,A,2.19,3.72,3.22,2.3,3.75,3.4,2.13,3.59,3.16,,,,,,,,,,,,,,
NOR,Eliteserien,2020,27/06/2020,17:00,Start,Odd,0,5,A,2.55,3.62,2.72,2.66,3.65,2.8,2.51,3.49,2.63,,,,,,,,,,,,,,
NOR,Eliteserien,2020,27/06/2020,19:30,Valerenga,Viking,2,1,H,2.05,3.76,3.54,2.15,3.85,3.54,2.02,3.65,3.38,,,,,,,,,,,,,,
NOR,Eliteserien,2020,28/06/2020,17:00,Bodo/Glimt,Sarpsborg 08,2,1,H,1.58,4.15,6.02,1.61,4.5,6.1,1.56,4.15,5.47,,,,,,,,,,,,,,
NOR,Eliteserien,2020,28/06/2020,17:00,Mjondalen,Kristiansund,1,2,A,2.61,3.33,2.84,2.84,3.4,2.84,2.61,3.2,2.72,,,,,,,,,,,,,,
NOR,Eliteserien,2020,28/06/2020,17:00,Molde,Stabaek,4,1,H,1.54,4.42,5.96,1.58,4.5,6.18,1.52,4.34,5.68,,,,,,,,,,,,,,
NOR,Eliteserien,2020,28/06/2020,17:00,Sandefjord,Haugesund,0,1,A,3.28,3.37,2.3,3.3,3.4,2.38,3.17,3.29,2.26,,,,,,,,,,,,,,
NOR,Eliteserien,2020,28/06/2020,17:00,Stromsgodset,Aalesund,1,1,D,1.97,3.83,3.7,2.05,3.88,3.81,1.96,3.66,3.55,,,,,,,,,,,,,,
NOR,Eliteserien,2020,28/06/2020,19:30,Brann,Rosenborg,1,2,A,2.44,3.45,2.98,2.6,3.45,3.09,2.43,3.24,2.92,,,,,,,,,,,,,,
NOR,Eliteserien,2020,01/07/2020,17:00,Aalesund,Mjondalen,1,3,A,2.9,3.44,2.5,2.96,3.44,2.6,2.84,3.33,2.43,,,,,,,,,,,,,,
NOR,Eliteserien,2020,01/07/2020,17:00,Haugesund,Start,1,0,H,1.79,3.93,4.42,1.83,4,4.59,1.76,3.79,4.29,,,,,,,,,,,,,,
NOR,Eliteserien,2020,01/07/2020,17:00,Odd,Bodo/Glimt,0,4,A,3.22,3.78,2.17,3.3,3.8,2.2,3.16,3.64,2.12,,,,,,,,,,,,,,
NOR,Eliteserien,2020,01/07/2020,17:00,Stabaek,Stromsgodset,2,0,H,1.96,3.71,3.86,2.05,3.75,4,1.93,3.55,3.78,,,,,,,,,,,,,,
NOR,Eliteserien,2020,01/07/2020,17:00,Viking,Sandefjord,2,0,H,1.68,4.27,4.79,1.7,4.27,5.5,1.64,3.98,4.97,,,,,,,,,,,,,,
NOR,Eliteserien,2020,01/07/2020,19:30,Rosenborg,Valerenga,1,1,D,1.78,3.81,4.66,1.82,3.95,4.9,1.73,3.78,4.55,,,,,,,,,,,,,,
NOR,Eliteserien,2020,02/07/2020,17:00,Kristiansund,Molde,2,2,D,3.79,4.01,1.9,4.18,4.1,1.96,3.67,3.95,1.86,,,,,,,,,,,,,,
NOR,Eliteserien,2020,02/07/2020,19:30,Sarpsborg 08,Brann,0,1,A,2.67,3.28,2.81,2.75,3.29,2.81,2.67,3.17,2.68,,,,,,,,,,,,,,
NOR,Eliteserien,2020,04/07/2020,17:00,Start,Viking,1,1,D,2.6,3.65,2.58,2.76,3.75,2.63,2.62,3.55,2.49,,,,,,,,,,,,,,
NOR,Eliteserien,2020,04/07/2020,19:30,Valerenga,Aalesund,2,2,D,1.63,4.26,5.03,1.66,4.45,5.65,1.62,4.09,4.99,,,,,,,,,,,,,,
NOR,Eliteserien,2020,05/07/2020,17:00,Bodo/Glimt,Brann,5,0,H,1.5,4.99,5.48,1.65,5.07,6.2,1.5,4.61,5.54,,,,,,,,,,,,,,
NOR,Eliteserien,2020,05/07/2020,17:00,Molde,Mjondalen,2,1,H,1.43,4.89,6.82,1.48,5.1,7.76,1.42,4.72,6.71,,,,,,,,,,,,,,
NOR,Eliteserien,2020,05/07/2020,17:00,Odd,Haugesund,0,0,D,2.51,3.3,2.9,2.62,3.36,3,2.46,3.26,2.85,,,,,,,,,,,,,,
NOR,Eliteserien,2020,05/07/2020,17:00,Sandefjord,Sarpsborg 08,0,3,A,3.56,3.2,2.21,3.56,3.35,2.3,3.44,3.2,2.17,,,,,,,,,,,,,,
NOR,Eliteserien,2020,05/07/2020,17:00,Stromsgodset,Kristiansund,2,2,D,2.73,3.7,2.44,2.88,3.71,2.55,2.73,3.58,2.38,,,,,,,,,,,,,,
NOR,Eliteserien,2020,05/07/2020,19:30,Stabaek,Rosenborg,0,3,A,3.08,3.43,2.33,3.3,3.55,2.36,3.05,3.36,2.28,,,,,,,,,,,,,,
NOR,Eliteserien,2020,11/07/2020,17:00,Haugesund,Molde,0,3,A,3.91,3.83,1.89,4.14,3.9,1.93,3.87,3.75,1.85,,,,,,,,,,,,,,
NOR,Eliteserien,2020,11/07/2020,19:30,Rosenborg,Stromsgodset,3,0,H,1.33,5.24,9.17,1.37,5.4,9.3,1.34,5.08,8.1,,,,,,,,,,,,,,
NOR,Eliteserien,2020,12/07/2020,17:00,Aalesund,Bodo/Glimt,1,6,A,6.2,5.37,1.42,7,5.7,1.43,6.42,5.26,1.39,,,,,,,,,,,,,,
NOR,Eliteserien,2020,12/07/2020,17:00,Kristiansund,Stabaek,1,2,A,1.7,4.02,4.71,1.76,4.2,4.75,1.7,3.91,4.51,,,,,,,,,,,,,,
NOR,Eliteserien,2020,12/07/2020,17:00,Mjondalen,Valerenga,0,1,A,2.83,3.33,2.55,2.88,3.39,2.67,2.79,3.25,2.5,,,,,,,,,,,,,,
NOR,Eliteserien,2020,12/07/2020,17:00,Sarpsborg 08,Start,1,0,H,1.59,3.91,6.11,1.65,4.2,6.35,1.57,3.89,5.86,,,,,,,,,,,,,,
NOR,Eliteserien,2020,12/07/2020,17:00,Viking,Odd,1,2,A,2.23,3.72,3.04,2.3,3.75,3.31,2.19,3.55,3.07,,,,,,,,,,,,,,
NOR,Eliteserien,2020,12/07/2020,19:30,Brann,Sandefjord,3,1,H,1.55,4.14,6.13,1.58,4.25,6.4,1.54,4.01,5.94,,,,,,,,,,,,,,
NOR,Eliteserien,2020,15/07/2020,17:00,Bodo/Glimt,Kristiansund,2,1,H,1.27,6.61,9.13,1.28,7,10.5,1.24,6.51,9.25,,,,,,,,,,,,,,
NOR,Eliteserien,2020,15/07/2020,17:00,Molde,Viking,5,0,H,1.32,5.99,8.07,1.33,6.45,9.6,1.3,5.71,8.4,,,,,,,,,,,,,,
NOR,Eliteserien,2020,15/07/2020,17:00,Sandefjord,Aalesund,1,0,H,2.67,3.54,2.57,2.8,3.56,2.58,2.65,3.46,2.51,,,,,,,,,,,,,,
NOR,Eliteserien,2020,15/07/2020,17:00,Stromsgodset,Mjondalen,2,1,H,2.72,3.44,2.58,2.75,3.72,2.65,2.62,3.46,2.54,,,,,,,,,,,,,,
NOR,Eliteserien,2020,15/07/2020,17:00,Valerenga,Haugesund,1,0,H,2.46,3.24,3.02,2.51,3.59,3.2,2.4,3.26,2.93,,,,,,,,,,,,,,
NOR,Eliteserien,2020,15/07/2020,19:30,Odd,Brann,1,0,H,2.67,3.29,2.73,2.75,3.54,2.73,2.63,3.32,2.61,,,,,,,,,,,,,,
NOR,Eliteserien,2020,16/07/2020,17:00,Stabaek,Sarpsborg 08,1,1,D,2.81,3.08,2.73,2.95,3.25,2.75,2.76,3.09,2.64,,,,,,,,,,,,,,
NOR,Eliteserien,2020,16/07/2020,19:30,Start,Rosenborg,0,0,D,4.86,4.18,1.66,5.8,4.5,1.67,4.88,4.12,1.62,,,,,,,,,,,,,,
NOR,Eliteserien,2020,18/07/2020,17:00,Mjondalen,Bodo/Glimt,2,3,A,6.79,4.97,1.43,7.6,5.25,1.48,6.62,4.93,1.41,,,,,,,,,,,,,,
NOR,Eliteserien,2020,18/07/2020,19:30,Haugesund,Viking,0,2,A,2.15,3.51,3.38,2.25,3.56,3.45,2.12,3.38,3.34,,,,,,,,,,,,,,
NOR,Eliteserien,2020,19/07/2020,17:00,Aalesund,Stabaek,1,3,A,2.43,3.52,2.86,2.55,3.6,2.94,2.4,3.44,2.79,,,,,,,,,,,,,,
NOR,Eliteserien,2020,19/07/2020,17:00,Kristiansund,Valerenga,0,0,D,1.99,3.68,3.69,2.2,3.85,3.7,2.01,3.6,3.45,,,,,,,,,,,,,,
NOR,Eliteserien,2020,19/07/2020,17:00,Rosenborg,Sandefjord,2,1,H,1.41,4.83,7.45,1.44,5.05,8.03,1.4,4.75,7.07,,,,,,,,,,,,,,
NOR,Eliteserien,2020,19/07/2020,17:00,Sarpsborg 08,Odd,2,0,H,2.09,3.39,3.66,2.17,3.56,3.76,2.06,3.34,3.54,,,,,,,,,,,,,,
NOR,Eliteserien,2020,19/07/2020,17:00,Stromsgodset,Molde,0,4,A,5.28,4.4,1.58,5.75,4.8,1.59,5.16,4.45,1.54,,,,,,,,,,,,,,
NOR,Eliteserien,2020,19/07/2020,19:30,Brann,Start,1,1,D,1.7,3.97,4.82,1.73,4,5,1.69,3.85,4.67,,,,,,,,,,,,,,
NOR,Eliteserien,2020,25/07/2020,17:00,Odd,Aalesund,3,2,H,1.8,3.9,4.27,1.83,4.05,5.1,1.78,3.8,4.24,,,,,,,,,,,,,,
NOR,Eliteserien,2020,25/07/2020,19:30,Brann,Kristiansund,1,1,D,2.14,3.62,3.3,2.24,3.85,3.45,2.13,3.52,3.22,,,,,,,,,,,,,,
NOR,Eliteserien,2020,26/07/2020,17:00,Bodo/Glimt,Molde,3,1,H,1.79,4.34,3.87,1.89,4.45,4,1.78,4.21,3.82,,,,,,,,,,,,,,
NOR,Eliteserien,2020,26/07/2020,17:00,Sandefjord,Mjondalen,1,0,H,3.1,3.2,2.44,3.22,3.4,2.54,3.01,3.22,2.38,,,,,,,,,,,,,,
NOR,Eliteserien,2020,26/07/2020,17:00,Start,Stabaek,0,0,D,2.78,3.53,2.49,2.92,3.65,2.61,2.7,3.46,2.46,,,,,,,,,,,,,,
NOR,Eliteserien,2020,26/07/2020,17:00,Valerenga,Stromsgodset,2,0,H,2.11,3.55,3.43,2.15,3.75,3.92,2.04,3.57,3.41,,,,,,,,,,,,,,
NOR,Eliteserien,2020,26/07/2020,17:00,Viking,Sarpsborg 08,3,0,H,2.46,3.44,2.87,2.67,3.5,2.95,2.45,3.36,2.81,,,,,,,,,,,,,,
NOR,Eliteserien,2020,26/07/2020,19:30,Haugesund,Rosenborg,1,0,H,2.89,3.2,2.58,3.09,3.35,2.72,2.86,3.19,2.5,,,,,,,,,,,,,,
NOR,Eliteserien,2020,29/07/2020,17:00,Aalesund,Start,3,2,H,2.3,3.47,3.09,2.44,3.55,3.3,2.26,3.44,3.05,,,,,,,,,,,,,,
NOR,Eliteserien,2020,29/07/2020,17:00,Kristiansund,Sandefjord,3,1,H,1.52,4.44,6.12,1.57,4.62,6.95,1.49,4.39,6.08,,,,,,,,,,,,,,
NOR,Eliteserien,2020,29/07/2020,17:00,Mjondalen,Odd,0,2,A,3.08,3.37,2.35,3.24,3.45,2.53,2.98,3.29,2.36,,,,,,,,,,,,,,
NOR,Eliteserien,2020,29/07/2020,17:00,Sarpsborg 08,Haugesund,0,0,D,2.36,3.14,3.29,2.39,3.36,3.52,2.27,3.16,3.26,,,,,,,,,,,,,,
NOR,Eliteserien,2020,29/07/2020,17:00,Stromsgodset,Brann,3,1,H,2.9,3.59,2.37,3.06,3.78,2.52,2.89,3.55,2.31,,,,,,,,,,,,,,
NOR,Eliteserien,2020,29/07/2020,19:30,Molde,Valerenga,4,1,H,1.74,3.92,4.63,1.76,4.3,5.15,1.67,4.01,4.68,,,,,,,,,,,,,,
NOR,Eliteserien,2020,30/07/2020,17:00,Stabaek,Bodo/Glimt,2,2,D,4.75,4.31,1.65,5,4.6,1.72,4.47,4.24,1.66,,,,,,,,,,,,,,
NOR,Eliteserien,2020,30/07/2020,19:30,Rosenborg,Viking,3,0,H,2,3.81,3.55,2.11,3.95,3.88,1.98,3.7,3.46,,,,,,,,,,,,,,
NOR,Eliteserien,2020,01/08/2020,17:00,Sandefjord,Molde,2,1,H,4.99,4.13,1.65,5.6,4.3,1.7,4.88,4.02,1.64,,,,,,,,,,,,,,
NOR,Eliteserien,2020,01/08/2020,19:30,Brann,Valerenga,1,2,A,2.04,3.38,3.85,2.2,3.64,3.94,2.04,3.39,3.6,,,,,,,,,,,,,,
NOR,Eliteserien,2020,02/08/2020,17:00,Bodo/Glimt,Stromsgodset,3,2,H,1.18,7.7,13.59,1.22,8.7,17,1.18,7.57,12.6,,,,,,,,,,,,,,
NOR,Eliteserien,2020,02/08/2020,17:00,Haugesund,Stabaek,3,1,H,2,3.51,3.84,2.18,3.54,3.86,2.06,3.32,3.64,,,,,,,,,,,,,,
NOR,Eliteserien,2020,02/08/2020,17:00,Sarpsborg 08,Aalesund,4,0,H,1.59,3.96,6.01,1.66,4.35,6.01,1.58,4.01,5.48,,,,,,,,,,,,,,
NOR,Eliteserien,2020,02/08/2020,17:00,Start,Mjondalen,3,0,H,2.1,3.45,3.56,2.25,3.55,3.76,2.09,3.39,3.45,,,,,,,,,,,,,,
NOR,Eliteserien,2020,02/08/2020,17:00,Viking,Kristiansund,1,2,A,1.87,4.06,3.78,2,4.06,4.1,1.88,3.84,3.7,,,,,,,,,,,,,,
NOR,Eliteserien,2020,02/08/2020,19:30,Odd,Rosenborg,2,1,H,2.36,3.4,3.05,2.51,3.5,3.28,2.32,3.34,3,,,,,,,,,,,,,,
NOR,Eliteserien,2020,05/08/2020,18:00,Molde,Start,5,0,H,1.3,5.68,9.61,1.33,6.55,10.75,1.3,5.61,8.88,,,,,,,,,,,,,,
NOR,Eliteserien,2020,08/08/2020,17:00,Valerenga,Bodo/Glimt,2,2,D,3.72,4.07,1.88,4.15,4.22,1.94,3.7,4.03,1.84,,,,,,,,,,,,,,
NOR,Eliteserien,2020,09/08/2020,17:00,Aalesund,Viking,2,2,D,3.96,3.98,1.85,4.3,4.28,1.92,3.79,4,1.83,,,,,,,,,,,,,,
NOR,Eliteserien,2020,09/08/2020,17:00,Kristiansund,Start,3,2,H,1.54,4.46,5.66,1.63,4.5,6.2,1.54,4.3,5.46,,,,,,,,,,,,,,
NOR,Eliteserien,2020,09/08/2020,17:00,Mjondalen,Haugesund,1,0,H,2.75,3.11,2.77,2.94,3.35,2.83,2.76,3.11,2.64,,,,,,,,,,,,,,
NOR,Eliteserien,2020,09/08/2020,17:00,Stabaek,Odd,0,1,A,2.86,3.31,2.54,3.08,3.38,2.62,2.86,3.23,2.47,,,,,,,,,,,,,,
NOR,Eliteserien,2020,09/08/2020,17:00,Stromsgodset,Sandefjord,3,4,A,1.66,4.19,4.82,1.76,4.3,5.25,1.67,4.02,4.65,,,,,,,,,,,,,,
NOR,Eliteserien,2020,09/08/2020,19:30,Rosenborg,Sarpsborg 08,5,1,H,1.9,3.41,4.42,1.98,3.72,4.5,1.88,3.46,4.17,,,,,,,,,,,,,,
NOR,Eliteserien,2020,10/08/2020,19:30,Molde,Brann,1,2,A,1.56,4.44,5.45,1.58,4.88,6.3,1.52,4.58,5.39,,,,,,,,,,,,,,
NOR,Eliteserien,2020,15/08/2020,15:00,Sarpsborg 08,Molde,2,1,H,3.61,4.04,1.93,4,4.1,1.98,3.56,3.88,1.91,,,,,,,,,,,,,,
NOR,Eliteserien,2020,16/08/2020,17:00,Brann,Mjondalen,0,1,A,1.66,3.9,5.32,1.7,4.33,5.95,1.63,3.93,5.16,,,,,,,,,,,,,,
NOR,Eliteserien,2020,16/08/2020,17:00,Haugesund,Stromsgodset,2,3,A,1.99,3.51,3.9,2.07,3.69,4.05,1.95,3.49,3.79,,,,,,,,,,,,,,
NOR,Eliteserien,2020,16/08/2020,17:00,Odd,Kristiansund,2,1,H,1.95,3.63,3.9,2.06,3.7,4.05,1.93,3.59,3.77,,,,,,,,,,,,,,
NOR,Eliteserien,2020,16/08/2020,17:00,Sandefjord,Bodo/Glimt,1,2,A,5.13,4.35,1.6,5.4,5,1.65,4.95,4.43,1.57,,,,,,,,,,,,,,
NOR,Eliteserien,2020,16/08/2020,17:00,Viking,Stabaek,3,3,D,1.76,3.79,4.62,1.82,4.2,4.75,1.74,3.85,4.4,,,,,,,,,,,,,,
NOR,Eliteserien,2020,16/08/2020,19:30,Rosenborg,Aalesund,3,2,H,1.35,5.38,7.91,1.4,6.25,9,1.34,5.41,7.57,,,,,,,,,,,,,,
NOR,Eliteserien,2020,17/08/2020,19:30,Start,Valerenga,2,1,H,2.93,3.37,2.45,3.12,3.7,2.65,2.84,3.39,2.4,,,,,,,,,,,,,,
NOR,Eliteserien,2020,22/08/2020,14:00,Molde,Odd,2,0,H,1.67,4.08,4.9,1.74,4.35,5.05,1.67,4.1,4.6,,,,,,,,,,,,,,
NOR,Eliteserien,2020,22/08/2020,17:00,Aalesund,Haugesund,1,3,A,2.84,3.38,2.51,3,3.6,2.6,2.81,3.39,2.43,,,,,,,,,,,,,,
NOR,Eliteserien,2020,22/08/2020,17:00,Bodo/Glimt,Start,6,0,H,1.22,6.4,10.7,1.28,7.4,12.5,1.22,6.57,10.66,,,,,,,,,,,,,,
NOR,Eliteserien,2020,22/08/2020,17:00,Kristiansund,Sarpsborg 08,4,1,H,2.08,3.6,3.47,2.2,3.85,3.54,2.08,3.58,3.3,,,,,,,,,,,,,,
NOR,Eliteserien,2020,22/08/2020,17:00,Stromsgodset,Viking,0,2,A,2.44,3.76,2.7,2.55,3.94,2.82,2.39,3.74,2.66,,,,,,,,,,,,,,
NOR,Eliteserien,2020,22/08/2020,17:00,Valerenga,Sandefjord,2,1,H,1.55,4.26,5.91,1.64,4.3,6.25,1.57,4.08,5.57,,,,,,,,,,,,,,
NOR,Eliteserien,2020,22/08/2020,19:30,Mjondalen,Rosenborg,0,2,A,3.78,3.34,2.08,3.9,3.74,2.14,3.62,3.47,2.02,,,,,,,,,,,,,,
NOR,Eliteserien,2020,24/08/2020,19:30,Stabaek,Brann,0,2,A,2.7,3.29,2.64,2.85,3.55,2.77,2.69,3.35,2.54,,,,,,,,,,,,,,
NOR,Eliteserien,2020,29/08/2020,17:00,Haugesund,Valerenga,2,1,H,2.58,3.1,2.93,2.65,3.42,3.06,2.49,3.15,2.91,,,,,,,,,,,,,,
NOR,Eliteserien,2020,29/08/2020,19:30,Brann,Stromsgodset,1,1,D,1.75,3.7,4.74,1.8,4.37,4.8,1.72,3.95,4.42,,,,,,,,,,,,,,
NOR,Eliteserien,2020,30/08/2020,17:00,Odd,Mjondalen,6,1,H,1.63,3.83,5.67,1.68,4.05,6.45,1.62,3.83,5.43,,,,,,,,,,,,,,
NOR,Eliteserien,2020,30/08/2020,17:00,Rosenborg,Stabaek,2,2,D,1.51,4.68,5.71,1.53,4.95,7.2,1.47,4.61,6.04,,,,,,,,,,,,,,
NOR,Eliteserien,2020,30/08/2020,17:00,Sandefjord,Kristiansund,0,2,A,2.94,3.36,2.42,3.08,3.63,2.54,2.87,3.4,2.39,,,,,,,,,,,,,,
NOR,Eliteserien,2020,30/08/2020,17:00,Sarpsborg 08,Bodo/Glimt,0,3,A,3.55,3.95,1.94,4.21,4.33,2,3.51,3.95,1.91,,,,,,,,,,,,,,
NOR,Eliteserien,2020,30/08/2020,17:00,Start,Aalesund,1,0,H,2.25,3.74,2.94,2.35,3.9,3.32,2.2,3.7,2.96,,,,,,,,,,,,,,
NOR,Eliteserien,2020,30/08/2020,19:30,Viking,Molde,3,2,H,3.18,3.97,2.06,3.32,4.15,2.16,3.13,3.95,2.04,,,,,,,,,,,,,,
NOR,Eliteserien,2020,12/09/2020,17:00,Kristiansund,Viking,3,5,A,1.98,4.29,3.37,2.05,4.29,3.5,1.95,4.04,3.32,,,,,,,,,,,,,,
NOR,Eliteserien,2020,12/09/2020,19:30,Stabaek,Haugesund,2,1,H,2.65,3.13,2.97,2.68,3.3,3,2.55,3.1,2.87,,,,,,,,,,,,,,
NOR,Eliteserien,2020,13/09/2020,17:00,Aalesund,Sarpsborg 08,0,1,A,2.59,3.56,2.73,2.76,3.6,2.8,2.55,3.42,2.65,,,,,,,,,,,,,,
NOR,Eliteserien,2020,13/09/2020,17:00,Bodo/Glimt,Odd,6,1,H,1.54,4.73,5.58,1.57,5,5.75,1.52,4.64,5.3,,,,,,,,,,,,,,
NOR,Eliteserien,2020,13/09/2020,17:00,Mjondalen,Sandefjord,0,2,A,2.43,3.14,3.29,2.45,3.44,3.4,2.37,3.14,3.11,,,,,,,,,,,,,,
NOR,Eliteserien,2020,13/09/2020,17:00,Stromsgodset,Rosenborg,3,3,D,3.87,4.14,1.87,3.88,4.14,1.91,3.71,3.97,1.85,,,,,,,,,,,,,,
NOR,Eliteserien,2020,13/09/2020,19:30,Valerenga,Brann,5,1,H,1.85,4,4.09,1.91,4,4.5,1.84,3.78,3.94,,,,,,,,,,,,,,
NOR,Eliteserien,2020,19/09/2020,17:00,Valerenga,Molde,2,1,H,2.19,3.98,3.06,2.21,4,3.22,2.14,3.79,3.05,,,,,,,,,,,,,,
NOR,Eliteserien,2020,19/09/2020,19:30,Sarpsborg 08,Mjondalen,2,0,H,1.88,3.45,4.69,1.92,3.75,4.71,1.84,3.45,4.39,,,,,,,,,,,,,,
NOR,Eliteserien,2020,20/09/2020,17:00,Brann,Bodo/Glimt,1,3,A,4.83,4.65,1.63,5.75,4.86,1.63,4.9,4.59,1.56,,,,,,,,,,,,,,
NOR,Eliteserien,2020,20/09/2020,17:00,Rosenborg,Haugesund,2,1,H,1.91,3.69,4.15,1.96,3.9,4.64,1.85,3.69,4.03,,,,,,,,,,,,,,
NOR,Eliteserien,2020,20/09/2020,17:00,Sandefjord,Stromsgodset,0,0,D,2.76,3.3,2.72,2.78,3.5,2.72,2.67,3.25,2.65,,,,,,,,,,,,,,
NOR,Eliteserien,2020,20/09/2020,17:00,Start,Kristiansund,1,2,A,2.84,3.72,2.43,3.05,3.75,2.47,2.82,3.58,2.35,,,,,,,,,,,,,,
NOR,Eliteserien,2020,20/09/2020,17:00,Viking,Aalesund,5,2,H,1.37,5.55,7.74,1.38,5.95,9.2,1.35,5.44,7.55,,,,,,,,,,,,,,
NOR,Eliteserien,2020,20/09/2020,19:30,Odd,Stabaek,2,0,H,1.7,4.07,4.9,1.74,4.2,5.03,1.68,3.96,4.72,,,,,,,,,,,,,,
NOR,Eliteserien,2020,26/09/2020,17:00,Molde,Sandefjord,0,1,A,1.37,5.6,7.81,1.4,5.71,8.5,1.36,5.28,7.34,,,,,,,,,,,,,,
NOR,Eliteserien,2020,26/09/2020,19:30,Stromsgodset,Sarpsborg 08,0,0,D,2.34,3.61,3.04,2.4,3.72,3.1,2.27,3.57,2.92,,,,,,,,,,,,,,
NOR,Eliteserien,2020,27/09/2020,17:00,Aalesund,Rosenborg,1,2,A,4.45,4.15,1.75,5.23,4.45,1.81,4.5,4.2,1.67,,,,,,,,,,,,,,
NOR,Eliteserien,2020,27/09/2020,17:00,Haugesund,Odd,4,4,D,2.58,3.42,2.83,2.61,3.55,2.87,2.52,3.36,2.73,,,,,,,,,,,,,,
NOR,Eliteserien,2020,27/09/2020,17:00,Kristiansund,Brann,1,1,D,1.9,4.3,3.61,1.94,4.3,4,1.84,4.04,3.7,,,,,,,,,,,,,,
NOR,Eliteserien,2020,27/09/2020,17:00,Mjondalen,Viking,1,2,A,3.26,3.78,2.16,3.4,3.78,2.18,3.22,3.6,2.11,,,,,,,,,,,,,,
NOR,Eliteserien,2020,27/09/2020,17:00,Stabaek,Start,2,0,H,1.93,3.69,4.09,2.04,3.78,4.15,1.9,3.58,3.9,,,,,,,,,,,,,,
NOR,Eliteserien,2020,27/09/2020,19:30,Bodo/Glimt,Valerenga,2,0,H,1.63,4.52,4.93,1.7,4.86,5.15,1.62,4.45,4.53,,,,,,,,,,,,,,
NOR,Eliteserien,2020,03/10/2020,17:00,Sarpsborg 08,Stabaek,4,0,H,1.87,3.78,4.24,1.95,3.99,4.5,1.86,3.61,4.07,,,,,,,,,,,,,,
NOR,Eliteserien,2020,03/10/2020,19:30,Valerenga,Mjondalen,4,1,H,1.39,5.09,8.16,1.4,5.4,9,1.35,5.04,8,,,,,,,,,,,,,,
NOR,Eliteserien,2020,04/10/2020,17:00,Aalesund,Kristiansund,1,2,A,3.75,4.02,1.93,3.75,4.15,1.98,3.55,3.89,1.91,,,,,,,,,,,,,,
NOR,Eliteserien,2020,04/10/2020,17:00,Bodo/Glimt,Sandefjord,2,1,H,1.27,6.5,10.62,1.28,6.89,12.04,1.25,6.16,10.15,,,,,,,,,,,,,,
NOR,Eliteserien,2020,04/10/2020,17:00,Brann,Molde,1,2,A,3.05,3.95,2.21,3.05,4.04,2.69,2.92,3.81,2.19,,,,,,,,,,,,,,
NOR,Eliteserien,2020,04/10/2020,17:00,Start,Haugesund,5,1,H,2.91,3.39,2.54,3,3.5,2.6,2.83,3.33,2.45,,,,,,,,,,,,,,
NOR,Eliteserien,2020,04/10/2020,17:00,Viking,Stromsgodset,2,2,D,1.88,4.2,3.79,1.93,4.37,3.93,1.87,4.05,3.59,,,,,,,,,,,,,,
NOR,Eliteserien,2020,04/10/2020,19:30,Rosenborg,Odd,4,1,H,1.79,4.1,4.26,1.83,4.2,4.4,1.78,3.94,4.08,,,,,,,,,,,,,,
NOR,Eliteserien,2020,17/10/2020,17:00,Mjondalen,Brann,2,0,H,3.07,3.71,2.28,3.25,3.75,2.36,2.98,3.53,2.26,,,,,,,,,,,,,,
NOR,Eliteserien,2020,17/10/2020,19:30,Molde,Bodo/Glimt,4,2,H,1.69,4.68,4.31,1.71,4.78,4.55,1.66,4.53,4.2,,,,,,,,,,,,,,
NOR,Eliteserien,2020,18/10/2020,17:00,Haugesund,Sarpsborg 08,2,0,H,2.35,3.31,3.27,2.4,3.5,3.27,2.25,3.31,3.19,,,,,,,,,,,,,,
NOR,Eliteserien,2020,18/10/2020,17:00,Kristiansund,Rosenborg,0,0,D,3.44,3.79,2.09,3.44,3.9,2.14,3.31,3.71,2.05,,,,,,,,,,,,,,
NOR,Eliteserien,2020,18/10/2020,17:00,Stabaek,Aalesund,4,0,H,1.83,3.82,4.37,1.88,4,4.37,1.81,3.78,4.11,,,,,,,,,,,,,,
NOR,Eliteserien,2020,18/10/2020,17:00,Stromsgodset,Start,1,1,D,1.86,4.07,3.94,1.9,4.2,4.01,1.84,3.95,3.78,,,,,,,,,,,,,,
NOR,Eliteserien,2020,18/10/2020,19:30,Sandefjord,Valerenga,0,3,A,4.21,3.72,1.89,4.33,3.75,1.97,4,3.58,1.88,,,,,,,,,,,,,,
NOR,Eliteserien,2020,24/10/2020,17:00,Start,Sandefjord,0,1,A,1.97,3.53,4.09,1.98,3.75,4.12,1.91,3.57,3.87,,,,,,,,,,,,,,
NOR,Eliteserien,2020,24/10/2020,19:30,Brann,Stabaek,1,1,D,2.05,3.68,3.64,2.14,3.76,3.64,2.02,3.61,3.46,,,,,,,,,,,,,,
NOR,Eliteserien,2020,25/10/2020,17:00,Aalesund,Odd,0,3,A,3.76,4.07,1.91,3.93,4.24,1.95,3.73,4.01,1.84,,,,,,,,,,,,,,
NOR,Eliteserien,2020,25/10/2020,17:00,Molde,Stromsgodset,2,1,H,1.3,6.2,9.15,1.34,6.5,11.25,1.28,5.96,8.75,,,,,,,,,,,,,,
NOR,Eliteserien,2020,25/10/2020,17:00,Sarpsborg 08,Rosenborg,1,2,A,3.64,3.41,2.15,3.64,3.58,2.2,3.42,3.37,2.12,,,,,,,,,,,,,,
NOR,Eliteserien,2020,25/10/2020,17:00,Valerenga,Kristiansund,1,1,D,1.64,4.47,4.9,1.66,4.54,5.5,1.59,4.34,4.88,,,,,,,,,,,,,,
NOR,Eliteserien,2020,25/10/2020,19:30,Bodo/Glimt,Mjondalen,2,0,H,1.27,6.27,10.81,1.3,6.76,11,1.26,6,9.62,,,,,,,,,,,,,,
NOR,Eliteserien,2020,27/10/2020,18:00,Viking,Haugesund,0,1,A,2.34,3.66,3,2.35,3.7,3.08,2.3,3.52,2.93,,,,,,,,,,,,,,
NOR,Eliteserien,2020,31/10/2020,17:00,Odd,Sarpsborg 08,1,1,D,1.82,3.94,4.29,1.98,3.95,4.48,1.81,3.76,4.12,,,,,,,,,,,,,,
NOR,Eliteserien,2020,31/10/2020,19:30,Haugesund,Aalesund,0,1,A,1.46,4.71,7.03,1.5,4.8,7.03,1.46,4.5,6.58,,,,,,,,,,,,,,
NOR,Eliteserien,2020,01/11/2020,14:00,Mjondalen,Molde,1,3,A,4.73,4.02,1.74,5,4.35,1.77,4.54,3.94,1.71,,,,,,,,,,,,,,
NOR,Eliteserien,2020,01/11/2020,17:00,Kristiansund,Bodo/Glimt,2,3,A,3.37,4.21,2,3.4,4.33,2.19,3.25,4.03,1.98,,,,,,,,,,,,,,
NOR,Eliteserien,2020,01/11/2020,17:00,Rosenborg,Start,1,0,H,1.34,5.42,9.05,1.4,5.5,9.05,1.35,5.12,7.89,,,,,,,,,,,,,,
NOR,Eliteserien,2020,01/11/2020,17:00,Sandefjord,Brann,3,3,D,3.27,3.36,2.33,3.27,3.5,2.46,3.09,3.28,2.31,,,,,,,,,,,,,,
NOR,Eliteserien,2020,01/11/2020,17:00,Stabaek,Viking,1,1,D,2.09,3.92,3.33,2.15,4,3.4,2.06,3.75,3.23,,,,,,,,,,,,,,
NOR,Eliteserien,2020,01/11/2020,19:30,Stromsgodset,Valerenga,0,2,A,3.05,4.02,2.19,3.18,4.05,2.35,2.91,3.85,2.19,,,,,,,,,,,,,,
NOR,Eliteserien,2020,04/11/2020,18:00,Odd,Viking,3,0,H,1.7,4.29,4.63,1.78,4.5,4.7,1.67,4.21,4.44,,,,,,,,,,,,,,
NOR,Eliteserien,2020,07/11/2020,17:00,Mjondalen,Stromsgodset,3,0,H,3.04,3.47,2.4,3.05,3.56,2.48,2.91,3.37,2.37,,,,,,,,,,,,,,
NOR,Eliteserien,2020,07/11/2020,19:30,Brann,Haugesund,1,2,A,2.19,3.6,3.34,2.24,3.61,3.4,2.17,3.43,3.23,,,,,,,,,,,,,,
NOR,Eliteserien,2020,08/11/2020,17:00,Bodo/Glimt,Aalesund,7,0,H,1.16,9.09,14.76,1.17,9.5,20,1.14,8.3,15.26,,,,,,,,,,,,,,
NOR,Eliteserien,2020,08/11/2020,17:00,Molde,Kristiansund,2,2,D,1.5,4.85,6.14,1.54,5,6.4,1.48,4.69,5.73,,,,,,,,,,,,,,
NOR,Eliteserien,2020,08/11/2020,17:00,Sandefjord,Stabaek,0,0,D,3.22,3.26,2.4,3.25,3.4,2.48,3.07,3.2,2.36,,,,,,,,,,,,,,
NOR,Eliteserien,2020,08/11/2020,17:00,Start,Sarpsborg 08,3,2,H,2.76,3.47,2.62,2.81,3.54,2.62,2.69,3.4,2.52,,,,,,,,,,,,,,
NOR,Eliteserien,2020,08/11/2020,17:00,Viking,Rosenborg,3,0,H,4.17,4.36,1.76,4.33,4.38,1.8,4.03,4.12,1.75,,,,,,,,,,,,,,
NOR,Eliteserien,2020,08/11/2020,19:30,Valerenga,Odd,2,0,H,1.86,4.07,3.97,1.91,4.07,4.01,1.85,3.87,3.83,,,,,,,,,,,,,,
NOR,Eliteserien,2020,21/11/2020,15:00,Stabaek,Molde,0,3,A,3.67,3.78,2.01,3.96,3.89,2.06,3.56,3.66,1.97,,,,,,,,,,,,,,
NOR,Eliteserien,2020,21/11/2020,17:00,Aalesund,Valerenga,1,1,D,8.37,5.58,1.35,9.45,5.8,1.38,7.9,5.34,1.34,,,,,,,,,,,,,,
NOR,Eliteserien,2020,22/11/2020,17:00,Haugesund,Sandefjord,3,2,H,1.79,3.51,5.15,1.82,3.7,5.15,1.77,3.49,4.75,,,,,,,,,,,,,,
NOR,Eliteserien,2020,22/11/2020,17:00,Kristiansund,Mjondalen,1,0,H,1.71,3.92,5.06,1.73,4.1,5.1,1.68,3.86,4.8,,,,,,,,,,,,,,
NOR,Eliteserien,2020,22/11/2020,17:00,Odd,Start,1,2,A,1.67,4.25,4.95,1.67,4.5,5.2,1.62,4.18,4.89,,,,,,,,,,,,,,
NOR,Eliteserien,2020,22/11/2020,17:00,Sarpsborg 08,Viking,1,2,A,2.23,3.55,3.29,2.24,3.73,3.4,2.15,3.51,3.2,,,,,,,,,,,,,,
NOR,Eliteserien,2020,22/11/2020,19:00,Stromsgodset,Bodo/Glimt,1,2,A,3.66,4.27,1.89,3.94,4.57,1.91,3.68,4.28,1.8,,,,,,,,,,,,,,
NOR,Eliteserien,2020,24/11/2020,18:00,Rosenborg,Brann,2,3,A,1.63,4.18,5.39,1.67,4.33,5.5,1.61,4.1,5.03,,,,,,,,,,,,,,
NOR,Eliteserien,2020,28/11/2020,15:00,Viking,Start,4,1,H,2.17,3.77,3.25,2.2,4.05,3.56,2.09,3.71,3.18,,,,,,,,,,,,,,
NOR,Eliteserien,2020,28/11/2020,17:00,Brann,Aalesund,3,1,H,1.29,5.82,10.63,1.37,6,10.63,1.29,5.66,9.13,,,,,,,,,,,,,,
NOR,Eliteserien,2020,29/11/2020,17:00,Bodo/Glimt,Rosenborg,5,1,H,2.21,3.97,3.04,2.25,4.13,3.25,2.14,3.84,2.99,,,,,,,,,,,,,,
NOR,Eliteserien,2020,29/11/2020,17:00,Kristiansund,Stromsgodset,2,1,H,1.98,3.93,3.63,2.03,4.1,3.76,1.95,3.76,3.55,,,,,,,,,,,,,,
NOR,Eliteserien,2020,29/11/2020,17:00,Mjondalen,Stabaek,0,1,A,2.75,3.17,2.82,2.76,3.4,2.92,2.65,3.13,2.74,,,,,,,,,,,,,,
NOR,Eliteserien,2020,29/11/2020,17:00,Molde,Haugesund,3,1,H,1.42,5.03,7.44,1.46,5.15,7.5,1.41,4.86,6.83,,,,,,,,,,,,,,
NOR,Eliteserien,2020,29/11/2020,19:00,Valerenga,Sarpsborg 08,1,1,D,1.56,4.28,6.08,1.62,4.33,6.1,1.56,4.1,5.58,,,,,,,,,,,,,,
NOR,Eliteserien,2020,02/12/2020,17:00,Viking,Brann,2,0,H,2.09,4.08,3.22,2.1,4.27,3.46,2,3.95,3.24,,,,,,,,,,,,,,
NOR,Eliteserien,2020,02/12/2020,17:00,Start,Bodo/Glimt,1,1,D,3.74,4.42,1.85,4.05,4.6,1.86,3.83,4.33,1.75,,,,,,,,,,,,,,
NOR,Eliteserien,2020,02/12/2020,19:00,Stabaek,Valerenga,1,1,D,3.67,3.67,2.04,3.67,3.78,2.12,3.48,3.58,2.02,,,,,,,,,,,,,,
NOR,Eliteserien,2020,02/12/2020,17:00,Sarpsborg 08,Kristiansund,1,1,D,2.77,3.36,2.67,2.77,3.53,2.85,2.63,3.36,2.61,,,,,,,,,,,,,,
NOR,Eliteserien,2020,02/12/2020,17:00,Haugesund,Mjondalen,1,1,D,2.13,3.34,3.76,2.15,3.63,3.88,2.05,3.37,3.6,,,,,,,,,,,,,,
NOR,Eliteserien,2020,02/12/2020,17:00,Aalesund,Sandefjord,0,1,A,2.93,3.54,2.44,3.3,3.65,2.46,2.97,3.48,2.29,,,,,,,,,,,,,,
NOR,Eliteserien,2020,06/12/2020,16:00,Bodo/Glimt,Stabaek,5,2,H,1.26,6.71,9.59,1.33,6.71,10.5,1.27,6.23,8.81,,,,,,,,,,,,,,
NOR,Eliteserien,2020,06/12/2020,16:00,Brann,Sarpsborg 08,1,1,D,1.89,3.59,4.38,1.96,3.62,4.44,1.88,3.47,4.14,,,,,,,,,,,,,,
NOR,Eliteserien,2020,06/12/2020,16:00,Mjondalen,Start,1,0,H,2.7,3.58,2.61,2.74,3.6,2.72,2.63,3.44,2.55,,,,,,,,,,,,,,
NOR,Eliteserien,2020,06/12/2020,16:00,Sandefjord,Viking,2,2,D,2.57,3.68,2.69,2.65,3.7,2.72,2.51,3.56,2.61,,,,,,,,,,,,,,
NOR,Eliteserien,2020,06/12/2020,16:00,Stromsgodset,Haugesund,2,2,D,1.94,4.01,3.67,2,4.02,3.84,1.94,3.75,3.57,,,,,,,,,,,,,,
NOR,Eliteserien,2020,06/12/2020,18:00,Molde,Aalesund,2,1,H,1.13,10.19,17.42,1.15,11,26,1.11,9.48,17.5,,,,,,,,,,,,,,
NOR,Eliteserien,2020,07/12/2020,17:00,Valerenga,Rosenborg,1,0,H,2.39,3.45,3.08,2.4,3.64,3.17,2.31,3.46,2.94,,,,,,,,,,,,,,
NOR,Eliteserien,2020,09/12/2020,17:00,Kristiansund,Odd,4,3,H,1.78,4.17,4.31,1.82,4.25,4.55,1.73,4.06,4.26,,,,,,,,,,,,,,
NOR,Eliteserien,2020,10/12/2020,17:00,Viking,Valerenga,2,2,D,2.83,3.87,2.37,2.96,3.9,2.42,2.74,3.71,2.34,,,,,,,,,,,,,,
NOR,Eliteserien,2020,09/12/2020,17:00,Aalesund,Stromsgodset,1,4,A,5.3,4.57,1.59,5.5,4.75,1.66,5.12,4.5,1.55,,,,,,,,,,,,,,
NOR,Eliteserien,2020,09/12/2020,19:00,Start,Brann,1,1,D,2.11,3.62,3.52,2.11,3.95,3.65,2.02,3.65,3.41,,,,,,,,,,,,,,
NOR,Eliteserien,2020,10/12/2020,17:00,Rosenborg,Mjondalen,1,0,H,1.44,4.74,7.61,1.5,5,8,1.4,4.7,7.26,,,,,,,,,,,,,,
NOR,Eliteserien,2020,09/12/2020,17:00,Haugesund,Bodo/Glimt,0,4,A,4.34,4.48,1.71,4.5,4.53,1.72,4.28,4.35,1.67,,,,,,,,,,,,,,
NOR,Eliteserien,2020,09/12/2020,17:00,Sarpsborg 08,Sandefjord,0,0,D,2.19,3.03,4.05,2.21,3.23,4.22,2.1,3.05,3.89,,,,,,,,,,,,,,
NOR,Eliteserien,2020,13/12/2020,17:00,Rosenborg,Molde,3,1,H,2.08,3.87,3.38,2.16,4,3.45,2.03,3.8,3.26,,,,,,,,,,,,,,
NOR,Eliteserien,2020,13/12/2020,17:00,Sandefjord,Odd,1,1,D,4.13,3.86,1.87,4.13,4,2.05,3.81,3.71,1.88,,,,,,,,,,,,,,
NOR,Eliteserien,2020,13/12/2020,17:00,Stabaek,Kristiansund,2,2,D,3.2,3.54,2.28,3.4,3.6,2.31,3.11,3.46,2.21,,,,,,,,,,,,,,
NOR,Eliteserien,2020,16/12/2020,17:00,Odd,Molde,1,4,A,2.63,3.89,2.52,2.65,3.96,2.6,2.58,3.72,2.46,,,,,,,,,,,,,,
NOR,Eliteserien,2020,19/12/2020,14:30,Molde,Sarpsborg 08,5,0,H,1.29,6.15,9.41,1.39,6.5,12,1.29,5.91,8.86,,,,,,,,,,,,,,
NOR,Eliteserien,2020,19/12/2020,17:00,Bodo/Glimt,Viking,3,0,H,1.26,7.35,8.78,1.28,7.5,10,1.24,7.05,8.76,,,,,,,,,,,,,,
NOR,Eliteserien,2020,19/12/2020,17:00,Odd,Stromsgodset,1,3,A,2.92,4.06,2.25,2.98,4.06,2.4,2.74,3.83,2.3,,,,,,,,,,,,,,
NOR,Eliteserien,2020,22/12/2020,17:00,Brann,Odd,2,1,H,1.91,4.13,3.73,2.02,4.2,3.8,1.9,3.95,3.56,,,,,,,,,,,,,,
NOR,Eliteserien,2020,22/12/2020,17:00,Kristiansund,Haugesund,1,3,A,1.56,4.65,5.45,1.58,4.8,5.75,1.53,4.59,5.19,,,,,,,,,,,,,,
NOR,Eliteserien,2020,22/12/2020,17:00,Mjondalen,Aalesund,3,0,H,1.27,6.4,9.84,1.29,6.6,11,1.26,6.14,9.46,,,,,,,,,,,,,,
NOR,Eliteserien,2020,22/12/2020,17:00,Sandefjord,Rosenborg,0,0,D,5.82,3.93,1.64,6.55,4.2,1.66,5.59,3.94,1.59,,,,,,,,,,,,,,
NOR,Eliteserien,2020,22/12/2020,17:00,Stromsgodset,Stabaek,0,4,A,2.41,4,2.72,2.45,4,3.26,2.32,3.81,2.73,,,,,,,,,,,,,,
NOR,Eliteserien,2020,22/12/2020,17:00,Valerenga,Start,4,0,H,1.66,4.06,5.34,1.71,4.4,5.57,1.64,4,4.99,,,,,,,,,,,,,,
NOR,Eliteserien,2021,09/05/2021,17:00,Bodo/Glimt,Tromso,3,0,H,1.48,4.96,6.44,1.57,5,6.7,1.46,4.7,6.15,,,,,,,,,,,,,,
NOR,Eliteserien,2021,09/05/2021,17:00,Molde,Kristiansund,2,0,H,1.41,5.25,7.49,1.49,5.25,8,1.42,4.89,6.69,,,,,,,,,,,,,,
NOR,Eliteserien,2021,09/05/2021,17:00,Viking,Brann,3,1,H,2.12,3.93,3.31,2.15,3.95,3.58,2.04,3.75,3.32,,,,,,,,,,,,,,
NOR,Eliteserien,2021,09/05/2021,19:00,Valerenga,Rosenborg,1,1,D,2.14,3.74,3.41,2.5,3.75,3.5,2.11,3.57,3.29,,,,,,,,,,,,,,
NOR,Eliteserien,2021,12/05/2021,17:00,Kristiansund,Bodo/Glimt,0,2,A,3.59,3.56,2.09,3.65,3.75,2.13,3.42,3.57,2.05,,,,,,,,,,,,,,
NOR,Eliteserien,2021,12/05/2021,19:00,Brann,Valerenga,0,3,A,3.24,3.52,2.25,3.3,3.65,2.27,3.17,3.47,2.19,,,,,,,,,,,,,,
NOR,Eliteserien,2021,13/05/2021,17:00,Tromso,Molde,3,3,D,4.42,3.75,1.86,4.5,3.9,1.88,4.24,3.66,1.81,,,,,,,,,,,,,,
NOR,Eliteserien,2021,13/05/2021,19:00,Rosenborg,Viking,5,0,H,1.6,4.44,5.55,1.66,4.5,5.56,1.59,4.25,5.09,,,,,,,,,,,,,,
NOR,Eliteserien,2021,16/05/2021,14:00,Sarpsborg 08,Haugesund,0,0,D,2.45,3.28,3.09,2.57,3.6,3.14,2.42,3.21,2.99,,,,,,,,,,,,,,
NOR,Eliteserien,2021,16/05/2021,14:00,Valerenga,Kristiansund,1,2,A,1.52,4.29,7.02,1.57,4.5,7.5,1.5,4.23,6.4,,,,,,,,,,,,,,
NOR,Eliteserien,2021,16/05/2021,14:00,Viking,Tromso,0,1,A,1.94,3.83,3.83,2.04,4.1,3.89,1.93,3.73,3.68,,,,,,,,,,,,,,
NOR,Eliteserien,2021,16/05/2021,17:00,Bodo/Glimt,Rosenborg,2,2,D,2.11,3.74,3.39,2.3,3.82,3.45,2.08,3.66,3.28,,,,,,,,,,,,,,
NOR,Eliteserien,2021,16/05/2021,17:00,Sandefjord,Mjondalen,0,3,A,2.73,3.13,2.86,2.75,3.45,3.05,2.61,3.12,2.81,,,,,,,,,,,,,,
NOR,Eliteserien,2021,16/05/2021,17:00,Stromsgodset,Lillestrom,3,1,H,2.77,3.45,2.59,2.81,3.61,2.75,2.68,3.38,2.56,,,,,,,,,,,,,,
NOR,Eliteserien,2021,16/05/2021,19:00,Molde,Brann,4,0,H,1.31,5.82,9.28,1.35,6.2,10.2,1.29,5.71,9.07,,,,,,,,,,,,,,
NOR,Eliteserien,2021,19/05/2021,19:00,Stabaek,Odd,2,2,D,2.22,3.58,3.26,2.45,3.7,3.7,2.16,3.47,3.22,,,,,,,,,,,,,,
NOR,Eliteserien,2021,20/05/2021,19:30,Rosenborg,Brann,3,2,H,1.45,4.87,7.17,1.46,5,7.3,1.42,4.74,6.9,,,,,,,,,,,,,,
NOR,Eliteserien,2021,24/05/2021,14:00,Odd,Sarpsborg 08,1,1,D,2.32,3.29,3.41,2.4,3.44,3.41,2.27,3.24,3.23,,,,,,,,,,,,,,
NOR,Eliteserien,2021,24/05/2021,17:00,Brann,Bodo/Glimt,1,2,A,4.57,4.3,1.72,4.7,4.34,1.75,4.38,4.16,1.69,,,,,,,,,,,,,,
NOR,Eliteserien,2021,24/05/2021,17:00,Haugesund,Stabaek,0,0,D,2.02,3.54,3.97,2.05,3.65,4.07,1.99,3.46,3.74,,,,,,,,,,,,,,
NOR,Eliteserien,2021,24/05/2021,17:00,Kristiansund,Stromsgodset,1,0,H,2.01,3.63,3.9,2.05,3.87,3.95,1.97,3.58,3.68,,,,,,,,,,,,,,
NOR,Eliteserien,2021,24/05/2021,17:00,Lillestrom,Viking,1,3,A,2.25,3.63,3.26,2.27,3.65,3.3,2.19,3.52,3.15,,,,,,,,,,,,,,
NOR,Eliteserien,2021,24/05/2021,17:00,Mjondalen,Valerenga,1,1,D,4.97,3.94,1.74,5.09,4.15,1.78,4.7,3.85,1.7,,,,,,,,,,,,,,
NOR,Eliteserien,2021,24/05/2021,17:00,Tromso,Sandefjord,1,3,A,1.65,3.93,5.88,1.68,4,6.16,1.64,3.79,5.43,,,,,,,,,,,,,,
NOR,Eliteserien,2021,24/05/2021,19:00,Rosenborg,Molde,2,3,A,2.63,3.7,2.65,2.72,3.75,2.7,2.53,3.61,2.58,,,,,,,,,,,,,,
NOR,Eliteserien,2021,27/05/2021,17:00,Bodo/Glimt,Haugesund,2,0,H,1.47,4.74,7.04,1.48,5,7.5,1.43,4.77,6.74,,,,,,,,,,,,,,
NOR,Eliteserien,2021,27/05/2021,17:00,Lillestrom,Odd,1,0,H,2.46,3.31,3.13,2.51,3.52,3.15,2.39,3.28,2.98,,,,,,,,,,,,,,
NOR,Eliteserien,2021,27/05/2021,17:00,Sandefjord,Rosenborg,1,2,A,4.63,3.56,1.88,5,3.85,1.92,4.35,3.55,1.84,,,,,,,,,,,,,,
NOR,Eliteserien,2021,27/05/2021,17:00,Sarpsborg 08,Kristiansund,0,1,A,2.2,3.36,3.64,2.3,3.42,3.75,2.19,3.28,3.37,,,,,,,,,,,,,,
NOR,Eliteserien,2021,27/05/2021,17:00,Stabaek,Brann,2,0,H,2.39,3.54,3.06,2.5,3.79,3.13,2.3,3.5,2.94,,,,,,,,,,,,,,
NOR,Eliteserien,2021,27/05/2021,17:00,Stromsgodset,Tromso,1,1,D,2.12,3.8,3.42,2.25,3.8,3.5,2.1,3.62,3.28,,,,,,,,,,,,,,
NOR,Eliteserien,2021,27/05/2021,17:00,Viking,Mjondalen,2,1,H,1.82,3.9,4.45,1.85,4,4.6,1.78,3.78,4.3,,,,,,,,,,,,,,
NOR,Eliteserien,2021,27/05/2021,19:00,Molde,Valerenga,2,3,A,1.77,4.19,4.4,1.83,4.25,4.42,1.76,4.02,4.15,,,,,,,,,,,,,,
NOR,Eliteserien,2021,30/05/2021,14:00,Mjondalen,Molde,0,0,D,4.84,4.04,1.74,5,4.24,1.76,4.66,3.95,1.69,,,,,,,,,,,,,,
NOR,Eliteserien,2021,30/05/2021,17:00,Brann,Stromsgodset,3,0,H,2.12,3.67,3.51,2.23,3.75,3.61,2.09,3.59,3.31,,,,,,,,,,,,,,
NOR,Eliteserien,2021,30/05/2021,17:00,Kristiansund,Lillestrom,1,0,H,2.07,3.62,3.71,2.11,3.7,3.75,2.01,3.51,3.6,,,,,,,,,,,,,,
NOR,Eliteserien,2021,30/05/2021,17:00,Odd,Bodo/Glimt,1,0,H,3.79,3.87,1.97,3.83,4,2,3.68,3.83,1.9,,,,,,,,,,,,,,
NOR,Eliteserien,2021,30/05/2021,17:00,Rosenborg,Stabaek,4,2,H,1.44,4.99,7.3,1.46,5,7.64,1.42,4.76,7.01,,,,,,,,,,,,,,
NOR,Eliteserien,2021,30/05/2021,17:00,Tromso,Sarpsborg 08,0,2,A,2.02,3.42,4.14,2.06,3.55,4.19,1.99,3.36,3.86,,,,,,,,,,,,,,
NOR,Eliteserien,2021,30/05/2021,17:00,Valerenga,Sandefjord,3,1,H,1.38,5.23,8.63,1.39,5.27,9.5,1.36,5.06,7.95,,,,,,,,,,,,,,
NOR,Eliteserien,2021,30/05/2021,19:00,Haugesund,Viking,4,2,H,2.17,3.57,3.48,2.33,3.67,3.48,2.15,3.45,3.27,,,,,,,,,,,,,,
NOR,Eliteserien,2021,12/06/2021,14:00,Kristiansund,Odd,2,0,H,2.01,3.58,3.97,2.1,3.65,4,1.98,3.49,3.74,,,,,,,,,,,,,,
NOR,Eliteserien,2021,12/06/2021,14:00,Sandefjord,Molde,1,3,A,4.56,3.86,1.81,4.56,4.1,1.83,4.3,3.83,1.77,,,,,,,,,,,,,,
NOR,Eliteserien,2021,13/06/2021,17:00,Bodo/Glimt,Mjondalen,2,0,H,1.33,5.79,9.18,1.36,6,9.21,1.32,5.56,8.4,,,,,,,,,,,,,,
NOR,Eliteserien,2021,13/06/2021,17:00,Lillestrom,Haugesund,2,1,H,2.84,3.35,2.66,2.87,3.4,2.7,2.71,3.23,2.63,,,,,,,,,,,,,,
NOR,Eliteserien,2021,13/06/2021,17:00,Sarpsborg 08,Brann,0,0,D,2.32,3.27,3.44,2.37,3.5,3.44,2.27,3.26,3.2,,,,,,,,,,,,,,
NOR,Eliteserien,2021,13/06/2021,17:00,Stromsgodset,Rosenborg,2,1,H,3.18,3.89,2.19,3.25,3.9,2.23,3.1,3.69,2.14,,,,,,,,,,,,,,
NOR,Eliteserien,2021,13/06/2021,19:00,Viking,Valerenga,4,1,H,2.86,3.77,2.42,2.95,3.77,2.46,2.77,3.65,2.35,,,,,,,,,,,,,,
NOR,Eliteserien,2021,14/06/2021,18:00,Stabaek,Tromso,0,3,A,2.31,3.37,3.36,2.36,3.4,3.36,2.26,3.3,3.16,,,,,,,,,,,,,,
NOR,Eliteserien,2021,16/06/2021,17:00,Bodo/Glimt,Stromsgodset,7,2,H,1.38,5.44,7.92,1.4,5.75,8,1.36,5.28,7.38,,,,,,,,,,,,,,
NOR,Eliteserien,2021,16/06/2021,17:00,Molde,Sarpsborg 08,4,1,H,1.42,4.93,7.98,1.44,5,8.2,1.4,4.83,7.45,,,,,,,,,,,,,,
NOR,Eliteserien,2021,16/06/2021,19:00,Valerenga,Odd,1,1,D,1.62,4.17,5.76,1.65,4.25,5.78,1.61,4.07,5.27,,,,,,,,,,,,,,
NOR,Eliteserien,2021,19/06/2021,14:00,Sandefjord,Viking,3,0,H,3.04,3.64,2.36,3.12,3.76,2.4,2.9,3.53,2.32,,,,,,,,,,,,,,
NOR,Eliteserien,2021,20/06/2021,14:00,Mjondalen,Stromsgodset,1,1,D,2.33,3.51,3.18,2.46,3.6,3.26,2.29,3.36,3.07,,,,,,,,,,,,,,
NOR,Eliteserien,2021,20/06/2021,17:00,Brann,Odd,1,3,A,2.06,3.73,3.64,2.18,3.75,3.64,2.05,3.55,3.46,,,,,,,,,,,,,,
NOR,Eliteserien,2021,20/06/2021,17:00,Haugesund,Kristiansund,3,0,H,2.01,3.64,3.91,2.23,3.67,4,2.03,3.44,3.63,,,,,,,,,,,,,,
NOR,Eliteserien,2021,20/06/2021,17:00,Molde,Stabaek,2,1,H,1.33,5.76,9.37,1.36,6,10,1.32,5.5,8.51,,,,,,,,,,,,,,
NOR,Eliteserien,2021,20/06/2021,17:00,Rosenborg,Sarpsborg 08,0,1,A,1.48,4.42,7.6,1.54,4.43,7.6,1.48,4.21,6.85,,,,,,,,,,,,,,
NOR,Eliteserien,2021,20/06/2021,17:00,Tromso,Lillestrom,1,2,A,2.08,3.53,3.79,2.17,3.6,3.79,2.05,3.43,3.57,,,,,,,,,,,,,,
NOR,Eliteserien,2021,20/06/2021,19:00,Valerenga,Bodo/Glimt,1,1,D,2.4,3.84,2.86,2.5,3.84,2.95,2.34,3.66,2.79,,,,,,,,,,,,,,
NOR,Eliteserien,2021,24/06/2021,17:00,Bodo/Glimt,Molde,0,2,A,1.96,4.16,3.6,2.05,4.25,3.69,1.93,3.95,3.45,,,,,,,,,,,,,,
NOR,Eliteserien,2021,24/06/2021,17:00,Haugesund,Brann,1,0,H,1.69,4.19,4.99,1.75,4.2,5.25,1.66,3.98,4.82,,,,,,,,,,,,,,
NOR,Eliteserien,2021,24/06/2021,17:00,Kristiansund,Mjondalen,1,1,D,1.86,3.68,4.52,1.9,3.82,4.63,1.83,3.59,4.25,,,,,,,,,,,,,,
NOR,Eliteserien,2021,24/06/2021,17:00,Odd,Tromso,3,0,H,2.05,3.44,4.01,2.08,3.58,4.01,1.98,3.39,3.85,,,,,,,,,,,,,,
NOR,Eliteserien,2021,24/06/2021,17:00,Stromsgodset,Sandefjord,4,0,H,1.74,4.26,4.52,1.85,4.26,4.63,1.72,4.04,4.31,,,,,,,,,,,,,,
NOR,Eliteserien,2021,24/06/2021,19:00,Stabaek,Valerenga,0,2,A,3.63,3.6,2.1,3.8,3.76,2.1,3.52,3.57,2.02,,,,,,,,,,,,,,
NOR,Eliteserien,2021,25/06/2021,17:00,Sarpsborg 08,Viking,1,2,A,2.03,3.64,3.82,2.22,3.64,3.94,2.01,3.49,3.63,,,,,,,,,,,,,,
NOR,Eliteserien,2021,25/06/2021,19:00,Lillestrom,Rosenborg,2,0,H,2.77,3.48,2.64,2.9,3.5,2.66,2.69,3.38,2.54,,,,,,,,,,,,,,
NOR,Eliteserien,2021,27/06/2021,17:00,Bodo/Glimt,Stabaek,4,1,H,1.17,8.76,15.01,1.21,8.91,17,1.16,8.06,13.78,,,,,,,,,,,,,,
NOR,Eliteserien,2021,30/06/2021,17:00,Molde,Stromsgodset,3,0,H,1.27,6.61,9.88,1.32,7,11,1.26,6.42,9.42,,,,,,,,,,,,,,
NOR,Eliteserien,2021,30/06/2021,17:00,Rosenborg,Haugesund,0,0,D,1.71,4.13,4.9,1.8,4.2,5.1,1.72,3.87,4.53,,,,,,,,,,,,,,
NOR,Eliteserien,2021,30/06/2021,17:00,Sandefjord,Bodo/Glimt,1,0,H,3.97,3.88,1.93,5.25,4.05,1.96,3.84,3.77,1.87,,,,,,,,,,,,,,
NOR,Eliteserien,2021,30/06/2021,17:00,Tromso,Kristiansund,0,0,D,2.11,3.52,3.71,2.3,3.54,3.78,2.08,3.41,3.5,,,,,,,,,,,,,,
NOR,Eliteserien,2021,30/06/2021,17:00,Viking,Stabaek,3,3,D,1.53,4.74,6.03,1.59,4.78,6.03,1.52,4.54,5.55,,,,,,,,,,,,,,
NOR,Eliteserien,2021,30/06/2021,19:00,Brann,Lillestrom,1,1,D,2.38,3.6,3.03,2.51,3.6,3.06,2.37,3.41,2.9,,,,,,,,,,,,,,
NOR,Eliteserien,2021,01/07/2021,17:00,Mjondalen,Odd,1,2,A,2.7,3.33,2.8,2.8,3.5,2.9,2.63,3.27,2.67,,,,,,,,,,,,,,
NOR,Eliteserien,2021,01/07/2021,19:00,Valerenga,Sarpsborg 08,4,1,H,1.46,4.7,7.43,1.54,4.75,7.7,1.44,4.5,7.02,,,,,,,,,,,,,,
NOR,Eliteserien,2021,03/07/2021,14:00,Bodo/Glimt,Viking,2,2,D,1.33,6.27,7.93,1.48,6.4,9.5,1.31,5.99,7.69,,,,,,,,,,,,,,
NOR,Eliteserien,2021,04/07/2021,14:00,Stabaek,Sandefjord,0,2,A,2.28,3.64,3.18,2.35,3.7,3.45,2.26,3.47,3.04,,,,,,,,,,,,,,
NOR,Eliteserien,2021,04/07/2021,17:00,Haugesund,Tromso,3,0,H,1.89,3.53,4.6,1.91,3.9,4.6,1.86,3.47,4.29,,,,,,,,,,,,,,
NOR,Eliteserien,2021,04/07/2021,17:00,Lillestrom,Mjondalen,2,1,H,1.72,3.82,5.37,2,3.82,5.38,1.73,3.61,4.94,,,,,,,,,,,,,,
NOR,Eliteserien,2021,04/07/2021,17:00,Odd,Rosenborg,2,2,D,2.64,3.56,2.72,2.7,3.56,2.72,2.59,3.4,2.62,,,,,,,,,,,,,,
NOR,Eliteserien,2021,04/07/2021,17:00,Sarpsborg 08,Molde,1,0,H,4.89,4.03,1.73,5,4.1,1.75,4.6,3.91,1.7,,,,,,,,,,,,,,
NOR,Eliteserien,2021,04/07/2021,19:00,Stromsgodset,Valerenga,1,1,D,4.12,4.23,1.82,4.2,4.23,2.1,3.89,4,1.81,,,,,,,,,,,,,,
NOR,Eliteserien,2021,05/07/2021,18:00,Kristiansund,Brann,3,2,H,2.13,3.73,3.44,2.17,3.8,3.65,2.08,3.6,3.3,,,,,,,,,,,,,,
NOR,Eliteserien,2021,10/07/2021,17:00,Mjondalen,Haugesund,3,0,H,3.04,3.08,2.67,3.27,3.25,2.74,3.11,3.12,2.41,,,,,,,,,,,,,,
NOR,Eliteserien,2021,10/07/2021,17:00,Rosenborg,Kristiansund,1,0,H,1.6,4.44,5.6,1.6,4.5,5.6,1.57,4.31,5.28,,,,,,,,,,,,,,
NOR,Eliteserien,2021,10/07/2021,17:00,Sandefjord,Sarpsborg 08,2,0,H,2.41,3.14,3.4,2.43,3.37,3.6,2.31,3.14,3.27,,,,,,,,,,,,,,
NOR,Eliteserien,2021,10/07/2021,17:00,Viking,Stromsgodset,1,1,D,1.73,4.54,4.31,1.76,4.54,4.55,1.7,4.3,4.2,,,,,,,,,,,,,,
NOR,Eliteserien,2021,10/07/2021,19:00,Brann,Tromso,1,1,D,2.13,3.56,3.59,2.15,3.75,3.79,2.08,3.46,3.46,,,,,,,,,,,,,,
NOR,Eliteserien,2021,11/07/2021,14:30,Valerenga,Lillestrom,2,2,D,1.7,4.04,5.14,1.72,4.2,5.39,1.66,3.94,4.97,,,,,,,,,,,,,,
NOR,Eliteserien,2021,11/07/2021,17:00,Molde,Odd,5,0,H,1.31,5.89,10.29,1.33,6,10.3,1.3,5.73,8.93,,,,,,,,,,,,,,
NOR,Eliteserien,2021,17/07/2021,17:00,Odd,Viking,3,2,H,1.92,4.11,3.78,2.01,4.11,3.86,1.89,3.89,3.67,,,,,,,,,,,,,,
NOR,Eliteserien,2021,17/07/2021,19:00,Sarpsborg 08,Bodo/Glimt,2,2,D,3.66,3.44,2.15,3.75,3.44,2.2,3.5,3.33,2.12,,,,,,,,,,,,,,
NOR,Eliteserien,2021,18/07/2021,17:00,Brann,Mjondalen,1,1,D,2.15,3.35,3.79,2.15,3.57,4.03,2.04,3.35,3.72,,,,,,,,,,,,,,
NOR,Eliteserien,2021,18/07/2021,17:00,Haugesund,Valerenga,3,1,H,2.78,3.51,2.61,2.9,3.6,2.62,2.73,3.39,2.51,,,,,,,,,,,,,,
NOR,Eliteserien,2021,18/07/2021,17:00,Kristiansund,Sandefjord,2,0,H,1.8,3.92,4.55,1.84,4,4.68,1.78,3.73,4.33,,,,,,,,,,,,,,
NOR,Eliteserien,2021,18/07/2021,17:00,Lillestrom,Molde,1,1,D,3.91,3.97,1.92,4.2,3.98,2,3.85,3.78,1.87,,,,,,,,,,,,,,
NOR,Eliteserien,2021,18/07/2021,17:00,Tromso,Rosenborg,1,3,A,2.47,3.33,3.1,2.56,3.36,3.14,2.41,3.22,3,,,,,,,,,,,,,,
NOR,Eliteserien,2021,18/07/2021,19:00,Stromsgodset,Stabaek,2,1,H,1.71,4.43,4.5,1.76,4.44,4.65,1.7,4.15,4.3,,,,,,,,,,,,,,
NOR,Eliteserien,2021,21/07/2021,18:00,Sandefjord,Haugesund,1,1,D,2.88,3.38,2.61,2.95,3.4,2.66,2.82,3.29,2.5,,,,,,,,,,,,,,
NOR,Eliteserien,2021,21/07/2021,18:00,Sarpsborg 08,Mjondalen,1,1,D,2.03,3.18,4.49,2.07,3.3,4.5,1.98,3.14,4.23,,,,,,,,,,,,,,
NOR,Eliteserien,2021,21/07/2021,18:00,Stabaek,Lillestrom,2,3,A,3.39,3.5,2.23,3.5,3.6,2.3,3.29,3.45,2.15,,,,,,,,,,,,,,
NOR,Eliteserien,2021,21/07/2021,18:00,Stromsgodset,Odd,3,0,H,2.08,3.86,3.45,2.15,3.87,3.55,2.06,3.69,3.31,,,,,,,,,,,,,,
NOR,Eliteserien,2021,28/07/2021,18:00,Haugesund,Stromsgodset,2,1,H,1.65,4.31,5.13,1.79,4.33,5.34,1.63,4.18,4.91,,,,,,,,,,,,,,
NOR,Eliteserien,2021,28/07/2021,18:00,Lillestrom,Sarpsborg 08,2,0,H,1.85,3.51,4.94,1.88,3.6,5.17,1.81,3.44,4.62,,,,,,,,,,,,,,
NOR,Eliteserien,2021,28/07/2021,18:00,Mjondalen,Stabaek,1,2,A,1.98,3.58,4.08,2.01,3.63,4.23,1.93,3.48,3.93,,,,,,,,,,,,,,
NOR,Eliteserien,2021,28/07/2021,18:00,Odd,Sandefjord,2,3,A,2.04,3.54,3.91,2.08,3.62,3.91,2,3.46,3.7,,,,,,,,,,,,,,
NOR,Eliteserien,2021,08/08/2021,17:00,Mjondalen,Tromso,2,3,A,2.59,3.24,3.01,2.7,3.37,3.05,2.53,3.15,2.88,,,,,,,,,,,,,,
NOR,Eliteserien,2021,08/08/2021,17:00,Molde,Haugesund,5,4,H,1.55,4.6,5.95,1.57,4.65,6.18,1.54,4.4,5.57,,,,,,,,,,,,,,
NOR,Eliteserien,2021,08/08/2021,17:00,Sandefjord,Lillestrom,1,1,D,2.9,3.24,2.68,2.9,3.4,2.75,2.76,3.23,2.59,,,,,,,,,,,,,,
NOR,Eliteserien,2021,08/08/2021,17:00,Viking,Kristiansund,3,2,H,1.93,4.01,3.84,2,4.01,3.96,1.91,3.84,3.63,,,,,,,,,,,,,,
NOR,Eliteserien,2021,08/08/2021,19:00,Stabaek,Sarpsborg 08,3,1,H,2.46,3.25,3.19,2.6,3.26,3.23,2.42,3.13,3.07,,,,,,,,,,,,,,
NOR,Eliteserien,2021,14/08/2021,17:00,Kristiansund,Stabaek,5,1,H,1.63,4.31,5.37,1.83,4.33,6,1.68,4.03,4.74,,,,,,,,,,,,,,
NOR,Eliteserien,2021,14/08/2021,19:00,Sarpsborg 08,Stromsgodset,1,0,H,2.11,3.61,3.6,2.25,3.76,3.75,2.06,3.54,3.42,,,,,,,,,,,,,,
NOR,Eliteserien,2021,15/08/2021,17:00,Lillestrom,Bodo/Glimt,0,1,A,2.61,3.57,2.71,2.7,3.7,2.71,2.59,3.47,2.58,,,,,,,,,,,,,,
NOR,Eliteserien,2021,15/08/2021,17:00,Mjondalen,Rosenborg,1,2,A,3.72,3.52,2.1,3.8,3.61,2.11,3.57,3.43,2.04,,,,,,,,,,,,,,
NOR,Eliteserien,2021,15/08/2021,17:00,Odd,Haugesund,4,2,H,2.68,3.56,2.68,2.82,3.65,2.68,2.68,3.45,2.51,,,,,,,,,,,,,,
NOR,Eliteserien,2021,15/08/2021,17:00,Tromso,Valerenga,1,1,D,2.22,3.57,3.36,2.28,3.6,3.4,2.2,3.41,3.18,,,,,,,,,,,,,,
NOR,Eliteserien,2021,15/08/2021,17:00,Viking,Molde,3,2,H,2.72,3.88,2.48,2.75,4,2.5,2.62,3.78,2.41,,,,,,,,,,,,,,
NOR,Eliteserien,2021,15/08/2021,19:00,Brann,Sandefjord,3,2,H,2.11,3.57,3.65,2.14,3.61,3.72,2.06,3.45,3.5,,,,,,,,,,,,,,
NOR,Eliteserien,2021,21/08/2021,17:00,Stabaek,Mjondalen,1,1,D,2.43,3.23,3.27,2.5,3.43,3.27,2.37,3.22,3.09,,,,,,,,,,,,,,
NOR,Eliteserien,2021,21/08/2021,19:00,Stromsgodset,Brann,3,1,H,1.88,3.98,4.09,1.95,4.04,4.09,1.88,3.82,3.78,,,,,,,,,,,,,,
NOR,Eliteserien,2021,22/08/2021,17:00,Bodo/Glimt,Kristiansund,3,0,H,1.44,5.06,7.04,1.45,5.3,7.15,1.41,4.95,6.67,,,,,,,,,,,,,,
NOR,Eliteserien,2021,22/08/2021,17:00,Haugesund,Lillestrom,0,3,A,2.11,3.4,3.83,2.15,3.59,3.84,2.06,3.37,3.6,,,,,,,,,,,,,,
NOR,Eliteserien,2021,22/08/2021,17:00,Sandefjord,Tromso,1,1,D,2.15,3.52,3.6,2.25,3.65,3.67,2.1,3.44,3.43,,,,,,,,,,,,,,
NOR,Eliteserien,2021,22/08/2021,17:00,Valerenga,Viking,1,1,D,1.64,4.42,5.14,1.7,4.53,5.23,1.62,4.26,4.86,,,,,,,,,,,,,,
NOR,Eliteserien,2021,22/08/2021,19:00,Rosenborg,Odd,5,0,H,1.67,4.2,5.16,1.72,4.25,5.25,1.65,4.05,4.86,,,,,,,,,,,,,,
NOR,Eliteserien,2021,28/08/2021,17:00,Mjondalen,Lillestrom,1,2,A,3.62,3.49,2.15,3.62,3.5,2.25,3.45,3.35,2.12,,,,,,,,,,,,,,
NOR,Eliteserien,2021,28/08/2021,19:00,Brann,Haugesund,1,3,A,2.66,3.51,2.73,2.7,3.55,2.78,2.58,3.37,2.67,,,,,,,,,,,,,,
NOR,Eliteserien,2021,29/08/2021,17:00,Kristiansund,Molde,2,0,H,3.13,4,2.18,3.75,4.05,2.23,3.06,3.85,2.12,,,,,,,,,,,,,,
NOR,Eliteserien,2021,29/08/2021,17:00,Odd,Stromsgodset,0,1,A,2.07,3.78,3.56,2.1,3.81,3.6,2.05,3.65,3.38,,,,,,,,,,,,,,
NOR,Eliteserien,2021,29/08/2021,17:00,Sarpsborg 08,Sandefjord,5,0,H,2.19,3.44,3.56,2.28,3.5,3.8,2.16,3.3,3.4,,,,,,,,,,,,,,
NOR,Eliteserien,2021,29/08/2021,17:00,Tromso,Bodo/Glimt,2,3,A,3.68,3.63,2.08,3.73,3.78,2.12,3.5,3.6,2.02,,,,,,,,,,,,,,
NOR,Eliteserien,2021,29/08/2021,17:00,Viking,Rosenborg,2,1,H,2.31,3.73,3.07,2.36,3.75,3.1,2.26,3.58,2.94,,,,,,,,,,,,,,
NOR,Eliteserien,2021,29/08/2021,19:00,Valerenga,Stabaek,3,1,H,1.35,5.56,8.91,1.38,5.67,11,1.33,5.31,8.44,,,,,,,,,,,,,,
NOR,Eliteserien,2021,11/09/2021,17:00,Lillestrom,Brann,2,3,A,1.67,4.16,5.24,1.7,4.2,5.24,1.65,4.02,4.98,,,,,,,,,,,,,,
NOR,Eliteserien,2021,11/09/2021,17:00,Stabaek,Viking,1,3,A,3.26,3.66,2.23,3.3,3.77,2.3,3.06,3.6,2.19,,,,,,,,,,,,,,
NOR,Eliteserien,2021,12/09/2021,17:00,Bodo/Glimt,Odd,1,1,D,1.23,7.38,11.13,1.29,7.38,13,1.24,6.61,10.18,,,,,,,,,,,,,,
NOR,Eliteserien,2021,12/09/2021,17:00,Haugesund,Sarpsborg 08,2,1,H,1.92,3.44,4.59,2,3.61,4.59,1.9,3.42,4.13,,,,,,,,,,,,,,
NOR,Eliteserien,2021,12/09/2021,17:00,Molde,Mjondalen,4,0,H,1.24,7.05,11.42,1.28,7.4,13,1.22,6.58,11.1,,,,,,,,,,,,,,
NOR,Eliteserien,2021,12/09/2021,17:00,Sandefjord,Valerenga,3,0,H,3.3,3.62,2.23,3.4,3.64,2.3,3.16,3.52,2.18,,,,,,,,,,,,,,
NOR,Eliteserien,2021,12/09/2021,17:00,Stromsgodset,Kristiansund,1,2,A,2.33,3.74,3.02,2.35,3.85,3.11,2.28,3.65,2.9,,,,,,,,,,,,,,
NOR,Eliteserien,2021,12/09/2021,19:00,Rosenborg,Tromso,3,2,H,1.62,4.22,5.68,1.65,4.33,5.87,1.6,4.03,5.32,,,,,,,,,,,,,,
NOR,Eliteserien,2021,18/09/2021,17:00,Kristiansund,Haugesund,3,2,H,2.06,3.73,3.65,2.07,3.95,4.05,1.98,3.71,3.53,,,,,,,,,,,,,,
NOR,Eliteserien,2021,18/09/2021,17:00,Odd,Lillestrom,2,3,A,2.3,3.8,3.03,2.5,3.84,3.1,2.26,3.64,2.93,,,,,,,,,,,,,,
NOR,Eliteserien,2021,19/09/2021,17:00,Mjondalen,Sandefjord,1,1,D,2.64,3.44,2.79,2.75,3.6,2.82,2.57,3.36,2.69,,,,,,,,,,,,,,
NOR,Eliteserien,2021,19/09/2021,17:00,Sarpsborg 08,Rosenborg,1,3,A,2.85,3.34,2.65,3.05,3.41,2.7,2.8,3.19,2.58,,,,,,,,,,,,,,
NOR,Eliteserien,2021,19/09/2021,17:00,Valerenga,Molde,1,1,D,2.85,3.86,2.39,2.85,3.96,2.44,2.74,3.74,2.35,,,,,,,,,,,,,,
NOR,Eliteserien,2021,19/09/2021,17:00,Viking,Bodo/Glimt,1,3,A,2.94,3.88,2.32,2.99,4.15,2.36,2.83,3.82,2.26,,,,,,,,,,,,,,
NOR,Eliteserien,2021,19/09/2021,19:00,Tromso,Brann,1,1,D,2.02,3.8,3.7,2.1,3.88,3.75,1.99,3.66,3.51,,,,,,,,,,,,,,
NOR,Eliteserien,2021,25/09/2021,17:00,Lillestrom,Tromso,1,2,A,1.71,4.03,5.09,1.78,4.03,5.09,1.72,3.8,4.69,,,,,,,,,,,,,,
NOR,Eliteserien,2021,25/09/2021,17:00,Stromsgodset,Sarpsborg 08,5,0,H,2.07,3.61,3.72,2.2,3.74,3.72,2.06,3.5,3.5,,,,,,,,,,,,,,
NOR,Eliteserien,2021,26/09/2021,17:00,Brann,Kristiansund,3,1,H,2.11,3.86,3.38,2.3,3.9,3.44,2.11,3.7,3.18,,,,,,,,,,,,,,
NOR,Eliteserien,2021,26/09/2021,17:00,Haugesund,Odd,1,3,A,1.73,4.1,4.8,1.75,4.3,5,1.69,4,4.61,,,,,,,,,,,,,,
NOR,Eliteserien,2021,26/09/2021,17:00,Molde,Viking,2,2,D,1.39,5.59,7.39,1.42,5.85,7.5,1.37,5.47,6.97,,,,,,,,,,,,,,
NOR,Eliteserien,2021,26/09/2021,17:00,Rosenborg,Mjondalen,3,1,H,1.31,5.83,10.4,1.36,6,11,1.3,5.5,9.75,,,,,,,,,,,,,,
NOR,Eliteserien,2021,26/09/2021,17:00,Sandefjord,Stabaek,0,3,A,1.67,4.25,5.13,1.69,4.25,5.13,1.65,4.08,4.88,,,,,,,,,,,,,,
NOR,Eliteserien,2021,26/09/2021,19:00,Bodo/Glimt,Valerenga,1,0,H,1.4,5.43,7.34,1.42,5.5,7.5,1.39,5.18,6.93,,,,,,,,,,,,,,
NOR,Eliteserien,2021,29/09/2021,18:00,Stabaek,Stromsgodset,0,0,D,3.31,3.99,2.1,3.46,4,2.2,3.18,3.8,2.08,,,,,,,,,,,,,,
NOR,Eliteserien,2021,02/10/2021,17:00,Sarpsborg 08,Lillestrom,2,1,H,2.17,3.74,3.33,2.49,3.75,3.52,2.16,3.55,3.24,,,,,,,,,,,,,,
NOR,Eliteserien,2021,02/10/2021,17:00,Viking,Sandefjord,2,1,H,1.6,4.51,5.49,1.67,4.6,5.75,1.57,4.33,5.27,,,,,,,,,,,,,,
NOR,Eliteserien,2021,03/10/2021,17:00,Mjondalen,Brann,1,1,D,3.14,3.58,2.33,3.32,3.65,2.34,3.1,3.48,2.23,,,,,,,,,,,,,,
NOR,Eliteserien,2021,03/10/2021,17:00,Odd,Molde,1,3,A,3.6,4.05,1.99,3.74,4.2,2,3.5,3.94,1.93,,,,,,,,,,,,,,
NOR,Eliteserien,2021,03/10/2021,17:00,Stabaek,Bodo/Glimt,0,3,A,7.03,4.7,1.48,7.5,4.9,1.48,6.96,4.63,1.43,,,,,,,,,,,,,,
NOR,Eliteserien,2021,03/10/2021,17:00,Tromso,Haugesund,2,0,H,2.11,3.48,3.75,2.15,3.6,3.85,2.08,3.4,3.56,,,,,,,,,,,,,,
NOR,Eliteserien,2021,03/10/2021,17:00,Valerenga,Stromsgodset,3,0,H,1.82,4.03,4.31,1.83,4.2,4.6,1.75,3.97,4.26,,,,,,,,,,,,,,
NOR,Eliteserien,2021,03/10/2021,19:00,Kristiansund,Rosenborg,1,0,H,2.46,3.62,2.9,2.5,3.79,2.92,2.4,3.55,2.79,,,,,,,,,,,,,,
NOR,Eliteserien,2021,16/10/2021,17:00,Lillestrom,Kristiansund,0,0,D,2.14,3.6,3.54,2.16,3.8,3.55,2.09,3.56,3.34,,,,,,,,,,,,,,
NOR,Eliteserien,2021,16/10/2021,17:00,Molde,Tromso,3,0,H,1.36,5.74,8.1,1.38,6,8.3,1.34,5.42,7.72,,,,,,,,,,,,,,
NOR,Eliteserien,2021,17/10/2021,16:00,Bodo/Glimt,Sarpsborg 08,2,1,H,1.28,6.33,10.52,1.33,6.35,10.55,1.3,5.66,9.06,,,,,,,,,,,,,,
NOR,Eliteserien,2021,17/10/2021,16:00,Brann,Stabaek,1,1,D,1.45,4.73,7.66,1.47,5,8,1.41,4.63,7.31,,,,,,,,,,,,,,
NOR,Eliteserien,2021,17/10/2021,16:00,Haugesund,Mjondalen,7,0,H,1.63,4.03,5.93,1.66,4.1,6,1.61,3.92,5.55,,,,,,,,,,,,,,
NOR,Eliteserien,2021,17/10/2021,16:00,Sandefjord,Odd,0,0,D,2.38,3.58,3.05,2.5,3.65,3.08,2.39,3.43,2.88,,,,,,,,,,,,,,
NOR,Eliteserien,2021,17/10/2021,16:00,Stromsgodset,Viking,0,1,A,2.42,4,2.74,2.5,4.1,2.74,2.38,3.85,2.64,,,,,,,,,,,,,,
NOR,Eliteserien,2021,17/10/2021,18:00,Rosenborg,Valerenga,2,2,D,1.93,3.91,3.92,2.05,4,3.97,1.88,3.81,3.75,,,,,,,,,,,,,,
NOR,Eliteserien,2021,23/10/2021,15:00,Viking,Lillestrom,5,1,H,1.65,4.49,4.98,1.65,4.53,5.5,1.61,4.37,4.82,,,,,,,,,,,,,,
NOR,Eliteserien,2021,23/10/2021,17:00,Stabaek,Molde,0,3,A,5.94,4.8,1.53,6.5,4.95,1.55,5.83,4.66,1.49,,,,,,,,,,,,,,
NOR,Eliteserien,2021,24/10/2021,16:00,Kristiansund,Sarpsborg 08,1,3,A,1.9,3.86,4.1,1.95,4,4.4,1.86,3.72,3.97,,,,,,,,,,,,,,
NOR,Eliteserien,2021,24/10/2021,16:00,Rosenborg,Sandefjord,4,1,H,1.41,5.09,7.76,1.43,5.25,8.5,1.39,4.94,7.23,,,,,,,,,,,,,,
NOR,Eliteserien,2021,24/10/2021,16:00,Stromsgodset,Bodo/Glimt,1,1,D,4.12,4.54,1.76,4.3,4.7,1.78,4.09,4.3,1.72,,,,,,,,,,,,,,
NOR,Eliteserien,2021,24/10/2021,16:00,Tromso,Mjondalen,1,0,H,1.52,4.45,6.71,1.6,4.5,7.6,1.49,4.23,6.55,,,,,,,,,,,,,,
NOR,Eliteserien,2021,24/10/2021,16:00,Valerenga,Haugesund,2,1,H,1.84,3.96,4.28,1.88,4,4.35,1.82,3.78,4.1,,,,,,,,,,,,,,
NOR,Eliteserien,2021,24/10/2021,18:00,Odd,Brann,3,3,D,2.8,3.7,2.5,3,3.76,2.6,2.78,3.55,2.39,,,,,,,,,,,,,,
NOR,Eliteserien,2021,27/10/2021,17:00,Haugesund,Rosenborg,0,0,D,2.7,3.68,2.59,2.9,3.8,2.65,2.65,3.53,2.5,,,,,,,,,,,,,,
NOR,Eliteserien,2021,27/10/2021,17:00,Lillestrom,Stabaek,3,0,H,1.56,4.35,6.23,1.6,4.5,6.7,1.53,4.22,5.9,,,,,,,,,,,,,,
NOR,Eliteserien,2021,27/10/2021,17:00,Mjondalen,Kristiansund,5,0,H,3.32,3.75,2.17,3.6,3.81,2.18,3.27,3.59,2.11,,,,,,,,,,,,,,
NOR,Eliteserien,2021,27/10/2021,17:00,Sandefjord,Stromsgodset,2,0,H,2.23,3.61,3.3,2.23,3.77,3.4,2.14,3.55,3.23,,,,,,,,,,,,,,
NOR,Eliteserien,2021,27/10/2021,17:00,Tromso,Odd,2,0,H,1.93,3.66,4.2,1.96,3.77,4.33,1.88,3.58,4,,,,,,,,,,,,,,
NOR,Eliteserien,2021,27/10/2021,19:00,Molde,Bodo/Glimt,0,2,A,1.93,4.24,3.64,1.96,4.25,3.76,1.91,4,3.5,,,,,,,,,,,,,,
NOR,Eliteserien,2021,28/10/2021,17:00,Brann,Viking,0,2,A,2.33,4.01,2.86,2.42,4.03,2.88,2.31,3.76,2.75,,,,,,,,,,,,,,
NOR,Eliteserien,2021,28/10/2021,19:00,Sarpsborg 08,Valerenga,2,1,H,2.25,3.46,3.4,2.4,3.53,3.41,2.24,3.32,3.21,,,,,,,,,,,,,,
NOR,Eliteserien,2021,30/10/2021,15:00,Kristiansund,Tromso,1,1,D,2.15,3.71,3.41,2.2,3.77,3.5,2.12,3.57,3.28,,,,,,,,,,,,,,
NOR,Eliteserien,2021,30/10/2021,17:00,Rosenborg,Lillestrom,1,3,A,1.65,4.18,5.43,1.68,4.46,5.75,1.62,4.13,5.16,,,,,,,,,,,,,,
NOR,Eliteserien,2021,31/10/2021,17:00,Bodo/Glimt,Sandefjord,1,0,H,1.22,7.03,13.36,1.24,7.3,13.5,1.21,6.79,11.82,,,,,,,,,,,,,,
NOR,Eliteserien,2021,31/10/2021,17:00,Odd,Mjondalen,2,2,D,1.68,4.28,4.98,1.7,4.33,5,1.65,4.13,4.78,,,,,,,,,,,,,,
NOR,Eliteserien,2021,31/10/2021,17:00,Stabaek,Haugesund,2,1,H,2.82,3.31,2.7,3.05,3.47,2.7,2.82,3.24,2.53,,,,,,,,,,,,,,
NOR,Eliteserien,2021,31/10/2021,17:00,Stromsgodset,Molde,6,0,H,4.72,4.72,1.65,5,4.75,1.67,4.68,4.5,1.61,,,,,,,,,,,,,,
NOR,Eliteserien,2021,31/10/2021,17:00,Viking,Sarpsborg 08,1,2,A,1.58,4.59,5.53,1.61,4.6,5.75,1.56,4.32,5.41,,,,,,,,,,,,,,
NOR,Eliteserien,2021,31/10/2021,19:00,Valerenga,Brann,1,0,H,2,3.96,3.61,2.04,3.99,3.75,1.96,3.75,3.55,,,,,,,,,,,,,,
NOR,Eliteserien,2021,06/11/2021,17:00,Brann,Rosenborg,2,2,D,2.22,3.82,3.17,2.4,3.84,3.29,2.23,3.59,3.03,,,,,,,,,,,,,,
NOR,Eliteserien,2021,06/11/2021,17:00,Sarpsborg 08,Stabaek,4,1,H,1.65,4.11,6.04,1.68,4.11,6.04,1.63,3.88,5.43,,,,,,,,,,,,,,
NOR,Eliteserien,2021,07/11/2021,16:00,Haugesund,Bodo/Glimt,2,2,D,3.77,3.72,2.02,3.85,3.93,2.04,3.66,3.67,1.95,,,,,,,,,,,,,,
NOR,Eliteserien,2021,07/11/2021,16:00,Mjondalen,Viking,0,1,A,3.73,4.11,1.93,3.8,4.11,1.97,3.62,3.91,1.9,,,,,,,,,,,,,,
NOR,Eliteserien,2021,07/11/2021,16:00,Molde,Sandefjord,3,1,H,1.21,7.63,12.99,1.22,8.25,17,1.19,7.24,12.66,,,,,,,,,,,,,,
NOR,Eliteserien,2021,07/11/2021,16:00,Odd,Kristiansund,2,4,A,2.11,3.88,3.38,2.3,4,3.4,2.09,3.77,3.19,,,,,,,,,,,,,,
NOR,Eliteserien,2021,07/11/2021,16:00,Tromso,Stromsgodset,1,1,D,1.64,4.18,5.51,1.75,4.26,5.87,1.63,4,5.18,,,,,,,,,,,,,,
NOR,Eliteserien,2021,07/11/2021,18:00,Lillestrom,Valerenga,0,0,D,2.03,3.79,3.69,2.19,3.79,3.75,2.02,3.6,3.53,,,,,,,,,,,,,,
NOR,Eliteserien,2021,20/11/2021,17:00,Stromsgodset,Mjondalen,1,2,A,1.64,4.33,5.25,1.7,4.5,5.5,1.62,4.14,5.04,,,,,,,,,,,,,,
NOR,Eliteserien,2021,20/11/2021,17:00,Viking,Haugesund,1,1,D,1.46,4.88,7.04,1.5,5,7.04,1.45,4.7,6.46,,,,,,,,,,,,,,
NOR,Eliteserien,2021,21/11/2021,16:00,Bodo/Glimt,Lillestrom,2,0,H,1.47,4.91,6.78,1.49,5.2,7.25,1.44,4.79,6.39,,,,,,,,,,,,,,
NOR,Eliteserien,2021,21/11/2021,16:00,Sandefjord,Brann,2,2,D,3.04,3.65,2.35,3.1,3.65,2.4,2.96,3.48,2.31,,,,,,,,,,,,,,
NOR,Eliteserien,2021,21/11/2021,16:00,Sarpsborg 08,Odd,1,1,D,1.68,4.16,5.14,1.91,4.16,5.18,1.73,3.81,4.64,,,,,,,,,,,,,,
NOR,Eliteserien,2021,21/11/2021,16:00,Stabaek,Kristiansund,3,0,H,2.71,3.6,2.62,3.08,3.75,2.66,2.77,3.53,2.42,,,,,,,,,,,,,,
NOR,Eliteserien,2021,21/11/2021,16:00,Valerenga,Tromso,1,1,D,1.76,3.84,4.92,1.83,3.87,5.1,1.75,3.65,4.68,,,,,,,,,,,,,,
NOR,Eliteserien,2021,21/11/2021,18:00,Molde,Rosenborg,4,1,H,1.51,5.11,5.79,1.51,5.5,7.5,1.43,5.15,5.99,,,,,,,,,,,,,,
NOR,Eliteserien,2021,27/11/2021,17:00,Lillestrom,Stromsgodset,4,1,H,1.48,4.83,6.72,1.55,4.84,7,1.48,4.56,6.09,,,,,,,,,,,,,,
NOR,Eliteserien,2021,27/11/2021,17:00,Odd,Valerenga,1,2,A,2.76,3.54,2.61,2.76,3.7,2.8,2.62,3.45,2.6,,,,,,,,,,,,,,
NOR,Eliteserien,2021,28/11/2021,16:00,Haugesund,Sandefjord,1,2,A,2,3.52,4.09,2.04,3.75,4.25,1.95,3.47,3.89,,,,,,,,,,,,,,
NOR,Eliteserien,2021,28/11/2021,16:00,Kristiansund,Viking,2,3,A,2.85,3.89,2.38,2.9,3.95,2.4,2.79,3.72,2.33,,,,,,,,,,,,,,
NOR,Eliteserien,2021,28/11/2021,16:00,Mjondalen,Sarpsborg 08,1,3,A,3.23,3.39,2.37,3.3,3.5,2.43,3.12,3.24,2.33,,,,,,,,,,,,,,
NOR,Eliteserien,2021,28/11/2021,16:00,Rosenborg,Bodo/Glimt,0,0,D,3.08,3.59,2.35,3.12,3.8,2.38,2.96,3.52,2.29,,,,,,,,,,,,,,
NOR,Eliteserien,2021,28/11/2021,16:00,Tromso,Stabaek,0,0,D,1.67,3.93,5.66,1.7,3.94,6,1.66,3.7,5.39,,,,,,,,,,,,,,
NOR,Eliteserien,2021,28/11/2021,18:00,Brann,Molde,0,1,A,2.92,4.02,2.29,3,4.05,2.55,2.81,3.77,2.3,,,,,,,,,,,,,,
NOR,Eliteserien,2021,05/12/2021,16:00,Bodo/Glimt,Brann,2,2,D,1.35,6,7.99,1.36,6,9.5,1.33,5.44,8.33,,,,,,,,,,,,,,
NOR,Eliteserien,2021,05/12/2021,16:00,Molde,Lillestrom,3,3,D,1.5,4.95,6.1,1.53,5,7,1.48,4.73,5.99,,,,,,,,,,,,,,
NOR,Eliteserien,2021,05/12/2021,16:00,Sandefjord,Kristiansund,3,2,H,2.24,3.79,3.14,2.5,3.79,3.2,2.24,3.56,3.04,,,,,,,,,,,,,,
NOR,Eliteserien,2021,05/12/2021,16:00,Sarpsborg 08,Tromso,0,1,A,2.02,3.43,4.12,2.05,3.6,4.25,1.99,3.34,3.92,,,,,,,,,,,,,,
NOR,Eliteserien,2021,05/12/2021,16:00,Stabaek,Rosenborg,1,3,A,3.3,3.59,2.24,3.38,3.6,2.3,3.17,3.46,2.21,,,,,,,,,,,,,,
NOR,Eliteserien,2021,05/12/2021,16:00,Stromsgodset,Haugesund,0,0,D,2.28,3.85,3.03,2.45,3.92,3.05,2.26,3.7,2.92,,,,,,,,,,,,,,
NOR,Eliteserien,2021,05/12/2021,16:00,Valerenga,Mjondalen,2,0,H,1.61,4.44,5.47,1.62,4.5,6,1.58,4.29,5.29,,,,,,,,,,,,,,
NOR,Eliteserien,2021,05/12/2021,16:00,Viking,Odd,3,1,H,1.65,4.18,5.46,1.67,5,5.75,1.6,4.27,5.09,,,,,,,,,,,,,,
NOR,Eliteserien,2021,12/12/2021,16:00,Brann,Sarpsborg 08,2,1,H,1.36,5.33,9.09,1.47,5.5,9.14,1.39,4.91,7.57,,,,,,,,,,,,,,
NOR,Eliteserien,2021,12/12/2021,16:00,Haugesund,Molde,1,2,A,3.91,4.31,1.85,4.2,4.75,1.85,3.76,4.27,1.8,,,,,,,,,,,,,,
NOR,Eliteserien,2021,12/12/2021,16:00,Kristiansund,Valerenga,2,1,H,2.98,3.83,2.31,3,3.94,2.65,2.87,3.71,2.29,,,,,,,,,,,,,,
NOR,Eliteserien,2021,12/12/2021,16:00,Lillestrom,Sandefjord,2,0,H,1.45,5.18,6.74,1.45,5.26,7.3,1.41,5,6.76,,,,,,,,,,,,,,
NOR,Eliteserien,2021,12/12/2021,16:00,Mjondalen,Bodo/Glimt,0,3,A,6.01,4.36,1.57,6.95,5.5,1.59,5.64,4.51,1.52,,,,,,,,,,,,,,
NOR,Eliteserien,2021,12/12/2021,16:00,Odd,Stabaek,3,1,H,2.41,3.64,2.95,2.42,3.81,3.11,2.28,3.59,2.95,,,,,,,,,,,,,,
NOR,Eliteserien,2021,12/12/2021,16:00,Rosenborg,Stromsgodset,2,2,D,1.45,5.02,6.98,1.46,5.1,9.5,1.42,4.85,6.94,,,,,,,,,,,,,,
NOR,Eliteserien,2021,12/12/2021,16:00,Tromso,Viking,0,2,A,2.28,3.74,3.11,2.3,4,3.2,2.22,3.6,3.04,,,,,,,,,,,,,,
NOR,Eliteserien,2021,15/12/2021,18:00,Brann,Jerv,1,1,D,1.6,4.36,5.81,1.67,4.36,6,1.58,4.06,5.46,,,,,,,,,,,,,,
NOR,Eliteserien,2022,02/04/2022,15:00,Ham-Kam,Lillestrom,2,2,D,2.74,3.25,2.82,2.85,3.44,2.82,2.66,3.21,2.71,,,,,,,,,,,,,,
NOR,Eliteserien,2022,02/04/2022,17:00,Molde,Valerenga,1,0,H,1.82,3.93,4.42,1.83,4.4,4.7,1.78,3.94,4.15,,,,,,,,,,,,,,
NOR,Eliteserien,2022,03/04/2022,17:00,Aalesund,Kristiansund,1,0,H,2.19,3.7,3.31,2.23,3.79,3.35,2.15,3.57,3.21,,,,,,,,,,,,,,
NOR,Eliteserien,2022,03/04/2022,17:00,Haugesund,Sandefjord,1,3,A,2.01,3.47,4.09,2.05,3.55,4.2,1.98,3.37,3.92,,,,,,,,,,,,,,
NOR,Eliteserien,2022,03/04/2022,17:00,Jerv,Stromsgodset,1,0,H,3.38,3.39,2.29,3.38,3.52,2.3,3.26,3.34,2.21,,,,,,,,,,,,,,
NOR,Eliteserien,2022,03/04/2022,17:00,Odd,Tromso,2,0,H,2.3,3.25,3.5,2.35,3.3,3.55,2.27,3.14,3.35,,,,,,,,,,,,,,
NOR,Eliteserien,2022,03/04/2022,17:00,Sarpsborg 08,Viking,0,1,A,2.41,3.5,3.06,2.42,3.6,3.1,2.33,3.41,3,,,,,,,,,,,,,,
NOR,Eliteserien,2022,03/04/2022,19:00,Bodo/Glimt,Rosenborg,2,2,D,1.47,4.57,7.64,1.48,5.1,7.65,1.45,4.49,6.86,,,,,,,,,,,,,,
NOR,Eliteserien,2022,09/04/2022,15:00,Lillestrom,Jerv,4,0,H,1.4,5.06,8.35,1.43,5.25,9.5,1.39,4.8,7.79,,,,,,,,,,,,,,
NOR,Eliteserien,2022,10/04/2022,17:00,Kristiansund,Sarpsborg 08,2,3,A,2.36,3.43,3.21,2.36,3.5,3.27,2.28,3.35,3.1,,,,,,,,,,,,,,
NOR,Eliteserien,2022,10/04/2022,17:00,Rosenborg,Odd,1,0,H,1.64,4.15,5.58,1.68,4.2,5.6,1.63,4.02,5.07,,,,,,,,,,,,,,
NOR,Eliteserien,2022,10/04/2022,17:00,Sandefjord,Bodo/Glimt,1,2,A,4.84,3.72,1.8,5,4.5,1.8,4.58,3.75,1.75,,,,,,,,,,,,,,
NOR,Eliteserien,2022,10/04/2022,17:00,Stromsgodset,Molde,1,3,A,2.68,3.69,2.61,2.81,3.85,2.61,2.62,3.58,2.5,,,,,,,,,,,,,,
NOR,Eliteserien,2022,10/04/2022,17:00,Tromso,Ham-Kam,2,1,H,1.85,3.68,4.58,1.86,3.68,4.75,1.83,3.49,4.44,,,,,,,,,,,,,,
NOR,Eliteserien,2022,10/04/2022,17:00,Valerenga,Haugesund,2,1,H,1.68,4.07,5.3,1.7,4.2,5.3,1.66,3.91,4.96,,,,,,,,,,,,,,
NOR,Eliteserien,2022,10/04/2022,19:00,Viking,Aalesund,1,0,H,1.44,5.21,6.93,1.45,5.3,7.5,1.41,4.94,6.76,,,,,,,,,,,,,,
NOR,Eliteserien,2022,18/04/2022,17:00,Aalesund,Tromso,2,2,D,2.23,3.47,3.44,2.3,3.48,3.44,2.19,3.37,3.3,,,,,,,,,,,,,,
NOR,Eliteserien,2022,18/04/2022,17:00,Ham-Kam,Sandefjord,3,0,H,1.88,3.82,4.22,1.92,3.83,4.33,1.85,3.64,4.14,,,,,,,,,,,,,,
NOR,Eliteserien,2022,18/04/2022,17:00,Haugesund,Stromsgodset,0,1,A,2.36,3.34,3.28,2.51,3.6,3.28,2.32,3.31,3.1,,,,,,,,,,,,,,
NOR,Eliteserien,2022,18/04/2022,17:00,Jerv,Kristiansund,1,0,H,2.88,3.36,2.61,3.05,3.52,2.63,2.82,3.33,2.48,,,,,,,,,,,,,,
NOR,Eliteserien,2022,18/04/2022,17:00,Molde,Lillestrom,1,2,A,1.57,4.63,5.58,1.57,4.75,5.95,1.52,4.6,5.44,,,,,,,,,,,,,,
NOR,Eliteserien,2022,18/04/2022,17:00,Odd,Viking,2,1,H,3.48,3.6,2.16,3.65,3.75,2.16,3.43,3.61,2.05,,,,,,,,,,,,,,
NOR,Eliteserien,2022,18/04/2022,17:00,Sarpsborg 08,Rosenborg,1,1,D,2.38,3.42,3.16,2.51,3.6,3.16,2.4,3.35,2.92,,,,,,,,,,,,,,
NOR,Eliteserien,2022,18/04/2022,19:00,Bodo/Glimt,Valerenga,5,1,H,1.54,4.41,6.49,1.58,4.75,7,1.53,4.37,5.76,,,,,,,,,,,,,,
NOR,Eliteserien,2022,23/04/2022,15:00,Odd,Aalesund,2,3,A,2.07,3.66,3.68,2.08,3.78,3.82,2.01,3.62,3.55,,,,,,,,,,,,,,
NOR,Eliteserien,2022,23/04/2022,17:00,Stromsgodset,Sandefjord,0,5,A,1.65,4.14,5.54,1.66,4.2,6,1.62,4.02,5.23,,,,,,,,,,,,,,
NOR,Eliteserien,2022,24/04/2022,17:00,Kristiansund,Ham-Kam,2,2,D,2.31,3.56,3.19,2.31,3.66,3.21,2.24,3.47,3.11,,,,,,,,,,,,,,
NOR,Eliteserien,2022,24/04/2022,17:00,Lillestrom,Haugesund,1,0,H,1.63,4.12,5.72,1.65,4.75,6,1.58,4.1,5.46,,,,,,,,,,,,,,
NOR,Eliteserien,2022,24/04/2022,17:00,Tromso,Sarpsborg 08,2,5,A,1.92,3.64,4.29,2,3.66,4.33,1.89,3.52,4.06,,,,,,,,,,,,,,
NOR,Eliteserien,2022,24/04/2022,17:00,Valerenga,Jerv,1,0,H,1.32,5.87,9.88,1.36,6.25,11,1.3,5.61,9.32,,,,,,,,,,,,,,
NOR,Eliteserien,2022,24/04/2022,17:00,Viking,Bodo/Glimt,2,0,H,2.31,3.84,2.98,2.65,3.85,3.01,2.28,3.68,2.87,,,,,,,,,,,,,,
NOR,Eliteserien,2022,24/04/2022,19:00,Rosenborg,Molde,0,0,D,2.26,3.64,3.21,2.43,3.79,3.21,2.29,3.53,2.95,,,,,,,,,,,,,,
NOR,Eliteserien,2022,28/04/2022,19:00,Lillestrom,Aalesund,2,0,H,1.82,3.71,4.73,1.83,4.04,4.9,1.74,3.81,4.48,,,,,,,,,,,,,,
NOR,Eliteserien,2022,30/04/2022,17:00,Viking,Haugesund,5,1,H,1.48,4.89,6.6,1.5,5.36,8.12,1.46,4.67,6.28,,,,,,,,,,,,,,
NOR,Eliteserien,2022,07/05/2022,15:00,Sarpsborg 08,Odd,1,0,H,1.81,3.86,4.55,1.81,4.1,4.95,1.75,3.85,4.47,,,,,,,,,,,,,,
NOR,Eliteserien,2022,07/05/2022,17:00,Molde,Viking,3,4,A,2.16,3.78,3.33,2.25,4.2,3.54,2.08,3.76,3.2,,,,,,,,,,,,,,
NOR,Eliteserien,2022,08/05/2022,17:00,Bodo/Glimt,Lillestrom,1,1,D,1.79,3.82,4.73,1.8,4.5,4.79,1.74,3.9,4.45,,,,,,,,,,,,,,
NOR,Eliteserien,2022,08/05/2022,17:00,Haugesund,Kristiansund,2,0,H,2.03,3.61,3.91,2.05,3.75,3.91,2,3.56,3.61,,,,,,,,,,,,,,
NOR,Eliteserien,2022,08/05/2022,17:00,Jerv,Tromso,1,1,D,3.39,3.45,2.26,3.5,3.51,2.26,3.31,3.36,2.19,,,,,,,,,,,,,,
NOR,Eliteserien,2022,08/05/2022,17:00,Sandefjord,Valerenga,1,3,A,2.66,3.62,2.66,2.7,3.67,2.7,2.59,3.49,2.6,,,,,,,,,,,,,,
NOR,Eliteserien,2022,08/05/2022,17:00,Stromsgodset,Rosenborg,3,0,H,3.05,3.41,2.46,3.05,3.66,2.54,2.82,3.39,2.46,,,,,,,,,,,,,,
NOR,Eliteserien,2022,08/05/2022,19:00,Ham-Kam,Aalesund,0,0,D,2.41,3.47,3.07,2.41,3.71,3.36,2.33,3.42,2.97,,,,,,,,,,,,,,
NOR,Eliteserien,2022,11/05/2022,18:00,Molde,Odd,3,0,H,1.42,5.23,7.33,1.42,5.55,8.5,1.38,5.16,7.09,,,,,,,,,,,,,,
NOR,Eliteserien,2022,12/05/2022,18:00,Tromso,Valerenga,1,0,H,2.15,3.74,3.4,2.25,3.74,3.42,2.13,3.53,3.27,,,,,,,,,,,,,,
NOR,Eliteserien,2022,12/05/2022,18:00,Viking,Stromsgodset,0,0,D,1.37,5.52,8.27,1.4,5.75,8.6,1.35,5.37,7.74,,,,,,,,,,,,,,
NOR,Eliteserien,2022,16/05/2022,17:00,Aalesund,Molde,0,2,A,3,3.56,2.42,3.05,3.75,2.42,2.96,3.53,2.28,,,,,,,,,,,,,,
NOR,Eliteserien,2022,16/05/2022,17:00,Bodo/Glimt,Tromso,1,1,D,1.68,3.9,5.6,1.68,4.33,5.85,1.63,3.93,5.26,,,,,,,,,,,,,,
NOR,Eliteserien,2022,16/05/2022,17:00,Kristiansund,Stromsgodset,0,3,A,2.21,3.6,3.36,2.3,3.75,3.36,2.22,3.49,3.1,,,,,,,,,,,,,,
NOR,Eliteserien,2022,16/05/2022,17:00,Lillestrom,Sarpsborg 08,1,0,H,2.14,3.58,3.55,2.15,3.75,3.63,2.09,3.51,3.41,,,,,,,,,,,,,,
NOR,Eliteserien,2022,16/05/2022,17:00,Odd,Haugesund,0,4,A,2.01,3.68,3.87,2.05,3.8,3.87,1.99,3.6,3.6,,,,,,,,,,,,,,
NOR,Eliteserien,2022,16/05/2022,17:00,Rosenborg,Sandefjord,3,0,H,1.37,5.67,7.97,1.4,5.67,10,1.35,5.21,8.17,,,,,,,,,,,,,,
NOR,Eliteserien,2022,16/05/2022,17:00,Viking,Jerv,3,0,H,1.16,8.45,17.58,1.17,9,21,1.14,8.25,16.42,,,,,,,,,,,,,,
NOR,Eliteserien,2022,16/05/2022,19:00,Valerenga,Ham-Kam,1,1,D,1.65,4.1,5.58,1.7,4.33,5.58,1.65,3.93,5.05,,,,,,,,,,,,,,
NOR,Eliteserien,2022,21/05/2022,15:00,Sandefjord,Lillestrom,1,4,A,4.26,3.93,1.85,4.33,4.01,1.95,4.07,3.73,1.83,,,,,,,,,,,,,,
NOR,Eliteserien,2022,21/05/2022,17:00,Molde,Kristiansund,2,1,H,1.3,6.35,8.89,1.33,6.5,10,1.29,5.98,8.62,,,,,,,,,,,,,,
NOR,Eliteserien,2022,22/05/2022,17:00,Haugesund,Bodo/Glimt,1,4,A,4.55,3.91,1.81,4.55,4,1.83,4.28,3.78,1.78,,,,,,,,,,,,,,
NOR,Eliteserien,2022,22/05/2022,17:00,Jerv,Odd,0,1,A,2.7,3.51,2.69,2.8,3.62,2.82,2.58,3.41,2.64,,,,,,,,,,,,,,
NOR,Eliteserien,2022,22/05/2022,17:00,Sarpsborg 08,Aalesund,1,2,A,1.94,3.65,4.17,2,3.86,4.27,1.92,3.58,3.88,,,,,,,,,,,,,,
NOR,Eliteserien,2022,22/05/2022,17:00,Stromsgodset,Valerenga,3,2,H,2.4,3.64,2.97,2.4,3.76,3,2.32,3.56,2.87,,,,,,,,,,,,,,
NOR,Eliteserien,2022,22/05/2022,17:00,Tromso,Viking,1,1,D,2.3,3.45,3.3,2.5,3.63,3.3,2.35,3.38,2.96,,,,,,,,,,,,,,
NOR,Eliteserien,2022,22/05/2022,19:00,Ham-Kam,Rosenborg,1,1,D,2.98,3.52,2.45,3,3.61,2.45,2.89,3.42,2.37,,,,,,,,,,,,,,
NOR,Eliteserien,2022,25/05/2022,17:00,Aalesund,Jerv,2,1,H,1.4,5.03,8.25,1.42,5.1,9,1.39,4.78,7.77,,,,,,,,,,,,,,
NOR,Eliteserien,2022,25/05/2022,17:00,Bodo/Glimt,Stromsgodset,2,2,D,1.38,5.41,7.97,1.4,5.5,8.5,1.36,5.23,7.51,,,,,,,,,,,,,,
NOR,Eliteserien,2022,25/05/2022,17:00,Odd,Sandefjord,0,1,A,1.9,3.85,4.11,1.94,4,4.11,1.88,3.76,3.85,,,,,,,,,,,,,,
NOR,Eliteserien,2022,25/05/2022,17:00,Viking,Ham-Kam,1,1,D,1.34,5.97,8.6,1.35,6,10,1.31,5.55,8.82,,,,,,,,,,,,,,
NOR,Eliteserien,2022,25/05/2022,19:00,Lillestrom,Valerenga,2,0,H,1.9,3.89,4.09,1.92,3.9,4.2,1.86,3.67,3.94,,,,,,,,,,,,,,
NOR,Eliteserien,2022,26/05/2022,17:00,Rosenborg,Haugesund,3,3,D,1.56,4.54,5.95,1.57,4.55,6,1.53,4.37,5.63,,,,,,,,,,,,,,
NOR,Eliteserien,2022,26/05/2022,19:00,Sarpsborg 08,Molde,1,2,A,2.89,3.93,2.34,2.89,4,2.48,2.78,3.7,2.32,,,,,,,,,,,,,,
NOR,Eliteserien,2022,28/05/2022,15:00,Ham-Kam,Odd,1,2,A,1.8,3.91,4.58,1.9,3.91,4.6,1.8,3.72,4.26,,,,,,,,,,,,,,
NOR,Eliteserien,2022,28/05/2022,17:00,Stromsgodset,Viking,3,2,H,3.15,3.73,2.26,3.17,3.84,2.3,3.04,3.63,2.2,,,,,,,,,,,,,,
NOR,Eliteserien,2022,29/05/2022,17:00,Haugesund,Aalesund,2,2,D,2.15,3.51,3.59,2.25,3.62,3.6,2.11,3.43,3.4,,,,,,,,,,,,,,
NOR,Eliteserien,2022,29/05/2022,17:00,Jerv,Sarpsborg 08,0,5,A,3.85,3.8,1.98,3.85,3.86,2.02,3.61,3.7,1.95,,,,,,,,,,,,,,
NOR,Eliteserien,2022,29/05/2022,17:00,Molde,Bodo/Glimt,3,1,H,2.5,3.78,2.76,2.5,4,2.83,2.4,3.68,2.69,,,,,,,,,,,,,,
NOR,Eliteserien,2022,29/05/2022,17:00,Tromso,Lillestrom,2,2,D,2.31,3.32,3.41,2.31,3.5,3.5,2.23,3.23,3.32,,,,,,,,,,,,,,
NOR,Eliteserien,2022,29/05/2022,19:00,Valerenga,Rosenborg,0,4,A,1.97,3.88,3.8,2.05,3.88,3.9,1.96,3.67,3.58,,,,,,,,,,,,,,
NOR,Eliteserien,2022,18/06/2022,15:00,Sarpsborg 08,Stromsgodset,5,1,H,1.97,3.88,3.79,2,4.05,3.82,1.91,3.85,3.59,,,,,,,,,,,,,,
NOR,Eliteserien,2022,18/06/2022,17:00,Kristiansund,Bodo/Glimt,0,2,A,5.14,4.7,1.6,5.5,4.7,1.64,5.01,4.41,1.57,,,,,,,,,,,,,,
NOR,Eliteserien,2022,19/06/2022,17:00,Jerv,Ham-Kam,1,2,A,3.86,3.53,2.06,3.86,3.62,2.15,3.52,3.47,2.05,,,,,,,,,,,,,,
NOR,Eliteserien,2022,19/06/2022,17:00,Lillestrom,Rosenborg,3,1,H,2.05,3.7,3.71,2.1,3.75,3.74,2.03,3.51,3.54,,,,,,,,,,,,,,
NOR,Eliteserien,2022,19/06/2022,17:00,Odd,Molde,1,2,A,3.26,3.78,2.19,3.4,3.85,2.19,3.19,3.67,2.1,,,,,,,,,,,,,,
NOR,Eliteserien,2022,19/06/2022,17:00,Tromso,Haugesund,1,1,D,1.72,3.96,5.08,1.73,4,5.25,1.68,3.84,4.89,,,,,,,,,,,,,,
NOR,Eliteserien,2022,19/06/2022,17:00,Viking,Sandefjord,1,2,A,1.21,7.66,12.11,1.23,8,14,1.19,7.43,12.23,,,,,,,,,,,,,,
NOR,Eliteserien,2022,19/06/2022,19:00,Aalesund,Valerenga,2,2,D,2.39,3.61,3,2.4,3.75,3.1,2.28,3.54,2.94,,,,,,,,,,,,,,
NOR,Eliteserien,2022,25/06/2022,15:00,Haugesund,Viking,4,2,H,3.56,3.66,2.11,3.56,3.83,2.15,3.32,3.56,2.09,,,,,,,,,,,,,,
NOR,Eliteserien,2022,25/06/2022,17:00,Rosenborg,Kristiansund,3,1,H,1.52,4.74,6.15,1.54,5.5,6.5,1.49,4.61,5.8,,,,,,,,,,,,,,
NOR,Eliteserien,2022,26/06/2022,17:00,Bodo/Glimt,Aalesund,2,0,H,1.3,6.08,9.42,1.67,7,10.1,1.29,6.01,8.99,,,,,,,,,,,,,,
NOR,Eliteserien,2022,26/06/2022,17:00,Ham-Kam,Sarpsborg 08,3,2,H,2.7,3.72,2.58,2.77,3.79,2.58,2.65,3.59,2.46,,,,,,,,,,,,,,
NOR,Eliteserien,2022,26/06/2022,17:00,Sandefjord,Tromso,2,2,D,3.75,3.64,2.05,3.8,3.75,2.1,3.56,3.57,2,,,,,,,,,,,,,,
NOR,Eliteserien,2022,26/06/2022,17:00,Stromsgodset,Lillestrom,3,0,H,2.81,3.74,2.48,2.81,3.8,2.5,2.7,3.63,2.41,,,,,,,,,,,,,,
NOR,Eliteserien,2022,26/06/2022,19:00,Valerenga,Odd,0,1,A,1.63,4.4,5.26,1.65,4.5,5.26,1.6,4.27,4.97,,,,,,,,,,,,,,
NOR,Eliteserien,2022,02/07/2022,15:00,Jerv,Haugesund,1,0,H,3.27,3.68,2.22,3.6,3.95,2.25,3.26,3.57,2.12,,,,,,,,,,,,,,
NOR,Eliteserien,2022,02/07/2022,17:00,Odd,Bodo/Glimt,3,2,H,5.07,4.29,1.67,5.1,4.5,1.78,4.8,4.16,1.63,,,,,,,,,,,,,,
NOR,Eliteserien,2022,03/07/2022,17:00,Aalesund,Stromsgodset,1,0,H,2.33,3.68,3.06,2.36,3.85,3.06,2.27,3.63,2.88,,,,,,,,,,,,,,
NOR,Eliteserien,2022,03/07/2022,17:00,Ham-Kam,Molde,0,0,D,2.91,3.69,2.42,3.1,3.85,2.42,2.82,3.57,2.33,,,,,,,,,,,,,,
NOR,Eliteserien,2022,03/07/2022,17:00,Kristiansund,Lillestrom,1,3,A,3.31,3.57,2.25,3.35,3.6,2.36,3.05,3.42,2.25,,,,,,,,,,,,,,
NOR,Eliteserien,2022,03/07/2022,17:00,Sarpsborg 08,Sandefjord,4,3,H,1.38,5.74,7.38,1.42,6,8,1.37,5.39,6.86,,,,,,,,,,,,,,
NOR,Eliteserien,2022,03/07/2022,19:00,Viking,Rosenborg,1,1,D,1.94,3.93,3.84,2.1,4,3.84,1.95,3.77,3.54,,,,,,,,,,,,,,
NOR,Eliteserien,2022,06/07/2022,18:00,Molde,Jerv,1,1,D,1.19,7.84,13.88,1.21,8,17,1.18,7.47,13.57,,,,,,,,,,,,,,
NOR,Eliteserien,2022,09/07/2022,15:00,Bodo/Glimt,Sarpsborg 08,4,1,H,1.4,5.36,7.53,1.44,5.75,7.53,1.38,5.33,6.64,,,,,,,,,,,,,,
NOR,Eliteserien,2022,09/07/2022,17:00,Stromsgodset,Odd,0,0,D,1.9,4.01,3.93,1.9,4.1,4,1.85,3.91,3.79,,,,,,,,,,,,,,
NOR,Eliteserien,2022,10/07/2022,17:00,Lillestrom,Viking,0,1,A,2.06,3.72,3.66,2.18,3.8,3.66,2.08,3.54,3.35,,,,,,,,,,,,,,
NOR,Eliteserien,2022,10/07/2022,17:00,Molde,Tromso,5,1,H,1.78,3.93,4.72,1.78,4.16,4.78,1.73,3.86,4.42,,,,,,,,,,,,,,
NOR,Eliteserien,2022,10/07/2022,17:00,Rosenborg,Jerv,3,2,H,1.3,6.48,9.24,1.3,6.5,10.25,1.28,5.86,9.32,,,,,,,,,,,,,,
NOR,Eliteserien,2022,10/07/2022,17:00,Valerenga,Kristiansund,3,0,H,1.44,5.09,7,1.52,5.3,7,1.44,4.84,6.28,,,,,,,,,,,,,,
NOR,Eliteserien,2022,10/07/2022,19:00,Haugesund,Ham-Kam,1,1,D,2.08,3.68,3.61,2.1,3.8,3.9,2.01,3.55,3.55,,,,,,,,,,,,,,
NOR,Eliteserien,2022,12/07/2022,19:00,Sandefjord,Aalesund,2,2,D,2.4,3.61,2.99,2.45,3.66,3,2.37,3.48,2.85,,,,,,,,,,,,,,
NOR,Eliteserien,2022,16/07/2022,15:00,Jerv,Sandefjord,1,2,A,2.61,3.74,2.65,2.7,3.75,2.66,2.54,3.57,2.58,,,,,,,,,,,,,,
NOR,Eliteserien,2022,16/07/2022,17:00,Ham-Kam,Bodo/Glimt,0,2,A,3.98,3.93,1.91,4.06,4.33,2.01,3.78,3.8,1.87,,,,,,,,,,,,,,
NOR,Eliteserien,2022,17/07/2022,17:00,Molde,Haugesund,1,0,H,1.49,4.92,6.02,1.56,5.1,6.35,1.48,4.71,5.83,,,,,,,,,,,,,,
NOR,Eliteserien,2022,17/07/2022,17:00,Odd,Lillestrom,1,2,A,3.03,3.54,2.41,3.03,3.75,2.45,2.89,3.44,2.35,,,,,,,,,,,,,,
NOR,Eliteserien,2022,17/07/2022,17:00,Sarpsborg 08,Valerenga,0,1,A,1.99,4.01,3.6,1.99,4.25,3.8,1.91,3.95,3.49,,,,,,,,,,,,,,
NOR,Eliteserien,2022,17/07/2022,17:00,Viking,Kristiansund,2,1,H,1.43,5.31,6.59,1.45,5.5,7,1.41,5.05,6.36,,,,,,,,,,,,,,
NOR,Eliteserien,2022,17/07/2022,19:00,Aalesund,Rosenborg,0,0,D,2.96,3.47,2.49,3.01,3.6,2.5,2.85,3.38,2.41,,,,,,,,,,,,,,
NOR,Eliteserien,2022,23/07/2022,15:00,Bodo/Glimt,Jerv,5,0,H,1.13,10.84,15.88,1.15,12,26,1.11,9.8,16.85,,,,,,,,,,,,,,
NOR,Eliteserien,2022,23/07/2022,17:00,Rosenborg,Tromso,3,0,H,1.85,3.7,4.58,1.88,3.85,4.8,1.78,3.68,4.38,,,,,,,,,,,,,,
NOR,Eliteserien,2022,24/07/2022,17:00,Haugesund,Sarpsborg 08,3,1,H,2.79,3.68,2.52,2.79,4,2.6,2.64,3.63,2.45,,,,,,,,,,,,,,
NOR,Eliteserien,2022,24/07/2022,17:00,Kristiansund,Odd,2,2,D,2.22,3.78,3.19,2.42,4,3.24,2.16,3.67,3.06,,,,,,,,,,,,,,
NOR,Eliteserien,2022,24/07/2022,17:00,Sandefjord,Molde,2,3,A,5.31,4.72,1.58,5.31,4.76,1.64,4.91,4.5,1.57,,,,,,,,,,,,,,
NOR,Eliteserien,2022,24/07/2022,17:00,Valerenga,Viking,4,2,H,1.82,4.07,4.28,2.08,4.2,4.33,1.8,3.95,3.98,,,,,,,,,,,,,,
NOR,Eliteserien,2022,24/07/2022,19:00,Stromsgodset,Ham-Kam,1,1,D,2.13,3.66,3.49,2.23,4,3.55,2.11,3.62,3.24,,,,,,,,,,,,,,
NOR,Eliteserien,2022,27/07/2022,18:00,Sandefjord,Kristiansund,2,0,H,2.47,3.57,2.91,2.51,3.8,2.91,2.43,3.55,2.69,,,,,,,,,,,,,,
NOR,Eliteserien,2022,30/07/2022,15:00,Aalesund,Bodo/Glimt,1,2,A,4.38,3.93,1.83,4.56,4.33,1.83,4.35,3.87,1.74,,,,,,,,,,,,,,
NOR,Eliteserien,2022,30/07/2022,17:00,Ham-Kam,Kristiansund,0,1,A,1.83,3.99,4.32,1.9,4,4.33,1.82,3.71,4.11,,,,,,,,,,,,,,
NOR,Eliteserien,2022,30/07/2022,17:00,Odd,Rosenborg,2,3,A,3.17,3.67,2.27,3.28,3.75,2.27,3.08,3.55,2.19,,,,,,,,,,,,,,
NOR,Eliteserien,2022,30/07/2022,17:00,Tromso,Sandefjord,3,0,H,1.35,5.57,9.13,1.4,5.75,10,1.33,5.22,8.64,,,,,,,,,,,,,,
NOR,Eliteserien,2022,30/07/2022,19:00,Jerv,Valerenga,2,5,A,5.25,4.8,1.58,5.75,5,1.61,5.12,4.48,1.55,,,,,,,,,,,,,,
NOR,Eliteserien,2022,31/07/2022,14:30,Molde,Stromsgodset,3,0,H,1.44,5.1,7.12,1.45,6,7.5,1.39,5.15,6.62,,,,,,,,,,,,,,
NOR,Eliteserien,2022,31/07/2022,14:30,Sarpsborg 08,Lillestrom,0,2,A,2.41,3.69,2.93,2.54,3.75,2.93,2.36,3.54,2.79,,,,,,,,,,,,,,
NOR,Eliteserien,2022,03/08/2022,17:00,Kristiansund,Tromso,1,1,D,3.03,3.63,2.37,3.03,3.63,2.45,2.89,3.42,2.35,,,,,,,,,,,,,,
NOR,Eliteserien,2022,06/08/2022,15:00,Bodo/Glimt,Odd,7,0,H,1.21,8.02,11.56,1.24,8.5,13,1.19,7.52,11.53,,,,,,,,,,,,,,
NOR,Eliteserien,2022,06/08/2022,17:00,Rosenborg,Ham-Kam,2,1,H,1.53,4.23,6.99,1.53,4.65,7.25,1.5,4.21,6.39,,,,,,,,,,,,,,
NOR,Eliteserien,2022,07/08/2022,17:00,Haugesund,Jerv,3,1,H,1.44,5.08,7.16,1.45,5.25,8,1.39,4.92,7.01,,,,,,,,,,,,,,
NOR,Eliteserien,2022,07/08/2022,17:00,Kristiansund,Molde,2,3,A,5.21,4.64,1.6,5.6,4.7,1.61,5.09,4.38,1.56,,,,,,,,,,,,,,
NOR,Eliteserien,2022,07/08/2022,17:00,Lillestrom,Tromso,1,1,D,1.96,3.52,4.24,2.05,3.52,4.33,1.94,3.35,4,,,,,,,,,,,,,,
NOR,Eliteserien,2022,07/08/2022,17:00,Sandefjord,Viking,2,2,D,3.86,4.11,1.9,4,4.11,1.95,3.74,3.78,1.88,,,,,,,,,,,,,,
NOR,Eliteserien,2022,07/08/2022,17:00,Stromsgodset,Sarpsborg 08,3,1,H,2.27,4.04,2.95,2.28,4.2,2.95,2.2,3.87,2.85,,,,,,,,,,,,,,
NOR,Eliteserien,2022,07/08/2022,19:00,Valerenga,Aalesund,4,0,H,1.55,4.66,5.81,1.57,4.75,6.4,1.5,4.49,5.71,,,,,,,,,,,,,,
NOR,Eliteserien,2022,12/08/2022,18:00,Sandefjord,Rosenborg,2,5,A,5.22,4.57,1.61,5.55,4.57,1.67,4.99,4.24,1.6,,,,,,,,,,,,,,
NOR,Eliteserien,2022,12/08/2022,18:00,Sarpsborg 08,Bodo/Glimt,1,4,A,3.54,4.1,1.99,4.22,4.37,2.05,3.41,3.92,1.95,,,,,,,,,,,,,,
NOR,Eliteserien,2022,13/08/2022,15:00,Aalesund,Haugesund,1,2,A,2.21,3.55,3.41,2.28,3.55,3.41,2.19,3.4,3.22,,,,,,,,,,,,,,
NOR,Eliteserien,2022,14/08/2022,17:00,Jerv,Lillestrom,1,0,H,6.52,4.71,1.5,6.65,4.75,1.5,6.17,4.51,1.47,,,,,,,,,,,,,,
NOR,Eliteserien,2022,14/08/2022,17:00,Tromso,Kristiansund,2,1,H,1.53,4.5,6.42,1.53,4.6,6.6,1.49,4.36,6.2,,,,,,,,,,,,,,
NOR,Eliteserien,2022,14/08/2022,19:00,Ham-Kam,Valerenga,1,1,D,3.63,3.79,2.04,3.7,3.9,2.07,3.45,3.68,1.98,,,,,,,,,,,,,,
NOR,Eliteserien,2022,20/08/2022,17:00,Bodo/Glimt,Ham-Kam,2,2,D,1.19,7.89,14.01,1.21,8.6,17,1.17,7.58,13.58,,,,,,,,,,,,,,
NOR,Eliteserien,2022,20/08/2022,17:00,Odd,Sarpsborg 08,1,0,H,2.84,3.68,2.48,2.84,4,2.48,2.7,3.72,2.37,,,,,,,,,,,,,,
NOR,Eliteserien,2022,21/08/2022,17:00,Haugesund,Molde,0,1,A,3.83,3.99,1.93,4.1,4.1,1.95,3.7,3.9,1.86,,,,,,,,,,,,,,
NOR,Eliteserien,2022,21/08/2022,17:00,Lillestrom,Sandefjord,3,0,H,1.24,6.63,12.83,1.3,7,13,1.23,6.35,11.37,,,,,,,,,,,,,,
NOR,Eliteserien,2022,21/08/2022,17:00,Stromsgodset,Jerv,6,0,H,1.32,6.31,8.62,1.34,6.31,10,1.3,5.87,8.29,,,,,,,,,,,,,,
NOR,Eliteserien,2022,21/08/2022,17:00,Valerenga,Tromso,1,0,H,1.69,4.14,5.08,1.7,4.33,5.15,1.65,4.04,4.8,,,,,,,,,,,,,,
NOR,Eliteserien,2022,21/08/2022,19:00,Rosenborg,Aalesund,2,1,H,1.43,5.29,7,1.43,5.3,7.5,1.39,4.92,7.1,,,,,,,,,,,,,,
NOR,Eliteserien,2022,27/08/2022,17:00,Jerv,Bodo/Glimt,0,2,A,12.63,8.21,1.2,15,8.21,1.26,11.37,7.21,1.2,,,,,,,,,,,,,,
NOR,Eliteserien,2022,27/08/2022,17:00,Sandefjord,Stromsgodset,2,2,D,3.54,4.03,2.01,3.74,4.1,2.01,3.47,3.86,1.95,,,,,,,,,,,,,,
NOR,Eliteserien,2022,28/08/2022,17:00,Aalesund,Odd,1,1,D,1.96,3.82,3.89,2.1,4.05,3.89,1.94,3.69,3.6,,,,,,,,,,,,,,
NOR,Eliteserien,2022,28/08/2022,17:00,Ham-Kam,Haugesund,1,0,H,2.22,3.47,3.46,2.42,3.52,3.5,2.21,3.35,3.19,,,,,,,,,,,,,,
NOR,Eliteserien,2022,28/08/2022,17:00,Lillestrom,Kristiansund,1,1,D,1.51,4.53,6.75,1.53,4.85,8,1.48,4.33,6.32,,,,,,,,,,,,,,
NOR,Eliteserien,2022,28/08/2022,17:00,Molde,Sarpsborg 08,4,1,H,1.39,5.38,7.77,1.44,5.8,8,1.36,5.34,7.19,,,,,,,,,,,,,,
NOR,Eliteserien,2022,28/08/2022,17:00,Viking,Valerenga,1,2,A,2.38,3.85,2.87,2.38,3.95,2.9,2.31,3.66,2.79,,,,,,,,,,,,,,
NOR,Eliteserien,2022,28/08/2022,19:00,Tromso,Rosenborg,4,3,H,2.91,3.54,2.49,3,3.7,2.51,2.79,3.42,2.42,,,,,,,,,,,,,,
NOR,Eliteserien,2022,31/08/2022,18:00,Kristiansund,Viking,2,1,H,2.93,3.68,2.41,3.1,3.75,2.42,2.87,3.53,2.32,,,,,,,,,,,,,,
NOR,Eliteserien,2022,31/08/2022,18:00,Tromso,Stromsgodset,1,0,H,2.06,3.75,3.61,2.11,3.75,3.75,2.03,3.56,3.45,,,,,,,,,,,,,,
NOR,Eliteserien,2022,03/09/2022,17:00,Bodo/Glimt,Molde,1,4,A,1.68,4.48,4.71,1.83,4.5,4.85,1.67,4.2,4.47,,,,,,,,,,,,,,
NOR,Eliteserien,2022,04/09/2022,17:00,Haugesund,Tromso,2,1,H,2.69,3.24,2.88,2.7,3.55,2.88,2.56,3.22,2.75,,,,,,,,,,,,,,
NOR,Eliteserien,2022,04/09/2022,17:00,Kristiansund,Sandefjord,3,1,H,1.78,4.3,4.24,1.78,4.3,5.4,1.71,4.09,4.31,,,,,,,,,,,,,,
NOR,Eliteserien,2022,04/09/2022,17:00,Odd,Jerv,2,1,H,1.39,5.41,7.92,1.43,5.5,8,1.36,5.2,7.4,,,,,,,,,,,,,,
NOR,Eliteserien,2022,04/09/2022,17:00,Rosenborg,Viking,4,1,H,1.87,4.1,3.99,1.92,4.1,4.12,1.83,3.87,3.87,,,,,,,,,,,,,,
NOR,Eliteserien,2022,04/09/2022,17:00,Sarpsborg 08,Ham-Kam,2,1,H,1.74,4.03,4.81,1.76,4.09,5,1.69,3.92,4.62,,,,,,,,,,,,,,
NOR,Eliteserien,2022,04/09/2022,17:00,Stromsgodset,Aalesund,1,2,A,1.83,4.03,4.23,1.83,4.03,4.45,1.78,3.86,4.11,,,,,,,,,,,,,,
NOR,Eliteserien,2022,04/09/2022,19:00,Valerenga,Lillestrom,3,1,H,2.3,3.57,3.19,2.33,3.61,3.5,2.24,3.43,3.08,,,,,,,,,,,,,,
NOR,Eliteserien,2022,10/09/2022,15:00,Sandefjord,Odd,1,3,A,2.65,3.52,2.74,2.7,3.75,2.74,2.58,3.45,2.58,,,,,,,,,,,,,,
NOR,Eliteserien,2022,10/09/2022,17:00,Lillestrom,Stromsgodset,2,1,H,1.67,4.15,5.26,1.7,4.25,5.26,1.64,4.02,4.91,,,,,,,,,,,,,,
NOR,Eliteserien,2022,11/09/2022,17:00,Aalesund,Sarpsborg 08,1,3,A,2.17,3.75,3.34,2.3,3.75,3.34,2.14,3.6,3.14,,,,,,,,,,,,,,
NOR,Eliteserien,2022,11/09/2022,17:00,Ham-Kam,Viking,1,2,A,2.23,3.54,3.36,2.63,3.56,3.4,2.3,3.36,3.04,,,,,,,,,,,,,,
NOR,Eliteserien,2022,11/09/2022,17:00,Jerv,Molde,2,4,A,12.04,6.65,1.24,13,7,1.24,11.24,6.59,1.22,,,,,,,,,,,,,,
NOR,Eliteserien,2022,11/09/2022,17:00,Kristiansund,Valerenga,3,2,H,4.1,4.16,1.83,4.2,4.16,1.9,3.91,3.93,1.81,,,,,,,,,,,,,,
NOR,Eliteserien,2022,11/09/2022,17:00,Tromso,Bodo/Glimt,3,2,H,3.88,3.73,1.98,4,3.75,2.01,3.72,3.6,1.94,,,,,,,,,,,,,,
NOR,Eliteserien,2022,11/09/2022,19:00,Haugesund,Rosenborg,2,1,H,3.3,3.75,2.18,3.3,3.75,2.25,3.15,3.6,2.13,,,,,,,,,,,,,,
NOR,Eliteserien,2022,17/09/2022,17:00,Odd,Ham-Kam,2,0,H,2.38,3.52,3.09,2.38,3.6,3.35,2.24,3.42,3.09,,,,,,,,,,,,,,
NOR,Eliteserien,2022,18/09/2022,17:00,Bodo/Glimt,Haugesund,1,1,D,1.24,6.76,12.2,1.27,7.5,13,1.22,6.5,11.12,,,,,,,,,,,,,,
NOR,Eliteserien,2022,18/09/2022,17:00,Rosenborg,Lillestrom,3,1,H,1.89,3.89,4.09,1.92,3.98,4.25,1.84,3.69,3.99,,,,,,,,,,,,,,
NOR,Eliteserien,2022,18/09/2022,17:00,Sarpsborg 08,Jerv,4,3,H,1.22,7.47,11.83,1.26,7.5,15,1.2,6.99,11.61,,,,,,,,,,,,,,
NOR,Eliteserien,2022,18/09/2022,17:00,Stromsgodset,Kristiansund,4,1,H,1.92,4.17,3.74,1.95,4.17,3.9,1.87,3.89,3.66,,,,,,,,,,,,,,
NOR,Eliteserien,2022,18/09/2022,17:00,Valerenga,Sandefjord,4,0,H,1.32,5.88,9.24,1.33,6,10.1,1.3,5.7,8.54,,,,,,,,,,,,,,
NOR,Eliteserien,2022,18/09/2022,17:00,Viking,Tromso,2,2,D,2.07,3.6,3.74,2.1,3.75,3.75,2.02,3.52,3.54,,,,,,,,,,,,,,
NOR,Eliteserien,2022,18/09/2022,19:00,Molde,Aalesund,3,0,H,1.31,6.28,8.61,1.32,6.28,10,1.29,5.89,8.65,,,,,,,,,,,,,,
NOR,Eliteserien,2022,01/10/2022,15:00,Tromso,Molde,0,1,A,3.26,3.72,2.17,3.4,3.84,2.2,3.17,3.64,2.13,,,,,,,,,,,,,,
NOR,Eliteserien,2022,01/10/2022,17:00,Lillestrom,Bodo/Glimt,1,4,A,3.07,3.62,2.3,3.1,3.7,2.36,2.98,3.54,2.26,,,,,,,,,,,,,,
NOR,Eliteserien,2022,01/10/2022,17:00,Valerenga,Stromsgodset,4,0,H,1.58,4.57,5.44,1.6,4.8,6,1.53,4.49,5.36,,,,,,,,,,,,,,
NOR,Eliteserien,2022,02/10/2022,16:00,Aalesund,Viking,2,1,H,2.5,3.73,2.78,2.55,3.8,2.8,2.46,3.54,2.7,,,,,,,,,,,,,,
NOR,Eliteserien,2022,02/10/2022,16:00,Ham-Kam,Jerv,2,1,H,1.37,5.63,8.25,1.38,5.63,9,1.34,5.29,8.02,,,,,,,,,,,,,,
NOR,Eliteserien,2022,02/10/2022,16:00,Haugesund,Odd,2,2,D,1.94,3.74,4.07,1.94,3.87,4.4,1.88,3.65,3.95,,,,,,,,,,,,,,
NOR,Eliteserien,2022,02/10/2022,16:00,Sandefjord,Sarpsborg 08,1,1,D,3.61,4.06,1.98,3.61,4.1,2.02,3.47,3.88,1.95,,,,,,,,,,,,,,
NOR,Eliteserien,2022,02/10/2022,18:00,Kristiansund,Rosenborg,4,4,D,3.91,4.24,1.86,4.1,4.25,1.88,3.74,4.03,1.83,,,,,,,,,,,,,,
NOR,Eliteserien,2022,08/10/2022,17:00,Sarpsborg 08,Haugesund,4,0,H,1.82,4.05,4.29,1.87,4.1,4.29,1.81,3.9,3.98,,,,,,,,,,,,,,
NOR,Eliteserien,2022,09/10/2022,16:00,Bodo/Glimt,Sandefjord,4,1,H,1.12,10.7,17.99,1.14,11,23,1.11,10.01,17.26,,,,,,,,,,,,,,
NOR,Eliteserien,2022,09/10/2022,16:00,Molde,Ham-Kam,5,0,H,1.24,6.4,12.93,1.26,7.5,13,1.22,6.43,11.29,,,,,,,,,,,,,,
NOR,Eliteserien,2022,09/10/2022,16:00,Odd,Kristiansund,1,1,D,1.85,4.13,4.06,1.89,4.25,4.2,1.82,3.97,3.85,,,,,,,,,,,,,,
NOR,Eliteserien,2022,09/10/2022,16:00,Stromsgodset,Tromso,1,2,A,2.5,3.69,2.8,2.65,3.75,2.8,2.46,3.54,2.68,,,,,,,,,,,,,,
NOR,Eliteserien,2022,09/10/2022,16:00,Viking,Lillestrom,0,3,A,2.42,3.51,3.02,2.42,3.64,3.15,2.34,3.41,2.92,,,,,,,,,,,,,,
NOR,Eliteserien,2022,09/10/2022,18:00,Rosenborg,Valerenga,3,0,H,1.86,4.08,4.03,1.92,4.1,4.3,1.8,3.94,3.92,,,,,,,,,,,,,,
NOR,Eliteserien,2022,15/10/2022,15:00,Tromso,Odd,3,2,H,1.77,3.93,4.77,1.81,4.1,4.9,1.72,3.85,4.56,,,,,,,,,,,,,,
NOR,Eliteserien,2022,15/10/2022,17:00,Rosenborg,Stromsgodset,3,0,H,1.32,6,9.38,1.34,6,9.38,1.31,5.71,8.16,,,,,,,,,,,,,,
NOR,Eliteserien,2022,16/10/2022,16:00,Valerenga,Bodo/Glimt,0,6,A,2.66,3.99,2.49,2.8,3.99,2.5,2.65,3.71,2.41,,,,,,,,,,,,,,
NOR,Eliteserien,2022,16/10/2022,16:00,Aalesund,Ham-Kam,0,0,D,2.28,3.5,3.3,2.28,3.65,3.52,2.19,3.4,3.24,,,,,,,,,,,,,,
NOR,Eliteserien,2022,16/10/2022,16:00,Kristiansund,Haugesund,0,1,A,2.31,3.8,3.01,2.33,3.85,3.1,2.27,3.58,2.93,,,,,,,,,,,,,,
NOR,Eliteserien,2022,16/10/2022,16:00,Sandefjord,Jerv,1,2,A,1.61,4.63,5.16,1.65,4.7,5.25,1.59,4.39,4.9,,,,,,,,,,,,,,
NOR,Eliteserien,2022,16/10/2022,16:00,Viking,Sarpsborg 08,0,1,A,2.1,3.97,3.33,2.1,4.1,3.36,2.04,3.77,3.25,,,,,,,,,,,,,,
NOR,Eliteserien,2022,16/10/2022,18:00,Lillestrom,Molde,0,1,A,3.53,3.75,2.09,3.53,3.81,2.2,3.29,3.61,2.08,,,,,,,,,,,,,,
NOR,Eliteserien,2022,19/10/2022,17:00,Jerv,Aalesund,0,1,A,3.63,3.93,2.01,3.8,3.95,2.05,3.57,3.7,1.95,,,,,,,,,,,,,,
NOR,Eliteserien,2022,22/10/2022,17:00,Ham-Kam,Stromsgodset,1,1,D,2.03,3.59,3.88,2.05,3.84,3.88,1.98,3.53,3.63,,,,,,,,,,,,,,
NOR,Eliteserien,2022,22/10/2022,17:00,Odd,Valerenga,2,1,H,3,3.83,2.31,3.15,4,2.31,2.92,3.63,2.25,,,,,,,,,,,,,,
NOR,Eliteserien,2022,23/10/2022,16:00,Aalesund,Sandefjord,1,0,H,1.83,4.05,4.23,1.83,4.2,4.6,1.79,3.89,4.1,,,,,,,,,,,,,,
NOR,Eliteserien,2022,23/10/2022,16:00,Bodo/Glimt,Kristiansund,5,0,H,1.17,8.98,13.92,1.19,9,17,1.16,8.17,13.37,,,,,,,,,,,,,,
NOR,Eliteserien,2022,23/10/2022,16:00,Haugesund,Lillestrom,0,1,A,3.04,3.54,2.4,3.05,3.62,2.4,2.92,3.4,2.35,,,,,,,,,,,,,,
NOR,Eliteserien,2022,23/10/2022,16:00,Jerv,Viking,2,2,D,4.89,4.49,1.66,5.1,4.49,1.7,4.82,4.19,1.63,,,,,,,,,,,,,,
NOR,Eliteserien,2022,23/10/2022,16:00,Sarpsborg 08,Tromso,1,1,D,1.87,4.06,4.02,1.98,4.06,4.02,1.87,3.82,3.76,,,,,,,,,,,,,,
NOR,Eliteserien,2022,23/10/2022,18:00,Molde,Rosenborg,2,1,H,1.86,4.12,4.01,1.88,4.12,4.15,1.82,3.9,3.91,,,,,,,,,,,,,,
NOR,Eliteserien,2022,29/10/2022,17:00,Stromsgodset,Haugesund,1,2,A,2.24,3.93,3.06,2.24,3.93,3.17,2.15,3.72,3.03,,,,,,,,,,,,,,
NOR,Eliteserien,2022,29/10/2022,17:00,Valerenga,Sarpsborg 08,3,3,D,2.14,4,3.2,2.2,4.06,3.32,2.09,3.79,3.1,,,,,,,,,,,,,,
NOR,Eliteserien,2022,30/10/2022,16:00,Kristiansund,Aalesund,4,0,H,1.74,4.16,4.7,1.82,4.2,4.7,1.73,3.93,4.32,,,,,,,,,,,,,,
NOR,Eliteserien,2022,30/10/2022,16:00,Lillestrom,Odd,0,2,A,1.42,5.04,7.61,1.44,5.1,8,1.39,4.86,7.31,,,,,,,,,,,,,,
NOR,Eliteserien,2022,30/10/2022,16:00,Rosenborg,Bodo/Glimt,3,2,H,2.45,3.7,2.87,2.45,3.85,2.95,2.34,3.56,2.82,,,,,,,,,,,,,,
NOR,Eliteserien,2022,30/10/2022,16:00,Sandefjord,Ham-Kam,1,2,A,2.73,3.4,2.74,2.75,3.65,2.78,2.63,3.28,2.66,,,,,,,,,,,,,,
NOR,Eliteserien,2022,30/10/2022,16:00,Tromso,Jerv,2,2,D,1.3,6.24,9.12,1.31,6.5,10,1.28,6.04,8.87,,,,,,,,,,,,,,
NOR,Eliteserien,2022,30/10/2022,18:00,Viking,Molde,1,4,A,2.67,3.91,2.52,2.72,3.96,2.52,2.6,3.75,2.43,,,,,,,,,,,,,,
NOR,Eliteserien,2022,06/11/2022,16:00,Aalesund,Lillestrom,2,1,H,4.48,3.7,1.87,4.9,3.75,1.91,4.2,3.58,1.83,,,,,,,,,,,,,,
NOR,Eliteserien,2022,06/11/2022,16:00,Bodo/Glimt,Viking,5,4,H,1.23,7.53,11.26,1.29,7.75,15,1.2,7.06,11.66,,,,,,,,,,,,,,
NOR,Eliteserien,2022,06/11/2022,16:00,Ham-Kam,Tromso,1,2,A,2.55,3.35,2.97,2.57,3.5,2.97,2.46,3.28,2.84,,,,,,,,,,,,,,
NOR,Eliteserien,2022,06/11/2022,16:00,Haugesund,Valerenga,1,1,D,2.39,3.63,2.99,2.5,3.7,3,2.34,3.47,2.86,,,,,,,,,,,,,,
NOR,Eliteserien,2022,06/11/2022,16:00,Jerv,Rosenborg,2,4,A,6.9,4.9,1.47,7.5,5.3,1.47,6.66,4.93,1.41,,,,,,,,,,,,,,
NOR,Eliteserien,2022,06/11/2022,16:00,Molde,Sandefjord,2,1,H,1.24,6.91,11.37,1.25,7.5,12,1.22,6.82,10.54,,,,,,,,,,,,,,
NOR,Eliteserien,2022,06/11/2022,16:00,Odd,Stromsgodset,5,1,H,1.85,4.23,3.93,1.95,4.23,4,1.83,3.96,3.8,,,,,,,,,,,,,,
NOR,Eliteserien,2022,06/11/2022,16:00,Sarpsborg 08,Kristiansund,2,2,D,1.95,4.17,3.62,1.97,4.25,3.75,1.9,4.04,3.45,,,,,,,,,,,,,,
NOR,Eliteserien,2022,13/11/2022,16:00,Kristiansund,Jerv,1,1,D,1.27,6.6,10.22,1.28,7,11,1.25,6.51,9.35,,,,,,,,,,,,,,
NOR,Eliteserien,2022,13/11/2022,16:00,Lillestrom,Ham-Kam,3,1,H,1.79,4.12,4.39,1.89,4.12,4.39,1.8,3.88,3.99,,,,,,,,,,,,,,
NOR,Eliteserien,2022,13/11/2022,16:00,Rosenborg,Sarpsborg 08,2,3,A,1.52,4.97,5.76,1.52,5.3,6.15,1.46,4.96,5.7,,,,,,,,,,,,,,
NOR,Eliteserien,2022,13/11/2022,16:00,Sandefjord,Haugesund,2,2,D,2.07,4.12,3.29,2.09,4.33,3.4,2.01,3.94,3.21,,,,,,,,,,,,,,
NOR,Eliteserien,2022,13/11/2022,16:00,Stromsgodset,Bodo/Glimt,2,4,A,4.28,5,1.68,4.35,5.05,1.68,4.16,4.76,1.63,,,,,,,,,,,,,,
NOR,Eliteserien,2022,13/11/2022,16:00,Tromso,Aalesund,2,2,D,1.77,4.02,4.61,1.82,4.03,4.75,1.75,3.82,4.32,,,,,,,,,,,,,,
NOR,Eliteserien,2022,13/11/2022,16:00,Valerenga,Molde,1,2,A,2.9,4.41,2.21,2.9,4.44,2.28,2.77,4.19,2.16,,,,,,,,,,,,,,
NOR,Eliteserien,2022,13/11/2022,16:00,Viking,Odd,1,1,D,1.87,4.43,3.73,2,4.43,3.85,1.85,4.09,3.57,,,,,,,,,,,,,,
NOR,Eliteserien,2022,16/11/2022,17:00,Sandefjord,Kongsvinger,4,0,H,2.16,3.55,3.52,2.23,3.6,3.55,2.13,3.37,3.27,,,,,,,,,,,,,,
NOR,Eliteserien,2022,19/11/2022,15:00,Kongsvinger,Sandefjord,2,1,H,2.23,3.97,2.99,2.23,3.98,3.04,2.18,3.75,2.91,,,,,,,,,,,,,,
NOR,Eliteserien,2023,10/04/2023,13:30,Rosenborg,Viking,1,0,H,2.04,3.7,3.73,2.05,3.97,4.5,1.95,3.6,3.72,,,,,,,,,,,,,,
NOR,Eliteserien,2023,10/04/2023,16:00,Aalesund,Valerenga,0,1,A,3.1,3.36,2.45,3.1,3.5,2.45,2.99,3.34,2.34,,,,,,,,,,,,,,
NOR,Eliteserien,2023,10/04/2023,16:00,Ham-Kam,Sandefjord,2,0,H,1.93,3.69,4.19,1.95,3.75,4.2,1.89,3.57,4,,,,,,,,,,,,,,
NOR,Eliteserien,2023,10/04/2023,16:00,Sarpsborg 08,Bodo/Glimt,0,2,A,3.54,3.9,2.04,3.81,4.01,2.04,3.5,3.83,1.95,,,,,,,,,,,,,,
NOR,Eliteserien,2023,10/04/2023,16:00,Stabaek,Odd,0,0,D,2.11,3.4,3.84,2.49,3.6,3.84,2.09,3.41,3.48,,,,,,,,,,,,,,
NOR,Eliteserien,2023,10/04/2023,16:00,Tromso,Molde,1,0,H,4.33,3.83,1.86,4.33,3.85,2.04,4.04,3.67,1.85,,,,,,,,,,,,,,
NOR,Eliteserien,2023,10/04/2023,18:15,Brann,Haugesund,3,0,H,1.36,5.45,8.67,1.63,5.5,9.02,1.36,5.07,7.89,,,,,,,,,,,,,,
NOR,Eliteserien,2023,15/04/2023,17:00,Viking,Lillestrom,2,0,H,2.3,3.46,3.28,2.35,3.5,3.3,2.25,3.34,3.14,,,,,,,,,,,,,,
NOR,Eliteserien,2023,16/04/2023,16:00,Bodo/Glimt,Stabaek,4,0,H,1.31,6.18,9.42,1.35,6.5,9.63,1.29,5.86,8.92,,,,,,,,,,,,,,
NOR,Eliteserien,2023,16/04/2023,16:00,Haugesund,Ham-Kam,3,2,H,2.09,3.37,3.95,2.1,3.6,3.95,2.03,3.36,3.69,,,,,,,,,,,,,,
NOR,Eliteserien,2023,16/04/2023,16:00,Molde,Rosenborg,1,1,D,1.45,5.03,7.07,1.5,5.03,7.2,1.43,4.72,6.67,,,,,,,,,,,,,,
NOR,Eliteserien,2023,16/04/2023,16:00,Odd,Brann,2,0,H,4.62,4.37,1.71,4.75,4.37,1.77,4.42,4.02,1.7,,,,,,,,,,,,,,
NOR,Eliteserien,2023,16/04/2023,16:00,Sandefjord,Tromso,0,0,D,3.12,3.36,2.44,3.15,3.6,2.45,3.01,3.29,2.35,,,,,,,,,,,,,,
NOR,Eliteserien,2023,16/04/2023,16:00,Stromsgodset,Aalesund,1,0,H,2.15,3.5,3.62,2.15,3.62,3.72,2.07,3.42,3.5,,,,,,,,,,,,,,
NOR,Eliteserien,2023,16/04/2023,18:15,Valerenga,Sarpsborg 08,0,2,A,2.09,3.72,3.56,2.09,3.82,3.7,2.02,3.64,3.43,,,,,,,,,,,,,,
NOR,Eliteserien,2023,19/04/2023,17:30,Lillestrom,Stromsgodset,4,3,H,1.61,4.39,5.47,1.63,4.4,5.5,1.58,4.21,5.15,,,,,,,,,,,,,,
NOR,Eliteserien,2023,22/04/2023,17:00,Brann,Valerenga,3,1,H,1.4,5.16,7.91,1.48,5.2,8,1.39,4.87,7.24,,,,,,,,,,,,,,
NOR,Eliteserien,2023,23/04/2023,16:00,Aalesund,Bodo/Glimt,0,3,A,6.06,4.22,1.59,6.8,4.7,1.6,5.73,4.2,1.54,,,,,,,,,,,,,,
NOR,Eliteserien,2023,23/04/2023,16:00,Ham-Kam,Stromsgodset,2,0,H,2.24,3.56,3.33,2.24,3.75,3.76,2.05,3.5,3.47,,,,,,,,,,,,,,
NOR,Eliteserien,2023,23/04/2023,16:00,Rosenborg,Sandefjord,1,1,D,1.4,5.18,8.07,1.4,5.4,8.25,1.38,4.87,7.71,,,,,,,,,,,,,,
NOR,Eliteserien,2023,23/04/2023,16:00,Sarpsborg 08,Odd,0,0,D,1.81,4.18,4.22,1.85,4.2,4.25,1.78,3.94,4.04,,,,,,,,,,,,,,
NOR,Eliteserien,2023,23/04/2023,16:00,Stabaek,Haugesund,3,0,H,1.99,3.46,4.2,2.05,3.52,4.2,1.95,3.38,3.94,,,,,,,,,,,,,,
NOR,Eliteserien,2023,23/04/2023,16:00,Tromso,Viking,1,1,D,2.47,3.28,3.16,2.7,3.35,3.16,2.43,3.2,2.97,,,,,,,,,,,,,,
NOR,Eliteserien,2023,23/04/2023,18:15,Lillestrom,Molde,2,1,H,3.24,3.69,2.23,3.3,3.7,2.23,3.16,3.54,2.15,,,,,,,,,,,,,,
NOR,Eliteserien,2023,29/04/2023,17:00,Bodo/Glimt,Brann,2,2,D,1.88,4.04,3.97,1.88,4.2,4.1,1.84,3.92,3.82,,,,,,,,,,,,,,
NOR,Eliteserien,2023,30/04/2023,16:00,Haugesund,Sarpsborg 08,0,0,D,2.67,3.5,2.72,2.67,3.6,2.72,2.58,3.39,2.63,,,,,,,,,,,,,,
NOR,Eliteserien,2023,30/04/2023,16:00,Molde,Stabaek,2,3,A,1.43,5.08,7.28,1.45,5.5,8.25,1.4,4.82,7.17,,,,,,,,,,,,,,
NOR,Eliteserien,2023,30/04/2023,16:00,Sandefjord,Aalesund,4,0,H,2.47,3.04,3.41,2.47,3.25,3.45,2.35,3.03,3.25,,,,,,,,,,,,,,
NOR,Eliteserien,2023,30/04/2023,16:00,Stromsgodset,Tromso,0,1,A,2.15,3.47,3.64,2.17,3.6,3.64,2.09,3.44,3.43,,,,,,,,,,,,,,
NOR,Eliteserien,2023,30/04/2023,16:00,Viking,Ham-Kam,7,3,H,1.68,4.08,5.3,1.68,4.1,5.5,1.64,3.91,5.06,,,,,,,,,,,,,,
NOR,Eliteserien,2023,30/04/2023,18:15,Odd,Rosenborg,0,0,D,2.87,3.47,2.56,2.87,3.5,2.56,2.76,3.36,2.47,,,,,,,,,,,,,,
NOR,Eliteserien,2023,01/05/2023,17:00,Valerenga,Lillestrom,3,4,A,2.89,3.48,2.54,2.96,3.5,2.6,2.79,3.32,2.48,,,,,,,,,,,,,,
NOR,Eliteserien,2023,03/05/2023,17:00,Bodo/Glimt,Odd,2,0,H,1.26,6.53,11.2,1.27,6.66,12,1.24,6.33,10.65,,,,,,,,,,,,,,
NOR,Eliteserien,2023,03/05/2023,17:00,Molde,Aalesund,3,0,H,1.26,5.92,13.9,1.27,7.24,15,1.23,5.94,13,,,,,,,,,,,,,,
NOR,Eliteserien,2023,03/05/2023,17:00,Rosenborg,Brann,0,2,A,3.25,3.34,2.38,3.28,3.49,2.4,3.15,3.24,2.3,,,,,,,,,,,,,,
NOR,Eliteserien,2023,06/05/2023,17:00,Rosenborg,Valerenga,1,3,A,1.98,3.53,4.15,2,3.65,4.15,1.94,3.5,3.84,,,,,,,,,,,,,,
NOR,Eliteserien,2023,07/05/2023,16:00,Aalesund,Haugesund,0,0,D,2.07,3.37,4.02,2.15,3.4,4.02,2.05,3.24,3.73,,,,,,,,,,,,,,
NOR,Eliteserien,2023,07/05/2023,16:00,Ham-Kam,Molde,0,4,A,5.25,4.15,1.67,5.4,4.2,1.7,4.91,3.98,1.64,,,,,,,,,,,,,,
NOR,Eliteserien,2023,07/05/2023,16:00,Stabaek,Sarpsborg 08,1,1,D,2.54,3.51,2.87,2.55,3.6,2.87,2.45,3.38,2.77,,,,,,,,,,,,,,
NOR,Eliteserien,2023,07/05/2023,16:00,Tromso,Odd,0,1,A,2.58,3.22,3.03,2.58,3.35,3.06,2.45,3.19,2.92,,,,,,,,,,,,,,
NOR,Eliteserien,2023,07/05/2023,16:00,Viking,Stromsgodset,1,1,D,1.43,5.05,7.33,1.46,5.1,7.33,1.42,4.84,6.65,,,,,,,,,,,,,,
NOR,Eliteserien,2023,07/05/2023,18:15,Lillestrom,Bodo/Glimt,1,2,A,2.99,3.77,2.33,3.21,3.79,2.35,2.93,3.56,2.27,,,,,,,,,,,,,,
NOR,Eliteserien,2023,08/05/2023,18:00,Brann,Sandefjord,0,0,D,1.17,8.37,15.38,1.19,8.5,17,1.16,7.61,14.78,,,,,,,,,,,,,,
NOR,Eliteserien,2023,12/05/2023,18:00,Odd,Lillestrom,0,1,A,2.9,3.45,2.52,3.12,3.5,2.52,2.87,3.35,2.42,,,,,,,,,,,,,,
NOR,Eliteserien,2023,13/05/2023,16:00,Bodo/Glimt,Rosenborg,3,2,H,1.34,5.64,10.47,1.34,6,10.47,1.31,5.28,9.23,,,,,,,,,,,,,,
NOR,Eliteserien,2023,13/05/2023,16:00,Ham-Kam,Tromso,1,2,A,2.01,3.36,4.25,2.07,3.46,4.26,1.99,3.26,3.94,,,,,,,,,,,,,,
NOR,Eliteserien,2023,13/05/2023,16:00,Molde,Stromsgodset,3,2,H,1.27,6.13,11.56,1.28,6.5,12.5,1.25,6.06,10.51,,,,,,,,,,,,,,
NOR,Eliteserien,2023,13/05/2023,16:00,Sandefjord,Viking,1,2,A,3.8,3.77,2,3.9,3.78,2.08,3.66,3.59,1.96,,,,,,,,,,,,,,
NOR,Eliteserien,2023,13/05/2023,16:00,Sarpsborg 08,Brann,2,1,H,3.88,3.99,1.92,4,4,1.95,3.71,3.79,1.9,,,,,,,,,,,,,,
NOR,Eliteserien,2023,13/05/2023,16:00,Stabaek,Aalesund,1,0,H,1.75,3.69,5.33,1.84,3.8,5.33,1.76,3.54,4.77,,,,,,,,,,,,,,
NOR,Eliteserien,2023,13/05/2023,18:15,Haugesund,Valerenga,1,1,D,2.95,3.41,2.53,3,3.55,2.53,2.87,3.28,2.43,,,,,,,,,,,,,,
NOR,Eliteserien,2023,16/05/2023,17:00,Aalesund,Molde,3,1,H,5.3,3.82,1.72,6.5,4.4,1.72,5.17,3.79,1.66,,,,,,,,,,,,,,
NOR,Eliteserien,2023,16/05/2023,17:00,Brann,Stabaek,4,1,H,1.32,5.53,10.58,1.36,5.53,11,1.32,5.22,9.2,,,,,,,,,,,,,,
NOR,Eliteserien,2023,16/05/2023,17:00,Lillestrom,Sarpsborg 08,1,2,A,2.23,3.75,3.21,2.25,3.96,4.12,2.11,3.58,3.25,,,,,,,,,,,,,,
NOR,Eliteserien,2023,16/05/2023,17:00,Rosenborg,Haugesund,1,0,H,1.78,3.45,5.65,1.79,3.92,5.8,1.71,3.52,5.23,,,,,,,,,,,,,,
NOR,Eliteserien,2023,16/05/2023,17:00,Stromsgodset,Sandefjord,1,0,H,1.82,4.03,4.29,1.82,4.05,4.5,1.77,3.86,4.19,,,,,,,,,,,,,,
NOR,Eliteserien,2023,16/05/2023,17:00,Tromso,Bodo/Glimt,2,3,A,5.67,4.04,1.65,5.69,4.2,1.68,5.24,3.95,1.62,,,,,,,,,,,,,,
NOR,Eliteserien,2023,16/05/2023,17:00,Valerenga,Ham-Kam,3,0,H,1.72,4.07,4.88,1.78,4.07,5.5,1.72,3.84,4.51,,,,,,,,,,,,,,
NOR,Eliteserien,2023,16/05/2023,17:00,Viking,Odd,3,2,H,1.64,4.31,5.3,1.67,4.33,5.3,1.61,4.16,4.99,,,,,,,,,,,,,,
NOR,Eliteserien,2023,29/05/2023,16:00,Bodo/Glimt,Viking,5,1,H,1.47,5.32,6.19,1.47,5.34,7,1.43,4.98,6.17,,,,,,,,,,,,,,
NOR,Eliteserien,2023,29/05/2023,16:00,Brann,Rosenborg,3,1,H,1.54,4.49,6.32,1.66,4.9,7.53,1.55,4.17,5.64,,,,,,,,,,,,,,
NOR,Eliteserien,2023,29/05/2023,16:00,Haugesund,Tromso,1,2,A,2.54,3.17,3.15,2.54,3.26,3.22,2.42,3.13,3.01,,,,,,,,,,,,,,
NOR,Eliteserien,2023,29/05/2023,16:00,Molde,Sandefjord,5,0,H,1.2,7.95,13.49,1.21,7.95,15,1.18,7.15,13.29,,,,,,,,,,,,,,
NOR,Eliteserien,2023,29/05/2023,16:00,Odd,Stromsgodset,1,1,D,2.05,3.64,3.74,2.07,3.69,3.78,1.99,3.51,3.59,,,,,,,,,,,,,,
NOR,Eliteserien,2023,29/05/2023,16:00,Sarpsborg 08,Aalesund,3,1,H,1.58,4.38,5.81,1.61,4.5,5.81,1.56,4.23,5.41,,,,,,,,,,,,,,
NOR,Eliteserien,2023,29/05/2023,16:00,Stabaek,Valerenga,2,1,H,2.77,3.3,2.76,2.82,3.45,2.79,2.66,3.18,2.68,,,,,,,,,,,,,,
NOR,Eliteserien,2023,29/05/2023,18:15,Ham-Kam,Lillestrom,0,0,D,3.72,3.55,2.09,3.78,3.65,2.1,3.54,3.48,2.03,,,,,,,,,,,,,,
NOR,Eliteserien,2023,04/06/2023,16:00,Aalesund,Brann,1,3,A,5.32,4.1,1.67,5.6,4.25,1.68,5.05,3.93,1.64,,,,,,,,,,,,,,
NOR,Eliteserien,2023,04/06/2023,16:00,Lillestrom,Stabaek,3,1,H,1.58,4.39,5.84,1.58,4.43,6.11,1.54,4.2,5.7,,,,,,,,,,,,,,
NOR,Eliteserien,2023,04/06/2023,16:00,Rosenborg,Ham-Kam,4,0,H,1.67,3.99,5.53,1.71,4,5.7,1.66,3.77,5.11,,,,,,,,,,,,,,
NOR,Eliteserien,2023,04/06/2023,16:00,Sandefjord,Odd,4,1,H,2.81,3.35,2.67,2.85,3.47,2.7,2.71,3.26,2.57,,,,,,,,,,,,,,
NOR,Eliteserien,2023,04/06/2023,16:00,Stromsgodset,Haugesund,1,2,A,1.72,3.96,5.05,1.75,4,5.05,1.69,3.79,4.79,,,,,,,,,,,,,,
NOR,Eliteserien,2023,04/06/2023,16:00,Tromso,Sarpsborg 08,2,1,H,2.93,3.47,2.51,3.11,3.52,2.51,2.84,3.38,2.4,,,,,,,,,,,,,,
NOR,Eliteserien,2023,04/06/2023,16:00,Valerenga,Bodo/Glimt,1,3,A,3.31,3.99,2.1,3.79,4,2.11,3.27,3.81,2.02,,,,,,,,,,,,,,
NOR,Eliteserien,2023,04/06/2023,18:15,Viking,Molde,3,4,A,3.05,3.93,2.25,3.1,4,2.27,2.97,3.75,2.17,,,,,,,,,,,,,,
NOR,Eliteserien,2023,11/06/2023,16:00,Aalesund,Tromso,2,3,A,2.57,3.18,3.1,2.57,3.33,3.2,2.37,3.17,3.05,,,,,,,,,,,,,,
NOR,Eliteserien,2023,11/06/2023,16:00,Bodo/Glimt,Ham-Kam,3,0,H,1.16,9.01,16.88,1.18,9.01,17,1.15,8.02,14.72,,,,,,,,,,,,,,
NOR,Eliteserien,2023,11/06/2023,16:00,Haugesund,Sandefjord,3,2,H,2.15,3.39,3.73,2.17,3.57,3.73,2.07,3.36,3.51,,,,,,,,,,,,,,
NOR,Eliteserien,2023,11/06/2023,16:00,Odd,Molde,1,0,H,5.75,4.34,1.6,5.82,4.34,1.65,5.22,4.1,1.59,,,,,,,,,,,,,,
NOR,Eliteserien,2023,11/06/2023,16:00,Sarpsborg 08,Viking,1,3,A,2.16,4.1,3.11,2.16,4.1,3.25,2.1,3.84,3.05,,,,,,,,,,,,,,
NOR,Eliteserien,2023,11/06/2023,16:00,Stabaek,Rosenborg,2,2,D,2.92,3.29,2.6,3,3.33,2.6,2.9,3.17,2.47,,,,,,,,,,,,,,
NOR,Eliteserien,2023,11/06/2023,16:00,Valerenga,Stromsgodset,0,1,A,1.64,4.38,5.2,1.69,4.5,5.4,1.62,4.15,4.93,,,,,,,,,,,,,,
NOR,Eliteserien,2023,11/06/2023,18:15,Brann,Lillestrom,2,2,D,1.56,4.67,5.83,1.58,4.75,6,1.53,4.37,5.58,,,,,,,,,,,,,,
NOR,Eliteserien,2023,24/06/2023,17:00,Viking,Brann,3,1,H,2.78,4.05,2.37,2.8,4.05,2.45,2.71,3.87,2.3,,,,,,,,,,,,,,
NOR,Eliteserien,2023,25/06/2023,16:00,Ham-Kam,Odd,0,1,A,2.52,3.42,2.96,2.52,3.44,3.07,2.39,3.31,2.9,,,,,,,,,,,,,,
NOR,Eliteserien,2023,25/06/2023,16:00,Molde,Haugesund,1,0,H,1.22,7.33,12.45,1.25,7.33,13,1.22,6.54,11.29,,,,,,,,,,,,,,
NOR,Eliteserien,2023,25/06/2023,16:00,Rosenborg,Sarpsborg 08,0,3,A,2.2,3.78,3.23,2.22,3.83,3.52,2.12,3.64,3.16,,,,,,,,,,,,,,
NOR,Eliteserien,2023,25/06/2023,16:00,Tromso,Stabaek,2,1,H,2.43,3.12,3.37,2.43,3.34,3.61,2.33,3.06,3.25,,,,,,,,,,,,,,
NOR,Eliteserien,2023,25/06/2023,18:15,Stromsgodset,Bodo/Glimt,2,0,H,5.48,4.89,1.55,6,5.05,1.6,5.32,4.73,1.5,,,,,,,,,,,,,,
NOR,Eliteserien,2023,01/07/2023,17:00,Valerenga,Viking,1,2,A,2.29,3.88,3,2.3,4,3,2.21,3.77,2.9,,,,,,,,,,,,,,
NOR,Eliteserien,2023,02/07/2023,16:00,Aalesund,Rosenborg,1,0,H,3.27,3.57,2.27,3.35,3.57,2.33,3.08,3.41,2.24,,,,,,,,,,,,,,
NOR,Eliteserien,2023,02/07/2023,16:00,Brann,Ham-Kam,2,1,H,1.34,6.05,8.33,1.37,6.5,11,1.31,5.66,8.16,,,,,,,,,,,,,,
NOR,Eliteserien,2023,02/07/2023,16:00,Haugesund,Odd,2,1,H,2.38,3.22,3.36,2.45,3.4,3.4,2.32,3.21,3.11,,,,,,,,,,,,,,
NOR,Eliteserien,2023,02/07/2023,16:00,Lillestrom,Tromso,0,1,A,1.65,4.04,5.61,1.7,4.33,5.61,1.63,3.92,5.16,,,,,,,,,,,,,,
NOR,Eliteserien,2023,02/07/2023,16:00,Sarpsborg 08,Sandefjord,6,1,H,1.36,5.85,8.07,1.42,5.89,8.48,1.34,5.42,7.68,,,,,,,,,,,,,,
NOR,Eliteserien,2023,02/07/2023,18:15,Bodo/Glimt,Molde,2,2,D,2.21,3.86,3.16,2.3,4.09,3.73,2.16,3.7,3.03,,,,,,,,,,,,,,
NOR,Eliteserien,2023,03/07/2023,18:00,Stabaek,Stromsgodset,0,1,A,2.23,3.43,3.48,2.29,3.62,3.48,2.19,3.38,3.21,,,,,,,,,,,,,,
NOR,Eliteserien,2023,07/07/2023,18:00,Ham-Kam,Aalesund,2,1,H,1.89,3.71,4.3,1.91,4.08,4.3,1.86,3.66,3.98,,,,,,,,,,,,,,
NOR,Eliteserien,2023,08/07/2023,17:00,Viking,Haugesund,2,0,H,1.54,4.75,5.8,1.57,4.83,6.16,1.51,4.52,5.56,,,,,,,,,,,,,,
NOR,Eliteserien,2023,09/07/2023,16:00,Odd,Bodo/Glimt,0,2,A,6.03,4.58,1.55,6.24,4.68,1.56,5.75,4.36,1.52,,,,,,,,,,,,,,
NOR,Eliteserien,2023,09/07/2023,16:00,Rosenborg,Lillestrom,1,2,A,2.36,3.78,2.94,2.37,3.78,3.06,2.28,3.58,2.9,,,,,,,,,,,,,,
NOR,Eliteserien,2023,09/07/2023,16:00,Sandefjord,Stabaek,0,0,D,2.75,3.33,2.76,2.85,3.47,2.76,2.72,3.26,2.59,,,,,,,,,,,,,,
NOR,Eliteserien,2023,09/07/2023,16:00,Stromsgodset,Sarpsborg 08,5,2,H,3.39,4.06,2.05,3.39,4.2,2.22,3.11,3.93,2.06,,,,,,,,,,,,,,
NOR,Eliteserien,2023,09/07/2023,16:00,Tromso,Valerenga,0,0,D,1.91,3.71,4.25,2.26,3.71,4.3,1.92,3.51,3.94,,,,,,,,,,,,,,
NOR,Eliteserien,2023,09/07/2023,18:15,Molde,Brann,2,0,H,1.87,4.13,3.94,2.04,4.2,3.94,1.89,3.91,3.59,,,,,,,,,,,,,,
NOR,Eliteserien,2023,15/07/2023,17:00,Valerenga,Molde,0,4,A,3.55,3.81,2.06,3.76,4,2.11,3.41,3.74,1.99,,,,,,,,,,,,,,
NOR,Eliteserien,2023,16/07/2023,16:00,Aalesund,Odd,0,3,A,2.33,3.38,3.3,2.36,3.46,3.32,2.27,3.31,3.11,,,,,,,,,,,,,,
NOR,Eliteserien,2023,16/07/2023,16:00,Bodo/Glimt,Haugesund,2,1,H,1.2,7.99,12.64,1.24,7.99,15,1.19,7.22,12.08,,,,,,,,,,,,,,
NOR,Eliteserien,2023,16/07/2023,16:00,Lillestrom,Sandefjord,4,2,H,1.36,5.71,8.32,1.39,5.91,9.21,1.34,5.34,7.81,,,,,,,,,,,,,,
NOR,Eliteserien,2023,16/07/2023,16:00,Rosenborg,Tromso,2,1,H,2.18,3.6,3.43,2.25,3.6,3.58,2.1,3.44,3.37,,,,,,,,,,,,,,
NOR,Eliteserien,2023,16/07/2023,16:00,Sarpsborg 08,Ham-Kam,2,3,A,1.37,5.64,7.92,1.46,5.7,8.5,1.35,5.3,7.5,,,,,,,,,,,,,,
NOR,Eliteserien,2023,16/07/2023,16:00,Stabaek,Viking,0,1,A,2.94,3.58,2.46,2.95,3.63,2.46,2.84,3.45,2.36,,,,,,,,,,,,,,
NOR,Eliteserien,2023,16/07/2023,18:15,Brann,Stromsgodset,1,0,H,1.33,6.34,7.74,1.42,6.64,8.5,1.32,5.84,7.47,,,,,,,,,,,,,,
NOR,Eliteserien,2023,19/07/2023,17:00,Lillestrom,Aalesund,5,1,H,1.32,5.88,9.7,1.35,6,10,1.3,5.48,8.98,,,,,,,,,,,,,,
NOR,Eliteserien,2023,22/07/2023,17:00,Molde,Sarpsborg 08,5,1,H,1.41,5.67,6.81,1.49,5.67,7,1.41,5.22,6.31,,,,,,,,,,,,,,
NOR,Eliteserien,2023,23/07/2023,16:00,Ham-Kam,Stabaek,3,2,H,2.41,3.42,3.12,2.45,3.47,3.26,2.34,3.3,3.01,,,,,,,,,,,,,,
NOR,Eliteserien,2023,23/07/2023,16:00,Haugesund,Lillestrom,1,0,H,3.53,3.77,2.1,3.53,3.79,2.13,3.3,3.62,2.07,,,,,,,,,,,,,,
NOR,Eliteserien,2023,23/07/2023,16:00,Odd,Valerenga,2,1,H,2.48,3.39,3.04,2.5,3.5,3.06,2.39,3.31,2.92,,,,,,,,,,,,,,
NOR,Eliteserien,2023,23/07/2023,16:00,Sandefjord,Bodo/Glimt,2,5,A,8.65,5.61,1.36,8.75,5.93,1.38,7.91,5.34,1.34,,,,,,,,,,,,,,
NOR,Eliteserien,2023,23/07/2023,16:00,Tromso,Brann,3,1,H,3.16,3.54,2.33,3.16,3.75,2.56,2.97,3.48,2.28,,,,,,,,,,,,,,
NOR,Eliteserien,2023,23/07/2023,18:15,Stromsgodset,Rosenborg,0,1,A,2.72,3.79,2.52,2.8,3.8,2.7,2.63,3.6,2.47,,,,,,,,,,,,,,
NOR,Eliteserien,2023,24/07/2023,18:00,Viking,Aalesund,3,1,H,1.24,7.07,10.98,1.28,7.07,12,1.23,6.49,10.38,,,,,,,,,,,,,,
NOR,Eliteserien,2023,29/07/2023,14:30,Valerenga,Sandefjord,2,3,A,1.51,4.85,6.11,1.57,4.85,6.4,1.49,4.54,5.82,,,,,,,,,,,,,,
NOR,Eliteserien,2023,29/07/2023,17:00,Stabaek,Molde,0,1,A,3.97,3.65,1.99,4.38,3.71,1.99,3.87,3.51,1.92,,,,,,,,,,,,,,
NOR,Eliteserien,2023,30/07/2023,16:00,Aalesund,Stromsgodset,1,0,H,2.31,3.72,3.07,2.37,3.75,3.07,2.27,3.56,2.91,,,,,,,,,,,,,,
NOR,Eliteserien,2023,30/07/2023,16:00,Brann,Viking,0,2,A,1.84,4.36,3.88,1.91,4.62,3.95,1.84,4.13,3.58,,,,,,,,,,,,,,
NOR,Eliteserien,2023,30/07/2023,16:00,Lillestrom,Ham-Kam,3,1,H,1.5,4.82,6.34,1.52,4.9,7.2,1.47,4.51,6.19,,,,,,,,,,,,,,
NOR,Eliteserien,2023,30/07/2023,16:00,Rosenborg,Odd,3,2,H,1.7,4.04,5.08,1.87,4.05,5.65,1.69,3.83,4.78,,,,,,,,,,,,,,
NOR,Eliteserien,2023,30/07/2023,16:00,Sarpsborg 08,Haugesund,2,1,H,1.41,5.47,7.23,1.47,5.5,7.6,1.39,5.13,6.72,,,,,,,,,,,,,,
NOR,Eliteserien,2023,30/07/2023,18:15,Bodo/Glimt,Tromso,0,2,A,1.34,5.93,8.57,1.37,5.93,9.5,1.32,5.37,8.21,,,,,,,,,,,,,,
NOR,Eliteserien,2023,05/08/2023,17:00,Stromsgodset,Valerenga,1,3,A,2.92,3.53,2.49,2.92,3.62,2.53,2.78,3.42,2.42,,,,,,,,,,,,,,
NOR,Eliteserien,2023,06/08/2023,16:00,Ham-Kam,Brann,0,2,A,3.73,4.05,1.94,3.9,4.05,1.94,3.68,3.86,1.87,,,,,,,,,,,,,,
NOR,Eliteserien,2023,06/08/2023,16:00,Haugesund,Rosenborg,1,2,A,2.55,3.44,2.9,2.55,3.5,2.9,2.45,3.35,2.78,,,,,,,,,,,,,,
NOR,Eliteserien,2023,06/08/2023,16:00,Odd,Stabaek,4,0,H,2.7,3.18,2.91,2.71,3.4,2.96,2.63,3.1,2.76,,,,,,,,,,,,,,
NOR,Eliteserien,2023,06/08/2023,16:00,Sandefjord,Sarpsborg 08,5,1,H,4.03,4.23,1.83,4.33,4.4,1.87,4.04,4.1,1.75,,,,,,,,,,,,,,
NOR,Eliteserien,2023,06/08/2023,16:00,Tromso,Lillestrom,3,1,H,2.58,3.31,2.97,2.58,3.4,3,2.42,3.24,2.9,,,,,,,,,,,,,,
NOR,Eliteserien,2023,06/08/2023,18:15,Viking,Bodo/Glimt,3,2,H,2.77,4.26,2.31,3.05,4.26,2.31,2.72,4,2.23,,,,,,,,,,,,,,
NOR,Eliteserien,2023,12/08/2023,15:00,Sandefjord,Molde,2,2,D,5.61,4.64,1.57,6,4.7,1.6,5.47,4.38,1.53,,,,,,,,,,,,,,
NOR,Eliteserien,2023,12/08/2023,17:00,Sarpsborg 08,Stromsgodset,1,2,A,1.49,4.93,6.44,1.5,5.1,6.8,1.46,4.73,5.99,,,,,,,,,,,,,,
NOR,Eliteserien,2023,13/08/2023,16:00,Aalesund,Ham-Kam,0,2,A,2.17,3.88,3.22,2.21,3.88,3.3,2.1,3.69,3.12,,,,,,,,,,,,,,
NOR,Eliteserien,2023,13/08/2023,16:00,Lillestrom,Viking,1,3,A,2.24,3.9,3.08,2.39,4.05,3.15,2.18,3.79,2.92,,,,,,,,,,,,,,
NOR,Eliteserien,2023,13/08/2023,18:15,Valerenga,Haugesund,1,1,D,1.59,4.31,5.86,1.64,4.33,5.86,1.57,4.12,5.43,,,,,,,,,,,,,,
NOR,Eliteserien,2023,19/08/2023,17:00,Molde,Valerenga,0,0,D,1.59,4.53,5.48,1.6,4.6,5.8,1.55,4.33,5.31,,,,,,,,,,,,,,
NOR,Eliteserien,2023,19/08/2023,17:00,Odd,Sarpsborg 08,0,3,A,2.7,3.99,2.45,2.75,3.99,2.53,2.65,3.73,2.4,,,,,,,,,,,,,,
NOR,Eliteserien,2023,20/08/2023,16:00,Brann,Aalesund,5,1,H,1.28,6.67,9.35,1.28,7.64,13,1.23,6.74,10.15,,,,,,,,,,,,,,
NOR,Eliteserien,2023,20/08/2023,16:00,Ham-Kam,Rosenborg,3,0,H,2.67,3.63,2.63,2.8,3.7,2.65,2.63,3.51,2.52,,,,,,,,,,,,,,
NOR,Eliteserien,2023,20/08/2023,16:00,Haugesund,Bodo/Glimt,1,3,A,6.3,4.98,1.49,7.12,5,1.53,5.96,4.66,1.47,,,,,,,,,,,,,,
NOR,Eliteserien,2023,20/08/2023,16:00,Tromso,Sandefjord,1,0,H,1.46,4.65,7.11,1.5,4.75,7.11,1.44,4.52,6.85,,,,,,,,,,,,,,
NOR,Eliteserien,2023,20/08/2023,16:00,Viking,Stabaek,1,0,H,1.43,5.29,6.93,1.48,5.33,7.14,1.41,4.93,6.7,,,,,,,,,,,,,,
NOR,Eliteserien,2023,20/08/2023,18:15,Stromsgodset,Lillestrom,1,2,A,3.65,3.83,2.03,3.89,3.84,2.22,3.4,3.62,2.02,,,,,,,,,,,,,,
NOR,Eliteserien,2023,26/08/2023,17:00,Sarpsborg 08,Tromso,4,0,H,1.95,4.04,3.68,2.06,4.04,3.82,1.92,3.82,3.59,,,,,,,,,,,,,,
NOR,Eliteserien,2023,27/08/2023,16:00,Sandefjord,Haugesund,0,0,D,2.17,3.68,3.38,2.21,3.75,3.38,2.16,3.56,3.19,,,,,,,,,,,,,,
NOR,Eliteserien,2023,27/08/2023,16:00,Valerenga,Odd,2,2,D,1.71,3.91,5.26,1.75,4.1,5.35,1.71,3.75,4.83,,,,,,,,,,,,,,
NOR,Eliteserien,2023,27/08/2023,18:15,Rosenborg,Aalesund,4,0,H,1.4,5.25,7.69,1.44,5.61,8,1.38,5.06,7.18,,,,,,,,,,,,,,
NOR,Eliteserien,2023,02/09/2023,17:00,Viking,Valerenga,1,1,D,1.58,4.56,5.56,1.61,4.6,5.8,1.56,4.36,5.2,,,,,,,,,,,,,,
NOR,Eliteserien,2023,03/09/2023,16:00,Aalesund,Lillestrom,1,1,D,4.42,4.34,1.74,4.5,4.42,1.75,4.26,4.11,1.71,,,,,,,,,,,,,,
NOR,Eliteserien,2023,03/09/2023,16:00,Brann,Sarpsborg 08,1,0,H,1.6,4.99,4.83,1.63,5.09,5.4,1.58,4.69,4.67,,,,,,,,,,,,,,
NOR,Eliteserien,2023,03/09/2023,16:00,Haugesund,Molde,1,2,A,5.05,4.47,1.64,5.4,4.47,1.66,4.91,4.15,1.62,,,,,,,,,,,,,,
NOR,Eliteserien,2023,03/09/2023,16:00,Odd,Sandefjord,3,2,H,2,3.96,3.61,2.06,3.96,3.75,1.98,3.74,3.46,,,,,,,,,,,,,,
NOR,Eliteserien,2023,03/09/2023,16:00,Stromsgodset,Stabaek,2,1,H,2.05,3.62,3.79,2.06,3.76,3.79,2.01,3.52,3.54,,,,,,,,,,,,,,
NOR,Eliteserien,2023,03/09/2023,16:00,Tromso,Rosenborg,3,1,H,2.22,3.42,3.51,2.25,3.48,3.53,2.14,3.33,3.38,,,,,,,,,,,,,,
NOR,Eliteserien,2023,03/09/2023,18:15,Ham-Kam,Bodo/Glimt,4,4,D,5.26,4.78,1.58,6,4.8,1.6,5.22,4.55,1.54,,,,,,,,,,,,,,
NOR,Eliteserien,2023,16/09/2023,17:00,Haugesund,Viking,0,2,A,3.96,3.99,1.9,4.33,4.2,1.92,3.97,3.95,1.81,,,,,,,,,,,,,,
NOR,Eliteserien,2023,16/09/2023,17:00,Molde,Odd,4,1,H,1.29,6.2,10.61,1.33,6.2,10.61,1.28,5.76,9.68,,,,,,,,,,,,,,
NOR,Eliteserien,2023,16/09/2023,17:00,Sandefjord,Stromsgodset,2,0,H,2.44,3.64,2.91,2.44,3.75,2.96,2.31,3.61,2.86,,,,,,,,,,,,,,
NOR,Eliteserien,2023,17/09/2023,16:00,Rosenborg,Bodo/Glimt,1,1,D,4.31,4.48,1.65,4.7,4.5,1.73,4.22,4.29,1.69,,,,,,,,,,,,,,
NOR,Eliteserien,2023,17/09/2023,16:00,Sarpsborg 08,Lillestrom,3,1,H,1.94,4.2,3.63,1.94,4.2,3.75,1.89,4.01,3.54,,,,,,,,,,,,,,
NOR,Eliteserien,2023,17/09/2023,16:00,Stabaek,Brann,0,1,A,3.94,3.9,1.79,4.1,4.07,1.86,3.92,3.88,1.82,,,,,,,,,,,,,,
NOR,Eliteserien,2023,17/09/2023,16:00,Tromso,HamKam,2,1,H,1.51,4.56,6.89,1.54,4.56,7.1,1.47,4.31,6.6,,,,,,,,,,,,,,
NOR,Eliteserien,2023,17/09/2023,18:15,Valerenga,Aalesund,3,1,H,1.46,4.94,7.01,1.48,5,7.2,1.42,4.73,6.78,,,,,,,,,,,,,,
NOR,Eliteserien,2023,23/09/2023,17:00,Aalesund,Stabaek,1,1,D,2.51,3.68,2.8,2.52,3.68,2.85,2.42,3.5,2.77,,,,,,,,,,,,,,
NOR,Eliteserien,2023,24/09/2023,16:00,Bodo/Glimt,Valerenga,4,2,H,1.26,6.76,10.37,1.33,6.76,11.5,1.26,6.17,9.61,,,,,,,,,,,,,,
NOR,Eliteserien,2023,24/09/2023,16:00,HamKam,Sarpsborg 08,1,1,D,3.62,4.41,1.9,3.7,4.42,2.01,3.46,4.12,1.9,,,,,,,,,,,,,,
NOR,Eliteserien,2023,24/09/2023,16:00,Lillestrom,Rosenborg,3,0,H,1.84,4.04,4.21,1.87,4.04,4.3,1.8,3.9,4.08,,,,,,,,,,,,,,
NOR,Eliteserien,2023,24/09/2023,16:00,Odd,Haugesund,1,1,D,2.02,3.63,3.88,2.05,3.67,3.9,1.97,3.53,3.73,,,,,,,,,,,,,,
NOR,Eliteserien,2023,24/09/2023,16:00,Stromsgodset,Molde,1,1,D,4.8,4.45,1.64,5.5,4.52,1.73,4.75,4.19,1.64,,,,,,,,,,,,,,
NOR,Eliteserien,2023,24/09/2023,16:00,Viking,Sandefjord,4,3,H,1.28,6.68,9.11,1.31,6.68,10,1.28,6.28,8.8,,,,,,,,,,,,,,
NOR,Eliteserien,2023,24/09/2023,18:15,Brann,Tromso,2,1,H,1.83,4.04,4.23,1.86,4.05,4.33,1.78,3.85,4.16,,,,,,,,,,,,,,
NOR,Eliteserien,2023,30/09/2023,14:00,Stabaek,Tromso,0,1,A,3.61,3.33,2.22,3.61,3.69,2.28,3.39,3.34,2.15,,,,,,,,,,,,,,
NOR,Eliteserien,2023,01/10/2023,14:00,Lillestrom,Brann,0,2,A,2.66,3.68,2.63,2.68,3.74,2.66,2.6,3.55,2.54,,,,,,,,,,,,,,
NOR,Eliteserien,2023,01/10/2023,16:00,Molde,Viking,4,0,H,1.83,4.38,3.91,1.87,4.6,4.1,1.79,4.18,3.79,,,,,,,,,,,,,,
NOR,Eliteserien,2023,01/10/2023,16:00,Sandefjord,Valerenga,1,2,A,2.95,3.56,2.45,2.95,3.68,2.45,2.85,3.49,2.36,,,,,,,,,,,,,,
NOR,Eliteserien,2023,01/10/2023,18:15,Bodo/Glimt,Stromsgodset,2,0,H,1.18,9.23,13.96,1.22,9.23,17,1.17,7.87,13.57,,,,,,,,,,,,,,
NOR,Eliteserien,2023,04/10/2023,18:00,Stabaek,HamKam,5,2,H,2.05,3.71,3.69,2.09,3.78,3.73,2,3.61,3.51,,,,,,,,,,,,,,
NOR,Eliteserien,2023,07/10/2023,17:00,Odd,Viking,1,1,D,3.49,3.93,2.05,3.52,4,2.06,3.37,3.75,2,,,,,,,,,,,,,,
NOR,Eliteserien,2023,08/10/2023,16:00,Haugesund,Stromsgodset,1,0,H,2.51,3.42,2.98,2.51,3.58,3.38,2.32,3.37,2.98,,,,,,,,,,,,,,
NOR,Eliteserien,2023,08/10/2023,16:00,Molde,Bodo/Glimt,1,3,A,2.13,3.94,3.28,2.16,3.95,3.3,2.08,3.81,3.11,,,,,,,,,,,,,,
NOR,Eliteserien,2023,08/10/2023,16:00,Sandefjord,HamKam,0,1,A,2.03,3.9,3.57,2.05,4,3.57,1.99,3.79,3.39,,,,,,,,,,,,,,
NOR,Eliteserien,2023,08/10/2023,16:00,Sarpsborg 08,Rosenborg,5,2,H,1.6,4.76,5.12,1.69,4.76,5.12,1.59,4.46,4.77,,,,,,,,,,,,,,
NOR,Eliteserien,2023,08/10/2023,16:00,Stabaek,Lillestrom,1,0,H,2.26,3.56,3.27,2.45,3.56,3.27,2.25,3.42,3.06,,,,,,,,,,,,,,
NOR,Eliteserien,2023,08/10/2023,16:00,Tromso,Aalesund,1,2,A,1.29,5.99,10.82,1.34,5.99,10.82,1.3,5.49,9.3,,,,,,,,,,,,,,
NOR,Eliteserien,2023,08/10/2023,18:15,Valerenga,Brann,1,2,A,2.69,3.57,2.66,2.83,3.73,2.66,2.61,3.48,2.54,,,,,,,,,,,,,,
NOR,Eliteserien,2023,21/10/2023,14:00,Bodo/Glimt,Sandefjord,4,3,H,1.11,11.75,20.51,1.12,12.09,26,1.11,10.02,18.73,,,,,,,,,,,,,,
NOR,Eliteserien,2023,21/10/2023,17:00,Brann,Molde,3,2,H,2.32,3.54,3.18,2.4,3.73,3.18,2.31,3.45,2.95,,,,,,,,,,,,,,
NOR,Eliteserien,2023,22/10/2023,13:30,Lillestrom,Valerenga,2,0,H,2.37,3.54,3.1,2.4,3.75,3.23,2.26,3.45,3.04,,,,,,,,,,,,,,
NOR,Eliteserien,2023,22/10/2023,16:00,Aalesund,Sarpsborg 08,3,2,H,3.58,4.21,1.95,3.81,4.23,1.97,3.54,4.06,1.88,,,,,,,,,,,,,,
NOR,Eliteserien,2023,22/10/2023,16:00,HamKam,Haugesund,0,3,A,2.28,3.52,3.29,2.28,3.54,3.46,2.19,3.4,3.21,,,,,,,,,,,,,,
NOR,Eliteserien,2023,22/10/2023,16:00,Rosenborg,Stabaek,1,1,D,1.98,3.88,3.75,2.01,4.09,3.92,1.93,3.77,3.6,,,,,,,,,,,,,,
NOR,Eliteserien,2023,22/10/2023,16:00,Stromsgodset,Odd,3,1,H,1.97,3.56,4.14,2.1,3.65,4.14,1.95,3.49,3.83,,,,,,,,,,,,,,
NOR,Eliteserien,2023,22/10/2023,18:15,Viking,Tromso,3,4,A,1.89,3.93,4.06,1.92,3.94,4.09,1.86,3.76,3.89,,,,,,,,,,,,,,
NOR,Eliteserien,2023,28/10/2023,17:00,Haugesund,Aalesund,6,1,H,1.81,3.88,4.52,1.85,4.03,4.53,1.77,3.81,4.31,,,,,,,,,,,,,,
NOR,Eliteserien,2023,29/10/2023,16:00,Odd,HamKam,2,0,H,2.29,3.43,3.34,2.29,3.64,3.35,2.2,3.41,3.18,,,,,,,,,,,,,,
NOR,Eliteserien,2023,29/10/2023,16:00,Sandefjord,Brann,1,1,D,5.26,4.54,1.61,5.26,4.6,1.63,4.94,4.31,1.59,,,,,,,,,,,,,,
NOR,Eliteserien,2023,29/10/2023,16:00,Sarpsborg 08,Stabaek,2,2,D,1.56,4.8,5.49,1.59,4.8,5.54,1.52,4.58,5.31,,,,,,,,,,,,,,
NOR,Eliteserien,2023,29/10/2023,16:00,Stromsgodset,Viking,1,0,H,3.01,3.74,2.34,3.01,4,2.36,2.85,3.65,2.28,,,,,,,,,,,,,,
NOR,Eliteserien,2023,29/10/2023,18:13,Valerenga,Rosenborg,1,3,A,1.72,4.13,4.79,1.78,4.25,4.95,1.7,3.91,4.56,,,,,,,,,,,,,,
NOR,Eliteserien,2023,30/10/2023,17:30,Bodo/Glimt,Lillestrom,3,1,H,1.29,6.42,9.55,1.32,6.5,10,1.27,6.09,9.01,,,,,,,,,,,,,,
NOR,Eliteserien,2023,30/10/2023,20:00,Molde,Tromso,1,4,A,1.67,4.32,5.19,1.7,4.32,5.64,1.63,4.03,4.94,,,,,,,,,,,,,,
NOR,Eliteserien,2023,04/11/2023,17:00,HamKam,Viking,3,0,H,3.18,3.82,2.21,3.35,3.89,2.25,3.06,3.73,2.15,,,,,,,,,,,,,,
NOR,Eliteserien,2023,05/11/2023,16:00,Brann,Odd,2,1,H,1.14,9.7,18.39,1.22,9.75,23,1.13,8.4,17.57,,,,,,,,,,,,,,
NOR,Eliteserien,2023,05/11/2023,16:00,Lillestrom,Haugesund,1,0,H,1.87,3.81,4.29,1.87,4.05,4.5,1.79,3.73,4.26,,,,,,,,,,,,,,
NOR,Eliteserien,2023,05/11/2023,16:00,Rosenborg,Molde,3,1,H,3.65,4.06,1.97,3.77,4.1,2,3.56,3.91,1.91,,,,,,,,,,,,,,
NOR,Eliteserien,2023,05/11/2023,16:00,Sarpsborg 08,Valerenga,3,2,H,1.91,4.22,3.72,1.95,4.22,3.8,1.89,3.97,3.58,,,,,,,,,,,,,,
NOR,Eliteserien,2023,05/11/2023,16:00,Stabaek,Bodo/Glimt,0,4,A,5.73,4.97,1.52,6.2,5,1.54,5.56,4.73,1.49,,,,,,,,,,,,,,
NOR,Eliteserien,2023,05/11/2023,18:15,Tromso,Stromsgodset,0,1,A,1.46,4.6,7.55,1.48,4.84,7.65,1.43,4.53,7.13,,,,,,,,,,,,,,
NOR,Eliteserien,2023,06/11/2023,18:00,Aalesund,Sandefjord,0,3,A,2.07,4.01,3.38,2.16,4.05,3.38,2.05,3.88,3.19,,,,,,,,,,,,,,
NOR,Eliteserien,2023,11/11/2023,17:00,Haugesund,Brann,0,2,A,4.07,3.83,1.91,4.24,3.87,1.91,4,3.72,1.83,,,,,,,,,,,,,,
NOR,Eliteserien,2023,12/11/2023,16:00,Bodo/Glimt,Aalesund,1,0,H,1.09,12.16,17.95,1.11,13,26,1.09,10.96,19.13,,,,,,,,,,,,,,
NOR,Eliteserien,2023,12/11/2023,16:00,Odd,Tromso,1,2,A,4,3.89,1.92,4.2,3.9,1.94,3.96,3.67,1.85,,,,,,,,,,,,,,
NOR,Eliteserien,2023,12/11/2023,16:00,Sandefjord,Rosenborg,3,2,H,2.14,3.89,3.23,2.21,4,3.3,2.06,3.8,3.16,,,,,,,,,,,,,,
NOR,Eliteserien,2023,12/11/2023,16:00,Stromsgodset,HamKam,0,1,A,1.98,3.76,3.87,2,3.79,3.9,1.94,3.64,3.64,,,,,,,,,,,,,,
NOR,Eliteserien,2023,12/11/2023,16:00,Valerenga,Stabaek,0,0,D,1.87,3.9,4.19,1.87,3.9,4.3,1.82,3.74,4.03,,,,,,,,,,,,,,
NOR,Eliteserien,2023,12/11/2023,16:00,Viking,Sarpsborg 08,2,1,H,1.81,4.7,3.76,1.85,4.7,3.76,1.79,4.45,3.56,,,,,,,,,,,,,,
NOR,Eliteserien,2023,12/11/2023,18:15,Molde,Lillestrom,4,0,H,1.65,4.58,4.87,1.66,4.59,5.3,1.61,4.3,4.78,,,,,,,,,,,,,,
NOR,Eliteserien,2023,26/11/2023,16:00,Aalesund,Viking,0,4,A,3.87,4.18,1.82,4.56,4.7,1.89,3.84,4.18,1.78,,,,,,,,,,,,,,
NOR,Eliteserien,2023,26/11/2023,16:00,Brann,Bodo/Glimt,4,2,H,1.76,4.43,3.92,2.02,4.43,4.05,1.86,4.15,3.54,,,,,,,,,,,,,,
NOR,Eliteserien,2023,26/11/2023,16:00,HamKam,Valerenga,0,2,A,4.58,3.81,1.76,4.9,3.82,1.92,4.22,3.66,1.81,,,,,,,,,,,,,,
NOR,Eliteserien,2023,26/11/2023,16:00,Lillestrom,Odd,4,4,D,1.64,4.03,5.23,1.69,4.33,5.55,1.61,4.05,5.08,,,,,,,,,,,,,,
NOR,Eliteserien,2023,26/11/2023,16:00,Rosenborg,Stromsgodset,1,3,A,1.89,3.96,3.76,1.94,4.06,3.89,1.88,3.84,3.69,,,,,,,,,,,,,,
NOR,Eliteserien,2023,26/11/2023,16:00,Sarpsborg 08,Molde,1,3,A,2.23,3.98,2.9,2.38,4.05,2.94,2.25,3.89,2.76,,,,,,,,,,,,,,
NOR,Eliteserien,2023,26/11/2023,16:00,Stabaek,Sandefjord,2,1,H,1.94,3.89,3.88,1.95,4.07,4,1.87,3.8,3.77,,,,,,,,,,,,,,
NOR,Eliteserien,2023,26/11/2023,16:00,Tromso,Haugesund,2,1,H,1.66,4.02,5.53,1.66,4.19,6.1,1.6,3.9,5.5,,,,,,,,,,,,,,
NOR,Eliteserien,2023,03/12/2023,16:00,Bodo/Glimt,Sarpsborg 08,2,0,H,1.41,5.85,5.81,1.48,5.9,6.2,1.42,5.39,5.62,,,,,,,,,,,,,,
NOR,Eliteserien,2023,03/12/2023,16:00,Haugesund,Stabaek,3,0,H,1.8,3.77,4.77,2.07,3.78,4.77,1.77,3.65,4.42,,,,,,,,,,,,,,
NOR,Eliteserien,2023,03/12/2023,16:00,Molde,HamKam,1,1,D,1.2,7.82,10.78,1.24,7.9,13,1.21,7.01,10.86,,,,,,,,,,,,,,
NOR,Eliteserien,2023,03/12/2023,16:00,Odd,Aalesund,4,1,H,1.46,4.88,6.21,1.61,4.9,6.3,1.48,4.65,5.76,,,,,,,,,,,,,,
NOR,Eliteserien,2023,03/12/2023,16:00,Sandefjord,Lillestrom,1,0,H,1.82,4.29,3.78,1.85,4.33,4.19,1.78,4.08,3.84,,,,,,,,,,,,,,
NOR,Eliteserien,2023,03/12/2023,16:00,Stromsgodset,Brann,3,0,H,4.29,3.91,1.79,4.5,4.33,1.84,4.17,3.88,1.76,,,,,,,,,,,,,,
NOR,Eliteserien,2023,03/12/2023,16:00,Valerenga,Tromso,1,1,D,2.08,3.63,3.67,2.34,3.68,3.67,2.07,3.45,3.42,,,,,,,,,,,,,,
NOR,Eliteserien,2023,03/12/2023,16:00,Viking,Rosenborg,1,5,A,1.37,5.8,6.78,1.42,6,8.16,1.35,5.66,6.87,,,,,,,,,,,,,,
NOR,Eliteserien,2023,06/12/2023,18:00,Kristiansund,Valerenga,0,2,A,4.02,3.58,1.97,4.02,3.71,2.03,3.73,3.48,1.95,,,,,,,,,,,,,,
NOR,Eliteserien,2023,10/12/2023,16:00,Valerenga,Kristiansund,0,2,A,1.53,4.64,5.95,1.54,5.02,7.73,1.5,4.33,5.83,,,,,,,,,,,,,,
NOR,Eliteserien,2024,31/03/2024,17:00,Odd,Haugesund,1,2,A,2.07,3.51,3.75,2.1,3.55,3.82,2.03,3.42,3.6,,,,,,,,,,,,,,
NOR,Eliteserien,2024,01/04/2024,13:30,Fredrikstad,Bodo/Glimt,0,2,A,5.95,4.21,1.58,6,4.5,1.61,5.53,4.18,1.56,,,,,,,,,,,,,,
NOR,Eliteserien,2024,01/04/2024,16:00,Lillestrom,Kristiansund,2,3,A,1.55,4.26,6.4,1.55,4.4,6.71,1.51,4.18,6.14,,,,,,,,,,,,,,
NOR,Eliteserien,2024,01/04/2024,16:00,Molde,Stromsgodset,4,0,H,1.4,5.05,7.92,1.42,5.09,8.5,1.38,4.82,7.52,,,,,,,,,,,,,,
NOR,Eliteserien,2024,01/04/2024,16:00,Rosenborg,Sandefjord,2,0,H,1.63,4.28,5.29,1.67,4.28,5.58,1.61,4.07,5.12,,,,,,,,,,,,,,
NOR,Eliteserien,2024,01/04/2024,16:00,Tromso,Brann,2,4,A,3.46,3.49,2.18,3.69,3.65,2.18,3.42,3.44,2.08,,,,,,,,,,,,,,
NOR,Eliteserien,2024,01/04/2024,18:15,Viking,Sarpsborg 08,1,0,H,1.97,4.1,3.53,2.01,4.15,3.75,1.94,3.92,3.42,,,,,,,,,,,,,,
NOR,Eliteserien,2024,02/04/2024,18:00,KFUM Oslo,HamKam,1,1,D,2.43,3.39,3.06,2.45,3.5,3.12,2.37,3.38,2.93,,,,,,,,,,,,,,
NOR,Eliteserien,2024,06/04/2024,17:00,Bodo/Glimt,Viking,1,0,H,1.43,5.41,7.5,1.45,5.5,7.5,1.4,5.13,6.66,,,,,,,,,,,,,,
NOR,Eliteserien,2024,07/04/2024,13:30,Kristiansund,KFUM Oslo,1,1,D,2.22,3.6,3.26,2.26,3.86,3.3,2.15,3.51,3.17,,,,,,,,,,,,,,
NOR,Eliteserien,2024,07/04/2024,16:00,HamKam,Molde,0,1,A,5.15,4.12,1.67,5.2,4.33,1.7,4.88,4.05,1.63,,,,,,,,,,,,,,
NOR,Eliteserien,2024,07/04/2024,16:00,Haugesund,Lillestrom,0,2,A,3.14,3.4,2.37,3.15,3.56,2.43,2.99,3.37,2.3,,,,,,,,,,,,,,
NOR,Eliteserien,2024,07/04/2024,16:00,Sarpsborg 08,Odd,0,1,A,1.77,4.18,4.33,1.78,4.2,4.5,1.73,4,4.21,,,,,,,,,,,,,,
NOR,Eliteserien,2024,07/04/2024,16:00,Stromsgodset,Rosenborg,1,0,H,2.15,3.54,3.48,2.2,3.67,3.5,2.12,3.42,3.31,,,,,,,,,,,,,,
NOR,Eliteserien,2024,07/04/2024,18:15,Brann,Fredrikstad,0,2,A,1.38,5.22,8.1,1.4,5.3,8.5,1.36,4.98,7.64,,,,,,,,,,,,,,
NOR,Eliteserien,2024,13/04/2024,17:00,Fredrikstad,Sarpsborg 08,2,2,D,2.39,3.46,3.07,2.5,3.55,3.08,2.37,3.34,2.91,,,,,,,,,,,,,,
NOR,Eliteserien,2024,14/04/2024,13:30,Viking,Brann,1,1,D,2.76,3.72,2.49,2.8,3.75,2.55,2.68,3.61,2.42,,,,,,,,,,,,,,
NOR,Eliteserien,2024,14/04/2024,16:00,Molde,Kristiansund,2,0,H,1.22,6.98,12.19,1.25,7,13.2,1.22,6.4,11.75,,,,,,,,,,,,,,
NOR,Eliteserien,2024,14/04/2024,16:00,Odd,Sandefjord,2,2,D,1.75,3.96,4.71,1.8,3.96,5,1.74,3.74,4.42,,,,,,,,,,,,,,
NOR,Eliteserien,2024,14/04/2024,16:00,Rosenborg,HamKam,1,0,H,1.68,4,5.23,1.71,4.1,5.81,1.64,3.86,5.06,,,,,,,,,,,,,,
NOR,Eliteserien,2024,14/04/2024,16:00,Tromso,Haugesund,0,1,A,1.64,4.11,5.43,1.64,4.35,5.6,1.59,4.03,5.26,,,,,,,,,,,,,,
NOR,Eliteserien,2024,14/04/2024,18:15,Lillestrom,Bodo/Glimt,0,5,A,3.17,3.69,2.24,3.3,3.75,2.31,3.1,3.57,2.16,,,,,,,,,,,,,,
NOR,Eliteserien,2024,16/04/2024,18:00,KFUM Oslo,Stromsgodset,1,3,A,2.64,3.35,2.81,2.66,3.4,2.86,2.56,3.26,2.72,,,,,,,,,,,,,,
NOR,Eliteserien,2024,17/04/2024,17:00,Brann,HamKam,1,0,H,1.35,5.74,8.19,1.36,6,10,1.31,5.43,8.6,,,,,,,,,,,,,,
NOR,Eliteserien,2024,17/04/2024,17:00,Molde,Odd,1,2,A,1.28,6.04,10.31,1.32,6.04,11,1.27,5.69,9.8,,,,,,,,,,,,,,
NOR,Eliteserien,2024,21/04/2024,13:30,HamKam,Stromsgodset,0,1,A,2.58,3.34,2.89,2.61,3.4,3.04,2.48,3.26,2.83,,,,,,,,,,,,,,
NOR,Eliteserien,2024,21/04/2024,16:00,Brann,Odd,2,0,H,1.26,6.33,10.58,1.37,6.58,11,1.27,5.85,9.31,,,,,,,,,,,,,,
NOR,Eliteserien,2024,21/04/2024,16:00,Haugesund,Rosenborg,1,3,A,3.26,3.54,2.25,3.35,3.54,2.3,3.17,3.37,2.21,,,,,,,,,,,,,,
NOR,Eliteserien,2024,21/04/2024,16:00,Kristiansund,Tromso,1,0,H,2.95,3.41,2.49,3.05,3.42,2.66,2.82,3.3,2.46,,,,,,,,,,,,,,
NOR,Eliteserien,2024,21/04/2024,16:00,Sandefjord,Lillestrom,0,1,A,3.37,3.96,2.06,3.5,3.96,2.21,3.18,3.69,2.1,,,,,,,,,,,,,,
NOR,Eliteserien,2024,21/04/2024,16:00,Sarpsborg 08,KFUM Oslo,0,2,A,2.02,3.72,3.69,2.05,3.9,4.1,1.92,3.67,3.68,,,,,,,,,,,,,,
NOR,Eliteserien,2024,21/04/2024,16:00,Viking,Fredrikstad,1,1,D,1.84,3.86,4.28,1.85,4.07,4.35,1.79,3.76,4.14,,,,,,,,,,,,,,
NOR,Eliteserien,2024,21/04/2024,18:15,Bodo/Glimt,Molde,1,1,D,1.68,4.17,5,1.76,4.35,5,1.67,4.02,4.64,,,,,,,,,,,,,,
NOR,Eliteserien,2024,27/04/2024,17:00,Rosenborg,Bodo/Glimt,1,3,A,5.1,4.24,1.65,5.1,4.25,1.8,4.68,4.02,1.65,,,,,,,,,,,,,,
NOR,Eliteserien,2024,28/04/2024,16:00,Fredrikstad,Sandefjord,1,0,H,1.87,3.6,4.5,1.98,3.6,4.5,1.92,3.37,4,,,,,,,,,,,,,,
NOR,Eliteserien,2024,28/04/2024,16:00,KFUM Oslo,Brann,0,0,D,4.83,4.13,1.7,4.85,4.39,1.72,4.59,4.03,1.67,,,,,,,,,,,,,,
NOR,Eliteserien,2024,28/04/2024,16:00,Lillestrom,HamKam,1,1,D,1.56,4.39,5.95,1.58,4.39,6,1.53,4.16,5.68,,,,,,,,,,,,,,
NOR,Eliteserien,2024,28/04/2024,16:00,Molde,Haugesund,2,1,H,1.33,5.61,9.34,1.37,5.61,10,1.31,5.2,8.92,,,,,,,,,,,,,,
NOR,Eliteserien,2024,28/04/2024,16:00,Stromsgodset,Kristiansund,2,2,D,1.62,4.22,5.49,1.64,4.22,5.89,1.6,3.97,5.25,,,,,,,,,,,,,,
NOR,Eliteserien,2024,28/04/2024,16:00,Tromso,Sarpsborg 08,0,3,A,2.31,3.56,3.13,2.31,3.63,3.14,2.23,3.46,3.03,,,,,,,,,,,,,,
NOR,Eliteserien,2024,28/04/2024,18:15,Odd,Viking,3,3,D,3.38,4.05,2.03,3.4,4.21,2.1,3.2,3.88,2.02,,,,,,,,,,,,,,
NOR,Eliteserien,2024,04/05/2024,17:00,Brann,Rosenborg,3,0,H,1.49,4.75,6.42,1.52,4.75,6.54,1.48,4.44,6.1,,,,,,,,,,,,,,
NOR,Eliteserien,2024,05/05/2024,16:00,Bodo/Glimt,Stromsgodset,1,0,H,1.26,6.33,10.77,1.29,6.4,11.2,1.25,5.87,10.21,,,,,,,,,,,,,,
NOR,Eliteserien,2024,05/05/2024,16:00,Haugesund,KFUM Oslo,0,1,A,2.57,3.29,2.94,2.57,3.5,2.94,2.46,3.29,2.82,,,,,,,,,,,,,,
NOR,Eliteserien,2024,05/05/2024,16:00,Kristiansund,HamKam,1,1,D,2.53,3.45,2.87,2.57,3.5,2.87,2.47,3.35,2.76,,,,,,,,,,,,,,
NOR,Eliteserien,2024,05/05/2024,16:00,Odd,Fredrikstad,0,2,A,3.28,3.58,2.23,3.44,3.6,2.29,3.18,3.42,2.17,,,,,,,,,,,,,,
NOR,Eliteserien,2024,05/05/2024,16:00,Sandefjord,Molde,3,1,H,4.76,4.09,1.72,5.1,4.09,1.75,4.62,3.89,1.68,,,,,,,,,,,,,,
NOR,Eliteserien,2024,05/05/2024,16:00,Sarpsborg 08,Lillestrom,1,0,H,2.21,3.78,3.17,2.24,3.78,3.3,2.15,3.61,3.06,,,,,,,,,,,,,,
NOR,Eliteserien,2024,05/05/2024,18:15,Viking,Tromso,2,1,H,1.49,4.74,6.37,1.5,4.78,7,1.46,4.52,6.2,,,,,,,,,,,,,,
NOR,Eliteserien,2024,11/05/2024,17:00,Molde,Rosenborg,2,2,D,1.54,4.71,5.72,1.54,4.84,6.5,1.5,4.56,5.65,,,,,,,,,,,,,,
NOR,Eliteserien,2024,12/05/2024,13:30,Kristiansund,Bodo/Glimt,2,4,A,6.23,5.34,1.45,6.7,5.43,1.48,6.03,4.93,1.44,,,,,,,,,,,,,,
NOR,Eliteserien,2024,12/05/2024,16:00,HamKam,Haugesund,2,2,D,2.03,3.59,3.8,2.09,3.7,3.9,1.97,3.5,3.68,,,,,,,,,,,,,,
NOR,Eliteserien,2024,12/05/2024,16:00,KFUM Oslo,Fredrikstad,1,4,A,2.99,3.01,2.73,2.99,3.35,2.76,2.85,3.04,2.59,,,,,,,,,,,,,,
NOR,Eliteserien,2024,12/05/2024,16:00,Sandefjord,Sarpsborg 08,4,1,H,2.24,3.66,3.19,2.31,3.9,3.28,2.2,3.54,3.06,,,,,,,,,,,,,,
NOR,Eliteserien,2024,12/05/2024,16:00,Stromsgodset,Viking,0,1,A,2.37,3.87,2.83,2.73,3.87,2.97,2.33,3.66,2.77,,,,,,,,,,,,,,
NOR,Eliteserien,2024,12/05/2024,16:00,Tromso,Odd,4,0,H,1.78,3.95,4.5,1.83,4.18,4.5,1.76,3.82,4.29,,,,,,,,,,,,,,
NOR,Eliteserien,2024,12/05/2024,18:15,Lillestrom,Brann,0,2,A,3.35,3.85,2.1,3.45,3.85,2.13,3.29,3.66,2.05,,,,,,,,,,,,,,
NOR,Eliteserien,2024,16/05/2024,17:00,Bodo/Glimt,Tromso,4,0,H,1.34,5.62,8.83,1.37,5.66,9,1.33,5.25,8.28,,,,,,,,,,,,,,
NOR,Eliteserien,2024,16/05/2024,17:00,Brann,Sandefjord,2,1,H,1.27,6.27,9.97,1.3,6.39,11,1.27,5.86,9.47,,,,,,,,,,,,,,
NOR,Eliteserien,2024,16/05/2024,17:00,Fredrikstad,Stromsgodset,4,1,H,2.28,3.3,3.42,2.29,3.4,3.42,2.21,3.24,3.28,,,,,,,,,,,,,,
NOR,Eliteserien,2024,16/05/2024,17:00,Haugesund,Kristiansund,1,0,H,1.88,3.85,4.09,1.95,3.85,4.44,1.86,3.64,3.96,,,,,,,,,,,,,,
NOR,Eliteserien,2024,16/05/2024,17:00,Odd,Molde,0,4,A,4.22,4.36,1.75,5.07,4.37,1.77,4.33,4.14,1.69,,,,,,,,,,,,,,
NOR,Eliteserien,2024,16/05/2024,17:00,Rosenborg,KFUM Oslo,1,3,A,1.69,3.99,5.11,1.72,4.15,5.25,1.66,3.85,4.89,,,,,,,,,,,,,,
NOR,Eliteserien,2024,16/05/2024,17:00,Sarpsborg 08,HamKam,1,7,A,1.89,3.94,3.96,1.91,4.01,4.1,1.83,3.86,3.83,,,,,,,,,,,,,,
NOR,Eliteserien,2024,16/05/2024,17:00,Viking,Lillestrom,1,4,A,1.86,4.27,3.79,1.91,4.27,4,1.82,4.06,3.69,,,,,,,,,,,,,,
NOR,Eliteserien,2024,20/05/2024,16:00,HamKam,Bodo/Glimt,1,0,H,5.41,4.47,1.59,5.41,4.5,1.66,4.89,4.26,1.59,,,,,,,,,,,,,,
NOR,Eliteserien,2024,20/05/2024,16:00,KFUM Oslo,Odd,0,0,D,1.74,4.02,4.73,1.75,4.02,5.02,1.71,3.8,4.61,,,,,,,,,,,,,,
NOR,Eliteserien,2024,20/05/2024,16:00,Kristiansund,Brann,2,2,D,7.15,5.12,1.42,7.5,5.12,1.48,6.83,4.72,1.41,,,,,,,,,,,,,,
NOR,Eliteserien,2024,20/05/2024,16:00,Lillestrom,Fredrikstad,0,3,A,1.99,3.62,3.9,2.12,3.62,4,2,3.45,3.64,,,,,,,,,,,,,,
NOR,Eliteserien,2024,20/05/2024,16:00,Molde,Sarpsborg 08,2,4,A,1.41,5.48,6.88,1.42,5.68,7.5,1.38,5.23,6.63,,,,,,,,,,,,,,
NOR,Eliteserien,2024,20/05/2024,16:00,Sandefjord,Viking,0,3,A,2.82,3.98,2.34,2.98,3.98,2.42,2.74,3.73,2.31,,,,,,,,,,,,,,
NOR,Eliteserien,2024,20/05/2024,16:00,Stromsgodset,Haugesund,2,0,H,1.97,3.71,3.88,2.02,3.75,3.94,1.93,3.6,3.7,,,,,,,,,,,,,,
NOR,Eliteserien,2024,20/05/2024,18:15,Tromso,Rosenborg,3,2,H,2.02,3.7,3.7,2.08,3.75,3.73,1.98,3.59,3.56,,,,,,,,,,,,,,
NOR,Eliteserien,2024,24/05/2024,18:00,Bodo/Glimt,KFUM Oslo,2,2,D,1.3,6.19,9.09,1.33,6.25,11,1.28,5.84,8.96,,,,,,,,,,,,,,
NOR,Eliteserien,2024,25/05/2024,17:00,Fredrikstad,Tromso,0,0,D,1.93,3.45,4.36,1.97,3.7,4.36,1.9,3.44,4,,,,,,,,,,,,,,
NOR,Eliteserien,2024,26/05/2024,16:00,Haugesund,Sandefjord,2,1,H,2.21,3.58,3.3,2.21,3.7,3.3,2.15,3.5,3.17,,,,,,,,,,,,,,
NOR,Eliteserien,2024,26/05/2024,16:00,Odd,Lillestrom,2,1,H,2.78,3.71,2.47,2.8,3.75,2.52,2.69,3.57,2.41,,,,,,,,,,,,,,
NOR,Eliteserien,2024,26/05/2024,16:00,Rosenborg,Kristiansund,2,1,H,1.61,4.61,5.02,1.65,4.62,5.1,1.58,4.35,4.9,,,,,,,,,,,,,,
NOR,Eliteserien,2024,26/05/2024,16:00,Sarpsborg 08,Stromsgodset,1,3,A,2.22,3.92,3.04,2.27,4.01,3.05,2.17,3.75,2.93,,,,,,,,,,,,,,
NOR,Eliteserien,2024,26/05/2024,16:00,Viking,HamKam,3,0,H,1.6,4.83,4.92,1.6,4.9,5.4,1.55,4.58,4.91,,,,,,,,,,,,,,
NOR,Eliteserien,2024,26/05/2024,18:15,Brann,Molde,1,3,A,1.79,4.18,4.21,1.8,4.2,4.33,1.74,4.03,4.08,,,,,,,,,,,,,,
NOR,Eliteserien,2024,29/05/2024,18:00,Bodo/Glimt,Sandefjord,1,1,D,1.27,6.73,9.3,1.31,6.9,10,1.25,6.23,9.41,,,,,,,,,,,,,,
NOR,Eliteserien,2024,29/05/2024,18:00,Brann,Kristiansund,2,1,H,1.17,8.66,14.73,1.2,9.92,17,1.16,7.87,13.12,,,,,,,,,,,,,,
NOR,Eliteserien,2024,29/05/2024,18:00,Tromso,Fredrikstad,3,0,H,2.33,3.18,3.44,2.4,3.3,3.44,2.29,3.12,3.23,,,,,,,,,,,,,,
NOR,Eliteserien,2024,01/06/2024,17:00,HamKam,Brann,1,2,A,5.2,4.46,1.61,5.53,4.5,1.62,4.97,4.24,1.58,,,,,,,,,,,,,,
NOR,Eliteserien,2024,02/06/2024,13:30,Molde,Viking,2,2,D,1.77,4.3,4.21,1.8,4.33,4.57,1.73,4.11,4.06,,,,,,,,,,,,,,
NOR,Eliteserien,2024,02/06/2024,16:00,Haugesund,Bodo/Glimt,0,1,A,4.99,4.21,1.67,4.99,4.33,1.7,4.71,4.09,1.64,,,,,,,,,,,,,,
NOR,Eliteserien,2024,02/06/2024,16:00,KFUM Oslo,Sandefjord,3,3,D,2.31,3.49,3.19,2.35,3.51,3.34,2.24,3.34,3.12,,,,,,,,,,,,,,
NOR,Eliteserien,2024,02/06/2024,16:00,Kristiansund,Sarpsborg 08,3,1,H,2.6,3.9,2.55,2.65,3.95,2.65,2.52,3.67,2.52,,,,,,,,,,,,,,
NOR,Eliteserien,2024,02/06/2024,16:00,Stromsgodset,Odd,1,1,D,1.56,4.65,5.44,1.59,4.84,5.5,1.54,4.46,5.07,,,,,,,,,,,,,,
NOR,Eliteserien,2024,02/06/2024,16:00,Tromso,Lillestrom,1,2,A,2.05,3.66,3.65,2.15,3.75,3.65,2.04,3.56,3.36,,,,,,,,,,,,,,
NOR,Eliteserien,2024,02/06/2024,18:15,Rosenborg,Fredrikstad,1,1,D,2.35,3.31,3.27,2.41,3.4,3.28,2.27,3.27,3.13,,,,,,,,,,,,,,
NOR,Eliteserien,2024,27/06/2024,18:00,Sandefjord,HamKam,1,2,A,2.09,3.7,3.51,2.15,3.86,3.51,2.07,3.67,3.26,,,,,,,,,,,,,,
NOR,Eliteserien,2024,27/06/2024,20:15,Lillestrom,KFUM Oslo,2,1,H,2.07,3.78,3.48,2.16,3.8,3.55,2.06,3.62,3.3,,,,,,,,,,,,,,
NOR,Eliteserien,2024,28/06/2024,18:00,Brann,Stromsgodset,0,0,D,1.34,5.93,7.89,1.37,5.93,8.5,1.33,5.55,7.71,,,,,,,,,,,,,,
NOR,Eliteserien,2024,28/06/2024,18:00,Odd,Kristiansund,1,1,D,2.13,3.88,3.26,2.17,3.9,3.32,2.07,3.73,3.18,,,,,,,,,,,,,,
NOR,Eliteserien,2024,28/06/2024,18:00,Sarpsborg 08,Bodo/Glimt,1,2,A,5.02,4.59,1.61,5.1,4.75,1.62,4.81,4.46,1.58,,,,,,,,,,,,,,
NOR,Eliteserien,2024,28/06/2024,20:15,Tromso,Molde,0,2,A,3.21,3.46,2.31,3.37,3.6,2.35,3.08,3.42,2.23,,,,,,,,,,,,,,
NOR,Eliteserien,2024,30/06/2024,14:00,Viking,Rosenborg,4,2,H,1.65,4.57,4.68,1.66,4.57,4.75,1.63,4.32,4.51,,,,,,,,,,,,,,
NOR,Eliteserien,2024,03/07/2024,18:00,Sandefjord,Tromso,1,2,A,2.25,3.52,3.28,2.39,3.55,3.28,2.22,3.4,3.13,,,,,,,,,,,,,,
NOR,Eliteserien,2024,07/07/2024,13:30,Bodo/Glimt,Brann,5,1,H,1.86,3.97,4.07,1.92,4,4.1,1.82,3.84,3.89,,,,,,,,,,,,,,
NOR,Eliteserien,2024,07/07/2024,16:00,HamKam,Tromso,0,0,D,2.36,3.35,3.21,2.38,3.52,3.21,2.28,3.32,3.04,,,,,,,,,,,,,,
NOR,Eliteserien,2024,07/07/2024,16:00,Haugesund,Sarpsborg 08,1,2,A,2.63,3.44,2.76,2.65,3.6,2.85,2.5,3.4,2.69,,,,,,,,,,,,,,
NOR,Eliteserien,2024,07/07/2024,16:00,KFUM Oslo,Viking,1,2,A,2.64,3.64,2.63,2.86,3.64,2.63,2.63,3.5,2.5,,,,,,,,,,,,,,
NOR,Eliteserien,2024,07/07/2024,16:00,Molde,Lillestrom,3,0,H,1.48,5,6.23,1.5,5.1,6.5,1.43,4.81,6.16,,,,,,,,,,,,,,
NOR,Eliteserien,2024,07/07/2024,18:15,Rosenborg,Odd,2,1,H,1.66,4.46,4.76,1.66,4.64,5,1.6,4.34,4.74,,,,,,,,,,,,,,
NOR,Eliteserien,2024,08/07/2024,18:00,Kristiansund,Fredrikstad,3,1,H,4.82,3.87,1.75,5,4,1.83,4.52,3.71,1.74,,,,,,,,,,,,,,
NOR,Eliteserien,2024,08/07/2024,18:00,Stromsgodset,Sandefjord,1,1,D,1.88,4.16,3.82,1.88,4.2,4.2,1.8,3.97,3.85,,,,,,,,,,,,,,
NOR,Eliteserien,2024,12/07/2024,18:00,Sarpsborg 08,Rosenborg,4,1,H,2.34,4.02,2.81,2.38,4.23,2.85,2.28,3.93,2.71,2.4,4.1,2.92,,,,,,,,,,,
NOR,Eliteserien,2024,13/07/2024,16:00,Fredrikstad,Molde,0,0,D,3.12,3.41,2.38,3.16,3.5,2.4,3,3.32,2.32,3.25,3.45,2.46,,,,,,,,,,,
NOR,Eliteserien,2024,13/07/2024,16:00,Lillestrom,Stromsgodset,3,1,H,2.02,3.96,3.5,2.07,4,3.52,2.01,3.81,3.31,2.12,4,3.55,,,,,,,,,,,
NOR,Eliteserien,2024,13/07/2024,16:00,Odd,HamKam,1,2,A,2.7,3.61,2.59,2.7,3.8,2.66,2.59,3.54,2.54,2.78,3.7,2.68,,,,,,,,,,,
NOR,Eliteserien,2024,13/07/2024,16:00,Sandefjord,Bodo/Glimt,2,1,H,4.93,4.8,1.6,5.3,4.9,1.61,4.93,4.61,1.56,5.6,4.9,1.61,,,,,,,,,,,
NOR,Eliteserien,2024,13/07/2024,16:00,Viking,Kristiansund,2,0,H,1.38,5.85,6.78,1.42,5.91,7,1.38,5.45,6.47,1.42,6,7.4,,,,,,,,,,,
NOR,Eliteserien,2024,13/07/2024,18:15,Brann,Haugesund,1,1,D,1.3,6.05,9.35,1.36,6.1,9.6,1.3,5.73,8.63,1.34,6,10.5,,,,,,,,,,,
NOR,Eliteserien,2024,13/07/2024,21:00,Tromso,KFUM Oslo,1,2,A,2.04,3.53,3.82,2.08,3.69,3.9,2,3.46,3.65,2.12,3.55,3.9,,,,,,,,,,,
NOR,Eliteserien,2024,19/07/2024,18:00,Bodo/Glimt,Odd,3,1,H,1.18,8.59,13.57,1.21,8.59,17,1.17,7.8,13.22,1.2,8.8,17.5,,,,,,,,,,,
NOR,Eliteserien,2024,20/07/2024,17:00,Sarpsborg 08,Brann,1,1,D,3.72,4.46,1.84,3.75,4.58,1.84,3.61,4.31,1.8,3.85,4.5,1.9,,,,,,,,,,,
NOR,Eliteserien,2024,20/07/2024,19:15,Molde,KFUM Oslo,2,3,A,1.56,4.43,5.88,1.58,4.67,6,1.53,4.35,5.55,1.58,4.6,6.4,,,,,,,,,,,
NOR,Eliteserien,2024,21/07/2024,13:30,Stromsgodset,Tromso,0,1,A,2.46,3.64,2.85,2.47,3.75,3.5,2.31,3.56,2.9,2.5,3.75,2.96,,,,,,,,,,,
NOR,Eliteserien,2024,21/07/2024,16:00,HamKam,Fredrikstad,0,1,A,2.69,3.25,2.83,2.71,3.32,2.9,2.61,3.21,2.73,2.78,3.4,2.88,,,,,,,,,,,
NOR,Eliteserien,2024,21/07/2024,16:00,Haugesund,Viking,1,0,H,3.57,3.76,2.05,3.75,3.85,2.11,3.44,3.66,2.01,3.7,3.8,2.1,,,,,,,,,,,
NOR,Eliteserien,2024,27/07/2024,15:00,KFUM Oslo,Bodo/Glimt,1,1,D,4.6,4.22,1.72,4.9,4.3,1.75,4.39,4.08,1.7,5,4.3,1.75,,,,,,,,,,,
NOR,Eliteserien,2024,27/07/2024,17:00,Fredrikstad,Rosenborg,2,2,D,1.94,3.63,4.08,1.98,3.7,4.11,1.92,3.53,3.88,2.02,3.7,4.2,,,,,,,,,,,
NOR,Eliteserien,2024,28/07/2024,16:00,Lillestrom,Sarpsborg 08,2,2,D,1.83,4.22,3.98,1.91,4.22,4.02,1.8,4.07,3.84,1.88,4.2,4.1,,,,,,,,,,,
NOR,Eliteserien,2024,28/07/2024,16:00,Odd,Stromsgodset,2,0,H,2.91,3.76,2.36,2.98,3.8,2.36,2.84,3.66,2.28,3,3.85,2.42,,,,,,,,,,,
NOR,Eliteserien,2024,28/07/2024,16:00,Sandefjord,Haugesund,4,3,H,2.09,3.74,3.47,2.12,3.75,3.8,2.03,3.66,3.37,2.14,3.8,3.6,,,,,,,,,,,
NOR,Eliteserien,2024,28/07/2024,16:00,Tromso,Kristiansund,0,0,D,1.51,4.64,6.2,1.61,4.65,6.25,1.53,4.32,5.64,1.55,4.8,6.4,,,,,,,,,,,
NOR,Eliteserien,2024,28/07/2024,18:15,Viking,Molde,1,0,H,2.63,3.74,2.6,2.7,3.85,2.61,2.58,3.68,2.5,2.74,3.9,2.58,,,,,,,,,,,
NOR,Eliteserien,2024,03/08/2024,17:00,Bodo/Glimt,Haugesund,4,2,H,1.24,7.62,11.98,1.25,8.02,12,1.21,7.13,10.73,1.21,8.6,16,,,,,,,,,,,
NOR,Eliteserien,2024,04/08/2024,16:00,Fredrikstad,KFUM Oslo,0,0,D,2.34,3.33,3.27,2.4,3.45,3.45,2.29,3.27,3.11,2.4,3.4,3.4,,,,,,,,,,,
NOR,Eliteserien,2024,04/08/2024,16:00,HamKam,Viking,3,3,D,2.97,3.74,2.33,2.97,3.75,2.47,2.79,3.6,2.34,2.94,3.8,2.48,,,,,,,,,,,
NOR,Eliteserien,2024,04/08/2024,16:00,Kristiansund,Lillestrom,2,1,H,3.94,4.31,1.82,4,4.33,1.84,3.82,4.14,1.78,4.1,4.4,1.87,,,,,,,,,,,
NOR,Eliteserien,2024,04/08/2024,16:00,Sarpsborg 08,Sandefjord,2,1,H,1.9,4.42,3.53,1.95,4.5,3.65,1.88,4.17,3.45,1.95,4.4,3.75,,,,,,,,,,,
NOR,Eliteserien,2024,04/08/2024,16:00,Stromsgodset,Brann,2,3,A,2.5,4.01,2.6,2.53,4.11,2.6,2.44,3.9,2.53,2.6,4.1,2.66,,,,,,,,,,,
NOR,Eliteserien,2024,04/08/2024,18:15,Rosenborg,Tromso,1,0,H,2.04,3.66,3.7,2.05,3.72,3.75,2,3.57,3.51,2.08,3.75,3.8,,,,,,,,,,,
NOR,Eliteserien,2024,09/08/2024,18:00,Sandefjord,Stromsgodset,2,2,D,2.23,3.89,3.04,2.28,4,3.04,2.19,3.83,2.9,2.26,4,3.15,,,,,,,,,,,
NOR,Eliteserien,2024,10/08/2024,15:00,Haugesund,HamKam,0,1,A,2.45,3.62,2.87,2.49,3.64,2.87,2.39,3.52,2.76,2.52,3.7,2.98,,,,,,,,,,,
NOR,Eliteserien,2024,10/08/2024,17:00,Viking,Bodo/Glimt,1,1,D,2.8,3.93,2.37,2.8,4.05,2.47,2.67,3.79,2.35,2.9,3.95,2.46,,,,,,,,,,,
NOR,Eliteserien,2024,11/08/2024,16:00,KFUM Oslo,Rosenborg,1,0,H,2.36,3.65,2.98,2.38,3.75,3.05,2.3,3.52,2.89,2.4,3.65,3.15,,,,,,,,,,,
NOR,Eliteserien,2024,11/08/2024,16:00,Odd,Sarpsborg 08,1,1,D,2.77,3.79,2.44,2.77,4,2.54,2.68,3.68,2.38,2.9,3.8,2.52,,,,,,,,,,,
NOR,Eliteserien,2024,11/08/2024,18:15,Lillestrom,Molde,1,2,A,2.55,3.61,2.75,2.87,3.9,2.75,2.49,3.53,2.65,2.66,3.7,2.8,,,,,,,,,,,
NOR,Eliteserien,2024,14/08/2024,18:00,Fredrikstad,Haugesund,1,0,H,1.61,4.17,5.73,1.62,4.33,5.9,1.57,4.09,5.45,1.62,4.3,6.4,,,,,,,,,,,
NOR,Eliteserien,2024,17/08/2024,17:00,Stromsgodset,Lillestrom,3,2,H,2.36,3.9,2.82,2.4,3.9,2.91,2.31,3.74,2.77,2.44,3.95,2.94,,,,,,,,,,,
NOR,Eliteserien,2024,18/08/2024,13:30,Fredrikstad,Brann,0,4,A,3.06,3.5,2.38,3.12,3.5,2.5,2.95,3.36,2.36,3.1,3.55,2.44,,,,,,,,,,,
NOR,Eliteserien,2024,18/08/2024,16:00,HamKam,Odd,1,0,H,1.78,3.99,4.52,1.8,4.05,4.52,1.75,3.83,4.34,1.83,3.95,4.8,,,,,,,,,,,
NOR,Eliteserien,2024,18/08/2024,16:00,KFUM Oslo,Tromso,0,1,A,2.28,3.19,3.56,2.3,3.3,3.62,2.22,3.13,3.44,2.36,3.25,3.6,,,,,,,,,,,
NOR,Eliteserien,2024,18/08/2024,16:00,Sarpsborg 08,Haugesund,2,2,D,1.73,4.27,4.47,1.75,4.33,4.51,1.7,4.17,4.28,1.76,4.4,4.7,,,,,,,,,,,
NOR,Eliteserien,2024,18/08/2024,18:15,Rosenborg,Viking,2,1,H,2.45,3.64,2.86,2.51,3.8,2.86,2.39,3.57,2.76,2.48,3.8,2.98,,,,,,,,,,,
NOR,Eliteserien,2024,21/08/2024,18:00,Rosenborg,Lillestrom,4,0,H,2,3.8,3.68,2.02,3.88,3.68,1.96,3.75,3.49,2.02,4,3.75,,,,,,,,,,,
NOR,Eliteserien,2024,24/08/2024,15:00,Bodo/Glimt,Sarpsborg 08,6,0,H,1.29,6.42,9.24,1.35,6.5,10,1.28,6.02,8.84,1.31,6.6,10.5,,,,,,,,,,,
NOR,Eliteserien,2024,25/08/2024,13:30,Lillestrom,Tromso,0,1,A,2.26,3.32,3.45,2.29,3.4,3.45,2.22,3.26,3.28,2.3,3.5,3.5,,,,,,,,,,,
NOR,Eliteserien,2024,25/08/2024,16:00,Haugesund,Fredrikstad,1,0,H,2.94,3.3,2.57,3,3.35,2.57,2.87,3.21,2.48,2.98,3.4,2.64,,,,,,,,,,,
NOR,Eliteserien,2024,25/08/2024,16:00,Molde,HamKam,3,0,H,1.41,5.31,7,1.45,5.31,7.5,1.4,4.94,6.75,1.45,5.4,7.6,,,,,,,,,,,
NOR,Eliteserien,2024,25/08/2024,16:00,Sandefjord,Kristiansund,1,0,H,1.65,4.45,4.88,1.75,4.45,4.88,1.66,4.23,4.47,1.72,4.6,4.9,,,,,,,,,,,
NOR,Eliteserien,2024,25/08/2024,16:00,Viking,Stromsgodset,5,2,H,1.66,4.61,4.59,1.7,4.61,4.75,1.65,4.4,4.37,1.69,4.8,4.8,,,,,,,,,,,
NOR,Eliteserien,2024,25/08/2024,18:15,Odd,Rosenborg,1,3,A,4.01,4.02,1.86,4.25,4.02,1.88,3.93,3.87,1.81,4.3,4.1,1.9,,,,,,,,,,,
NOR,Eliteserien,2024,30/08/2024,18:00,KFUM Oslo,Lillestrom,2,0,H,2.32,3.55,3.13,2.33,3.6,3.2,2.23,3.49,3.06,2.28,3.65,3.4,,,,,,,,,,,
NOR,Eliteserien,2024,31/08/2024,17:00,Fredrikstad,Odd,2,0,H,1.6,4.12,5.86,1.6,4.3,6.2,1.56,4.08,5.67,1.62,4.2,6.6,,,,,,,,,,,
NOR,Eliteserien,2024,01/09/2024,16:00,HamKam,Sandefjord,1,1,D,2.24,3.81,3.09,2.28,3.81,3.3,2.16,3.67,3.03,2.26,3.85,3.25,,,,,,,,,,,
NOR,Eliteserien,2024,01/09/2024,16:00,Kristiansund,Haugesund,2,2,D,2.35,3.66,2.99,2.38,3.66,3,2.3,3.53,2.89,2.38,3.75,3.1,,,,,,,,,,,
NOR,Eliteserien,2024,01/09/2024,16:00,Rosenborg,Molde,2,1,H,2.34,3.51,3.11,2.35,3.6,3.11,2.28,3.42,3,2.4,3.6,3.2,,,,,,,,,,,
NOR,Eliteserien,2024,01/09/2024,16:00,Stromsgodset,Bodo/Glimt,0,1,A,4.18,4.46,1.75,4.4,4.5,1.75,4.13,4.3,1.69,4.4,4.6,1.77,,,,,,,,,,,
NOR,Eliteserien,2024,01/09/2024,16:00,Tromso,Viking,2,2,D,2.76,3.6,2.54,2.76,3.6,2.55,2.67,3.46,2.49,2.86,3.65,2.64,,,,,,,,,,,
NOR,Eliteserien,2024,01/09/2024,18:15,Brann,Sarpsborg 08,1,3,A,1.45,5.37,6.14,1.47,5.55,6.5,1.41,5.22,6.02,1.45,5.8,6.8,,,,,,,,,,,
NOR,Eliteserien,2024,13/09/2024,18:00,Bodo/Glimt,HamKam,3,0,H,1.26,6.61,10.44,1.27,6.9,11,1.25,6.28,10,1.27,7.2,12.5,,,,,,,,,,,
NOR,Eliteserien,2024,14/09/2024,15:00,Viking,KFUM Oslo,1,0,H,1.76,4.13,4.39,1.76,4.23,4.8,1.69,4.05,4.44,1.75,4.3,4.8,,,,,,,,,,,
NOR,Eliteserien,2024,14/09/2024,17:00,Molde,Fredrikstad,6,1,H,1.6,4.19,5.72,1.62,4.2,5.8,1.59,4.02,5.47,1.62,4.3,6,,,,,,,,,,,
NOR,Eliteserien,2024,15/09/2024,13:30,Odd,Tromso,1,0,H,3.23,3.31,2.37,3.23,3.5,2.38,3.09,3.31,2.3,3.35,3.4,2.42,,,,,,,,,,,
NOR,Eliteserien,2024,15/09/2024,16:00,Haugesund,Stromsgodset,0,0,D,2.26,3.69,3.12,2.36,3.8,3.12,2.23,3.61,2.98,2.36,3.7,3.2,,,,,,,,,,,
NOR,Eliteserien,2024,15/09/2024,16:00,Sandefjord,Brann,2,2,D,2.92,3.8,2.34,2.93,3.95,2.37,2.82,3.74,2.27,2.96,3.95,2.4,,,,,,,,,,,
NOR,Eliteserien,2024,15/09/2024,16:00,Sarpsborg 08,Kristiansund,0,2,A,1.59,4.86,4.95,1.65,4.86,5.09,1.57,4.61,4.81,1.62,4.9,5.3,,,,,,,,,,,
NOR,Eliteserien,2024,15/09/2024,18:15,Lillestrom,Rosenborg,1,1,D,2.98,3.62,2.37,3,3.71,2.4,2.88,3.56,2.31,3,3.75,2.44,,,,,,,,,,,
NOR,Eliteserien,2024,18/09/2024,17:00,Kristiansund,Molde,0,4,A,5.8,4.6,1.56,6.03,4.75,1.6,5.56,4.49,1.52,6.4,4.8,1.56,,,,,,,,,,,
NOR,Eliteserien,2024,18/09/2024,18:00,Brann,KFUM Oslo,2,0,H,1.68,3.97,5.26,1.7,4,5.6,1.65,3.84,5.06,1.72,4,5.7,,,,,,,,,,,
NOR,Eliteserien,2024,21/09/2024,15:00,Stromsgodset,Sarpsborg 08,2,1,H,1.97,4,3.6,2.02,4.05,3.6,1.96,3.87,3.43,2.02,4.1,3.65,,,,,,,,,,,
NOR,Eliteserien,2024,21/09/2024,17:00,HamKam,Lillestrom,5,0,H,2.32,3.47,3.19,2.42,3.67,3.2,2.27,3.44,3.04,2.36,3.65,3.2,,,,,,,,,,,
NOR,Eliteserien,2024,22/09/2024,13:30,Brann,Bodo/Glimt,4,1,H,2.76,3.71,2.49,2.85,3.85,2.49,2.72,3.65,2.39,2.84,3.9,2.5,,,,,,,,,,,
NOR,Eliteserien,2024,22/09/2024,16:00,Kristiansund,Odd,0,0,D,1.99,3.76,3.75,2.05,3.81,3.9,1.96,3.69,3.58,2.04,3.8,4,,,,,,,,,,,
NOR,Eliteserien,2024,22/09/2024,16:00,Rosenborg,Haugesund,4,0,H,1.41,5.32,6.96,1.41,5.5,8.5,1.38,5.06,7.34,1.44,5.3,8.2,,,,,,,,,,,
NOR,Eliteserien,2024,22/09/2024,16:00,Tromso,Sandefjord,3,0,H,1.76,4.04,4.55,1.8,4.09,4.71,1.72,3.9,4.45,1.78,4.1,4.9,,,,,,,,,,,
NOR,Eliteserien,2024,22/09/2024,18:15,Fredrikstad,Viking,3,2,H,2.21,3.59,3.31,2.23,3.63,3.32,2.15,3.48,3.22,2.26,3.65,3.4,,,,,,,,,,,
NOR,Eliteserien,2024,23/09/2024,18:00,KFUM Oslo,Molde,1,1,D,4.26,3.74,1.88,4.4,3.75,1.92,4.06,3.61,1.85,4.6,3.8,1.92,,,,,,,,,,,
NOR,Eliteserien,2024,28/09/2024,13:00,Molde,Tromso,5,3,H,1.51,4.58,6.38,1.53,4.8,6.55,1.49,4.38,6.04,1.53,4.8,7,,,,,,,,,,,
NOR,Eliteserien,2024,28/09/2024,17:00,Haugesund,Brann,0,1,A,4.01,3.94,1.88,4.2,4,1.9,3.9,3.82,1.84,4.3,4,1.88,,,,,,,,,,,
NOR,Eliteserien,2024,28/09/2024,19:00,Sarpsborg 08,Fredrikstad,0,1,A,2.36,3.69,2.95,2.36,3.75,3,2.3,3.56,2.89,2.4,3.7,3.1,,,,,,,,,,,
NOR,Eliteserien,2024,29/09/2024,13:30,Stromsgodset,HamKam,1,1,D,1.98,3.93,3.63,2.01,4.11,3.72,1.93,3.88,3.49,2.02,4,3.7,,,,,,,,,,,
NOR,Eliteserien,2024,29/09/2024,16:00,Bodo/Glimt,Kristiansund,4,0,H,1.16,9.55,13.22,1.19,9.55,15,1.16,8.46,12.75,1.17,10.5,17,,,,,,,,,,,
NOR,Eliteserien,2024,29/09/2024,16:00,Lillestrom,Viking,1,4,A,2.41,3.8,2.82,2.48,3.85,2.83,2.35,3.68,2.73,2.46,3.9,2.9,,,,,,,,,,,
NOR,Eliteserien,2024,29/09/2024,16:00,Odd,KFUM Oslo,1,3,A,3.49,3.33,2.24,3.5,3.4,2.28,3.36,3.25,2.18,3.65,3.35,2.3,,,,,,,,,,,
NOR,Eliteserien,2024,29/09/2024,18:15,Sandefjord,Rosenborg,0,1,A,3.31,3.96,2.09,3.7,4.02,2.09,3.23,3.89,2.01,3.45,4.1,2.12,,,,,,,,,,,
NOR,Eliteserien,2024,05/10/2024,14:00,Kristiansund,Sandefjord,2,1,H,2.53,3.57,2.79,2.53,3.75,2.79,2.43,3.55,2.7,2.56,3.75,2.86,,,,,,,,,,,
NOR,Eliteserien,2024,19/10/2024,15:00,Molde,Sandefjord,0,1,A,1.23,7.04,11.46,1.28,7.04,13,1.22,6.56,10.93,1.25,7.8,13.5,,,,,,,,,,,
NOR,Eliteserien,2024,19/10/2024,17:00,Tromso,Bodo/Glimt,0,0,D,3.97,3.82,1.92,4,3.87,1.95,3.8,3.7,1.89,4.2,3.95,1.93,,,,,,,,,,,
NOR,Eliteserien,2024,20/10/2024,13:30,Rosenborg,Brann,1,2,A,2.12,3.87,3.28,2.16,3.95,3.45,2.08,3.72,3.22,2.18,3.85,3.4,,,,,,,,,,,
NOR,Eliteserien,2024,20/10/2024,16:00,HamKam,Sarpsborg 08,0,2,A,2.38,3.74,2.89,2.38,3.9,3.02,2.28,3.65,2.87,2.38,3.8,3.05,,,,,,,,,,,
NOR,Eliteserien,2024,20/10/2024,16:00,KFUM Oslo,Haugesund,0,0,D,1.92,3.56,4.31,1.92,3.7,4.55,1.85,3.51,4.22,1.93,3.65,4.6,,,,,,,,,,,
NOR,Eliteserien,2024,20/10/2024,16:00,Kristiansund,Stromsgodset,0,0,D,2.43,3.56,2.93,2.45,3.75,2.95,2.35,3.55,2.81,2.5,3.7,2.96,,,,,,,,,,,
NOR,Eliteserien,2024,20/10/2024,16:00,Viking,Odd,3,3,D,1.37,5.67,7.57,1.38,6.5,11,1.33,5.44,7.79,1.37,6,9.2,,,,,,,,,,,
NOR,Eliteserien,2024,20/10/2024,18:15,Fredrikstad,Lillestrom,2,1,H,2.02,3.58,3.85,2.06,3.75,3.85,2,3.48,3.62,2.12,3.7,3.75,,,,,,,,,,,
NOR,Eliteserien,2024,26/10/2024,17:00,Stromsgodset,Fredrikstad,2,0,H,2.76,3.32,2.71,2.76,3.4,2.75,2.66,3.28,2.63,2.8,3.4,2.78,,,,,,,,,,,
NOR,Eliteserien,2024,27/10/2024,16:00,HamKam,Kristiansund,1,0,H,1.67,3.83,5.64,1.8,4,5.64,1.68,3.71,5.11,1.71,4,5.7,,,,,,,,,,,
NOR,Eliteserien,2024,27/10/2024,16:00,Haugesund,Molde,0,3,A,4.51,3.97,1.78,4.52,3.97,1.83,4.33,3.79,1.76,4.8,4.1,1.81,,,,,,,,,,,
NOR,Eliteserien,2024,27/10/2024,16:00,Lillestrom,Odd,3,0,H,1.61,4.1,5.79,1.67,4.1,5.8,1.61,3.91,5.39,1.66,4.2,5.9,,,,,,,,,,,
NOR,Eliteserien,2024,27/10/2024,16:00,Sandefjord,KFUM Oslo,2,1,H,2.04,3.52,3.84,2.1,3.52,3.84,2.02,3.4,3.65,2.14,3.5,3.9,,,,,,,,,,,
NOR,Eliteserien,2024,27/10/2024,16:00,Sarpsborg 08,Viking,1,2,A,2.85,3.9,2.35,2.85,4,2.43,2.73,3.82,2.3,2.88,4,2.42,,,,,,,,,,,
NOR,Eliteserien,2024,27/10/2024,18:15,Brann,Tromso,4,0,H,1.49,4.71,6.4,1.51,4.79,6.5,1.48,4.56,5.99,1.52,4.9,6.8,,,,,,,,,,,
NOR,Eliteserien,2024,28/10/2024,18:00,Bodo/Glimt,Rosenborg,2,3,A,1.53,4.91,5.51,1.54,5,5.51,1.51,4.75,5.28,1.54,5.1,6.2,,,,,,,,,,,
NOR,Eliteserien,2024,02/11/2024,17:00,Viking,Sandefjord,3,2,H,1.42,5.36,6.81,1.52,5.5,6.81,1.42,5.12,6.11,1.45,5.6,7,,,,,,,,,,,
NOR,Eliteserien,2024,03/11/2024,16:00,Fredrikstad,Kristiansund,1,1,D,1.68,3.94,5.35,1.72,4,5.35,1.67,3.75,5.04,1.74,3.9,5.8,,,,,,,,,,,
NOR,Eliteserien,2024,03/11/2024,16:00,KFUM Oslo,Sarpsborg 08,1,2,A,2.53,3.29,2.99,2.53,3.35,3.01,2.46,3.21,2.89,2.6,3.35,3.05,,,,,,,,,,,
NOR,Eliteserien,2024,03/11/2024,16:00,Lillestrom,Haugesund,0,1,A,1.76,3.86,4.75,1.78,4,4.79,1.73,3.78,4.55,1.79,4,5.1,,,,,,,,,,,
NOR,Eliteserien,2024,03/11/2024,16:00,Molde,Bodo/Glimt,3,3,D,2.65,3.68,2.6,2.65,3.75,2.69,2.5,3.62,2.59,2.64,3.8,2.72,,,,,,,,,,,
NOR,Eliteserien,2024,03/11/2024,16:00,Odd,Brann,0,3,A,6.7,4.92,1.46,6.7,5.06,1.48,6.2,4.79,1.44,6.8,5.1,1.51,,,,,,,,,,,
NOR,Eliteserien,2024,03/11/2024,16:00,Tromso,HamKam,3,3,D,1.78,3.68,4.92,1.81,3.72,4.92,1.76,3.59,4.55,1.84,3.75,5.1,,,,,,,,,,,
NOR,Eliteserien,2024,03/11/2024,18:15,Rosenborg,Stromsgodset,1,0,H,1.39,5.57,7.24,1.39,6,7.6,1.36,5.39,6.97,1.41,5.8,7.8,,,,,,,,,,,
NOR,Eliteserien,2024,09/11/2024,17:00,Brann,Lillestrom,2,1,H,1.48,4.93,6.3,1.48,5.02,6.5,1.45,4.78,6.01,1.49,5.4,6.6,,,,,,,,,,,
NOR,Eliteserien,2024,10/11/2024,16:00,HamKam,Rosenborg,0,2,A,3.33,3.9,2.1,3.41,3.92,2.1,3.25,3.71,2.05,3.45,3.9,2.18,,,,,,,,,,,
NOR,Eliteserien,2024,10/11/2024,16:00,Haugesund,Tromso,2,0,H,2.99,3.24,2.57,2.99,3.41,2.6,2.82,3.22,2.52,3.05,3.3,2.64,,,,,,,,,,,
NOR,Eliteserien,2024,10/11/2024,16:00,Kristiansund,Viking,0,1,A,4.12,3.9,1.87,4.2,4,1.89,4.02,3.84,1.8,4.3,4,1.87,,,,,,,,,,,
NOR,Eliteserien,2024,10/11/2024,16:00,Sandefjord,Odd,1,0,H,1.57,4.47,5.63,1.58,4.5,5.7,1.55,4.3,5.36,1.61,4.6,5.8,,,,,,,,,,,
NOR,Eliteserien,2024,10/11/2024,16:00,Sarpsborg 08,Molde,2,2,D,3.84,3.9,1.93,3.91,4,1.95,3.71,3.75,1.89,4,4,1.94,,,,,,,,,,,
NOR,Eliteserien,2024,10/11/2024,16:00,Stromsgodset,KFUM Oslo,1,0,H,2.23,3.38,3.45,2.23,3.6,3.45,2.16,3.38,3.3,2.26,3.55,3.5,,,,,,,,,,,
NOR,Eliteserien,2024,10/11/2024,18:15,Bodo/Glimt,Fredrikstad,2,2,D,1.34,5.58,9.03,1.35,5.58,9.8,1.31,5.26,8.83,1.35,5.9,10,,,,,,,,,,,
NOR,Eliteserien,2024,23/11/2024,16:00,Fredrikstad,HamKam,1,0,H,1.89,3.51,4.51,1.99,3.6,4.8,1.84,3.47,4.3,1.91,3.65,4.7,,,,,,,,,,,
NOR,Eliteserien,2024,23/11/2024,16:00,KFUM Oslo,Kristiansund,1,2,A,2.02,3.22,4.37,2.08,3.4,4.37,2.01,3.19,3.98,2.08,3.35,4.4,,,,,,,,,,,
NOR,Eliteserien,2024,23/11/2024,16:00,Lillestrom,Sandefjord,0,3,A,2.18,3.69,3.28,2.23,3.85,3.31,2.13,3.57,3.17,2.24,3.7,3.4,,,,,,,,,,,
NOR,Eliteserien,2024,23/11/2024,16:00,Molde,Brann,2,1,H,2.24,3.88,3.04,2.35,3.95,3.36,2.17,3.66,3.03,2.28,3.9,3.25,,,,,,,,,,,
NOR,Eliteserien,2024,23/11/2024,16:00,Odd,Bodo/Glimt,0,2,A,14.09,7.07,1.2,17,7.59,1.27,12.97,6.88,1.19,18,8.2,1.21,,,,,,,,,,,
NOR,Eliteserien,2024,23/11/2024,16:00,Rosenborg,Sarpsborg 08,1,1,D,1.56,4.58,5.64,1.57,4.8,5.94,1.53,4.52,5.35,1.58,4.8,5.8,,,,,,,,,,,
NOR,Eliteserien,2024,23/11/2024,16:00,Tromso,Stromsgodset,2,0,H,1.47,4.79,6.8,1.7,4.79,7,1.45,4.56,6.44,1.5,4.9,7.4,,,,,,,,,,,
NOR,Eliteserien,2024,23/11/2024,16:00,Viking,Haugesund,5,1,H,1.57,4.71,5.31,1.57,4.82,6.14,1.53,4.58,5.21,1.58,5,5.7,,,,,,,,,,,
NOR,Eliteserien,2024,01/12/2024,16:00,Bodo/Glimt,Lillestrom,5,2,H,1.11,10.15,21.96,1.15,11,26,1.1,9.51,19.97,1.14,11,26,,,,,,,,,,,
NOR,Eliteserien,2024,01/12/2024,16:00,Brann,Viking,1,1,D,1.77,4.39,4.12,1.82,4.4,4.2,1.74,4.2,3.96,1.79,4.5,4.4,,,,,,,,,,,
NOR,Eliteserien,2024,01/12/2024,16:00,HamKam,KFUM Oslo,0,2,A,2.28,3.37,3.3,2.31,3.4,3.39,2.22,3.28,3.22,2.32,3.4,3.5,,,,,,,,,,,
NOR,Eliteserien,2024,01/12/2024,16:00,Haugesund,Odd,2,1,H,1.85,4.05,4,1.9,4.06,4.19,1.83,3.9,3.82,1.91,4.1,4,,,,,,,,,,,
NOR,Eliteserien,2024,01/12/2024,16:00,Kristiansund,Rosenborg,0,4,A,5.24,4.51,1.58,5.52,4.6,1.6,5.12,4.33,1.56,5.6,4.6,1.63,,,,,,,,,,,
NOR,Eliteserien,2024,01/12/2024,16:00,Sandefjord,Fredrikstad,0,1,A,3.38,3.53,2.17,3.38,3.6,2.6,3.08,3.42,2.24,3.3,3.75,2.28,,,,,,,,,,,
NOR,Eliteserien,2024,01/12/2024,16:00,Sarpsborg 08,Tromso,2,1,H,2.23,3.7,3.13,2.25,3.75,3.2,2.19,3.57,3.05,2.32,3.8,3.2,,,,,,,,,,,
NOR,Eliteserien,2024,01/12/2024,16:00,Stromsgodset,Molde,1,0,H,4.33,3.88,1.81,4.36,4.25,1.83,4.15,3.88,1.77,4.5,4.1,1.85,,,,,,,,,,,
NOR,Eliteserien,2024,05/12/2024,17:30,Moss,Haugesund,0,0,D,2.37,3.13,3.36,2.63,3.32,3.36,2.33,3.11,3.17,2.48,3.15,3.45,,,,,,,,,,,
NOR,Eliteserien,2024,08/12/2024,13:30,Haugesund,Moss,2,0,H,2.15,3.19,3.83,2.17,3.3,4.33,2.03,3.14,3.93,2.2,3.2,4,,,,,,,,,,,
NOR,Eliteserien,2025,29/03/2025,15:00,Stromsgodset,Rosenborg,1,2,A,3.31,3.6,2.2,3.4,3.8,2.2,3.25,3.59,2.13,3.35,3.7,2.26,,,,,,,,,,,
NOR,Eliteserien,2025,29/03/2025,17:00,Fredrikstad,Brann,3,0,H,3.55,3.33,2.22,3.55,3.45,2.25,3.41,3.3,2.17,3.7,3.35,2.26,,,,,,,,,,,
NOR,Eliteserien,2025,30/03/2025,13:30,Valerenga,Viking,3,1,H,2.51,3.76,2.71,2.51,3.76,2.8,2.46,3.66,2.65,2.54,3.8,2.84,,,,,,,,,,,
NOR,Eliteserien,2025,30/03/2025,16:00,HamKam,Kristiansund,2,1,H,2.09,3.39,3.85,2.16,3.45,3.89,2.07,3.32,3.66,2.16,3.5,3.85,,,,,,,,,,,
NOR,Eliteserien,2025,30/03/2025,16:00,KFUM Oslo,Sandefjord,3,1,H,2.26,3.2,3.59,2.3,3.3,3.59,2.22,3.17,3.43,2.3,3.3,3.7,,,,,,,,,,,
NOR,Eliteserien,2025,30/03/2025,16:00,Molde,Sarpsborg 08,0,2,A,1.5,4.82,6.19,1.5,5.01,7,1.46,4.72,6.18,1.5,4.9,7,,,,,,,,,,,
NOR,Eliteserien,2025,30/03/2025,16:00,Tromso,Haugesund,1,0,H,1.46,4.22,8.73,1.53,4.35,8.73,1.47,4.13,7.48,1.49,4.4,9,,,,,,,,,,,
NOR,Eliteserien,2025,30/03/2025,18:15,Bryne,Bodo/Glimt,0,1,A,7.46,4.91,1.43,7.5,5,1.45,6.98,4.76,1.42,8,5,1.46,,,,,,,,,,,
NOR,Eliteserien,2025,05/04/2025,15:00,Bodo/Glimt,HamKam,3,0,H,1.18,7.75,15.54,1.19,8.32,19,1.16,7.67,16.05,1.17,9.4,21,,,,,,,,,,,
NOR,Eliteserien,2025,05/04/2025,17:00,Rosenborg,Fredrikstad,1,0,H,1.65,3.89,5.77,1.7,4,5.77,1.64,3.81,5.39,1.68,3.95,6,,,,,,,,,,,
NOR,Eliteserien,2025,06/04/2025,13:30,Brann,Tromso,3,1,H,1.75,3.94,4.77,1.75,4.1,4.8,1.71,3.91,4.61,1.79,4,5.1,,,,,,,,,,,
NOR,Eliteserien,2025,06/04/2025,16:00,Haugesund,Stromsgodset,0,5,A,3.82,3.67,2,3.85,3.67,2.08,3.73,3.54,1.98,4,3.65,2.06,,,,,,,,,,,
NOR,Eliteserien,2025,06/04/2025,16:00,Kristiansund,Bryne,2,1,H,2.24,3.41,3.41,2.26,3.5,3.41,2.2,3.34,3.3,2.32,3.45,3.55,,,,,,,,,,,
NOR,Eliteserien,2025,06/04/2025,16:00,Sandefjord,Molde,3,0,H,3.63,3.77,2.03,3.71,3.77,2.08,3.55,3.66,1.99,3.8,3.75,2.1,,,,,,,,,,,
NOR,Eliteserien,2025,06/04/2025,16:00,Sarpsborg 08,Valerenga,1,1,D,2.27,3.61,3.16,2.33,3.85,3.16,2.24,3.55,3.04,2.36,3.65,3.2,,,,,,,,,,,
NOR,Eliteserien,2025,06/04/2025,18:15,Viking,KFUM Oslo,3,1,H,1.79,3.93,4.49,1.83,4.1,4.7,1.76,3.8,4.44,1.83,3.95,4.8,,,,,,,,,,,
NOR,Eliteserien,2025,09/04/2025,18:00,Fredrikstad,Valerenga,2,0,H,2.4,3.3,3.19,2.4,3.35,3.34,2.32,3.22,3.15,2.48,3.3,3.35,,,,,,,,,,,
NOR,Eliteserien,2025,10/04/2025,18:00,Brann,Stromsgodset,2,1,H,1.56,4.21,6.35,1.57,4.5,6.35,1.55,4.29,5.72,1.58,4.5,6.4,,,,,,,,,,,
NOR,Eliteserien,2025,10/04/2025,18:00,Viking,Kristiansund,3,1,H,1.42,5.19,7.15,1.42,5.2,8,1.4,4.94,7.16,1.44,5.4,8,,,,,,,,,,,
NOR,Eliteserien,2025,20/04/2025,13:30,Tromso,Kristiansund,2,3,A,1.63,3.89,5.97,1.66,4.25,5.97,1.61,3.91,5.48,1.67,4,6.2,,,,,,,,,,,
NOR,Eliteserien,2025,21/04/2025,13:30,Valerenga,Rosenborg,0,2,A,2.88,3.71,2.4,2.95,3.75,2.46,2.85,3.62,2.33,3.05,3.75,2.42,,,,,,,,,,,
NOR,Eliteserien,2025,21/04/2025,16:00,Bryne,Haugesund,3,1,H,1.75,4.02,4.66,1.79,4.02,4.7,1.73,3.89,4.48,1.75,4,5.2,,,,,,,,,,,
NOR,Eliteserien,2025,21/04/2025,16:00,Fredrikstad,Sandefjord,3,1,H,2.08,3.5,3.76,2.1,3.55,4.2,2.02,3.45,3.69,2.1,3.55,4,,,,,,,,,,,
NOR,Eliteserien,2025,21/04/2025,16:00,HamKam,Viking,2,5,A,3.61,3.85,2.01,3.61,3.95,2.08,3.43,3.76,2,3.8,3.95,2.02,,,,,,,,,,,
NOR,Eliteserien,2025,21/04/2025,16:00,KFUM Oslo,Sarpsborg 08,1,3,A,2.52,3.42,2.91,2.57,3.5,2.92,2.46,3.37,2.83,2.64,3.45,2.96,,,,,,,,,,,
NOR,Eliteserien,2025,21/04/2025,16:00,Stromsgodset,Brann,1,2,A,3.21,3.72,2.2,3.21,3.8,2.32,3.1,3.62,2.18,3.25,3.8,2.28,,,,,,,,,,,
NOR,Eliteserien,2025,21/04/2025,18:15,Molde,Bodo/Glimt,2,2,D,3.36,3.65,2.17,3.46,3.85,2.17,3.29,3.59,2.12,3.5,3.75,2.2,,,,,,,,,,,
NOR,Eliteserien,2025,27/04/2025,13:30,Rosenborg,Molde,0,0,D,1.76,4.03,4.56,1.83,4.1,4.56,1.75,3.89,4.34,1.84,4,4.6,,,,,,,,,,,
NOR,Eliteserien,2025,27/04/2025,16:00,Bodo/Glimt,KFUM Oslo,3,0,H,1.3,5.69,10.64,1.33,5.8,10.64,1.3,5.45,9.08,1.32,6,11.5,,,,,,,,,,,
NOR,Eliteserien,2025,27/04/2025,16:00,Brann,Bryne,3,2,H,1.37,5.13,8.73,1.39,5.13,9,1.36,4.9,8.31,1.39,5.5,9.4,,,,,,,,,,,
NOR,Eliteserien,2025,27/04/2025,16:00,Haugesund,Fredrikstad,0,0,D,4.08,3.44,2.01,4.08,3.7,2.04,3.87,3.47,1.96,4.2,3.6,2.02,,,,,,,,,,,
NOR,Eliteserien,2025,27/04/2025,16:00,Kristiansund,Valerenga,0,2,A,3.49,3.99,2.01,3.6,4,2.05,3.43,3.84,1.98,3.7,3.95,2.06,,,,,,,,,,,
NOR,Eliteserien,2025,27/04/2025,16:00,Sandefjord,HamKam,2,0,H,1.63,4.25,5.37,1.7,4.33,5.5,1.62,4.12,5.16,1.65,4.3,5.9,,,,,,,,,,,
NOR,Eliteserien,2025,27/04/2025,16:15,Sarpsborg 08,Stromsgodset,2,3,A,1.8,3.88,4.49,1.81,4.2,4.5,1.77,3.91,4.21,1.83,4,4.3,,,,,,,,,,,
NOR,Eliteserien,2025,27/04/2025,18:15,Viking,Tromso,4,4,D,1.73,4.23,4.5,1.75,4.23,4.5,1.73,4.08,4.33,1.78,4.3,4.7,,,,,,,,,,,
NOR,Eliteserien,2025,30/04/2025,17:00,Viking,Haugesund,5,1,H,1.26,6.68,10,1.27,7,12.5,1.25,6.37,9.99,1.28,7.2,11.5,,,,,,,,,,,
NOR,Eliteserien,2025,01/05/2025,17:00,Rosenborg,Kristiansund,1,1,D,1.32,5.82,9.08,1.34,6.25,10.5,1.32,5.43,8.87,1.36,5.8,10,,,,,,,,,,,
NOR,Eliteserien,2025,02/05/2025,18:00,HamKam,KFUM Oslo,0,0,D,3.21,3.14,2.48,3.21,3.25,2.5,3.07,3.14,2.44,3.35,3.2,2.52,,,,,,,,,,,
NOR,Eliteserien,2025,03/05/2025,17:00,Valerenga,Brann,2,4,A,2.68,3.8,2.52,2.7,4.02,2.52,2.65,3.78,2.42,2.84,3.85,2.54,,,,,,,,,,,
NOR,Eliteserien,2025,04/05/2025,16:00,Molde,Haugesund,2,1,H,1.24,6.54,12.13,1.27,7,13,1.22,6.4,11.97,1.24,7.2,15.5,,,,,,,,,,,
NOR,Eliteserien,2025,04/05/2025,16:00,Stromsgodset,Kristiansund,1,2,A,1.55,4.64,5.61,1.56,4.75,5.61,1.53,4.57,5.32,1.58,4.7,6.2,,,,,,,,,,,
NOR,Eliteserien,2025,04/05/2025,16:00,Tromso,Sandefjord,0,1,A,1.78,4.2,4.25,1.79,4.2,4.33,1.76,4.05,4.12,1.83,4.2,4.5,,,,,,,,,,,
NOR,Eliteserien,2025,04/05/2025,16:00,Viking,Sarpsborg 08,0,0,D,1.67,4.65,4.51,1.7,4.7,4.8,1.66,4.42,4.4,1.73,4.6,4.7,,,,,,,,,,,
NOR,Eliteserien,2025,04/05/2025,18:15,Rosenborg,Bryne,3,0,H,1.36,5.3,8.86,1.39,5.3,9.5,1.36,4.87,8.59,1.39,5.2,10,,,,,,,,,,,
NOR,Eliteserien,2025,11/05/2025,13:30,Brann,Rosenborg,0,0,D,2.5,3.63,2.8,2.55,3.75,2.8,2.45,3.59,2.7,2.56,3.7,2.9,,,,,,,,,,,
NOR,Eliteserien,2025,11/05/2025,16:00,Bryne,Molde,0,3,A,3.49,3.47,2.18,3.49,3.6,2.2,3.35,3.42,2.14,3.7,3.5,2.22,,,,,,,,,,,
NOR,Eliteserien,2025,11/05/2025,16:00,KFUM Oslo,Tromso,1,3,A,2.46,3.01,3.39,2.5,3.2,3.39,2.41,2.96,3.27,2.5,3.05,3.5,,,,,,,,,,,
NOR,Eliteserien,2025,11/05/2025,16:00,Kristiansund,Fredrikstad,0,1,A,3.28,3.46,2.28,3.28,3.74,2.28,3.15,3.47,2.22,3.35,3.5,2.36,,,,,,,,,,,
NOR,Eliteserien,2025,11/05/2025,16:00,Sandefjord,Valerenga,2,1,H,2.23,3.73,3.15,2.26,3.75,3.15,2.21,3.64,3.05,2.28,3.8,3.25,,,,,,,,,,,
NOR,Eliteserien,2025,11/05/2025,16:00,Sarpsborg 08,HamKam,4,0,H,1.55,4.43,5.95,1.55,4.7,6.2,1.51,4.41,5.78,1.55,4.6,6.8,,,,,,,,,,,
NOR,Eliteserien,2025,11/05/2025,18:15,Haugesund,Viking,1,4,A,5.45,4.82,1.55,5.5,4.82,1.56,5.3,4.58,1.54,5.7,4.8,1.59,,,,,,,,,,,
NOR,Eliteserien,2025,16/05/2025,17:00,Brann,Sarpsborg 08,2,2,D,1.81,3.98,4.32,1.83,4.1,4.4,1.76,3.94,4.28,1.82,4.1,4.6,,,,,,,,,,,
NOR,Eliteserien,2025,16/05/2025,17:00,Fredrikstad,KFUM Oslo,1,0,H,2.01,2.99,4.91,2.05,3.26,5.13,1.96,3.05,4.61,2.04,3.1,5.2,,,,,,,,,,,
NOR,Eliteserien,2025,16/05/2025,17:00,Molde,Kristiansund,0,1,A,1.39,5.29,7.7,1.4,5.3,8.1,1.38,5.01,7.64,1.41,5.5,8.4,,,,,,,,,,,
NOR,Eliteserien,2025,16/05/2025,17:00,Rosenborg,Haugesund,1,0,H,1.16,8.46,16.61,1.18,8.5,18,1.15,8.06,15.96,1.17,9.2,22,,,,,,,,,,,
NOR,Eliteserien,2025,16/05/2025,17:00,Stromsgodset,Bryne,0,2,A,1.65,4.13,5.3,1.75,4.25,5.3,1.66,4.06,4.87,1.7,4.2,5.3,,,,,,,,,,,
NOR,Eliteserien,2025,16/05/2025,17:00,Tromso,Bodo/Glimt,2,1,H,4.61,4.19,1.72,4.85,4.34,1.72,4.63,4.19,1.67,5.2,4.2,1.73,,,,,,,,,,,
NOR,Eliteserien,2025,16/05/2025,17:00,Viking,Sandefjord,3,1,H,1.63,4.37,5.07,1.65,4.5,5.2,1.61,4.39,4.87,1.67,4.5,5.3,,,,,,,,,,,
NOR,Eliteserien,2025,16/05/2025,19:00,Valerenga,HamKam,1,1,D,1.61,4.27,5.5,1.66,4.33,5.76,1.59,4.16,5.42,1.63,4.4,6,,,,,,,,,,,
NOR,Eliteserien,2025,24/05/2025,15:00,Bryne,Fredrikstad,4,3,H,2.78,3.23,2.75,2.8,3.23,2.76,2.72,3.14,2.7,2.88,3.2,2.88,,,,,,,,,,,
NOR,Eliteserien,2025,24/05/2025,17:00,Bodo/Glimt,Rosenborg,4,0,H,1.64,4.39,5.06,1.68,4.5,5.06,1.62,4.33,4.83,1.66,4.5,5.5,,,,,,,,,,,
NOR,Eliteserien,2025,25/05/2025,13:30,HamKam,Molde,2,1,H,4.43,3.98,1.79,4.75,4.2,1.83,4.36,3.87,1.76,4.7,3.95,1.85,,,,,,,,,,,
NOR,Eliteserien,2025,25/05/2025,16:00,Kristiansund,Viking,0,1,A,4.73,4.52,1.65,4.75,4.52,1.7,4.47,4.41,1.66,4.6,4.6,1.74,,,,,,,,,,,
NOR,Eliteserien,2025,25/05/2025,16:00,Sandefjord,Stromsgodset,3,2,H,2.14,3.8,3.3,2.15,3.95,3.5,2.08,3.74,3.29,2.16,3.9,3.4,,,,,,,,,,,
NOR,Eliteserien,2025,25/05/2025,16:00,Sarpsborg 08,Tromso,0,1,A,2.29,3.47,3.24,2.31,3.7,3.24,2.27,3.46,3.09,2.42,3.6,3.1,,,,,,,,,,,
NOR,Eliteserien,2025,25/05/2025,18:15,Haugesund,Brann,0,2,A,7.33,5.15,1.41,7.6,5.25,1.48,6.99,4.96,1.41,7.6,5.5,1.43,,,,,,,,,,,
NOR,Eliteserien,2025,26/05/2025,18:00,KFUM Oslo,Valerenga,0,1,A,2.33,3.22,3.42,2.53,3.3,3.42,2.37,3.16,3.11,2.42,3.35,3.45,,,,,,,,,,,
NOR,Eliteserien,2025,28/05/2025,18:00,Fredrikstad,Rosenborg,0,2,A,2.83,3.35,2.62,2.83,3.4,2.66,2.73,3.3,2.59,2.9,3.4,2.72,,,,,,,,,,,
NOR,Eliteserien,2025,28/05/2025,20:00,Bodo/Glimt,Viking,2,4,A,1.36,5.66,7.73,1.39,5.66,8,1.36,5.41,7.36,1.39,5.9,8.6,,,,,,,,,,,
NOR,Eliteserien,2025,29/05/2025,17:00,Brann,Molde,0,3,A,1.76,4.12,4.43,1.78,4.12,4.43,1.75,4.01,4.25,1.83,4.1,4.5,,,,,,,,,,,
NOR,Eliteserien,2025,31/05/2025,15:00,Stromsgodset,HamKam,0,3,A,1.85,4,4.08,1.87,4.1,4.5,1.82,3.93,3.96,1.89,4.2,4.2,,,,,,,,,,,
NOR,Eliteserien,2025,31/05/2025,17:45,Tromso,Valerenga,2,1,H,1.83,3.83,4.41,1.87,4.05,4.41,1.81,3.78,4.19,1.86,3.85,4.8,,,,,,,,,,,
NOR,Eliteserien,2025,01/06/2025,13:30,Fredrikstad,Sarpsborg 08,1,1,D,2.21,3.45,3.44,2.28,3.52,3.5,2.16,3.41,3.34,2.28,3.5,3.55,,,,,,,,,,,
NOR,Eliteserien,2025,01/06/2025,16:00,Brann,Kristiansund,4,2,H,1.36,5.61,7.84,1.38,5.8,9,1.35,5.42,7.62,1.38,5.9,9,,,,,,,,,,,
NOR,Eliteserien,2025,01/06/2025,16:00,Bryne,Sandefjord,3,2,H,2.54,3.54,2.8,2.56,3.65,2.8,2.49,3.51,2.72,2.64,3.6,2.9,,,,,,,,,,,
NOR,Eliteserien,2025,01/06/2025,16:00,Haugesund,Bodo/Glimt,0,4,A,14.19,7.05,1.2,15,7.2,1.22,13.32,6.8,1.2,15,7.8,1.23,,,,,,,,,,,
NOR,Eliteserien,2025,01/06/2025,16:00,Rosenborg,KFUM Oslo,1,1,D,1.61,4.09,5.78,1.63,4.25,6.75,1.59,4.06,5.6,1.63,4.2,6.6,,,,,,,,,,,
NOR,Eliteserien,2025,01/06/2025,18:15,Molde,Viking,0,1,A,2.68,3.94,2.46,2.8,4,2.46,2.66,3.85,2.38,2.78,4,2.52,,,,,,,,,,,
NOR,Eliteserien,2025,21/06/2025,17:00,Bodo/Glimt,Brann,3,0,H,1.48,5.28,6.23,1.48,5.3,6.23,1.42,4.96,5.79,1.49,5.3,6.6,,,,,,,,,,,
NOR,Eliteserien,2025,22/06/2025,13:30,Valerenga,Molde,2,3,A,3.02,3.72,2.31,3.02,3.75,2.38,2.82,3.57,2.24,3.15,3.75,2.36,,,,,,,,,,,
NOR,Eliteserien,2025,22/06/2025,16:00,HamKam,Tromso,1,3,A,3.4,3.48,2.21,3.4,3.5,2.21,3.24,3.35,2.12,3.5,3.65,2.26,,,,,,,,,,,
NOR,Eliteserien,2025,22/06/2025,16:00,KFUM Oslo,Stromsgodset,5,0,H,1.79,3.9,4.52,1.8,4.1,4.52,1.76,3.75,4.08,1.85,4,4.6,,,,,,,,,,,
NOR,Eliteserien,2025,22/06/2025,16:00,Kristiansund,Rosenborg,4,1,H,3.36,3.78,2.12,3.36,3.95,2.12,3.17,3.71,2.01,3.55,3.85,2.14,,,,,,,,,,,
NOR,Eliteserien,2025,22/06/2025,16:00,Sandefjord,Haugesund,4,0,H,1.37,5.46,8.14,1.37,5.46,8.14,1.33,5.09,7.44,1.4,5.6,8.8,,,,,,,,,,,
NOR,Eliteserien,2025,22/06/2025,16:00,Sarpsborg 08,Bryne,1,1,D,1.77,4.18,4.33,1.79,4.18,4.33,1.73,3.95,3.99,1.81,4.2,4.5,,,,,,,,,,,
NOR,Eliteserien,2025,22/06/2025,18:15,Viking,Fredrikstad,3,0,H,1.51,4.54,6.53,1.52,4.6,6.53,1.47,4.34,5.93,1.51,4.8,7.4,,,,,,,,,,,
NOR,Eliteserien,2025,28/06/2025,17:00,Rosenborg,Viking,1,1,D,2.42,3.69,2.86,2.5,3.85,2.86,2.36,3.63,2.62,2.6,3.7,2.86,,,,,,,,,,,
NOR,Eliteserien,2025,29/06/2025,13:30,Haugesund,Kristiansund,0,0,D,3.35,3.81,2.12,3.35,3.81,2.16,3.02,3.62,2.11,3.4,3.8,2.24,,,,,,,,,,,
NOR,Eliteserien,2025,29/06/2025,16:00,Bodo/Glimt,Sarpsborg 08,1,2,A,1.23,7.41,10.5,1.24,7.5,12.5,1.2,6.81,10.3,1.24,8,13.5,,,,,,,,,,,
NOR,Eliteserien,2025,29/06/2025,16:00,Bryne,HamKam,1,1,D,1.87,3.79,4.27,1.89,3.79,4.27,1.85,3.58,3.86,1.94,3.85,4.4,,,,,,,,,,,
NOR,Eliteserien,2025,29/06/2025,16:00,Fredrikstad,Tromso,0,1,A,2.45,3.24,3.17,2.5,3.25,3.17,2.41,3.13,2.88,2.64,3.3,3.05,,,,,,,,,,,
NOR,Eliteserien,2025,29/06/2025,16:00,Molde,KFUM Oslo,2,3,A,1.98,3.53,4.07,2.02,3.55,4.07,1.95,3.4,3.66,2.04,3.6,4.2,,,,,,,,,,,
NOR,Eliteserien,2025,29/06/2025,18:15,Stromsgodset,Valerenga,0,2,A,2.77,3.77,2.45,2.88,3.8,2.45,2.65,3.64,2.33,2.94,3.85,2.44,,,,,,,,,,,
NOR,Eliteserien,2025,30/06/2025,18:00,Brann,Sandefjord,1,0,H,1.68,4.52,4.56,1.68,4.52,4.6,1.62,4.23,4.43,1.74,4.5,4.7,,,,,,,,,,,
NOR,Eliteserien,2025,05/07/2025,13:00,HamKam,Brann,1,1,D,4.03,3.88,1.88,4.03,4,1.94,3.59,3.71,1.88,4,3.9,2,,,,,,,,,,,
NOR,Eliteserien,2025,05/07/2025,15:00,Viking,Stromsgodset,1,0,H,1.25,7.04,9.92,1.25,7.04,11,1.22,6.43,9.57,1.26,7.4,12.5,,,,,,,,,,,
NOR,Eliteserien,2025,05/07/2025,17:00,Valerenga,Fredrikstad,1,1,D,2.03,3.6,3.79,2.12,3.6,3.79,2.04,3.46,3.34,2.14,3.65,3.8,,,,,,,,,,,
NOR,Eliteserien,2025,05/07/2025,19:00,Kristiansund,Bodo/Glimt,1,1,D,6.54,5.49,1.43,6.75,5.49,1.43,6.19,5,1.39,6.8,5.6,1.47,,,,,,,,,,,
NOR,Eliteserien,2025,05/07/2025,21:00,Tromso,Molde,1,0,H,2.4,3.49,3.03,2.4,3.6,3.03,2.29,3.42,2.85,2.5,3.55,3.05,,,,,,,,,,,
NOR,Eliteserien,2025,06/07/2025,13:30,KFUM Oslo,Bryne,1,1,D,1.75,3.65,5.21,1.78,3.7,5.21,1.73,3.54,4.55,1.83,3.75,5.2,,,,,,,,,,,
NOR,Eliteserien,2025,06/07/2025,13:30,Sandefjord,Rosenborg,2,0,H,2.24,3.73,3.13,2.24,3.73,3.13,2.17,3.55,2.96,2.32,3.8,3.2,,,,,,,,,,,
NOR,Eliteserien,2025,06/07/2025,13:30,Sarpsborg 08,Haugesund,3,1,H,1.38,5.67,7.48,1.38,5.67,8,1.34,5.23,7.1,1.39,5.9,8.8,,,,,,,,,,,
NOR,Eliteserien,2025,12/07/2025,15:00,Bodo/Glimt,Sandefjord,2,0,H,1.29,6.46,8.83,1.31,6.46,9,1.27,5.89,8.35,1.31,7,10,,,,,,,,,,,
NOR,Eliteserien,2025,12/07/2025,17:00,Fredrikstad,Molde,4,2,H,2.69,3.21,2.86,2.69,3.4,2.86,2.5,3.2,2.73,2.74,3.35,2.92,,,,,,,,,,,
NOR,Eliteserien,2025,13/07/2025,13:30,Bryne,Valerenga,1,0,H,2.61,3.53,2.72,2.61,3.65,2.72,2.47,3.42,2.6,2.7,3.6,2.78,,,,,,,,,,,
NOR,Eliteserien,2025,13/07/2025,16:00,Haugesund,KFUM Oslo,0,2,A,4.75,3.66,1.82,4.75,3.66,1.84,4.28,3.45,1.79,5,3.7,1.87,,,,,,,,,,,
NOR,Eliteserien,2025,13/07/2025,16:00,Kristiansund,Sarpsborg 08,0,0,D,2.85,3.91,2.35,2.85,3.91,2.35,2.71,3.71,2.26,2.9,4,2.42,,,,,,,,,,,
NOR,Eliteserien,2025,13/07/2025,16:00,Rosenborg,HamKam,2,0,H,1.5,4.72,6.38,1.5,4.72,6.38,1.46,4.41,5.93,1.51,4.8,7.2,,,,,,,,,,,
NOR,Eliteserien,2025,13/07/2025,16:00,Stromsgodset,Tromso,2,3,A,3.59,3.74,2.05,3.6,3.74,2.05,3.48,3.51,1.98,3.85,3.75,2.08,,,,,,,,,,,
NOR,Eliteserien,2025,13/07/2025,18:15,Brann,Viking,3,1,H,2.24,3.83,3.08,2.25,3.83,3.1,2.19,3.58,2.91,2.26,3.9,3.25,,,,,,,,,,,
NOR,Eliteserien,2025,16/07/2025,17:00,Fredrikstad,Bodo/Glimt,0,1,A,5.15,4.26,1.65,5.5,4.4,1.65,4.86,4.18,1.57,5.3,4.5,1.68,,,,,,,,,,,
NOR,Eliteserien,2025,18/07/2025,17:00,Sarpsborg 08,Rosenborg,2,2,D,2.57,3.58,2.74,2.57,3.75,2.74,2.42,3.51,2.63,2.64,3.7,2.82,,,,,,,,,,,
NOR,Eliteserien,2025,19/07/2025,13:00,KFUM Oslo,Brann,2,0,H,2.69,3.44,2.69,2.75,3.45,2.69,2.62,3.27,2.53,2.74,3.55,2.8,,,,,,,,,,,
NOR,Eliteserien,2025,19/07/2025,15:00,Molde,Stromsgodset,4,1,H,1.43,5.1,7.05,1.43,5.2,7.05,1.39,4.89,6.44,1.44,5.5,7.6,,,,,,,,,,,
NOR,Eliteserien,2025,19/07/2025,17:00,Viking,Bodo/Glimt,2,4,A,3.31,4.16,2.03,3.35,4.16,2.06,3.17,3.82,1.99,3.3,4.2,2.14,,,,,,,,,,,
NOR,Eliteserien,2025,20/07/2025,13:30,Valerenga,Haugesund,3,0,H,1.31,5.97,8.94,1.34,6,8.94,1.29,5.52,8.09,1.34,6.2,10,,,,,,,,,,,
NOR,Eliteserien,2025,20/07/2025,16:00,Sandefjord,Kristiansund,6,0,H,1.48,4.91,6.31,1.5,4.91,6.31,1.45,4.66,5.67,1.54,5,6.4,,,,,,,,,,,
NOR,Eliteserien,2025,20/07/2025,16:00,Tromso,Bryne,3,1,H,1.56,4.01,6.87,1.56,4.4,6.87,1.5,4.02,6.02,1.58,4.3,6.8,,,,,,,,,,,
NOR,Eliteserien,2025,20/07/2025,18:15,HamKam,Fredrikstad,1,1,D,2.96,3.3,2.55,2.96,3.4,2.55,2.75,3.19,2.47,2.92,3.45,2.66,,,,,,,,,,,
NOR,Eliteserien,2025,25/07/2025,18:00,Fredrikstad,Stromsgodset,3,2,H,1.72,4.18,4.67,1.72,4.4,4.67,1.66,4.06,4.34,1.73,4.3,5.1,,,,,,,,,,,
NOR,Eliteserien,2025,26/07/2025,15:00,Haugesund,HamKam,0,3,A,3.19,3.5,2.3,3.6,3.6,2.3,3.23,3.41,2.09,3.55,3.6,2.24,,,,,,,,,,,
NOR,Eliteserien,2025,26/07/2025,15:00,Kristiansund,KFUM Oslo,0,5,A,3.89,3.74,1.96,4.1,3.8,1.96,3.78,3.62,1.86,4.3,3.85,1.94,,,,,,,,,,,
NOR,Eliteserien,2025,26/07/2025,15:00,Sandefjord,Sarpsborg 08,3,2,H,2.09,3.97,3.29,2.09,4.2,3.29,1.98,3.93,3.1,2.06,4.1,3.55,,,,,,,,,,,
NOR,Eliteserien,2025,26/07/2025,17:00,Bodo/Glimt,Valerenga,7,2,H,1.29,6.51,8.66,1.29,6.51,9.5,1.26,6.01,8.22,1.28,7.4,11,,,,,,,,,,,
NOR,Eliteserien,2025,27/07/2025,13:30,Bryne,Viking,1,3,A,3.61,3.86,2.01,3.65,3.95,2.01,3.4,3.72,1.93,3.8,3.95,2.04,,,,,,,,,,,
NOR,Eliteserien,2025,27/07/2025,13:30,Rosenborg,Tromso,4,1,H,2.22,3.54,3.33,2.22,3.54,3.35,2.13,3.35,3.2,2.24,3.6,3.6,,,,,,,,,,,
NOR,Eliteserien,2025,30/07/2025,18:00,Bodo/Glimt,Stromsgodset,1,0,H,1.1,12.44,20.35,1.11,12.44,21,1.09,9.91,17.31,1.11,14,28,,,,,,,,,,,
NOR,Eliteserien,2025,02/08/2025,15:00,Tromso,Fredrikstad,0,0,D,1.71,3.98,4.95,1.72,4,5.25,1.67,3.83,4.56,1.76,4,5.3,,,,,,,,,,,
NOR,Eliteserien,2025,02/08/2025,17:00,Sarpsborg 08,Brann,1,4,A,2.38,3.87,2.82,2.85,3.9,2.82,2.6,3.71,2.35,2.82,4,2.48,,,,,,,,,,,
NOR,Eliteserien,2025,03/08/2025,13:30,HamKam,Bodo/Glimt,1,3,A,9.04,6.04,1.32,9.5,6.04,1.33,8.17,5.58,1.28,10.5,6.6,1.31,,,,,,,,,,,
NOR,Eliteserien,2025,03/08/2025,16:00,KFUM Oslo,Rosenborg,4,1,H,2.48,3.35,3.02,2.5,3.4,3.02,2.43,3.21,2.79,2.64,3.3,3.05,,,,,,,,,,,
NOR,Eliteserien,2025,03/08/2025,16:00,Molde,Bryne,2,0,H,1.51,4.74,6.1,1.63,4.74,6.1,1.57,4.21,4.88,1.63,4.5,5.9,,,,,,,,,,,
NOR,Eliteserien,2025,03/08/2025,16:00,Stromsgodset,Haugesund,2,0,H,1.42,5.43,6.76,1.42,5.5,7.5,1.35,5.2,6.75,1.41,5.7,8.4,,,,,,,,,,,
NOR,Eliteserien,2025,03/08/2025,16:00,Valerenga,Sandefjord,2,1,H,2.02,4.05,3.42,2.05,4.1,3.42,1.98,3.87,3.14,2.08,4,3.55,,,,,,,,,,,
NOR,Eliteserien,2025,09/08/2025,15:00,Molde,HamKam,1,0,H,1.41,5.31,7.31,1.37,5.4,8,1.34,5.06,7.18,1.4,5.7,8.8,,,,,,,,,,,
NOR,Eliteserien,2025,09/08/2025,18:15,Bodo/Glimt,Tromso,1,1,D,1.39,5.41,7.58,1.42,5.25,7,1.38,4.92,6.41,1.42,5.6,8.4,,,,,,,,,,,
NOR,Eliteserien,2025,10/08/2025,16:00,Bryne,KFUM Oslo,0,0,D,3.15,3.34,2.4,3.15,3.15,2.5,3.01,3,2.39,3.3,3.15,2.56,,,,,,,,,,,
NOR,Eliteserien,2025,10/08/2025,16:00,Haugesund,Sarpsborg 08,3,2,H,5.39,4.6,1.58,5.33,4.6,1.58,4.96,4.4,1.53,5.5,4.7,1.62,,,,,,,,,,,
NOR,Eliteserien,2025,10/08/2025,18:15,Sandefjord,Viking,1,2,A,2.79,4.03,2.34,2.55,4.1,2.55,2.46,3.76,2.43,2.6,4,2.66,,,,,,,,,,,
NOR,Eliteserien,2025,15/08/2025,18:00,Stromsgodset,Bodo/Glimt,0,5,A,7.57,5.94,1.36,8.5,6,1.37,7.27,5.45,1.32,9.4,6,1.36,7,5.5,1.36,,,,,,,,
NOR,Eliteserien,2025,17/08/2025,13:30,Tromso,Brann,1,2,A,2.33,3.72,2.98,2.28,3.7,3.1,2.22,3.46,2.89,2.36,3.65,3.15,2.2,3.5,3.1,,,,,,,,
NOR,Eliteserien,2025,17/08/2025,16:00,HamKam,Bryne,1,0,H,2.73,3.24,2.79,2.7,3.25,2.75,2.59,3.18,2.58,2.74,3.4,2.84,2.7,3.2,2.7,,,,,,,,
NOR,Eliteserien,2025,17/08/2025,16:00,KFUM Oslo,Molde,0,0,D,2.78,3.21,2.76,3.1,3.3,2.5,2.85,3.19,2.39,3.1,3.3,2.6,3,3.1,2.4,,,,,,,,
NOR,Eliteserien,2025,17/08/2025,16:00,Kristiansund,Sandefjord,2,2,D,3.15,3.99,2.15,3.2,3.9,2.1,3.06,3.72,2.05,3.25,4,2.22,3.1,3.8,2.1,,,,,,,,
NOR,Eliteserien,2025,17/08/2025,18:15,Valerenga,Sarpsborg 08,4,0,H,1.76,4.39,4.19,1.8,4.5,3.85,1.75,4.16,3.68,1.88,4.4,4,1.75,4.33,3.7,,,,,,,,
NOR,Eliteserien,2025,22/08/2025,18:00,KFUM Oslo,HamKam,2,2,D,1.63,3.92,5.98,1.65,3.95,6,1.61,3.64,5.39,1.68,3.8,6.6,1.57,3.75,6,,,,,,,,
NOR,Eliteserien,2025,24/08/2025,13:30,Haugesund,Valerenga,2,3,A,5.96,4.74,1.52,6.5,4.8,1.51,5.5,4.51,1.47,6.6,4.9,1.54,5.5,4.75,1.48,,,,,,,,
NOR,Eliteserien,2025,24/08/2025,16:00,Bryne,Stromsgodset,2,2,D,1.93,3.69,4.08,1.93,3.9,4.2,1.86,3.62,3.72,1.98,3.8,4.2,1.85,3.75,3.8,,,,,,,,
NOR,Eliteserien,2025,24/08/2025,18:15,Molde,Tromso,2,0,H,2.24,3.57,3.26,2.25,3.5,3.4,2.09,3.4,3.21,2.18,3.65,3.6,2.1,3.5,3.3,,,,,,,,
NOR,Eliteserien,2025,25/08/2025,18:00,Sarpsborg 08,Kristiansund,0,1,A,1.64,4.39,5.08,1.73,4.6,4.33,1.68,4.18,4.05,1.78,4.3,4.6,1.73,4.1,4.2,,,,,,,,
NOR,Eliteserien,2025,30/08/2025,17:00,Valerenga,Bryne,3,2,H,1.7,4.22,4.77,1.62,4.5,5,1.58,4.15,4.75,1.65,4.5,5.5,1.62,4.2,4.75,,,,,,,,
NOR,Eliteserien,2025,31/08/2025,13:30,Kristiansund,Brann,2,2,D,4.8,4.41,1.67,4.5,4.35,1.75,4.19,3.96,1.69,4.6,4.3,1.8,4.33,4,1.7,,,,,,,,
NOR,Eliteserien,2025,31/08/2025,16:00,Fredrikstad,Haugesund,2,2,D,1.3,6.07,9.81,1.33,6.1,9.5,1.28,5.41,8.68,1.33,5.9,10.5,1.27,5.5,8.5,,,,,,,,
NOR,Eliteserien,2025,31/08/2025,16:00,HamKam,Sarpsborg 08,1,3,A,2.52,3.79,2.68,2.38,3.8,2.9,2.29,3.45,2.78,2.48,3.65,3.05,2.32,3.6,2.75,,,,,,,,
NOR,Eliteserien,2025,31/08/2025,16:00,Sandefjord,Bodo/Glimt,1,2,A,5.32,4.98,1.55,5.5,5.2,1.51,5.21,4.7,1.47,6,5.2,1.54,5.5,4.5,1.46,,,,,,,,
NOR,Eliteserien,2025,31/08/2025,16:00,Tromso,KFUM Oslo,2,0,H,1.97,3.39,4.31,1.98,3.4,4.33,1.91,3.2,4.06,2,3.4,4.7,1.91,3.3,4.1,,,,,,,,
NOR,Eliteserien,2025,31/08/2025,16:00,Viking,Rosenborg,2,1,H,1.66,4.45,4.82,2,4.2,3.5,1.94,3.81,3.28,2.02,4,3.8,1.91,3.8,3.5,,,,,,,,
NOR,Eliteserien,2025,31/08/2025,18:15,Stromsgodset,Molde,3,1,H,3.61,3.94,1.99,3.75,4.2,1.89,3.5,3.89,1.85,3.85,4.2,1.95,3.7,3.9,1.85,,,,,,,,
NOR,Eliteserien,2025,12/09/2025,18:00,Bodo/Glimt,Kristiansund,7,1,H,1.14,10.28,16.5,1.15,8.75,15.5,1.13,8.08,14.1,1.16,10.5,22,1.14,8.5,13,,,,,,,,
NOR,Eliteserien,2025,13/09/2025,15:00,Molde,Fredrikstad,1,2,A,1.73,3.95,4.9,1.83,3.9,4.5,1.77,3.68,4.07,1.87,3.95,4.7,1.8,3.9,3.9,,,,,,,,
NOR,Eliteserien,2025,13/09/2025,17:00,Brann,Valerenga,3,2,H,1.56,4.82,5.42,1.55,4.8,5.75,1.49,4.51,5.19,1.58,5,5.7,1.48,4.75,5.75,,,,,,,,
NOR,Eliteserien,2025,14/09/2025,13:30,Bryne,Tromso,0,2,A,3.43,3.47,2.2,4,3.45,2.05,3.65,3.26,1.98,4.1,3.5,2.1,4,3.3,1.95,,,,,,,,
NOR,Eliteserien,2025,14/09/2025,16:00,HamKam,Stromsgodset,1,2,A,2.27,3.64,3.14,2.3,3.7,3,2.21,3.46,2.88,2.4,3.7,3.1,2.3,3.4,3,,,,,,,,
NOR,Eliteserien,2025,14/09/2025,16:00,Sarpsborg 08,Sandefjord,2,1,H,2.42,3.94,2.73,2.23,4,3,2.12,3.77,2.88,2.22,4.1,3.15,2.15,3.8,3,,,,,,,,
NOR,Eliteserien,2025,14/09/2025,16:02,KFUM Oslo,Viking,2,2,D,2.88,3.5,2.5,2.9,3.5,2.45,2.81,3.28,2.35,3,3.6,2.52,2.88,3.25,2.45,,,,,,,,
NOR,Eliteserien,2025,14/09/2025,18:15,Haugesund,Rosenborg,0,3,A,7.66,5.37,1.39,7.5,5.25,1.4,6.63,4.8,1.38,8,5.5,1.43,6.25,5.25,1.4,,,,,,,,
NOR,Eliteserien,2025,20/09/2025,13:00,Fredrikstad,Bryne,1,1,D,1.71,3.95,5,1.8,3.8,5,1.73,3.54,4.5,1.8,3.75,5.3,1.8,3.6,4.5,,,,,,,,
NOR,Eliteserien,2025,20/09/2025,15:00,Sandefjord,Brann,0,3,A,3.35,3.99,2.06,3.35,4,2.08,3.18,3.77,1.97,3.65,4.2,2,3.3,3.9,1.95,,,,,,,,
NOR,Eliteserien,2025,20/09/2025,17:00,Valerenga,KFUM Oslo,1,1,D,2.32,3.64,3.05,2.63,3.6,2.88,2.43,3.37,2.66,2.6,3.7,2.82,2.63,3.5,2.5,,,,,,,,
NOR,Eliteserien,2025,21/09/2025,13:30,Rosenborg,Bodo/Glimt,1,1,D,3.46,4.09,2,3.4,4,2.1,3.23,3.77,1.97,3.55,4,2.08,3.3,3.8,2.1,,,,,,,,
NOR,Eliteserien,2025,21/09/2025,16:00,Kristiansund,Haugesund,2,0,H,1.41,5.41,7.12,1.3,6.25,11,1.25,5.72,9.08,1.3,6.6,11.5,1.25,6.25,10,,,,,,,,
NOR,Eliteserien,2025,21/09/2025,16:00,Stromsgodset,Sarpsborg 08,2,1,H,2.43,3.97,2.7,2.32,3.9,3,2.18,3.77,2.78,2.32,4,3,2.15,3.8,3,,,,,,,,
NOR,Eliteserien,2025,21/09/2025,16:00,Tromso,HamKam,1,0,H,1.41,5.14,7.62,1.36,5,10,1.34,4.73,8.02,1.37,5.4,10.5,1.36,5,8,,,,,,,,
NOR,Eliteserien,2025,21/09/2025,18:15,Viking,Molde,1,0,H,1.72,4.47,4.35,1.68,4.4,4.5,1.65,4.12,4.2,1.72,4.6,4.7,1.67,4.33,4.2,,,,,,,,
NOR,Eliteserien,2025,27/09/2025,17:00,Sarpsborg 08,Viking,3,3,D,3.8,4.23,1.87,3.9,4.2,1.83,3.64,4,1.78,4.2,4.2,1.86,3.9,4.2,1.8,,,,,,,,
NOR,Eliteserien,2025,28/09/2025,13:30,Brann,Fredrikstad,1,0,H,1.53,4.58,6.02,1.5,4.6,6.25,1.48,4.27,5.76,1.54,4.7,6.8,1.5,4.33,6.25,,,,,,,,
NOR,Eliteserien,2025,28/09/2025,16:00,Bryne,Kristiansund,2,0,H,2.12,3.61,3.51,2.2,3.65,3.3,2.12,3.41,3.12,2.32,3.55,3.3,2.2,3.5,3.1,,,,,,,,
NOR,Eliteserien,2025,28/09/2025,16:00,HamKam,Rosenborg,4,0,H,3.92,3.86,1.93,3.9,3.8,1.91,3.65,3.6,1.88,4,4,1.97,3.9,3.7,1.9,,,,,,,,
NOR,Eliteserien,2025,28/09/2025,16:00,Tromso,Stromsgodset,3,1,H,1.51,4.46,6.76,1.45,4.9,7,1.41,4.43,6.48,1.51,4.7,7.6,1.42,4.5,7,,,,,,,,
NOR,Eliteserien,2025,28/09/2025,18:15,Molde,Valerenga,4,1,H,1.83,4.21,3.98,1.78,4.2,4.2,1.73,3.95,3.93,1.83,4.3,4.4,1.75,4.1,4.1,,,,,,,,
NOR,Eliteserien,2025,29/09/2025,18:00,Haugesund,Sandefjord,2,3,A,5.94,4.89,1.51,7.5,5.33,1.44,6.51,4.76,1.38,8,5.5,1.42,7,5.25,1.38,,,,,,,,
NOR,Eliteserien,2025,01/10/2025,18:00,KFUM Oslo,Fredrikstad,2,1,H,1.93,3.42,4.5,1.85,3.55,4.5,1.81,3.37,4.21,1.9,3.6,4.8,1.8,3.5,4.33,,,,,,,,
NOR,Eliteserien,2025,04/10/2025,13:00,Valerenga,Tromso,1,0,H,2.98,3.68,2.35,2.9,3.6,2.35,2.84,3.45,2.25,3,3.75,2.42,2.9,3.4,2.35,,,,,,,,
NOR,Eliteserien,2025,04/10/2025,15:00,Sandefjord,Bryne,1,0,H,1.82,4.13,4.12,1.79,4.1,4.75,1.69,3.83,4.31,1.77,4.3,4.8,1.67,4.1,4.5,,,,,,,,
NOR,Eliteserien,2025,04/10/2025,17:00,Kristiansund,Molde,2,1,H,3.41,3.88,2.07,3.33,3.75,2.08,3.17,3.65,2.01,3.5,4,2.12,3.3,3.75,2.05,,,,,,,,
NOR,Eliteserien,2025,05/10/2025,13:30,Viking,Brann,3,0,H,2.22,3.89,3.08,2.15,3.85,3.2,2.09,3.7,2.97,2.24,4,3.25,2.1,3.7,3.2,,,,,,,,
NOR,Eliteserien,2025,05/10/2025,16:00,Bodo/Glimt,Haugesund,2,0,H,1.02,21.88,35.75,1.03,21,51,1.02,16.13,36,1.04,29,65,1.03,17,41,,,,,,,,
NOR,Eliteserien,2025,05/10/2025,16:00,Fredrikstad,HamKam,1,1,D,2.04,3.71,3.63,1.98,3.7,4,1.92,3.46,3.64,2.08,3.65,3.9,1.95,3.5,3.8,,,,,,,,
NOR,Eliteserien,2025,05/10/2025,16:00,Stromsgodset,KFUM Oslo,1,1,D,3.47,3.51,2.17,3.5,3.5,2.12,3.29,3.33,2.08,3.6,3.6,2.2,3.5,3.4,2.1,,,,,,,,
NOR,Eliteserien,2025,05/10/2025,18:15,Rosenborg,Sarpsborg 08,2,3,A,1.68,4.51,4.56,1.78,4.3,4.3,1.7,4.04,4.02,1.82,4.3,4.3,1.75,4,4,,,,,,,,
NOR,Eliteserien,2025,18/10/2025,13:00,Sarpsborg 08,Bodo/Glimt,2,5,A,7.63,6.04,1.35,7.5,5.5,1.4,6.26,5.25,1.36,7.6,6,1.41,6.25,5.5,1.38,,,,,,,,
NOR,Eliteserien,2025,18/10/2025,15:00,Bryne,Rosenborg,2,2,D,3.25,3.86,2.14,3.3,3.5,2.2,3.13,3.36,2.13,3.4,3.6,2.26,3.1,3.4,2.2,,,,,,,,
NOR,Eliteserien,2025,18/10/2025,17:00,Brann,Haugesund,4,1,H,1.11,11.76,19.49,1.11,10,23,1.09,8.94,18.06,1.12,12,26,1.1,10,17,,,,,,,,
NOR,Eliteserien,2025,19/10/2025,13:30,Tromso,Viking,1,3,A,2.4,3.54,2.99,2.33,3.55,3.2,2.25,3.33,2.94,2.4,3.55,3.25,2.25,3.4,3,,,,,,,,
NOR,Eliteserien,2025,19/10/2025,16:00,HamKam,Valerenga,2,1,H,2.34,3.8,2.92,2.4,3.75,2.8,2.33,3.53,2.68,2.52,3.85,2.82,2.4,3.6,2.7,,,,,,,,
NOR,Eliteserien,2025,19/10/2025,16:00,KFUM Oslo,Kristiansund,1,1,D,1.58,4.33,5.78,1.62,4,5.5,1.57,3.84,5.3,1.67,4.1,6,1.6,4,5.5,,,,,,,,
NOR,Eliteserien,2025,19/10/2025,16:00,Molde,Sandefjord,1,3,A,1.75,4.29,4.35,1.85,4.1,3.8,1.79,3.92,3.67,1.88,4.2,4.2,1.83,4.1,3.7,,,,,,,,
NOR,Eliteserien,2025,19/10/2025,18:15,Stromsgodset,Fredrikstad,0,3,A,2.31,3.63,3.08,2.38,3.55,3,2.27,3.4,2.84,2.42,3.75,3.05,2.35,3.4,2.9,,,,,,,,
NOR,Eliteserien,2025,25/10/2025,15:00,Viking,Bryne,5,1,H,1.38,5.2,7.37,1.33,5.75,9.5,1.28,5.41,8.55,1.29,6.6,11.5,1.27,5.75,9,,,,,,,,
NOR,Eliteserien,2025,25/10/2025,17:00,Sarpsborg 08,KFUM Oslo,2,1,H,2.95,3.41,2.4,2.75,3.5,2.55,2.67,3.36,2.42,2.86,3.55,2.66,2.63,3.4,2.55,,,,,,,,
NOR,Eliteserien,2025,26/10/2025,13:30,Rosenborg,Brann,2,3,A,2.59,3.73,2.55,2.6,3.7,2.65,2.47,3.49,2.53,2.62,3.8,2.74,2.55,3.6,2.5,,,,,,,,
NOR,Eliteserien,2025,26/10/2025,16:00,Bodo/Glimt,Molde,4,1,H,1.33,5.85,7.71,1.33,6.33,8.5,1.28,5.72,7.75,1.3,6.8,10,1.33,5.75,7.5,,,,,,,,
NOR,Eliteserien,2025,26/10/2025,16:00,Haugesund,Tromso,2,3,A,9.43,5.68,1.3,10,5.33,1.33,9.28,4.86,1.3,11.5,5.6,1.34,10,5,1.3,,,,,,,,
NOR,Eliteserien,2025,26/10/2025,16:00,Kristiansund,HamKam,1,3,A,2.24,3.64,3.06,2.3,3.7,3,2.25,3.47,2.85,2.4,3.75,3.1,2.3,3.6,2.88,,,,,,,,
NOR,Eliteserien,2025,26/10/2025,16:00,Sandefjord,Fredrikstad,0,0,D,1.93,3.94,3.62,1.9,4,3.85,1.84,3.72,3.64,1.94,4,4,1.9,4,3.5,,,,,,,,
NOR,Eliteserien,2025,26/10/2025,18:15,Valerenga,Stromsgodset,2,1,H,1.8,3.79,4.31,1.53,4.9,5.25,1.5,4.57,4.94,1.59,4.9,5.5,1.53,4.75,5.25,,,,,,,,
NOR,Eliteserien,2025,29/10/2025,18:00,Brann,Bodo/Glimt,1,2,A,,,,4,4.1,1.81,3.79,3.97,1.75,4.3,4.3,1.83,4,4.1,1.75,,,,,,,,
NOR,Eliteserien,2025,29/10/2025,20:00,Rosenborg,Sandefjord,1,1,D,,,,1.95,4,3.55,1.9,3.8,3.37,1.97,4.1,3.85,1.9,4,3.5,,,,,,,,
NOR,Eliteserien,2025,01/11/2025,15:00,Valerenga,Bodo/Glimt,3,1,H,,,,6,5,1.5,5.24,4.73,1.46,6.2,5.2,1.51,5.5,4.75,1.48,,,,,,,,
NOR,Eliteserien,2025,01/11/2025,17:00,Molde,Rosenborg,4,2,H,,,,1.88,4,4,1.82,3.78,3.68,1.91,4.1,4.1,1.8,3.9,4,,,,,,,,
NOR,Eliteserien,2025,02/11/2025,13:30,Stromsgodset,Viking,1,2,A,,,,6.66,5.75,1.4,6.31,5.24,1.36,7.4,6,1.42,6.5,5.25,1.38,,,,,,,,
NOR,Eliteserien,2025,02/11/2025,16:00,Bryne,Brann,2,1,H,,,,4.1,3.8,1.91,3.79,3.59,1.84,4.1,3.85,1.98,3.6,3.8,1.9,,,,,,,,
NOR,Eliteserien,2025,02/11/2025,16:00,Fredrikstad,Kristiansund,3,1,H,,,,1.69,4.25,4.75,1.66,4.02,4.29,1.73,4.4,4.8,1.67,4.2,4.33,,,,,,,,
NOR,Eliteserien,2025,02/11/2025,16:00,HamKam,Sandefjord,3,1,H,,,,2.55,3.65,2.63,2.46,3.47,2.54,2.64,3.7,2.76,2.5,3.6,2.5,,,,,,,,
NOR,Eliteserien,2025,02/11/2025,16:00,KFUM Oslo,Haugesund,1,4,A,,,,1.26,5.8,11,1.24,5.51,10.5,1.27,6.8,13,1.25,5.75,10,,,,,,,,
NOR,Eliteserien,2025,02/11/2025,18:15,Tromso,Sarpsborg 08,4,0,H,,,,1.47,4.75,7,1.44,4.55,5.92,1.51,5.1,6.6,1.45,4.75,5.75,,,,,,,,
NOR,Eliteserien,2025,08/11/2025,13:00,Sarpsborg 08,Fredrikstad,0,2,A,,,,2.25,3.8,3.1,2.18,3.52,2.91,2.34,3.8,3.15,2.2,3.4,3.1,,,,,,,,
NOR,Eliteserien,2025,08/11/2025,17:00,Viking,HamKam,3,0,H,,,,1.29,6.5,10,1.23,6.11,9.25,1.26,7.4,12,1.22,6.25,10,,,,,,,,
NOR,Eliteserien,2025,09/11/2025,13:30,Rosenborg,Valerenga,1,0,H,,,,2.15,4,3.1,2.05,3.87,2.96,2.2,4.3,3.15,2.1,3.8,3,,,,,,,,
NOR,Eliteserien,2025,09/11/2025,16:00,Bodo/Glimt,Bryne,5,0,H,,,,1.11,11,26,1.09,9.26,18.19,1.11,13,32,1.09,11,15,,,,,,,,
NOR,Eliteserien,2025,09/11/2025,16:00,Brann,KFUM Oslo,1,1,D,,,,1.7,3.9,5.33,1.64,3.75,4.8,1.71,4.1,5.6,1.65,3.9,4.75,,,,,,,,
NOR,Eliteserien,2025,09/11/2025,16:00,Kristiansund,Stromsgodset,2,1,H,,,,1.79,4.1,4.1,1.75,3.92,3.83,1.83,4.3,4.3,1.75,4.1,4,,,,,,,,
NOR,Eliteserien,2025,09/11/2025,16:00,Sandefjord,Tromso,1,0,H,,,,3.6,3.6,2.18,3.25,3.45,2.06,3.65,3.7,2.12,3.5,3.4,2.05,,,,,,,,
NOR,Eliteserien,2025,09/11/2025,18:15,Haugesund,Molde,0,2,A,,,,8.5,5.5,1.36,7.44,5.09,1.33,8.8,6,1.38,8.5,5,1.36,,,,,,,,
NOR,Eliteserien,2025,21/11/2025,18:00,KFUM Oslo,Bodo/Glimt,1,2,A,,,,8,5,1.42,6.76,4.8,1.37,8.2,5.5,1.42,6.25,5,1.42,,,,,,,,
NOR,Eliteserien,2025,22/11/2025,13:00,Tromso,Rosenborg,1,0,H,,,,1.52,4.75,6.5,1.45,4.42,5.94,1.53,4.9,6.6,1.42,4.75,6.5,,,,,,,,
NOR,Eliteserien,2025,22/11/2025,15:00,Valerenga,Kristiansund,3,3,D,,,,1.68,4.2,4.6,1.63,4.08,4.37,1.73,4.3,4.8,1.65,4.2,4.5,,,,,,,,
NOR,Eliteserien,2025,22/11/2025,17:00,Molde,Brann,4,0,H,,,,3.2,3.7,2.28,2.94,3.54,2.15,3.1,3.85,2.32,3.2,3.7,2.1,,,,,,,,
NOR,Eliteserien,2025,22/11/2025,17:00,Stromsgodset,Sandefjord,2,6,A,,,,2.8,3.85,2.38,2.67,3.73,2.27,2.82,4,2.46,2.7,3.8,2.35,,,,,,,,
NOR,Eliteserien,2025,23/11/2025,13:30,Bryne,Sarpsborg 08,0,3,A,,,,2.3,3.75,3,2.19,3.53,2.88,2.3,3.9,3.05,2.2,3.6,3,,,,,,,,
NOR,Eliteserien,2025,23/11/2025,13:30,HamKam,Haugesund,5,0,H,,,,1.38,5.33,8.6,1.35,4.95,7.12,1.4,5.6,8.4,1.36,5,8,,,,,,,,
NOR,Eliteserien,2025,23/11/2025,18:15,Fredrikstad,Viking,0,1,A,,,,5.75,4.75,1.55,5.49,4.34,1.49,6.2,5.1,1.52,5.25,4.75,1.53,,,,,,,,
NOR,Eliteserien,2025,30/11/2025,16:00,Bodo/Glimt,Fredrikstad,5,0,H,,,,1.12,11,21,1.09,9.49,17.75,1.12,12,27,1.1,11,19,,,,,,,,
NOR,Eliteserien,2025,30/11/2025,16:00,Brann,HamKam,3,1,H,,,,1.29,6.25,10.25,1.26,5.77,8.64,1.29,7,10.5,1.29,6.25,8,,,,,,,,
NOR,Eliteserien,2025,30/11/2025,16:00,Haugesund,Bryne,1,4,A,,,,3.45,3.9,2,3.3,3.68,1.96,3.65,4.2,2.04,3.3,3.9,1.95,,,,,,,,
NOR,Eliteserien,2025,30/11/2025,16:00,Kristiansund,Tromso,1,3,A,,,,7.25,5.33,1.43,6.87,4.72,1.38,7.6,5.4,1.44,7,5,1.38,,,,,,,,
NOR,Eliteserien,2025,30/11/2025,16:00,Rosenborg,Stromsgodset,6,0,H,,,,1.45,5.75,6.5,1.39,5.21,5.85,1.47,5.6,6.6,1.4,5.75,5.75,,,,,,,,
NOR,Eliteserien,2025,30/11/2025,16:00,Sandefjord,KFUM Oslo,2,0,H,,,,1.98,4.1,3.5,1.92,3.69,3.4,2,4.1,3.8,1.91,4.1,3.4,,,,,,,,
NOR,Eliteserien,2025,30/11/2025,16:00,Sarpsborg 08,Molde,1,0,H,,,,2.4,4,2.63,2.35,3.84,2.52,2.48,4.2,2.68,2.3,4,2.63,,,,,,,,
NOR,Eliteserien,2025,30/11/2025,16:00,Viking,Valerenga,5,1,H,,,,1.25,7.5,11,1.21,6.5,9.42,1.22,8.6,13.5,1.25,6.5,9,,,,,,,,
NOR,Eliteserien,2026,14/03/2026,15:00,HamKam,Viking,2,1,H,,,,5,3.9,1.75,4.58,3.73,1.67,5.2,4.1,1.74,4.75,3.8,1.7,,,,,,,,
NOR,Eliteserien,2026,14/03/2026,17:00,Molde,Rosenborg,2,0,H,,,,1.88,3.8,4,1.82,3.65,3.83,1.9,3.95,4.3,1.8,3.8,4,,,,,,,,
NOR,Eliteserien,2026,15/03/2026,13:30,Kristiansund,Brann,3,2,H,,,,5.8,4.2,1.6,5.36,4.1,1.53,6.2,4.5,1.6,5.75,4.2,1.55,,,,,,,,
NOR,Eliteserien,2026,15/03/2026,16:00,Aalesund,Lillestrom,1,3,A,,,,3.35,3.75,2.2,2.97,3.62,2.12,3.15,3.85,2.28,2.9,3.7,2.2,,,,,,,,
NOR,Eliteserien,2026,15/03/2026,16:00,KFUM Oslo,Start,2,0,H,,,,2,3.4,4.2,1.94,3.26,3.77,1.99,3.55,4.3,2,3.3,3.8,,,,,,,,
NOR,Eliteserien,2026,15/03/2026,16:00,Valerenga,Sandefjord,1,0,H,,,,1.94,4,3.6,1.88,3.79,3.46,1.97,4.1,3.9,1.9,4,3.6,,,,,,,,
NOR,Eliteserien,2026,15/03/2026,18:15,Tromso,Fredrikstad,4,0,H,,,,1.75,3.75,5.25,1.66,3.55,5.04,1.73,3.85,6,1.67,3.7,5.25,,,,,,,,
NOR,Eliteserien,2026,21/03/2026,15:00,Start,Aalesund,1,1,D,,,,2.33,3.5,3.1,2.23,3.33,2.98,2.38,3.6,3.2,2.25,3.4,3.1,,,,,,,,
NOR,Eliteserien,2026,21/03/2026,17:00,Viking,Molde,4,1,H,,,,1.68,4,5,1.65,3.79,4.69,1.73,4.2,5.2,1.67,3.75,5,,,,,,,,
NOR,Eliteserien,2026,22/03/2026,13:30,Rosenborg,Valerenga,0,2,A,,,,2.2,3.65,3.2,2.14,3.54,2.97,2.28,3.75,3.2,2.2,3.4,3.2,,,,,,,,
NOR,Eliteserien,2026,22/03/2026,16:00,Brann,Tromso,1,2,A,,,,1.93,3.6,4,1.88,3.44,3.79,2,3.65,4.2,1.9,3.5,4,,,,,,,,
NOR,Eliteserien,2026,22/03/2026,16:00,Fredrikstad,KFUM Oslo,3,1,H,,,,2.33,3.3,3.2,2.24,3.21,3.08,2.36,3.4,3.45,2.25,3.3,3.2,,,,,,,,
NOR,Eliteserien,2026,22/03/2026,16:00,Sandefjord,Sarpsborg 08,0,2,A,,,,2.05,4,3.1,2.02,3.83,3.02,2.2,4.1,3.2,2.05,4,3,,,,,,,,
NOR,Eliteserien,2026,06/04/2026,13:30,Valerenga,Viking,0,1,A,,,,2.95,3.9,2.2,2.83,3.68,2.15,3.1,4,2.28,2.88,3.9,2.2,,,,,,,,
NOR,Eliteserien,2026,06/04/2026,16:00,HamKam,Brann,1,5,A,,,,4.2,3.85,1.98,3.87,3.66,1.8,4.4,4.1,1.88,4.2,3.8,1.8,,,,,,,,
NOR,Eliteserien,2026,06/04/2026,16:00,Kristiansund,Bodo/Glimt,0,3,A,,,,11,7.25,1.24,9.78,6.59,1.2,14,8.4,1.23,11,7,1.22,,,,,,,,
NOR,Eliteserien,2026,06/04/2026,16:00,Molde,Lillestrom,0,1,A,,,,2.2,3.8,3.1,2.11,3.7,2.89,2.24,4.1,3.1,2.2,3.75,2.9,,,,,,,,
NOR,Eliteserien,2026,06/04/2026,16:00,Sarpsborg 08,Start,1,1,D,,,,1.8,4,4.35,1.74,3.78,3.97,1.86,4.1,4.3,1.8,4,4,,,,,,,,
NOR,Eliteserien,2026,06/04/2026,18:15,Tromso,Rosenborg,2,0,H,,,,1.62,4,6,1.55,3.83,5.41,1.66,4.1,6,1.6,3.9,5.5,,,,,,,,
NOR,Eliteserien,2026,07/04/2026,18:00,Aalesund,Fredrikstad,2,3,A,,,,2.43,3.75,2.85,2.35,3.49,2.69,2.5,3.8,2.9,2.3,3.75,2.75,,,,,,,,
NOR,Eliteserien,2026,07/04/2026,18:00,KFUM Oslo,Sandefjord,1,2,A,,,,2.25,3.5,3.25,2.16,3.42,3.04,2.32,3.6,3.3,2.2,3.5,3.1,,,,,,,,
NOR,Eliteserien,2026,11/04/2026,13:00,Lillestrom,Start,3,1,H,,,,1.5,5,6.75,1.41,4.68,5.99,1.47,5.3,7,1.42,4.75,6.25,,,,,,,,
NOR,Eliteserien,2026,11/04/2026,15:00,Tromso,Kristiansund,2,0,H,,,,1.36,6,13,1.25,5.4,9.69,1.28,6.4,13.5,1.25,6,10,,,,,,,,
NOR,Eliteserien,2026,11/04/2026,17:00,Viking,Bodo/Glimt,5,0,H,,,,3.2,4.2,2.1,2.95,3.96,2.01,3.1,4.3,2.18,3,4.1,2.1,,,,,,,,
NOR,Eliteserien,2026,12/04/2026,13:30,Rosenborg,Sarpsborg 08,2,1,H,,,,2.3,3.6,3.1,2.21,3.46,2.87,2.32,3.7,3.15,2.25,3.5,3,,,,,,,,
NOR,Eliteserien,2026,12/04/2026,16:00,Aalesund,KFUM Oslo,2,2,D,,,,2.7,3.5,2.7,2.51,3.35,2.55,2.72,3.65,2.76,2.5,3.5,2.7,,,,,,,,
NOR,Eliteserien,2026,12/04/2026,16:00,Fredrikstad,Valerenga,1,1,D,,,,2.71,3.6,2.63,2.56,3.47,2.43,2.76,3.8,2.62,2.7,3.5,2.45,,,,,,,,
NOR,Eliteserien,2026,12/04/2026,16:00,Molde,HamKam,4,1,H,,,,1.52,4.5,6.4,1.46,4.32,5.66,1.53,4.9,6.6,1.48,4.5,6,,,,,,,,
NOR,Eliteserien,2026,12/04/2026,18:15,Brann,Sandefjord,0,1,A,,,,1.55,4.33,5.66,1.52,4.17,5.21,1.58,4.8,5.9,1.53,4.33,5.25,,,,,,,,
NOR,Eliteserien,2026,15/04/2026,18:00,Sarpsborg 08,Bodo/Glimt,1,1,D,,,,6.25,5.33,1.46,5.65,4.95,1.42,6.6,5.5,1.49,6.25,4.75,1.45,,,,,,,,
NOR,Eliteserien,2026,15/04/2026,18:00,Tromso,Lillestrom,0,0,D,,,,1.85,3.75,4.2,1.8,3.67,3.9,1.94,3.9,4.2,1.83,3.7,4,,,,,,,,
NOR,Eliteserien,2026,18/04/2026,13:00,Bodo/Glimt,Aalesund,3,0,H,,,,1.13,9.75,19,1.11,8.6,15.03,,,,1.1,9.5,19,,,,,,,,
NOR,Eliteserien,2026,18/04/2026,15:00,Sandefjord,Rosenborg,0,0,D,,,,2.05,3.75,3.4,1.98,3.59,3.25,,,,2.05,3.75,3.2,,,,,,,,
NOR,Eliteserien,2026,18/04/2026,17:00,Viking,Brann,3,2,H,,,,1.73,4.33,4.2,1.69,4.01,4.01,,,,1.7,4.1,4.2,,,,,,,,
NOR,Eliteserien,2026,19/04/2026,13:30,Valerenga,Lillestrom,0,2,A,,,,2.5,3.75,2.7,2.4,3.56,2.56,,,,2.5,3.6,2.6,,,,,,,,
NOR,Eliteserien,2026,19/04/2026,16:00,HamKam,KFUM Oslo,4,0,H,,,,2.88,3.5,2.45,2.72,3.34,2.35,,,,2.88,3.4,2.38,,,,,,,,
NOR,Eliteserien,2026,19/04/2026,16:00,Kristiansund,Fredrikstad,2,0,H,,,,3,3.6,2.25,2.87,3.5,2.19,,,,3,3.5,2.25,,,,,,,,
NOR,Eliteserien,2026,19/04/2026,16:00,Sarpsborg 08,Tromso,0,1,A,,,,3.3,3.6,2.2,3.1,3.39,2.11,,,,3.1,3.4,2.2,,,,,,,,
NOR,Eliteserien,2026,19/04/2026,18:15,Start,Molde,1,1,D,,,,3.6,3.75,2.2,3.39,3.56,1.95,,,,3.6,3.6,1.95,,,,,,,,
NOR,Eliteserien,2026,25/04/2026,15:00,Fredrikstad,Viking,1,2,A,,,,5,4.2,1.67,4.61,4,1.6,,,,5,4.2,1.6,,,,,,,,
NOR,Eliteserien,2026,25/04/2026,17:00,Rosenborg,Brann,1,1,D,,,,2.65,3.75,2.6,2.48,3.45,2.5,,,,2.45,3.75,2.6,,,,,,,,
NOR,Eliteserien,2026,26/04/2026,13:30,Molde,Valerenga,5,1,H,,,,2.05,3.7,3.4,1.98,3.6,3.22,,,,2.05,3.7,3.25,,,,,,,,
NOR,Eliteserien,2026,26/04/2026,16:00,Aalesund,Kristiansund,1,1,D,,,,1.87,4.2,3.95,1.78,3.84,3.65,,,,1.8,4,3.8,,,,,,,,
NOR,Eliteserien,2026,26/04/2026,16:00,HamKam,Start,2,1,H,,,,2.02,3.6,3.65,1.94,3.46,3.46,,,,1.95,3.6,3.5,,,,,,,,
NOR,Eliteserien,2026,26/04/2026,16:00,KFUM Oslo,Sarpsborg 08,1,0,H,,,,2.3,3.75,2.85,2.23,3.53,2.77,,,,2.3,3.75,2.75,,,,,,,,
NOR,Eliteserien,2026,26/04/2026,16:00,Tromso,Sandefjord,3,1,H,,,,1.6,4.2,5.66,1.54,4.02,5.15,,,,1.57,4.1,5.25,,,,,,,,
NOR,Eliteserien,2026,26/04/2026,18:15,Lillestrom,Bodo/Glimt,0,2,A,,,,3.5,4.5,1.92,3.35,4.01,1.84,,,,3.4,4.5,1.85,,,,,,,,
NOR,Eliteserien,2026,29/04/2026,18:00,Tromso,Brann,0,5,A,,,,2,3.65,3.6,1.92,3.54,3.45,,,,1.95,3.6,3.6,,,,,,,,
NOR,Eliteserien,2026,30/04/2026,18:00,Bodo/Glimt,Start,5,0,H,,,,1.14,9,19,1.1,8.51,15.72,,,,1.11,9,17,,,,,,,,
NOR,Eliteserien,2026,01/05/2026,17:00,Viking,Rosenborg,3,0,H,,,,1.41,5.25,7,1.38,4.8,6.39,,,,1.4,5.25,6.5,,,,,,,,
NOR,Eliteserien,2026,02/05/2026,17:00,Brann,Fredrikstad,3,1,H,,,,1.47,4.75,6.5,1.43,4.46,5.96,,,,1.45,4.75,6.25,,,,,,,,
NOR,Eliteserien,2026,03/05/2026,13:30,Lillestrom,Sarpsborg 08,4,0,H,,,,1.78,4.25,4.25,1.71,4,3.88,,,,1.75,4.2,3.9,,,,,,,,
NOR,Eliteserien,2026,03/05/2026,16:00,Kristiansund,HamKam,1,1,D,,,,2.63,3.6,2.63,2.48,3.42,2.53,,,,2.63,3.4,2.63,,,,,,,,
NOR,Eliteserien,2026,03/05/2026,16:00,Sandefjord,Aalesund,1,0,H,,,,1.85,4,3.95,1.79,3.81,3.67,,,,1.85,3.8,3.8,,,,,,,,
NOR,Eliteserien,2026,03/05/2026,16:00,Start,Tromso,1,1,D,,,,4.75,3.8,1.79,4.33,3.58,1.73,,,,4.5,3.8,1.73,,,,,,,,
NOR,Eliteserien,2026,03/05/2026,18:15,Valerenga,KFUM Oslo,2,2,D,,,,2,3.8,3.6,1.93,3.58,3.37,,,,1.95,3.6,3.6,,,,,,,,
NOR,Eliteserien,2026,04/05/2026,18:00,Bodo/Glimt,Molde,0,1,A,,,,1.36,5.75,7.5,1.32,5.43,6.64,,,,1.36,5.75,6.5,,,,,,,,
NOR,Eliteserien,2026,08/05/2026,18:00,HamKam,Valerenga,1,0,H,,,,3.14,3.5,2.28,2.95,3.44,2.16,3.3,3.7,2.28,3.1,3.5,2.2,,,,,,,,
NOR,Eliteserien,2026,09/05/2026,13:00,Sarpsborg 08,Fredrikstad,2,1,H,,,,1.95,3.7,3.7,1.88,3.55,3.53,2,3.9,4,1.85,3.5,3.5,,,,,,,,
NOR,Eliteserien,2026,10/05/2026,13:30,Rosenborg,Lillestrom,2,0,H,,,,2.63,3.5,2.6,2.52,3.39,2.49,2.7,3.6,2.76,2.6,3.4,2.6,,,,,,,,
NOR,Eliteserien,2026,10/05/2026,16:00,KFUM Oslo,Viking,0,2,A,,,,4.5,4.33,1.73,4.17,3.95,1.68,4.8,4.3,1.77,3.9,4.33,1.7,,,,,,,,
NOR,Eliteserien,2026,10/05/2026,16:00,Sandefjord,Kristiansund,2,0,H,,,,1.64,4.25,5,1.59,4.03,4.6,1.67,4.5,5.2,1.62,4.1,5,,,,,,,,
NOR,Eliteserien,2026,10/05/2026,16:00,Tromso,Molde,2,0,H,,,,1.97,3.7,4,1.87,3.53,3.66,1.97,3.9,4.1,1.85,3.6,4,,,,,,,,
NOR,Eliteserien,2026,16/05/2026,13:00,Brann,KFUM Oslo,2,1,H,,,,1.6,4.5,5.75,1.53,4.15,5.04,1.63,4.5,5.8,1.57,4.1,5.25,,,,,,,,
NOR,Eliteserien,2026,16/05/2026,15:00,Fredrikstad,HamKam,2,1,H,,,,2,3.6,3.8,1.96,3.39,3.51,2.06,3.65,4,2,3.4,3.75,,,,,,,,
NOR,Eliteserien,2026,16/05/2026,15:00,Lillestrom,Sandefjord,3,1,H,,,,1.87,3.75,4.2,1.79,3.63,3.87,1.87,3.85,4.6,1.8,3.75,4.2,,,,,,,,
NOR,Eliteserien,2026,16/05/2026,15:00,Molde,Kristiansund,1,0,H,,,,1.4,5.33,7,1.36,4.84,6.61,1.44,5.5,7.8,1.4,4.75,7,,,,,,,,
NOR,Eliteserien,2026,16/05/2026,15:00,Rosenborg,Aalesund,2,3,A,,,,1.67,4.25,5.25,1.6,4.03,4.64,1.65,4.5,5.5,1.6,4.2,5.25,,,,,,,,
NOR,Eliteserien,2026,16/05/2026,15:00,Viking,Start,6,3,H,,,,1.2,7.5,15,1.17,6.79,12.34,1.2,8.4,16.5,1.17,7,15,,,,,,,,
NOR,Eliteserien,2026,16/05/2026,17:00,Bodo/Glimt,Tromso,5,0,H,,,,1.43,5.33,7,1.38,4.78,6.41,1.42,5.6,8,1.42,4.75,7,,,,,,,,
NOR,Eliteserien,2026,16/05/2026,19:00,Valerenga,Sarpsborg 08,3,2,H,,,,1.87,4.1,3.85,1.81,3.88,3.53,1.94,4.2,3.9,1.85,4.1,3.5,,,,,,,,
NOR,Eliteserien,2026,20/05/2026,17:00,Start,Bodo/Glimt,1,4,A,,,,10,6.4,1.3,8.36,5.79,1.26,10.5,6.6,1.31,8,6,1.29,,,,,,,,
NOR,Eliteserien,2026,20/05/2026,18:00,Lillestrom,Kristiansund,1,2,A,,,,1.44,5,7.2,1.4,4.57,6.26,1.45,5.1,7.8,1.42,5,6.25,,,,,,,,
NOR,Eliteserien,2026,20/05/2026,19:00,Aalesund,Brann,2,1,H,,,,3.55,4,2,3.25,3.76,1.93,3.55,4.1,2.08,3.2,4,2,,,,,,,,
NOR,Eliteserien,2026,24/05/2026,15:00,Bodo/Glimt,Brann,3,1,H,,,,1.3,6.5,9.4,1.26,5.93,7.79,1.31,7.2,9.4,1.27,6.5,8,,,,,,,,
NOR,Eliteserien,2026,24/05/2026,17:00,Kristiansund,Viking,1,2,A,,,,5.5,4.75,1.53,5.18,4.38,1.49,6,4.9,1.56,5,4.75,1.53,,,,,,,,
NOR,Eliteserien,2026,25/05/2026,13:30,Start,Valerenga,2,0,H,,,,3,3.75,2.23,2.9,3.56,2.13,3.2,3.95,2.26,2.9,3.75,2.2,,,,,,,,
NOR,Eliteserien,2026,25/05/2026,16:00,HamKam,Lillestrom,2,0,H,,,,3.75,3.75,2.05,3.38,3.56,1.94,3.9,3.9,2.02,3.75,3.6,1.91,,,,,,,,
NOR,Eliteserien,2026,25/05/2026,16:00,KFUM Oslo,Rosenborg,2,0,H,,,,2.33,3.5,3.1,2.21,3.41,2.89,2.32,3.7,3.25,2.2,3.5,3.1,,,,,,,,
NOR,Eliteserien,2026,25/05/2026,16:00,Sarpsborg 08,Molde,2,1,H,,,,2.55,3.8,2.55,2.49,3.6,2.42,2.66,3.9,2.64,2.55,3.5,2.55,,,,,,,,
NOR,Eliteserien,2026,25/05/2026,16:00,Tromso,Aalesund,1,1,D,,,,1.53,4.5,7.25,1.46,4.23,5.9,1.54,4.7,6.8,1.5,4.1,6,,,,,,,,
NOR,Eliteserien,2026,25/05/2026,18:15,Sandefjord,Fredrikstad,1,1,D,,,,2.15,3.6,3.35,2.06,3.48,3.13,2.22,3.8,3.45,2.15,3.5,3.1,,,,,,,,
NOR,Eliteserien,2026,29/05/2026,18:00,Aalesund,HamKam,2,2,D,,,,2.12,3.9,3.25,2.04,3.56,3.11,2.12,3.85,3.55,2,3.9,3.25,,,,,,,,
NOR,Eliteserien,2026,29/05/2026,18:00,Brann,Sarpsborg 08,1,2,A,,,,1.73,4.33,4.35,1.66,4.09,4.08,1.74,4.7,4.6,1.67,4.33,4.33,,,,,,,,
NOR,Eliteserien,2026,29/05/2026,18:00,Fredrikstad,Start,2,1,H,,,,1.87,3.8,4,1.81,3.62,3.79,1.95,3.95,4.1,1.85,3.8,3.75,,,,,,,,
NOR,Eliteserien,2026,29/05/2026,18:00,KFUM Oslo,Tromso,0,0,D,,,,3,3.25,2.55,2.77,3.14,2.41,3,3.4,2.64,3,3.2,2.4,,,,,,,,
NOR,Eliteserien,2026,29/05/2026,18:00,Rosenborg,Bodo/Glimt,2,2,D,,,,5.1,4.75,1.58,4.68,4.4,1.54,5.4,5,1.62,4.5,4.75,1.57,,,,,,,,
NOR,Eliteserien,2026,29/05/2026,18:00,Valerenga,Kristiansund,3,1,H,,,,1.6,4.5,5.1,1.55,4.22,4.81,1.63,4.6,5.6,1.57,4.5,5,,,,,,,,
NOR,Eliteserien,2026,30/05/2026,15:00,Molde,Sandefjord,2,1,H,,,,1.62,4.33,5,1.59,4.07,4.61,1.66,4.5,5.5,1.62,4.1,4.75,,,,,,,,
NOR,Eliteserien,2026,11/07/2026,13:00,Fredrikstad,Lillestrom,0,2,A,,,,3.15,3.5,2.25,3,3.4,2.14,3.25,3.75,2.28,3.1,3.5,2.2,,,,,,,,
NOR,Eliteserien,2026,11/07/2026,15:00,Aalesund,Molde,2,2,D,,,,3.7,3.8,2.1,3.1,3.66,2.01,3.45,4.1,2.1,3.7,3.7,1.91,,,,,,,,
NOR,Eliteserien,2026,11/07/2026,17:00,Tromso,Valerenga,4,0,H,,,,1.73,3.8,4.6,1.68,3.71,4.39,1.76,4.1,5.1,1.7,3.8,4.5,,,,,,,,
NOR,Eliteserien,2026,12/07/2026,13:30,KFUM Oslo,Bodo/Glimt,0,2,A,,,,5.75,4.75,1.53,5.32,4.47,1.47,6,4.9,1.56,5.5,4.33,1.53,,,,,,,,
NOR,Eliteserien,2026,12/07/2026,16:00,Brann,Start,2,1,H,,,,1.43,5.1,7,1.39,4.65,6.44,1.46,5.2,7.8,1.4,4.75,6.5,,,,,,,,
NOR,Eliteserien,2026,12/07/2026,16:00,Rosenborg,Kristiansund,3,0,H,,,,1.61,4.33,5.4,1.56,4.02,4.99,1.63,4.5,5.8,1.57,4.33,5.25,,,,,,,,
NOR,Eliteserien,2026,12/07/2026,16:00,Sandefjord,HamKam,2,2,D,,,,1.98,3.8,3.65,1.92,3.57,3.42,2.06,3.9,3.75,1.95,3.8,3.5,,,,,,,,
NOR,Eliteserien,2026,12/07/2026,18:15,Sarpsborg 08,Viking,1,0,H,,,,5,4.75,1.6,4.66,4.33,1.54,5.3,4.9,1.62,5,4.5,1.55,,,,,,,,
NOR,Eliteserien,2026,16/07/2026,18:00,Valerenga,Aalesund,6,1,H,,,,1.7,4.5,4.75,1.61,4.2,4.33,1.68,4.7,5,1.57,4.33,4.75,,,,,,,,
NOR,Eliteserien,2026,17/07/2026,18:15,Bodo/Glimt,Fredrikstad,1,0,H,,,,1.14,10,18,1.11,8.45,14.53,1.15,10,25,1.11,10,15,,,,,,,,
NOR,Eliteserien,2026,18/07/2026,13:00,HamKam,Tromso,1,4,A,,,,4.1,3.5,2,3.78,3.31,1.9,4.3,3.55,2.02,4.1,3.5,1.91,,,,,,,,
NOR,Eliteserien,2026,18/07/2026,15:00,Kristiansund,Sarpsborg 08,0,0,D,,,,3.1,3.66,2.25,2.88,3.54,2.15,3.1,3.9,2.32,3,3.6,2.25,,,,,,,,
NOR,Eliteserien,2026,18/07/2026,15:00,Lillestrom,KFUM Oslo,2,1,H,,,,1.65,4.33,5,1.59,3.95,4.78,1.68,4.3,5.6,1.57,4.33,5,,,,,,,,
NOR,Eliteserien,2026,18/07/2026,15:00,Start,Rosenborg,0,3,A,,,,3.1,3.55,2.25,2.95,3.42,2.16,3.25,3.65,2.34,3,3.5,2.25,,,,,,,,
NOR,Eliteserien,2026,18/07/2026,17:00,Molde,Brann,1,2,A,,,,2.15,4,3,2.06,3.8,2.88,2.24,4.2,3.05,2.15,3.8,3,,,,,,,,
NOR,Eliteserien,2026,18/07/2026,17:00,Viking,Sandefjord,2,1,H,,,,1.3,6.25,10.5,1.26,5.7,8.38,1.32,6.4,11,1.27,6,9.5,,,,,,,,
NOR,Eliteserien,2026,22/07/2026,18:00,Bodo/Glimt,HamKam,3,0,H,,,,1.11,13,21,1.08,9.48,17.91,1.11,13.5,30,1.09,10,21,,,,,,,,
NOR,Eliteserien,2026,22/07/2026,18:00,Lillestrom,Viking,1,2,A,,,,3.6,3.8,2.08,3.22,3.65,1.97,3.55,4,2.08,3.6,3.75,1.95,,,,,,,,
NOR,Eliteserien,2026,25/07/2026,15:00,Kristiansund,Start,1,2,A,,,,2.25,3.5,3.14,2.16,3.38,3,2.36,3.65,3.25,2.25,3.4,3.1,,,,,,,,
NOR,Eliteserien,2026,26/07/2026,13:30,Brann,Valerenga,2,3,A,,,,1.68,4.33,4.5,1.63,4.18,4.17,1.74,4.7,4.6,1.65,4.33,4.5,,,,,,,,
NOR,Eliteserien,2026,26/07/2026,16:00,KFUM Oslo,Molde,2,4,A,,,,3.2,3.75,2.2,2.99,3.53,2.09,3.35,4,2.18,3.2,3.6,2.1,,,,,,,,
NOR,Eliteserien,2026,26/07/2026,16:00,Sandefjord,Bodo/Glimt,0,3,A,,,,8,5.75,1.36,7.17,5.23,1.31,9.2,6.2,1.35,7.5,5,1.36,,,,,,,,
NOR,Eliteserien,2026,26/07/2026,16:00,Sarpsborg 08,HamKam,1,0,H,,,,1.67,4.1,4.75,1.63,3.93,4.41,1.75,4.4,4.9,1.67,4.1,4.5,,,,,,,,
NOR,Eliteserien,2026,26/07/2026,18:15,Aalesund,Viking,1,1,D,,,,5.5,4.75,1.55,4.99,4.44,1.5,5.6,4.8,1.6,5,4.75,1.55,,,,,,,,
NOR,Eliteserien,2026,27/07/2026,18:00,Rosenborg,Fredrikstad,4,0,H,,,,1.52,4.33,5.75,1.49,4.17,5.5,1.55,4.8,6.4,1.5,4.2,5.75,,,,,,,,
NOR,Eliteserien,2026,31/07/2026,18:00,Valerenga,HamKam,0,3,A,,,,1.6,4.33,5.25,1.55,4.2,4.87,1.61,4.8,5.7,1.57,4.33,5.25,,,,,,,,
NOR,Eliteserien,2026,31/07/2026,20:00,Bodo/Glimt,Lillestrom,4,0,H,,,,1.23,7.5,11,1.2,6.73,9.76,1.23,8.6,13,1.2,7.5,10,,,,,,,,
NOR,Eliteserien,2026,01/08/2026,15:00,Fredrikstad,Sandefjord,1,0,H,,,,2.35,3.5,3,2.28,3.36,2.81,2.44,3.65,3.1,2.3,3.5,2.9,,,,,,,,
NOR,Eliteserien,2026,01/08/2026,17:00,Start,Viking,0,3,A,,,,5.5,4.75,1.53,5.21,4.44,1.48,5.9,5.1,1.57,5.25,4.75,1.48,,,,,,,,
NOR,Eliteserien,2026,02/08/2026,16:00,Aalesund,Tromso,2,6,A,,,,3.6,3.8,1.91,3.5,3.67,1.87,3.9,4,1.98,3.6,3.8,1.91,,,,,,,,
NOR,Eliteserien,2026,02/08/2026,16:00,KFUM Oslo,Kristiansund,2,1,H,,,,1.78,4.1,4.33,1.73,3.74,4.08,1.83,4.1,4.5,1.73,4.1,4.33,,,,,,,,
NOR,Eliteserien,2026,02/08/2026,16:00,Molde,Sarpsborg 08,3,3,D,,,,1.63,4.5,5,1.58,4.14,4.62,1.65,4.6,5.4,1.6,4.5,5,,,,,,,,
NOR,Eliteserien,2026,02/08/2026,18:15,Brann,Rosenborg,3,2,H,,,,2.1,3.75,3.3,2.01,3.62,3.16,2.12,4.1,3.5,2.1,3.6,3.2,,,,,,,,
NOR,Eliteserien,2026,07/08/2026,18:00,Sandefjord,KFUM Oslo,0,1,A,,,,2.18,3.6,3.1,2.14,3.5,2.99,2.34,3.7,3.25,2.15,3.6,3,,,,,,,,
NOR,Eliteserien,2026,08/08/2026,13:00,Valerenga,Bodo/Glimt,1,2,A,,,,5.75,5,1.51,5.25,4.7,1.46,6,5.5,1.52,5.25,4.75,1.5,,,,,,,,
NOR,Eliteserien,2026,08/08/2026,15:00,Viking,Sarpsborg 08,2,1,H,,,,1.39,5.5,7.5,1.36,5.16,6.49,1.41,6,7.6,1.38,5.25,6.5,,,,,,,,
NOR,Eliteserien,2026,08/08/2026,17:00,Start,Fredrikstad,0,1,A,,,,1.98,3.5,3.75,1.94,3.44,3.54,2.08,3.7,3.95,1.95,3.5,3.75,,,,,,,,
NOR,Eliteserien,2026,09/08/2026,13:30,Lillestrom,Rosenborg,0,2,A,,,,2.55,3.6,2.65,2.43,3.48,2.56,2.62,3.75,2.78,2.55,3.5,2.55,,,,,,,,
NOR,Eliteserien,2026,09/08/2026,16:00,HamKam,Aalesund,1,1,D,,,,2.1,3.8,3.25,2.03,3.7,3.05,2.18,4,3.3,2.05,3.6,3.25,,,,,,,,
NOR,Eliteserien,2026,09/08/2026,18:15,Kristiansund,Molde,2,1,H,,,,4.75,4.2,1.67,4.41,4,1.63,5.2,4.4,1.71,4.5,4.1,1.67,,,,,,,,
NOR,Eliteserien,2026,14/08/2026,18:00,Rosenborg,Viking,2,1,H,,,,2.15,3.75,3.1,2.1,3.64,3,2.22,3.95,3.3,2.1,3.7,3.1,,,,,,,,
NOR,Eliteserien,2026,15/08/2026,15:00,KFUM Oslo,Lillestrom,1,1,D,,,,3.4,3.8,2.05,3.29,3.63,1.97,3.6,4,2.08,3.4,3.7,2,,,,,,,,
NOR,Eliteserien,2026,16/08/2026,13:30,Aalesund,Valerenga,5,5,D,,,,2.65,4,2.45,2.53,3.76,2.37,2.72,4.1,2.52,2.63,3.7,2.45,,,,,,,,
NOR,Eliteserien,2026,16/08/2026,16:00,Brann,HamKam,3,0,H,,,,1.54,4.5,5.75,1.51,4.21,5.47,1.59,4.7,6.2,1.53,4.2,5.75,,,,,,,,
NOR,Eliteserien,2026,16/08/2026,16:00,Molde,Tromso,3,2,H,,,,1.95,4,3.7,1.87,3.83,3.47,1.98,4.2,3.75,1.85,3.9,3.7,,,,,,,,
NOR,Eliteserien,2026,16/08/2026,16:00,Sarpsborg 08,Sandefjord,1,2,A,,,,1.78,4.1,4.2,1.73,3.97,3.85,1.85,4.3,4.3,1.75,4.1,3.9,,,,,,,,
NOR,Eliteserien,2026,16/08/2026,18:15,Fredrikstad,Kristiansund,1,0,H,,,,1.75,3.9,4.5,1.71,3.76,4.27,1.78,4,4.9,1.7,3.9,4.5,,,,,,,,
NOR,Eliteserien,2026,30/08/2026,13:30,Bodo/Glimt,Rosenborg,4,2,H,,,,1.36,6,7.5,1.31,5.62,6.86,1.34,6.6,9,1.36,5.75,6.5,,,,,,,,
NOR,Eliteserien,2026,30/08/2026,16:00,HamKam,Kristiansund,2,2,D,,,,1.85,3.9,4,1.82,3.62,3.81,1.93,3.95,4.3,1.83,3.9,3.75,,,,,,,,
NOR,Eliteserien,2026,30/08/2026,16:00,Sandefjord,Brann,0,0,D,,,,3.7,4.1,1.9,3.49,3.89,1.83,3.8,4.3,1.94,3.5,4.1,1.85,,,,,,,,
NOR,Eliteserien,2026,30/08/2026,16:00,Start,KFUM Oslo,4,1,H,,,,1.85,3.75,4.2,1.79,3.57,3.95,1.91,3.95,4.3,1.85,3.6,4.1,,,,,,,,
NOR,Eliteserien,2026,30/08/2026,16:00,Tromso,Sarpsborg 08,0,0,D,,,,1.8,4,4.6,1.74,3.74,4.08,1.84,4.1,4.5,1.8,3.75,4.2,,,,,,,,
NOR,Eliteserien,2026,30/08/2026,16:00,Valerenga,Molde,3,4,A,,,,2.9,4,2.2,2.72,3.9,2.15,2.98,4.3,2.26,2.9,3.9,2.15,,,,,,,,
NOR,Eliteserien,2026,30/08/2026,16:00,Viking,Aalesund,2,1,H,,,,1.3,6.25,8,1.28,5.95,7.45,1.32,6.6,9.8,1.29,6.25,7.5,,,,,,,,
NOR,Eliteserien,2026,30/08/2026,18:15,Lillestrom,Fredrikstad,1,4,A,,,,1.75,4,4.5,1.69,3.76,4.31,1.81,4.1,4.8,1.7,4,4.5,,,,,,,,
NOR,Eliteserien,2026,04/09/2026,18:00,Aalesund,Start,2,0,H,,,,2.1,4,3.1,2.03,3.7,3.06,2.18,4,3.25,2.05,4,3.1,,,,,,,,
NOR,Eliteserien,2026,04/09/2026,18:00,Fredrikstad,Bodo/Glimt,1,2,A,,,,9,5.75,1.31,8.03,5.47,1.28,9.6,6.2,1.35,8,5.5,1.3,,,,,,,,
NOR,Eliteserien,2026,04/09/2026,20:00,Sandefjord,Viking,1,1,D,,,,3.8,4,1.9,3.61,3.84,1.81,4,4.2,1.93,3.6,3.9,1.85,,,,,,,,
NOR,Eliteserien,2026,05/09/2026,15:00,Rosenborg,HamKam,4,0,H,,,,1.33,5.75,9,1.28,5.37,8.24,1.35,6,9.8,1.29,5.5,8.5,,,,,,,,
NOR,Eliteserien,2026,05/09/2026,17:00,Brann,Lillestrom,1,2,A,,,,1.85,4.1,3.8,1.8,3.93,3.65,1.94,4.3,3.85,1.85,3.8,3.75,,,,,,,,
NOR,Eliteserien,2026,06/09/2026,16:00,Molde,KFUM Oslo,2,0,H,,,,1.31,6,9.4,1.27,5.6,8.4,1.34,6.2,9.4,1.3,5.25,9,,,,,,,,
NOR,Eliteserien,2026,06/09/2026,16:00,Sarpsborg 08,Valerenga,2,2,D,,,,1.91,4.2,3.5,1.86,4.02,3.33,1.96,4.4,3.75,1.85,4,3.5,,,,,,,,
NOR,Eliteserien,2026,06/09/2026,18:15,Kristiansund,Tromso,2,0,H,,,,3.6,3.7,2,3.42,3.51,1.97,3.75,3.75,2.1,3.4,3.7,2,,,,,,,,
NOR,Eliteserien,2026,12/09/2026,15:00,Lillestrom,Valerenga,2,0,H,,,,1.9,4.2,3.5,1.84,3.98,3.38,1.95,4.3,3.7,1.9,4,3.5,,,,,,,,
NOR,Eliteserien,2026,12/09/2026,17:00,Rosenborg,Tromso,5,3,H,,,,1.66,4,5.25,1.62,3.89,4.67,1.71,4.2,5.3,1.62,3.9,5.25,,,,,,,,
NOR,Eliteserien,2026,13/09/2026,13:30,Viking,Kristiansund,8,1,H,,,,1.23,8,13,1.19,6.77,10.47,1.23,8,13.5,1.2,8,9.5,,,,,,,,
NOR,Eliteserien,2026,13/09/2026,16:00,HamKam,Molde,1,5,A,,,,4.5,4.5,1.67,4.29,4.15,1.63,4.7,4.6,1.73,4.5,4.1,1.65,,,,,,,,
NOR,Eliteserien,2026,13/09/2026,16:00,KFUM Oslo,Aalesund,2,1,H,,,,2.5,3.75,2.63,2.38,3.61,2.54,2.58,3.85,2.76,2.5,3.7,2.55,,,,,,,,
NOR,Eliteserien,2026,13/09/2026,16:00,Start,Brann,2,0,H,,,,3.9,4.2,1.85,3.7,3.84,1.79,4,4.3,1.89,3.9,3.9,1.8,,,,,,,,
NOR,Eliteserien,2026,13/09/2026,18:15,Fredrikstad,Sarpsborg 08,1,1,D,,,,2.55,3.55,2.63,2.49,3.43,2.51,2.66,3.8,2.72,2.55,3.5,2.55,,,,,,,,
NOR,Eliteserien,2026,14/09/2026,18:00,Bodo/Glimt,Sandefjord,3,2,H,,,,1.13,11,18,1.1,9.42,15.19,1.13,11.5,23,1.11,11,15,,,,,,,,
NOR,Eliteserien,2026,18/09/2026,18:00,Sarpsborg 08,KFUM Oslo,1,3,A,,,,1.62,4.25,5.66,1.56,4.03,5.01,1.63,4.4,6,1.62,4,5.25,,,,,,,,
NOR,Eliteserien,2026,19/09/2026,15:00,Kristiansund,Rosenborg,1,3,A,,,,5.5,4.5,1.55,4.97,4.36,1.52,5.5,4.8,1.62,5.5,4.33,1.53,,,,,,,,
NOR,Eliteserien,2026,19/09/2026,17:00,Molde,Aalesund,1,2,A,,,,1.37,6.5,7.5,1.32,5.54,6.54,1.39,6.2,8,1.33,5.75,6.5,,,,,,,,
NOR,Eliteserien,2026,20/09/2026,13:30,Valerenga,Fredrikstad,1,1,D,,,,1.93,4,3.7,1.87,3.78,3.44,1.97,4.1,3.85,1.85,3.9,3.7,,,,,,,,
NOR,Eliteserien,2026,20/09/2026,16:00,Sandefjord,Start,3,0,H,,,,2.2,3.6,3.14,2.15,3.44,3.01,2.26,3.65,3.3,2.2,3.6,3.1,,,,,,,,
NOR,Eliteserien,2026,20/09/2026,16:00,Tromso,HamKam,3,2,H,,,,1.45,4.75,7,1.41,4.54,6.34,1.47,5.1,7.6,1.44,4.75,6.5,,,,,,,,
NOR,Eliteserien,2026,20/09/2026,16:00,Viking,Lillestrom,3,0,H,,,,1.31,6,8.5,1.27,5.82,7.95,1.33,6.8,9.4,1.27,5.75,8.5,,,,,,,,
NOR,Eliteserien,2026,20/09/2026,18:15,Brann,Bodo/Glimt,2,1,H,,,,5,4.8,1.55,4.77,4.62,1.52,5.4,5.2,1.58,5,4.5,1.55,,,,,,,,
