Country,League,Season,Date,Time,Home,Away,HG,AG,Res,PSCH,PSCD,PSCA,MaxCH,MaxCD,MaxCA,AvgCH,AvgCD,AvgCA,BFECH,BFECD,BFECA,B365CH,B365CD,B365CA
ROU,Superliga,2020/2021,21/08/2020,16:15,FC Arges,FC Botosani,2,3,A,,,,4.21,3.42,2.02,3.93,3.23,1.93,,,,,,
ROU,Superliga,2020/2021,22/08/2020,13:30,Viitorul Constanta,UTA Arad,1,1,D,1.4,4.89,8.07,1.45,4.89,8.5,1.39,4.54,7.1,,,,,,
ROU,Superliga,2020/2021,22/08/2020,16:00,Sepsi Sf. Gheorghe,U Craiova,0,1,A,3.91,3.27,2.09,4,3.42,2.13,3.63,3.21,2.02,,,,,,
ROU,Superliga,2020/2021,22/08/2020,19:00,Astra,FCSB,0,3,A,4.23,3.62,1.9,4.5,3.62,1.95,3.92,3.41,1.88,,,,,,
ROU,Superliga,2020/2021,23/08/2020,14:00,Poli Iasi,Chindia Targoviste,1,0,H,2.49,3.1,3.17,2.49,3.22,3.5,2.31,3.03,3.13,,,,,,
ROU,Superliga,2020/2021,23/08/2020,16:00,Academica Clinceni,CFR Cluj,1,2,A,9.72,4.39,1.4,10.5,4.74,1.44,8.74,4.35,1.36,,,,,,
ROU,Superliga,2020/2021,24/08/2020,16:00,FC Voluntari,Gaz Metan Medias,2,1,H,2.15,3.26,3.74,2.15,3.38,4.2,2.05,3.18,3.62,,,,,,
ROU,Superliga,2020/2021,24/08/2020,19:00,Din. Bucuresti,FC Hermannstadt,1,1,D,2.58,3.04,3.05,2.6,3.2,3.05,2.49,3.02,2.85,,,,,,
ROU,Superliga,2020/2021,28/08/2020,16:00,Gaz Metan Medias,FC Arges,2,0,H,,,,2.21,3.36,3.9,2.06,3.17,3.59,,,,,,
ROU,Superliga,2020/2021,28/08/2020,19:00,UTA Arad,FC Voluntari,0,0,D,2.47,3.31,3.1,2.47,3.31,3.2,2.34,3.17,2.96,,,,,,
ROU,Superliga,2020/2021,29/08/2020,16:00,FC Hermannstadt,Academica Clinceni,2,2,D,1.87,3.31,4.85,1.87,3.6,5,1.79,3.31,4.57,,,,,,
ROU,Superliga,2020/2021,29/08/2020,19:00,CFR Cluj,Sepsi Sf. Gheorghe,0,0,D,1.73,3.39,5.8,1.75,3.74,6,1.68,3.35,5.31,,,,,,
ROU,Superliga,2020/2021,30/08/2020,13:30,FC Botosani,Poli Iasi,4,0,H,1.51,3.72,6.06,1.57,4,15.25,1.51,3.78,6.46,,,,,,
ROU,Superliga,2020/2021,30/08/2020,16:00,U Craiova,Astra,2,0,H,1.63,3.9,5.8,1.63,3.96,6,1.57,3.8,5.52,,,,,,
ROU,Superliga,2020/2021,30/08/2020,19:00,FCSB,Viitorul Constanta,3,0,H,1.81,3.67,4.55,1.87,3.68,5,1.8,3.47,4.24,,,,,,
ROU,Superliga,2020/2021,31/08/2020,19:00,Chindia Targoviste,Din. Bucuresti,1,0,H,5.43,3.92,1.65,5.75,4.1,1.65,5.2,3.82,1.6,,,,,,
ROU,Superliga,2020/2021,11/09/2020,16:00,FC Arges,UTA Arad,1,1,D,,,,2.81,3.1,3.04,2.58,2.97,2.8,,,,,,
ROU,Superliga,2020/2021,11/09/2020,19:00,Din. Bucuresti,FC Botosani,1,1,D,2.65,3.15,2.92,2.65,3.32,3,2.5,3.1,2.77,,,,,,
ROU,Superliga,2020/2021,12/09/2020,13:30,Academica Clinceni,Chindia Targoviste,0,0,D,2.47,3.13,3.19,2.47,3.24,3.19,2.38,3.04,3.01,,,,,,
ROU,Superliga,2020/2021,12/09/2020,16:00,Poli Iasi,Gaz Metan Medias,1,4,A,2.57,3.02,3.25,2.57,3.2,3.25,2.45,2.96,3,,,,,,
ROU,Superliga,2020/2021,12/09/2020,19:00,FC Voluntari,FCSB,2,1,H,7.56,4.6,1.47,8,4.6,1.56,6.88,4.31,1.42,,,,,,
ROU,Superliga,2020/2021,13/09/2020,17:00,Astra,Sepsi Sf. Gheorghe,2,2,D,3.02,3.19,2.62,3.02,3.25,2.72,2.77,3.02,2.55,,,,,,
ROU,Superliga,2020/2021,13/09/2020,19:30,CFR Cluj,FC Hermannstadt,1,0,H,1.5,4.17,7.94,1.52,4.3,8,1.47,3.93,6.79,,,,,,
ROU,Superliga,2020/2021,14/09/2020,19:00,Viitorul Constanta,U Craiova,1,4,A,2.94,3.33,2.58,3.12,3.33,2.58,2.9,3.13,2.41,,,,,,
ROU,Superliga,2020/2021,18/09/2020,16:00,Chindia Targoviste,FC Hermannstadt,1,3,A,2.97,2.99,2.81,3.04,3.2,2.81,2.81,2.95,2.61,,,,,,
ROU,Superliga,2020/2021,18/09/2020,19:00,Astra,CFR Cluj,0,2,A,6.69,4.04,1.57,7.5,4.32,1.57,6.27,3.93,1.5,,,,,,
ROU,Superliga,2020/2021,19/09/2020,17:00,Sepsi Sf. Gheorghe,Viitorul Constanta,1,1,D,2.43,3.14,3.37,2.43,3.28,3.37,2.34,3.05,3.08,,,,,,
ROU,Superliga,2020/2021,19/09/2020,19:45,U Craiova,FC Voluntari,2,1,H,1.61,4.14,5.92,1.61,4.26,6.28,1.58,3.88,5.31,,,,,,
ROU,Superliga,2020/2021,20/09/2020,14:30,FC Botosani,Academica Clinceni,0,0,D,1.78,3.76,4.93,1.8,3.76,4.93,1.75,3.48,4.5,,,,,,
ROU,Superliga,2020/2021,20/09/2020,16:45,UTA Arad,Poli Iasi,2,3,A,2.29,3.23,3.54,2.29,3.39,4.35,2.18,3.11,3.35,,,,,,
ROU,Superliga,2020/2021,20/09/2020,19:30,FCSB,FC Arges,3,0,H,,,,2.2,5,3.8,1.88,4.18,3.4,,,,,,
ROU,Superliga,2020/2021,21/09/2020,19:00,Gaz Metan Medias,Din. Bucuresti,1,3,A,3.92,3.33,2.11,4,3.4,2.13,3.68,3.24,2.01,,,,,,
ROU,Superliga,2020/2021,25/09/2020,16:00,FC Voluntari,Sepsi Sf. Gheorghe,1,2,A,2.95,3.1,2.74,2.95,3.22,2.74,2.76,3.04,2.57,,,,,,
ROU,Superliga,2020/2021,25/09/2020,19:00,FC Arges,U Craiova,1,2,A,7.65,4.47,1.48,7.65,4.54,1.48,6.72,4.24,1.44,,,,,,
ROU,Superliga,2020/2021,26/09/2020,12:45,Academica Clinceni,Gaz Metan Medias,2,0,H,2.45,3.13,3.33,2.6,3.22,3.33,2.44,3,2.97,,,,,,
ROU,Superliga,2020/2021,26/09/2020,19:30,Viitorul Constanta,Astra,4,1,H,1.72,3.87,5.24,1.76,3.87,5.4,1.7,3.64,4.62,,,,,,
ROU,Superliga,2020/2021,27/09/2020,17:00,CFR Cluj,Chindia Targoviste,0,0,D,1.35,4.69,12.43,1.35,4.86,12.43,1.32,4.5,10.01,,,,,,
ROU,Superliga,2020/2021,27/09/2020,19:45,Poli Iasi,FCSB,5,2,H,3.36,4.03,2.07,3,3.7,2.4,2.84,3.38,2.32,,,,,,
ROU,Superliga,2020/2021,28/09/2020,16:00,FC Hermannstadt,FC Botosani,2,1,H,3.88,3.35,2.12,3.88,3.4,2.41,3.3,3.15,2.18,,,,,,
ROU,Superliga,2020/2021,28/09/2020,19:00,Din. Bucuresti,UTA Arad,0,1,A,1.57,3.89,7.13,1.57,4.2,7.64,1.51,3.83,6.43,,,,,,
ROU,Superliga,2020/2021,02/10/2020,19:00,U Craiova,Poli Iasi,1,0,H,1.55,4.27,6.57,1.55,4.79,7,1.49,4.18,5.84,,,,,,
ROU,Superliga,2020/2021,03/10/2020,13:30,Sepsi Sf. Gheorghe,FC Arges,1,0,H,1.64,3.87,6.18,1.65,3.9,6.18,1.61,3.63,5.43,,,,,,
ROU,Superliga,2020/2021,03/10/2020,16:00,Astra,FC Voluntari,2,3,A,3.04,3.45,2.45,3.1,3.45,2.45,2.89,3.28,2.31,,,,,,
ROU,Superliga,2020/2021,03/10/2020,19:00,FCSB,Din. Bucuresti,3,2,H,2.12,3.53,3.66,2.18,3.54,3.66,2.11,3.34,3.26,,,,,,
ROU,Superliga,2020/2021,04/10/2020,11:30,FC Botosani,Chindia Targoviste,0,2,A,1.71,3.65,5.77,1.72,3.74,6,1.66,3.49,5.29,,,,,,
ROU,Superliga,2020/2021,04/10/2020,16:30,Gaz Metan Medias,FC Hermannstadt,1,1,D,2.76,3.19,2.84,2.76,3.2,2.84,2.64,3.01,2.7,,,,,,
ROU,Superliga,2020/2021,04/10/2020,19:30,Viitorul Constanta,CFR Cluj,1,1,D,3.85,3.53,2.06,4,3.6,2.1,3.55,3.34,2,,,,,,
ROU,Superliga,2020/2021,05/10/2020,19:00,UTA Arad,Academica Clinceni,0,0,D,2.64,3.26,2.92,2.64,3.26,2.95,2.5,3.07,2.81,,,,,,
ROU,Superliga,2020/2021,16/10/2020,19:00,FC Arges,Astra,1,0,H,2.66,3.39,2.81,2.7,3.39,3,2.49,3.21,2.71,,,,,,
ROU,Superliga,2020/2021,17/10/2020,12:00,Chindia Targoviste,Gaz Metan Medias,1,0,H,2.79,3.16,2.84,3,3.24,2.84,2.86,3.02,2.52,,,,,,
ROU,Superliga,2020/2021,17/10/2020,14:30,Poli Iasi,Sepsi Sf. Gheorghe,1,4,A,3.99,3.28,2.11,4.1,3.4,2.11,3.71,3.23,2.02,,,,,,
ROU,Superliga,2020/2021,17/10/2020,19:30,CFR Cluj,FC Botosani,2,1,H,1.15,7.24,26.98,1.2,8,27.26,1.15,6.66,19.35,,,,,,
ROU,Superliga,2020/2021,18/10/2020,16:45,FC Hermannstadt,UTA Arad,1,1,D,1.77,3.65,5.24,1.97,3.65,5.24,1.8,3.34,4.44,,,,,,
ROU,Superliga,2020/2021,18/10/2020,19:30,Din. Bucuresti,U Craiova,0,1,A,2.4,3.43,3.13,2.51,3.48,3.13,2.33,3.25,2.89,,,,,,
ROU,Superliga,2020/2021,19/10/2020,16:00,FC Voluntari,Viitorul Constanta,0,2,A,3.6,3.56,2.13,3.7,3.72,2.13,3.45,3.42,2.01,,,,,,
ROU,Superliga,2020/2021,19/10/2020,19:00,Academica Clinceni,FCSB,0,2,A,5.77,4.03,1.64,6,4.12,1.65,5.26,3.8,1.6,,,,,,
ROU,Superliga,2020/2021,23/10/2020,16:00,Gaz Metan Medias,FC Botosani,1,2,A,3.63,2.99,2.4,3.65,3.25,2.45,3.27,2.93,2.3,,,,,,
ROU,Superliga,2020/2021,23/10/2020,19:00,U Craiova,Academica Clinceni,0,1,A,1.57,3.83,7.4,1.58,3.94,7.4,1.54,3.74,6.12,,,,,,
ROU,Superliga,2020/2021,24/10/2020,12:00,UTA Arad,Chindia Targoviste,1,0,H,2.64,2.91,3.27,2.64,3.15,3.27,2.49,2.87,3.02,,,,,,
ROU,Superliga,2020/2021,24/10/2020,17:30,Astra,Poli Iasi,4,0,H,2.24,3.7,3.21,2.24,3.7,3.32,2.15,3.43,3.08,,,,,,
ROU,Superliga,2020/2021,24/10/2020,19:45,Sepsi Sf. Gheorghe,Din. Bucuresti,2,0,H,2.65,3.26,2.91,2.66,3.28,2.97,2.54,3.07,2.76,,,,,,
ROU,Superliga,2020/2021,25/10/2020,16:45,Viitorul Constanta,FC Arges,2,2,D,1.5,4.26,7.62,1.52,4.33,7.63,1.47,4.1,6.46,,,,,,
ROU,Superliga,2020/2021,25/10/2020,19:30,FC Voluntari,CFR Cluj,0,1,A,5.5,3.58,1.76,5.75,3.88,1.77,4.99,3.53,1.68,,,,,,
ROU,Superliga,2020/2021,26/10/2020,19:00,FCSB,FC Hermannstadt,5,0,H,1.51,4.24,7.61,1.51,4.48,7.61,1.45,4.13,6.56,,,,,,
ROU,Superliga,2020/2021,30/10/2020,16:00,FC Arges,FC Voluntari,2,1,H,3.31,3.21,2.41,3.38,3.33,2.41,3.08,3.13,2.3,,,,,,
ROU,Superliga,2020/2021,31/10/2020,10:30,Academica Clinceni,Sepsi Sf. Gheorghe,2,0,H,4.34,3.23,2.05,4.34,3.3,2.06,3.88,3.14,1.99,,,,,,
ROU,Superliga,2020/2021,31/10/2020,17:15,FC Botosani,UTA Arad,2,3,A,1.83,3.4,5.23,1.85,3.47,5.5,1.75,3.34,4.77,,,,,,
ROU,Superliga,2020/2021,31/10/2020,19:45,FC Hermannstadt,U Craiova,0,1,A,3.87,3.42,2.09,3.9,3.44,2.15,3.59,3.27,2.03,,,,,,
ROU,Superliga,2020/2021,01/11/2020,16:00,Poli Iasi,Viitorul Constanta,0,3,A,3.23,3.33,2.39,3.23,3.4,2.72,2.89,3.23,2.36,,,,,,
ROU,Superliga,2020/2021,01/11/2020,19:00,CFR Cluj,Gaz Metan Medias,1,2,A,1.3,5.4,12.96,1.3,5.55,13,1.26,5.14,11.43,,,,,,
ROU,Superliga,2020/2021,02/11/2020,19:00,Chindia Targoviste,FCSB,0,2,A,6.64,4.15,1.52,7.5,4.43,1.55,6.09,4.05,1.49,,,,,,
ROU,Superliga,2020/2021,06/11/2020,15:00,Astra,Academica Clinceni,0,2,A,2.49,3.42,2.86,2.88,3.78,2.9,2.38,3.4,2.73,,,,,,
ROU,Superliga,2020/2021,06/11/2020,19:30,U Craiova,Chindia Targoviste,0,1,A,1.84,3.25,5.56,1.86,3.6,5.56,1.77,3.23,4.87,,,,,,
ROU,Superliga,2020/2021,07/11/2020,12:30,FC Voluntari,Poli Iasi,4,0,H,2.07,3.42,3.97,2.17,3.42,3.97,2.05,3.19,3.55,,,,,,
ROU,Superliga,2020/2021,07/11/2020,15:00,Sepsi Sf. Gheorghe,FC Hermannstadt,1,1,D,1.83,3.35,5.37,1.84,3.5,5.37,1.78,3.27,4.69,,,,,,
ROU,Superliga,2020/2021,07/11/2020,19:45,FCSB,FC Botosani,4,1,H,1.43,4.75,8.27,1.43,4.75,8.5,1.4,4.37,7.23,,,,,,
ROU,Superliga,2020/2021,08/11/2020,16:00,FC Arges,CFR Cluj,0,2,A,7.49,3.92,1.56,7.8,4,1.57,6.58,3.71,1.52,,,,,,
ROU,Superliga,2020/2021,08/11/2020,19:00,Viitorul Constanta,Din. Bucuresti,2,1,H,2.77,3.29,2.76,2.77,3.39,2.85,2.6,3.17,2.62,,,,,,
ROU,Superliga,2020/2021,09/11/2020,18:30,UTA Arad,Gaz Metan Medias,1,3,A,2.36,3.24,3.39,2.38,3.24,3.4,2.28,3.06,3.18,,,,,,
ROU,Superliga,2020/2021,14/11/2020,19:00,Din. Bucuresti,Astra,1,1,D,1.8,3.7,4.88,1.81,3.7,4.95,1.73,3.53,4.52,,,,,,
ROU,Superliga,2020/2021,20/11/2020,15:30,Poli Iasi,FC Arges,1,1,D,2.38,3.1,3.52,2.41,3.25,3.52,2.29,3.05,3.18,,,,,,
ROU,Superliga,2020/2021,20/11/2020,18:30,Din. Bucuresti,FC Voluntari,3,0,H,2.23,3.4,3.51,2.31,3.47,3.51,2.18,3.25,3.19,,,,,,
ROU,Superliga,2020/2021,21/11/2020,11:00,Academica Clinceni,Viitorul Constanta,1,0,H,4.37,3.82,1.85,4.65,3.82,1.99,4.17,3.46,1.81,,,,,,
ROU,Superliga,2020/2021,21/11/2020,17:30,FC Botosani,U Craiova,0,0,D,5.48,3.62,1.69,6,3.62,1.75,5.04,3.47,1.68,,,,,,
ROU,Superliga,2020/2021,22/11/2020,15:00,FC Hermannstadt,Astra,0,1,A,2.77,3.32,2.74,2.84,3.32,2.74,2.68,3.14,2.57,,,,,,
ROU,Superliga,2020/2021,22/11/2020,18:00,CFR Cluj,UTA Arad,0,1,A,1.42,4.34,10.09,1.43,4.75,10.09,1.39,4.16,8.3,,,,,,
ROU,Superliga,2020/2021,23/11/2020,16:00,Chindia Targoviste,Sepsi Sf. Gheorghe,1,2,A,4.23,3.09,2.14,4.5,3.15,2.17,4.02,3,2,,,,,,
ROU,Superliga,2020/2021,23/11/2020,19:00,Gaz Metan Medias,FCSB,2,3,A,7.39,4.2,1.52,7.5,4.5,1.52,6.62,4.13,1.45,,,,,,
ROU,Superliga,2020/2021,04/12/2020,15:15,FC Voluntari,Academica Clinceni,3,3,D,5.1,3.7,1.6,7.5,4.8,1.65,6.14,4.07,1.48,,,,,,
ROU,Superliga,2020/2021,04/12/2020,18:30,FC Arges,Din. Bucuresti,0,1,A,3.78,3.23,2.18,3.78,3.26,2.37,3.33,3.12,2.18,,,,,,
ROU,Superliga,2020/2021,05/12/2020,12:30,Sepsi Sf. Gheorghe,FC Botosani,2,2,D,2.07,3.35,3.96,2.15,3.34,4.02,2.03,3.17,3.63,,,,,,
ROU,Superliga,2020/2021,05/12/2020,19:30,FCSB,UTA Arad,3,0,H,1.36,5.03,9.53,1.36,5.94,9.6,1.32,4.93,8.4,,,,,,
ROU,Superliga,2020/2021,06/12/2020,16:30,Poli Iasi,CFR Cluj,0,2,A,9.53,4.1,1.45,9.53,4.3,1.46,8.16,3.98,1.41,,,,,,
ROU,Superliga,2020/2021,07/12/2020,14:45,Astra,Chindia Targoviste,0,0,D,2.43,2.97,3.51,2.43,3.2,3.53,2.31,2.96,3.22,,,,,,
ROU,Superliga,2020/2021,07/12/2020,17:00,U Craiova,Gaz Metan Medias,3,1,H,1.5,4.42,6.99,1.52,4.53,6.99,1.47,4.11,6.2,,,,,,
ROU,Superliga,2020/2021,11/12/2020,16:00,FC Botosani,Astra,1,1,D,2.42,3.14,3.31,2.45,3.24,3.31,2.35,3.07,3.02,,,,,,
ROU,Superliga,2020/2021,11/12/2020,18:30,Din. Bucuresti,Poli Iasi,4,1,H,1.75,3.76,5.01,1.83,3.77,5.01,1.74,3.53,4.47,,,,,,
ROU,Superliga,2020/2021,12/12/2020,15:00,Gaz Metan Medias,Sepsi Sf. Gheorghe,0,3,A,3.71,3.29,2.17,4,3.36,2.17,3.59,3.15,2.06,,,,,,
ROU,Superliga,2020/2021,12/12/2020,17:30,Chindia Targoviste,Viitorul Constanta,1,1,D,4.95,3.43,1.85,5.15,3.5,1.91,4.51,3.29,1.8,,,,,,
ROU,Superliga,2020/2021,13/12/2020,09:30,Academica Clinceni,FC Arges,1,0,H,2.04,3.36,4.07,2.13,3.42,4.07,2.02,3.22,3.65,,,,,,
ROU,Superliga,2020/2021,13/12/2020,16:15,FC Hermannstadt,FC Voluntari,3,2,H,3.47,3.53,2.11,4.2,3.5,2.1,3.65,3.3,1.96,,,,,,
ROU,Superliga,2020/2021,13/12/2020,19:00,CFR Cluj,FCSB,2,0,H,2.59,3.01,3.19,2.59,3.07,3.24,2.45,2.94,3,,,,,,
ROU,Superliga,2020/2021,14/12/2020,17:00,UTA Arad,U Craiova,1,2,A,5.86,3.62,1.69,6,3.72,1.7,5.48,3.51,1.63,,,,,,
ROU,Superliga,2020/2021,15/12/2020,16:45,Astra,Gaz Metan Medias,3,0,H,2.3,3.27,3.42,2.38,3.35,3.42,2.27,3.13,3.1,,,,,,
ROU,Superliga,2020/2021,15/12/2020,19:00,Viitorul Constanta,FC Botosani,1,2,A,1.97,3.56,3.89,2.02,3.56,4.33,1.93,3.38,3.7,,,,,,
ROU,Superliga,2020/2021,16/12/2020,13:00,Poli Iasi,Academica Clinceni,0,0,D,2.99,3.18,2.61,3.01,3.29,2.62,2.86,3.06,2.47,,,,,,
ROU,Superliga,2020/2021,16/12/2020,15:00,FC Arges,FC Hermannstadt,2,2,D,2.8,3.03,2.9,2.84,3.15,3.02,2.57,2.95,2.84,,,,,,
ROU,Superliga,2020/2021,16/12/2020,17:30,FC Voluntari,Chindia Targoviste,0,2,A,2.89,3.19,2.67,2.95,3.25,2.7,2.74,3.07,2.57,,,,,,
ROU,Superliga,2020/2021,17/12/2020,15:30,Sepsi Sf. Gheorghe,UTA Arad,3,0,H,1.53,3.93,6.95,1.56,4.05,8,1.49,3.86,6.53,,,,,,
ROU,Superliga,2020/2021,17/12/2020,18:30,Din. Bucuresti,CFR Cluj,0,2,A,4.77,3.27,1.93,4.77,3.44,1.94,4.34,3.21,1.85,,,,,,
ROU,Superliga,2020/2021,18/12/2020,18:30,U Craiova,FCSB,0,2,A,3.4,3.18,2.35,3.4,3.27,2.4,3.12,3.09,2.29,,,,,,
ROU,Superliga,2020/2021,19/12/2020,13:00,Chindia Targoviste,FC Arges,2,2,D,2.09,3.11,4.28,2.13,3.29,4.28,2.03,3.02,3.91,,,,,,
ROU,Superliga,2020/2021,19/12/2020,18:30,Gaz Metan Medias,Viitorul Constanta,1,0,H,4.95,3.88,1.74,4.95,3.96,1.75,4.53,3.7,1.7,,,,,,
ROU,Superliga,2020/2021,20/12/2020,12:00,FC Hermannstadt,Poli Iasi,0,1,A,2.5,3.16,3.16,2.5,3.25,3.38,2.35,3.05,3.05,,,,,,
ROU,Superliga,2020/2021,20/12/2020,14:30,FC Botosani,FC Voluntari,1,1,D,1.69,4.02,5.09,1.82,4.02,5.09,1.67,3.73,4.7,,,,,,
ROU,Superliga,2020/2021,20/12/2020,19:00,Academica Clinceni,Din. Bucuresti,1,1,D,3.44,3.28,2.28,3.5,3.34,2.3,3.27,3.14,2.2,,,,,,
ROU,Superliga,2020/2021,21/12/2020,15:30,UTA Arad,Astra,0,6,A,2.9,3.01,2.81,2.95,3.01,2.83,2.8,2.85,2.69,,,,,,
ROU,Superliga,2020/2021,21/12/2020,18:30,FCSB,Sepsi Sf. Gheorghe,1,1,D,1.71,3.67,5.21,1.75,3.98,5.5,1.69,3.59,4.79,,,,,,
ROU,Superliga,2020/2021,22/12/2020,19:00,CFR Cluj,U Craiova,0,0,D,1.8,3.32,5.57,1.85,3.42,5.6,1.76,3.27,4.92,,,,,,
ROU,Superliga,2020/2021,10/01/2021,17:00,Viitorul Constanta,FC Hermannstadt,2,1,H,1.62,3.97,5.97,1.62,4.22,6.19,1.57,3.82,5.46,,,,,,
ROU,Superliga,2020/2021,12/01/2021,15:00,Gaz Metan Medias,FC Voluntari,2,0,H,2.37,3.46,3.11,2.4,3.47,3.17,2.27,3.31,2.97,,,,,,
ROU,Superliga,2020/2021,12/01/2021,17:45,U Craiova,Sepsi Sf. Gheorghe,0,0,D,2.49,3.09,3.25,2.53,3.15,3.26,2.42,2.94,3.01,,,,,,
ROU,Superliga,2020/2021,13/01/2021,15:00,Chindia Targoviste,Poli Iasi,1,1,D,2.51,2.97,3.35,2.51,3.1,3.47,2.36,2.92,3.17,,,,,,
ROU,Superliga,2020/2021,13/01/2021,17:00,FC Hermannstadt,Din. Bucuresti,0,2,A,2.88,3.2,2.68,2.95,3.2,2.9,2.7,3.04,2.62,,,,,,
ROU,Superliga,2020/2021,14/01/2021,15:00,FC Botosani,FC Arges,0,1,A,1.68,3.62,6.04,1.69,3.96,6.12,1.61,3.61,5.51,,,,,,
ROU,Superliga,2020/2021,14/01/2021,18:00,CFR Cluj,Academica Clinceni,3,1,H,1.47,4.19,8.46,1.52,4.19,8.58,1.45,3.88,7.37,,,,,,
ROU,Superliga,2020/2021,15/01/2021,15:00,UTA Arad,Viitorul Constanta,0,0,D,4.51,3.57,1.87,4.51,3.75,1.89,4.16,3.47,1.81,,,,,,
ROU,Superliga,2020/2021,15/01/2021,18:00,FCSB,Astra,3,0,H,1.46,4.5,7.65,1.48,4.62,8,1.42,4.33,6.94,,,,,,
ROU,Superliga,2020/2021,16/01/2021,18:00,Din. Bucuresti,Chindia Targoviste,0,1,A,2.2,3.23,3.7,2.25,3.4,3.75,2.15,3.11,3.41,,,,,,
ROU,Superliga,2020/2021,17/01/2021,12:30,FC Arges,Gaz Metan Medias,1,1,D,2.66,2.94,3.15,2.66,3.15,3.15,2.5,2.91,2.95,,,,,,
ROU,Superliga,2020/2021,17/01/2021,14:45,Sepsi Sf. Gheorghe,CFR Cluj,0,1,A,3.45,3,2.44,3.45,3.07,2.45,3.22,2.89,2.35,,,,,,
ROU,Superliga,2020/2021,17/01/2021,17:00,Academica Clinceni,FC Hermannstadt,0,0,D,2.32,3.26,3.38,2.32,3.3,3.51,2.19,3.14,3.25,,,,,,
ROU,Superliga,2020/2021,18/01/2021,15:00,Poli Iasi,FC Botosani,0,1,A,3.18,3.34,2.38,3.21,3.34,2.41,3,3.15,2.32,,,,,,
ROU,Superliga,2020/2021,18/01/2021,18:00,Astra,U Craiova,1,1,D,4.31,3.31,2,4.31,3.44,2.01,3.98,3.23,1.92,,,,,,
ROU,Superliga,2020/2021,19/01/2021,15:00,FC Voluntari,UTA Arad,0,1,A,2.75,3.04,2.94,2.76,3.15,2.94,2.65,2.94,2.74,,,,,,
ROU,Superliga,2020/2021,19/01/2021,18:00,Viitorul Constanta,FCSB,2,2,D,3.66,3.46,2.12,4.12,3.88,2.13,3.57,3.42,1.97,,,,,,
ROU,Superliga,2020/2021,22/01/2021,15:00,Chindia Targoviste,Academica Clinceni,2,1,H,2.67,2.9,3.2,2.7,2.9,3.2,2.58,2.77,3,,,,,,
ROU,Superliga,2020/2021,22/01/2021,18:00,FCSB,FC Voluntari,2,1,H,1.2,7,15.68,1.21,7.34,17,1.18,6.49,13.28,,,,,,
ROU,Superliga,2020/2021,23/01/2021,10:30,Sepsi Sf. Gheorghe,Astra,4,1,H,1.96,3.37,4.35,2.06,3.37,4.55,1.92,3.17,4.13,,,,,,
ROU,Superliga,2020/2021,23/01/2021,14:30,UTA Arad,FC Arges,1,2,A,2.18,2.99,4.15,2.18,3,4.46,2.06,2.92,3.96,,,,,,
ROU,Superliga,2020/2021,23/01/2021,19:00,U Craiova,Viitorul Constanta,1,1,D,2.01,3.51,3.96,2.05,3.51,4,1.99,3.23,3.71,,,,,,
ROU,Superliga,2020/2021,24/01/2021,16:00,Gaz Metan Medias,Poli Iasi,2,1,H,2.22,3.05,3.92,2.23,3.34,4.22,2.08,3.01,3.74,,,,,,
ROU,Superliga,2020/2021,24/01/2021,18:00,FC Botosani,Din. Bucuresti,4,0,H,2.06,3.27,4.11,2.07,3.3,4.77,1.97,3.18,3.86,,,,,,
ROU,Superliga,2020/2021,25/01/2021,18:30,FC Hermannstadt,CFR Cluj,1,3,A,7.14,3.71,1.59,7.52,3.92,1.6,6.67,3.56,1.54,,,,,,
ROU,Superliga,2020/2021,26/01/2021,13:30,Viitorul Constanta,Sepsi Sf. Gheorghe,3,3,D,2.32,3.28,3.35,2.38,3.3,3.42,2.28,3.07,3.15,,,,,,
ROU,Superliga,2020/2021,26/01/2021,15:30,FC Voluntari,U Craiova,1,1,D,6.71,4.07,1.56,6.71,4.07,1.65,5.9,3.78,1.55,,,,,,
ROU,Superliga,2020/2021,26/01/2021,17:45,FC Arges,FCSB,0,0,D,9.07,4.25,1.44,9.07,4.54,1.44,7.68,4.2,1.4,,,,,,
ROU,Superliga,2020/2021,27/01/2021,12:30,Academica Clinceni,FC Botosani,2,1,H,3.55,3.16,2.3,3.56,3.22,2.38,3.26,3.03,2.25,,,,,,
ROU,Superliga,2020/2021,27/01/2021,15:30,Poli Iasi,UTA Arad,1,2,A,2.96,2.99,2.77,2.96,3.06,2.85,2.72,2.89,2.72,,,,,,
ROU,Superliga,2020/2021,27/01/2021,18:00,Din. Bucuresti,Gaz Metan Medias,2,1,H,2.21,3.18,3.76,2.24,3.38,4.06,2.11,3.11,3.5,,,,,,
ROU,Superliga,2020/2021,28/01/2021,15:00,FC Hermannstadt,Chindia Targoviste,1,1,D,2.81,2.85,3.07,2.81,3.31,3.07,2.67,2.8,2.87,,,,,,
ROU,Superliga,2020/2021,28/01/2021,18:00,CFR Cluj,Astra,1,1,D,1.48,3.97,9.05,1.49,4.66,10,1.41,4,8.13,,,,,,
ROU,Superliga,2020/2021,29/01/2021,18:00,U Craiova,FC Arges,1,1,D,1.54,3.87,7.65,1.56,4.03,7.66,1.49,3.77,6.87,,,,,,
ROU,Superliga,2020/2021,30/01/2021,10:15,Gaz Metan Medias,Academica Clinceni,1,1,D,2.39,3.24,3.26,2.63,3.26,3.32,2.35,3.08,3.03,,,,,,
ROU,Superliga,2020/2021,30/01/2021,12:15,Sepsi Sf. Gheorghe,FC Voluntari,2,2,D,1.56,3.9,7.16,1.57,4.15,7.96,1.51,3.74,6.55,,,,,,
ROU,Superliga,2020/2021,30/01/2021,18:15,FCSB,Poli Iasi,3,1,H,1.21,6.43,15.69,1.25,6.5,15.69,1.21,5.81,11.84,,,,,,
ROU,Superliga,2020/2021,31/01/2021,10:00,FC Botosani,FC Hermannstadt,1,0,H,1.72,3.46,5.95,1.77,3.53,5.95,1.71,3.28,5.2,,,,,,
ROU,Superliga,2020/2021,31/01/2021,12:00,Astra,Viitorul Constanta,1,1,D,3.85,3.55,2.03,3.87,3.61,2.14,3.54,3.34,2.01,,,,,,
ROU,Superliga,2020/2021,31/01/2021,18:45,UTA Arad,Din. Bucuresti,0,1,A,2.55,3.12,3.13,2.87,3.12,3.2,2.47,2.97,2.94,,,,,,
ROU,Superliga,2020/2021,01/02/2021,18:00,Chindia Targoviste,CFR Cluj,0,1,A,5.26,3.06,1.93,5.26,3.38,1.94,4.81,3.04,1.84,,,,,,
ROU,Superliga,2020/2021,02/02/2021,18:00,Poli Iasi,U Craiova,0,3,A,7.32,3.92,1.55,7.42,4.05,1.56,6.36,3.77,1.52,,,,,,
ROU,Superliga,2020/2021,03/02/2021,13:00,FC Hermannstadt,Gaz Metan Medias,1,1,D,3.13,3.07,2.58,3.23,3.24,2.58,2.96,3,2.44,,,,,,
ROU,Superliga,2020/2021,03/02/2021,15:30,FC Voluntari,Astra,1,3,A,3.28,3.37,2.32,3.4,3.37,2.34,3.17,3.19,2.22,,,,,,
ROU,Superliga,2020/2021,03/02/2021,18:45,Din. Bucuresti,FCSB,0,1,A,7.74,4.14,1.5,8,4.46,1.52,6.84,4.1,1.45,,,,,,
ROU,Superliga,2020/2021,04/02/2021,11:30,Academica Clinceni,UTA Arad,0,3,A,2.52,3.04,3.26,2.55,3.05,3.5,2.37,2.9,3.17,,,,,,
ROU,Superliga,2020/2021,04/02/2021,15:30,Chindia Targoviste,FC Botosani,2,3,A,2.98,2.98,2.76,3.1,3.1,2.76,2.85,2.9,2.6,,,,,,
ROU,Superliga,2020/2021,04/02/2021,18:00,CFR Cluj,Viitorul Constanta,2,1,H,1.66,3.54,6.53,1.68,3.83,6.53,1.6,3.51,5.76,,,,,,
ROU,Superliga,2020/2021,05/02/2021,18:30,Sepsi Sf. Gheorghe,Poli Iasi,3,3,D,1.5,4.47,6.84,1.58,4.5,7.5,1.5,4.04,6.08,,,,,,
ROU,Superliga,2020/2021,06/02/2021,12:00,Astra,FC Arges,0,2,A,2.35,3.18,3.41,2.37,3.39,4.35,2.21,3.11,3.28,,,,,,
ROU,Superliga,2020/2021,06/02/2021,19:00,U Craiova,Din. Bucuresti,1,0,H,1.54,4.06,7,1.59,4.2,7.09,1.52,3.89,6.07,,,,,,
ROU,Superliga,2020/2021,07/02/2021,11:30,UTA Arad,FC Hermannstadt,1,1,D,2.21,3.16,3.79,2.33,3.16,3.86,2.17,2.98,3.51,,,,,,
ROU,Superliga,2020/2021,07/02/2021,16:00,Gaz Metan Medias,Chindia Targoviste,1,0,H,2.83,2.89,3,2.83,3,3.03,2.66,2.82,2.86,,,,,,
ROU,Superliga,2020/2021,07/02/2021,18:30,FCSB,Academica Clinceni,0,1,A,1.3,5.6,11.08,1.36,5.75,11.26,1.29,5.13,9.18,,,,,,
ROU,Superliga,2020/2021,08/02/2021,15:30,Viitorul Constanta,FC Voluntari,0,1,A,1.57,3.92,6.86,1.59,4,7.13,1.54,3.75,6.16,,,,,,
ROU,Superliga,2020/2021,08/02/2021,18:30,FC Botosani,CFR Cluj,2,1,H,4.16,3.13,2.11,4.16,3.28,2.12,3.82,3.01,2.05,,,,,,
ROU,Superliga,2020/2021,12/02/2021,18:00,FC Arges,Viitorul Constanta,1,0,H,3.91,3.03,2.23,3.95,3.2,2.26,3.57,2.94,2.17,,,,,,
ROU,Superliga,2020/2021,13/02/2021,12:30,Chindia Targoviste,UTA Arad,1,1,D,2.41,2.9,3.65,2.43,3,3.65,2.32,2.82,3.4,,,,,,
ROU,Superliga,2020/2021,13/02/2021,19:00,Din. Bucuresti,Sepsi Sf. Gheorghe,0,0,D,3.07,3.23,2.52,3.07,3.25,2.54,2.93,3.11,2.39,,,,,,
ROU,Superliga,2020/2021,14/02/2021,10:15,Poli Iasi,Astra,2,3,A,3.31,3.38,2.3,3.4,3.38,2.35,3.1,3.19,2.25,,,,,,
ROU,Superliga,2020/2021,14/02/2021,12:30,Academica Clinceni,Univ. Craiova,0,0,D,5.43,3.65,1.73,5.45,3.75,1.87,4.87,3.51,1.7,,,,,,
ROU,Superliga,2020/2021,14/02/2021,17:45,FC Hermannstadt,FCSB,1,0,H,9.63,4.83,1.37,9.63,4.92,1.39,8.31,4.62,1.34,,,,,,
ROU,Superliga,2020/2021,15/02/2021,15:30,FC Botosani,Gaz Metan Medias,2,1,H,1.87,3.42,4.79,1.89,3.52,4.95,1.83,3.31,4.35,,,,,,
ROU,Superliga,2020/2021,15/02/2021,18:30,CFR Cluj,FC Voluntari,0,0,D,1.29,5.22,13.46,1.33,5.25,13.46,1.29,4.79,10.4,,,,,,
ROU,Superliga,2020/2021,16/02/2021,17:00,FC Arges,Sepsi Sf. Gheorghe,1,1,D,3.89,2.8,2.39,4,3.01,2.4,3.59,2.75,2.28,,,,,,
ROU,Superliga,2020/2021,19/02/2021,15:30,FC Voluntari,FC Arges,0,1,A,3.13,2.95,2.67,3.13,3.06,2.75,2.92,2.86,2.57,,,,,,
ROU,Superliga,2020/2021,19/02/2021,18:30,Univ. Craiova,FC Hermannstadt,1,0,H,1.45,4.3,8.51,1.47,4.3,8.51,1.43,4.03,7.47,,,,,,
ROU,Superliga,2020/2021,20/02/2021,15:00,Sepsi Sf. Gheorghe,Academica Clinceni,0,0,D,1.94,3.32,4.57,1.95,3.36,4.58,1.89,3.2,4.2,,,,,,
ROU,Superliga,2020/2021,20/02/2021,18:00,FCSB,Chindia Targoviste,1,0,H,1.53,4.02,7.46,1.53,4.37,7.69,1.48,3.95,6.56,,,,,,
ROU,Superliga,2020/2021,21/02/2021,16:00,Gaz Metan Medias,CFR Cluj,0,1,A,7.51,3.78,1.56,7.51,3.85,1.6,6.51,3.66,1.53,,,,,,
ROU,Superliga,2020/2021,21/02/2021,18:30,Astra,Din. Bucuresti,2,0,H,3.01,3.13,2.62,3.04,3.26,2.75,2.86,3.04,2.48,,,,,,
ROU,Superliga,2020/2021,22/02/2021,15:30,UTA Arad,FC Botosani,0,0,D,3.45,3.23,2.3,3.82,3.32,2.3,3.39,3.1,2.16,,,,,,
ROU,Superliga,2020/2021,26/02/2021,18:30,Din. Bucuresti,Viitorul Constanta,0,5,A,3.06,3.17,2.56,3.1,3.24,2.73,2.96,3.03,2.43,,,,,,
ROU,Superliga,2020/2021,27/02/2021,10:30,Gaz Metan Medias,UTA Arad,1,2,A,2.46,3.17,3.22,2.49,3.25,3.39,2.34,3.03,3.08,,,,,,
ROU,Superliga,2020/2021,27/02/2021,13:00,Academica Clinceni,Astra,1,1,D,2.83,2.99,2.9,2.83,3.1,3.02,2.67,2.9,2.77,,,,,,
ROU,Superliga,2020/2021,27/02/2021,18:00,Chindia Targoviste,Univ. Craiova,1,0,H,4.63,3.13,2,4.67,3.4,2.01,4.15,3.1,1.94,,,,,,
ROU,Superliga,2020/2021,28/02/2021,16:00,FC Hermannstadt,Sepsi Sf. Gheorghe,1,2,A,3.83,3.02,2.26,3.83,3.25,2.27,3.58,2.99,2.14,,,,,,
ROU,Superliga,2020/2021,28/02/2021,18:30,FC Botosani,FCSB,0,2,A,3.96,3.44,2.04,4.19,3.44,2.06,3.76,3.27,1.96,,,,,,
ROU,Superliga,2020/2021,01/03/2021,15:30,Poli Iasi,FC Voluntari,0,2,A,2.85,3.13,2.76,2.86,3.21,2.9,2.67,3,2.69,,,,,,
ROU,Superliga,2020/2021,01/03/2021,18:30,CFR Cluj,FC Arges,5,0,H,1.41,4.27,10.33,1.43,4.3,10.33,1.4,4.03,8.79,,,,,,
ROU,Superliga,2020/2021,05/03/2021,15:30,Sepsi Sf. Gheorghe,Chindia Targoviste,0,1,A,2.08,2.93,4.71,2.08,3.1,4.88,1.97,2.89,4.46,,,,,,
ROU,Superliga,2020/2021,05/03/2021,18:30,Viitorul Constanta,Academica Clinceni,1,1,D,1.81,3.51,5.03,1.88,3.52,5.03,1.81,3.33,4.45,,,,,,
ROU,Superliga,2020/2021,06/03/2021,12:30,Univ. Craiova,FC Botosani,1,0,H,2.05,3.23,4.22,2.07,3.28,4.23,2.01,3.12,3.85,,,,,,
ROU,Superliga,2020/2021,06/03/2021,19:30,UTA Arad,CFR Cluj,0,1,A,7.19,3.84,1.56,7.21,4.02,1.59,6.3,3.69,1.54,,,,,,
ROU,Superliga,2020/2021,07/03/2021,13:00,Astra,FC Hermannstadt,2,1,H,2.4,3.05,3.46,2.4,3.23,3.49,2.33,2.96,3.21,,,,,,
ROU,Superliga,2020/2021,07/03/2021,18:30,FCSB,Gaz Metan Medias,1,0,H,1.31,5.2,11.99,1.33,5.25,11.99,1.3,4.84,10.02,,,,,,
ROU,Superliga,2020/2021,08/03/2021,15:30,FC Arges,Poli Iasi,2,1,H,2.1,3.12,4.2,2.12,3.3,4.2,2.03,3.11,3.81,,,,,,
ROU,Superliga,2020/2021,08/03/2021,18:30,FC Voluntari,Din. Bucuresti,1,1,D,3.44,3.01,2.44,3.44,3.2,2.44,3.19,2.99,2.33,,,,,,
ROU,Superliga,2020/2021,12/03/2021,18:30,Gaz Metan Medias,Univ. Craiova,0,2,A,5.89,3.69,1.68,6.02,3.69,1.9,5.21,3.48,1.67,,,,,,
ROU,Superliga,2020/2021,13/03/2021,10:00,Academica Clinceni,FC Voluntari,0,1,A,2.24,3.04,3.89,2.24,3.2,3.89,2.14,3,3.62,,,,,,
ROU,Superliga,2020/2021,13/03/2021,12:30,FC Hermannstadt,Viitorul Constanta,0,0,D,3.75,3.13,2.23,3.75,3.2,2.23,3.49,3.04,2.15,,,,,,
ROU,Superliga,2020/2021,13/03/2021,18:00,UTA Arad,FCSB,0,1,A,6.31,3.89,1.61,6.57,3.9,1.64,5.76,3.71,1.57,,,,,,
ROU,Superliga,2020/2021,14/03/2021,16:00,Chindia Targoviste,Astra,0,1,A,2.51,2.88,3.48,2.55,3,3.5,2.38,2.82,3.28,,,,,,
ROU,Superliga,2020/2021,14/03/2021,18:30,CFR Cluj,Poli Iasi,4,0,H,1.17,7.05,24.08,1.24,7.05,24.08,1.19,5.88,16.34,,,,,,
ROU,Superliga,2020/2021,15/03/2021,15:30,FC Botosani,Sepsi Sf. Gheorghe,1,2,A,2.63,2.83,3.34,2.66,2.9,3.4,2.46,2.78,3.21,,,,,,
ROU,Superliga,2020/2021,15/03/2021,18:30,Din. Bucuresti,FC Arges,1,2,A,2.77,2.84,3.12,2.77,2.91,3.32,2.56,2.78,3.04,,,,,,
ROU,Superliga,2020/2021,16/03/2021,17:00,Univ. Craiova,UTA Arad,2,0,H,1.51,4,8.07,1.52,4.04,8.07,1.48,3.77,7.23,,,,,,
ROU,Superliga,2020/2021,17/03/2021,15:30,Viitorul Constanta,Chindia Targoviste,0,0,D,1.88,3.19,5.25,1.96,3.21,5.34,1.88,3.06,4.5,,,,,,
ROU,Superliga,2020/2021,18/03/2021,15:00,Astra,FC Botosani,1,1,D,3.15,2.93,2.68,3.15,2.95,2.7,2.91,2.86,2.59,,,,,,
ROU,Superliga,2020/2021,19/03/2021,15:30,FC Voluntari,FC Hermannstadt,1,0,H,3.12,2.9,2.72,3.14,3.09,2.84,2.97,2.81,2.6,,,,,,
ROU,Superliga,2020/2021,19/03/2021,18:30,FCSB,CFR Cluj,3,0,H,2.83,2.95,2.93,2.85,2.99,3.08,2.71,2.83,2.81,,,,,,
ROU,Superliga,2020/2021,20/03/2021,17:15,FC Arges,Academica Clinceni,1,1,D,2.55,3.01,3.24,2.7,3.11,3.32,2.52,2.91,2.96,,,,,,
ROU,Superliga,2020/2021,20/03/2021,19:30,Poli Iasi,Din. Bucuresti,1,0,H,3.86,3.29,2.12,4.2,3.45,2.12,3.73,3.18,2.02,,,,,,
ROU,Superliga,2020/2021,21/03/2021,14:00,Sepsi Sf. Gheorghe,Gaz Metan Medias,1,1,D,1.79,3.45,5.32,1.87,3.56,5.4,1.76,3.32,4.78,,,,,,
ROU,Superliga,2020/2021,02/04/2021,15:30,Academica Clinceni,Poli Iasi,2,1,H,1.7,3.6,5.82,1.7,4,7,1.62,3.52,5.69,,,,,,
ROU,Superliga,2020/2021,02/04/2021,18:30,Gaz Metan Medias,Astra,0,0,D,3.26,3.02,2.53,3.31,3.09,2.55,3.07,2.92,2.44,,,,,,
ROU,Superliga,2020/2021,03/04/2021,13:00,FC Hermannstadt,FC Arges,4,1,H,2.61,2.89,3.28,2.64,2.98,3.55,2.5,2.8,3.12,,,,,,
ROU,Superliga,2020/2021,04/04/2021,13:00,FC Botosani,Viitorul Constanta,1,0,H,2.13,3.24,3.91,2.17,3.68,3.94,2.03,3.15,3.75,,,,,,
ROU,Superliga,2020/2021,04/04/2021,15:30,UTA Arad,Sepsi Sf. Gheorghe,2,0,H,3.96,3,2.23,3.96,3.1,2.3,3.59,2.9,2.19,,,,,,
ROU,Superliga,2020/2021,04/04/2021,18:30,FCSB,Univ. Craiova,0,0,D,2.21,3.12,3.84,2.25,3.21,3.84,2.15,3.03,3.54,,,,,,
ROU,Superliga,2020/2021,05/04/2021,15:30,Chindia Targoviste,FC Voluntari,1,0,H,1.97,3.11,4.86,2.21,3.13,4.86,1.96,2.97,4.36,,,,,,
ROU,Superliga,2020/2021,05/04/2021,18:30,CFR Cluj,Din. Bucuresti,1,0,H,1.35,4.77,11.56,1.37,5.25,11.56,1.33,4.58,9.54,,,,,,
ROU,Superliga,2020/2021,08/04/2021,17:00,Viitorul Constanta,Poli Iasi,1,2,A,1.53,4.29,6.66,1.54,4.34,6.87,1.5,4.04,6.15,,,,,,
ROU,Superliga,2020/2021,09/04/2021,15:30,Astra,UTA Arad,0,0,D,2.56,3.16,3.07,2.63,3.16,3.2,2.5,2.99,2.92,,,,,,
ROU,Superliga,2020/2021,09/04/2021,18:30,Din. Bucuresti,Academica Clinceni,1,3,A,3.54,3,2.4,3.54,3.1,2.42,3.4,2.86,2.31,,,,,,
ROU,Superliga,2020/2021,09/04/2021,18:30,FC Arges,Chindia Targoviste,3,1,H,3.19,2.68,2.89,3.25,2.82,2.9,3.06,2.64,2.69,,,,,,
ROU,Superliga,2020/2021,09/04/2021,18:30,FC Voluntari,FC Botosani,1,1,D,4.01,3.27,2.09,4.16,3.35,2.22,3.81,3.17,2.01,,,,,,
ROU,Superliga,2020/2021,10/04/2021,17:00,Sepsi Sf. Gheorghe,FCSB,1,1,D,4.01,3.18,2.13,4.05,3.23,2.2,3.72,3.05,2.09,,,,,,
ROU,Superliga,2020/2021,11/04/2021,19:30,Univ. Craiova,CFR Cluj,0,0,D,2.79,2.88,3.06,2.83,2.92,3.09,2.68,2.78,2.91,,,,,,
ROU,Superliga,2020/2021,12/04/2021,15:30,Poli Iasi,FC Hermannstadt,1,0,H,3.54,3.34,2.21,3.54,3.34,2.25,3.36,3.18,2.16,,,,,,
ROU,Superliga,2020/2021,12/04/2021,18:30,Viitorul Constanta,Gaz Metan Medias,0,2,A,1.95,3.38,4.39,2.05,3.41,4.51,1.96,3.22,3.9,,,,,,
ROU,Superliga,2020/2021,16/04/2021,15:30,UTA Arad,Viitorul Constanta,1,0,H,2.53,3.27,3.01,2.79,3.27,3.04,2.52,3.09,2.8,,,,,,
ROU,Superliga,2020/2021,16/04/2021,18:30,Astra,Din. Bucuresti,0,0,D,2.67,2.87,3.22,2.73,3.01,3.22,2.54,2.82,3.03,,,,,,
ROU,Superliga,2020/2021,17/04/2021,13:00,Chindia Targoviste,FC Hermannstadt,2,0,H,2.45,2.98,3.45,2.48,3.1,3.5,2.36,2.86,3.29,,,,,,
ROU,Superliga,2020/2021,17/04/2021,15:30,Gaz Metan Medias,FC Voluntari,1,1,D,2.61,2.98,3.18,2.64,3.05,3.2,2.49,2.89,3.03,,,,,,
ROU,Superliga,2020/2021,17/04/2021,18:30,Univ. Craiova,Sepsi Sf. Gheorghe,0,0,D,1.81,3.22,5.74,1.88,3.3,5.74,1.8,3.09,5.11,,,,,,
ROU,Superliga,2020/2021,18/04/2021,11:30,FC Arges,Poli Iasi,0,0,D,1.83,3.59,4.75,2.03,3.59,4.83,1.86,3.31,4.23,,,,,,
ROU,Superliga,2020/2021,18/04/2021,16:30,CFR Cluj,Academica Clinceni,3,0,H,1.38,4.54,10.38,1.44,4.54,10.67,1.36,4.23,9.11,,,,,,
ROU,Superliga,2020/2021,18/04/2021,19:00,FCSB,FC Botosani,2,1,H,1.76,3.64,5.15,1.79,3.8,5.51,1.7,3.58,4.83,,,,,,
ROU,Superliga,2020/2021,20/04/2021,14:45,FC Hermannstadt,Astra,1,3,A,2.51,2.91,3.43,2.67,3,3.44,2.5,2.81,3.11,,,,,,
ROU,Superliga,2020/2021,20/04/2021,17:00,Viitorul Constanta,Gaz Metan Medias,1,0,H,1.94,3.28,4.62,2,3.4,4.77,1.9,3.2,4.16,,,,,,
ROU,Superliga,2020/2021,20/04/2021,19:30,Din. Bucuresti,UTA Arad,0,1,A,2.45,3.05,3.37,2.47,3.07,3.37,2.34,2.93,3.21,,,,,,
ROU,Superliga,2020/2021,21/04/2021,14:45,FC Arges,Chindia Targoviste,0,1,A,2.65,2.73,3.45,2.65,2.76,3.5,2.55,2.64,3.23,,,,,,
ROU,Superliga,2020/2021,21/04/2021,17:00,FC Botosani,Univ. Craiova,1,1,D,3.92,3.06,2.21,4.02,3.06,2.23,3.66,2.92,2.17,,,,,,
ROU,Superliga,2020/2021,21/04/2021,19:30,Sepsi Sf. Gheorghe,CFR Cluj,0,1,A,4.72,3.36,1.9,4.95,3.36,1.98,4.45,3.22,1.85,,,,,,
ROU,Superliga,2020/2021,22/04/2021,15:30,Poli Iasi,FC Voluntari,0,1,A,3.3,3.19,2.4,3.37,3.19,2.52,3.09,3,2.37,,,,,,
ROU,Superliga,2020/2021,22/04/2021,18:15,Academica Clinceni,FCSB,0,2,A,7.32,3.9,1.55,7.45,4,1.58,6.39,3.79,1.52,,,,,,
ROU,Superliga,2020/2021,23/04/2021,15:30,UTA Arad,FC Hermannstadt,0,1,A,2.52,3.06,3.24,2.55,3.2,3.46,2.39,2.97,3.12,,,,,,
ROU,Superliga,2020/2021,23/04/2021,18:30,Gaz Metan Medias,Din. Bucuresti,4,1,H,3.01,2.93,2.78,3.02,2.96,2.8,2.83,2.82,2.69,,,,,,
ROU,Superliga,2020/2021,24/04/2021,15:30,Astra,FC Arges,0,1,A,2.92,2.91,2.88,2.92,2.95,3.37,2.71,2.82,2.85,,,,,,
ROU,Superliga,2020/2021,24/04/2021,18:30,CFR Cluj,Univ. Craiova,1,2,A,2,3.07,4.78,2,3.3,4.78,1.94,2.99,4.39,,,,,,
ROU,Superliga,2020/2021,25/04/2021,13:00,Chindia Targoviste,Poli Iasi,2,0,H,1.75,3.35,6.04,1.76,3.58,6.25,1.71,3.23,5.47,,,,,,
ROU,Superliga,2020/2021,25/04/2021,17:15,FC Botosani,Academica Clinceni,2,1,H,1.95,3.24,4.66,2.1,3.25,5.21,1.89,3.15,4.35,,,,,,
ROU,Superliga,2020/2021,25/04/2021,19:30,FCSB,Sepsi Sf. Gheorghe,1,2,A,2.03,3.05,4.69,2.07,3.32,4.69,1.97,3.04,4.16,,,,,,
ROU,Superliga,2020/2021,26/04/2021,18:30,FC Voluntari,Viitorul Constanta,1,0,H,3.22,2.97,2.6,3.22,3,2.7,2.95,2.83,2.59,,,,,,
ROU,Superliga,2020/2021,27/04/2021,14:30,FC Hermannstadt,Gaz Metan Medias,1,2,A,2.69,2.82,3.26,2.75,2.85,3.32,2.58,2.69,3.13,,,,,,
ROU,Superliga,2020/2021,27/04/2021,17:00,FC Arges,UTA Arad,4,1,H,2.3,3.05,3.68,2.3,3.08,3.8,2.2,2.96,3.48,,,,,,
ROU,Superliga,2020/2021,28/04/2021,12:00,Chindia Targoviste,Astra,0,0,D,2.64,2.68,3.55,2.64,2.7,3.6,2.52,2.59,3.38,,,,,,
ROU,Superliga,2020/2021,28/04/2021,14:30,Sepsi Sf. Gheorghe,Academica Clinceni,1,0,H,1.68,3.65,5.89,1.75,3.65,6.3,1.68,3.37,5.38,,,,,,
ROU,Superliga,2020/2021,28/04/2021,17:00,CFR Cluj,FC Botosani,2,0,H,1.48,4.18,8.02,1.51,4.18,8.02,1.47,3.91,7.07,,,,,,
ROU,Superliga,2020/2021,29/04/2021,12:30,Poli Iasi,Viitorul Constanta,0,3,A,4.32,3.45,1.94,4.52,3.45,1.95,4.06,3.33,1.88,,,,,,
ROU,Superliga,2020/2021,29/04/2021,15:00,Din. Bucuresti,FC Voluntari,2,0,H,2.42,3.08,3.4,2.42,3.27,3.49,2.33,2.99,3.18,,,,,,
ROU,Superliga,2020/2021,29/04/2021,17:45,Univ. Craiova,FCSB,2,0,H,2.54,3.2,3.06,2.56,3.26,3.06,2.45,3.08,2.9,,,,,,
ROU,Superliga,2020/2021,30/04/2021,15:30,Gaz Metan Medias,FC Arges,1,1,D,3.05,2.89,2.78,3.07,2.89,2.78,2.9,2.8,2.66,,,,,,
ROU,Superliga,2020/2021,01/05/2021,13:00,UTA Arad,Chindia Targoviste,0,1,A,2.43,2.87,3.65,2.55,3.12,3.65,2.36,2.84,3.29,,,,,,
ROU,Superliga,2020/2021,01/05/2021,15:30,FC Botosani,Sepsi Sf. Gheorghe,2,1,H,3.28,2.93,2.59,3.28,2.96,2.6,3.05,2.85,2.49,,,,,,
ROU,Superliga,2020/2021,02/05/2021,11:30,Astra,Poli Iasi,1,2,A,1.64,3.8,6.11,1.66,3.9,6.2,1.6,3.63,5.68,,,,,,
ROU,Superliga,2020/2021,02/05/2021,14:00,FC Voluntari,FC Hermannstadt,0,1,A,2.72,3.07,2.94,2.8,3.1,2.94,2.64,2.94,2.76,,,,,,
ROU,Superliga,2020/2021,02/05/2021,16:30,Viitorul Constanta,Din. Bucuresti,1,2,A,1.98,3.4,4.24,2.28,3.45,4.3,1.94,3.29,3.89,,,,,,
ROU,Superliga,2020/2021,02/05/2021,19:00,Academica Clinceni,Univ. Craiova,1,0,H,7.34,3.52,1.62,7.72,3.7,1.63,6.6,3.45,1.57,,,,,,
ROU,Superliga,2020/2021,03/05/2021,18:30,FCSB,CFR Cluj,1,1,D,3.03,3.03,2.69,3.04,3.13,2.69,2.88,2.94,2.55,,,,,,
ROU,Superliga,2020/2021,04/05/2021,17:00,Chindia Targoviste,Gaz Metan Medias,1,1,D,2.45,2.77,3.79,2.45,2.9,3.79,2.35,2.69,3.54,,,,,,
ROU,Superliga,2020/2021,05/05/2021,10:00,Astra,UTA Arad,1,2,A,2.69,2.92,3.13,2.69,3.17,3.14,2.5,2.99,2.9,,,,,,
ROU,Superliga,2020/2021,05/05/2021,12:15,FC Hermannstadt,Viitorul Constanta,0,0,D,2.92,2.93,2.86,2.95,3.11,2.86,2.78,2.88,2.7,,,,,,
ROU,Superliga,2020/2021,05/05/2021,14:30,Poli Iasi,Din. Bucuresti,1,2,A,5.32,3.8,1.71,5.32,3.8,1.74,4.92,3.55,1.68,,,,,,
ROU,Superliga,2020/2021,05/05/2021,17:00,Sepsi Sf. Gheorghe,Univ. Craiova,2,0,H,2.93,2.99,2.79,3.15,3.04,2.79,2.9,2.86,2.6,,,,,,
ROU,Superliga,2020/2021,06/05/2021,12:30,FC Arges,FC Voluntari,3,0,H,2.3,2.97,3.81,2.33,3.18,3.81,2.21,2.92,3.51,,,,,,
ROU,Superliga,2020/2021,06/05/2021,15:00,Academica Clinceni,CFR Cluj,0,1,A,11.04,4.96,1.34,11.5,5.2,1.36,9.78,4.72,1.31,,,,,,
ROU,Superliga,2020/2021,06/05/2021,17:45,FC Botosani,FCSB,1,3,A,4.87,3.36,1.88,5.22,3.41,1.93,4.34,3.26,1.85,,,,,,
ROU,Superliga,2020/2021,08/05/2021,11:30,Gaz Metan Medias,Astra,2,1,H,2.74,2.99,2.99,2.77,3.07,3.33,2.58,2.86,2.94,,,,,,
ROU,Superliga,2020/2021,08/05/2021,19:15,Din. Bucuresti,FC Hermannstadt,2,0,H,2.15,3.3,3.76,2.16,3.34,3.94,2.08,3.19,3.55,,,,,,
ROU,Superliga,2020/2021,09/05/2021,12:00,UTA Arad,Poli Iasi,1,2,A,1.51,4.13,7.55,1.51,4.28,8,1.46,3.98,6.96,,,,,,
ROU,Superliga,2020/2021,09/05/2021,14:30,Viitorul Constanta,FC Arges,1,0,H,2.13,3.21,3.95,2.15,3.3,4.11,2.08,3.1,3.63,,,,,,
ROU,Superliga,2020/2021,09/05/2021,17:00,Univ. Craiova,FC Botosani,2,3,A,1.74,3.64,5.38,1.8,3.64,5.61,1.72,3.42,4.91,,,,,,
ROU,Superliga,2020/2021,10/05/2021,14:45,FC Voluntari,Chindia Targoviste,0,0,D,2.79,2.77,3.19,2.79,2.84,3.25,2.67,2.68,3.02,,,,,,
ROU,Superliga,2020/2021,10/05/2021,17:00,CFR Cluj,Sepsi Sf. Gheorghe,0,1,A,1.65,3.52,6.85,1.65,3.7,7,1.6,3.45,6.14,,,,,,
ROU,Superliga,2020/2021,10/05/2021,19:30,FCSB,Academica Clinceni,2,2,D,1.22,6.18,16.93,1.27,6.25,17,1.22,5.59,12.84,,,,,,
ROU,Superliga,2020/2021,14/05/2021,15:30,Academica Clinceni,FC Botosani,4,3,H,3.97,3.39,2.01,4.18,3.41,2.04,3.86,3.21,1.98,,,,,,
ROU,Superliga,2020/2021,14/05/2021,18:30,Chindia Targoviste,Viitorul Constanta,0,2,A,4.48,3.14,1.99,4.5,3.15,2.08,4.2,2.97,1.99,,,,,,
ROU,Superliga,2020/2021,15/05/2021,12:00,Poli Iasi,FC Hermannstadt,0,1,A,3.73,3.27,2.13,3.89,3.5,2.13,3.6,3.24,2.04,,,,,,
ROU,Superliga,2020/2021,15/05/2021,14:30,Astra,FC Voluntari,0,3,A,2.37,3.12,3.32,2.37,3.23,3.38,2.28,3.08,3.19,,,,,,
ROU,Superliga,2020/2021,15/05/2021,19:30,Univ. Craiova,CFR Cluj,1,3,A,3.53,2.91,2.4,3.75,3.1,2.51,3.38,2.88,2.31,,,,,,
ROU,Superliga,2020/2021,16/05/2021,12:00,UTA Arad,Gaz Metan Medias,1,0,H,2.03,3.37,3.93,2.1,3.41,4,2.04,3.17,3.69,,,,,,
ROU,Superliga,2020/2021,16/05/2021,14:30,FC Arges,Din. Bucuresti,1,2,A,2.99,2.79,2.85,3.35,3,2.85,3.06,2.78,2.57,,,,,,
ROU,Superliga,2020/2021,16/05/2021,20:00,Sepsi Sf. Gheorghe,FCSB,2,2,D,3.15,3.09,2.48,3.15,3.19,2.54,3.01,3.05,2.4,,,,,,
ROU,Superliga,2020/2021,18/05/2021,18:30,FC Botosani,CFR Cluj,0,1,A,6.59,4.2,1.53,7,4.34,1.58,6.16,3.99,1.51,,,,,,
ROU,Superliga,2020/2021,19/05/2021,16:30,Din. Bucuresti,Chindia Targoviste,0,0,D,1.79,3.47,5.12,1.81,3.6,5.28,1.75,3.39,4.78,,,,,,
ROU,Superliga,2020/2021,19/05/2021,16:30,FC Hermannstadt,FC Arges,1,0,H,2.29,3.18,3.41,2.38,3.21,3.54,2.25,3.05,3.28,,,,,,
ROU,Superliga,2020/2021,19/05/2021,16:30,FC Voluntari,UTA Arad,0,0,D,2.05,3.56,3.63,2.2,3.66,3.85,2.07,3.41,3.34,,,,,,
ROU,Superliga,2020/2021,19/05/2021,16:30,Gaz Metan Medias,Poli Iasi,4,2,H,1.23,5.92,15.14,1.29,6.12,15.14,1.23,5.47,12.65,,,,,,
ROU,Superliga,2020/2021,19/05/2021,16:30,Viitorul Constanta,Astra,1,0,H,1.95,3.43,4.19,2.16,3.5,4.48,2.01,3.29,3.64,,,,,,
ROU,Superliga,2020/2021,19/05/2021,19:30,FCSB,Univ. Craiova,0,1,A,4.91,3.56,1.79,6.3,3.9,2.4,4.99,3.6,1.7,,,,,,
ROU,Superliga,2020/2021,20/05/2021,18:30,Academica Clinceni,Sepsi Sf. Gheorghe,2,1,H,7.37,4.18,1.5,7.37,4.5,1.56,6.32,4.11,1.48,,,,,,
ROU,Superliga,2020/2021,25/05/2021,18:30,CFR Cluj,FCSB,2,0,H,1.3,5.77,10.38,1.32,5.77,10.4,1.28,5.34,9.26,,,,,,
ROU,Superliga,2020/2021,26/05/2021,16:30,Univ. Craiova,Academica Clinceni,0,0,D,1.66,4.05,5.29,1.73,4.05,5.68,1.65,3.78,4.89,,,,,,
ROU,Superliga,2020/2021,27/05/2021,15:30,Sepsi Sf. Gheorghe,FC Botosani,1,0,H,2.05,3.67,3.65,2.15,3.77,3.73,2,3.51,3.4,,,,,,
ROU,Superliga,2020/2021,27/05/2021,18:30,Chindia Targoviste,Viitorul Constanta,2,3,A,3.18,2.82,2.76,3.71,3.17,2.76,3.12,2.74,2.57,,,,,,
ROU,Superliga,2020/2021,29/05/2021,13:30,Mioveni,FC Hermannstadt,0,0,D,3.1,3.04,2.62,3.55,3.11,2.7,2.9,2.92,2.54,,,,,,
ROU,Superliga,2020/2021,29/05/2021,16:00,Calarasi,FC Voluntari,1,2,A,4.32,3.4,1.96,4.5,3.5,1.98,4,3.27,1.89,,,,,,
ROU,Superliga,2020/2021,30/05/2021,18:30,Sepsi Sf. Gheorghe,Viitorul Constanta,1,0,H,1.77,3.51,5.36,1.78,3.55,5.58,1.74,3.34,4.96,,,,,,
ROU,Superliga,2020/2021,02/06/2021,17:00,FC Hermannstadt,Mioveni,1,2,A,1.63,3.79,6.27,1.66,4.15,6.7,1.56,3.76,5.8,,,,,,
ROU,Superliga,2020/2021,03/06/2021,18:30,FC Voluntari,Calarasi,4,0,H,1.26,5.99,12.14,1.3,6.3,19,1.24,5.48,11.42,,,,,,
ROU,Superliga,2021/2022,15/07/2021,18:30,FC Botosani,FCSB,0,0,D,3.94,3.63,1.98,4.55,3.68,2.01,3.79,3.46,1.91,,,,,,
ROU,Superliga,2021/2022,16/07/2021,16:30,Sepsi Sf. Gheorghe,Academica Clinceni,2,0,H,1.57,3.92,6.86,1.6,3.92,6.86,1.55,3.72,6.17,,,,,,
ROU,Superliga,2021/2022,16/07/2021,19:30,CFR Cluj,U Craiova 1948,3,2,H,1.49,4.12,8.07,1.5,4.33,8.76,1.45,4.03,7.43,,,,,,
ROU,Superliga,2021/2022,17/07/2021,16:30,Gaz Metan Medias,Mioveni,1,0,H,2.23,3.25,3.62,2.24,3.29,3.69,2.15,3.13,3.44,,,,,,
ROU,Superliga,2021/2022,17/07/2021,19:30,Univ. Craiova,FC Arges,1,0,H,1.6,3.71,6.98,1.6,3.87,7.5,1.56,3.62,6.34,,,,,,
ROU,Superliga,2021/2022,18/07/2021,16:30,UTA Arad,Farul Constanta,0,0,D,2.32,3.21,3.45,2.33,3.28,3.7,2.18,3.11,3.38,,,,,,
ROU,Superliga,2021/2022,18/07/2021,19:30,FC Rapid Bucuresti,Chindia Targoviste,1,0,H,2.29,3.08,3.68,2.6,3.08,3.74,2.41,2.89,3.19,,,,,,
ROU,Superliga,2021/2022,19/07/2021,18:30,Din. Bucuresti,FC Voluntari,3,2,H,3.43,3.13,2.37,3.9,3.15,2.41,3.39,3.03,2.22,,,,,,
ROU,Superliga,2021/2022,23/07/2021,16:30,FC Arges,UTA Arad,0,1,A,2.65,2.96,3.14,2.67,3.1,3.2,2.53,2.92,2.96,,,,,,
ROU,Superliga,2021/2022,23/07/2021,19:30,Mioveni,FC Rapid Bucuresti,0,2,A,3.27,3.03,2.52,3.27,3.15,2.7,3.05,2.96,2.43,,,,,,
ROU,Superliga,2021/2022,24/07/2021,16:30,FC Voluntari,FC Botosani,0,1,A,2.89,2.99,2.84,3,3.04,2.84,2.83,2.85,2.68,,,,,,
ROU,Superliga,2021/2022,24/07/2021,19:30,Academica Clinceni,CFR Cluj,1,2,A,7.11,3.71,1.6,7.11,4,1.61,6.35,3.63,1.56,,,,,,
ROU,Superliga,2021/2022,25/07/2021,16:30,Farul Constanta,Gaz Metan Medias,2,0,H,1.83,3.35,5.23,1.98,3.35,5.5,1.88,3.13,4.46,,,,,,
ROU,Superliga,2021/2022,25/07/2021,19:30,FCSB,Univ. Craiova,4,1,H,2.3,3.24,3.44,2.38,3.36,3.45,2.25,3.11,3.22,,,,,,
ROU,Superliga,2021/2022,26/07/2021,16:30,Chindia Targoviste,Sepsi Sf. Gheorghe,1,1,D,4.46,2.94,2.13,4.48,3.1,2.13,4.13,2.88,2.05,,,,,,
ROU,Superliga,2021/2022,26/07/2021,19:30,U Craiova 1948,Din. Bucuresti,1,0,H,1.99,3.48,4.09,2.09,3.52,4.19,1.94,3.36,3.81,,,,,,
ROU,Superliga,2021/2022,30/07/2021,17:00,Gaz Metan Medias,FC Arges,2,2,D,3.17,2.81,2.77,3.17,2.93,2.86,2.9,2.76,2.71,,,,,,
ROU,Superliga,2021/2022,30/07/2021,19:30,FC Rapid Bucuresti,Farul Constanta,0,0,D,2.25,3.14,3.7,2.32,3.15,3.8,2.2,3.01,3.45,,,,,,
ROU,Superliga,2021/2022,31/07/2021,17:15,FC Voluntari,U Craiova 1948,2,1,H,2.62,3.32,2.87,2.62,3.34,2.95,2.49,3.16,2.79,,,,,,
ROU,Superliga,2021/2022,31/07/2021,20:00,CFR Cluj,Chindia Targoviste,1,0,H,1.47,3.99,9.17,1.49,4,9.36,1.45,3.79,8.11,,,,,,
ROU,Superliga,2021/2022,01/08/2021,17:15,Univ. Craiova,FC Botosani,1,2,A,1.74,3.54,5.62,1.83,3.54,5.78,1.74,3.34,5.01,,,,,,
ROU,Superliga,2021/2022,01/08/2021,20:00,UTA Arad,FCSB,1,1,D,4.43,3.34,1.96,4.43,3.45,2,3.98,3.25,1.93,,,,,,
ROU,Superliga,2021/2022,02/08/2021,16:30,Sepsi Sf. Gheorghe,Mioveni,1,2,A,1.64,3.68,6.43,1.7,3.72,6.77,1.63,3.47,5.72,,,,,,
ROU,Superliga,2021/2022,02/08/2021,19:30,Din. Bucuresti,Academica Clinceni,3,1,H,2.63,3.2,2.85,3.09,3.21,2.89,2.68,3.04,2.66,,,,,,
ROU,Superliga,2021/2022,06/08/2021,16:30,FC Botosani,UTA Arad,2,1,H,2.37,3.07,3.5,2.42,3.24,3.52,2.25,3.04,3.29,,,,,,
ROU,Superliga,2021/2022,06/08/2021,19:30,Mioveni,CFR Cluj,0,1,A,5.77,3.5,1.73,6.5,3.6,1.77,5.31,3.33,1.7,,,,,,
ROU,Superliga,2021/2022,07/08/2021,16:30,Academica Clinceni,U Craiova 1948,1,2,A,3.1,3.1,2.58,3.16,3.27,2.59,2.93,3.01,2.48,,,,,,
ROU,Superliga,2021/2022,07/08/2021,19:30,FC Arges,FC Rapid Bucuresti,0,1,A,2.84,3.02,2.86,2.84,3.08,3,2.66,2.91,2.79,,,,,,
ROU,Superliga,2021/2022,08/08/2021,17:00,Chindia Targoviste,Din. Bucuresti,1,0,H,2.03,3.33,4.12,2.08,3.33,4.2,2.02,3.14,3.82,,,,,,
ROU,Superliga,2021/2022,08/08/2021,20:00,FCSB,Gaz Metan Medias,2,1,H,1.35,4.93,10.71,1.38,5.2,12,1.33,4.69,9.39,,,,,,
ROU,Superliga,2021/2022,09/08/2021,16:30,Farul Constanta,Sepsi Sf. Gheorghe,1,0,H,2.94,2.98,2.8,3,3.1,2.8,2.87,2.86,2.64,,,,,,
ROU,Superliga,2021/2022,09/08/2021,19:30,Univ. Craiova,FC Voluntari,3,0,H,1.63,3.49,7.25,1.67,3.72,7.31,1.63,3.4,6.04,,,,,,
ROU,Superliga,2021/2022,13/08/2021,16:30,FC Voluntari,Academica Clinceni,1,0,H,2.34,3.1,3.53,2.55,3.2,3.53,2.35,2.94,3.2,,,,,,
ROU,Superliga,2021/2022,13/08/2021,19:30,CFR Cluj,Farul Constanta,1,0,H,1.6,3.78,6.83,1.67,3.78,7.34,1.59,3.54,5.98,,,,,,
ROU,Superliga,2021/2022,14/08/2021,17:00,U Craiova 1948,Chindia Targoviste,0,0,D,2.27,3,3.85,2.28,3.2,3.9,2.21,2.91,3.54,,,,,,
ROU,Superliga,2021/2022,14/08/2021,19:30,UTA Arad,Univ. Craiova,1,0,H,3.34,3.03,2.48,3.5,3.2,2.5,3.17,2.97,2.34,,,,,,
ROU,Superliga,2021/2022,15/08/2021,16:30,Sepsi Sf. Gheorghe,FC Arges,0,2,A,1.7,3.5,6.08,1.76,3.5,6.11,1.68,3.36,5.41,,,,,,
ROU,Superliga,2021/2022,15/08/2021,19:30,FC Rapid Bucuresti,FCSB,1,0,H,4.44,3.82,1.82,4.5,3.82,1.82,4.19,3.59,1.77,,,,,,
ROU,Superliga,2021/2022,16/08/2021,16:30,Gaz Metan Medias,FC Botosani,0,1,A,3.52,3.13,2.33,3.52,3.25,2.37,3.3,3.02,2.25,,,,,,
ROU,Superliga,2021/2022,16/08/2021,19:30,Din. Bucuresti,Mioveni,0,1,A,2.6,3.18,3,2.6,3.26,3.05,2.42,3.09,2.9,,,,,,
ROU,Superliga,2021/2022,20/08/2021,16:30,Chindia Targoviste,Academica Clinceni,2,2,D,2.09,2.96,4.59,2.12,3.1,4.6,2.03,2.92,4.21,,,,,,
ROU,Superliga,2021/2022,20/08/2021,19:30,Farul Constanta,Din. Bucuresti,3,0,H,1.57,3.97,6.74,1.58,4,7.25,1.52,3.82,6.39,,,,,,
ROU,Superliga,2021/2022,21/08/2021,16:30,Univ. Craiova,Gaz Metan Medias,1,0,H,1.44,4.28,8.87,1.54,4.55,9.1,1.43,4.12,7.72,,,,,,
ROU,Superliga,2021/2022,21/08/2021,19:30,FC Arges,CFR Cluj,0,1,A,5.79,3.42,1.75,5.8,3.65,1.83,4.86,3.37,1.75,,,,,,
ROU,Superliga,2021/2022,22/08/2021,16:30,UTA Arad,FC Voluntari,2,0,H,1.96,3.37,4.4,2.1,3.38,4.49,1.93,3.22,4.05,,,,,,
ROU,Superliga,2021/2022,22/08/2021,19:30,FC Botosani,FC Rapid Bucuresti,0,2,A,2.21,3.18,3.74,2.3,3.3,3.85,2.16,3.09,3.44,,,,,,
ROU,Superliga,2021/2022,23/08/2021,16:30,Mioveni,U Craiova 1948,1,0,H,2.87,2.96,2.89,3.2,3.09,2.96,2.82,2.89,2.67,,,,,,
ROU,Superliga,2021/2022,23/08/2021,19:30,FCSB,Sepsi Sf. Gheorghe,1,1,D,1.85,3.5,4.74,1.93,3.53,4.94,1.83,3.32,4.38,,,,,,
ROU,Superliga,2021/2022,27/08/2021,16:00,FC Voluntari,Chindia Targoviste,2,1,H,3.07,2.76,2.91,3.07,2.81,3.25,2.86,2.7,2.82,,,,,,
ROU,Superliga,2021/2022,27/08/2021,19:00,U Craiova 1948,Farul Constanta,1,1,D,3.05,2.84,2.84,3.05,2.98,2.9,2.81,2.81,2.74,,,,,,
ROU,Superliga,2021/2022,28/08/2021,16:00,Din. Bucuresti,FC Arges,0,2,A,3.55,2.93,2.44,4,3.34,2.46,3.43,2.96,2.26,,,,,,
ROU,Superliga,2021/2022,28/08/2021,19:00,FC Rapid Bucuresti,Univ. Craiova,1,2,A,3.31,3.12,2.44,3.46,3.16,2.52,3.07,3,2.39,,,,,,
ROU,Superliga,2021/2022,29/08/2021,16:15,Sepsi Sf. Gheorghe,FC Botosani,1,1,D,1.85,3.44,4.88,1.94,3.49,5.05,1.84,3.29,4.37,,,,,,
ROU,Superliga,2021/2022,29/08/2021,19:00,CFR Cluj,FCSB,4,1,H,1.92,3.26,4.85,2.01,3.3,4.85,1.9,3.09,4.44,,,,,,
ROU,Superliga,2021/2022,30/08/2021,16:00,Academica Clinceni,Mioveni,1,1,D,2.66,2.98,3.11,2.87,3.08,3.14,2.66,2.89,2.83,,,,,,
ROU,Superliga,2021/2022,30/08/2021,19:00,Gaz Metan Medias,UTA Arad,0,1,A,3.74,3.4,2.12,4.1,3.42,2.12,3.72,3.16,2.04,,,,,,
ROU,Superliga,2021/2022,10/09/2021,16:00,Mioveni,Chindia Targoviste,0,1,A,3.05,2.75,2.93,3.07,2.79,3.21,2.85,2.66,2.85,,,,,,
ROU,Superliga,2021/2022,10/09/2021,19:00,UTA Arad,FC Rapid Bucuresti,2,2,D,2.13,3.25,3.89,2.5,3.25,3.89,2.15,3.05,3.53,,,,,,
ROU,Superliga,2021/2022,11/09/2021,16:00,FC Arges,U Craiova 1948,1,0,H,2.61,3.01,3.14,2.64,3.04,3.18,2.51,2.91,2.99,,,,,,
ROU,Superliga,2021/2022,11/09/2021,19:00,FC Botosani,CFR Cluj,1,0,H,4.69,3.44,1.88,5.25,3.5,1.9,4.48,3.29,1.82,,,,,,
ROU,Superliga,2021/2022,12/09/2021,16:15,Gaz Metan Medias,FC Voluntari,1,2,A,2.68,2.93,3.14,2.76,2.97,3.16,2.6,2.85,2.92,,,,,,
ROU,Superliga,2021/2022,12/09/2021,19:00,FCSB,Din. Bucuresti,6,0,H,1.35,5.13,9.49,1.38,5.5,11,1.31,4.98,9.01,,,,,,
ROU,Superliga,2021/2022,13/09/2021,16:00,Farul Constanta,Academica Clinceni,5,0,H,1.65,3.62,6.39,1.67,3.73,6.5,1.62,3.52,5.79,,,,,,
ROU,Superliga,2021/2022,13/09/2021,19:00,Univ. Craiova,Sepsi Sf. Gheorghe,1,1,D,2.23,3.02,3.93,2.26,3.13,4.2,2.15,2.98,3.65,,,,,,
ROU,Superliga,2021/2022,17/09/2021,16:00,FC Voluntari,Mioveni,4,0,H,2.09,3.1,4.28,2.25,3.1,4.28,2.14,2.94,3.74,,,,,,
ROU,Superliga,2021/2022,17/09/2021,19:00,FC Rapid Bucuresti,Gaz Metan Medias,1,2,A,1.67,3.63,6.14,1.75,3.68,6.25,1.65,3.49,5.45,,,,,,
ROU,Superliga,2021/2022,18/09/2021,12:30,Chindia Targoviste,Farul Constanta,2,0,H,4.31,2.94,2.16,4.31,3.12,2.44,3.77,2.92,2.14,,,,,,
ROU,Superliga,2021/2022,18/09/2021,18:00,U Craiova 1948,FCSB,0,1,A,5.03,3.52,1.81,5.5,3.7,1.83,4.72,3.45,1.75,,,,,,
ROU,Superliga,2021/2022,19/09/2021,11:30,Academica Clinceni,FC Arges,0,1,A,2.94,2.96,2.82,3.01,3.04,2.87,2.77,2.89,2.71,,,,,,
ROU,Superliga,2021/2022,19/09/2021,14:00,Sepsi Sf. Gheorghe,UTA Arad,0,0,D,1.99,3.08,4.82,2.03,3.29,5,1.93,3.08,4.3,,,,,,
ROU,Superliga,2021/2022,19/09/2021,17:00,Din. Bucuresti,FC Botosani,1,2,A,5.06,3.26,1.88,6.5,4,1.91,4.68,3.21,1.82,,,,,,
ROU,Superliga,2021/2022,20/09/2021,19:00,CFR Cluj,Univ. Craiova,1,0,H,2.03,3.1,4.54,2.03,3.32,4.74,1.94,3.11,4.18,,,,,,
ROU,Superliga,2021/2022,24/09/2021,18:00,FC Rapid Bucuresti,FC Voluntari,0,1,A,2.35,3.1,3.51,2.37,3.2,4,2.24,3.01,3.39,,,,,,
ROU,Superliga,2021/2022,25/09/2021,15:00,FC Arges,Chindia Targoviste,0,0,D,2.5,2.75,3.7,2.65,2.88,3.7,2.51,2.7,3.23,,,,,,
ROU,Superliga,2021/2022,25/09/2021,19:00,FCSB,Academica Clinceni,3,2,H,1.44,4.55,8.04,1.45,5,10,1.4,4.36,7.47,,,,,,
ROU,Superliga,2021/2022,26/09/2021,13:30,Farul Constanta,Mioveni,2,1,H,1.5,4.21,7.55,1.6,4.21,7.77,1.5,3.87,6.7,,,,,,
ROU,Superliga,2021/2022,26/09/2021,16:00,FC Botosani,U Craiova 1948,1,1,D,2.11,3.2,4.05,2.11,3.34,4.1,2.02,3.16,3.77,,,,,,
ROU,Superliga,2021/2022,26/09/2021,19:00,UTA Arad,CFR Cluj,0,1,A,4.09,2.93,2.23,4.33,3.08,2.29,3.88,2.87,2.13,,,,,,
ROU,Superliga,2021/2022,27/09/2021,16:00,Gaz Metan Medias,Sepsi Sf. Gheorghe,0,0,D,4.48,3.18,2.01,4.59,3.3,2.03,4.12,3.11,1.95,,,,,,
ROU,Superliga,2021/2022,27/09/2021,19:00,Univ. Craiova,Din. Bucuresti,5,0,H,1.27,5.73,12.36,1.32,6,15,1.26,5.41,10.82,,,,,,
ROU,Superliga,2021/2022,01/10/2021,16:00,Mioveni,FC Arges,0,0,D,3.04,2.84,2.84,3.1,3,2.84,2.91,2.78,2.68,,,,,,
ROU,Superliga,2021/2022,01/10/2021,19:00,Chindia Targoviste,FCSB,0,1,A,5.34,3.17,1.88,5.5,3.3,1.88,4.91,3.12,1.82,,,,,,
ROU,Superliga,2021/2022,02/10/2021,14:30,Din. Bucuresti,UTA Arad,2,2,D,5.41,3.5,1.77,5.7,3.6,1.78,5.09,3.41,1.71,,,,,,
ROU,Superliga,2021/2022,02/10/2021,17:30,Sepsi Sf. Gheorghe,FC Rapid Bucuresti,2,2,D,1.88,3.38,4.86,1.93,3.51,4.86,1.86,3.26,4.34,,,,,,
ROU,Superliga,2021/2022,03/10/2021,14:00,FC Voluntari,Farul Constanta,1,0,H,3.97,3.03,2.22,4,3.3,2.29,3.61,2.98,2.16,,,,,,
ROU,Superliga,2021/2022,03/10/2021,16:00,CFR Cluj,Gaz Metan Medias,2,1,H,1.34,4.58,13.66,1.36,4.75,14.54,1.34,4.34,10.56,,,,,,
ROU,Superliga,2021/2022,03/10/2021,19:00,U Craiova 1948,Univ. Craiova,0,2,A,5.3,3.75,1.72,5.61,4,5,4.69,3.55,1.91,,,,,,
ROU,Superliga,2021/2022,04/10/2021,18:30,Academica Clinceni,FC Botosani,1,1,D,3.71,3.4,2.13,3.75,3.4,2.18,3.5,3.22,2.08,,,,,,
ROU,Superliga,2021/2022,15/10/2021,18:30,Gaz Metan Medias,Din. Bucuresti,2,1,H,2.21,3.3,3.6,2.24,3.4,3.65,2.12,3.22,3.39,,,,,,
ROU,Superliga,2021/2022,16/10/2021,15:30,Sepsi Sf. Gheorghe,FC Voluntari,1,2,A,1.68,3.44,6.57,1.75,3.67,6.57,1.68,3.31,5.56,,,,,,
ROU,Superliga,2021/2022,16/10/2021,18:30,FCSB,Mioveni,3,0,H,1.4,4.82,8.56,1.53,4.85,9.5,1.37,4.48,7.9,,,,,,
ROU,Superliga,2021/2022,17/10/2021,13:00,FC Arges,Farul Constanta,2,1,H,3.73,2.86,2.41,3.73,3.02,2.41,3.4,2.83,2.31,,,,,,
ROU,Superliga,2021/2022,17/10/2021,15:30,UTA Arad,U Craiova 1948,1,0,H,1.96,3.05,5.07,2,3.15,5.12,1.93,2.99,4.47,,,,,,
ROU,Superliga,2021/2022,17/10/2021,18:30,FC Rapid Bucuresti,CFR Cluj,2,0,H,5.36,3.48,1.78,5.48,3.48,1.9,4.72,3.21,1.8,,,,,,
ROU,Superliga,2021/2022,18/10/2021,15:30,FC Botosani,Chindia Targoviste,0,0,D,2,3.12,4.68,2.1,3.12,5.09,1.99,2.95,4.23,,,,,,
ROU,Superliga,2021/2022,18/10/2021,18:30,Univ. Craiova,Academica Clinceni,5,0,H,1.29,5.62,12.19,1.36,5.75,13.5,1.27,5.11,11.15,,,,,,
ROU,Superliga,2021/2022,22/10/2021,15:30,U Craiova 1948,Gaz Metan Medias,2,0,H,2.35,2.87,3.86,2.44,3.05,4,2.26,2.79,3.6,,,,,,
ROU,Superliga,2021/2022,22/10/2021,18:30,Chindia Targoviste,Univ. Craiova,0,1,A,6.57,3.47,1.68,6.57,3.7,1.75,5.64,3.3,1.67,,,,,,
ROU,Superliga,2021/2022,23/10/2021,13:00,FC Voluntari,FC Arges,0,2,A,2.87,2.76,3.1,2.9,2.88,3.6,2.67,2.72,2.95,,,,,,
ROU,Superliga,2021/2022,23/10/2021,15:30,Mioveni,FC Botosani,1,1,D,4.16,3.13,2.11,4.16,3.2,2.23,3.68,3.03,2.09,,,,,,
ROU,Superliga,2021/2022,23/10/2021,18:30,Din. Bucuresti,FC Rapid Bucuresti,1,1,D,3.4,3.17,2.36,3.85,3.35,2.36,3.34,3.15,2.18,,,,,,
ROU,Superliga,2021/2022,25/10/2021,15:30,Academica Clinceni,UTA Arad,0,3,A,5.24,3.47,1.79,5.31,3.55,1.87,4.62,3.3,1.79,,,,,,
ROU,Superliga,2021/2022,25/10/2021,18:30,CFR Cluj,Sepsi Sf. Gheorghe,2,0,H,1.78,3.35,5.67,1.8,3.52,6,1.72,3.27,5.23,,,,,,
ROU,Superliga,2021/2022,29/10/2021,18:30,FC Botosani,Farul Constanta,0,2,A,2.71,2.96,3.07,2.71,3.05,3.11,2.57,2.88,2.91,,,,,,
ROU,Superliga,2021/2022,30/10/2021,17:00,Univ. Craiova,Mioveni,5,2,H,1.31,5.47,10.59,1.33,6,11,1.29,5.04,9.68,,,,,,
ROU,Superliga,2021/2022,30/10/2021,19:30,CFR Cluj,FC Voluntari,1,0,H,1.39,4.34,11.18,1.44,4.55,11.18,1.38,4.13,9.05,,,,,,
ROU,Superliga,2021/2022,31/10/2021,13:00,Gaz Metan Medias,Academica Clinceni,1,1,D,2.11,3.27,3.93,2.13,3.38,4.2,2.03,3.17,3.7,,,,,,
ROU,Superliga,2021/2022,31/10/2021,15:30,Sepsi Sf. Gheorghe,Din. Bucuresti,4,1,H,1.56,4,6.91,1.56,4.15,7.01,1.52,3.91,6.01,,,,,,
ROU,Superliga,2021/2022,31/10/2021,18:30,FCSB,FC Arges,2,1,H,1.66,3.85,5.72,1.73,3.9,6.17,1.64,3.61,5.33,,,,,,
ROU,Superliga,2021/2022,01/11/2021,15:30,UTA Arad,Chindia Targoviste,0,2,A,1.94,3.02,5.29,1.97,3.15,5.29,1.91,2.96,4.64,,,,,,
ROU,Superliga,2021/2022,01/11/2021,18:30,FC Rapid Bucuresti,U Craiova 1948,0,0,D,2.18,3.05,4.05,2.2,3.2,4.09,2.13,2.97,3.71,,,,,,
ROU,Superliga,2021/2022,04/11/2021,18:30,Farul Constanta,FCSB,0,1,A,3.43,3.32,2.27,3.43,3.36,2.45,3.27,3.19,2.18,,,,,,
ROU,Superliga,2021/2022,05/11/2021,15:30,Chindia Targoviste,Gaz Metan Medias,0,1,A,2.59,2.65,3.7,2.59,2.8,3.75,2.49,2.62,3.39,,,,,,
ROU,Superliga,2021/2022,05/11/2021,18:30,FC Arges,FC Botosani,0,1,A,3.28,2.77,2.72,3.28,2.88,2.74,3.09,2.71,2.59,,,,,,
ROU,Superliga,2021/2022,06/11/2021,15:30,Mioveni,UTA Arad,0,0,D,4.73,3.24,1.94,4.75,3.35,1.98,4.24,3.13,1.92,,,,,,
ROU,Superliga,2021/2022,06/11/2021,18:30,U Craiova 1948,Sepsi Sf. Gheorghe,1,1,D,4.07,2.88,2.27,4.07,3.1,2.33,3.66,2.88,2.19,,,,,,
ROU,Superliga,2021/2022,07/11/2021,13:30,Farul Constanta,Univ. Craiova,1,0,H,3.45,3.22,2.31,3.52,3.23,2.32,3.27,3.07,2.25,,,,,,
ROU,Superliga,2021/2022,07/11/2021,16:30,Din. Bucuresti,CFR Cluj,0,3,A,8.25,4.34,1.45,8.4,4.6,1.48,7.09,4.19,1.43,,,,,,
ROU,Superliga,2021/2022,07/11/2021,19:30,FC Voluntari,FCSB,0,0,D,5.11,3.6,1.78,5.4,3.6,1.81,4.65,3.41,1.76,,,,,,
ROU,Superliga,2021/2022,08/11/2021,18:30,Academica Clinceni,FC Rapid Bucuresti,2,3,A,4,3.12,2.16,4.33,3.32,2.21,3.88,3.06,2.04,,,,,,
ROU,Superliga,2021/2022,19/11/2021,15:30,Academica Clinceni,Sepsi Sf. Gheorghe,0,2,A,6.39,3.81,1.62,6.7,3.98,1.75,5.96,3.69,1.57,,,,,,
ROU,Superliga,2021/2022,19/11/2021,18:30,Chindia Targoviste,FC Rapid Bucuresti,2,2,D,3.17,2.87,2.71,3.3,2.97,2.76,3,2.8,2.59,,,,,,
ROU,Superliga,2021/2022,20/11/2021,13:00,Farul Constanta,UTA Arad,0,0,D,2.28,2.95,3.91,2.3,3.15,3.91,2.2,2.96,3.52,,,,,,
ROU,Superliga,2021/2022,20/11/2021,18:30,U Craiova 1948,CFR Cluj,0,2,A,6.64,3.31,1.68,6.8,3.6,1.73,5.8,3.29,1.66,,,,,,
ROU,Superliga,2021/2022,21/11/2021,16:00,FC Arges,Univ. Craiova,3,2,H,5.65,3.33,1.75,6,3.55,1.8,5.15,3.3,1.72,,,,,,
ROU,Superliga,2021/2022,21/11/2021,18:30,FCSB,FC Botosani,3,1,H,1.67,3.77,5.4,1.74,3.8,5.68,1.68,3.52,5.04,,,,,,
ROU,Superliga,2021/2022,22/11/2021,15:30,Mioveni,Gaz Metan Medias,1,0,H,2.32,2.91,3.71,2.38,3.02,3.81,2.28,2.82,3.51,,,,,,
ROU,Superliga,2021/2022,22/11/2021,18:30,FC Voluntari,Din. Bucuresti,2,1,H,2.07,3.12,4.14,2.1,3.3,4.2,2.03,3.11,3.8,,,,,,
ROU,Superliga,2021/2022,26/11/2021,18:30,Din. Bucuresti,U Craiova 1948,0,0,D,2.69,3.08,2.88,2.8,3.18,2.94,2.66,2.97,2.73,,,,,,
ROU,Superliga,2021/2022,27/11/2021,13:00,Sepsi Sf. Gheorghe,Chindia Targoviste,0,0,D,1.62,3.5,6.83,1.74,3.6,7,1.63,3.36,6.08,,,,,,
ROU,Superliga,2021/2022,27/11/2021,15:30,UTA Arad,FC Arges,0,1,A,2.07,3,4.38,2.15,3.1,4.75,2.06,2.96,3.95,,,,,,
ROU,Superliga,2021/2022,27/11/2021,18:30,FC Rapid Bucuresti,Mioveni,1,1,D,2.24,2.92,3.92,2.31,3.2,4.2,2.1,2.93,3.84,,,,,,
ROU,Superliga,2021/2022,28/11/2021,15:30,FC Botosani,FC Voluntari,1,1,D,2.06,3.2,4.05,2.11,3.3,4.19,2.03,3.13,3.79,,,,,,
ROU,Superliga,2021/2022,28/11/2021,18:15,Univ. Craiova,FCSB,2,3,A,2.11,3.39,3.61,2.32,3.45,3.61,2.16,3.22,3.28,,,,,,
ROU,Superliga,2021/2022,29/11/2021,15:30,Gaz Metan Medias,Farul Constanta,1,1,D,4.4,2.94,2.09,4.5,3.15,2.12,4.05,2.95,2.03,,,,,,
ROU,Superliga,2021/2022,29/11/2021,18:30,CFR Cluj,Academica Clinceni,2,0,H,1.06,13.26,46.23,1.08,15.25,67,1.04,12.11,43.7,,,,,,
ROU,Superliga,2021/2022,03/12/2021,19:00,Academica Clinceni,Din. Bucuresti,1,0,H,4.18,3.15,2.04,4.33,3.4,2.07,3.89,3.19,1.98,,,,,,
ROU,Superliga,2021/2022,04/12/2021,13:00,Chindia Targoviste,CFR Cluj,0,1,A,6.92,3.17,1.7,7.1,3.35,1.73,6.21,3.13,1.68,,,,,,
ROU,Superliga,2021/2022,04/12/2021,19:30,Farul Constanta,FC Rapid Bucuresti,2,0,H,1.83,3.34,4.99,1.9,3.45,5.09,1.82,3.27,4.57,,,,,,
ROU,Superliga,2021/2022,05/12/2021,11:30,Mioveni,Sepsi Sf. Gheorghe,0,2,A,4.11,2.92,2.18,4.4,3.13,2.2,3.87,2.94,2.1,,,,,,
ROU,Superliga,2021/2022,05/12/2021,14:00,U Craiova 1948,FC Voluntari,0,2,A,2.73,2.75,3.19,2.78,2.99,3.21,2.61,2.8,2.97,,,,,,
ROU,Superliga,2021/2022,05/12/2021,19:30,FCSB,UTA Arad,2,1,H,1.78,3.49,5.05,1.9,3.6,5.12,1.8,3.34,4.51,,,,,,
ROU,Superliga,2021/2022,06/12/2021,15:30,FC Arges,Gaz Metan Medias,1,2,A,1.79,3.11,5.9,2,3.3,5.91,1.83,3.02,5.04,,,,,,
ROU,Superliga,2021/2022,06/12/2021,18:30,FC Botosani,Univ. Craiova,2,2,D,3.09,3.21,2.45,3.25,3.3,2.52,3.04,3.12,2.34,,,,,,
ROU,Superliga,2021/2022,10/12/2021,15:30,U Craiova 1948,Academica Clinceni,1,2,A,1.82,3.37,4.95,1.89,3.5,5.4,1.79,3.23,4.77,,,,,,
ROU,Superliga,2021/2022,10/12/2021,18:30,FC Rapid Bucuresti,FC Arges,2,0,H,2.85,2.81,2.96,2.94,3,2.97,2.73,2.81,2.82,,,,,,
ROU,Superliga,2021/2022,11/12/2021,13:00,UTA Arad,FC Botosani,0,0,D,2.08,3.04,4.25,2.27,3.05,4.5,2.12,2.91,3.85,,,,,,
ROU,Superliga,2021/2022,11/12/2021,15:30,FC Voluntari,Univ. Craiova,1,1,D,3.5,3.34,2.18,4,3.47,2.25,3.48,3.19,2.12,,,,,,
ROU,Superliga,2021/2022,11/12/2021,18:30,Gaz Metan Medias,FCSB,0,1,A,6.02,3.48,1.68,6.2,3.73,1.7,5.62,3.36,1.66,,,,,,
ROU,Superliga,2021/2022,12/12/2021,15:00,Sepsi Sf. Gheorghe,Farul Constanta,1,0,H,2.2,2.91,4.04,2.4,3.04,4.18,2.19,2.88,3.69,,,,,,
ROU,Superliga,2021/2022,12/12/2021,17:30,CFR Cluj,Mioveni,1,0,H,1.32,4.81,11.79,1.35,5,12,1.32,4.62,10.09,,,,,,
ROU,Superliga,2021/2022,13/12/2021,18:30,Din. Bucuresti,Chindia Targoviste,1,0,H,2.65,2.85,3.17,2.67,2.97,3.23,2.55,2.81,3.03,,,,,,
ROU,Superliga,2021/2022,14/12/2021,15:30,Academica Clinceni,FC Voluntari,0,0,D,5.07,3.41,1.79,5.28,3.5,1.86,4.56,3.27,1.81,,,,,,
ROU,Superliga,2021/2022,14/12/2021,18:30,Univ. Craiova,UTA Arad,0,0,D,1.73,3.67,5.04,1.83,3.82,5.04,1.73,3.58,4.55,,,,,,
ROU,Superliga,2021/2022,15/12/2021,13:00,FC Botosani,Gaz Metan Medias,2,1,H,1.71,3.42,5.77,1.76,3.5,6.2,1.72,3.2,5.44,,,,,,
ROU,Superliga,2021/2022,15/12/2021,15:30,FC Arges,Sepsi Sf. Gheorghe,1,1,D,3.59,2.71,2.52,3.67,2.98,2.55,3.33,2.77,2.41,,,,,,
ROU,Superliga,2021/2022,15/12/2021,18:30,FCSB,FC Rapid Bucuresti,3,1,H,1.56,4,6.27,1.58,4.35,6.75,1.52,3.92,6.03,,,,,,
ROU,Superliga,2021/2022,16/12/2021,13:00,Chindia Targoviste,U Craiova 1948,0,3,A,2.46,2.76,3.62,3.2,2.88,4.85,2.4,2.7,3.5,,,,,,
ROU,Superliga,2021/2022,16/12/2021,15:30,Mioveni,Din. Bucuresti,2,1,H,1.78,3.51,5.01,2.2,3.68,5.2,1.78,3.37,4.64,,,,,,
ROU,Superliga,2021/2022,16/12/2021,18:30,Farul Constanta,CFR Cluj,0,2,A,3.1,2.77,2.77,3.75,2.86,2.79,3.06,2.72,2.6,,,,,,
ROU,Superliga,2021/2022,17/12/2021,18:30,FC Voluntari,UTA Arad,2,1,H,3.1,2.8,2.75,3.16,2.88,2.85,2.99,2.74,2.63,,,,,,
ROU,Superliga,2021/2022,18/12/2021,16:00,Gaz Metan Medias,Univ. Craiova,1,1,D,5.37,3.3,1.79,5.5,3.6,1.81,4.93,3.28,1.75,,,,,,
ROU,Superliga,2021/2022,18/12/2021,18:30,FC Rapid Bucuresti,FC Botosani,1,1,D,3.31,3.03,2.42,3.31,3.1,2.48,3.11,2.97,2.36,,,,,,
ROU,Superliga,2021/2022,19/12/2021,11:30,Academica Clinceni,Chindia Targoviste,0,1,A,3.5,2.76,2.52,3.63,2.95,2.54,3.33,2.81,2.37,,,,,,
ROU,Superliga,2021/2022,19/12/2021,14:00,CFR Cluj,FC Arges,1,0,H,1.45,3.92,9.26,1.47,4.2,9.8,1.44,3.87,8.18,,,,,,
ROU,Superliga,2021/2022,19/12/2021,18:30,Sepsi Sf. Gheorghe,FCSB,0,0,D,2.68,2.86,3.12,2.7,3.04,3.16,2.56,2.85,2.96,,,,,,
ROU,Superliga,2021/2022,20/12/2021,15:30,U Craiova 1948,Mioveni,0,0,D,2.54,2.86,3.33,2.76,2.95,3.54,2.52,2.79,3.1,,,,,,
ROU,Superliga,2021/2022,20/12/2021,18:30,Din. Bucuresti,Farul Constanta,0,2,A,8,3.77,1.52,8.1,4.2,1.56,6.82,3.8,1.5,,,,,,
ROU,Superliga,2021/2022,21/01/2022,18:00,FC Arges,Din. Bucuresti,2,1,H,1.65,3.64,5.9,1.73,3.75,5.9,1.65,3.43,5.31,,,,,,
ROU,Superliga,2021/2022,22/01/2022,12:30,Chindia Targoviste,FC Voluntari,0,0,D,2.82,2.75,3.07,2.88,2.82,3.08,2.76,2.65,2.9,,,,,,
ROU,Superliga,2021/2022,22/01/2022,18:00,Univ. Craiova,FC Rapid Bucuresti,1,0,H,1.99,3.49,3.66,2.12,3.7,4.6,1.88,3.44,3.84,,,,,,
ROU,Superliga,2021/2022,23/01/2022,12:30,Mioveni,Academica Clinceni,3,1,H,1.11,9.02,28.47,1.15,10,46,1.08,8.4,33.37,,,,,,
ROU,Superliga,2021/2022,23/01/2022,15:00,UTA Arad,Gaz Metan Medias,0,1,A,1.56,3.67,7.45,1.57,3.75,7.8,1.53,3.52,7.02,,,,,,
ROU,Superliga,2021/2022,23/01/2022,18:00,FCSB,CFR Cluj,3,3,D,2.82,2.72,3.12,2.85,3,3.2,2.65,2.76,2.91,,,,,,
ROU,Superliga,2021/2022,24/01/2022,15:30,FC Botosani,Sepsi Sf. Gheorghe,1,0,H,3.33,2.78,2.6,3.33,2.93,2.66,3.07,2.78,2.52,,,,,,
ROU,Superliga,2021/2022,24/01/2022,18:00,Farul Constanta,U Craiova 1948,3,2,H,1.56,3.64,7.48,1.57,3.9,7.8,1.54,3.52,6.72,,,,,,
ROU,Superliga,2021/2022,28/01/2022,18:00,Sepsi Sf. Gheorghe,Univ. Craiova,3,1,H,2.73,2.83,3.09,2.75,3,3.13,2.6,2.82,2.92,,,,,,
ROU,Superliga,2021/2022,29/01/2022,12:00,FC Voluntari,Gaz Metan Medias,3,1,H,1.74,3.31,5.88,1.8,3.45,6,1.72,3.2,5.34,,,,,,
ROU,Superliga,2021/2022,29/01/2022,18:00,FC Rapid Bucuresti,UTA Arad,1,1,D,2.97,2.87,2.79,2.98,3.06,2.85,2.76,2.87,2.7,,,,,,
ROU,Superliga,2021/2022,30/01/2022,12:00,Chindia Targoviste,Mioveni,0,0,D,2.69,2.63,3.43,2.72,2.72,3.6,2.55,2.57,3.32,,,,,,
ROU,Superliga,2021/2022,30/01/2022,15:00,U Craiova 1948,FC Arges,1,0,H,2.74,2.68,3.27,2.74,2.88,3.35,2.58,2.68,3.11,,,,,,
ROU,Superliga,2021/2022,30/01/2022,18:00,Din. Bucuresti,FCSB,0,3,A,7.89,4.25,1.45,8,4.35,1.49,7.1,4.13,1.43,,,,,,
ROU,Superliga,2021/2022,31/01/2022,18:00,CFR Cluj,FC Botosani,1,1,D,1.51,3.81,8.1,1.56,4.05,8.2,1.5,3.65,7.09,,,,,,
ROU,Superliga,2021/2022,04/02/2022,15:30,Mioveni,FC Voluntari,0,0,D,3.05,2.64,2.97,3.17,2.95,2.97,2.95,2.68,2.71,,,,,,
ROU,Superliga,2021/2022,04/02/2022,17:55,Gaz Metan Medias,FC Rapid Bucuresti,1,1,D,3.31,2.8,2.6,3.31,3,2.61,3.11,2.8,2.48,,,,,,
ROU,Superliga,2021/2022,05/02/2022,11:30,UTA Arad,Sepsi Sf. Gheorghe,1,0,H,2.68,2.93,3.04,2.8,2.96,3.05,2.61,2.8,2.94,,,,,,
ROU,Superliga,2021/2022,05/02/2022,14:00,Farul Constanta,Chindia Targoviste,0,1,A,1.58,3.64,7.68,1.61,3.8,7.68,1.56,3.49,6.69,,,,,,
ROU,Superliga,2021/2022,05/02/2022,19:00,Univ. Craiova,CFR Cluj,1,1,D,3.02,2.84,2.78,3.05,3,2.78,2.87,2.9,2.58,,,,,,
ROU,Superliga,2021/2022,06/02/2022,12:30,FC Arges,Academica Clinceni,1,0,H,1.04,10.28,42.28,1.09,14,81,1.06,10.6,34.01,,,,,,
ROU,Superliga,2021/2022,06/02/2022,17:55,FCSB,U Craiova 1948,2,2,D,1.48,4.17,7.16,1.5,4.35,7.2,1.47,4.07,6.53,,,,,,
ROU,Superliga,2021/2022,07/02/2022,17:55,FC Botosani,Din. Bucuresti,4,0,H,1.72,3.37,5.71,1.78,3.55,5.71,1.72,3.33,5.04,,,,,,
ROU,Superliga,2021/2022,08/02/2022,13:00,Sepsi Sf. Gheorghe,Gaz Metan Medias,2,0,H,1.55,3.49,7.74,1.59,3.75,8.19,1.54,3.51,6.73,,,,,,
ROU,Superliga,2021/2022,08/02/2022,15:30,CFR Cluj,UTA Arad,0,0,D,1.81,3.03,6.12,1.83,3.3,7.6,1.77,3.05,5.39,,,,,,
ROU,Superliga,2021/2022,08/02/2022,17:55,FC Voluntari,FC Rapid Bucuresti,0,0,D,2.19,2.93,4.07,2.2,3.14,4.07,2.13,2.95,3.66,,,,,,
ROU,Superliga,2021/2022,09/02/2022,13:00,Chindia Targoviste,FC Arges,1,1,D,2.77,2.59,3.36,2.85,2.75,3.4,2.65,2.57,3.19,,,,,,
ROU,Superliga,2021/2022,09/02/2022,15:30,Mioveni,Farul Constanta,1,1,D,3.61,2.74,2.48,3.79,3,2.55,3.49,2.78,2.31,,,,,,
ROU,Superliga,2021/2022,09/02/2022,17:55,Academica Clinceni,FCSB,0,3,A,21.88,7.01,1.16,23,7.5,1.19,17.67,6.68,1.15,,,,,,
ROU,Superliga,2021/2022,10/02/2022,15:00,U Craiova 1948,FC Botosani,3,2,H,2.59,2.83,3.28,2.72,2.88,3.4,2.54,2.75,3.09,,,,,,
ROU,Superliga,2021/2022,10/02/2022,17:55,Din. Bucuresti,Univ. Craiova,1,6,A,6.52,3.74,1.59,6.76,3.95,1.63,5.99,3.7,1.55,,,,,,
ROU,Superliga,2021/2022,11/02/2022,17:55,FC Rapid Bucuresti,Sepsi Sf. Gheorghe,1,1,D,3.78,2.82,2.35,4,3,2.35,3.62,2.8,2.25,,,,,,
ROU,Superliga,2021/2022,12/02/2022,12:00,Farul Constanta,FC Voluntari,3,0,H,1.78,3.25,5.64,1.83,3.55,6.2,1.74,3.19,5.29,,,,,,
ROU,Superliga,2021/2022,12/02/2022,17:55,Gaz Metan Medias,CFR Cluj,1,2,A,11.56,4.32,1.36,12.5,4.5,1.41,10.27,4.15,1.35,,,,,,
ROU,Superliga,2021/2022,13/02/2022,12:30,FC Arges,Mioveni,1,0,H,2.42,2.83,3.61,2.45,2.97,3.61,2.37,2.78,3.35,,,,,,
ROU,Superliga,2021/2022,13/02/2022,15:00,UTA Arad,Din. Bucuresti,0,0,D,1.42,4.39,8.45,1.43,4.7,9.2,1.39,4.25,7.97,,,,,,
ROU,Superliga,2021/2022,13/02/2022,17:55,FCSB,Chindia Targoviste,3,2,H,1.62,3.54,6.64,1.67,3.63,6.64,1.62,3.41,5.94,,,,,,
ROU,Superliga,2021/2022,14/02/2022,15:30,FC Botosani,Academica Clinceni,2,0,H,1.23,5.94,14.55,1.3,6.2,15.5,1.24,5.38,11.75,,,,,,
ROU,Superliga,2021/2022,14/02/2022,17:55,Univ. Craiova,U Craiova 1948,2,0,H,1.76,3.34,5.51,1.82,3.49,5.53,1.74,3.28,4.91,,,,,,
ROU,Superliga,2021/2022,17/02/2022,18:00,Academica Clinceni,Farul Constanta,2,8,A,22.38,6.17,1.18,28,7,1.19,20.33,6.31,1.15,,,,,,
ROU,Superliga,2021/2022,18/02/2022,15:30,U Craiova 1948,UTA Arad,1,1,D,3.09,2.84,2.69,3.15,2.95,2.7,3.01,2.82,2.55,,,,,,
ROU,Superliga,2021/2022,18/02/2022,17:55,Din. Bucuresti,Gaz Metan Medias,4,0,H,1.34,4.77,9.18,1.47,8.8,18,1.19,6.7,12.79,,,,,,
ROU,Superliga,2021/2022,19/02/2022,15:00,FC Voluntari,Sepsi Sf. Gheorghe,3,1,H,3.11,2.83,2.71,3.16,2.96,2.83,3,2.78,2.58,,,,,,
ROU,Superliga,2021/2022,19/02/2022,17:55,Mioveni,FCSB,1,1,D,5.66,3.33,1.75,5.97,3.84,1.84,5.19,3.21,1.75,,,,,,
ROU,Superliga,2021/2022,20/02/2022,10:30,Chindia Targoviste,FC Botosani,1,1,D,2.89,2.72,3.03,3.05,2.95,3.09,2.73,2.7,2.92,,,,,,
ROU,Superliga,2021/2022,20/02/2022,17:55,CFR Cluj,FC Rapid Bucuresti,2,1,H,1.43,4.17,8.8,1.56,4.4,9.6,1.41,4.04,8.25,,,,,,
ROU,Superliga,2021/2022,21/02/2022,15:30,Farul Constanta,FC Arges,0,1,A,1.6,3.82,6.08,1.64,3.88,6.5,1.57,3.66,5.88,,,,,,
ROU,Superliga,2021/2022,21/02/2022,17:55,Academica Clinceni,Univ. Craiova,1,3,A,26.11,11.05,1.09,46,14,1.09,27.97,10.21,1.07,,,,,,
ROU,Superliga,2021/2022,25/02/2022,15:30,UTA Arad,Academica Clinceni,2,0,H,1.23,5.93,13.52,1.26,6,14,1.24,5.44,11.78,,,,,,
ROU,Superliga,2021/2022,25/02/2022,18:30,Univ. Craiova,Chindia Targoviste,1,0,H,1.44,4.05,9.33,1.52,4.35,9.33,1.45,3.81,7.84,,,,,,
ROU,Superliga,2021/2022,26/02/2022,13:00,Gaz Metan Medias,U Craiova 1948,0,3,A,41.66,12.15,1.06,45.68,19,1.1,31.38,11.7,1.05,,,,,,
ROU,Superliga,2021/2022,26/02/2022,15:30,Sepsi Sf. Gheorghe,CFR Cluj,0,2,A,2.79,2.88,2.96,3.2,2.9,3.05,2.91,2.72,2.74,,,,,,
ROU,Superliga,2021/2022,26/02/2022,18:30,FC Rapid Bucuresti,Din. Bucuresti,1,1,D,1.91,3.25,4.63,1.96,3.45,4.66,1.88,3.23,4.23,,,,,,
ROU,Superliga,2021/2022,27/02/2022,11:00,FC Arges,FC Voluntari,0,0,D,2.53,2.73,3.54,2.53,2.94,3.59,2.42,2.76,3.3,,,,,,
ROU,Superliga,2021/2022,27/02/2022,13:30,FC Botosani,Mioveni,0,0,D,1.96,3.1,4.65,2.07,3.2,4.75,1.96,2.97,4.27,,,,,,
ROU,Superliga,2021/2022,27/02/2022,19:00,FCSB,Farul Constanta,0,2,A,1.96,3.24,4.38,2.19,3.45,4.4,1.93,3.17,4.08,,,,,,
ROU,Superliga,2021/2022,01/03/2022,13:00,Chindia Targoviste,UTA Arad,1,0,H,3.56,2.65,2.6,3.56,2.76,2.6,3.37,2.63,2.48,,,,,,
ROU,Superliga,2021/2022,01/03/2022,15:30,Din. Bucuresti,Sepsi Sf. Gheorghe,1,3,A,3.78,3.2,2.14,4.1,3.31,2.21,3.72,3.12,2.05,,,,,,
ROU,Superliga,2021/2022,01/03/2022,17:55,U Craiova 1948,FC Rapid Bucuresti,3,2,H,2.39,2.98,3.45,2.41,3.13,3.5,2.3,2.95,3.29,,,,,,
ROU,Superliga,2021/2022,02/03/2022,13:00,Academica Clinceni,Gaz Metan Medias,2,0,H,1.31,5.06,11.17,1.32,5.5,13,1.28,5.05,10.31,,,,,,
ROU,Superliga,2021/2022,02/03/2022,15:30,Mioveni,Univ. Craiova,0,3,A,5.12,3.04,1.92,5.5,3.24,1.93,4.76,3.06,1.85,,,,,,
ROU,Superliga,2021/2022,02/03/2022,17:55,FC Voluntari,CFR Cluj,0,1,A,4.05,2.89,2.21,4.33,3.1,2.23,3.88,2.86,2.13,,,,,,
ROU,Superliga,2021/2022,03/03/2022,16:00,Farul Constanta,FC Botosani,2,0,H,1.68,3.49,5.97,1.91,3.65,6.2,1.68,3.31,5.49,,,,,,
ROU,Superliga,2021/2022,03/03/2022,19:00,FC Arges,FCSB,1,0,H,3.44,2.77,2.55,3.55,2.88,2.65,3.24,2.74,2.46,,,,,,
ROU,Superliga,2021/2022,04/03/2022,18:30,Sepsi Sf. Gheorghe,U Craiova 1948,2,1,H,1.72,3.52,5.47,1.91,3.6,5.47,1.74,3.3,4.94,,,,,,
ROU,Superliga,2021/2022,05/03/2022,13:00,UTA Arad,Mioveni,2,1,H,1.55,3.64,7.68,1.9,3.72,8,1.6,3.41,6.54,,,,,,
ROU,Superliga,2021/2022,05/03/2022,18:30,FC Rapid Bucuresti,Academica Clinceni,1,0,H,1.28,5.23,13.02,1.31,5.35,13.78,1.28,4.96,10.91,,,,,,
ROU,Superliga,2021/2022,06/03/2022,13:00,Gaz Metan Medias,Chindia Targoviste,0,4,A,44.19,8.71,1.1,70,15,1.1,39.53,9.97,1.06,,,,,,
ROU,Superliga,2021/2022,06/03/2022,15:30,CFR Cluj,Din. Bucuresti,4,1,H,1.2,6.51,15.42,1.25,7,16,1.21,5.84,13.18,,,,,,
ROU,Superliga,2021/2022,06/03/2022,18:30,FCSB,FC Voluntari,1,0,H,1.61,3.7,6.33,1.62,3.85,6.5,1.59,3.59,5.85,,,,,,
ROU,Superliga,2021/2022,07/03/2022,15:30,FC Botosani,FC Arges,1,2,A,2.35,2.84,3.74,2.37,2.92,3.75,2.28,2.78,3.53,,,,,,
ROU,Superliga,2021/2022,07/03/2022,18:30,Univ. Craiova,Farul Constanta,1,0,H,2,3.26,4.17,2,3.4,4.33,1.95,3.19,3.98,,,,,,
ROU,Superliga,2021/2022,11/03/2022,15:30,UTA Arad,Academica Clinceni,3,0,H,1.18,6.89,17.45,1.2,7.25,23,1.17,6.35,16.24,,,,,,
ROU,Superliga,2021/2022,11/03/2022,18:30,Univ. Craiova,FC Arges,3,0,H,1.44,4.07,8.97,1.5,4.3,9.6,1.42,3.94,8.18,,,,,,
ROU,Superliga,2021/2022,12/03/2022,15:30,Chindia Targoviste,U Craiova 1948,0,0,D,2.73,2.64,3.38,2.73,2.85,3.38,2.58,2.7,3.09,,,,,,
ROU,Superliga,2021/2022,12/03/2022,18:30,CFR Cluj,FC Voluntari,3,1,H,1.4,4.19,10,1.46,4.35,10,1.41,3.91,8.75,,,,,,
ROU,Superliga,2021/2022,13/03/2022,15:30,Sepsi Sf. Gheorghe,Mioveni,3,1,H,1.6,3.48,7.24,1.63,3.8,7.3,1.59,3.41,6.35,,,,,,
ROU,Superliga,2021/2022,13/03/2022,18:30,FC Rapid Bucuresti,Din. Bucuresti,3,1,H,2.05,3.12,4.23,2.12,3.2,4.3,2.04,3.08,3.8,,,,,,
ROU,Superliga,2021/2022,14/03/2022,16:00,FC Botosani,Gaz Metan Medias,5,0,H,,,,1.09,15,80,1.05,10.55,37.4,,,,,,
ROU,Superliga,2021/2022,14/03/2022,19:00,FCSB,Farul Constanta,2,0,H,2.04,3.12,4.23,2.1,3.2,4.23,2.04,3.06,3.83,,,,,,
ROU,Superliga,2021/2022,18/03/2022,15:30,FC Botosani,UTA Arad,1,0,H,2.8,2.8,3.04,2.8,2.94,3.1,2.61,2.82,2.93,,,,,,
ROU,Superliga,2021/2022,18/03/2022,18:30,FC Voluntari,Univ. Craiova,3,1,H,5.67,3.45,1.72,5.67,3.7,1.75,5.15,3.37,1.7,,,,,,
ROU,Superliga,2021/2022,19/03/2022,10:30,Gaz Metan Medias,U Craiova 1948,0,2,A,,,,36,11,1.1,24.85,9.15,1.08,,,,,,
ROU,Superliga,2021/2022,19/03/2022,13:00,Academica Clinceni,FC Rapid Bucuresti,0,1,A,10.86,4.51,1.36,11,4.6,1.38,9.59,4.33,1.35,,,,,,
ROU,Superliga,2021/2022,19/03/2022,18:30,Farul Constanta,CFR Cluj,0,0,D,3.25,2.75,2.77,3.26,2.8,2.79,3.1,2.71,2.57,,,,,,
ROU,Superliga,2021/2022,20/03/2022,14:00,Din. Bucuresti,Sepsi Sf. Gheorghe,0,0,D,4.49,3.41,1.88,4.5,3.55,1.9,4.24,3.29,1.85,,,,,,
ROU,Superliga,2021/2022,20/03/2022,17:00,FC Arges,FCSB,2,3,A,5.88,3.37,1.72,5.88,3.65,1.75,5.31,3.39,1.68,,,,,,
ROU,Superliga,2021/2022,21/03/2022,18:30,Mioveni,Chindia Targoviste,1,0,H,3.21,2.58,2.89,3.21,2.7,2.95,3.09,2.54,2.77,,,,,,
ROU,Superliga,2021/2022,01/04/2022,15:30,U Craiova 1948,Mioveni,1,1,D,2.14,3.03,4.05,2.35,3.1,4.05,2.19,2.86,3.67,,,,,,
ROU,Superliga,2021/2022,01/04/2022,18:30,Chindia Targoviste,Din. Bucuresti,0,2,A,1.75,3.23,6.03,1.79,3.45,6.04,1.71,3.2,5.47,,,,,,
ROU,Superliga,2021/2022,02/04/2022,10:00,UTA Arad,Gaz Metan Medias,4,0,H,1.06,13.11,49.77,1.07,16,56,1.05,11.68,33.75,,,,,,
ROU,Superliga,2021/2022,02/04/2022,15:30,FC Voluntari,Farul Constanta,1,0,H,3.46,2.95,2.4,3.55,3.1,2.46,3.27,2.84,2.36,,,,,,
ROU,Superliga,2021/2022,02/04/2022,18:30,FC Rapid Bucuresti,FC Botosani,3,0,H,2.49,2.9,3.36,2.61,3.1,3.36,2.46,2.84,3.12,,,,,,
ROU,Superliga,2021/2022,03/04/2022,17:00,FCSB,Univ. Craiova,0,2,A,2.11,3.39,3.63,2.17,3.45,3.71,2.09,3.21,3.45,,,,,,
ROU,Superliga,2021/2022,04/04/2022,16:00,Sepsi Sf. Gheorghe,Academica Clinceni,6,0,H,1.1,9.65,30.98,1.13,10,34,1.1,8.38,22.24,,,,,,
ROU,Superliga,2021/2022,04/04/2022,19:00,CFR Cluj,FC Arges,2,0,H,1.4,4.1,11.07,1.41,4.4,11.07,1.37,4.09,9.39,,,,,,
ROU,Superliga,2021/2022,08/04/2022,15:30,Academica Clinceni,Chindia Targoviste,0,3,A,22.39,6.23,1.18,29,6.85,1.2,21.24,6,1.16,,,,,,
ROU,Superliga,2021/2022,08/04/2022,18:30,Din. Bucuresti,U Craiova 1948,1,2,A,3.83,3.2,2.12,3.84,3.4,2.4,3.52,3.12,2.11,,,,,,
ROU,Superliga,2021/2022,09/04/2022,15:30,FC Arges,Farul Constanta,0,2,A,3.78,2.95,2.27,3.82,3,2.28,3.53,2.9,2.2,,,,,,
ROU,Superliga,2021/2022,09/04/2022,18:30,UTA Arad,FC Rapid Bucuresti,0,2,A,2.08,2.98,4.35,2.1,3.2,4.4,2.03,3,3.97,,,,,,
ROU,Superliga,2021/2022,10/04/2022,15:30,FC Botosani,Sepsi Sf. Gheorghe,0,1,A,3.21,2.86,2.62,3.27,3,2.62,3.04,2.85,2.48,,,,,,
ROU,Superliga,2021/2022,10/04/2022,18:30,Univ. Craiova,CFR Cluj,3,2,H,2.73,2.9,3.01,2.73,3.1,3.01,2.59,2.9,2.83,,,,,,
ROU,Superliga,2021/2022,11/04/2022,16:00,Gaz Metan Medias,Mioveni,1,2,A,30.08,8.03,1.12,31,9,1.14,23.61,7.55,1.11,,,,,,
ROU,Superliga,2021/2022,11/04/2022,19:00,FCSB,FC Voluntari,4,0,H,1.5,4.02,7.51,1.5,4.25,7.8,1.47,3.96,6.74,,,,,,
ROU,Superliga,2021/2022,15/04/2022,15:30,Chindia Targoviste,FC Botosani,1,2,A,2.35,2.8,3.82,2.56,2.91,3.9,2.29,2.75,3.58,,,,,,
ROU,Superliga,2021/2022,15/04/2022,18:30,Mioveni,Din. Bucuresti,2,0,H,2.13,3.24,3.76,2.15,3.35,4.17,2.05,3.15,3.69,,,,,,
ROU,Superliga,2021/2022,16/04/2022,13:00,Sepsi Sf. Gheorghe,UTA Arad,1,0,H,1.91,3.24,4.65,2.17,3.4,4.7,1.88,3.13,4.37,,,,,,
ROU,Superliga,2021/2022,16/04/2022,15:30,FC Voluntari,FC Arges,0,1,A,2.18,3.02,3.93,2.27,3.2,3.95,2.12,2.95,3.71,,,,,,
ROU,Superliga,2021/2022,16/04/2022,18:30,Farul Constanta,Univ. Craiova,0,3,A,3.08,3.13,2.5,3.33,3.28,2.5,2.92,3.07,2.42,,,,,,
ROU,Superliga,2021/2022,17/04/2022,13:00,U Craiova 1948,Academica Clinceni,4,0,H,1.08,10.79,45.8,1.1,11,51,1.07,9.44,30.9,,,,,,
ROU,Superliga,2021/2022,17/04/2022,18:30,CFR Cluj,FCSB,0,1,A,2.18,3.07,3.84,2.23,3.35,3.9,2.11,3.1,3.49,,,,,,
ROU,Superliga,2021/2022,18/04/2022,18:30,FC Rapid Bucuresti,Gaz Metan Medias,8,0,H,1.02,16.44,48.31,1.04,25,106,1.02,14,45.77,,,,,,
ROU,Superliga,2021/2022,22/04/2022,15:30,Academica Clinceni,Mioveni,0,2,A,21.49,7.36,1.15,23,7.75,1.16,19.53,6.99,1.14,,,,,,
ROU,Superliga,2021/2022,22/04/2022,18:00,Gaz Metan Medias,Din. Bucuresti,0,1,A,41.92,10.31,1.08,42.51,11.5,1.1,31.14,9.59,1.06,,,,,,
ROU,Superliga,2021/2022,23/04/2022,11:30,UTA Arad,Chindia Targoviste,1,0,H,2.19,2.85,4.22,2.23,3.02,4.22,2.13,2.84,3.83,,,,,,
ROU,Superliga,2021/2022,23/04/2022,19:00,FC Rapid Bucuresti,Sepsi Sf. Gheorghe,1,0,H,3.32,2.87,2.54,3.41,3.02,2.55,3.15,2.84,2.43,,,,,,
ROU,Superliga,2021/2022,24/04/2022,17:00,FC Voluntari,CFR Cluj,0,1,A,7.56,3.39,1.61,7.7,3.5,1.62,6.83,3.38,1.57,,,,,,
ROU,Superliga,2021/2022,25/04/2022,13:30,FC Botosani,U Craiova 1948,2,1,H,2.43,2.95,3.4,2.46,3.14,3.4,2.33,2.96,3.19,,,,,,
ROU,Superliga,2021/2022,25/04/2022,16:00,FC Arges,Univ. Craiova,0,4,A,6.37,3.83,1.58,7,4.05,1.58,6.23,3.73,1.54,,,,,,
ROU,Superliga,2021/2022,25/04/2022,19:00,Farul Constanta,FCSB,0,4,A,5.53,3.53,1.71,6.16,3.8,1.71,5.53,3.57,1.62,,,,,,
ROU,Superliga,2021/2022,29/04/2022,15:30,Sepsi Sf. Gheorghe,Gaz Metan Medias,3,1,H,1.03,18.55,49.5,1.03,33,126,1.01,19.4,54.2,,,,,,
ROU,Superliga,2021/2022,29/04/2022,18:30,Chindia Targoviste,FC Rapid Bucuresti,0,0,D,3.11,2.76,2.78,3.12,2.84,2.85,2.92,2.72,2.69,,,,,,
ROU,Superliga,2021/2022,30/04/2022,10:30,Din. Bucuresti,Academica Clinceni,5,1,H,1.19,6.73,15.79,1.21,7,17,1.18,6.39,13.88,,,,,,
ROU,Superliga,2021/2022,30/04/2022,18:00,Univ. Craiova,FC Voluntari,1,0,H,1.35,4.81,9.54,1.38,5,9.8,1.35,4.54,8.45,,,,,,
ROU,Superliga,2021/2022,01/05/2022,17:00,U Craiova 1948,UTA Arad,1,0,H,2.43,2.98,3.36,2.74,3.2,3.36,2.4,2.98,3.03,,,,,,
ROU,Superliga,2021/2022,01/05/2022,19:30,CFR Cluj,Farul Constanta,1,0,H,1.44,3.92,10.05,1.44,4.5,12,1.37,4.16,9.4,,,,,,
ROU,Superliga,2021/2022,02/05/2022,15:30,Mioveni,FC Botosani,0,2,A,2.78,2.78,3.07,2.9,3.02,3.1,2.59,2.83,2.94,,,,,,
ROU,Superliga,2021/2022,02/05/2022,18:30,FCSB,FC Arges,4,0,H,1.17,6.94,20.06,1.2,7.75,20.12,1.16,6.67,16.58,,,,,,
ROU,Superliga,2021/2022,06/05/2022,15:30,Gaz Metan Medias,Academica Clinceni,4,3,H,3.77,3.77,1.93,3.95,3.92,2,3.55,3.67,1.91,,,,,,
ROU,Superliga,2021/2022,06/05/2022,18:30,FC Botosani,Din. Bucuresti,2,3,A,1.55,4.19,6.02,1.6,4.2,6.6,1.54,3.84,5.83,,,,,,
ROU,Superliga,2021/2022,07/05/2022,13:00,UTA Arad,Mioveni,1,0,H,2.08,2.76,4.91,2.12,3.02,5,2.06,2.81,4.18,,,,,,
ROU,Superliga,2021/2022,07/05/2022,15:30,Farul Constanta,FC Voluntari,1,1,D,1.78,3.46,5.05,1.86,3.65,5.4,1.77,3.33,4.69,,,,,,
ROU,Superliga,2021/2022,07/05/2022,18:30,FC Arges,CFR Cluj,0,6,A,15.11,5.12,1.27,17,5.3,1.3,12.82,4.85,1.26,,,,,,
ROU,Superliga,2021/2022,08/05/2022,12:30,Sepsi Sf. Gheorghe,Chindia Targoviste,2,1,H,1.6,3.7,6.44,1.77,3.8,6.6,1.6,3.48,5.95,,,,,,
ROU,Superliga,2021/2022,08/05/2022,17:30,Univ. Craiova,FCSB,0,1,A,2.68,3.37,2.68,2.68,3.45,2.85,2.49,3.3,2.67,,,,,,
ROU,Superliga,2021/2022,09/05/2022,18:30,FC Rapid Bucuresti,U Craiova 1948,2,3,A,1.68,3.51,5.53,1.78,3.66,5.6,1.7,3.4,5.1,,,,,,
ROU,Superliga,2021/2022,13/05/2022,15:30,Chindia Targoviste,Gaz Metan Medias,3,0,H,1.06,13.2,38.91,1.07,14,41,1.05,11.18,30.03,,,,,,
ROU,Superliga,2021/2022,13/05/2022,18:30,Din. Bucuresti,UTA Arad,1,1,D,3.99,3.42,1.99,4,3.58,2.01,3.73,3.36,1.95,,,,,,
ROU,Superliga,2021/2022,14/05/2022,14:30,Farul Constanta,FC Arges,1,0,H,1.44,4.5,7.39,1.45,4.62,8.5,1.41,4.21,7.34,,,,,,
ROU,Superliga,2021/2022,14/05/2022,19:00,FC Voluntari,FCSB,2,2,D,18.61,6.37,1.18,23,6.6,1.21,15.35,6.06,1.18,,,,,,
ROU,Superliga,2021/2022,15/05/2022,19:30,CFR Cluj,Univ. Craiova,2,1,H,1.48,3.94,8.21,1.5,4.2,8.3,1.45,3.89,7.28,,,,,,
ROU,Superliga,2021/2022,16/05/2022,18:30,Academica Clinceni,FC Botosani,0,4,A,42.7,13.07,1.06,91,19,1.08,39.93,12.56,1.03,,,,,,
ROU,Superliga,2021/2022,16/05/2022,18:30,Mioveni,FC Rapid Bucuresti,3,2,H,9.01,4.18,1.43,10,4.5,1.45,8.02,4.01,1.42,,,,,,
ROU,Superliga,2021/2022,16/05/2022,18:30,U Craiova 1948,Sepsi Sf. Gheorghe,0,5,A,3.62,3.38,2.11,3.62,3.45,2.26,3.27,3.25,2.15,,,,,,
ROU,Superliga,2021/2022,20/05/2022,18:30,Univ. Craiova,Farul Constanta,4,1,H,1.94,3.51,4.07,2,3.65,4.35,1.92,3.39,3.79,,,,,,
ROU,Superliga,2021/2022,21/05/2022,13:30,Concordia,Chindia Targoviste,2,1,H,4.81,3.06,1.95,4.81,3.25,2,4.34,3,1.91,,,,,,
ROU,Superliga,2021/2022,21/05/2022,18:30,U. Cluj,Din. Bucuresti,2,0,H,2.71,2.92,3.01,2.75,3.18,3.01,2.53,2.95,2.84,,,,,,
ROU,Superliga,2021/2022,22/05/2022,19:30,FCSB,CFR Cluj,3,1,H,1.63,4,5.41,1.63,4.2,5.55,1.6,3.92,5.01,,,,,,
ROU,Superliga,2021/2022,23/05/2022,18:30,FC Arges,FC Voluntari,0,1,A,2.78,2.94,2.92,2.82,3,3,2.67,2.85,2.8,,,,,,
ROU,Superliga,2021/2022,27/05/2022,18:30,Univ. Craiova,FC Botosani,2,0,H,1.5,4.1,7.14,1.51,4.3,7.5,1.47,3.98,6.65,,,,,,
ROU,Superliga,2021/2022,29/05/2022,16:15,Chindia Targoviste,Concordia,1,0,H,1.38,4.35,9.53,1.47,4.55,11,1.36,4.23,8.67,,,,,,
ROU,Superliga,2021/2022,29/05/2022,19:00,Din. Bucuresti,U. Cluj,1,1,D,1.78,3.65,4.63,1.85,3.8,4.8,1.76,3.5,4.22,,,,,,
ROU,Superliga,2022/2023,15/07/2022,16:30,FC Hermannstadt,Mioveni,3,0,H,2.02,2.99,4.59,2.02,3.15,4.6,1.96,2.96,4.28,,,,,,
ROU,Superliga,2022/2023,15/07/2022,19:30,Univ. Craiova,Sepsi Sf. Gheorghe,2,2,D,2.12,3.23,3.78,2.27,3.4,3.78,2.1,3.16,3.46,,,,,,
ROU,Superliga,2022/2023,16/07/2022,16:30,FC Arges,UTA Arad,2,0,H,3.26,2.88,2.57,3.4,3.04,2.65,3.15,2.86,2.41,,,,,,
ROU,Superliga,2022/2023,16/07/2022,19:30,CFR Cluj,FC Rapid Bucuresti,1,0,H,1.74,3.54,5.29,1.83,3.6,5.29,1.75,3.34,4.76,,,,,,
ROU,Superliga,2022/2023,17/07/2022,16:30,Farul Constanta,U Craiova 1948,2,1,H,1.99,3.2,4.35,2.04,3.43,4.35,1.97,3.19,3.85,,,,,,
ROU,Superliga,2022/2023,17/07/2022,19:30,FCSB,U. Cluj,1,1,D,1.21,6.18,15.21,1.23,6.8,17,1.2,5.8,13.4,,,,,,
ROU,Superliga,2022/2023,18/07/2022,16:30,FC Botosani,Chindia Targoviste,3,2,H,2.27,2.95,3.78,2.34,3.05,3.78,2.23,2.87,3.52,,,,,,
ROU,Superliga,2022/2023,18/07/2022,19:30,Petrolul,FC Voluntari,0,1,A,2.53,2.96,3.23,2.65,3.08,3.23,2.45,2.91,3.01,,,,,,
ROU,Superliga,2022/2023,22/07/2022,18:30,Mioveni,Farul Constanta,0,2,A,3.52,3.01,2.33,3.8,3.13,2.37,3.39,2.98,2.23,,,,,,
ROU,Superliga,2022/2023,23/07/2022,18:30,FC Voluntari,FC Botosani,0,1,A,2.3,3.07,3.52,2.35,3.14,3.52,2.27,2.94,3.31,,,,,,
ROU,Superliga,2022/2023,24/07/2022,10:00,Sepsi Sf. Gheorghe,FC Arges,4,0,H,1.65,3.5,6.43,1.65,3.77,6.8,1.58,3.56,5.92,,,,,,
ROU,Superliga,2022/2023,24/07/2022,14:00,U Craiova 1948,CFR Cluj,3,1,H,4.68,3.28,1.89,4.9,3.52,2,4.37,3.2,1.85,,,,,,
ROU,Superliga,2022/2023,24/07/2022,16:30,U. Cluj,Univ. Craiova,1,1,D,4.58,3.48,1.85,4.75,3.65,1.87,4.3,3.43,1.8,,,,,,
ROU,Superliga,2022/2023,24/07/2022,19:30,FC Rapid Bucuresti,FCSB,2,0,H,3.15,3.26,2.38,3.2,3.3,2.45,3.06,3.13,2.29,,,,,,
ROU,Superliga,2022/2023,25/07/2022,16:30,Chindia Targoviste,FC Hermannstadt,1,1,D,2.8,2.71,3.17,2.8,2.85,3.25,2.65,2.73,2.96,,,,,,
ROU,Superliga,2022/2023,25/07/2022,19:30,UTA Arad,Petrolul,2,0,H,1.9,3.15,4.92,1.99,3.35,4.92,1.87,3.13,4.43,,,,,,
ROU,Superliga,2022/2023,29/07/2022,16:30,FC Arges,U. Cluj,3,1,H,2.9,2.93,2.79,2.95,3.04,3.15,2.78,2.87,2.69,,,,,,
ROU,Superliga,2022/2023,29/07/2022,19:30,Farul Constanta,Chindia Targoviste,0,0,D,1.93,3.09,4.85,1.99,3.4,5.15,1.89,3.06,4.47,,,,,,
ROU,Superliga,2022/2023,30/07/2022,16:30,FC Voluntari,UTA Arad,3,0,H,3.35,2.84,2.54,3.37,3,2.7,3.15,2.85,2.43,,,,,,
ROU,Superliga,2022/2023,30/07/2022,19:30,CFR Cluj,Mioveni,4,2,H,1.29,4.91,13.71,1.3,5.65,14,1.27,4.97,11.06,,,,,,
ROU,Superliga,2022/2023,31/07/2022,16:00,Petrolul,Sepsi Sf. Gheorghe,1,1,D,4.39,3.17,1.99,4.39,3.4,2.02,4.02,3.16,1.94,,,,,,
ROU,Superliga,2022/2023,31/07/2022,18:15,Univ. Craiova,FC Rapid Bucuresti,0,1,A,1.98,3.26,4.26,2.07,3.5,4.26,1.95,3.24,3.88,,,,,,
ROU,Superliga,2022/2023,31/07/2022,20:30,FCSB,U Craiova 1948,1,1,D,1.72,3.88,4.79,1.75,4.1,4.9,1.68,3.82,4.4,,,,,,
ROU,Superliga,2022/2023,01/08/2022,18:30,FC Hermannstadt,FC Botosani,1,1,D,2.06,3.12,4.18,2.12,3.25,4.18,2.04,3.07,3.76,,,,,,
ROU,Superliga,2022/2023,05/08/2022,17:00,U. Cluj,Petrolul,0,1,A,2.22,3.08,3.71,2.3,3.25,3.76,2.19,3.02,3.43,,,,,,
ROU,Superliga,2022/2023,06/08/2022,17:00,Mioveni,FCSB,1,1,D,5.14,3.32,1.81,5.5,3.94,1.81,4.74,3.41,1.74,,,,,,
ROU,Superliga,2022/2023,06/08/2022,19:45,FC Rapid Bucuresti,FC Arges,2,1,H,1.82,3.3,5.11,1.83,3.45,5.2,1.78,3.29,4.65,,,,,,
ROU,Superliga,2022/2023,07/08/2022,14:00,Sepsi Sf. Gheorghe,UTA Arad,0,0,D,1.65,3.68,5.93,1.75,3.85,5.93,1.66,3.5,5.25,,,,,,
ROU,Superliga,2022/2023,07/08/2022,16:30,Chindia Targoviste,CFR Cluj,0,2,A,4,2.93,2.2,4.6,3.1,2.25,3.66,2.93,2.14,,,,,,
ROU,Superliga,2022/2023,07/08/2022,19:30,U Craiova 1948,Univ. Craiova,1,2,A,3.9,3.54,1.97,4,3.7,2.07,3.68,3.48,1.92,,,,,,
ROU,Superliga,2022/2023,08/08/2022,16:00,FC Hermannstadt,FC Voluntari,2,1,H,2.42,2.88,3.53,2.65,2.95,3.55,2.41,2.83,3.19,,,,,,
ROU,Superliga,2022/2023,08/08/2022,19:00,FC Botosani,Farul Constanta,1,1,D,3.15,2.96,2.58,3.15,3.18,2.59,2.97,2.96,2.45,,,,,,
ROU,Superliga,2022/2023,12/08/2022,19:30,FC Arges,U Craiova 1948,0,2,A,3.02,3.23,2.48,3.02,3.25,2.75,2.84,3.08,2.47,,,,,,
ROU,Superliga,2022/2023,13/08/2022,17:00,UTA Arad,U. Cluj,2,1,H,2.37,3,3.46,2.64,3.09,3.55,2.31,2.95,3.26,,,,,,
ROU,Superliga,2022/2023,13/08/2022,19:45,Petrolul,FC Rapid Bucuresti,1,0,H,3.1,3.03,2.56,3.1,3.05,2.6,2.93,2.93,2.51,,,,,,
ROU,Superliga,2022/2023,14/08/2022,14:00,Univ. Craiova,Mioveni,1,0,H,1.43,4.38,7.95,1.51,4.6,8,1.43,4.22,7.08,,,,,,
ROU,Superliga,2022/2023,14/08/2022,16:30,CFR Cluj,FC Botosani,0,1,A,1.62,3.61,6.4,1.71,3.8,7,1.6,3.59,5.67,,,,,,
ROU,Superliga,2022/2023,14/08/2022,19:30,FCSB,Chindia Targoviste,3,2,H,1.72,3.53,5.42,1.75,3.72,5.6,1.68,3.44,5.11,,,,,,
ROU,Superliga,2022/2023,15/08/2022,15:00,FC Voluntari,Sepsi Sf. Gheorghe,0,0,D,3.9,2.93,2.23,3.9,3.1,2.3,3.51,2.95,2.19,,,,,,
ROU,Superliga,2022/2023,15/08/2022,17:30,Farul Constanta,FC Hermannstadt,0,0,D,1.69,3.46,5.89,1.8,3.46,5.89,1.71,3.26,5.25,,,,,,
ROU,Superliga,2022/2023,19/08/2022,16:00,Mioveni,FC Arges,0,1,A,3.15,2.74,2.77,3.21,2.93,2.77,2.99,2.76,2.62,,,,,,
ROU,Superliga,2022/2023,19/08/2022,19:00,U Craiova 1948,Petrolul,0,1,A,1.96,3.22,4.45,1.98,3.5,4.75,1.89,3.17,4.23,,,,,,
ROU,Superliga,2022/2023,20/08/2022,19:30,FC Rapid Bucuresti,UTA Arad,1,0,H,2.16,3.04,3.94,2.2,3.13,3.94,2.14,2.96,3.62,,,,,,
ROU,Superliga,2022/2023,22/08/2022,15:00,U. Cluj,Sepsi Sf. Gheorghe,0,1,A,3.6,3.01,2.3,3.63,3.2,2.3,3.39,3,2.22,,,,,,
ROU,Superliga,2022/2023,22/08/2022,17:30,Farul Constanta,FC Voluntari,2,1,H,1.79,3.32,5.36,1.83,3.45,5.4,1.77,3.26,4.88,,,,,,
ROU,Superliga,2022/2023,26/08/2022,16:45,FC Voluntari,U. Cluj,0,0,D,2.64,2.9,3.12,2.7,3,3.12,2.55,2.87,2.94,,,,,,
ROU,Superliga,2022/2023,26/08/2022,19:30,UTA Arad,U Craiova 1948,2,1,H,2.67,2.91,3.07,2.67,3.01,3.16,2.49,2.89,3.01,,,,,,
ROU,Superliga,2022/2023,27/08/2022,17:00,Petrolul,Mioveni,0,0,D,2.22,2.92,3.96,2.22,3.18,4.2,2.09,3.02,3.72,,,,,,
ROU,Superliga,2022/2023,27/08/2022,19:45,Sepsi Sf. Gheorghe,FC Rapid Bucuresti,1,2,A,1.99,3.14,4.43,2.1,3.25,4.43,2.01,3.06,3.94,,,,,,
ROU,Superliga,2022/2023,28/08/2022,11:30,FC Arges,Chindia Targoviste,2,1,H,2.35,2.83,3.77,2.45,3,3.77,2.31,2.82,3.43,,,,,,
ROU,Superliga,2022/2023,28/08/2022,16:30,CFR Cluj,Farul Constanta,1,3,A,2.35,3.01,3.49,2.38,3.13,3.6,2.29,2.97,3.27,,,,,,
ROU,Superliga,2022/2023,28/08/2022,19:30,FCSB,FC Hermannstadt,2,2,D,1.49,4.14,7.3,1.53,4.15,7.3,1.5,3.93,6.39,,,,,,
ROU,Superliga,2022/2023,29/08/2022,19:00,Univ. Craiova,FC Botosani,1,0,H,1.4,4.53,8.69,1.47,4.75,8.7,1.4,4.3,7.55,,,,,,
ROU,Superliga,2022/2023,30/08/2022,14:30,Mioveni,UTA Arad,1,1,D,3.06,2.69,2.9,3.5,2.84,2.9,2.98,2.69,2.68,,,,,,
ROU,Superliga,2022/2023,30/08/2022,17:15,U Craiova 1948,Sepsi Sf. Gheorghe,1,0,H,3.15,3.21,2.41,3.4,3.25,2.5,3.06,3.13,2.3,,,,,,
ROU,Superliga,2022/2023,30/08/2022,20:00,FC Rapid Bucuresti,U. Cluj,1,0,H,2.44,2.88,3.48,2.49,3.02,3.55,2.33,2.9,3.25,,,,,,
ROU,Superliga,2022/2023,31/08/2022,14:30,Chindia Targoviste,Petrolul,2,3,A,3.15,2.79,2.71,3.15,2.9,3.24,2.88,2.74,2.73,,,,,,
ROU,Superliga,2022/2023,31/08/2022,17:15,CFR Cluj,FC Voluntari,4,0,H,1.49,3.76,8.92,1.53,4.15,9.3,1.48,3.73,7.57,,,,,,
ROU,Superliga,2022/2023,31/08/2022,20:00,Farul Constanta,FCSB,3,1,H,2.99,3.24,2.49,3,3.32,2.49,2.89,3.17,2.39,,,,,,
ROU,Superliga,2022/2023,01/09/2022,16:00,FC Botosani,FC Arges,0,0,D,2.66,2.93,3.06,2.66,3.05,3.09,2.57,2.89,2.9,,,,,,
ROU,Superliga,2022/2023,01/09/2022,19:00,FC Hermannstadt,Univ. Craiova,1,0,H,5.29,3.29,1.8,5.4,3.45,1.85,4.68,3.24,1.79,,,,,,
ROU,Superliga,2022/2023,02/09/2022,16:45,Sepsi Sf. Gheorghe,Mioveni,0,1,A,1.44,4.21,8.37,1.49,4.5,8.5,1.44,4.02,7.33,,,,,,
ROU,Superliga,2022/2023,02/09/2022,19:30,U. Cluj,U Craiova 1948,1,1,D,2.56,2.98,3.15,2.56,3.13,3.39,2.39,2.95,3.1,,,,,,
ROU,Superliga,2022/2023,03/09/2022,17:00,UTA Arad,Chindia Targoviste,1,1,D,2.16,2.97,4.07,2.2,3.2,4.1,2.12,2.94,3.72,,,,,,
ROU,Superliga,2022/2023,03/09/2022,19:45,FC Voluntari,FC Rapid Bucuresti,0,1,A,3.55,2.89,2.4,3.56,3,2.45,3.34,2.85,2.33,,,,,,
ROU,Superliga,2022/2023,04/09/2022,19:30,Petrolul,FC Botosani,2,1,H,2.34,3.08,3.43,2.38,3.1,3.43,2.29,2.98,3.24,,,,,,
ROU,Superliga,2022/2023,05/09/2022,16:45,FC Arges,FC Hermannstadt,0,1,A,2.67,2.87,3.12,2.67,3.02,3.25,2.51,2.85,3.02,,,,,,
ROU,Superliga,2022/2023,05/09/2022,19:30,Univ. Craiova,Farul Constanta,4,3,H,2.05,3.22,4.05,2.1,3.4,4.05,2.03,3.2,3.68,,,,,,
ROU,Superliga,2022/2023,09/09/2022,16:45,FC Botosani,UTA Arad,1,2,A,2.7,2.97,2.97,2.8,2.97,2.97,2.67,2.85,2.81,,,,,,
ROU,Superliga,2022/2023,10/09/2022,11:00,Chindia Targoviste,Sepsi Sf. Gheorghe,1,2,A,5.06,3.16,1.88,5.1,3.35,2.09,4.51,3.12,1.86,,,,,,
ROU,Superliga,2022/2023,10/09/2022,13:00,FC Hermannstadt,Petrolul,2,1,H,2.32,2.88,3.76,2.38,3.04,3.76,2.25,2.87,3.49,,,,,,
ROU,Superliga,2022/2023,10/09/2022,19:30,U Craiova 1948,FC Rapid Bucuresti,1,0,H,2.71,3.01,2.93,2.71,3.05,2.95,2.56,2.93,2.86,,,,,,
ROU,Superliga,2022/2023,11/09/2022,16:30,Farul Constanta,FC Arges,3,0,H,1.64,3.58,6.24,1.73,3.75,6.3,1.62,3.5,5.66,,,,,,
ROU,Superliga,2022/2023,11/09/2022,19:30,CFR Cluj,Univ. Craiova,2,0,H,2.44,2.86,3.51,2.45,3.03,3.55,2.34,2.89,3.25,,,,,,
ROU,Superliga,2022/2023,12/09/2022,16:00,Mioveni,U. Cluj,0,1,A,3.15,2.65,2.86,3.15,2.88,2.86,2.97,2.7,2.68,,,,,,
ROU,Superliga,2022/2023,12/09/2022,19:00,FCSB,FC Voluntari,1,1,D,1.43,4.28,8.59,1.5,4.4,8.6,1.43,4.11,7.37,,,,,,
ROU,Superliga,2022/2023,16/09/2022,16:00,FC Voluntari,U Craiova 1948,1,0,H,3.04,2.91,2.65,3.1,3.06,2.65,2.97,2.93,2.5,,,,,,
ROU,Superliga,2022/2023,16/09/2022,19:00,Petrolul,Farul Constanta,1,3,A,4.18,3.12,2.06,4.3,3.25,2.14,3.9,3.04,2.02,,,,,,
ROU,Superliga,2022/2023,17/09/2022,14:45,UTA Arad,FC Hermannstadt,1,2,A,2.3,2.87,3.83,2.33,2.94,3.9,2.24,2.83,3.6,,,,,,
ROU,Superliga,2022/2023,17/09/2022,17:00,Sepsi Sf. Gheorghe,FC Botosani,7,0,H,1.48,4.4,6.79,1.57,4.4,7,1.48,4.1,6.27,,,,,,
ROU,Superliga,2022/2023,17/09/2022,19:30,FC Rapid Bucuresti,Mioveni,2,1,H,1.81,3.21,5.4,1.9,3.21,5.4,1.85,3.07,4.71,,,,,,
ROU,Superliga,2022/2023,18/09/2022,16:30,U. Cluj,Chindia Targoviste,1,0,H,2.12,2.98,4.18,2.12,3.13,4.4,2.05,2.94,4.01,,,,,,
ROU,Superliga,2022/2023,18/09/2022,19:30,Univ. Craiova,FCSB,2,1,H,2.36,3.11,3.35,2.4,3.21,3.35,2.26,3.07,3.19,,,,,,
ROU,Superliga,2022/2023,19/09/2022,18:30,FC Arges,CFR Cluj,0,1,A,4.82,3.34,1.85,5.3,3.5,1.88,4.71,3.27,1.78,,,,,,
ROU,Superliga,2022/2023,30/09/2022,19:00,Univ. Craiova,FC Voluntari,1,1,D,1.49,4.08,7.48,1.52,4.1,7.5,1.48,3.89,6.72,,,,,,
ROU,Superliga,2022/2023,01/10/2022,17:00,Mioveni,U Craiova 1948,2,2,D,2.95,2.96,2.63,3.3,3.1,2.66,2.92,2.96,2.51,,,,,,
ROU,Superliga,2022/2023,01/10/2022,19:30,CFR Cluj,Petrolul,1,0,H,1.55,3.78,6.73,1.55,3.9,7.5,1.52,3.72,6.41,,,,,,
ROU,Superliga,2022/2023,02/10/2022,11:00,FC Hermannstadt,Sepsi Sf. Gheorghe,1,2,A,3.76,3.04,2.22,3.76,3.1,2.25,3.47,2.97,2.19,,,,,,
ROU,Superliga,2022/2023,02/10/2022,16:30,Farul Constanta,UTA Arad,2,0,H,1.81,3.2,5.49,1.83,3.42,5.5,1.76,3.21,4.97,,,,,,
ROU,Superliga,2022/2023,02/10/2022,19:30,FCSB,FC Arges,3,2,H,1.42,4.37,8.52,1.47,4.66,9,1.4,4.3,7.63,,,,,,
ROU,Superliga,2022/2023,03/10/2022,16:00,FC Botosani,U. Cluj,1,1,D,3,2.89,2.74,3,3.1,2.74,2.83,2.91,2.6,,,,,,
ROU,Superliga,2022/2023,03/10/2022,19:00,Chindia Targoviste,FC Rapid Bucuresti,2,1,H,3.27,2.95,2.51,3.3,3,2.52,3.12,2.89,2.42,,,,,,
ROU,Superliga,2022/2023,07/10/2022,16:00,FC Voluntari,Mioveni,3,1,H,2.33,2.92,3.66,2.33,3.05,3.73,2.25,2.91,3.44,,,,,,
ROU,Superliga,2022/2023,07/10/2022,19:00,FC Arges,Univ. Craiova,1,0,H,5.6,3.67,1.67,5.6,3.7,1.74,5.01,3.52,1.68,,,,,,
ROU,Superliga,2022/2023,08/10/2022,13:00,U. Cluj,FC Hermannstadt,1,0,H,2.32,2.82,3.85,2.35,2.9,3.85,2.27,2.79,3.57,,,,,,
ROU,Superliga,2022/2023,08/10/2022,19:30,FC Rapid Bucuresti,FC Botosani,1,1,D,1.66,3.61,5.86,1.7,3.66,5.9,1.66,3.5,5.27,,,,,,
ROU,Superliga,2022/2023,09/10/2022,13:30,Sepsi Sf. Gheorghe,Farul Constanta,0,1,A,2.11,3.18,3.88,2.19,3.25,3.88,2.12,3.09,3.54,,,,,,
ROU,Superliga,2022/2023,09/10/2022,19:30,Petrolul,FCSB,0,2,A,5.15,3.97,1.66,5.3,4,1.71,4.73,3.74,1.67,,,,,,
ROU,Superliga,2022/2023,10/10/2022,15:30,U Craiova 1948,Chindia Targoviste,0,1,A,1.88,3.23,4.82,1.95,3.27,4.82,1.87,3.15,4.38,,,,,,
ROU,Superliga,2022/2023,10/10/2022,18:30,UTA Arad,CFR Cluj,1,1,D,3.7,2.87,2.35,3.74,2.97,2.37,3.43,2.83,2.29,,,,,,
ROU,Superliga,2022/2023,14/10/2022,16:15,FC Arges,FC Voluntari,0,0,D,2.45,3.04,3.27,2.5,3.1,3.37,2.36,2.98,3.11,,,,,,
ROU,Superliga,2022/2023,14/10/2022,19:00,FC Hermannstadt,FC Rapid Bucuresti,0,2,A,3.12,2.62,2.93,3.2,2.71,2.95,3.02,2.56,2.8,,,,,,
ROU,Superliga,2022/2023,15/10/2022,13:30,FC Botosani,U Craiova 1948,1,0,H,3.17,3.12,2.45,3.17,3.21,2.47,3,3.08,2.37,,,,,,
ROU,Superliga,2022/2023,15/10/2022,16:00,Farul Constanta,U. Cluj,2,0,H,1.74,3.34,5.76,1.82,3.34,5.76,1.77,3.13,5.17,,,,,,
ROU,Superliga,2022/2023,15/10/2022,19:00,Univ. Craiova,Petrolul,2,1,H,1.35,4.69,10.11,1.37,5.01,10.11,1.34,4.55,8.77,,,,,,
ROU,Superliga,2022/2023,16/10/2022,12:00,Chindia Targoviste,Mioveni,1,0,H,2.02,3.07,4.44,2.1,3.3,4.5,2.02,3.02,3.97,,,,,,
ROU,Superliga,2022/2023,16/10/2022,18:30,FCSB,UTA Arad,2,1,H,1.55,4.14,6.12,1.57,4.3,6.5,1.51,3.99,5.95,,,,,,
ROU,Superliga,2022/2023,17/10/2022,19:00,CFR Cluj,Sepsi Sf. Gheorghe,2,1,H,2.08,3.2,3.98,2.13,3.2,4.4,2.05,3.04,3.79,,,,,,
ROU,Superliga,2022/2023,21/10/2022,18:30,FC Rapid Bucuresti,Farul Constanta,1,1,D,2.48,3.01,3.24,2.52,3.01,3.24,2.44,2.92,3.04,,,,,,
ROU,Superliga,2022/2023,22/10/2022,15:00,FC Voluntari,Chindia Targoviste,0,3,A,2.6,2.87,3.21,2.63,3.01,3.21,2.52,2.85,3.02,,,,,,
ROU,Superliga,2022/2023,22/10/2022,19:45,U Craiova 1948,FC Hermannstadt,1,1,D,2.27,2.99,3.71,2.36,3.1,3.85,2.22,2.93,3.47,,,,,,
ROU,Superliga,2022/2023,23/10/2022,11:30,Mioveni,FC Botosani,0,0,D,2.43,3.01,3.33,2.5,3.16,3.33,2.36,2.98,3.12,,,,,,
ROU,Superliga,2022/2023,23/10/2022,16:15,UTA Arad,Univ. Craiova,1,2,A,3.69,3.11,2.21,4,3.19,2.23,3.48,3.05,2.15,,,,,,
ROU,Superliga,2022/2023,23/10/2022,19:00,U. Cluj,CFR Cluj,1,2,A,4.35,3.04,2.05,4.4,3.07,2.1,4.01,2.95,2.03,,,,,,
ROU,Superliga,2022/2023,24/10/2022,16:15,Petrolul,FC Arges,2,0,H,2.18,3.11,3.79,2.44,3.15,3.79,2.14,3.06,3.49,,,,,,
ROU,Superliga,2022/2023,24/10/2022,19:00,Sepsi Sf. Gheorghe,FCSB,0,1,A,2.2,3.48,3.31,2.3,3.6,3.31,2.17,3.4,3.08,,,,,,
ROU,Superliga,2022/2023,28/10/2022,16:00,Chindia Targoviste,FC Botosani,2,2,D,1.85,3.35,4.85,1.9,3.5,5,1.8,3.28,4.57,,,,,,
ROU,Superliga,2022/2023,28/10/2022,19:00,U Craiova 1948,Farul Constanta,1,2,A,3.38,3.4,2.2,3.5,3.4,2.37,3.14,3.18,2.23,,,,,,
ROU,Superliga,2022/2023,29/10/2022,17:00,FC Voluntari,Petrolul,0,1,A,2.47,3.04,3.23,2.48,3.12,3.27,2.38,2.97,3.12,,,,,,
ROU,Superliga,2022/2023,29/10/2022,19:30,Sepsi Sf. Gheorghe,Univ. Craiova,0,1,A,2.43,3.12,3.2,2.43,3.21,3.36,2.33,3.08,3.07,,,,,,
ROU,Superliga,2022/2023,30/10/2022,16:15,UTA Arad,FC Arges,0,1,A,2.33,3.13,3.39,2.33,3.3,4.58,2.22,3.07,3.35,,,,,,
ROU,Superliga,2022/2023,30/10/2022,19:00,FC Rapid Bucuresti,CFR Cluj,2,1,H,2.62,2.95,3.09,2.65,2.95,3.15,2.53,2.85,3,,,,,,
ROU,Superliga,2022/2023,31/10/2022,16:00,Mioveni,FC Hermannstadt,0,2,A,2.94,2.78,2.9,3.01,2.89,2.9,2.83,2.73,2.78,,,,,,
ROU,Superliga,2022/2023,31/10/2022,19:00,U. Cluj,FCSB,2,1,H,4.03,3.19,2.07,4.2,3.28,2.07,3.85,3.1,2.02,,,,,,
ROU,Superliga,2022/2023,04/11/2022,16:00,FC Botosani,FC Voluntari,0,1,A,2.92,3.02,2.7,2.92,3.11,2.98,2.74,2.95,2.65,,,,,,
ROU,Superliga,2022/2023,04/11/2022,19:00,Farul Constanta,Mioveni,2,1,H,1.48,3.93,8.38,1.5,4.44,9,1.43,3.9,7.93,,,,,,
ROU,Superliga,2022/2023,05/11/2022,13:00,FC Arges,Sepsi Sf. Gheorghe,0,5,A,5.36,3.57,1.72,5.5,3.65,1.89,4.91,3.38,1.72,,,,,,
ROU,Superliga,2022/2023,05/11/2022,16:00,Petrolul,UTA Arad,2,1,H,2.53,3,3.17,2.65,3.21,3.17,2.52,2.96,2.9,,,,,,
ROU,Superliga,2022/2023,05/11/2022,19:00,Univ. Craiova,U. Cluj,1,0,H,1.71,3.46,5.7,1.74,3.6,5.7,1.7,3.38,5.11,,,,,,
ROU,Superliga,2022/2023,06/11/2022,14:15,FC Hermannstadt,Chindia Targoviste,0,1,A,2.54,2.75,3.48,2.56,2.97,3.48,2.42,2.78,3.27,,,,,,
ROU,Superliga,2022/2023,06/11/2022,19:00,FCSB,FC Rapid Bucuresti,3,1,H,2.22,3.16,3.6,2.28,3.35,3.6,2.17,3.14,3.32,,,,,,
ROU,Superliga,2022/2023,07/11/2022,19:00,CFR Cluj,U Craiova 1948,3,1,H,1.7,3.67,5.27,1.75,3.75,5.27,1.7,3.57,4.72,,,,,,
ROU,Superliga,2022/2023,11/11/2022,19:00,Sepsi Sf. Gheorghe,Petrolul,2,0,H,1.54,3.98,6.7,1.6,4,6.7,1.54,3.8,5.87,,,,,,
ROU,Superliga,2022/2023,12/11/2022,15:30,Chindia Targoviste,Farul Constanta,1,1,D,3.57,2.81,2.45,3.6,2.92,2.47,3.32,2.79,2.37,,,,,,
ROU,Superliga,2022/2023,12/11/2022,18:30,FC Rapid Bucuresti,Univ. Craiova,2,2,D,3.08,2.97,2.61,3.15,3.18,2.61,2.96,3,2.44,,,,,,
ROU,Superliga,2022/2023,13/11/2022,13:45,UTA Arad,FC Voluntari,1,1,D,2.61,2.91,3.15,2.61,3.05,3.35,2.39,2.93,3.11,,,,,,
ROU,Superliga,2022/2023,13/11/2022,16:00,Mioveni,CFR Cluj,0,1,A,5.28,3.25,1.82,5.39,3.4,1.89,4.71,3.2,1.8,,,,,,
ROU,Superliga,2022/2023,13/11/2022,19:00,U Craiova 1948,FCSB,0,2,A,3.77,3.47,2.03,3.77,3.6,2.06,3.46,3.36,2.01,,,,,,
ROU,Superliga,2022/2023,14/11/2022,16:00,U. Cluj,FC Arges,1,1,D,1.96,3.22,4.42,2,3.3,4.42,1.94,3.13,4.04,,,,,,
ROU,Superliga,2022/2023,14/11/2022,19:00,FC Botosani,FC Hermannstadt,0,0,D,3.2,2.78,2.69,3.2,2.91,3.14,2.9,2.77,2.67,,,,,,
ROU,Superliga,2022/2023,29/11/2022,17:00,Chindia Targoviste,Univ. Craiova,1,1,D,4.38,2.86,2.14,4.38,3.15,2.14,3.89,2.94,2.07,,,,,,
ROU,Superliga,2022/2023,30/11/2022,17:00,FC Hermannstadt,CFR Cluj,2,3,A,4.9,2.93,1.99,5,3.08,2.04,4.45,2.91,1.96,,,,,,
ROU,Superliga,2022/2023,01/12/2022,17:00,FC Botosani,FCSB,2,3,A,5.74,3.83,1.63,6,3.9,1.68,5.34,3.66,1.61,,,,,,
ROU,Superliga,2022/2023,02/12/2022,13:30,UTA Arad,Sepsi Sf. Gheorghe,1,4,A,4.16,3.19,2.03,4.18,3.36,2.05,3.87,3.16,1.98,,,,,,
ROU,Superliga,2022/2023,02/12/2022,17:00,Petrolul,U. Cluj,2,0,H,2.91,2.75,2.97,2.94,2.96,2.98,2.76,2.73,2.84,,,,,,
ROU,Superliga,2022/2023,03/12/2022,13:30,FC Voluntari,FC Hermannstadt,3,0,H,2.5,2.68,3.7,2.55,3,3.7,2.39,2.78,3.32,,,,,,
ROU,Superliga,2022/2023,03/12/2022,17:00,Univ. Craiova,U Craiova 1948,0,2,A,1.6,3.85,6.06,1.67,4,6.4,1.57,3.77,5.58,,,,,,
ROU,Superliga,2022/2023,04/12/2022,11:15,Farul Constanta,FC Botosani,8,0,H,1.48,4.12,7.52,1.57,4.3,7.52,1.48,3.99,6.54,,,,,,
ROU,Superliga,2022/2023,04/12/2022,13:30,CFR Cluj,Chindia Targoviste,2,0,H,1.58,3.62,7.02,1.68,3.7,7.6,1.57,3.46,6.47,,,,,,
ROU,Superliga,2022/2023,04/12/2022,17:00,FC Arges,FC Rapid Bucuresti,1,1,D,4.36,3.3,1.94,4.36,3.45,2.06,3.9,3.2,1.96,,,,,,
ROU,Superliga,2022/2023,05/12/2022,17:00,FCSB,Mioveni,5,1,H,1.38,4.6,8.98,1.44,4.6,8.98,1.39,4.33,7.74,,,,,,
ROU,Superliga,2022/2023,09/12/2022,17:00,Sepsi Sf. Gheorghe,FC Voluntari,1,1,D,1.5,4.07,7.34,1.52,4.2,7.6,1.47,3.97,6.81,,,,,,
ROU,Superliga,2022/2023,10/12/2022,17:00,FC Hermannstadt,Farul Constanta,4,0,H,3.6,2.94,2.35,3.6,3.1,2.36,3.39,2.9,2.27,,,,,,
ROU,Superliga,2022/2023,11/12/2022,12:30,U. Cluj,UTA Arad,0,0,D,2.42,2.93,3.45,2.46,3.13,3.45,2.34,2.88,3.26,,,,,,
ROU,Superliga,2022/2023,11/12/2022,15:30,FC Botosani,CFR Cluj,1,1,D,5.71,3.65,1.67,7,3.75,1.71,5.57,3.57,1.62,,,,,,
ROU,Superliga,2022/2023,11/12/2022,18:30,Chindia Targoviste,FCSB,0,2,A,4.9,3.72,1.74,5,3.74,1.79,4.59,3.53,1.73,,,,,,
ROU,Superliga,2022/2023,12/12/2022,15:30,U Craiova 1948,FC Arges,1,0,H,1.75,3.49,5.25,1.85,3.6,5.69,1.75,3.38,4.75,,,,,,
ROU,Superliga,2022/2023,12/12/2022,18:30,Mioveni,Univ. Craiova,0,1,A,6.84,3.73,1.57,7.5,4,1.64,6.33,3.63,1.54,,,,,,
ROU,Superliga,2022/2023,14/12/2022,17:00,FC Rapid Bucuresti,Petrolul,3,1,H,1.9,3.18,4.87,1.95,3.25,5.2,1.85,3.1,4.64,,,,,,
ROU,Superliga,2022/2023,15/12/2022,18:00,FCSB,CFR Cluj,0,1,A,2.48,3.08,3.16,2.58,3.2,3.28,2.37,3.04,3.02,,,,,,
ROU,Superliga,2022/2023,16/12/2022,18:00,FC Voluntari,Farul Constanta,1,1,D,3.43,3.04,2.35,3.75,3.1,2.38,3.26,2.97,2.29,,,,,,
ROU,Superliga,2022/2023,17/12/2022,13:00,Sepsi Sf. Gheorghe,U. Cluj,2,1,H,1.52,3.91,7.34,1.59,4,7.34,1.53,3.77,6.33,,,,,,
ROU,Superliga,2022/2023,17/12/2022,18:30,Univ. Craiova,Chindia Targoviste,3,0,H,1.51,3.86,7.76,1.52,3.98,8.8,1.48,3.73,7.39,,,,,,
ROU,Superliga,2022/2023,18/12/2022,10:00,FC Arges,Mioveni,2,2,D,2.48,2.85,3.45,2.55,2.88,3.58,2.43,2.78,3.22,,,,,,
ROU,Superliga,2022/2023,18/12/2022,12:30,Petrolul,U Craiova 1948,1,1,D,2.96,2.94,2.73,2.98,3,2.86,2.83,2.88,2.63,,,,,,
ROU,Superliga,2022/2023,18/12/2022,18:30,UTA Arad,FC Rapid Bucuresti,1,1,D,3.18,2.91,2.59,3.18,3.1,2.63,2.99,2.9,2.49,,,,,,
ROU,Superliga,2022/2023,19/12/2022,18:00,FCSB,FC Botosani,1,0,H,1.37,4.89,8.46,1.4,5.1,8.8,1.35,4.73,7.77,,,,,,
ROU,Superliga,2022/2023,20/12/2022,18:00,CFR Cluj,FC Hermannstadt,0,1,A,1.6,3.62,6.64,1.65,3.7,6.8,1.6,3.44,6.12,,,,,,
ROU,Superliga,2022/2023,20/01/2023,14:30,U. Cluj,FC Voluntari,2,1,H,2.33,2.77,3.92,2.33,3.01,4.2,2.17,2.83,3.79,,,,,,
ROU,Superliga,2022/2023,20/01/2023,18:00,FC Rapid Bucuresti,Sepsi Sf. Gheorghe,3,0,H,3.07,3.01,2.59,3.09,3.05,2.64,2.92,2.93,2.54,,,,,,
ROU,Superliga,2022/2023,21/01/2023,15:00,Mioveni,Petrolul,1,0,H,2.85,2.9,2.87,3.43,3.02,2.87,2.85,2.84,2.67,,,,,,
ROU,Superliga,2022/2023,21/01/2023,18:00,FC Botosani,Univ. Craiova,1,0,H,4.8,3.65,1.77,5,3.69,1.86,4.63,3.5,1.74,,,,,,
ROU,Superliga,2022/2023,22/01/2023,13:30,U Craiova 1948,UTA Arad,1,1,D,2.13,3.09,3.97,2.16,3.1,3.99,2.1,3.03,3.68,,,,,,
ROU,Superliga,2022/2023,22/01/2023,18:45,FC Hermannstadt,FCSB,0,1,A,4.22,3.29,1.98,4.22,3.34,2.1,3.83,3.19,1.99,,,,,,
ROU,Superliga,2022/2023,23/01/2023,15:00,Chindia Targoviste,FC Arges,1,1,D,2.08,2.88,4.59,2.11,3.08,4.87,2.04,2.88,4.19,,,,,,
ROU,Superliga,2022/2023,23/01/2023,18:00,Farul Constanta,CFR Cluj,0,3,A,2.82,2.75,3.07,2.9,2.91,3.07,2.73,2.75,2.89,,,,,,
ROU,Superliga,2022/2023,27/01/2023,18:00,U. Cluj,FC Rapid Bucuresti,0,0,D,2.7,2.85,3.1,2.7,2.94,3.23,2.61,2.78,2.99,,,,,,
ROU,Superliga,2022/2023,28/01/2023,12:30,UTA Arad,Mioveni,1,2,A,1.94,3.23,4.49,2.05,3.32,4.7,1.97,3.13,4.02,,,,,,
ROU,Superliga,2022/2023,28/01/2023,15:00,Petrolul,Chindia Targoviste,1,2,A,2.83,2.76,3.05,2.83,2.92,3.45,2.63,2.77,2.98,,,,,,
ROU,Superliga,2022/2023,28/01/2023,18:00,Univ. Craiova,FC Hermannstadt,2,0,H,1.7,3.52,5.69,1.82,3.6,5.9,1.69,3.39,5.3,,,,,,
ROU,Superliga,2022/2023,29/01/2023,11:30,FC Arges,FC Botosani,0,2,A,2.83,2.88,2.92,2.86,3.07,3.07,2.65,2.88,2.82,,,,,,
ROU,Superliga,2022/2023,29/01/2023,17:00,FCSB,Farul Constanta,2,3,A,1.85,3.41,4.65,1.95,3.5,4.66,1.88,3.3,4.16,,,,,,
ROU,Superliga,2022/2023,30/01/2023,18:00,FC Voluntari,CFR Cluj,0,1,A,4.37,3.06,2.04,4.75,3.13,2.16,4.05,2.96,2.03,,,,,,
ROU,Superliga,2022/2023,03/02/2023,15:00,Chindia Targoviste,UTA Arad,2,1,H,2.73,2.82,3.1,2.74,3,3.18,2.6,2.82,2.95,,,,,,
ROU,Superliga,2022/2023,03/02/2023,18:00,U Craiova 1948,U. Cluj,5,0,H,2.36,3.08,3.41,2.36,3.19,3.55,2.29,2.97,3.3,,,,,,
ROU,Superliga,2022/2023,04/02/2023,12:30,FC Hermannstadt,FC Arges,1,1,D,1.93,3.05,4.93,1.95,3.18,5.04,1.88,3.04,4.61,,,,,,
ROU,Superliga,2022/2023,04/02/2023,18:00,FC Rapid Bucuresti,FC Voluntari,4,1,H,1.99,3.09,4.57,1.99,3.24,4.6,1.95,3.05,4.24,,,,,,
ROU,Superliga,2022/2023,05/02/2023,13:30,Mioveni,Sepsi Sf. Gheorghe,1,1,D,5.49,3.69,1.68,5.5,3.75,1.75,4.91,3.5,1.7,,,,,,
ROU,Superliga,2022/2023,05/02/2023,19:00,CFR Cluj,FCSB,0,1,A,2.39,2.97,3.46,2.39,3.1,3.67,2.27,2.92,3.37,,,,,,
ROU,Superliga,2022/2023,06/02/2023,15:00,FC Botosani,Petrolul,5,0,H,2.28,3.02,3.64,2.29,3.15,3.75,2.21,3.01,3.43,,,,,,
ROU,Superliga,2022/2023,06/02/2023,18:00,Farul Constanta,Univ. Craiova,2,1,H,3.15,2.87,2.65,3.21,3,2.68,3.02,2.84,2.53,,,,,,
ROU,Superliga,2022/2023,10/02/2023,15:00,U. Cluj,Mioveni,2,2,D,2.03,3.07,4.38,2.04,3.23,4.4,1.97,3.05,4.14,,,,,,
ROU,Superliga,2022/2023,10/02/2023,18:00,FC Rapid Bucuresti,U Craiova 1948,1,2,A,2.27,3.14,3.57,2.27,3.24,4.15,2.17,3.09,3.44,,,,,,
ROU,Superliga,2022/2023,11/02/2023,12:30,UTA Arad,FC Botosani,3,1,H,2.14,3.25,3.69,2.18,3.32,3.85,2.09,3.19,3.53,,,,,,
ROU,Superliga,2022/2023,11/02/2023,18:00,Univ. Craiova,CFR Cluj,2,0,H,2.72,2.97,2.94,2.8,2.99,3,2.63,2.89,2.84,,,,,,
ROU,Superliga,2022/2023,12/02/2023,15:00,FC Arges,Farul Constanta,0,0,D,5.05,3.43,1.79,5.1,3.5,1.85,4.7,3.34,1.77,,,,,,
ROU,Superliga,2022/2023,12/02/2023,18:00,FC Voluntari,FCSB,1,2,A,5.05,3.63,1.74,5.3,3.75,1.79,4.71,3.52,1.73,,,,,,
ROU,Superliga,2022/2023,13/02/2023,15:00,Sepsi Sf. Gheorghe,Chindia Targoviste,2,2,D,1.67,3.59,5.86,1.71,3.65,6.22,1.66,3.49,5.43,,,,,,
ROU,Superliga,2022/2023,13/02/2023,18:00,Petrolul,FC Hermannstadt,2,0,H,2.57,2.95,3.17,2.57,2.98,3.22,2.48,2.89,3.04,,,,,,
ROU,Superliga,2022/2023,17/02/2023,15:00,Chindia Targoviste,U. Cluj,2,2,D,2.52,2.87,3.35,2.58,3,3.4,2.46,2.83,3.17,,,,,,
ROU,Superliga,2022/2023,17/02/2023,18:00,Mioveni,FC Rapid Bucuresti,0,0,D,4.79,3.24,1.89,4.9,3.36,1.99,4.28,3.18,1.9,,,,,,
ROU,Superliga,2022/2023,18/02/2023,12:30,FC Hermannstadt,UTA Arad,0,0,D,2.49,3.07,3.16,2.6,3.23,3.34,2.4,3,3.06,,,,,,
ROU,Superliga,2022/2023,18/02/2023,18:00,Farul Constanta,Petrolul,2,0,H,1.63,3.74,5.99,1.64,4,6.5,1.59,3.69,5.7,,,,,,
ROU,Superliga,2022/2023,19/02/2023,15:00,CFR Cluj,FC Arges,3,1,H,1.41,4.3,9.06,1.48,4.64,9.6,1.42,4.15,7.77,,,,,,
ROU,Superliga,2022/2023,19/02/2023,18:00,FCSB,Univ. Craiova,1,1,D,2.05,3.46,3.71,2.12,3.52,3.75,2.04,3.35,3.47,,,,,,
ROU,Superliga,2022/2023,20/02/2023,15:00,FC Botosani,Sepsi Sf. Gheorghe,1,1,D,3.82,3.27,2.09,3.88,3.36,2.12,3.6,3.22,2.05,,,,,,
ROU,Superliga,2022/2023,20/02/2023,18:00,U Craiova 1948,FC Voluntari,2,1,H,1.79,3.46,4.99,1.85,3.6,5,1.8,3.38,4.49,,,,,,
ROU,Superliga,2022/2023,24/02/2023,16:00,U Craiova 1948,Mioveni,2,1,H,1.46,4.3,7.42,1.54,4.3,8,1.46,4.02,6.89,,,,,,
ROU,Superliga,2022/2023,24/02/2023,18:30,UTA Arad,Farul Constanta,0,1,A,3.05,3.15,2.51,3.15,3.16,2.53,2.97,3.06,2.42,,,,,,
ROU,Superliga,2022/2023,25/02/2023,12:30,Sepsi Sf. Gheorghe,FC Hermannstadt,2,1,H,1.69,3.53,5.79,1.71,3.7,5.9,1.66,3.42,5.46,,,,,,
ROU,Superliga,2022/2023,25/02/2023,15:00,U. Cluj,FC Botosani,2,0,H,2.08,3.19,3.99,2.13,3.3,4,2.06,3.14,3.7,,,,,,
ROU,Superliga,2022/2023,25/02/2023,18:00,FC Rapid Bucuresti,Chindia Targoviste,2,0,H,1.9,3.3,4.62,1.94,3.43,4.62,1.88,3.21,4.29,,,,,,
ROU,Superliga,2022/2023,26/02/2023,15:45,FC Voluntari,Univ. Craiova,1,0,H,3.12,3.12,2.48,3.6,3.21,2.58,3.02,3.04,2.4,,,,,,
ROU,Superliga,2022/2023,26/02/2023,18:30,FC Arges,FCSB,1,2,A,6.92,4.17,1.5,7.8,4.4,1.52,6.9,4.13,1.45,,,,,,
ROU,Superliga,2022/2023,27/02/2023,18:00,Petrolul,CFR Cluj,2,5,A,6.24,3.49,1.66,6.24,3.65,1.73,5.48,3.37,1.68,,,,,,
ROU,Superliga,2022/2023,28/02/2023,14:00,FC Hermannstadt,U. Cluj,0,1,A,2.59,2.83,3.29,2.68,3.05,3.31,2.53,2.81,3.08,,,,,,
ROU,Superliga,2022/2023,28/02/2023,16:00,Chindia Targoviste,U Craiova 1948,0,0,D,3.41,3,2.39,3.41,3.26,2.4,3.2,3.02,2.3,,,,,,
ROU,Superliga,2022/2023,28/02/2023,18:30,Farul Constanta,Sepsi Sf. Gheorghe,2,0,H,2.1,3.04,4.16,2.3,3.25,4.16,2.1,3.07,3.68,,,,,,
ROU,Superliga,2022/2023,01/03/2023,14:00,Mioveni,FC Voluntari,0,3,A,2.92,2.95,2.76,2.93,3.1,2.79,2.81,2.94,2.63,,,,,,
ROU,Superliga,2022/2023,01/03/2023,16:00,Univ. Craiova,FC Arges,1,0,H,1.43,4.33,8.21,1.45,4.53,11,1.4,4.25,7.91,,,,,,
ROU,Superliga,2022/2023,01/03/2023,18:30,FC Botosani,FC Rapid Bucuresti,1,2,A,3.31,3.12,2.37,3.31,3.2,2.38,3.15,3.09,2.3,,,,,,
ROU,Superliga,2022/2023,02/03/2023,15:00,CFR Cluj,UTA Arad,2,1,H,1.58,3.69,6.81,1.62,4.1,7.3,1.54,3.69,6.5,,,,,,
ROU,Superliga,2022/2023,02/03/2023,18:00,FCSB,Petrolul,4,1,H,1.28,5.84,10.18,1.32,6,11,1.29,5.38,8.94,,,,,,
ROU,Superliga,2022/2023,03/03/2023,18:00,U. Cluj,Farul Constanta,2,0,H,3.52,3.09,2.29,3.7,3.14,2.36,3.4,3.01,2.22,,,,,,
ROU,Superliga,2022/2023,04/03/2023,15:00,U Craiova 1948,FC Botosani,1,0,H,1.91,3.24,4.66,1.95,3.5,4.8,1.87,3.27,4.24,,,,,,
ROU,Superliga,2022/2023,04/03/2023,18:00,FC Rapid Bucuresti,FC Hermannstadt,0,1,A,2.05,3.05,4.36,2.07,3.55,5.05,1.98,3,4.18,,,,,,
ROU,Superliga,2022/2023,05/03/2023,11:00,Mioveni,Chindia Targoviste,2,0,H,3.05,3.02,2.6,3.15,3.15,2.81,2.79,2.94,2.64,,,,,,
ROU,Superliga,2022/2023,05/03/2023,13:30,Petrolul,Univ. Craiova,0,1,A,4.49,4.02,1.74,5.2,4.02,1.8,4.35,3.73,1.73,,,,,,
ROU,Superliga,2022/2023,05/03/2023,19:00,UTA Arad,FCSB,3,1,H,4.52,3.68,1.81,5.08,3.76,1.84,4.38,3.54,1.76,,,,,,
ROU,Superliga,2022/2023,06/03/2023,16:00,FC Voluntari,FC Arges,0,0,D,1.72,3.55,5.42,1.77,3.7,5.42,1.72,3.4,4.93,,,,,,
ROU,Superliga,2022/2023,06/03/2023,18:30,Sepsi Sf. Gheorghe,CFR Cluj,2,2,D,2.53,3.22,2.96,2.69,3.22,3.08,2.48,3.03,2.88,,,,,,
ROU,Superliga,2022/2023,10/03/2023,15:30,FC Botosani,Mioveni,1,1,D,1.87,3.39,4.61,2,3.5,4.61,1.89,3.25,4.15,,,,,,
ROU,Superliga,2022/2023,10/03/2023,18:30,Univ. Craiova,UTA Arad,2,1,H,1.78,3.51,4.96,1.78,3.65,5.2,1.72,3.46,4.8,,,,,,
ROU,Superliga,2022/2023,11/03/2023,15:30,FC Arges,Petrolul,0,1,A,2.37,3.21,3.22,2.43,3.26,3.22,2.31,3.12,3.05,,,,,,
ROU,Superliga,2022/2023,11/03/2023,18:30,Farul Constanta,FC Rapid Bucuresti,2,1,H,1.94,3.37,4.28,2.05,3.4,4.59,1.93,3.23,3.99,,,,,,
ROU,Superliga,2022/2023,12/03/2023,19:00,FC Hermannstadt,U Craiova 1948,1,0,H,3.07,3.05,2.56,3.07,3.05,2.72,2.9,2.92,2.54,,,,,,
ROU,Superliga,2022/2023,12/03/2023,19:00,FCSB,Sepsi Sf. Gheorghe,1,0,H,1.83,3.77,4.27,1.9,3.78,4.27,1.85,3.55,3.92,,,,,,
ROU,Superliga,2022/2023,13/03/2023,15:30,Chindia Targoviste,FC Voluntari,1,1,D,2.64,2.92,3.1,2.64,2.95,3.2,2.52,2.85,3.02,,,,,,
ROU,Superliga,2022/2023,13/03/2023,18:30,CFR Cluj,U. Cluj,4,0,H,1.65,3.57,6.2,1.65,3.98,6.9,1.58,3.55,6.15,,,,,,
ROU,Superliga,2022/2023,16/03/2023,19:00,Sepsi Sf. Gheorghe,U Craiova 1948,4,0,H,1.88,3.19,4.93,1.95,3.45,4.93,1.85,3.25,4.41,,,,,,
ROU,Superliga,2022/2023,17/03/2023,15:30,FC Voluntari,FC Hermannstadt,1,1,D,2.24,2.94,3.86,2.35,3.05,3.9,2.21,2.86,3.57,,,,,,
ROU,Superliga,2022/2023,17/03/2023,18:30,Petrolul,UTA Arad,1,0,H,3.31,2.96,2.48,3.31,3.13,2.7,3.05,2.92,2.43,,,,,,
ROU,Superliga,2022/2023,18/03/2023,12:30,FC Botosani,Chindia Targoviste,1,0,H,2.36,3.04,3.44,2.36,3.13,3.7,2.25,2.96,3.34,,,,,,
ROU,Superliga,2022/2023,18/03/2023,18:00,FCSB,Univ. Craiova,1,1,D,1.64,3.89,5.48,1.88,4,5.8,1.62,3.74,5.06,,,,,,
ROU,Superliga,2022/2023,19/03/2023,14:30,Farul Constanta,Sepsi Sf. Gheorghe,2,1,H,1.88,3.32,4.66,1.95,3.5,4.8,1.86,3.21,4.32,,,,,,
ROU,Superliga,2022/2023,19/03/2023,17:00,CFR Cluj,FC Rapid Bucuresti,2,2,D,1.73,3.32,5.88,1.95,3.65,6,1.71,3.3,5.14,,,,,,
ROU,Superliga,2022/2023,20/03/2023,16:00,U Craiova 1948,Mioveni,3,0,H,1.77,3.45,5.18,1.8,3.6,5.5,1.73,3.37,4.86,,,,,,
ROU,Superliga,2022/2023,20/03/2023,19:00,U. Cluj,FC Arges,2,0,H,1.57,3.9,6.37,1.69,3.95,6.5,1.59,3.64,5.78,,,,,,
ROU,Superliga,2022/2023,31/03/2023,19:00,U Craiova 1948,Petrolul,0,1,A,1.78,3.55,4.94,1.9,3.9,5,1.75,3.51,4.5,,,,,,
ROU,Superliga,2022/2023,01/04/2023,10:00,UTA Arad,U. Cluj,2,0,H,2.03,3.26,4.08,2.4,3.3,4.09,2.13,3.08,3.52,,,,,,
ROU,Superliga,2022/2023,01/04/2023,15:00,FC Hermannstadt,FC Botosani,1,1,D,2.38,2.88,3.6,2.4,3.15,3.6,2.29,2.94,3.3,,,,,,
ROU,Superliga,2022/2023,01/04/2023,19:45,FC Rapid Bucuresti,Farul Constanta,1,1,D,2.34,3.16,3.33,2.55,3.25,3.35,2.28,3.08,3.16,,,,,,
ROU,Superliga,2022/2023,02/04/2023,11:30,FC Arges,FC Voluntari,0,2,A,3.89,3.16,2.12,4.3,3.38,2.45,3.62,3.06,2.1,,,,,,
ROU,Superliga,2022/2023,02/04/2023,19:00,Univ. Craiova,CFR Cluj,1,1,D,2.61,3.13,2.93,2.65,3.2,2.95,2.53,3.02,2.82,,,,,,
ROU,Superliga,2022/2023,03/04/2023,15:30,Mioveni,Chindia Targoviste,0,1,A,3.39,2.9,2.48,3.41,3.1,2.5,3.13,2.89,2.42,,,,,,
ROU,Superliga,2022/2023,03/04/2023,18:30,Sepsi Sf. Gheorghe,FCSB,1,2,A,3.11,3.39,2.33,3.4,3.6,2.4,3,3.31,2.26,,,,,,
ROU,Superliga,2022/2023,08/04/2023,13:00,FC Voluntari,UTA Arad,1,1,D,2.27,3.11,3.54,2.34,3.25,3.55,2.21,3.03,3.36,,,,,,
ROU,Superliga,2022/2023,08/04/2023,15:30,U. Cluj,U Craiova 1948,1,3,A,2.25,3.24,3.43,2.29,3.4,3.55,2.16,3.16,3.33,,,,,,
ROU,Superliga,2022/2023,08/04/2023,18:30,Farul Constanta,Univ. Craiova,3,2,H,2.23,3.19,3.53,2.26,3.45,3.6,2.17,3.16,3.33,,,,,,
ROU,Superliga,2022/2023,09/04/2023,11:00,Chindia Targoviste,FC Hermannstadt,1,2,A,2.48,2.65,3.81,2.48,2.95,3.9,2.35,2.71,3.52,,,,,,
ROU,Superliga,2022/2023,09/04/2023,13:30,FC Botosani,FC Arges,1,0,H,1.72,3.52,5.43,1.77,3.65,5.9,1.71,3.39,5,,,,,,
ROU,Superliga,2022/2023,09/04/2023,19:00,CFR Cluj,FCSB,1,1,D,2.52,3.17,3.01,2.54,3.49,3.25,2.35,3.15,2.99,,,,,,
ROU,Superliga,2022/2023,10/04/2023,15:30,Petrolul,Mioveni,2,0,H,1.81,3.39,5.02,2.02,3.6,5.1,1.81,3.27,4.58,,,,,,
ROU,Superliga,2022/2023,10/04/2023,18:30,Sepsi Sf. Gheorghe,FC Rapid Bucuresti,2,0,H,2.2,3.24,3.56,2.43,3.45,3.56,2.19,3.23,3.22,,,,,,
ROU,Superliga,2022/2023,14/04/2023,16:00,U Craiova 1948,FC Voluntari,3,3,D,2.17,3.28,3.58,2.17,3.45,3.58,2.12,3.22,3.36,,,,,,
ROU,Superliga,2022/2023,14/04/2023,19:00,UTA Arad,FC Botosani,0,2,A,2.01,3.2,4.2,2.02,3.35,4.33,1.97,3.15,3.93,,,,,,
ROU,Superliga,2022/2023,15/04/2023,10:00,Mioveni,FC Hermannstadt,0,2,A,3.72,2.98,2.27,3.72,3.2,2.41,3.38,2.94,2.26,,,,,,
ROU,Superliga,2022/2023,15/04/2023,17:00,CFR Cluj,Sepsi Sf. Gheorghe,2,1,H,1.81,3.45,4.83,1.94,3.5,4.83,1.85,3.29,4.29,,,,,,
ROU,Superliga,2022/2023,16/04/2023,16:15,Petrolul,U. Cluj,0,2,A,2.96,3.06,2.64,3,3.21,2.64,2.84,2.99,2.54,,,,,,
ROU,Superliga,2022/2023,16/04/2023,19:00,Univ. Craiova,FC Rapid Bucuresti,3,1,H,1.87,3.45,4.5,1.9,3.65,4.5,1.84,3.39,4.15,,,,,,
ROU,Superliga,2022/2023,17/04/2023,15:30,FC Arges,Chindia Targoviste,1,0,H,3.83,2.94,2.26,3.86,3.1,2.4,3.57,2.9,2.21,,,,,,
ROU,Superliga,2022/2023,17/04/2023,18:30,FCSB,Farul Constanta,2,1,H,1.88,3.64,4.18,1.99,3.7,4.18,1.9,3.49,3.78,,,,,,
ROU,Superliga,2022/2023,21/04/2023,18:30,Sepsi Sf. Gheorghe,Univ. Craiova,1,2,A,2.85,3.26,2.59,2.88,3.4,2.7,2.75,3.18,2.5,,,,,,
ROU,Superliga,2022/2023,22/04/2023,13:00,FC Hermannstadt,FC Arges,2,1,H,1.8,3.31,5.24,1.87,3.5,5.3,1.8,3.24,4.66,,,,,,
ROU,Superliga,2022/2023,22/04/2023,15:30,FC Botosani,U Craiova 1948,0,0,D,2.55,3.13,3.01,2.56,3.35,3.15,2.41,3.1,2.94,,,,,,
ROU,Superliga,2022/2023,22/04/2023,18:30,Farul Constanta,CFR Cluj,1,0,H,2.37,3.13,3.31,2.55,3.35,3.31,2.38,3.07,3.01,,,,,,
ROU,Superliga,2022/2023,23/04/2023,12:00,Chindia Targoviste,UTA Arad,2,1,H,2.64,2.9,3.13,2.64,3.15,3.14,2.53,2.93,2.94,,,,,,
ROU,Superliga,2022/2023,23/04/2023,18:30,FC Rapid Bucuresti,FCSB,1,0,H,3.95,3.75,1.9,4.3,3.91,2.1,3.89,3.65,1.83,,,,,,
ROU,Superliga,2022/2023,24/04/2023,15:30,U. Cluj,Mioveni,1,0,H,1.42,4.29,8.81,1.45,4.4,9.8,1.41,4.09,7.99,,,,,,
ROU,Superliga,2022/2023,24/04/2023,18:30,FC Voluntari,Petrolul,2,2,D,1.95,3.52,4.01,2,3.68,4.1,1.9,3.43,3.84,,,,,,
ROU,Superliga,2022/2023,28/04/2023,18:30,U Craiova 1948,Chindia Targoviste,1,0,H,1.9,3.38,4.46,1.95,3.55,4.6,1.86,3.32,4.21,,,,,,
ROU,Superliga,2022/2023,29/04/2023,12:30,Mioveni,FC Arges,0,2,A,4.74,3.07,1.62,7.2,4.1,1.81,5.63,3.36,1.67,,,,,,
ROU,Superliga,2022/2023,29/04/2023,15:00,Petrolul,FC Botosani,1,0,H,2.63,2.9,3.14,2.8,3.22,3.14,2.59,2.92,2.85,,,,,,
ROU,Superliga,2022/2023,29/04/2023,19:45,Sepsi Sf. Gheorghe,Farul Constanta,1,1,D,3.31,3.35,2.25,3.4,3.45,2.45,3.08,3.28,2.24,,,,,,
ROU,Superliga,2022/2023,30/04/2023,19:00,Univ. Craiova,FCSB,1,2,A,2.68,3.25,2.75,2.69,3.4,2.78,2.57,3.2,2.66,,,,,,
ROU,Superliga,2022/2023,01/05/2023,13:00,U. Cluj,FC Voluntari,2,3,A,2.13,3.16,3.86,2.25,3.22,3.88,2.12,3.07,3.55,,,,,,
ROU,Superliga,2022/2023,01/05/2023,18:30,FC Rapid Bucuresti,CFR Cluj,3,1,H,3.43,3.29,2.23,3.65,3.35,2.27,3.27,3.18,2.18,,,,,,
ROU,Superliga,2022/2023,02/05/2023,18:00,UTA Arad,FC Hermannstadt,1,0,H,2.1,3.05,4.15,2.2,3.18,4.5,2.05,2.97,3.97,,,,,,
ROU,Superliga,2022/2023,05/05/2023,15:30,FC Voluntari,Mioveni,1,0,H,1.22,6.07,13.83,1.25,6.75,17,1.2,6.03,13.54,,,,,,
ROU,Superliga,2022/2023,05/05/2023,18:30,Chindia Targoviste,Petrolul,1,2,A,2.33,2.99,3.57,2.35,3.25,3.8,2.25,2.95,3.42,,,,,,
ROU,Superliga,2022/2023,06/05/2023,10:30,FC Botosani,U. Cluj,0,0,D,2.83,2.84,2.95,2.83,3.05,3,2.62,2.87,2.87,,,,,,
ROU,Superliga,2022/2023,06/05/2023,19:30,Farul Constanta,FC Rapid Bucuresti,7,2,H,1.52,4.3,6.24,1.55,4.35,6.24,1.52,4.11,5.7,,,,,,
ROU,Superliga,2022/2023,07/05/2023,19:00,CFR Cluj,Univ. Craiova,1,1,D,1.93,3.32,4.36,2.01,3.5,4.36,1.93,3.26,3.95,,,,,,
ROU,Superliga,2022/2023,08/05/2023,14:30,FC Hermannstadt,U Craiova 1948,0,0,D,2.5,3.05,3.17,2.57,3.09,3.25,2.41,2.94,3.06,,,,,,
ROU,Superliga,2022/2023,08/05/2023,16:30,FC Arges,UTA Arad,2,2,D,3.27,3.08,2.42,3.35,3.19,2.66,3.02,3,2.42,,,,,,
ROU,Superliga,2022/2023,08/05/2023,19:00,FCSB,Sepsi Sf. Gheorghe,3,1,H,1.51,4.26,6.62,1.53,4.4,7,1.49,4.19,6.09,,,,,,
ROU,Superliga,2022/2023,12/05/2023,15:30,FC Voluntari,FC Botosani,2,0,H,2.08,3.15,4.03,2.15,3.28,4.1,2.08,3.07,3.71,,,,,,
ROU,Superliga,2022/2023,12/05/2023,18:30,FC Rapid Bucuresti,Sepsi Sf. Gheorghe,0,0,D,2.22,3.38,3.36,2.26,3.4,3.45,2.18,3.28,3.18,,,,,,
ROU,Superliga,2022/2023,13/05/2023,12:30,Petrolul,FC Hermannstadt,0,1,A,3.04,3.02,2.61,3.14,3.1,2.87,2.96,2.96,2.48,,,,,,
ROU,Superliga,2022/2023,13/05/2023,17:00,U. Cluj,Chindia Targoviste,2,0,H,1.98,3.23,4.33,2.07,3.4,4.33,1.99,3.13,3.89,,,,,,
ROU,Superliga,2022/2023,13/05/2023,19:30,Univ. Craiova,Farul Constanta,1,1,D,2.3,3.29,3.27,2.31,3.3,3.32,2.24,3.2,3.13,,,,,,
ROU,Superliga,2022/2023,14/05/2023,11:30,Mioveni,UTA Arad,0,2,A,8.2,4.74,1.39,10,5.03,1.4,8.11,4.6,1.36,,,,,,
ROU,Superliga,2022/2023,14/05/2023,16:15,U Craiova 1948,FC Arges,2,1,H,1.81,3.54,4.68,1.89,3.58,5.1,1.8,3.4,4.38,,,,,,
ROU,Superliga,2022/2023,14/05/2023,19:00,FCSB,CFR Cluj,1,0,H,1.88,3.47,4.43,2.02,3.55,4.43,1.91,3.33,3.97,,,,,,
ROU,Superliga,2022/2023,19/05/2023,15:30,FC Hermannstadt,U. Cluj,1,2,A,2.39,3.09,3.32,2.39,3.4,5.2,2.17,3,3.65,,,,,,
ROU,Superliga,2022/2023,19/05/2023,18:00,Chindia Targoviste,FC Voluntari,2,2,D,1.75,3.47,5.29,2.12,3.66,5.85,1.71,3.45,5.06,,,,,,
ROU,Superliga,2022/2023,19/05/2023,18:00,FC Arges,Petrolul,3,0,H,1.86,3.42,4.6,2.3,3.61,4.6,1.87,3.35,4.12,,,,,,
ROU,Superliga,2022/2023,19/05/2023,18:00,UTA Arad,U Craiova 1948,1,1,D,1.97,3.23,4.38,2.18,3.45,4.5,1.95,3.13,4.08,,,,,,
ROU,Superliga,2022/2023,20/05/2023,12:45,FC Botosani,Mioveni,5,1,H,1.25,5.45,12.43,1.4,6,15.5,1.24,5.43,11.72,,,,,,
ROU,Superliga,2022/2023,20/05/2023,18:30,Sepsi Sf. Gheorghe,CFR Cluj,1,2,A,3.59,3.4,2,4.5,3.58,2.19,3.49,3.28,2.06,,,,,,
ROU,Superliga,2022/2023,21/05/2023,19:00,Farul Constanta,FCSB,3,2,H,2.5,3.43,2.83,3.16,3.53,2.86,2.49,3.33,2.66,,,,,,
ROU,Superliga,2022/2023,22/05/2023,18:30,FC Rapid Bucuresti,Univ. Craiova,2,3,A,3.53,3.53,2.09,3.63,3.63,2.23,3.3,3.37,2.09,,,,,,
ROU,Superliga,2022/2023,26/05/2023,18:00,U Craiova 1948,FC Voluntari,4,3,H,2.66,3.1,2.9,2.66,3.43,3.76,2.47,3.11,2.83,,,,,,
ROU,Superliga,2022/2023,27/05/2023,18:30,FCSB,FC Rapid Bucuresti,1,5,A,1.49,4.8,5.89,1.62,4.9,6.5,1.47,4.5,5.69,,,,,,
ROU,Superliga,2022/2023,28/05/2023,12:00,Gloria Buzau,UTA Arad,0,0,D,,,,4.75,3.55,2.05,4.1,3.27,1.86,,,,,,
ROU,Superliga,2022/2023,28/05/2023,19:00,CFR Cluj,Farul Constanta,1,2,A,1.37,4.8,8.95,1.52,5.25,9,1.35,4.74,7.91,,,,,,
ROU,Superliga,2022/2023,28/05/2023,19:00,Univ. Craiova,Sepsi Sf. Gheorghe,0,1,A,1.39,4.76,8.12,1.54,5.25,9.4,1.37,4.58,7.62,,,,,,
ROU,Superliga,2022/2023,29/05/2023,18:00,Din. Bucuresti,FC Arges,6,1,H,4.75,3.31,1.87,4.75,3.45,1.98,4.26,3.21,1.87,,,,,,
ROU,Superliga,2022/2023,01/06/2023,18:30,CFR Cluj,U Craiova 1948,1,0,H,1.55,4.03,6.37,1.55,4.34,7,1.51,3.99,6.06,,,,,,
ROU,Superliga,2022/2023,03/06/2023,19:00,FC Arges,Din. Bucuresti,4,2,H,1.99,3.65,3.57,2.08,3.71,3.76,1.98,3.52,3.37,,,,,,
ROU,Superliga,2022/2023,04/06/2023,19:00,UTA Arad,Gloria Buzau,5,1,H,1.21,6.12,14.98,1.27,6.8,19,1.19,6.04,14.09,,,,,,
ROU,Superliga,2023/2024,14/07/2023,16:30,Otelul,UTA Arad,1,1,D,2.76,2.82,3.06,2.84,2.83,3.25,2.7,2.71,2.95,,,,,,
ROU,Superliga,2023/2024,14/07/2023,19:30,FC Rapid Bucuresti,Sepsi Sf. Gheorghe,0,0,D,2.58,3.02,3.07,2.63,3.15,3.07,2.53,3,2.85,,,,,,
ROU,Superliga,2023/2024,15/07/2023,16:30,FC Hermannstadt,Farul Constanta,0,1,A,1.86,3.3,4.86,2.3,3.32,5,1.88,3.15,4.43,,,,,,
ROU,Superliga,2023/2024,15/07/2023,19:30,CFR Cluj,Poli Iasi,2,0,H,1.46,4.11,8.08,1.48,4.33,9.5,1.42,4.15,7.91,,,,,,
ROU,Superliga,2023/2024,16/07/2023,16:30,Petrolul,U. Cluj,1,1,D,2.97,2.98,2.69,2.98,3.1,2.75,2.84,2.92,2.61,,,,,,
ROU,Superliga,2023/2024,16/07/2023,19:30,U Craiova 1948,FCSB,1,3,A,3.8,3.6,1.98,4.59,3.7,2.03,3.71,3.45,1.93,,,,,,
ROU,Superliga,2023/2024,17/07/2023,16:30,FC Voluntari,FC Botosani,2,1,H,2.1,3.18,3.91,2.24,3.2,4,2.1,3.06,3.65,,,,,,
ROU,Superliga,2023/2024,17/07/2023,19:30,Din. Bucuresti,Univ. Craiova,0,2,A,4.72,3.86,1.74,5.3,4.1,1.74,4.66,3.79,1.67,,,,,,
ROU,Superliga,2023/2024,21/07/2023,16:30,Sepsi Sf. Gheorghe,U Craiova 1948,1,0,H,1.68,3.83,5.21,1.82,3.83,5.25,1.7,3.61,4.71,,,,,,
ROU,Superliga,2023/2024,21/07/2023,19:30,UTA Arad,CFR Cluj,1,3,A,4.35,3.23,1.97,4.41,3.39,2.12,4.02,3.13,1.97,,,,,,
ROU,Superliga,2023/2024,22/07/2023,16:15,Farul Constanta,FC Voluntari,4,1,H,2.02,3.37,3.94,2.08,3.42,4.12,2,3.26,3.71,,,,,,
ROU,Superliga,2023/2024,22/07/2023,19:30,FCSB,Din. Bucuresti,2,1,H,1.35,5.09,8.95,1.38,5.3,9.5,1.33,4.93,8.23,,,,,,
ROU,Superliga,2023/2024,23/07/2023,16:30,Poli Iasi,FC Hermannstadt,1,3,A,3.29,2.92,2.52,3.4,3.1,2.65,3.08,2.92,2.44,,,,,,
ROU,Superliga,2023/2024,23/07/2023,19:30,U. Cluj,FC Rapid Bucuresti,0,3,A,2.83,3.09,2.73,2.89,3.22,2.73,2.75,3.07,2.57,,,,,,
ROU,Superliga,2023/2024,24/07/2023,16:30,FC Botosani,Petrolul,1,1,D,2.12,3.18,3.86,2.38,3.42,3.86,2.09,3.12,3.59,,,,,,
ROU,Superliga,2023/2024,24/07/2023,19:30,Univ. Craiova,Otelul,0,0,D,1.32,5.1,9.99,1.33,6.2,13,1.28,5.25,9.72,,,,,,
ROU,Superliga,2023/2024,28/07/2023,16:30,U Craiova 1948,U. Cluj,3,4,A,2.25,3.2,3.49,2.25,3.25,3.56,2.18,3.11,3.34,,,,,,
ROU,Superliga,2023/2024,28/07/2023,19:30,FC Rapid Bucuresti,FC Botosani,2,2,D,1.42,4.49,8.06,1.44,4.55,8.6,1.41,4.24,7.49,,,,,,
ROU,Superliga,2023/2024,29/07/2023,16:30,FC Hermannstadt,UTA Arad,2,1,H,2.09,3.1,4.1,2.18,3.12,4.3,2.1,2.96,3.78,,,,,,
ROU,Superliga,2023/2024,29/07/2023,19:30,Otelul,FCSB,0,2,A,6.15,3.94,1.58,7,4.15,1.62,5.97,3.82,1.54,,,,,,
ROU,Superliga,2023/2024,30/07/2023,16:30,Farul Constanta,Poli Iasi,1,3,A,1.43,4.33,8.35,1.5,4.59,8.6,1.42,4.16,7.45,,,,,,
ROU,Superliga,2023/2024,30/07/2023,19:30,CFR Cluj,Univ. Craiova,1,1,D,2.34,3.15,3.34,2.38,3.17,3.39,2.27,3.06,3.2,,,,,,
ROU,Superliga,2023/2024,31/07/2023,16:30,Petrolul,FC Voluntari,0,2,A,2.46,3.02,3.27,2.46,3.15,3.3,2.37,2.97,3.11,,,,,,
ROU,Superliga,2023/2024,31/07/2023,19:30,Din. Bucuresti,Sepsi Sf. Gheorghe,0,3,A,3.78,3.31,2.09,3.79,3.4,2.22,3.53,3.19,2.08,,,,,,
ROU,Superliga,2023/2024,04/08/2023,16:30,UTA Arad,Poli Iasi,1,0,H,2.58,3.18,2.93,2.58,3.39,3.2,2.38,3.21,2.85,,,,,,
ROU,Superliga,2023/2024,04/08/2023,19:30,Univ. Craiova,FC Hermannstadt,1,0,H,1.61,3.81,6.01,1.74,3.81,6.6,1.63,3.58,5.32,,,,,,
ROU,Superliga,2023/2024,05/08/2023,16:30,FC Botosani,U Craiova 1948,0,1,A,2.78,3.11,2.76,2.78,3.25,3,2.57,3.08,2.71,,,,,,
ROU,Superliga,2023/2024,05/08/2023,19:30,U. Cluj,Din. Bucuresti,1,1,D,1.88,3.42,4.49,2.01,3.45,4.7,1.89,3.28,4.03,,,,,,
ROU,Superliga,2023/2024,06/08/2023,16:15,Petrolul,Farul Constanta,3,2,H,2.59,3.14,2.95,2.88,3.25,2.95,2.58,3.11,2.69,,,,,,
ROU,Superliga,2023/2024,06/08/2023,19:30,FCSB,CFR Cluj,1,0,H,2.27,3.27,3.37,2.31,3.34,3.58,2.21,3.18,3.18,,,,,,
ROU,Superliga,2023/2024,07/08/2023,16:30,Sepsi Sf. Gheorghe,Otelul,1,1,D,1.48,3.97,8.19,1.5,4.2,8.19,1.47,3.91,7.1,,,,,,
ROU,Superliga,2023/2024,07/08/2023,19:30,FC Voluntari,FC Rapid Bucuresti,2,1,H,3.08,3.21,2.45,3.2,3.36,2.5,2.95,3.2,2.33,,,,,,
ROU,Superliga,2023/2024,11/08/2023,18:30,U Craiova 1948,FC Voluntari,3,1,H,2.3,3.3,3.27,2.34,3.33,3.35,2.23,3.21,3.1,,,,,,
ROU,Superliga,2023/2024,12/08/2023,16:30,Otelul,U. Cluj,1,1,D,3.23,2.93,2.54,3.31,3.04,2.54,3.09,2.88,2.43,,,,,,
ROU,Superliga,2023/2024,12/08/2023,19:30,Poli Iasi,Univ. Craiova,1,4,A,4.23,3.58,1.88,4.23,3.58,1.95,3.86,3.41,1.89,,,,,,
ROU,Superliga,2023/2024,13/08/2023,19:30,FC Rapid Bucuresti,Petrolul,0,2,A,1.75,3.62,5.02,1.8,3.8,5.13,1.72,3.55,4.61,,,,,,
ROU,Superliga,2023/2024,14/08/2023,18:30,Din. Bucuresti,FC Botosani,1,0,H,2.43,3.2,3.12,2.55,3.34,3.15,2.38,3.16,2.89,,,,,,
ROU,Superliga,2023/2024,18/08/2023,16:30,Petrolul,U Craiova 1948,4,3,H,2.51,3.02,3.18,2.55,3.28,3.18,2.43,3.06,2.92,,,,,,
ROU,Superliga,2023/2024,18/08/2023,19:30,Univ. Craiova,UTA Arad,3,0,H,1.37,4.84,8.79,1.4,5.25,9.1,1.34,4.76,8.07,,,,,,
ROU,Superliga,2023/2024,19/08/2023,15:00,FC Botosani,Otelul,0,0,D,2.3,2.93,3.72,2.4,3.1,3.76,2.24,2.92,3.44,,,,,,
ROU,Superliga,2023/2024,19/08/2023,19:45,FC Voluntari,Din. Bucuresti,2,3,A,2.01,3.35,3.99,2.02,3.56,4,1.97,3.33,3.65,,,,,,
ROU,Superliga,2023/2024,20/08/2023,16:15,FC Rapid Bucuresti,Farul Constanta,3,1,H,2.06,3.46,3.68,2.17,3.5,3.76,2.02,3.36,3.47,,,,,,
ROU,Superliga,2023/2024,20/08/2023,19:30,FCSB,Poli Iasi,2,1,H,1.35,5.05,9.08,1.42,5.2,9.8,1.35,4.71,7.95,,,,,,
ROU,Superliga,2023/2024,21/08/2023,16:30,Sepsi Sf. Gheorghe,FC Hermannstadt,1,1,D,2.02,3.1,4.37,2.02,3.25,4.6,1.95,3.08,4.12,,,,,,
ROU,Superliga,2023/2024,21/08/2023,19:30,U. Cluj,CFR Cluj,3,4,A,3.99,3.27,2.04,4.6,3.4,2.09,3.99,3.2,1.94,,,,,,
ROU,Superliga,2023/2024,25/08/2023,16:30,Otelul,FC Voluntari,2,2,D,2.86,2.85,2.91,3,3.05,2.92,2.78,2.86,2.7,,,,,,
ROU,Superliga,2023/2024,25/08/2023,19:30,U Craiova 1948,FC Rapid Bucuresti,3,5,A,3.27,3.65,2.15,3.32,3.65,2.31,3.13,3.43,2.13,,,,,,
ROU,Superliga,2023/2024,26/08/2023,17:00,CFR Cluj,FC Botosani,3,1,H,1.4,4.46,8.68,1.42,5.03,9.1,1.37,4.44,8.05,,,,,,
ROU,Superliga,2023/2024,26/08/2023,19:45,Din. Bucuresti,Petrolul,1,1,D,2.86,3.17,2.64,2.95,3.26,2.64,2.79,3.12,2.5,,,,,,
ROU,Superliga,2023/2024,27/08/2023,19:30,Farul Constanta,Univ. Craiova,2,0,H,3.41,3.78,2.05,3.65,3.95,2.07,3.29,3.74,1.97,,,,,,
ROU,Superliga,2023/2024,28/08/2023,16:30,FC Hermannstadt,U. Cluj,2,2,D,2.46,3.22,3.06,2.54,3.22,3.25,2.38,3.05,3,,,,,,
ROU,Superliga,2023/2024,28/08/2023,19:30,UTA Arad,FCSB,2,1,H,4.92,3.72,1.74,5.5,3.85,1.78,4.83,3.6,1.68,,,,,,
ROU,Superliga,2023/2024,01/09/2023,16:30,Petrolul,Otelul,2,2,D,2.28,3.04,3.62,2.31,3.1,3.85,2.21,2.96,3.47,,,,,,
ROU,Superliga,2023/2024,01/09/2023,19:30,FC Rapid Bucuresti,Din. Bucuresti,4,0,H,1.5,4.32,6.67,1.53,4.5,6.9,1.46,4.28,6.17,,,,,,
ROU,Superliga,2023/2024,02/09/2023,17:00,FC Voluntari,CFR Cluj,1,4,A,4.19,3.47,1.93,4.35,3.6,2,3.92,3.36,1.89,,,,,,
ROU,Superliga,2023/2024,02/09/2023,19:45,FCSB,Univ. Craiova,3,0,H,2.37,3.63,2.89,2.5,3.67,2.96,2.37,3.46,2.7,,,,,,
ROU,Superliga,2023/2024,03/09/2023,19:30,U Craiova 1948,Farul Constanta,4,0,H,2.87,3.64,2.37,2.9,3.69,2.44,2.77,3.51,2.3,,,,,,
ROU,Superliga,2023/2024,04/09/2023,11:00,U. Cluj,Poli Iasi,0,2,A,1.75,3.69,4.84,1.87,3.69,4.9,1.79,3.49,4.528,,,,,,
ROU,Superliga,2023/2024,04/09/2023,16:30,FC Botosani,FC Hermannstadt,2,2,D,3.19,2.87,2.61,3.19,3.06,2.65,2.99,2.9,2.49,,,,,,
ROU,Superliga,2023/2024,04/09/2023,19:30,Sepsi Sf. Gheorghe,UTA Arad,1,0,H,1.6,3.74,6.32,1.62,3.8,7.2,1.57,3.64,5.93,,,,,,
ROU,Superliga,2023/2024,15/09/2023,16:30,UTA Arad,U. Cluj,0,1,A,2.52,3.18,3,2.54,3.27,3.25,2.39,3.1,2.94,,,,,,
ROU,Superliga,2023/2024,15/09/2023,19:30,Din. Bucuresti,U Craiova 1948,0,1,A,2.76,3.36,2.6,2.76,3.4,2.72,2.63,3.27,2.54,,,,,,
ROU,Superliga,2023/2024,16/09/2023,19:30,Univ. Craiova,Sepsi Sf. Gheorghe,2,1,H,1.96,3.46,4.05,2.14,3.48,4.05,1.98,3.34,3.66,,,,,,
ROU,Superliga,2023/2024,17/09/2023,15:00,FC Hermannstadt,FC Voluntari,3,1,H,1.92,3.39,4.34,2.03,3.58,4.6,1.86,3.36,4.12,,,,,,
ROU,Superliga,2023/2024,17/09/2023,17:15,Otelul,FC Rapid Bucuresti,0,0,D,4.6,3.56,1.82,4.89,3.56,1.91,4.19,3.36,1.84,,,,,,
ROU,Superliga,2023/2024,17/09/2023,19:45,Farul Constanta,FCSB,0,1,A,2.8,3.49,2.5,3.02,3.6,2.52,2.76,3.4,2.37,,,,,,
ROU,Superliga,2023/2024,18/09/2023,16:30,Poli Iasi,FC Botosani,1,1,D,2.21,3.1,3.71,2.24,3.25,3.72,2.15,3.08,3.44,,,,,,
ROU,Superliga,2023/2024,18/09/2023,19:30,CFR Cluj,Petrolul,1,0,H,1.35,5.05,8.73,1.41,5.25,9.1,1.35,4.67,7.91,,,,,,
ROU,Superliga,2023/2024,21/09/2023,18:00,FC Hermannstadt,FCSB,2,2,D,3.71,3.37,2.09,3.75,3.46,2.11,3.5,3.27,2.06,,,,,,
ROU,Superliga,2023/2024,22/09/2023,16:00,U Craiova 1948,Otelul,0,2,A,2.03,3.4,3.87,2.07,3.44,4.41,1.98,3.3,3.72,,,,,,
ROU,Superliga,2023/2024,22/09/2023,19:00,Din. Bucuresti,Farul Constanta,0,2,A,4.12,3.46,1.94,4.33,3.67,1.96,3.9,3.46,1.88,,,,,,
ROU,Superliga,2023/2024,23/09/2023,12:30,FC Voluntari,Poli Iasi,1,2,A,2.76,3.25,2.68,2.8,3.28,3.09,2.61,3.17,2.64,,,,,,
ROU,Superliga,2023/2024,23/09/2023,16:45,FC Botosani,UTA Arad,2,2,D,2.27,3.02,3.66,2.28,3.3,3.66,2.17,3.11,3.36,,,,,,
ROU,Superliga,2023/2024,23/09/2023,19:30,U. Cluj,Univ. Craiova,1,1,D,3.3,3.43,2.22,3.4,3.55,2.24,3.18,3.37,2.13,,,,,,
ROU,Superliga,2023/2024,24/09/2023,16:15,Petrolul,FC Hermannstadt,0,0,D,2.75,3.03,2.85,2.79,3.25,2.88,2.63,3.03,2.71,,,,,,
ROU,Superliga,2023/2024,24/09/2023,19:00,Sepsi Sf. Gheorghe,FCSB,2,5,A,2.88,3.38,2.5,2.9,3.41,2.6,2.73,3.27,2.45,,,,,,
ROU,Superliga,2023/2024,25/09/2023,19:00,FC Rapid Bucuresti,CFR Cluj,3,1,H,2.48,3.39,2.89,2.65,3.45,2.89,2.45,3.3,2.71,,,,,,
ROU,Superliga,2023/2024,29/09/2023,19:00,Otelul,Din. Bucuresti,1,0,H,2.18,3.06,3.91,2.27,3.24,3.91,2.11,3.07,3.57,,,,,,
ROU,Superliga,2023/2024,30/09/2023,12:30,UTA Arad,FC Voluntari,0,0,D,2.12,3.35,3.64,2.29,3.4,3.73,2.14,3.28,3.29,,,,,,
ROU,Superliga,2023/2024,30/09/2023,19:30,Farul Constanta,Sepsi Sf. Gheorghe,2,1,H,2.06,3.42,3.74,2.14,3.44,3.77,2.04,3.33,3.47,,,,,,
ROU,Superliga,2023/2024,01/10/2023,13:00,Univ. Craiova,FC Botosani,5,1,H,1.4,4.83,7.82,1.45,4.91,8,1.38,4.63,7.17,,,,,,
ROU,Superliga,2023/2024,01/10/2023,16:00,FC Hermannstadt,FC Rapid Bucuresti,1,1,D,3.19,3.23,2.37,3.19,3.37,2.42,2.99,3.2,2.31,,,,,,
ROU,Superliga,2023/2024,01/10/2023,19:00,CFR Cluj,U Craiova 1948,2,0,H,1.43,4.89,6.92,1.45,5.25,8,1.4,4.74,6.55,,,,,,
ROU,Superliga,2023/2024,02/10/2023,16:00,Poli Iasi,Petrolul,0,0,D,2.21,3.23,3.55,2.38,3.3,3.55,2.19,3.16,3.27,,,,,,
ROU,Superliga,2023/2024,02/10/2023,19:00,FCSB,U. Cluj,2,2,D,1.6,4.01,5.78,1.63,4.48,6.24,1.57,3.99,5.24,,,,,,
ROU,Superliga,2023/2024,05/10/2023,18:00,CFR Cluj,Sepsi Sf. Gheorghe,3,0,H,1.7,3.65,5.38,1.7,4.01,5.6,1.64,3.66,5.13,,,,,,
ROU,Superliga,2023/2024,06/10/2023,16:00,U Craiova 1948,FC Hermannstadt,1,1,D,2.85,3.25,2.6,2.88,3.36,2.6,2.76,3.18,2.47,,,,,,
ROU,Superliga,2023/2024,06/10/2023,19:00,FC Rapid Bucuresti,Poli Iasi,3,2,H,1.46,4.42,7.14,1.46,4.7,7.5,1.41,4.44,6.76,,,,,,
ROU,Superliga,2023/2024,07/10/2023,12:00,Petrolul,UTA Arad,0,0,D,2.13,3.25,3.73,2.22,3.35,3.73,2.13,3.19,3.35,,,,,,
ROU,Superliga,2023/2024,07/10/2023,16:45,FC Voluntari,Univ. Craiova,0,0,D,4.9,3.93,1.69,5,3.94,1.72,4.67,3.75,1.67,,,,,,
ROU,Superliga,2023/2024,07/10/2023,19:30,FC Botosani,FCSB,0,1,A,4.93,4.06,1.67,5.25,4.11,1.67,4.89,3.95,1.61,,,,,,
ROU,Superliga,2023/2024,08/10/2023,14:00,Otelul,Farul Constanta,0,1,A,3.76,3.31,2.09,3.8,3.4,2.15,3.53,3.25,2.05,,,,,,
ROU,Superliga,2023/2024,08/10/2023,19:30,Din. Bucuresti,CFR Cluj,1,1,D,6.69,4.14,1.52,7.5,4.45,1.59,6.21,4.06,1.48,,,,,,
ROU,Superliga,2023/2024,09/10/2023,19:00,U. Cluj,Sepsi Sf. Gheorghe,1,0,H,1.99,3.3,4.15,2.2,3.46,4.15,2.02,3.21,3.68,,,,,,
ROU,Superliga,2023/2024,19/10/2023,18:00,Poli Iasi,Sepsi Sf. Gheorghe,1,0,H,3.38,3.14,2.32,3.38,3.34,2.64,3.08,3.06,2.33,,,,,,
ROU,Superliga,2023/2024,20/10/2023,19:00,UTA Arad,FC Rapid Bucuresti,2,2,D,4.21,3.48,1.92,4.4,3.55,1.93,3.99,3.44,1.86,,,,,,
ROU,Superliga,2023/2024,21/10/2023,15:00,FC Hermannstadt,Din. Bucuresti,4,0,H,1.74,3.49,5.31,1.76,3.55,5.5,1.71,3.42,4.92,,,,,,
ROU,Superliga,2023/2024,21/10/2023,19:45,Farul Constanta,U. Cluj,1,1,D,1.99,3.56,3.83,2.02,3.73,3.9,1.95,3.47,3.61,,,,,,
ROU,Superliga,2023/2024,22/10/2023,13:30,Poli Iasi,U Craiova 1948,1,1,D,2.38,3.34,3.08,2.46,3.41,3.13,2.3,3.22,2.99,,,,,,
ROU,Superliga,2023/2024,22/10/2023,16:00,Univ. Craiova,Petrolul,1,3,A,1.49,4.36,6.78,1.5,4.5,7.5,1.45,4.27,6.48,,,,,,
ROU,Superliga,2023/2024,22/10/2023,19:00,FCSB,FC Voluntari,0,0,D,1.38,4.92,7.96,1.42,5.3,8.5,1.34,4.87,7.64,,,,,,
ROU,Superliga,2023/2024,23/10/2023,16:00,Sepsi Sf. Gheorghe,FC Botosani,5,2,H,1.51,4.1,6.85,1.57,4.1,6.85,1.52,3.92,5.96,,,,,,
ROU,Superliga,2023/2024,23/10/2023,19:00,CFR Cluj,Otelul,0,0,D,1.41,4.34,9.11,1.42,5.91,14.64,1.36,4.44,8.78,,,,,,
ROU,Superliga,2023/2024,26/10/2023,18:00,Farul Constanta,UTA Arad,2,2,D,1.75,3.68,4.92,1.76,4.03,5.72,1.69,3.62,4.74,,,,,,
ROU,Superliga,2023/2024,27/10/2023,15:30,FC Voluntari,Sepsi Sf. Gheorghe,0,2,A,3.26,3.16,2.37,3.5,3.22,2.37,3.19,3.09,2.26,,,,,,
ROU,Superliga,2023/2024,27/10/2023,18:30,Din. Bucuresti,Poli Iasi,0,0,D,2.48,3.01,3.23,2.64,3.14,3.23,2.41,3.01,3,,,,,,
ROU,Superliga,2023/2024,28/10/2023,12:00,Otelul,FC Hermannstadt,1,1,D,2.9,2.95,2.78,3.04,3,2.78,2.87,2.9,2.58,,,,,,
ROU,Superliga,2023/2024,28/10/2023,18:30,Petrolul,FCSB,2,2,D,4.7,3.67,1.78,4.7,3.9,1.8,4.35,3.6,1.75,,,,,,
ROU,Superliga,2023/2024,29/10/2023,12:00,U Craiova 1948,UTA Arad,2,3,A,2.28,3.26,3.35,2.29,3.42,4.23,2.16,3.23,3.29,,,,,,
ROU,Superliga,2023/2024,29/10/2023,18:30,FC Rapid Bucuresti,Univ. Craiova,2,0,H,2.26,3.5,3.17,2.26,3.53,3.24,2.18,3.36,3.08,,,,,,
ROU,Superliga,2023/2024,30/10/2023,15:30,FC Botosani,U. Cluj,0,3,A,3.65,3.27,2.15,3.68,3.3,2.23,3.41,3.18,2.12,,,,,,
ROU,Superliga,2023/2024,30/10/2023,18:30,CFR Cluj,Farul Constanta,3,1,H,1.78,3.76,4.57,1.8,3.98,5,1.73,3.76,4.28,,,,,,
ROU,Superliga,2023/2024,03/11/2023,16:00,Poli Iasi,Otelul,1,1,D,2.8,2.86,2.97,2.8,3.07,3.1,2.66,2.9,2.8,,,,,,
ROU,Superliga,2023/2024,04/11/2023,14:45,Sepsi Sf. Gheorghe,Petrolul,0,0,D,1.89,3.26,4.74,1.94,3.56,4.83,1.82,3.37,4.35,,,,,,
ROU,Superliga,2023/2024,04/11/2023,19:15,Univ. Craiova,U Craiova 1948,1,1,D,1.59,4.12,5.63,1.61,4.23,5.75,1.56,4.09,5.13,,,,,,
ROU,Superliga,2023/2024,05/11/2023,13:00,U. Cluj,FC Voluntari,1,2,A,1.73,3.55,5.32,1.78,3.6,5.32,1.73,3.47,4.7,,,,,,
ROU,Superliga,2023/2024,05/11/2023,15:30,Farul Constanta,FC Botosani,1,1,D,1.48,4.46,6.74,1.5,5.22,9.15,1.44,4.41,6.43,,,,,,
ROU,Superliga,2023/2024,05/11/2023,18:30,FCSB,FC Rapid Bucuresti,1,2,A,1.85,3.75,4.14,2.02,3.8,4.2,1.85,3.59,3.84,,,,,,
ROU,Superliga,2023/2024,06/11/2023,16:00,UTA Arad,Din. Bucuresti,2,1,H,2.23,3.02,3.78,2.23,3.45,4.09,2.07,3.21,3.54,,,,,,
ROU,Superliga,2023/2024,06/11/2023,19:00,FC Hermannstadt,CFR Cluj,1,0,H,3.48,3.15,2.28,3.5,3.34,2.28,3.26,3.21,2.18,,,,,,
ROU,Superliga,2023/2024,10/11/2023,18:30,Sepsi Sf. Gheorghe,FC Rapid Bucuresti,0,0,D,2.71,2.99,2.94,2.71,3.5,2.94,2.52,3.18,2.71,,,,,,
ROU,Superliga,2023/2024,11/11/2023,12:00,U. Cluj,Petrolul,0,0,D,2.06,3.17,4.09,2.06,3.44,4.33,1.95,3.26,3.86,,,,,,
ROU,Superliga,2023/2024,11/11/2023,16:45,Poli Iasi,CFR Cluj,3,3,D,4.56,3.5,1.84,4.7,3.62,1.85,4.25,3.46,1.8,,,,,,
ROU,Superliga,2023/2024,11/11/2023,19:00,Farul Constanta,FC Hermannstadt,1,1,D,1.89,3.53,4.25,2.05,3.56,4.3,1.9,3.4,3.87,,,,,,
ROU,Superliga,2023/2024,12/11/2023,11:30,FC Botosani,FC Voluntari,3,3,D,2.55,3.22,2.94,2.59,3.32,3,2.44,3.14,2.83,,,,,,
ROU,Superliga,2023/2024,12/11/2023,14:00,Univ. Craiova,Din. Bucuresti,1,0,H,1.44,4.51,7.49,1.44,5,9,1.38,4.51,7.42,,,,,,
ROU,Superliga,2023/2024,12/11/2023,19:00,FCSB,U Craiova 1948,2,1,H,1.49,4.44,6.6,1.51,4.75,6.8,1.45,4.39,6.1,,,,,,
ROU,Superliga,2023/2024,13/11/2023,18:30,UTA Arad,Otelul,2,4,A,2.88,2.88,2.86,2.92,3.03,3.19,2.56,2.88,2.92,,,,,,
ROU,Superliga,2023/2024,24/11/2023,15:30,FC Hermannstadt,Poli Iasi,0,0,D,1.76,3.56,5.01,1.82,3.56,5.01,1.75,3.42,4.63,,,,,,
ROU,Superliga,2023/2024,24/11/2023,18:30,Petrolul,FC Botosani,2,1,H,1.83,3.44,4.75,1.96,3.64,4.75,1.83,3.44,4.13,,,,,,
ROU,Superliga,2023/2024,25/11/2023,15:30,FC Voluntari,Farul Constanta,4,2,H,3.14,3.23,2.4,3.28,3.42,2.4,3,3.28,2.27,,,,,,
ROU,Superliga,2023/2024,25/11/2023,18:30,CFR Cluj,UTA Arad,0,0,D,1.43,4.68,7.35,1.46,4.7,7.5,1.41,4.44,6.97,,,,,,
ROU,Superliga,2023/2024,26/11/2023,15:30,Otelul,Univ. Craiova,1,3,A,3.9,3.08,2.15,3.9,3.24,2.2,3.58,3.04,2.12,,,,,,
ROU,Superliga,2023/2024,26/11/2023,18:30,Din. Bucuresti,FCSB,0,1,A,6.22,4.24,1.53,7,4.5,1.58,5.96,4.1,1.5,,,,,,
ROU,Superliga,2023/2024,27/11/2023,15:30,U Craiova 1948,Sepsi Sf. Gheorghe,2,1,H,2.88,3.09,2.68,2.97,3.3,2.79,2.72,3.1,2.55,,,,,,
ROU,Superliga,2023/2024,27/11/2023,18:30,FC Rapid Bucuresti,U. Cluj,2,3,A,1.9,3.49,4.26,1.92,3.62,4.38,1.85,3.44,4,,,,,,
ROU,Superliga,2023/2024,01/12/2023,15:00,FC Voluntari,Petrolul,0,0,D,2.93,2.82,2.87,2.93,3.1,2.89,2.7,2.91,2.75,,,,,,
ROU,Superliga,2023/2024,01/12/2023,18:00,Poli Iasi,Farul Constanta,2,3,A,3.45,3.3,2.21,3.45,3.35,2.3,3.27,3.18,2.18,,,,,,
ROU,Superliga,2023/2024,02/12/2023,12:00,UTA Arad,FC Hermannstadt,2,0,H,3.47,3.02,2.36,3.47,3.33,2.36,3.22,3.12,2.24,,,,,,
ROU,Superliga,2023/2024,02/12/2023,15:00,FC Botosani,FC Rapid Bucuresti,0,0,D,4.01,3.51,1.95,4.33,3.68,1.98,3.84,3.47,1.89,,,,,,
ROU,Superliga,2023/2024,02/12/2023,18:30,Univ. Craiova,CFR Cluj,1,0,H,2.33,3.21,3.29,2.43,3.32,3.34,2.28,3.16,3.08,,,,,,
ROU,Superliga,2023/2024,03/12/2023,14:00,U. Cluj,U Craiova 1948,2,1,H,1.99,3.28,4.18,2.06,3.55,4.18,1.95,3.37,3.75,,,,,,
ROU,Superliga,2023/2024,03/12/2023,19:00,FCSB,Otelul,0,2,A,1.59,3.87,6.16,1.63,4.15,6.3,1.56,3.82,5.7,,,,,,
ROU,Superliga,2023/2024,04/12/2023,18:00,Sepsi Sf. Gheorghe,Din. Bucuresti,2,1,H,1.72,3.55,5.34,1.82,3.63,5.36,1.71,3.47,4.85,,,,,,
ROU,Superliga,2023/2024,08/12/2023,17:00,Poli Iasi,UTA Arad,1,0,H,2.38,3.12,3.3,2.4,3.3,3.37,2.31,3.13,3.07,,,,,,
ROU,Superliga,2023/2024,09/12/2023,18:45,FC Rapid Bucuresti,FC Voluntari,1,2,A,1.75,3.65,4.97,1.75,3.76,5.3,1.7,3.56,4.75,,,,,,
ROU,Superliga,2023/2024,10/12/2023,12:00,FC Hermannstadt,Univ. Craiova,2,1,H,3.28,3.01,2.45,3.28,3.16,2.54,3.05,3.02,2.39,,,,,,
ROU,Superliga,2023/2024,10/12/2023,15:00,Farul Constanta,Petrolul,3,1,H,1.85,3.47,4.53,1.9,3.67,4.8,1.81,3.43,4.3,,,,,,
ROU,Superliga,2023/2024,10/12/2023,18:00,CFR Cluj,FCSB,1,1,D,2.11,3.37,3.64,2.13,3.47,3.75,2.03,3.33,3.49,,,,,,
ROU,Superliga,2023/2024,11/12/2023,15:00,U Craiova 1948,FC Botosani,2,0,H,1.68,3.92,5,1.83,3.92,5.36,1.69,3.7,4.59,,,,,,
ROU,Superliga,2023/2024,11/12/2023,18:45,Din. Bucuresti,U. Cluj,0,1,A,3.69,3.1,2.1,4.1,3.31,2.14,3.74,3.08,2.05,,,,,,
ROU,Superliga,2023/2024,12/12/2023,18:45,Otelul,Sepsi Sf. Gheorghe,2,3,A,2.9,2.73,3,2.96,3.01,3,2.75,2.81,2.79,,,,,,
ROU,Superliga,2023/2024,15/12/2023,15:00,FC Voluntari,U Craiova 1948,0,1,A,3.13,3.36,2.34,3.13,3.37,2.83,2.81,3.24,2.42,,,,,,
ROU,Superliga,2023/2024,15/12/2023,18:00,Petrolul,FC Rapid Bucuresti,0,0,D,2.82,2.96,2.85,3.09,3.2,2.95,2.77,2.94,2.65,,,,,,
ROU,Superliga,2023/2024,16/12/2023,12:00,UTA Arad,Farul Constanta,0,0,D,3.23,3.57,2.2,3.23,3.57,2.25,3.07,3.38,2.18,,,,,,
ROU,Superliga,2023/2024,16/12/2023,15:00,Univ. Craiova,Poli Iasi,2,2,D,1.51,4.29,6.53,1.53,4.52,6.62,1.49,4.12,6.15,,,,,,
ROU,Superliga,2023/2024,16/12/2023,18:00,FCSB,FC Hermannstadt,3,0,H,1.63,3.79,5.82,1.73,3.85,6.25,1.61,3.63,5.42,,,,,,
ROU,Superliga,2023/2024,17/12/2023,13:00,U. Cluj,Otelul,0,1,A,1.88,3.24,4.89,1.96,3.45,4.89,1.88,3.17,4.28,,,,,,
ROU,Superliga,2023/2024,17/12/2023,19:00,Sepsi Sf. Gheorghe,CFR Cluj,2,1,H,3.35,3.32,2.25,3.35,3.41,2.33,3.07,3.21,2.25,,,,,,
ROU,Superliga,2023/2024,18/12/2023,18:00,FC Botosani,Din. Bucuresti,0,2,A,2.58,3.11,2.99,2.58,3.2,3.08,2.45,3.04,2.91,,,,,,
ROU,Superliga,2023/2024,19/12/2023,15:30,U Craiova 1948,Petrolul,2,0,H,1.94,3.39,4.23,2,3.44,4.23,1.94,3.28,3.84,,,,,,
ROU,Superliga,2023/2024,19/12/2023,18:30,Poli Iasi,FCSB,1,3,A,4.68,3.68,1.78,4.83,3.74,1.83,4.4,3.47,1.77,,,,,,
ROU,Superliga,2023/2024,20/12/2023,15:30,UTA Arad,Univ. Craiova,2,2,D,5.24,3.44,1.76,5.24,3.55,1.83,4.62,3.39,1.76,,,,,,
ROU,Superliga,2023/2024,20/12/2023,18:30,Farul Constanta,FC Rapid Bucuresti,0,0,D,2.24,3.39,3.31,2.26,3.52,3.65,2.18,3.28,3.15,,,,,,
ROU,Superliga,2023/2024,21/12/2023,15:00,FC Hermannstadt,Sepsi Sf. Gheorghe,1,1,D,2.62,2.94,3.11,2.62,3.11,3.3,2.48,2.89,3.01,,,,,,
ROU,Superliga,2023/2024,21/12/2023,17:45,CFR Cluj,U. Cluj,4,0,H,1.97,3.21,4.39,1.97,3.56,4.7,1.86,3.28,4.18,,,,,,
ROU,Superliga,2023/2024,22/12/2023,15:30,Otelul,FC Botosani,0,2,A,1.78,3.37,5.3,1.8,3.58,5.5,1.73,3.38,4.82,,,,,,
ROU,Superliga,2023/2024,22/12/2023,18:30,Din. Bucuresti,FC Voluntari,1,0,H,2.39,2.9,3.56,2.43,3.21,3.56,2.31,2.92,3.27,,,,,,
ROU,Superliga,2023/2024,19/01/2024,15:00,Sepsi Sf. Gheorghe,Poli Iasi,6,0,H,1.75,3.74,4.79,1.8,3.8,4.79,1.74,3.65,4.24,,,,,,
ROU,Superliga,2023/2024,19/01/2024,18:00,FC Rapid Bucuresti,U Craiova 1948,4,3,H,1.93,3.76,3.84,1.98,3.76,4,1.89,3.58,3.66,,,,,,
ROU,Superliga,2023/2024,20/01/2024,15:00,U. Cluj,FC Hermannstadt,2,1,H,2.13,2.97,4.16,2.13,3.2,4.22,2.06,2.97,3.8,,,,,,
ROU,Superliga,2023/2024,20/01/2024,18:00,Petrolul,Din. Bucuresti,1,0,H,2.44,2.98,3.36,2.44,3.2,3.6,2.24,2.99,3.3,,,,,,
ROU,Superliga,2023/2024,21/01/2024,13:00,FC Botosani,CFR Cluj,1,0,H,6.03,4.16,1.55,6.52,4.16,1.57,5.7,3.92,1.53,,,,,,
ROU,Superliga,2023/2024,21/01/2024,18:00,Univ. Craiova,Farul Constanta,1,2,A,1.86,3.64,4.25,1.88,3.71,4.39,1.82,3.47,4.04,,,,,,
ROU,Superliga,2023/2024,22/01/2024,15:00,FC Voluntari,Otelul,1,1,D,2.31,2.99,3.6,2.53,3.05,3.6,2.24,2.95,3.34,,,,,,
ROU,Superliga,2023/2024,22/01/2024,18:00,FCSB,UTA Arad,4,0,H,1.35,5.06,9.02,1.41,5.06,9.02,1.35,4.6,7.87,,,,,,
ROU,Superliga,2023/2024,26/01/2024,18:00,Farul Constanta,U Craiova 1948,1,0,H,1.88,3.74,4.05,1.95,3.74,4.4,1.88,3.53,3.75,,,,,,
ROU,Superliga,2023/2024,27/01/2024,12:00,UTA Arad,Sepsi Sf. Gheorghe,2,1,H,3.61,3.21,2.19,3.61,3.21,2.3,3.29,3.12,2.19,,,,,,
ROU,Superliga,2023/2024,27/01/2024,15:00,Otelul,Petrolul,0,0,D,2.69,2.78,3.21,2.69,3,3.38,2.42,2.82,3.17,,,,,,
ROU,Superliga,2023/2024,27/01/2024,18:00,Din. Bucuresti,FC Rapid Bucuresti,1,2,A,3.56,3.29,2.18,3.93,3.32,2.19,3.49,3.14,2.1,,,,,,
ROU,Superliga,2023/2024,28/01/2024,12:00,FC Hermannstadt,FC Botosani,2,0,H,1.68,3.46,6.08,1.87,3.51,6.08,1.68,3.38,5.29,,,,,,
ROU,Superliga,2023/2024,28/01/2024,15:00,Poli Iasi,U. Cluj,1,0,H,3.94,3.24,2.07,4,3.24,2.17,3.52,3.11,2.09,,,,,,
ROU,Superliga,2023/2024,28/01/2024,18:00,Univ. Craiova,FCSB,0,3,A,2.63,3.22,2.84,2.75,3.3,2.84,2.56,3.17,2.66,,,,,,
ROU,Superliga,2023/2024,29/01/2024,18:00,CFR Cluj,FC Voluntari,4,1,H,1.42,4.61,7.72,1.5,4.61,8.76,1.41,4.33,7.16,,,,,,
ROU,Superliga,2023/2024,02/02/2024,15:00,FC Botosani,Poli Iasi,2,1,H,2.42,2.96,3.41,2.45,3.1,3.41,2.35,2.95,3.14,,,,,,
ROU,Superliga,2023/2024,02/02/2024,18:00,U Craiova 1948,Din. Bucuresti,2,1,H,2.03,3.41,3.85,2.04,3.52,3.86,1.98,3.31,3.62,,,,,,
ROU,Superliga,2023/2024,03/02/2024,15:00,Petrolul,CFR Cluj,1,2,A,4.1,3.28,2.01,4.1,3.38,2.05,3.74,3.22,1.98,,,,,,
ROU,Superliga,2023/2024,03/02/2024,18:00,FC Rapid Bucuresti,Otelul,2,1,H,1.76,3.72,4.72,1.77,3.8,5.25,1.71,3.57,4.63,,,,,,
ROU,Superliga,2023/2024,04/02/2024,11:00,U. Cluj,UTA Arad,1,3,A,1.8,3.38,5.09,1.83,3.61,5.25,1.75,3.41,4.55,,,,,,
ROU,Superliga,2023/2024,04/02/2024,13:30,Sepsi Sf. Gheorghe,Univ. Craiova,1,3,A,2.3,2.98,3.65,2.3,3.25,3.65,2.22,3.05,3.27,,,,,,
ROU,Superliga,2023/2024,05/02/2024,15:00,FC Voluntari,FC Hermannstadt,1,1,D,3.19,2.75,2.72,3.25,3,2.86,2.96,2.77,2.62,,,,,,
ROU,Superliga,2023/2024,05/02/2024,18:00,FCSB,Farul Constanta,1,1,D,1.83,3.82,4.19,1.83,4,4.57,1.78,3.69,4,,,,,,
ROU,Superliga,2023/2024,09/02/2024,15:00,Otelul,U Craiova 1948,1,0,H,2.18,3.14,3.75,2.25,3.2,3.75,2.17,3.08,3.37,,,,,,
ROU,Superliga,2023/2024,09/02/2024,18:00,Univ. Craiova,U. Cluj,2,2,D,2,3.32,4.08,2.01,3.46,4.4,1.94,3.24,3.87,,,,,,
ROU,Superliga,2023/2024,10/02/2024,12:00,Poli Iasi,FC Voluntari,0,0,D,2.2,3.05,3.79,2.35,3.41,3.79,2.18,3.08,3.36,,,,,,
ROU,Superliga,2023/2024,10/02/2024,19:15,CFR Cluj,FC Rapid Bucuresti,0,1,A,1.69,3.98,4.88,1.71,3.98,5.2,1.63,3.8,4.83,,,,,,
ROU,Superliga,2023/2024,11/02/2024,16:15,FC Hermannstadt,Petrolul,0,0,D,2.22,2.75,4.34,2.22,3.09,4.5,2.15,2.77,3.86,,,,,,
ROU,Superliga,2023/2024,11/02/2024,18:45,FCSB,Sepsi Sf. Gheorghe,1,0,H,1.7,3.7,5.28,1.78,3.88,5.4,1.64,3.74,4.9,,,,,,
ROU,Superliga,2023/2024,12/02/2024,15:00,UTA Arad,FC Botosani,2,2,D,1.98,3.22,4.33,2.03,3.38,4.33,1.96,3.21,3.85,,,,,,
ROU,Superliga,2023/2024,12/02/2024,18:00,Farul Constanta,Din. Bucuresti,0,2,A,1.65,3.79,5.59,1.76,4.14,5.7,1.65,3.71,4.86,,,,,,
ROU,Superliga,2023/2024,16/02/2024,15:00,Petrolul,Poli Iasi,2,1,H,1.94,3.28,4.4,1.99,3.32,4.8,1.88,3.14,4.26,,,,,,
ROU,Superliga,2023/2024,16/02/2024,18:00,FC Rapid Bucuresti,FC Hermannstadt,2,0,H,1.78,3.56,4.88,1.81,3.56,4.88,1.75,3.4,4.56,,,,,,
ROU,Superliga,2023/2024,17/02/2024,12:00,FC Voluntari,UTA Arad,0,1,A,2.48,3.06,3.18,2.49,3.26,3.2,2.34,3.09,3.01,,,,,,
ROU,Superliga,2023/2024,17/02/2024,19:30,U Craiova 1948,CFR Cluj,1,3,A,3.64,3.66,2.01,3.7,3.68,2.07,3.42,3.49,1.99,,,,,,
ROU,Superliga,2023/2024,18/02/2024,15:15,FC Botosani,Univ. Craiova,2,2,D,5.19,3.45,1.77,5.19,3.7,1.91,4.47,3.4,1.78,,,,,,
ROU,Superliga,2023/2024,18/02/2024,18:00,Din. Bucuresti,Otelul,3,1,H,2.69,2.9,3.05,2.7,2.97,3.05,2.59,2.83,2.89,,,,,,
ROU,Superliga,2023/2024,19/02/2024,15:30,Sepsi Sf. Gheorghe,Farul Constanta,0,1,A,2.13,3.43,3.52,2.16,3.52,3.52,2.07,3.28,3.36,,,,,,
ROU,Superliga,2023/2024,19/02/2024,18:30,U. Cluj,FCSB,0,0,D,3.28,3.3,2.29,3.6,3.38,2.29,3.21,3.16,2.19,,,,,,
ROU,Superliga,2023/2024,23/02/2024,15:00,FC Hermannstadt,U Craiova 1948,1,0,H,1.92,3.34,4.42,1.95,3.43,4.5,1.91,3.21,4.09,,,,,,
ROU,Superliga,2023/2024,23/02/2024,18:00,CFR Cluj,Din. Bucuresti,4,0,H,1.43,4.61,7.33,1.44,4.61,8,1.4,4.37,7.4,,,,,,
ROU,Superliga,2023/2024,24/02/2024,12:00,UTA Arad,Petrolul,1,0,H,2.15,3.2,3.74,2.15,3.26,3.74,2.11,3.14,3.43,,,,,,
ROU,Superliga,2023/2024,24/02/2024,15:00,Farul Constanta,Otelul,1,1,D,1.86,3.32,4.77,1.88,3.41,5.2,1.78,3.29,4.64,,,,,,
ROU,Superliga,2023/2024,24/02/2024,18:00,Poli Iasi,FC Rapid Bucuresti,3,1,H,4.78,3.58,1.79,4.78,3.58,1.84,4.38,3.44,1.78,,,,,,
ROU,Superliga,2023/2024,25/02/2024,12:00,Sepsi Sf. Gheorghe,U. Cluj,0,0,D,2.31,3.14,3.42,2.31,3.25,3.6,2.15,3.15,3.33,,,,,,
ROU,Superliga,2023/2024,25/02/2024,18:00,FCSB,FC Botosani,3,2,H,1.31,5.09,9.72,1.34,5.1,11,1.3,4.89,9.59,,,,,,
ROU,Superliga,2023/2024,26/02/2024,18:00,Univ. Craiova,FC Voluntari,2,1,H,1.39,4.79,8.26,1.4,5,8.3,1.36,4.64,7.43,,,,,,
ROU,Superliga,2023/2024,27/02/2024,14:15,U Craiova 1948,Poli Iasi,1,1,D,2.07,3.42,3.7,2.07,3.71,3.7,2.01,3.39,3.45,,,,,,
ROU,Superliga,2023/2024,27/02/2024,16:30,Din. Bucuresti,FC Hermannstadt,1,0,H,3.25,2.78,2.66,3.25,3,2.75,2.99,2.84,2.53,,,,,,
ROU,Superliga,2023/2024,27/02/2024,19:00,Otelul,CFR Cluj,2,2,D,5.08,3.83,1.69,5.25,3.84,1.7,4.86,3.69,1.65,,,,,,
ROU,Superliga,2023/2024,28/02/2024,16:30,U. Cluj,Farul Constanta,1,0,H,2.35,3.21,3.26,2.35,3.3,3.51,2.23,3.12,3.21,,,,,,
ROU,Superliga,2023/2024,28/02/2024,19:00,FC Rapid Bucuresti,UTA Arad,4,1,H,1.77,4,4.31,1.77,4.1,5.2,1.69,3.85,4.33,,,,,,
ROU,Superliga,2023/2024,29/02/2024,14:15,FC Botosani,Sepsi Sf. Gheorghe,1,2,A,3.88,3.19,2.11,4.01,3.19,2.22,3.52,3.06,2.13,,,,,,
ROU,Superliga,2023/2024,29/02/2024,16:30,Petrolul,Univ. Craiova,2,3,A,3.89,3.31,2.05,3.89,3.4,2.3,3.48,3.24,2.06,,,,,,
ROU,Superliga,2023/2024,29/02/2024,19:00,FC Voluntari,FCSB,1,2,A,5.58,3.95,1.62,6.25,4,1.66,5.38,3.82,1.58,,,,,,
ROU,Superliga,2023/2024,01/03/2024,18:00,Poli Iasi,Din. Bucuresti,0,0,D,2.55,3.16,2.99,2.55,3.2,3.2,2.39,3.08,2.96,,,,,,
ROU,Superliga,2023/2024,02/03/2024,12:00,UTA Arad,U Craiova 1948,3,2,H,1.96,3.79,3.66,1.98,3.81,3.95,1.89,3.6,3.64,,,,,,
ROU,Superliga,2023/2024,02/03/2024,15:00,FC Hermannstadt,Otelul,4,1,H,2.07,2.9,4.6,2.16,3.05,4.6,2.08,2.91,3.9,,,,,,
ROU,Superliga,2023/2024,02/03/2024,18:00,Farul Constanta,CFR Cluj,1,1,D,3.33,3.17,2.34,3.33,3.48,2.34,3.07,3.21,2.24,,,,,,
ROU,Superliga,2023/2024,03/03/2024,12:30,U. Cluj,FC Botosani,1,0,H,1.59,3.89,6.1,1.59,4.2,7,1.51,3.86,6.17,,,,,,
ROU,Superliga,2023/2024,03/03/2024,18:30,FCSB,Petrolul,1,0,H,1.49,4.3,6.76,1.49,4.4,7.5,1.43,4.21,6.75,,,,,,
ROU,Superliga,2023/2024,04/03/2024,15:00,Sepsi Sf. Gheorghe,FC Voluntari,4,0,H,1.63,3.85,5.64,1.66,3.89,5.84,1.61,3.69,5.21,,,,,,
ROU,Superliga,2023/2024,04/03/2024,18:00,Univ. Craiova,FC Rapid Bucuresti,1,1,D,2.08,3.55,3.54,2.15,3.62,3.57,2.06,3.46,3.25,,,,,,
ROU,Superliga,2023/2024,08/03/2024,18:00,CFR Cluj,FC Hermannstadt,1,0,H,1.68,3.77,5.27,1.71,3.77,5.5,1.65,3.61,5.05,,,,,,
ROU,Superliga,2023/2024,08/03/2024,18:00,Din. Bucuresti,UTA Arad,1,0,H,2.31,3.2,3.34,2.5,3.25,3.34,2.28,3.12,3.12,,,,,,
ROU,Superliga,2023/2024,08/03/2024,18:00,FC Botosani,Farul Constanta,0,0,D,3.25,3.06,2.44,3.3,3.2,2.45,3.08,2.99,2.37,,,,,,
ROU,Superliga,2023/2024,08/03/2024,18:00,FC Voluntari,U. Cluj,0,0,D,3.63,3.27,2.16,3.63,3.27,2.21,3.39,3.14,2.14,,,,,,
ROU,Superliga,2023/2024,08/03/2024,18:00,Petrolul,Sepsi Sf. Gheorghe,1,2,A,3.45,3.16,2.29,3.45,3.45,2.36,3.15,3.15,2.25,,,,,,
ROU,Superliga,2023/2024,09/03/2024,18:00,FC Rapid Bucuresti,FCSB,4,0,H,3.6,3.45,2.09,3.73,3.51,2.25,3.37,3.34,2.06,,,,,,
ROU,Superliga,2023/2024,10/03/2024,18:45,U Craiova 1948,Univ. Craiova,1,2,A,4.45,3.98,1.75,4.45,3.98,1.86,4.07,3.74,1.77,,,,,,
ROU,Superliga,2023/2024,11/03/2024,18:00,Otelul,Poli Iasi,1,1,D,2.07,3.09,4.19,2.14,3.22,4.3,2.04,3.03,3.86,,,,,,
ROU,Superliga,2023/2024,15/03/2024,15:30,U. Cluj,FC Botosani,3,0,H,1.88,3.13,5.12,1.93,3.3,5.51,1.82,3.09,4.99,,,,,,
ROU,Superliga,2023/2024,15/03/2024,18:30,FC Rapid Bucuresti,Farul Constanta,1,2,A,1.63,3.89,5.67,1.68,3.89,5.67,1.62,3.75,5.14,,,,,,
ROU,Superliga,2023/2024,16/03/2024,15:00,Otelul,Poli Iasi,1,0,H,2.14,2.91,4.27,2.17,3.12,4.27,2.08,2.98,3.86,,,,,,
ROU,Superliga,2023/2024,16/03/2024,18:00,CFR Cluj,Univ. Craiova,1,2,A,1.86,3.46,4.54,1.91,3.6,4.6,1.84,3.43,4.15,,,,,,
ROU,Superliga,2023/2024,17/03/2024,16:15,FC Hermannstadt,Din. Bucuresti,3,0,H,2.11,2.89,4.41,2.11,3.11,4.41,2.03,2.93,4.1,,,,,,
ROU,Superliga,2023/2024,17/03/2024,19:00,FCSB,Sepsi Sf. Gheorghe,2,1,H,1.34,4.75,10.4,1.4,5,11,1.32,4.7,9.2,,,,,,
ROU,Superliga,2023/2024,18/03/2024,15:30,UTA Arad,FC Voluntari,4,3,H,1.83,3.38,4.84,1.99,3.38,4.84,1.85,3.2,4.36,,,,,,
ROU,Superliga,2023/2024,18/03/2024,18:30,Petrolul,U Craiova 1948,1,0,H,2.25,3.13,3.57,2.29,3.3,3.57,2.18,3.11,3.32,,,,,,
ROU,Superliga,2023/2024,29/03/2024,15:30,FC Voluntari,FC Hermannstadt,1,0,H,3.21,2.84,2.59,3.21,3.1,2.72,2.95,2.86,2.55,,,,,,
ROU,Superliga,2023/2024,29/03/2024,18:30,Sepsi Sf. Gheorghe,CFR Cluj,1,1,D,3.4,3.3,2.21,3.54,3.53,2.21,3.32,3.31,2.09,,,,,,
ROU,Superliga,2023/2024,30/03/2024,13:45,FC Botosani,Poli Iasi,2,1,H,2.32,2.98,3.53,2.32,3.18,3.7,2.21,3,3.39,,,,,,
ROU,Superliga,2023/2024,30/03/2024,16:00,U. Cluj,UTA Arad,0,0,D,1.77,3.39,5.16,1.88,3.57,5.22,1.77,3.33,4.65,,,,,,
ROU,Superliga,2023/2024,30/03/2024,19:00,Univ. Craiova,FC Rapid Bucuresti,2,1,H,2.49,3.44,2.8,2.52,3.5,2.88,2.43,3.32,2.72,,,,,,
ROU,Superliga,2023/2024,31/03/2024,12:00,U Craiova 1948,Otelul,1,2,A,2.2,3.15,3.6,2.38,3.27,3.6,2.21,3.09,3.28,,,,,,
ROU,Superliga,2023/2024,31/03/2024,19:00,Farul Constanta,FCSB,0,1,A,3.68,3.34,2.08,3.76,3.48,2.12,3.48,3.26,2.05,,,,,,
ROU,Superliga,2023/2024,01/04/2024,18:30,Din. Bucuresti,Petrolul,1,1,D,2.44,2.79,3.55,2.45,2.95,3.6,2.34,2.82,3.33,,,,,,
ROU,Superliga,2023/2024,05/04/2024,15:30,UTA Arad,FC Botosani,1,0,H,2.22,3.36,3.31,2.22,3.38,3.65,2.15,3.26,3.25,,,,,,
ROU,Superliga,2023/2024,05/04/2024,18:30,Sepsi Sf. Gheorghe,Farul Constanta,1,1,D,1.98,3.41,3.96,2.05,3.41,3.96,2.01,3.3,3.57,,,,,,
ROU,Superliga,2023/2024,06/04/2024,15:30,Petrolul,FC Voluntari,0,4,A,2.2,2.99,3.83,2.2,3.24,4.4,2.09,3.01,3.71,,,,,,
ROU,Superliga,2023/2024,06/04/2024,18:30,FC Rapid Bucuresti,CFR Cluj,1,4,A,2.17,3.57,3.24,2.25,3.57,3.7,2.11,3.35,3.26,,,,,,
ROU,Superliga,2023/2024,07/04/2024,12:30,FC Hermannstadt,U. Cluj,1,1,D,2.57,2.76,3.36,2.57,2.88,3.5,2.43,2.72,3.31,,,,,,
ROU,Superliga,2023/2024,07/04/2024,18:30,FCSB,Univ. Craiova,2,0,H,1.57,4.11,5.68,1.59,4.11,6,1.55,3.95,5.4,,,,,,
ROU,Superliga,2023/2024,08/04/2024,15:30,Poli Iasi,U Craiova 1948,0,0,D,2.38,3.14,3.21,2.42,3.25,3.21,2.33,3.1,3.02,,,,,,
ROU,Superliga,2023/2024,08/04/2024,18:30,Otelul,Din. Bucuresti,1,0,H,2.27,2.85,3.86,2.29,2.91,4,2.19,2.82,3.68,,,,,,
ROU,Superliga,2023/2024,12/04/2024,15:30,UTA Arad,FC Hermannstadt,1,3,A,2.84,2.93,2.81,2.85,3,2.95,2.74,2.88,2.71,,,,,,
ROU,Superliga,2023/2024,12/04/2024,18:30,Univ. Craiova,Farul Constanta,1,2,A,1.81,3.77,4.24,1.85,3.79,4.47,1.79,3.61,4.05,,,,,,
ROU,Superliga,2023/2024,13/04/2024,15:00,FC Voluntari,Otelul,1,1,D,2.78,2.57,3.33,2.94,2.9,3.33,2.71,2.72,2.93,,,,,,
ROU,Superliga,2023/2024,13/04/2024,19:30,U. Cluj,Petrolul,1,2,A,1.94,3.06,4.73,2,3.25,4.73,1.93,3.08,4.24,,,,,,
ROU,Superliga,2023/2024,14/04/2024,11:30,FC Botosani,U Craiova 1948,4,1,H,2.37,3.11,3.26,2.4,3.2,3.3,2.3,3.09,3.09,,,,,,
ROU,Superliga,2023/2024,14/04/2024,16:15,Din. Bucuresti,Poli Iasi,1,0,H,2.16,3.04,3.88,2.23,3.25,3.88,2.13,3.06,3.5,,,,,,
ROU,Superliga,2023/2024,14/04/2024,19:00,CFR Cluj,FCSB,0,1,A,2.23,3.14,3.54,2.38,3.25,3.75,2.15,3.1,3.44,,,,,,
ROU,Superliga,2023/2024,15/04/2024,18:30,FC Rapid Bucuresti,Sepsi Sf. Gheorghe,0,1,A,1.69,3.76,5.06,1.75,3.89,5.06,1.7,3.71,4.46,,,,,,
ROU,Superliga,2023/2024,19/04/2024,15:30,FC Hermannstadt,FC Botosani,1,1,D,1.88,3.23,4.71,1.99,3.35,4.89,1.88,3.17,4.33,,,,,,
ROU,Superliga,2023/2024,19/04/2024,18:30,Farul Constanta,CFR Cluj,5,1,H,3.2,3.32,2.29,3.4,3.36,2.29,3.16,3.24,2.18,,,,,,
ROU,Superliga,2023/2024,20/04/2024,13:00,Poli Iasi,FC Voluntari,3,1,H,2.6,3.02,3,2.6,3.2,3.35,2.4,2.99,3.03,,,,,,
ROU,Superliga,2023/2024,20/04/2024,15:30,U Craiova 1948,Din. Bucuresti,1,1,D,2.65,2.96,3,2.65,3.2,3.05,2.47,2.99,2.91,,,,,,
ROU,Superliga,2023/2024,20/04/2024,18:30,FCSB,FC Rapid Bucuresti,2,2,D,1.87,3.55,4.11,1.95,3.68,4.25,1.86,3.48,3.89,,,,,,
ROU,Superliga,2023/2024,21/04/2024,14:00,Otelul,U. Cluj,1,0,H,2.68,2.67,3.31,2.86,2.95,3.5,2.68,2.65,3.03,,,,,,
ROU,Superliga,2023/2024,21/04/2024,17:00,Sepsi Sf. Gheorghe,Univ. Craiova,1,3,A,2.61,3.12,2.9,2.65,3.28,2.92,2.49,3.12,2.79,,,,,,
ROU,Superliga,2023/2024,22/04/2024,17:00,Petrolul,UTA Arad,1,1,D,2.05,3.19,4,2.22,3.25,4.05,2.08,3.1,3.62,,,,,,
ROU,Superliga,2023/2024,23/04/2024,15:00,FC Voluntari,U Craiova 1948,0,0,D,2.29,3.08,3.45,2.38,3.21,3.45,2.3,3.08,3.12,,,,,,
ROU,Superliga,2023/2024,23/04/2024,17:30,FC Botosani,Din. Bucuresti,2,1,H,2.82,2.85,2.92,2.82,3,3.1,2.62,2.83,2.9,,,,,,
ROU,Superliga,2023/2024,24/04/2024,14:45,U. Cluj,Poli Iasi,1,0,H,1.69,3.6,5.4,1.76,3.62,5.4,1.7,3.45,4.93,,,,,,
ROU,Superliga,2023/2024,24/04/2024,17:00,Farul Constanta,FC Rapid Bucuresti,3,1,H,2.61,3.38,2.7,2.7,3.42,2.8,2.56,3.27,2.61,,,,,,
ROU,Superliga,2023/2024,24/04/2024,19:45,Sepsi Sf. Gheorghe,FCSB,2,2,D,3.5,3.46,2.1,3.7,3.51,2.17,3.38,3.37,2.05,,,,,,
ROU,Superliga,2023/2024,25/04/2024,14:45,UTA Arad,Otelul,3,1,H,2.8,2.8,2.98,2.81,3.1,3.05,2.62,2.85,2.89,,,,,,
ROU,Superliga,2023/2024,25/04/2024,17:00,FC Hermannstadt,Petrolul,2,0,H,2.09,2.98,4.22,2.25,3.11,4.24,2.1,2.95,3.79,,,,,,
ROU,Superliga,2023/2024,25/04/2024,19:45,Univ. Craiova,CFR Cluj,0,1,A,2.53,3.43,2.75,2.6,3.5,2.8,2.47,3.35,2.64,,,,,,
ROU,Superliga,2023/2024,26/04/2024,18:00,Din. Bucuresti,FC Voluntari,1,1,D,2.1,3.06,4.04,2.14,3.5,4.2,2.02,3.03,3.86,,,,,,
ROU,Superliga,2023/2024,27/04/2024,15:30,U Craiova 1948,U. Cluj,3,2,H,2.75,3.05,2.79,2.77,3.35,2.79,2.64,3.01,2.66,,,,,,
ROU,Superliga,2023/2024,27/04/2024,18:30,FCSB,Farul Constanta,2,1,H,1.93,3.59,3.92,1.95,3.75,4.2,1.88,3.54,3.69,,,,,,
ROU,Superliga,2023/2024,28/04/2024,11:30,Otelul,FC Hermannstadt,1,0,H,2.17,2.83,4.23,2.25,3.18,4.23,2.11,2.85,3.78,,,,,,
ROU,Superliga,2023/2024,28/04/2024,16:15,Poli Iasi,UTA Arad,0,2,A,2.09,3.43,3.57,2.17,3.63,3.57,2.04,3.39,3.33,,,,,,
ROU,Superliga,2023/2024,28/04/2024,19:00,CFR Cluj,Sepsi Sf. Gheorghe,2,1,H,1.67,4.13,4.69,1.68,4.5,5.5,1.61,4.03,4.65,,,,,,
ROU,Superliga,2023/2024,29/04/2024,15:30,Petrolul,FC Botosani,1,2,A,2.29,3.14,3.43,2.3,3.2,3.5,2.19,3.06,3.31,,,,,,
ROU,Superliga,2023/2024,29/04/2024,18:30,FC Rapid Bucuresti,Univ. Craiova,1,2,A,3.01,3.99,2.13,3.01,3.99,2.8,2.79,3.76,2.18,,,,,,
ROU,Superliga,2023/2024,03/05/2024,18:00,Farul Constanta,Sepsi Sf. Gheorghe,1,4,A,1.68,3.83,4.49,1.75,4,5.3,1.69,3.76,4.4,,,,,,
ROU,Superliga,2023/2024,04/05/2024,12:30,FC Botosani,FC Voluntari,0,0,D,2.43,3.14,3.14,2.48,3.3,3.2,2.34,3.16,2.96,,,,,,
ROU,Superliga,2023/2024,04/05/2024,18:00,U. Cluj,Din. Bucuresti,3,3,D,2.07,3.15,3.99,2.4,3.23,4.1,2.04,3.04,3.81,,,,,,
ROU,Superliga,2023/2024,05/05/2024,13:30,Petrolul,Otelul,2,1,H,2.49,2.9,3.31,2.63,3,3.43,2.44,2.85,3.12,,,,,,
ROU,Superliga,2023/2024,05/05/2024,19:30,CFR Cluj,FC Rapid Bucuresti,3,2,H,1.46,4.78,6.1,1.46,5,6.5,1.42,4.73,5.91,,,,,,
ROU,Superliga,2023/2024,06/05/2024,13:00,FC Hermannstadt,Poli Iasi,0,1,A,1.79,3.49,4.78,1.85,3.6,5,1.78,3.41,4.38,,,,,,
ROU,Superliga,2023/2024,06/05/2024,16:00,UTA Arad,U Craiova 1948,3,1,H,2.89,3.38,2.46,3.1,3.38,3,2.67,3.21,2.54,,,,,,
ROU,Superliga,2023/2024,06/05/2024,19:00,Univ. Craiova,FCSB,2,0,H,2.19,3.48,3.28,2.21,3.6,3.45,2.12,3.42,3.13,,,,,,
ROU,Superliga,2023/2024,10/05/2024,18:30,Sepsi Sf. Gheorghe,FC Rapid Bucuresti,3,2,H,2.1,3.8,3.2,2.2,3.8,3.25,2.11,3.63,3.05,,,,,,
ROU,Superliga,2023/2024,11/05/2024,18:00,FCSB,CFR Cluj,0,1,A,2.41,3.83,2.67,3.06,3.83,2.67,2.43,3.64,2.56,,,,,,
ROU,Superliga,2023/2024,12/05/2024,19:30,Din. Bucuresti,UTA Arad,2,0,H,1.49,4.43,5.77,1.75,4.52,5.9,1.51,4.27,5.37,,,,,,
ROU,Superliga,2023/2024,12/05/2024,19:30,FC Voluntari,U. Cluj,0,1,A,2.81,3.04,2.67,2.81,3.52,2.93,2.65,3.11,2.61,,,,,,
ROU,Superliga,2023/2024,12/05/2024,19:30,Otelul,FC Botosani,2,0,H,3.11,3.15,2.37,3.23,3.59,2.71,3.02,3.21,2.27,,,,,,
ROU,Superliga,2023/2024,12/05/2024,19:30,Poli Iasi,Petrolul,2,0,H,1.8,3.3,4.84,1.88,3.61,6,1.79,3.28,4.58,,,,,,
ROU,Superliga,2023/2024,12/05/2024,19:30,U Craiova 1948,FC Hermannstadt,1,3,A,2.12,3.22,3.59,2.17,3.66,3.59,2.11,3.24,3.31,,,,,,
ROU,Superliga,2023/2024,13/05/2024,18:30,Farul Constanta,Univ. Craiova,3,3,D,2.97,3.53,2.33,3.02,3.79,2.63,2.68,3.57,2.33,,,,,,
ROU,Superliga,2023/2024,17/05/2024,18:00,FC Botosani,Mioveni,1,0,H,1.53,3.88,6.8,1.55,4.3,8,1.47,3.96,6.45,,,,,,
ROU,Superliga,2023/2024,18/05/2024,19:00,CFR Cluj,Farul Constanta,5,1,H,1.4,4.41,7.73,1.43,5,8.3,1.38,4.7,7.07,,,,,,
ROU,Superliga,2023/2024,18/05/2024,19:00,Univ. Craiova,Sepsi Sf. Gheorghe,3,2,H,1.48,4.59,5.68,1.53,4.83,6.5,1.48,4.58,5.32,,,,,,
ROU,Superliga,2023/2024,19/05/2024,12:30,Otelul,U. Cluj,0,2,A,,,,2.77,3.06,3,2.59,2.9,2.84,,,,,,
ROU,Superliga,2023/2024,19/05/2024,19:00,FC Rapid Bucuresti,FCSB,2,0,H,1.75,4.05,4.06,1.82,4.33,4.6,1.7,4.07,4.04,,,,,,
ROU,Superliga,2023/2024,20/05/2024,18:00,Din. Bucuresti,Csikszereda M. Ciuc,2,0,H,1.24,5.81,12.47,1.27,5.81,16,1.23,5.28,11.54,,,,,,
ROU,Superliga,2023/2024,24/05/2024,18:00,Mioveni,FC Botosani,0,1,A,4.21,3.13,2.02,4.21,3.37,2.08,3.83,3.15,1.97,,,,,,
ROU,Superliga,2023/2024,26/05/2024,18:00,Univ. Craiova,U. Cluj,2,1,H,1.94,3.35,4.2,2.05,3.43,4.22,1.93,3.27,3.88,,,,,,
ROU,Superliga,2023/2024,27/05/2024,18:00,Csikszereda M. Ciuc,Din. Bucuresti,0,0,D,4.54,3.52,1.82,4.88,3.75,1.82,4.28,3.52,1.75,,,,,,
ROU,Superliga,2024/2025,12/07/2024,16:30,Farul Constanta,Unirea Slobozia,0,1,A,1.57,4,5.96,1.66,4,6.25,1.61,3.72,5.28,1.68,4,6.4,,,
ROU,Superliga,2024/2025,12/07/2024,19:30,FC Hermannstadt,Univ. Craiova,0,0,D,3.02,3.07,2.55,3.1,3.2,2.56,2.92,3.02,2.46,3.15,3.1,2.7,,,
ROU,Superliga,2024/2025,13/07/2024,15:00,Sepsi Sf. Gheorghe,Poli Iasi,1,0,H,1.71,3.74,4.9,1.73,3.82,5.2,1.68,3.65,4.73,1.74,3.95,5.5,,,
ROU,Superliga,2024/2025,13/07/2024,17:15,UTA Arad,FC Rapid Bucuresti,1,1,D,3.7,3.36,2.07,3.7,3.4,2.15,3.5,3.28,2.05,3.8,3.65,2.12,,,
ROU,Superliga,2024/2025,13/07/2024,20:00,FCSB,U. Cluj,1,1,D,1.51,4.04,6.87,1.52,4.1,7.2,1.49,3.94,6.47,1.57,4.1,7.8,,,
ROU,Superliga,2024/2025,14/07/2024,17:00,CFR Cluj,Din. Bucuresti,3,2,H,1.53,4.04,6.47,1.55,4.3,7.1,1.5,4.03,6.06,1.59,4.2,6.8,,,
ROU,Superliga,2024/2025,15/07/2024,16:30,FC Botosani,Otelul,2,3,A,2.48,2.89,3.34,2.5,3,3.39,2.4,2.86,3.18,2.56,3.05,3.45,,,
ROU,Superliga,2024/2025,15/07/2024,19:30,Petrolul,Gloria Buzau,0,0,D,2.07,3.08,4.11,2.19,3.34,4.35,2.05,3.08,3.8,2.14,3.3,4.2,,,
ROU,Superliga,2024/2025,19/07/2024,17:00,Poli Iasi,FC Botosani,1,0,H,2.36,2.93,3.5,2.42,3.18,3.5,2.35,2.94,3.21,2.5,3.15,3.4,,,
ROU,Superliga,2024/2025,19/07/2024,20:00,Unirea Slobozia,FCSB,2,2,D,7.62,4.69,1.4,7.62,4.69,1.49,6.75,4.36,1.42,8.4,4.6,1.49,,,
ROU,Superliga,2024/2025,20/07/2024,17:00,Univ. Craiova,UTA Arad,4,2,H,1.59,3.97,5.73,1.6,4.01,6.1,1.57,3.87,5.42,1.63,4.3,6.2,,,
ROU,Superliga,2024/2025,20/07/2024,20:00,FC Rapid Bucuresti,CFR Cluj,2,2,D,2.56,3.34,2.78,2.63,3.44,2.78,2.5,3.26,2.68,2.76,3.4,2.88,,,
ROU,Superliga,2024/2025,21/07/2024,17:00,U. Cluj,FC Hermannstadt,3,1,H,2.02,3.01,4.47,2.14,3.15,4.47,2.02,2.96,4.1,2.08,3.15,4.6,,,
ROU,Superliga,2024/2025,21/07/2024,20:00,Din. Bucuresti,Petrolul,4,1,H,2.07,3.14,4,2.11,3.2,4,2.03,3.1,3.79,2.08,3.35,4.2,,,
ROU,Superliga,2024/2025,22/07/2024,17:00,Gloria Buzau,Sepsi Sf. Gheorghe,1,2,A,4.29,3.53,1.87,4.33,3.6,1.94,4.05,3.45,1.85,4.7,3.7,1.9,,,
ROU,Superliga,2024/2025,22/07/2024,20:00,Otelul,Farul Constanta,0,0,D,2.73,3.14,2.74,2.76,3.2,2.75,2.67,3.08,2.63,2.82,3.3,2.88,,,
ROU,Superliga,2024/2025,26/07/2024,17:00,FC Hermannstadt,Unirea Slobozia,1,1,D,2.21,3.04,3.72,2.31,3.1,3.75,2.18,2.99,3.51,2.24,3.15,4.1,,,
ROU,Superliga,2024/2025,26/07/2024,20:00,FCSB,Otelul,0,2,A,1.83,3.44,4.61,1.86,3.51,4.63,1.81,3.38,4.34,1.9,3.55,5.1,,,
ROU,Superliga,2024/2025,27/07/2024,17:00,Poli Iasi,Gloria Buzau,1,2,A,1.99,3.22,4.21,2.01,3.35,4.25,1.96,3.2,3.91,2.08,3.3,4.5,,,
ROU,Superliga,2024/2025,27/07/2024,20:00,Sepsi Sf. Gheorghe,Din. Bucuresti,1,1,D,1.93,3.47,4.04,1.97,3.63,4.6,1.87,3.46,3.93,1.95,3.65,4.5,,,
ROU,Superliga,2024/2025,28/07/2024,17:00,Farul Constanta,FC Botosani,0,1,A,1.58,4.03,5.76,1.61,4.2,6.25,1.56,3.93,5.41,1.63,4.2,6,,,
ROU,Superliga,2024/2025,28/07/2024,20:00,CFR Cluj,Univ. Craiova,0,2,A,2.02,3.57,3.6,2.08,3.65,3.6,2.01,3.52,3.38,2.16,3.7,3.65,,,
ROU,Superliga,2024/2025,29/07/2024,17:00,UTA Arad,U. Cluj,0,0,D,2.67,3.28,2.7,3.01,3.28,2.71,2.62,3.18,2.62,2.8,3.35,2.82,,,
ROU,Superliga,2024/2025,29/07/2024,20:00,Petrolul,FC Rapid Bucuresti,1,0,H,4.15,3.13,2.04,4.2,3.44,2.04,3.92,3.17,1.97,4.6,3.35,2.02,,,
ROU,Superliga,2024/2025,02/08/2024,17:00,Otelul,FC Hermannstadt,1,0,H,1.83,3.29,4.93,1.92,3.5,4.93,1.83,3.28,4.44,1.96,3.35,5,,,
ROU,Superliga,2024/2025,02/08/2024,20:00,Din. Bucuresti,Gloria Buzau,4,1,H,1.68,3.72,5.19,1.76,3.92,5.19,1.68,3.64,4.76,1.78,3.85,5.5,,,
ROU,Superliga,2024/2025,03/08/2024,19:00,Farul Constanta,Poli Iasi,2,0,H,1.65,3.92,5.2,1.67,4,5.3,1.63,3.84,4.93,1.72,4,5.8,,,
ROU,Superliga,2024/2025,04/08/2024,17:00,Univ. Craiova,Petrolul,0,0,D,1.5,4.16,6.67,1.55,4.33,6.67,1.49,4.19,5.98,1.55,4.4,7.6,,,
ROU,Superliga,2024/2025,04/08/2024,20:00,CFR Cluj,U. Cluj,2,3,A,2.5,3.57,2.71,2.63,3.57,2.8,2.5,3.39,2.62,2.72,3.7,2.72,,,
ROU,Superliga,2024/2025,05/08/2024,17:00,Unirea Slobozia,UTA Arad,0,1,A,2.76,3.09,2.75,2.76,3.19,2.82,2.63,3.04,2.72,2.8,3.25,2.92,,,
ROU,Superliga,2024/2025,05/08/2024,20:00,FC Rapid Bucuresti,Sepsi Sf. Gheorghe,2,2,D,1.92,3.6,3.96,2.05,3.63,4.3,1.9,3.47,3.81,1.99,3.65,4.3,,,
ROU,Superliga,2024/2025,09/08/2024,19:00,FCSB,Farul Constanta,3,2,H,2.27,3.51,3.11,2.28,3.52,3.21,2.17,3.4,3.08,2.3,3.65,3.35,,,
ROU,Superliga,2024/2025,10/08/2024,15:00,FC Hermannstadt,FC Botosani,2,1,H,2.13,2.98,4.11,2.15,3.15,4.24,2.1,2.98,3.79,2.22,3.1,4.1,,,
ROU,Superliga,2024/2025,10/08/2024,17:00,UTA Arad,Otelul,1,1,D,2.7,2.93,2.97,2.75,3.2,2.98,2.61,2.96,2.8,2.76,3.15,2.98,,,
ROU,Superliga,2024/2025,10/08/2024,20:00,Gloria Buzau,FC Rapid Bucuresti,1,1,D,4.09,3.64,1.88,4.29,3.65,1.98,3.92,3.49,1.87,4.3,3.7,1.99,,,
ROU,Superliga,2024/2025,11/08/2024,17:00,Sepsi Sf. Gheorghe,Univ. Craiova,1,2,A,2.61,3.38,2.71,2.69,3.45,2.75,2.56,3.29,2.59,2.74,3.45,2.8,,,
ROU,Superliga,2024/2025,11/08/2024,20:00,CFR Cluj,Unirea Slobozia,3,0,H,1.54,4.11,6.22,1.61,4.11,6.75,1.55,3.86,5.59,1.61,4.2,7,,,
ROU,Superliga,2024/2025,12/08/2024,17:00,Petrolul,U. Cluj,0,0,D,3.12,2.98,2.55,3.12,3.05,2.7,2.98,2.93,2.48,3.15,3.1,2.74,,,
ROU,Superliga,2024/2025,12/08/2024,20:00,Poli Iasi,Din. Bucuresti,2,2,D,3.1,2.99,2.57,3.11,3.28,2.59,2.94,3.04,2.44,3.25,3.15,2.58,,,
ROU,Superliga,2024/2025,16/08/2024,17:00,Unirea Slobozia,Petrolul,1,2,A,2.92,2.68,3.01,2.92,2.9,3.2,2.7,2.73,2.94,3.05,2.82,3,,,
ROU,Superliga,2024/2025,16/08/2024,20:00,Univ. Craiova,Gloria Buzau,5,1,H,1.35,5.29,8.07,1.37,5.3,8.5,1.33,5.01,7.72,1.38,5.4,10,,,
ROU,Superliga,2024/2025,17/08/2024,17:00,FC Botosani,UTA Arad,1,0,H,2.48,2.98,3.25,2.48,3.2,3.3,2.35,3.06,3.09,2.54,3.15,3.35,,,
ROU,Superliga,2024/2025,17/08/2024,20:00,FCSB,Poli Iasi,0,1,A,1.43,4.79,7,1.47,4.8,7.01,1.42,4.49,6.6,1.46,4.8,8.4,,,
ROU,Superliga,2024/2025,18/08/2024,19:30,FC Rapid Bucuresti,Din. Bucuresti,1,1,D,1.83,3.68,4.28,1.85,3.69,4.43,1.79,3.55,4.18,1.91,3.65,4.8,,,
ROU,Superliga,2024/2025,19/08/2024,17:00,U. Cluj,Sepsi Sf. Gheorghe,3,0,H,2.3,3.09,3.46,2.31,3.25,3.47,2.23,3.08,3.28,2.38,3.25,3.6,,,
ROU,Superliga,2024/2025,19/08/2024,20:00,Farul Constanta,FC Hermannstadt,3,2,H,1.79,3.51,4.86,1.82,3.6,5,1.74,3.51,4.54,1.83,3.75,5.3,,,
ROU,Superliga,2024/2025,23/08/2024,17:00,Petrolul,Otelul,0,0,D,2.56,2.73,3.43,2.88,2.9,3.44,2.61,2.73,3.05,2.8,2.9,3.25,,,
ROU,Superliga,2024/2025,23/08/2024,20:00,Poli Iasi,FC Rapid Bucuresti,1,2,A,3.96,3.62,1.92,3.98,3.66,1.95,3.81,3.5,1.89,4.2,3.7,2,,,
ROU,Superliga,2024/2025,24/08/2024,17:00,Sepsi Sf. Gheorghe,Unirea Slobozia,0,1,A,1.51,4.21,6.53,1.54,4.22,6.54,1.51,4.05,5.85,1.6,4.2,6.6,,,
ROU,Superliga,2024/2025,24/08/2024,20:00,Din. Bucuresti,Univ. Craiova,2,1,H,3.2,3.29,2.32,3.2,3.45,2.38,3.02,3.3,2.26,3.3,3.5,2.4,,,
ROU,Superliga,2024/2025,25/08/2024,17:00,CFR Cluj,FC Botosani,3,0,H,1.82,3.73,4.27,1.86,3.85,4.35,1.8,3.64,4.04,1.86,3.85,4.7,,,
ROU,Superliga,2024/2025,25/08/2024,20:00,FC Hermannstadt,FCSB,2,0,H,3.97,3.26,2.04,3.98,3.37,2.14,3.68,3.21,2.02,4.3,3.4,2.1,,,
ROU,Superliga,2024/2025,26/08/2024,17:00,Gloria Buzau,U. Cluj,0,2,A,5.03,3.59,1.75,5.04,3.6,1.85,4.71,3.48,1.74,5.3,3.7,1.82,,,
ROU,Superliga,2024/2025,26/08/2024,20:00,UTA Arad,Farul Constanta,1,1,D,2.91,3.14,2.6,3,3.3,2.61,2.83,3.16,2.47,3,3.4,2.62,,,
ROU,Superliga,2024/2025,30/08/2024,19:00,Otelul,Sepsi Sf. Gheorghe,2,0,H,2.63,2.98,2.99,2.63,3.03,3.1,2.52,2.94,2.92,2.74,3.15,3.1,,,
ROU,Superliga,2024/2025,31/08/2024,16:30,FC Hermannstadt,Poli Iasi,6,2,H,2.21,3.12,3.62,2.21,3.42,3.9,2.12,3.15,3.46,2.26,3.25,3.8,,,
ROU,Superliga,2024/2025,31/08/2024,19:30,Univ. Craiova,FC Rapid Bucuresti,1,1,D,2.12,3.48,3.46,2.15,3.65,3.5,2.06,3.46,3.28,2.16,3.6,3.8,,,
ROU,Superliga,2024/2025,01/09/2024,14:30,FC Botosani,Petrolul,0,2,A,2.71,2.91,3,2.71,3.04,3,2.62,2.87,2.85,2.82,3,3.1,,,
ROU,Superliga,2024/2025,01/09/2024,16:45,Farul Constanta,CFR Cluj,0,3,A,2.55,3.48,2.71,2.55,3.48,2.8,2.48,3.33,2.66,2.68,3.55,2.78,,,
ROU,Superliga,2024/2025,01/09/2024,19:30,FCSB,UTA Arad,2,0,H,1.47,4.49,6.6,1.52,4.53,6.6,1.46,4.31,6.12,1.53,4.5,7.8,,,
ROU,Superliga,2024/2025,02/09/2024,17:00,Unirea Slobozia,Gloria Buzau,2,1,H,2.07,2.94,4.42,2.1,3.1,4.6,2.02,2.91,4.14,2.16,3.15,4.4,,,
ROU,Superliga,2024/2025,02/09/2024,19:30,U. Cluj,Din. Bucuresti,1,0,H,1.8,3.33,5.14,1.86,3.5,5.3,1.76,3.31,4.75,1.88,3.4,5.5,,,
ROU,Superliga,2024/2025,13/09/2024,16:00,Sepsi Sf. Gheorghe,FC Botosani,3,0,H,1.51,4.12,6.86,1.57,4.2,6.87,1.5,3.96,6.18,1.56,4.1,7.6,,,
ROU,Superliga,2024/2025,13/09/2024,19:00,Din. Bucuresti,Unirea Slobozia,1,0,H,2.16,3.04,3.88,2.17,3.25,4.5,2,3.1,3.94,2.1,3.2,4.4,,,
ROU,Superliga,2024/2025,14/09/2024,16:45,Gloria Buzau,Otelul,0,0,D,3.93,3.09,2.12,3.94,3.25,2.14,3.68,3.09,2.07,4.3,3.25,2.14,,,
ROU,Superliga,2024/2025,14/09/2024,19:30,Petrolul,Farul Constanta,1,1,D,2.77,2.98,2.85,2.8,3.05,2.9,2.67,2.93,2.76,2.88,3.1,2.92,,,
ROU,Superliga,2024/2025,15/09/2024,16:15,Poli Iasi,Univ. Craiova,2,0,H,4.08,3.98,1.81,4.2,3.99,1.84,3.92,3.8,1.79,4.5,4,1.85,,,
ROU,Superliga,2024/2025,15/09/2024,19:00,CFR Cluj,FCSB,2,2,D,2.05,3.49,3.63,2.08,3.53,3.7,2,3.42,3.49,2.2,3.55,3.7,,,
ROU,Superliga,2024/2025,16/09/2024,16:00,UTA Arad,FC Hermannstadt,1,1,D,2.54,3.09,3.03,2.55,3.25,3.04,2.47,3.07,2.88,2.62,3.35,3.05,,,
ROU,Superliga,2024/2025,16/09/2024,19:00,FC Rapid Bucuresti,U. Cluj,0,2,A,2.2,2.95,3.9,2.23,3.2,4.1,2.12,3,3.67,2.24,3.15,4.1,,,
ROU,Superliga,2024/2025,20/09/2024,16:00,FC Botosani,Gloria Buzau,3,3,D,1.88,3.32,4.63,1.93,3.43,4.63,1.86,3.3,4.24,1.95,3.5,4.8,,,
ROU,Superliga,2024/2025,20/09/2024,19:00,Otelul,Din. Bucuresti,1,1,D,2.13,2.87,4.33,2.22,3,4.34,2.14,2.83,3.84,2.28,3.05,4.2,,,
ROU,Superliga,2024/2025,21/09/2024,16:30,FC Hermannstadt,CFR Cluj,0,0,D,3.97,3.27,2.03,4.1,3.41,2.06,3.8,3.27,1.96,4.2,3.6,2.02,,,
ROU,Superliga,2024/2025,21/09/2024,19:30,FCSB,Petrolul,1,1,D,1.5,4.05,7.23,1.53,4.33,8,1.45,4.1,6.84,1.54,4.5,7.6,,,
ROU,Superliga,2024/2025,22/09/2024,14:00,Farul Constanta,Sepsi Sf. Gheorghe,2,1,H,2.38,3.44,2.96,2.38,3.52,3.05,2.3,3.39,2.87,2.42,3.65,3,,,
ROU,Superliga,2024/2025,22/09/2024,19:30,U. Cluj,Univ. Craiova,1,1,D,2.93,3,2.68,2.94,3.31,2.7,2.75,3.05,2.57,3,3.25,2.7,,,
ROU,Superliga,2024/2025,23/09/2024,16:00,UTA Arad,Poli Iasi,0,0,D,2.15,3.26,3.61,2.19,3.3,3.73,2.11,3.17,3.44,2.22,3.45,3.8,,,
ROU,Superliga,2024/2025,23/09/2024,19:00,Unirea Slobozia,FC Rapid Bucuresti,1,2,A,4.17,3.26,1.98,4.4,3.48,1.99,4.08,3.3,1.88,4.5,3.5,1.99,,,
ROU,Superliga,2024/2025,27/09/2024,16:00,Petrolul,FC Hermannstadt,4,1,H,2.29,2.88,3.78,2.38,3.1,3.78,2.25,2.88,3.47,2.34,3.1,3.8,,,
ROU,Superliga,2024/2025,27/09/2024,19:00,Din. Bucuresti,FC Botosani,2,2,D,1.88,3.34,4.54,1.98,3.41,4.6,1.88,3.23,4.23,1.96,3.4,5,,,
ROU,Superliga,2024/2025,28/09/2024,14:45,Poli Iasi,U. Cluj,1,0,H,3.48,3.19,2.24,3.6,3.23,2.25,3.32,3.12,2.18,3.7,3.3,2.3,,,
ROU,Superliga,2024/2025,28/09/2024,17:00,CFR Cluj,UTA Arad,1,3,A,1.39,4.7,8.28,1.42,4.71,8.28,1.39,4.49,7.45,1.45,4.9,8.8,,,
ROU,Superliga,2024/2025,28/09/2024,19:30,FC Rapid Bucuresti,Otelul,0,0,D,1.86,3.34,4.69,1.93,3.51,4.7,1.84,3.32,4.29,1.89,3.55,5,,,
ROU,Superliga,2024/2025,29/09/2024,14:00,Gloria Buzau,Farul Constanta,1,0,H,3.01,3.46,2.34,3.2,3.47,2.35,2.97,3.33,2.26,3.1,3.55,2.44,,,
ROU,Superliga,2024/2025,29/09/2024,19:30,Sepsi Sf. Gheorghe,FCSB,0,1,A,3.22,3.3,2.3,3.23,3.4,2.31,3.05,3.26,2.25,3.4,3.45,2.36,,,
ROU,Superliga,2024/2025,30/09/2024,19:00,Univ. Craiova,Unirea Slobozia,3,0,H,1.33,5.21,9.43,1.35,5.44,9.43,1.32,4.96,8.41,1.39,5.3,10,,,
ROU,Superliga,2024/2025,04/10/2024,16:00,UTA Arad,Petrolul,3,1,H,2.55,2.97,3.14,2.56,3.21,3.15,2.43,3.03,2.98,2.62,3.15,3.2,,,
ROU,Superliga,2024/2025,04/10/2024,19:00,Farul Constanta,Din. Bucuresti,1,1,D,1.93,3.34,4.3,1.97,3.43,4.3,1.91,3.29,3.97,2.04,3.45,4.4,,,
ROU,Superliga,2024/2025,05/10/2024,14:45,Unirea Slobozia,U. Cluj,2,2,D,4.18,2.97,2.11,4.18,3.13,2.14,3.85,2.95,2.07,4.2,3.1,2.2,,,
ROU,Superliga,2024/2025,05/10/2024,17:00,CFR Cluj,Poli Iasi,2,1,H,1.4,4.71,8.03,1.42,4.75,8.03,1.38,4.53,7.41,1.41,5.1,9.4,,,
ROU,Superliga,2024/2025,05/10/2024,19:30,Otelul,Univ. Craiova,1,1,D,3.56,2.93,2.35,3.7,3.1,2.36,3.39,2.91,2.28,3.65,3.2,2.38,,,
ROU,Superliga,2024/2025,06/10/2024,11:30,FC Hermannstadt,Sepsi Sf. Gheorghe,0,4,A,2.83,2.95,2.82,2.83,3.12,2.87,2.7,2.95,2.7,2.86,3.2,2.86,,,
ROU,Superliga,2024/2025,06/10/2024,16:15,FC Botosani,FC Rapid Bucuresti,2,0,H,3.18,3.27,2.33,3.45,3.41,2.33,3.1,3.21,2.25,3.45,3.3,2.38,,,
ROU,Superliga,2024/2025,06/10/2024,19:00,FCSB,Gloria Buzau,3,2,H,1.33,5.15,9.19,1.37,5.25,10,1.33,4.92,8.26,1.38,5.3,11,,,
ROU,Superliga,2024/2025,18/10/2024,16:30,Gloria Buzau,FC Hermannstadt,3,0,H,2.85,2.94,2.81,2.9,3.1,2.81,2.77,2.93,2.66,2.94,3.1,2.92,,,
ROU,Superliga,2024/2025,18/10/2024,19:00,U. Cluj,Otelul,2,0,H,2.3,2.71,4.1,2.31,2.76,4.1,2.25,2.66,3.88,2.44,2.8,4.2,,,
ROU,Superliga,2024/2025,19/10/2024,16:15,Sepsi Sf. Gheorghe,UTA Arad,1,0,H,1.68,3.72,5.3,1.76,3.8,5.31,1.67,3.64,4.88,1.75,3.8,5.7,,,
ROU,Superliga,2024/2025,19/10/2024,19:00,Petrolul,CFR Cluj,0,0,D,3.35,2.96,2.43,3.36,3.2,2.44,3.16,2.96,2.37,3.55,3.1,2.46,,,
ROU,Superliga,2024/2025,20/10/2024,14:00,Univ. Craiova,FC Botosani,0,0,D,1.36,5.08,8.44,1.4,5.1,8.5,1.34,4.81,7.96,1.4,5.1,10,,,
ROU,Superliga,2024/2025,20/10/2024,19:00,Din. Bucuresti,FCSB,0,2,A,4.24,3.4,1.93,4.25,3.51,1.95,3.97,3.34,1.89,4.5,3.6,1.95,,,
ROU,Superliga,2024/2025,21/10/2024,16:30,Poli Iasi,Unirea Slobozia,1,0,H,2.04,3.09,4.24,2.09,3.2,4.32,2,3.06,3.98,2.12,3.25,4.3,,,
ROU,Superliga,2024/2025,21/10/2024,19:00,FC Rapid Bucuresti,Farul Constanta,5,0,H,1.85,3.42,4.6,1.9,3.5,4.6,1.84,3.37,4.21,1.89,3.7,4.8,,,
ROU,Superliga,2024/2025,25/10/2024,19:00,CFR Cluj,Sepsi Sf. Gheorghe,3,3,D,2.03,3.22,4.06,2.06,3.4,4.1,2,3.19,3.78,2.14,3.3,4.2,,,
ROU,Superliga,2024/2025,26/10/2024,11:30,UTA Arad,Gloria Buzau,1,0,H,1.91,3.4,4.31,1.91,3.55,4.47,1.86,3.35,4.12,1.95,3.6,4.6,,,
ROU,Superliga,2024/2025,26/10/2024,14:00,Petrolul,Poli Iasi,3,1,H,2.03,3.01,4.46,2.09,3.25,4.52,1.98,3,4.16,2.08,3.1,4.8,,,
ROU,Superliga,2024/2025,26/10/2024,17:00,FC Hermannstadt,Din. Bucuresti,0,2,A,2.85,2.98,2.77,2.85,3.1,2.9,2.72,2.95,2.69,3,3.05,2.86,,,
ROU,Superliga,2024/2025,27/10/2024,14:00,Otelul,Unirea Slobozia,0,2,A,1.78,3.18,5.76,1.83,3.26,5.87,1.77,3.13,5.24,1.86,3.3,6,,,
ROU,Superliga,2024/2025,27/10/2024,19:00,FCSB,FC Rapid Bucuresti,0,0,D,1.82,3.68,4.37,1.84,3.94,4.9,1.78,3.61,4.16,1.91,3.85,4.5,,,
ROU,Superliga,2024/2025,28/10/2024,16:00,FC Botosani,U. Cluj,1,2,A,3.81,3.02,2.2,3.82,3.1,2.23,3.61,2.99,2.14,3.95,3.1,2.3,,,
ROU,Superliga,2024/2025,28/10/2024,19:00,Farul Constanta,Univ. Craiova,3,2,H,3.4,3.45,2.15,3.4,3.55,2.25,3.12,3.36,2.16,3.55,3.55,2.24,,,
ROU,Superliga,2024/2025,01/11/2024,19:00,Gloria Buzau,CFR Cluj,0,1,A,5.37,3.71,1.68,6.8,4.33,1.68,5.56,3.84,1.58,5.9,4,1.71,,,
ROU,Superliga,2024/2025,02/11/2024,16:30,Sepsi Sf. Gheorghe,Petrolul,1,1,D,2.22,2.9,3.94,2.23,3.2,3.97,2.12,2.99,3.66,2.24,3.1,4,,,
ROU,Superliga,2024/2025,02/11/2024,19:00,Din. Bucuresti,UTA Arad,1,0,H,1.96,3.26,4.27,2.05,3.45,4.43,1.94,3.23,3.96,2.06,3.3,4.7,,,
ROU,Superliga,2024/2025,03/11/2024,11:30,Poli Iasi,Otelul,2,1,H,2.99,2.81,2.81,3,2.9,2.82,2.84,2.77,2.71,3.05,2.9,2.94,,,
ROU,Superliga,2024/2025,03/11/2024,14:00,U. Cluj,Farul Constanta,1,1,D,1.6,3.83,5.98,1.67,3.89,6.08,1.6,3.66,5.52,1.66,3.9,6.8,,,
ROU,Superliga,2024/2025,03/11/2024,19:00,Univ. Craiova,FCSB,1,1,D,2.47,3.41,2.85,2.48,3.7,2.86,2.38,3.4,2.73,2.6,3.55,2.94,,,
ROU,Superliga,2024/2025,04/11/2024,16:00,Unirea Slobozia,FC Botosani,1,0,H,2.23,3.07,3.64,2.3,3.08,3.65,2.2,3,3.44,2.48,3.05,3.4,,,
ROU,Superliga,2024/2025,04/11/2024,19:00,FC Rapid Bucuresti,FC Hermannstadt,1,0,H,1.53,3.89,7.07,1.56,4,8,1.51,3.89,6.42,1.55,4.3,7.6,,,
ROU,Superliga,2024/2025,08/11/2024,16:00,Otelul,FC Botosani,0,0,D,1.88,3.09,5.15,1.95,3.34,5.2,1.83,3.13,4.73,1.91,3.25,5.6,,,
ROU,Superliga,2024/2025,08/11/2024,19:00,Din. Bucuresti,CFR Cluj,1,1,D,3.32,2.95,2.45,4,3.1,2.45,3.31,2.96,2.29,3.45,3.15,2.52,,,
ROU,Superliga,2024/2025,09/11/2024,11:30,Poli Iasi,Sepsi Sf. Gheorghe,1,2,A,2.85,2.8,2.94,2.88,3.2,2.94,2.69,2.9,2.77,2.88,3.05,3,,,
ROU,Superliga,2024/2025,09/11/2024,16:15,Univ. Craiova,FC Hermannstadt,3,1,H,1.48,4.07,7.64,1.5,4.8,8,1.44,4.21,6.85,1.51,4.6,8,,,
ROU,Superliga,2024/2025,09/11/2024,19:00,FC Rapid Bucuresti,UTA Arad,2,0,H,1.65,3.73,5.7,1.7,3.77,6,1.63,3.64,5.25,1.69,3.85,6.4,,,
ROU,Superliga,2024/2025,10/11/2024,14:00,Unirea Slobozia,Farul Constanta,0,1,A,2.87,3,2.74,2.88,3.2,2.75,2.77,3.03,2.59,2.98,3.15,2.74,,,
ROU,Superliga,2024/2025,10/11/2024,19:00,U. Cluj,FCSB,1,2,A,3.37,2.76,2.58,3.37,3,2.75,3.13,2.79,2.51,3.6,2.9,2.62,,,
ROU,Superliga,2024/2025,11/11/2024,16:00,Gloria Buzau,Petrolul,0,1,A,3.47,2.77,2.51,3.48,3,2.51,3.23,2.81,2.41,3.5,2.96,2.6,,,
ROU,Superliga,2024/2025,11/11/2024,19:00,Otelul,CFR Cluj,0,1,A,3.65,2.79,2.4,3.76,3,2.41,3.51,2.78,2.31,3.7,2.96,2.52,,,
ROU,Superliga,2024/2025,21/11/2024,18:00,FC Botosani,FCSB,1,0,H,5.62,3.62,1.68,6,3.7,1.68,5.24,3.58,1.64,6,3.95,1.7,,,
ROU,Superliga,2024/2025,22/11/2024,15:30,Sepsi Sf. Gheorghe,Gloria Buzau,2,0,H,1.65,3.6,5.89,1.67,3.7,6,1.63,3.55,5.4,1.7,3.75,6.6,,,
ROU,Superliga,2024/2025,22/11/2024,18:30,Farul Constanta,Otelul,0,1,A,2.35,2.81,3.76,2.5,3.1,3.77,2.27,2.87,3.44,2.4,2.94,4,,,
ROU,Superliga,2024/2025,23/11/2024,15:00,FC Hermannstadt,U. Cluj,2,1,H,3.67,2.89,2.33,3.84,3.1,2.34,3.47,2.88,2.26,3.75,2.98,2.46,,,
ROU,Superliga,2024/2025,23/11/2024,19:30,CFR Cluj,FC Rapid Bucuresti,1,1,D,2.35,2.8,3.77,2.35,3.2,3.85,2.23,2.9,3.49,2.38,3.05,3.85,,,
ROU,Superliga,2024/2025,24/11/2024,16:15,FCSB,Unirea Slobozia,3,0,H,1.34,5.03,9.14,1.37,5.1,9.15,1.33,4.86,8.19,1.39,5.1,11.5,,,
ROU,Superliga,2024/2025,24/11/2024,18:45,Petrolul,Din. Bucuresti,0,1,A,2.4,2.7,3.83,2.41,2.88,3.95,2.28,2.72,3.67,2.5,2.8,3.95,,,
ROU,Superliga,2024/2025,25/11/2024,15:30,FC Botosani,Poli Iasi,1,1,D,2.47,2.85,3.41,2.48,3,3.42,2.39,2.84,3.25,2.54,3.1,3.45,,,
ROU,Superliga,2024/2025,25/11/2024,18:30,UTA Arad,Univ. Craiova,1,2,A,4.14,3.49,1.92,4.37,3.5,2,3.97,3.28,1.91,4.4,3.65,1.97,,,
ROU,Superliga,2024/2025,29/11/2024,15:00,FC Botosani,Farul Constanta,0,0,D,2.36,3.12,3.3,2.64,3.2,3.31,2.31,3.08,3.13,2.48,3.3,3.35,,,
ROU,Superliga,2024/2025,29/11/2024,18:45,FC Rapid Bucuresti,Petrolul,1,1,D,1.89,3.22,4.74,1.95,3.42,4.8,1.86,3.17,4.43,1.94,3.3,5.3,,,
ROU,Superliga,2024/2025,30/11/2024,13:00,Unirea Slobozia,FC Hermannstadt,1,2,A,2.54,2.86,3.28,2.65,3,3.29,2.5,2.86,3.04,2.66,2.98,3.3,,,
ROU,Superliga,2024/2025,30/11/2024,15:30,Gloria Buzau,Poli Iasi,2,0,H,2.51,2.94,3.24,2.52,3.1,3.25,2.4,2.92,3.11,2.58,2.96,3.5,,,
ROU,Superliga,2024/2025,30/11/2024,18:30,Din. Bucuresti,Sepsi Sf. Gheorghe,1,1,D,2.49,2.98,3.22,2.62,3.2,3.23,2.42,3,3,2.54,3.1,3.4,,,
ROU,Superliga,2024/2025,01/12/2024,18:30,Univ. Craiova,CFR Cluj,0,2,A,2.19,3.17,3.61,2.25,3.32,3.69,2.16,3.13,3.37,2.22,3.3,3.9,,,
ROU,Superliga,2024/2025,02/12/2024,15:30,U. Cluj,UTA Arad,0,1,A,1.63,3.67,5.99,1.66,3.8,6,1.62,3.61,5.47,1.7,3.85,6.2,,,
ROU,Superliga,2024/2025,02/12/2024,18:30,Otelul,FCSB,1,4,A,4.53,2.99,2.02,4.54,3.02,2.08,4.19,2.93,2,4.8,3.1,2.1,,,
ROU,Superliga,2024/2025,06/12/2024,18:00,Sepsi Sf. Gheorghe,FC Rapid Bucuresti,2,0,H,2.7,2.92,2.98,2.84,3.05,2.99,2.62,2.89,2.82,2.78,3.1,3.05,,,
ROU,Superliga,2024/2025,07/12/2024,15:00,Gloria Buzau,Din. Bucuresti,0,1,A,3.35,2.86,2.51,3.36,3.13,2.52,3.16,2.94,2.37,3.4,3.05,2.58,,,
ROU,Superliga,2024/2025,07/12/2024,18:00,Petrolul,Univ. Craiova,1,1,D,3.77,3.03,2.2,3.78,3.2,2.25,3.48,2.99,2.18,3.95,3,2.34,,,
ROU,Superliga,2024/2025,08/12/2024,11:30,UTA Arad,Unirea Slobozia,3,4,A,2.01,3.24,4.1,2.06,3.33,4.2,1.98,3.19,3.8,2.14,3.25,4.2,,,
ROU,Superliga,2024/2025,08/12/2024,14:30,Poli Iasi,Farul Constanta,2,2,D,2.49,2.88,3.35,2.5,3.16,3.4,2.38,2.94,3.14,2.56,3.1,3.4,,,
ROU,Superliga,2024/2025,08/12/2024,18:30,FCSB,FC Botosani,2,1,H,1.34,5.13,9.02,1.37,5.14,10,1.33,4.86,8.35,1.36,5.2,13,,,
ROU,Superliga,2024/2025,09/12/2024,15:30,FC Hermannstadt,Otelul,1,0,H,2.98,2.7,2.93,2.99,2.88,2.94,2.81,2.73,2.81,3.05,2.9,3,,,
ROU,Superliga,2024/2025,09/12/2024,18:30,U. Cluj,CFR Cluj,3,2,H,2.82,2.86,2.92,2.9,3,2.92,2.72,2.85,2.76,3,2.92,3.05,,,
ROU,Superliga,2024/2025,13/12/2024,15:00,FC Botosani,FC Hermannstadt,1,2,A,2.35,2.93,3.55,2.48,3.12,3.56,2.31,2.99,3.23,2.44,3.1,3.65,,,
ROU,Superliga,2024/2025,13/12/2024,18:00,Din. Bucuresti,Poli Iasi,2,0,H,1.77,3.34,5.33,1.85,3.46,5.34,1.78,3.27,4.79,1.8,3.5,6,,,
ROU,Superliga,2024/2025,14/12/2024,12:30,Otelul,UTA Arad,1,1,D,1.94,3.09,4.71,2,3.25,4.84,1.89,3.07,4.51,1.97,3.3,5,,,
ROU,Superliga,2024/2025,14/12/2024,15:00,Univ. Craiova,Sepsi Sf. Gheorghe,2,1,H,1.69,3.84,5.04,1.78,3.87,5.05,1.7,3.67,4.63,1.75,4,5.3,,,
ROU,Superliga,2024/2025,14/12/2024,18:00,U. Cluj,Petrolul,4,1,H,1.95,2.97,4.94,1.95,3.21,4.94,1.9,3.06,4.47,2,3.1,5.2,,,
ROU,Superliga,2024/2025,15/12/2024,14:00,Unirea Slobozia,CFR Cluj,1,1,D,4.91,3.53,1.78,5,3.54,1.82,4.68,3.37,1.76,5.2,3.6,1.85,,,
ROU,Superliga,2024/2025,15/12/2024,18:45,Farul Constanta,FCSB,1,1,D,5.08,3.81,1.69,5.25,3.92,1.73,4.9,3.77,1.65,5.8,3.95,1.73,,,
ROU,Superliga,2024/2025,16/12/2024,18:00,FC Rapid Bucuresti,Gloria Buzau,2,0,H,1.51,4.18,6.71,1.51,4.52,7.84,1.46,4.19,6.41,1.52,4.5,8,,,
ROU,Superliga,2024/2025,20/12/2024,17:00,Sepsi Sf. Gheorghe,U. Cluj,0,0,D,3.18,3.14,2.41,3.5,3.37,2.41,3.22,3.16,2.23,3.5,3.5,2.3,,,
ROU,Superliga,2024/2025,21/12/2024,15:00,FC Hermannstadt,Farul Constanta,0,0,D,2.07,3.33,3.77,2.11,3.42,3.84,2.03,3.3,3.58,2.16,3.3,3.85,,,
ROU,Superliga,2024/2025,21/12/2024,17:30,Gloria Buzau,Univ. Craiova,0,2,A,5.58,3.99,1.61,5.89,4,1.64,5.5,3.72,1.59,5.8,4.1,1.69,,,
ROU,Superliga,2024/2025,22/12/2024,10:30,Petrolul,Unirea Slobozia,2,1,H,1.94,3.1,4.67,2.04,3.3,4.68,1.92,3.1,4.31,2.02,3.3,4.8,,,
ROU,Superliga,2024/2025,22/12/2024,13:00,CFR Cluj,Otelul,3,2,H,1.74,3.15,6.23,1.8,3.55,6.24,1.73,3.26,5.29,1.81,3.3,6.6,,,
ROU,Superliga,2024/2025,22/12/2024,18:00,Din. Bucuresti,FC Rapid Bucuresti,0,0,D,2.89,3.06,2.67,2.9,3.13,2.67,2.79,3.01,2.58,2.98,3.2,2.76,,,
ROU,Superliga,2024/2025,23/12/2024,15:00,UTA Arad,FC Botosani,2,0,H,2.21,3.22,3.5,2.25,3.25,3.6,2.18,3.08,3.39,2.34,3.2,3.7,,,
ROU,Superliga,2024/2025,23/12/2024,18:00,Poli Iasi,FCSB,0,2,A,7.53,4.23,1.47,7.54,4.37,1.56,6.6,4.06,1.47,8.6,4.1,1.53,,,
ROU,Superliga,2024/2025,17/01/2025,15:00,Unirea Slobozia,Sepsi Sf. Gheorghe,3,2,H,3.29,3.1,2.37,3.4,3.1,2.56,3.09,2.92,2.35,3.5,3.25,2.4,,,
ROU,Superliga,2024/2025,17/01/2025,18:00,FCSB,FC Hermannstadt,1,1,D,1.41,4.55,8,1.5,4.75,8.42,1.42,4.27,6.93,1.47,4.7,8.6,,,
ROU,Superliga,2024/2025,18/01/2025,12:30,U. Cluj,Gloria Buzau,2,1,H,1.42,4.37,8.39,1.47,4.4,8.39,1.42,4.13,7.11,1.46,4.6,9.4,,,
ROU,Superliga,2024/2025,18/01/2025,17:30,Otelul,Petrolul,0,0,D,2.92,2.68,3.02,2.92,2.94,3.3,2.53,2.7,3.05,2.68,2.74,3.65,,,
ROU,Superliga,2024/2025,19/01/2025,16:00,FC Botosani,CFR Cluj,1,1,D,4.13,3.29,1.98,4.5,3.32,1.98,4.05,3.12,1.91,4.6,3.3,2.06,,,
ROU,Superliga,2024/2025,19/01/2025,18:30,Univ. Craiova,Din. Bucuresti,1,1,D,1.72,3.55,5.27,1.76,3.6,5.27,1.7,3.42,4.79,1.78,3.65,5.8,,,
ROU,Superliga,2024/2025,20/01/2025,15:00,Farul Constanta,UTA Arad,1,1,D,2.22,3.11,3.61,2.3,3.2,3.75,2.16,2.99,3.46,2.28,3.25,3.8,,,
ROU,Superliga,2024/2025,20/01/2025,18:00,FC Rapid Bucuresti,Poli Iasi,2,1,H,1.4,4.67,8.11,1.42,5.06,10.36,1.38,4.44,7.5,1.44,4.8,9.6,,,
ROU,Superliga,2024/2025,24/01/2025,15:00,Gloria Buzau,Unirea Slobozia,3,0,H,2.39,2.95,3.47,2.5,3.05,3.48,2.34,2.91,3.21,2.44,3.05,3.6,,,
ROU,Superliga,2024/2025,24/01/2025,18:00,Din. Bucuresti,U. Cluj,0,0,D,3.73,2.85,2.33,3.74,3,2.5,3.39,2.83,2.29,3.8,3,2.46,,,
ROU,Superliga,2024/2025,25/01/2025,12:30,Poli Iasi,FC Hermannstadt,0,2,A,2.93,2.91,2.76,2.94,3.05,2.8,2.76,2.88,2.66,3.1,2.98,2.86,,,
ROU,Superliga,2024/2025,25/01/2025,18:00,FC Rapid Bucuresti,Univ. Craiova,1,0,H,2.78,2.97,2.85,2.78,3.2,2.85,2.64,2.98,2.67,2.94,3.2,2.86,,,
ROU,Superliga,2024/2025,26/01/2025,15:00,Sepsi Sf. Gheorghe,Otelul,2,0,H,1.81,3.24,5.27,1.82,3.5,5.28,1.75,3.24,4.82,1.86,3.45,5.6,,,
ROU,Superliga,2024/2025,26/01/2025,18:00,UTA Arad,FCSB,0,1,A,4.25,3.63,1.85,4.26,3.8,2,3.87,3.5,1.85,4.7,3.7,1.9,,,
ROU,Superliga,2024/2025,27/01/2025,15:00,Petrolul,FC Botosani,3,1,H,2.14,2.98,4.08,2.15,3.2,4.26,2.04,2.94,3.93,2.18,3.15,4.3,,,
ROU,Superliga,2024/2025,27/01/2025,18:00,CFR Cluj,Farul Constanta,3,1,H,1.58,4.02,5.87,1.62,4.19,5.9,1.57,3.89,5.25,1.63,4.2,6.6,,,
ROU,Superliga,2024/2025,31/01/2025,15:00,FC Hermannstadt,UTA Arad,0,0,D,2.05,2.99,4.39,2.16,3.15,4.44,2,3.01,4.02,2.1,3.25,4.3,,,
ROU,Superliga,2024/2025,31/01/2025,18:00,Unirea Slobozia,Din. Bucuresti,1,3,A,3.8,3.15,2.14,3.84,3.18,2.2,3.52,3.06,2.13,4,3.2,2.24,,,
ROU,Superliga,2024/2025,01/02/2025,12:30,FC Botosani,Sepsi Sf. Gheorghe,0,0,D,3.03,3.21,2.46,3.04,3.35,2.51,2.86,3.15,2.41,3.15,3.3,2.6,,,
ROU,Superliga,2024/2025,01/02/2025,15:00,Otelul,Gloria Buzau,2,1,H,2.02,3,4.49,2.08,3.18,4.5,2.01,2.99,4.02,2.14,3,4.7,,,
ROU,Superliga,2024/2025,01/02/2025,18:00,U. Cluj,FC Rapid Bucuresti,2,1,H,2.18,3,3.91,2.22,3.01,4,2.14,2.92,3.67,2.26,3,4.2,,,
ROU,Superliga,2024/2025,02/02/2025,15:15,Univ. Craiova,Poli Iasi,4,1,H,1.3,5.45,9.8,1.33,5.46,11,1.3,5.1,8.79,1.34,5.8,11.5,,,
ROU,Superliga,2024/2025,02/02/2025,18:00,FCSB,CFR Cluj,1,1,D,2.38,3.14,3.23,2.38,3.26,3.24,2.3,3.09,3.07,2.48,3.3,3.4,,,
ROU,Superliga,2024/2025,03/02/2025,18:00,Farul Constanta,Petrolul,2,1,H,2.48,2.94,3.29,2.49,3,3.37,2.4,2.9,3.12,2.54,3.1,3.4,,,
ROU,Superliga,2024/2025,04/02/2025,14:00,Gloria Buzau,FC Botosani,0,2,A,2.93,3.01,2.67,3.01,3.05,2.8,2.81,2.92,2.62,3.05,3.1,2.74,,,
ROU,Superliga,2024/2025,04/02/2025,16:00,FC Rapid Bucuresti,Unirea Slobozia,2,1,H,1.34,4.97,9.38,1.37,4.98,9.39,1.35,4.66,8.2,1.41,5,10.5,,,
ROU,Superliga,2024/2025,04/02/2025,18:30,Din. Bucuresti,Otelul,1,0,H,1.89,3.04,5.14,1.96,3.3,5.5,1.84,3.03,4.84,1.91,3.35,5.4,,,
ROU,Superliga,2024/2025,05/02/2025,16:00,CFR Cluj,FC Hermannstadt,1,0,H,1.57,3.72,5.5,1.73,3.89,6.1,1.6,3.64,5.44,1.69,3.9,6.4,,,
ROU,Superliga,2024/2025,05/02/2025,18:30,Univ. Craiova,U. Cluj,1,0,H,2.05,2.81,4.83,2.1,3.11,4.84,2,2.9,4.24,2.08,3.15,4.8,,,
ROU,Superliga,2024/2025,06/02/2025,14:00,Poli Iasi,UTA Arad,0,1,A,2.85,3.02,2.74,2.86,3.08,2.78,2.78,2.93,2.62,2.98,3.1,2.86,,,
ROU,Superliga,2024/2025,06/02/2025,16:00,Sepsi Sf. Gheorghe,Farul Constanta,1,0,H,1.83,3.52,4.59,1.91,3.58,4.59,1.84,3.38,4.15,1.93,3.5,4.9,,,
ROU,Superliga,2024/2025,06/02/2025,18:30,Petrolul,FCSB,0,0,D,5.29,3.21,1.81,5.5,3.21,1.97,4.93,2.97,1.85,5.8,3.15,1.94,,,
ROU,Superliga,2024/2025,07/02/2025,18:00,FC Botosani,Din. Bucuresti,1,1,D,2.97,2.97,2.67,3.06,3,2.67,2.87,2.9,2.58,3.1,3,2.82,,,
ROU,Superliga,2024/2025,08/02/2025,14:00,Unirea Slobozia,Univ. Craiova,0,1,A,6.32,4.15,1.53,6.33,4.16,1.61,5.8,3.87,1.55,7.2,4.2,1.57,,,
ROU,Superliga,2024/2025,08/02/2025,17:00,Otelul,FC Rapid Bucuresti,1,1,D,4.12,3.05,2.09,4.51,3.27,2.09,4.07,3.01,2,4.6,3.15,2.1,,,
ROU,Superliga,2024/2025,09/02/2025,12:30,FC Hermannstadt,Petrolul,1,1,D,2.25,2.86,3.94,2.38,3.23,3.95,2.24,2.84,3.55,2.36,2.86,4.1,,,
ROU,Superliga,2024/2025,09/02/2025,15:00,U. Cluj,Poli Iasi,2,2,D,1.31,5.06,11.17,1.38,5.3,11.18,1.31,4.8,9.22,1.35,5.3,12.5,,,
ROU,Superliga,2024/2025,09/02/2025,18:00,FCSB,Sepsi Sf. Gheorghe,3,0,H,1.68,3.7,5.38,1.71,3.74,5.39,1.67,3.55,4.96,1.77,3.7,5.9,,,
ROU,Superliga,2024/2025,10/02/2025,15:00,Farul Constanta,Gloria Buzau,1,0,H,1.78,3.51,4.95,1.8,3.7,4.95,1.76,3.45,4.52,1.84,3.7,5,,,
ROU,Superliga,2024/2025,10/02/2025,18:00,UTA Arad,CFR Cluj,1,4,A,4.53,3.43,1.86,4.75,3.63,1.9,4.29,3.31,1.84,5,3.4,1.94,,,
ROU,Superliga,2024/2025,14/02/2025,15:00,Sepsi Sf. Gheorghe,FC Hermannstadt,2,3,A,2.21,3.1,3.65,2.25,3.3,3.75,2.14,3.08,3.5,2.28,3.25,3.85,,,
ROU,Superliga,2024/2025,14/02/2025,18:00,Univ. Craiova,Otelul,2,1,H,1.4,4.4,9.24,1.41,4.5,10.5,1.38,4.26,8.41,1.41,4.7,11.5,,,
ROU,Superliga,2024/2025,15/02/2025,13:00,Petrolul,UTA Arad,0,1,A,1.88,3.19,4.9,1.94,3.3,5,1.86,3.09,4.62,1.98,3.25,5,,,
ROU,Superliga,2024/2025,15/02/2025,18:00,Din. Bucuresti,Farul Constanta,0,2,A,1.85,3.21,4.98,1.93,3.35,4.99,1.84,3.19,4.55,1.95,3.35,5.1,,,
ROU,Superliga,2024/2025,16/02/2025,14:00,Poli Iasi,CFR Cluj,1,1,D,6.5,3.91,1.56,6.75,4,1.62,6.11,3.82,1.53,7,4,1.62,,,
ROU,Superliga,2024/2025,16/02/2025,18:45,Gloria Buzau,FCSB,0,2,A,6.1,3.91,1.58,6.25,4.17,1.6,5.63,3.84,1.56,7,4.2,1.61,,,
ROU,Superliga,2024/2025,17/02/2025,15:00,U. Cluj,Unirea Slobozia,3,2,H,1.33,4.8,11.01,1.38,4.8,11.01,1.34,4.49,9.27,1.38,4.8,13.5,,,
ROU,Superliga,2024/2025,17/02/2025,18:00,FC Rapid Bucuresti,FC Botosani,1,0,H,1.61,3.8,5.95,1.63,3.93,6.25,1.59,3.69,5.52,1.69,4,6.2,,,
ROU,Superliga,2024/2025,21/02/2025,15:00,FC Hermannstadt,Gloria Buzau,2,1,H,1.8,3.26,5.33,1.81,3.5,5.34,1.77,3.24,4.84,1.88,3.35,5.5,,,
ROU,Superliga,2024/2025,21/02/2025,18:00,Otelul,U. Cluj,0,1,A,3.58,2.82,2.4,3.9,2.9,2.42,3.54,2.79,2.29,3.7,2.9,2.56,,,
ROU,Superliga,2024/2025,22/02/2025,16:00,FC Botosani,Univ. Craiova,2,2,D,3.46,3.18,2.25,3.65,3.36,2.28,3.31,3.18,2.16,3.6,3.25,2.34,,,
ROU,Superliga,2024/2025,22/02/2025,18:30,CFR Cluj,Petrolul,2,0,H,1.56,3.65,7.2,1.62,3.81,7.21,1.58,3.54,6.13,1.64,3.7,8,,,
ROU,Superliga,2024/2025,23/02/2025,13:00,Unirea Slobozia,Poli Iasi,0,0,D,2.33,3.06,3.43,2.39,3.16,3.44,2.31,2.99,3.21,2.44,3.15,3.55,,,
ROU,Superliga,2024/2025,23/02/2025,18:00,FCSB,Din. Bucuresti,2,1,H,1.91,3.08,4.95,1.93,3.2,4.96,1.87,3.06,4.56,1.85,3.35,5.5,,,
ROU,Superliga,2024/2025,24/02/2025,15:00,UTA Arad,Sepsi Sf. Gheorghe,1,2,A,3.05,3.01,2.58,3.06,3.15,2.63,2.91,2.98,2.51,3.25,3.05,2.66,,,
ROU,Superliga,2024/2025,24/02/2025,18:00,Farul Constanta,FC Rapid Bucuresti,1,3,A,3.68,3.34,2.09,3.69,3.5,2.18,3.44,3.27,2.08,3.75,3.5,2.18,,,
ROU,Superliga,2024/2025,28/02/2025,15:00,Unirea Slobozia,Otelul,0,1,A,3.75,2.92,2.27,3.82,3.07,2.45,3.49,2.88,2.25,3.9,3,2.34,,,
ROU,Superliga,2024/2025,28/02/2025,18:00,Sepsi Sf. Gheorghe,CFR Cluj,1,1,D,4.11,3.39,1.95,4.5,3.5,2,4.02,3.3,1.9,4.6,3.5,2,,,
ROU,Superliga,2024/2025,01/03/2025,14:00,U. Cluj,FC Botosani,0,1,A,1.69,3.6,5.5,1.7,3.75,6.25,1.63,3.54,5.41,1.71,3.75,6.2,,,
ROU,Superliga,2024/2025,01/03/2025,17:00,Univ. Craiova,Farul Constanta,1,0,H,1.46,4.63,6.54,1.47,4.82,6.75,1.44,4.41,6.25,1.52,4.8,7.2,,,
ROU,Superliga,2024/2025,02/03/2025,13:00,Poli Iasi,Petrolul,1,0,H,3.34,2.76,2.59,3.34,2.99,2.68,3.1,2.75,2.54,3.45,2.82,2.7,,,
ROU,Superliga,2024/2025,02/03/2025,18:00,FC Rapid Bucuresti,FCSB,0,0,D,4.1,3.11,2.07,4.1,3.19,2.17,3.77,3.04,2.05,4.3,3.2,2.14,,,
ROU,Superliga,2024/2025,03/03/2025,15:00,Gloria Buzau,UTA Arad,1,1,D,2.87,2.96,2.77,2.88,3.1,2.9,2.72,2.92,2.71,2.92,3.05,2.94,,,
ROU,Superliga,2024/2025,03/03/2025,18:00,Din. Bucuresti,FC Hermannstadt,2,0,H,2,3.11,4.35,2.02,3.23,4.35,1.96,3.07,4.02,2.06,3.25,4.7,,,
ROU,Superliga,2024/2025,07/03/2025,15:00,Otelul,Poli Iasi,2,3,A,2.02,3.08,4.33,2.08,3.23,4.34,2,3.05,4.06,2.08,3.15,4.7,,,
ROU,Superliga,2024/2025,07/03/2025,18:00,Farul Constanta,U. Cluj,1,1,D,3.47,3.34,2.17,3.57,3.43,2.21,3.32,3.28,2.14,3.6,3.45,2.28,,,
ROU,Superliga,2024/2025,08/03/2025,16:00,Petrolul,Sepsi Sf. Gheorghe,1,0,H,2.47,2.83,3.45,2.47,2.92,3.57,2.35,2.81,3.4,2.5,2.84,3.8,,,
ROU,Superliga,2024/2025,08/03/2025,18:30,FC Hermannstadt,FC Rapid Bucuresti,1,0,H,3.11,3,2.54,3.2,3.2,2.56,3.01,3.01,2.43,3.3,3.15,2.56,,,
ROU,Superliga,2024/2025,09/03/2025,13:00,CFR Cluj,Gloria Buzau,6,0,H,1.24,5.85,12.3,1.26,5.86,13,1.24,5.5,11.46,1.27,6,17,,,
ROU,Superliga,2024/2025,09/03/2025,18:00,FCSB,Univ. Craiova,1,0,H,2.16,3.15,3.73,2.23,3.26,3.74,2.15,3.13,3.47,2.24,3.25,3.9,,,
ROU,Superliga,2024/2025,10/03/2025,15:00,FC Botosani,Unirea Slobozia,1,0,H,1.56,3.98,6.29,1.6,4.01,6.4,1.55,3.85,5.91,1.61,4.2,6.8,,,
ROU,Superliga,2024/2025,10/03/2025,18:00,UTA Arad,Din. Bucuresti,0,2,A,3.4,2.93,2.43,3.55,3,2.47,3.27,2.89,2.37,3.55,3.1,2.48,,,
ROU,Superliga,2024/2025,14/03/2025,15:00,Petrolul,FC Botosani,0,2,A,2.93,2.8,2.87,2.93,3.13,2.87,2.76,2.84,2.75,3,2.98,2.94,,,
ROU,Superliga,2024/2025,14/03/2025,18:00,Univ. Craiova,U. Cluj,3,0,H,1.92,3.2,4.63,1.93,3.63,4.63,1.88,3.25,4.23,2,3.4,4.8,,,
ROU,Superliga,2024/2025,15/03/2025,16:00,Farul Constanta,Poli Iasi,0,0,D,1.68,3.83,5.16,1.8,3.95,5.16,1.69,3.7,4.71,1.75,3.85,5.6,,,
ROU,Superliga,2024/2025,15/03/2025,19:00,CFR Cluj,Din. Bucuresti,3,1,H,1.71,3.58,5.31,1.71,3.7,5.7,1.66,3.53,5.14,1.74,3.7,6,,,
ROU,Superliga,2024/2025,16/03/2025,11:00,FC Hermannstadt,Unirea Slobozia,1,1,D,1.61,3.82,5.98,1.65,3.82,6,1.59,3.65,5.6,1.69,3.85,6.4,,,
ROU,Superliga,2024/2025,16/03/2025,16:00,UTA Arad,Otelul,2,0,H,2.52,2.98,3.17,2.52,3.13,3.2,2.43,2.96,3.02,2.7,2.98,3.35,,,
ROU,Superliga,2024/2025,16/03/2025,19:00,FCSB,FC Rapid Bucuresti,3,3,D,1.77,3.48,5.03,1.85,3.48,5.1,1.78,3.34,4.69,1.83,3.5,5.8,,,
ROU,Superliga,2024/2025,17/03/2025,18:00,Sepsi Sf. Gheorghe,Gloria Buzau,1,2,A,1.48,4.19,7.17,1.52,4.7,7.5,1.44,4.2,6.82,1.51,4.5,8.2,,,
ROU,Superliga,2024/2025,28/03/2025,15:30,Unirea Slobozia,Petrolul,0,0,D,3.59,2.89,2.36,3.59,3.04,2.36,3.36,2.94,2.3,3.9,2.96,2.4,,,
ROU,Superliga,2024/2025,28/03/2025,18:30,Sepsi Sf. Gheorghe,FC Hermannstadt,0,2,A,2.3,2.98,3.61,2.3,3.2,3.61,2.24,3,3.4,2.38,3.1,3.75,,,
ROU,Superliga,2024/2025,29/03/2025,12:30,FC Botosani,Farul Constanta,4,3,H,1.99,3.34,4.04,2.02,3.41,4.05,1.98,3.31,3.76,2.06,3.4,4.3,,,
ROU,Superliga,2024/2025,29/03/2025,18:00,FC Rapid Bucuresti,Univ. Craiova,1,2,A,2.85,3.2,2.61,2.85,3.38,2.7,2.68,3.17,2.58,2.9,3.3,2.72,,,
ROU,Superliga,2024/2025,30/03/2025,13:00,Poli Iasi,UTA Arad,4,0,H,2.74,2.85,3.02,2.74,3.1,3.02,2.59,2.96,2.84,2.84,2.96,3.1,,,
ROU,Superliga,2024/2025,30/03/2025,18:30,Din. Bucuresti,FCSB,1,2,A,4.27,3.14,2.01,4.27,3.27,2.1,3.89,3.14,2,4.4,3.3,2.12,,,
ROU,Superliga,2024/2025,31/03/2025,15:30,Gloria Buzau,Otelul,0,2,A,3.43,2.97,2.38,3.45,3.07,2.4,3.26,2.93,2.34,3.6,3.1,2.42,,,
ROU,Superliga,2024/2025,31/03/2025,18:30,U. Cluj,CFR Cluj,1,0,H,3.54,2.96,2.34,3.54,3.19,2.35,3.28,3.01,2.29,3.5,3.1,2.44,,,
ROU,Superliga,2024/2025,04/04/2025,15:30,Otelul,Poli Iasi,1,0,H,1.74,3.36,5.57,2,3.51,5.57,1.77,3.31,4.92,1.81,3.5,6,,,
ROU,Superliga,2024/2025,04/04/2025,18:30,Petrolul,Sepsi Sf. Gheorghe,2,1,H,3,2.84,2.76,3,2.91,2.76,2.86,2.83,2.69,3.15,2.84,2.88,,,
ROU,Superliga,2024/2025,05/04/2025,14:45,UTA Arad,FC Botosani,1,0,H,3.23,2.96,2.5,3.23,3.21,2.55,2.99,3.07,2.41,3.3,3.2,2.54,,,
ROU,Superliga,2024/2025,05/04/2025,19:15,FCSB,U. Cluj,1,0,H,1.64,3.56,6.19,1.7,3.69,6.19,1.65,3.52,5.47,1.7,3.7,6.8,,,
ROU,Superliga,2024/2025,06/04/2025,11:30,FC Hermannstadt,Gloria Buzau,0,2,A,1.61,3.74,6.11,1.63,4.2,6.75,1.57,3.8,5.71,1.65,4,6.4,,,
ROU,Superliga,2024/2025,06/04/2025,19:00,FC Rapid Bucuresti,Din. Bucuresti,1,0,H,2.49,2.99,3.2,2.49,3.2,3.4,2.34,3.02,3.18,2.56,3.2,3.35,,,
ROU,Superliga,2024/2025,07/04/2025,15:30,Farul Constanta,Unirea Slobozia,1,1,D,1.67,3.84,5.2,1.74,4.1,5.75,1.66,3.71,4.93,1.71,4.1,5.6,,,
ROU,Superliga,2024/2025,07/04/2025,18:30,CFR Cluj,Univ. Craiova,2,0,H,2.21,3.24,3.48,2.23,3.35,3.7,2.15,3.19,3.36,2.3,3.3,3.75,,,
ROU,Superliga,2024/2025,11/04/2025,15:30,Gloria Buzau,Poli Iasi,0,1,A,2.48,3.07,3.14,2.48,3.32,3.14,2.41,3.13,2.95,2.58,3.3,3.15,,,
ROU,Superliga,2024/2025,11/04/2025,18:30,FC Hermannstadt,Petrolul,1,1,D,2.09,2.93,4.36,2.12,3.06,4.36,2.07,2.97,3.94,2.18,2.96,4.5,,,
ROU,Superliga,2024/2025,12/04/2025,15:00,Sepsi Sf. Gheorghe,Farul Constanta,1,4,A,1.96,3.65,3.75,1.96,3.75,3.9,1.9,3.67,3.66,2.02,3.7,4.1,,,
ROU,Superliga,2024/2025,12/04/2025,18:00,U. Cluj,Din. Bucuresti,2,4,A,2.12,3.18,3.81,2.23,3.22,3.9,2.12,3.11,3.57,2.18,3.2,4.2,,,
ROU,Superliga,2024/2025,13/04/2025,16:15,Unirea Slobozia,UTA Arad,2,1,H,2.97,3.08,2.59,2.97,3.1,2.63,2.84,3.02,2.55,3.15,3.15,2.66,,,
ROU,Superliga,2024/2025,13/04/2025,19:00,Univ. Craiova,FCSB,0,0,D,3.04,3.17,2.48,3.04,3.2,2.5,2.93,3.11,2.42,3.25,3.2,2.56,,,
ROU,Superliga,2024/2025,14/04/2025,15:30,FC Botosani,Otelul,0,1,A,2.32,2.93,3.63,2.34,3.1,3.85,2.24,2.97,3.48,2.34,3.1,3.9,,,
ROU,Superliga,2024/2025,14/04/2025,18:30,CFR Cluj,FC Rapid Bucuresti,1,1,D,1.68,3.73,5.28,1.68,3.9,5.82,1.64,3.67,5.15,1.75,3.75,5.9,,,
ROU,Superliga,2024/2025,18/04/2025,15:00,Otelul,Unirea Slobozia,2,0,H,1.68,3.57,5.62,1.74,3.57,5.62,1.7,3.46,5.06,1.77,3.6,5.9,,,
ROU,Superliga,2024/2025,18/04/2025,18:00,UTA Arad,Sepsi Sf. Gheorghe,1,1,D,3.11,3.18,2.43,3.11,3.25,2.48,2.97,3.15,2.38,3.25,3.3,2.48,,,
ROU,Superliga,2024/2025,19/04/2025,13:00,Farul Constanta,FC Hermannstadt,1,1,D,2.31,3.3,3.2,2.31,3.45,3.2,2.24,3.32,3.05,2.36,3.4,3.35,,,
ROU,Superliga,2024/2025,19/04/2025,18:00,FC Rapid Bucuresti,U. Cluj,0,2,A,2.23,3.19,3.49,2.23,3.4,3.49,2.17,3.18,3.3,2.32,3.25,3.7,,,
ROU,Superliga,2024/2025,20/04/2025,15:00,Poli Iasi,FC Botosani,3,0,H,3.5,3.14,2.25,3.5,3.25,2.3,3.28,3.12,2.22,3.65,3.25,2.34,,,
ROU,Superliga,2024/2025,20/04/2025,18:00,FCSB,CFR Cluj,3,2,H,2.29,2.91,3.72,2.29,2.95,3.8,2.23,2.86,3.6,2.34,3,4,,,
ROU,Superliga,2024/2025,21/04/2025,16:00,Petrolul,Gloria Buzau,4,0,H,1.8,3.22,5.38,1.8,3.48,5.38,1.75,3.33,4.87,1.83,3.55,5.8,,,
ROU,Superliga,2024/2025,21/04/2025,19:00,Din. Bucuresti,Univ. Craiova,0,2,A,4.35,3.36,1.92,4.35,3.36,2.03,4,3.25,1.93,4.4,3.5,2,,,
ROU,Superliga,2024/2025,25/04/2025,16:45,Unirea Slobozia,Poli Iasi,1,1,D,2.28,3.17,3.4,2.28,3.3,3.5,2.21,3.18,3.25,2.36,3.35,3.5,,,
ROU,Superliga,2024/2025,25/04/2025,19:00,Sepsi Sf. Gheorghe,Otelul,0,3,A,1.95,3.23,4.37,2.1,3.25,4.37,2.01,3.16,3.83,2.12,3.35,4.1,,,
ROU,Superliga,2024/2025,26/04/2025,15:00,FC Hermannstadt,UTA Arad,3,0,H,2.21,3.08,3.7,2.25,3.16,3.7,2.2,3.06,3.43,2.28,3.15,4,,,
ROU,Superliga,2024/2025,26/04/2025,18:00,U. Cluj,Univ. Craiova,2,1,H,2.88,3.11,2.65,2.88,3.25,2.65,2.75,3.09,2.56,3.1,3.15,2.72,,,
ROU,Superliga,2024/2025,27/04/2025,12:30,Gloria Buzau,FC Botosani,0,2,A,5.23,4.08,1.63,5.3,4.15,1.64,4.92,4.01,1.6,5.8,4.3,1.65,,,
ROU,Superliga,2024/2025,27/04/2025,19:00,FC Rapid Bucuresti,FCSB,1,2,A,4.21,3.44,1.92,4.21,3.56,2,3.79,3.44,1.93,4.3,3.55,2.04,,,
ROU,Superliga,2024/2025,28/04/2025,16:00,Petrolul,Farul Constanta,0,1,A,2.83,3.12,2.68,2.83,3.3,2.7,2.66,3.18,2.61,2.82,3.25,2.84,,,
ROU,Superliga,2024/2025,28/04/2025,19:00,Din. Bucuresti,CFR Cluj,1,1,D,4.8,3.53,1.79,4.8,3.6,1.81,4.48,3.43,1.78,5,3.8,1.84,,,
ROU,Superliga,2024/2025,02/05/2025,15:30,Poli Iasi,Sepsi Sf. Gheorghe,0,0,D,3.23,3.31,2.29,3.23,3.4,2.33,3.04,3.27,2.26,3.45,3.4,2.34,,,
ROU,Superliga,2024/2025,02/05/2025,18:30,Univ. Craiova,FC Rapid Bucuresti,1,2,A,1.59,4.23,5.38,1.66,4.26,5.5,1.58,4.08,5.05,1.66,4.4,5.6,,,
ROU,Superliga,2024/2025,03/05/2025,11:45,FC Botosani,Unirea Slobozia,1,1,D,1.5,4.41,6.37,1.56,4.5,6.37,1.51,4.26,5.72,1.57,4.4,6.8,,,
ROU,Superliga,2024/2025,03/05/2025,16:15,Farul Constanta,Gloria Buzau,1,0,H,1.27,5.66,10.97,1.27,6.33,11,1.25,5.85,9.72,1.29,6.4,12.5,,,
ROU,Superliga,2024/2025,03/05/2025,19:00,CFR Cluj,U. Cluj,1,0,H,1.79,3.41,5.02,2.07,3.41,5.02,1.92,3.28,4.02,2.06,3.3,4.6,,,
ROU,Superliga,2024/2025,04/05/2025,18:45,Otelul,FC Hermannstadt,1,2,A,2.34,2.89,3.62,2.35,3,3.62,2.29,2.89,3.42,2.36,3.05,3.85,,,
ROU,Superliga,2024/2025,05/05/2025,15:30,UTA Arad,Petrolul,2,0,H,2.24,3.05,3.64,2.24,3.27,3.64,2.16,3.12,3.43,2.3,3.15,3.8,,,
ROU,Superliga,2024/2025,05/05/2025,18:30,FCSB,Din. Bucuresti,3,1,H,1.43,4.28,8.19,1.46,4.5,8.19,1.43,4.22,7.35,1.46,4.6,9.4,,,
ROU,Superliga,2024/2025,09/05/2025,16:00,Gloria Buzau,Unirea Slobozia,0,3,A,8.65,5.2,1.3,11,6,1.34,8.84,5.15,1.3,11.5,5.6,1.35,,,
ROU,Superliga,2024/2025,09/05/2025,19:00,Sepsi Sf. Gheorghe,FC Botosani,2,0,H,2.34,3.21,3.03,2.34,3.35,3.22,2.29,3.24,3,2.44,3.35,3.25,,,
ROU,Superliga,2024/2025,10/05/2025,13:00,Farul Constanta,UTA Arad,1,2,A,1.88,3.71,3.69,1.95,3.81,3.75,1.89,3.65,3.62,2.02,3.8,4,,,
ROU,Superliga,2024/2025,10/05/2025,15:30,FC Hermannstadt,Poli Iasi,1,0,H,2.13,3.22,3.43,2.19,3.52,3.6,2.11,3.3,3.32,2.18,3.35,4,,,
ROU,Superliga,2024/2025,10/05/2025,18:30,Univ. Craiova,CFR Cluj,2,2,D,2.03,3.42,3.53,2.17,3.6,3.65,2.04,3.4,3.41,2.14,3.55,3.95,,,
ROU,Superliga,2024/2025,11/05/2025,18:30,U. Cluj,FCSB,0,2,A,3.36,3.16,2.31,3.36,3.17,2.34,3.19,3.11,2.27,3.45,3.2,2.46,,,
ROU,Superliga,2024/2025,12/05/2025,16:00,Petrolul,Otelul,1,3,A,2.52,2.61,3.5,2.52,2.8,3.5,2.44,2.72,3.32,2.7,2.78,3.55,,,
ROU,Superliga,2024/2025,12/05/2025,19:00,Din. Bucuresti,FC Rapid Bucuresti,0,0,D,2.75,3.34,2.61,2.8,3.34,2.61,2.69,3.26,2.5,2.84,3.4,2.78,,,
ROU,Superliga,2024/2025,16/05/2025,16:00,Otelul,Farul Constanta,0,0,D,2.06,3.64,3.24,2.2,3.7,3.4,2.1,3.53,3.17,2.22,3.6,3.6,,,
ROU,Superliga,2024/2025,16/05/2025,19:00,Din. Bucuresti,U. Cluj,1,3,A,2.97,3.07,2.47,3.03,3.2,2.55,2.91,3.1,2.44,3.1,3.3,2.62,,,
ROU,Superliga,2024/2025,17/05/2025,12:00,UTA Arad,Gloria Buzau,0,0,D,1.1,9.67,18.35,1.15,9.67,26,1.1,8.58,19.63,1.13,10,27,,,
ROU,Superliga,2024/2025,17/05/2025,18:00,FCSB,Univ. Craiova,1,0,H,2.12,3.36,3.36,2.23,3.45,3.4,2.14,3.3,3.24,2.22,3.35,3.9,,,
ROU,Superliga,2024/2025,18/05/2025,14:00,FC Botosani,FC Hermannstadt,2,1,H,1.58,3.88,5.44,1.64,4.01,5.5,1.59,3.88,5.2,1.64,4.4,6,,,
ROU,Superliga,2024/2025,18/05/2025,14:00,Poli Iasi,Petrolul,0,2,A,2.84,2.13,3.64,2.95,2.4,3.9,2.8,2.24,3.66,2.9,2.32,4.1,,,
ROU,Superliga,2024/2025,18/05/2025,14:00,Unirea Slobozia,Sepsi Sf. Gheorghe,2,1,H,3.17,3.32,2.21,3.2,3.35,2.31,3.09,3.24,2.24,3.4,3.3,2.4,,,
ROU,Superliga,2024/2025,19/05/2025,18:30,FC Rapid Bucuresti,CFR Cluj,1,4,A,2.45,3.35,2.77,2.55,3.68,2.77,2.46,3.45,2.63,2.68,3.55,2.88,,,
ROU,Superliga,2024/2025,23/05/2025,18:30,CFR Cluj,FCSB,1,1,D,1.46,4.5,5.92,1.54,4.9,7.1,1.43,4.5,6.26,1.48,4.8,8,,,
ROU,Superliga,2024/2025,24/05/2025,16:00,U. Cluj,FC Rapid Bucuresti,2,2,D,1.57,4.07,5.2,1.66,4.1,5.4,1.6,3.94,5.03,1.69,4.4,5.5,,,
ROU,Superliga,2024/2025,24/05/2025,19:00,Univ. Craiova,Din. Bucuresti,2,1,H,1.57,4.38,5.31,1.62,4.4,5.6,1.56,4.18,5.14,1.64,4.5,5.9,,,
ROU,Superliga,2025/2026,11/07/2025,17:00,Metaloglobus Bucharest,U. Cluj,1,4,A,7.69,4.51,1.43,7.69,4.6,1.48,6.8,4.23,1.41,8.6,4.5,1.5,,,
ROU,Superliga,2025/2026,11/07/2025,19:30,FC Arges,FC Rapid Bucuresti,0,2,A,3.95,3.28,2.03,3.95,3.35,2.07,3.55,3.2,2,4.2,3.3,2.12,,,
ROU,Superliga,2025/2026,12/07/2025,16:30,UTA Arad,Univ. Craiova,3,3,D,4.2,3.56,1.88,4.2,3.56,1.92,3.85,3.42,1.86,4.6,3.65,1.94,,,
ROU,Superliga,2025/2026,12/07/2025,19:30,FCSB,FC Hermannstadt,1,1,D,1.4,4.8,7.81,1.42,4.8,7.81,1.39,4.45,6.92,1.42,4.9,10,,,
ROU,Superliga,2025/2026,13/07/2025,16:30,Otelul,Petrolul,0,0,D,2.37,2.97,3.45,2.42,3,3.45,2.31,2.91,3.16,2.46,3,3.65,,,
ROU,Superliga,2025/2026,13/07/2025,19:30,CFR Cluj,Unirea Slobozia,2,1,H,1.34,4.78,10.13,1.39,4.78,10.13,1.35,4.49,7.79,1.4,5.1,10.5,,,
ROU,Superliga,2025/2026,14/07/2025,17:00,FC Botosani,Farul Constanta,1,1,D,2.52,3.23,2.94,2.52,3.35,3.25,2.32,3.13,2.97,2.56,3.25,3.2,,,
ROU,Superliga,2025/2026,14/07/2025,19:30,Csikszereda M. Ciuc,Din. Bucuresti,2,2,D,3.36,3,2.4,3.36,3.1,2.4,3.2,2.98,2.26,3.75,3.2,2.36,,,
ROU,Superliga,2025/2026,18/07/2025,17:00,FC Hermannstadt,Metaloglobus Bucharest,2,2,D,1.37,4.54,9.99,1.38,4.54,10,1.35,4.39,8.32,1.41,4.8,10.5,,,
ROU,Superliga,2025/2026,18/07/2025,19:30,Univ. Craiova,FC Arges,3,1,H,1.54,4.07,6.34,1.58,4.2,6.34,1.53,3.91,5.61,1.62,4.1,6.6,,,
ROU,Superliga,2025/2026,19/07/2025,16:30,U. Cluj,UTA Arad,1,1,D,1.61,3.9,5.77,1.68,3.9,5.77,1.61,3.71,5.05,1.66,3.95,6.4,,,
ROU,Superliga,2025/2026,19/07/2025,19:30,Petrolul,FCSB,0,1,A,4.78,3.35,1.84,4.78,3.5,1.9,4.07,3.31,1.84,5.1,3.4,1.94,,,
ROU,Superliga,2025/2026,20/07/2025,16:30,Farul Constanta,Otelul,3,2,H,2.15,3.2,3.68,2.15,3.3,3.68,2.09,3.14,3.4,2.26,3.3,3.8,,,
ROU,Superliga,2025/2026,20/07/2025,19:30,FC Rapid Bucuresti,CFR Cluj,1,1,D,2.54,3.34,2.82,2.54,3.6,2.88,2.4,3.31,2.7,2.58,3.4,3,,,
ROU,Superliga,2025/2026,21/07/2025,17:00,Unirea Slobozia,Csikszereda M. Ciuc,6,1,H,2.31,3.23,3.27,2.31,3.23,3.65,2.22,3.02,3.28,2.46,3.2,3.4,,,
ROU,Superliga,2025/2026,21/07/2025,19:30,Din. Bucuresti,FC Botosani,0,0,D,1.66,3.7,5.63,1.73,3.7,5.75,1.67,3.5,4.94,1.71,3.95,6,,,
ROU,Superliga,2025/2026,25/07/2025,17:45,Metaloglobus Bucharest,Petrolul,0,3,A,4.79,3.43,1.82,5,3.5,1.82,4.53,3.35,1.75,5.2,3.5,1.91,,,
ROU,Superliga,2025/2026,25/07/2025,20:00,Csikszereda M. Ciuc,FC Rapid Bucuresti,0,2,A,6.18,4.3,1.52,6.25,4.33,1.57,5.53,4.06,1.51,6.2,4.2,1.64,,,
ROU,Superliga,2025/2026,26/07/2025,16:30,UTA Arad,FC Hermannstadt,1,0,H,2.36,3.1,3.31,2.38,3.35,3.31,2.26,3.18,3.02,2.44,3.25,3.4,,,
ROU,Superliga,2025/2026,26/07/2025,19:30,FCSB,Farul Constanta,1,2,A,1.7,3.88,4.85,1.7,4,5,1.62,3.83,4.69,1.69,4,6,,,
ROU,Superliga,2025/2026,27/07/2025,16:30,CFR Cluj,FC Arges,0,2,A,1.57,3.82,6.59,1.7,3.82,6.59,1.66,3.39,5.21,1.81,3.55,5.6,,,
ROU,Superliga,2025/2026,27/07/2025,19:30,Otelul,Din. Bucuresti,2,1,H,4.22,3.11,2.03,4.33,3.25,2.05,4.03,3.16,1.9,4.8,3.3,1.98,,,
ROU,Superliga,2025/2026,28/07/2025,17:00,FC Botosani,Unirea Slobozia,4,0,H,2.25,3.28,3.36,2.25,3.33,3.5,2.1,3.2,3.3,2.18,3.35,3.9,,,
ROU,Superliga,2025/2026,28/07/2025,19:30,Univ. Craiova,U. Cluj,2,1,H,2.55,3.43,2.75,2.55,3.43,3.1,2.3,3.29,2.87,2.4,3.45,3.3,,,
ROU,Superliga,2025/2026,01/08/2025,17:00,Farul Constanta,Metaloglobus Bucharest,2,1,H,1.46,4.63,6.6,1.46,4.7,7,1.41,4.4,6.58,1.47,4.9,8,,,
ROU,Superliga,2025/2026,01/08/2025,19:30,Petrolul,UTA Arad,1,2,A,2.96,2.93,2.71,2.96,3.1,2.71,2.82,2.95,2.53,3,3,2.88,,,
ROU,Superliga,2025/2026,02/08/2025,16:30,FC Arges,Csikszereda M. Ciuc,3,1,H,1.91,3.29,4.48,1.91,3.45,5.33,1.71,3.35,4.82,1.76,3.5,6.4,,,
ROU,Superliga,2025/2026,02/08/2025,19:30,Din. Bucuresti,FCSB,4,3,H,3.13,3.29,2.35,3.4,3.35,2.35,3.3,3.25,2.08,3.85,3.35,2.24,,,
ROU,Superliga,2025/2026,03/08/2025,16:30,FC Hermannstadt,U. Cluj,2,2,D,2.91,3.26,2.52,3.25,3.26,2.52,3.05,3.11,2.28,3.7,3.2,2.38,,,
ROU,Superliga,2025/2026,03/08/2025,19:30,CFR Cluj,Univ. Craiova,2,3,A,2.39,3.27,3.1,2.39,3.35,3.75,2.03,3.27,3.45,2.12,3.4,4.1,,,
ROU,Superliga,2025/2026,04/08/2025,17:00,Unirea Slobozia,Otelul,0,0,D,2.87,2.97,2.76,3.14,3.2,2.76,2.91,3.02,2.42,3.3,3.1,2.56,,,
ROU,Superliga,2025/2026,04/08/2025,19:30,FC Rapid Bucuresti,FC Botosani,2,1,H,1.59,3.93,5.93,1.64,4,5.93,1.6,3.78,4.99,1.67,4,6.4,,,
ROU,Superliga,2025/2026,08/08/2025,19:30,Metaloglobus Bucharest,Din. Bucuresti,0,1,A,8.24,4.95,1.37,10,5.1,1.41,8.13,4.48,1.35,10,4.6,1.44,,,
ROU,Superliga,2025/2026,09/08/2025,16:30,UTA Arad,Farul Constanta,2,1,H,2.28,3.27,3.3,2.6,3.4,2.8,2.51,3.18,2.66,2.74,3.35,2.9,,,
ROU,Superliga,2025/2026,09/08/2025,19:30,U. Cluj,Petrolul,1,1,D,1.81,3.36,4.94,1.81,3.75,4.7,1.77,3.44,4.23,1.88,3.5,5.2,,,
ROU,Superliga,2025/2026,10/08/2025,16:30,Univ. Craiova,FC Hermannstadt,1,0,H,1.57,3.93,6.2,1.91,3.55,4.25,1.85,3.36,3.94,1.96,3.4,5,,,
ROU,Superliga,2025/2026,10/08/2025,19:30,FCSB,Unirea Slobozia,0,1,A,1.36,4.91,8.78,1.38,4.8,8.5,1.35,4.57,7.49,1.4,5.1,10.5,,,
ROU,Superliga,2025/2026,11/08/2025,17:00,FC Botosani,FC Arges,3,1,H,2.98,2.84,2.77,3,3,3.2,2.81,2.84,2.61,3.25,2.98,2.76,,,
ROU,Superliga,2025/2026,11/08/2025,19:30,Otelul,FC Rapid Bucuresti,1,1,D,4.16,3.18,2.02,3.8,3.3,2.2,3.44,3.14,2.07,3.75,3.25,2.3,,,
ROU,Superliga,2025/2026,15/08/2025,17:00,Unirea Slobozia,Metaloglobus Bucharest,2,1,H,1.92,3.36,4.34,2.15,3.35,3.55,2.08,3.2,3.32,2.24,3.4,3.65,2.1,3.25,3.2
ROU,Superliga,2025/2026,15/08/2025,19:30,Din. Bucuresti,UTA Arad,1,1,D,1.88,3.56,4.19,1.84,3.8,4.5,1.76,3.55,4.11,1.82,3.75,5.1,1.73,3.75,4.1
ROU,Superliga,2025/2026,16/08/2025,19:30,Petrolul,FC Hermannstadt,1,1,D,2.78,2.97,2.85,2.9,3.05,2.75,2.75,2.92,2.58,3,2.96,3,2.8,2.88,2.63
ROU,Superliga,2025/2026,17/08/2025,14:15,Csikszereda M. Ciuc,Univ. Craiova,1,2,A,4.55,3.65,1.79,4,3.5,1.94,3.77,3.39,1.87,4.4,3.65,1.97,3.9,3.3,1.85
ROU,Superliga,2025/2026,17/08/2025,16:30,CFR Cluj,FC Botosani,3,3,D,1.74,3.45,5.36,1.83,3.6,6,1.7,3.44,4.74,1.79,3.5,5.9,1.65,3.6,4.75
ROU,Superliga,2025/2026,17/08/2025,19:30,FC Rapid Bucuresti,FCSB,2,2,D,3.04,3.26,2.43,2.7,3.35,2.71,2.62,3.18,2.52,2.96,3.25,2.76,2.63,3.1,2.55
ROU,Superliga,2025/2026,18/08/2025,17:00,FC Arges,Otelul,2,0,H,2.62,3.18,2.85,2.3,3.2,3.6,2.19,3.01,3.31,2.24,3.4,3.75,2.15,3,3.4
ROU,Superliga,2025/2026,18/08/2025,19:30,Farul Constanta,U. Cluj,0,1,A,2.36,3.37,3.05,2.45,3.4,2.9,2.32,3.28,2.8,2.52,3.4,3.2,2.35,3.4,2.75
ROU,Superliga,2025/2026,22/08/2025,17:00,UTA Arad,Unirea Slobozia,1,1,D,1.85,3.71,4.14,1.83,3.8,4.2,1.78,3.61,3.92,1.89,3.75,4.8,1.8,3.7,3.8
ROU,Superliga,2025/2026,22/08/2025,19:30,Metaloglobus Bucharest,FC Rapid Bucuresti,1,2,A,8.04,4.89,1.38,8,4.9,1.44,7.22,4.43,1.38,9.2,4.8,1.45,6.5,4.33,1.4
ROU,Superliga,2025/2026,23/08/2025,16:45,FC Botosani,Csikszereda M. Ciuc,3,1,H,1.9,3.42,4.33,2,3.5,4.35,1.9,3.28,3.84,2.02,3.35,4.4,1.91,3.2,3.7
ROU,Superliga,2025/2026,23/08/2025,19:30,U. Cluj,Din. Bucuresti,0,1,A,2.34,3.3,3.15,2.45,3.4,3.05,2.3,3.22,2.9,2.52,3.3,3.2,2.35,3.3,2.75
ROU,Superliga,2025/2026,24/08/2025,14:15,Otelul,CFR Cluj,4,1,H,3.71,3.05,2.22,3.45,3.25,2.28,3.11,3.13,2.21,3.45,3.15,2.44,3.1,3.2,2.2
ROU,Superliga,2025/2026,24/08/2025,16:30,Univ. Craiova,Petrolul,2,0,H,1.74,3.59,5.05,1.79,3.65,5,1.71,3.46,4.53,1.77,3.65,5.5,1.7,3.5,4.75
ROU,Superliga,2025/2026,24/08/2025,19:30,FCSB,FC Arges,0,2,A,1.68,3.82,5.19,1.57,4,6.33,1.55,3.83,5.44,1.61,4,7.4,1.53,4,5.25
ROU,Superliga,2025/2026,25/08/2025,17:00,FC Hermannstadt,Farul Constanta,1,0,H,2.3,3.16,3.37,2.55,3.2,3,2.4,3.07,2.86,2.7,3.25,3.05,2.55,2.9,2.8
ROU,Superliga,2025/2026,29/08/2025,18:30,FC Rapid Bucuresti,UTA Arad,2,0,H,1.65,4.07,5.02,1.62,4.2,5.5,1.56,3.94,5.04,1.62,4.4,6,1.55,3.9,5
ROU,Superliga,2025/2026,30/08/2025,16:45,Unirea Slobozia,U. Cluj,0,1,A,3.81,3.25,2.09,4.33,3.4,2.07,3.61,3.19,1.99,4.3,3.25,2.08,3.6,3.3,1.91
ROU,Superliga,2025/2026,30/08/2025,19:30,Din. Bucuresti,FC Hermannstadt,2,0,H,1.92,3.36,4.34,2,3.45,4,1.92,3.25,3.79,2,3.4,4.5,1.91,3.3,3.6
ROU,Superliga,2025/2026,31/08/2025,14:00,FC Arges,Metaloglobus Bucharest,2,1,H,1.62,3.67,6.18,1.57,3.9,7,1.53,3.74,5.93,1.6,3.9,7.4,1.5,3.75,6
ROU,Superliga,2025/2026,31/08/2025,16:30,FC Botosani,Univ. Craiova,1,1,D,3.42,3.36,2.18,3.15,3.45,2.36,2.97,3.27,2.23,3.3,3.3,2.4,2.8,3.3,2.3
ROU,Superliga,2025/2026,31/08/2025,19:30,CFR Cluj,FCSB,2,2,D,2.49,3.09,3.1,2.55,3.35,3.1,2.42,3.12,2.81,2.6,3.15,3.25,2.38,3.1,2.9
ROU,Superliga,2025/2026,01/09/2025,16:00,Csikszereda M. Ciuc,Otelul,1,1,D,3.5,3.21,2.22,3.5,3.2,2.25,3.2,3.12,2.17,3.7,3.2,2.34,3.3,3.2,2.15
ROU,Superliga,2025/2026,01/09/2025,19:00,Farul Constanta,Petrolul,2,1,H,2.1,3.32,3.69,2.05,3.55,4.2,1.92,3.29,3.77,1.99,3.45,4.5,1.9,3.4,3.8
ROU,Superliga,2025/2026,12/09/2025,19:00,U. Cluj,FC Rapid Bucuresti,0,0,D,2.35,3.03,3.41,2.38,3.15,3.4,2.32,2.99,3.02,2.48,3.1,3.5,2.35,3,2.9
ROU,Superliga,2025/2026,13/09/2025,14:00,UTA Arad,FC Arges,3,3,D,2.68,3.27,2.72,2.63,3.2,3,2.53,3.04,2.69,2.82,3.1,2.9,2.5,3.1,2.7
ROU,Superliga,2025/2026,13/09/2025,19:30,Metaloglobus Bucharest,CFR Cluj,1,1,D,7.24,4.42,1.45,6.5,3.9,1.62,5.77,3.69,1.54,6.6,4.1,1.63,6.5,3.5,1.53
ROU,Superliga,2025/2026,14/09/2025,13:45,Otelul,FC Botosani,0,1,A,2.2,3.1,3.69,2.2,3.25,3.5,2.13,3.08,3.33,2.32,3.1,3.9,2.1,3.25,3.25
ROU,Superliga,2025/2026,14/09/2025,16:00,Univ. Craiova,Farul Constanta,2,0,H,1.72,4.08,4.45,1.9,3.8,3.9,1.84,3.6,3.68,1.94,3.85,4.1,1.85,3.8,3.4
ROU,Superliga,2025/2026,14/09/2025,19:00,Csikszereda M. Ciuc,FCSB,1,1,D,7.93,4.88,1.39,7,4.6,1.44,6.65,4.31,1.41,7,4.9,1.5,7,3.9,1.44
ROU,Superliga,2025/2026,15/09/2025,16:00,FC Hermannstadt,Unirea Slobozia,0,2,A,1.88,3.21,4.81,1.91,3.45,4.75,1.86,3.22,4.06,1.93,3.4,5.2,1.83,3.25,4.2
ROU,Superliga,2025/2026,15/09/2025,19:00,Petrolul,Din. Bucuresti,0,3,A,3.58,3.26,2.16,3.95,3.25,2.1,3.63,3.1,2.02,4.3,3.25,2.14,3.5,3.25,2
ROU,Superliga,2025/2026,19/09/2025,18:30,FC Botosani,FCSB,3,1,H,4.67,3.72,1.76,4.6,4,1.84,4.07,3.66,1.75,4.4,3.9,1.9,4.2,3.75,1.8
ROU,Superliga,2025/2026,20/09/2025,16:45,FC Arges,U. Cluj,1,0,H,3.38,2.79,2.54,3.15,3,2.6,2.99,2.82,2.47,3.2,2.92,2.8,3,3,2.45
ROU,Superliga,2025/2026,20/09/2025,19:00,Otelul,Univ. Craiova,1,0,H,3.5,3.26,2.19,3.5,3.4,2.2,3.2,3.23,2.14,3.65,3.3,2.28,3.4,3.25,2.2
ROU,Superliga,2025/2026,21/09/2025,14:00,Unirea Slobozia,Petrolul,1,0,H,2.76,2.86,2.98,2.8,2.9,2.95,2.6,2.87,2.78,3,2.94,2.92,2.8,2.88,2.8
ROU,Superliga,2025/2026,21/09/2025,16:15,CFR Cluj,UTA Arad,1,1,D,1.65,3.95,5.26,1.67,4,5.33,1.62,3.73,4.82,1.73,4,5.6,1.67,3.9,5
ROU,Superliga,2025/2026,21/09/2025,19:00,FC Rapid Bucuresti,FC Hermannstadt,1,2,A,1.93,3.41,4.19,1.9,3.6,4.5,1.84,3.41,3.89,1.92,3.55,4.8,1.9,3.6,3.8
ROU,Superliga,2025/2026,22/09/2025,16:00,Csikszereda M. Ciuc,Metaloglobus Bucharest,2,2,D,2.21,3.27,3.46,2.14,3.6,4.2,1.92,3.36,3.72,2,3.55,4.3,1.8,3.6,4.2
ROU,Superliga,2025/2026,22/09/2025,19:00,Din. Bucuresti,Farul Constanta,1,1,D,1.8,3.61,4.58,1.92,3.65,4.25,1.82,3.48,3.89,1.95,3.7,4.5,1.85,3.4,4.2
ROU,Superliga,2025/2026,26/09/2025,16:00,FC Hermannstadt,FC Arges,0,1,A,2.31,2.95,3.61,2.3,3.1,3.4,2.24,2.99,3.23,2.42,3.15,3.6,2.25,3.1,3.2
ROU,Superliga,2025/2026,26/09/2025,19:00,Univ. Craiova,Din. Bucuresti,2,2,D,2.17,3.46,3.35,2.15,3.45,3.75,2,3.3,3.44,2.12,3.35,4.1,2,3.4,3.5
ROU,Superliga,2025/2026,27/09/2025,13:00,UTA Arad,Csikszereda M. Ciuc,0,0,D,1.65,3.98,5.14,1.65,4,5.33,1.62,3.73,4.79,1.7,4.1,5.4,1.65,3.8,4.75
ROU,Superliga,2025/2026,27/09/2025,18:30,Petrolul,FC Rapid Bucuresti,0,1,A,3.35,3.12,2.33,3.65,3.2,2.28,3.3,3.08,2.15,3.6,3.15,2.32,3.25,3.2,2.2
ROU,Superliga,2025/2026,28/09/2025,15:30,Farul Constanta,Unirea Slobozia,1,1,D,1.45,4.59,6.99,1.6,4.5,7,1.46,4.22,5.99,1.48,4.9,7.6,1.45,4.33,6
ROU,Superliga,2025/2026,28/09/2025,18:30,FCSB,Otelul,1,0,H,1.6,4.03,5.61,1.55,4.2,6,1.53,3.84,5.6,1.57,4.1,7.4,1.55,4.1,5.25
ROU,Superliga,2025/2026,29/09/2025,16:00,Metaloglobus Bucharest,FC Botosani,0,2,A,3.96,3.34,2.01,3.75,3.5,2.1,3.51,3.29,2,4.1,3.4,2.12,3.5,3.5,2
ROU,Superliga,2025/2026,29/09/2025,19:00,U. Cluj,CFR Cluj,2,2,D,2.55,3.02,3.09,2.85,3.1,2.88,2.65,2.94,2.68,3,3,2.9,2.63,3,2.63
ROU,Superliga,2025/2026,03/10/2025,18:30,Unirea Slobozia,Din. Bucuresti,0,1,A,4.84,3.82,1.71,5.8,4,1.65,5.12,3.75,1.59,6.4,4.2,1.63,5.25,3.9,1.57
ROU,Superliga,2025/2026,04/10/2025,13:00,Csikszereda M. Ciuc,U. Cluj,2,1,H,3.89,3.33,2.03,4,3.5,2,3.69,3.32,1.93,4,3.45,2.08,3.5,3.4,1.95
ROU,Superliga,2025/2026,04/10/2025,15:30,FC Arges,Petrolul,0,1,A,2.03,2.93,4.63,2.05,3.1,4.6,1.99,2.95,4.05,2.02,3,4.9,2,2.88,4.33
ROU,Superliga,2025/2026,04/10/2025,18:30,FC Rapid Bucuresti,Farul Constanta,3,1,H,1.95,3.33,4.23,1.98,3.6,4.2,1.91,3.38,3.71,1.98,3.6,4.4,1.91,3.5,3.7
ROU,Superliga,2025/2026,05/10/2025,13:00,CFR Cluj,FC Hermannstadt,2,1,H,1.7,3.64,5.24,1.84,3.6,4.75,1.77,3.39,4.35,1.89,3.5,5.2,1.75,3.5,4.33
ROU,Superliga,2025/2026,05/10/2025,18:30,FCSB,Univ. Craiova,1,0,H,2.12,3.36,3.58,2.2,3.45,3.4,2.12,3.26,3.21,2.2,3.45,3.75,2.15,3.3,3.25
ROU,Superliga,2025/2026,06/10/2025,15:30,Otelul,Metaloglobus Bucharest,4,0,H,1.52,4.11,6.67,1.55,4.4,6.5,1.5,4,5.83,1.57,4.3,7.2,1.55,4.1,5.75
ROU,Superliga,2025/2026,06/10/2025,18:30,FC Botosani,UTA Arad,2,1,H,1.99,3.46,3.89,2.08,3.4,3.8,1.99,3.29,3.47,2.06,3.6,4,2.06,3.6,4
ROU,Superliga,2025/2026,16/10/2025,18:30,Csikszereda M. Ciuc,CFR Cluj,2,2,D,3.52,3.04,2.38,3.4,3.13,2.4,3.23,3.02,2.33,3.5,3.15,2.48,3.1,3.1,2.3
ROU,Superliga,2025/2026,17/10/2025,18:30,Farul Constanta,FC Arges,0,0,D,2.2,3.15,3.61,2.15,3.4,3.75,2.08,3.17,3.42,2.2,3.25,4,2.15,3.4,3.4
ROU,Superliga,2025/2026,18/10/2025,13:00,U. Cluj,FC Botosani,0,2,A,1.78,3.51,4.96,1.78,3.55,5,1.74,3.39,4.51,1.89,3.55,5.2,1.75,3.5,5
ROU,Superliga,2025/2026,18/10/2025,15:30,Univ. Craiova,Unirea Slobozia,3,1,H,1.42,4.74,7.36,1.45,4.75,7.5,1.39,4.44,6.77,1.44,5,8.4,1.45,4.75,6.25
ROU,Superliga,2025/2026,18/10/2025,18:30,Metaloglobus Bucharest,FCSB,2,1,H,10.93,5.51,1.28,11,5.33,1.3,9.78,4.98,1.27,12.5,5.6,1.33,11,5,1.3
ROU,Superliga,2025/2026,19/10/2025,15:30,UTA Arad,Otelul,0,4,A,2.58,2.79,3.31,2.8,3.1,2.9,2.56,2.91,2.82,2.76,2.94,3.25,2.6,3.1,2.88
ROU,Superliga,2025/2026,19/10/2025,18:30,Din. Bucuresti,FC Rapid Bucuresti,0,2,A,2.25,3.01,3.69,2.23,3.2,3.75,2.15,3.05,3.38,2.3,3.1,3.95,2.1,3.2,3.6
ROU,Superliga,2025/2026,20/10/2025,16:00,FC Hermannstadt,Csikszereda M. Ciuc,0,2,A,1.71,3.52,5.42,1.75,3.7,5,1.73,3.47,4.48,1.79,3.75,5.5,1.73,3.5,4.75
ROU,Superliga,2025/2026,20/10/2025,18:30,Petrolul,CFR Cluj,1,0,H,5.03,3.32,1.81,4.9,3.3,1.91,4.42,3.11,1.85,5,3.25,2,4.5,3.1,1.91
ROU,Superliga,2025/2026,24/10/2025,15:30,Csikszereda M. Ciuc,Petrolul,1,1,D,2.73,3.07,2.69,2.9,3.25,2.75,2.72,2.96,2.61,2.98,2.96,2.92,2.8,3,2.75
ROU,Superliga,2025/2026,24/10/2025,18:30,FC Arges,Din. Bucuresti,1,1,D,3.08,3.15,2.38,3.5,2.9,2.6,3.15,2.83,2.38,3.6,2.94,2.54,3.5,2.9,2.3
ROU,Superliga,2025/2026,25/10/2025,14:00,Otelul,U. Cluj,1,2,A,2.89,2.69,2.91,2.5,2.95,3.4,2.4,2.83,3.13,2.58,2.88,3.65,2.45,2.8,3.4
ROU,Superliga,2025/2026,25/10/2025,19:00,CFR Cluj,Farul Constanta,0,2,A,1.79,3.67,4.19,1.87,3.7,4.2,1.8,3.53,3.97,1.9,3.8,4.6,1.85,3.7,3.9
ROU,Superliga,2025/2026,26/10/2025,12:00,Metaloglobus Bucharest,Univ. Craiova,0,0,D,6.05,4.35,1.49,6.5,4.5,1.49,6.04,4.19,1.46,,,,6.5,4.5,1.45
ROU,Superliga,2025/2026,26/10/2025,18:30,FCSB,UTA Arad,4,0,H,1.49,4.21,6.26,1.65,4.33,5.5,1.55,3.94,5.21,1.57,4.5,6.6,1.57,4.33,5
ROU,Superliga,2025/2026,27/10/2025,15:30,FC Botosani,FC Hermannstadt,2,0,H,2.09,3.34,3.52,2.05,3.35,4,1.95,3.21,3.78,2.06,3.35,4.4,2.05,3.25,3.8
ROU,Superliga,2025/2026,27/10/2025,18:30,FC Rapid Bucuresti,Unirea Slobozia,4,1,H,1.49,4.21,6.17,1.44,4.75,8,1.4,4.38,6.9,1.44,5,9,1.42,4.33,8
ROU,Superliga,2025/2026,31/10/2025,18:30,Din. Bucuresti,CFR Cluj,2,1,H,,,,2.36,3.3,3.25,2.27,3.08,3.06,2.36,3.3,3.55,2.2,3.3,2.9
ROU,Superliga,2025/2026,01/11/2025,15:30,Unirea Slobozia,FC Arges,0,1,A,,,,3.8,3,2.25,3.51,2.9,2.16,4.1,3,2.3,3.4,3,2.15
ROU,Superliga,2025/2026,01/11/2025,18:30,U. Cluj,FCSB,0,2,A,,,,3.15,3.2,2.37,3.04,3.09,2.27,3.4,3.3,2.48,3.1,3.1,2.3
ROU,Superliga,2025/2026,02/11/2025,13:30,UTA Arad,Metaloglobus Bucharest,2,0,H,,,,1.78,3.65,4.75,1.74,3.43,4.44,1.82,3.8,5.2,1.75,3.4,4.5
ROU,Superliga,2025/2026,02/11/2025,15:45,FC Hermannstadt,Otelul,1,3,A,,,,2.6,3.05,3.14,2.45,2.91,2.94,2.7,2.98,3.3,2.45,3,2.9
ROU,Superliga,2025/2026,02/11/2025,18:30,Univ. Craiova,FC Rapid Bucuresti,2,2,D,,,,2.16,3.4,3.6,2.1,3.23,3.28,2.22,3.35,3.9,2.05,3.25,3.3
ROU,Superliga,2025/2026,03/11/2025,15:30,Farul Constanta,Csikszereda M. Ciuc,3,0,H,,,,1.74,3.9,5,1.66,3.76,4.45,1.7,4.2,5.4,1.65,3.75,4.33
ROU,Superliga,2025/2026,03/11/2025,18:30,Petrolul,FC Botosani,0,0,D,,,,3.1,3.1,2.5,2.92,2.98,2.4,3.15,3,2.72,2.8,3,2.45
ROU,Superliga,2025/2026,07/11/2025,16:00,U. Cluj,Metaloglobus Bucharest,3,1,H,,,,1.48,4.3,7.5,1.42,4.13,6.95,1.53,4.2,8.6,1.48,4.1,7
ROU,Superliga,2025/2026,07/11/2025,18:30,Farul Constanta,FC Botosani,2,0,H,,,,2.48,3.4,3.25,2.29,3.18,2.96,2.36,3.3,3.65,2.25,3.1,3.25
ROU,Superliga,2025/2026,08/11/2025,12:30,Petrolul,Otelul,0,0,D,,,,3.2,3,2.6,2.97,2.85,2.49,3.3,2.82,2.8,3.1,3,2.45
ROU,Superliga,2025/2026,08/11/2025,15:30,Din. Bucuresti,Csikszereda M. Ciuc,4,0,H,,,,1.4,5,8.5,1.35,4.58,7.7,1.43,4.9,9.4,1.36,5,8
ROU,Superliga,2025/2026,08/11/2025,18:30,FC Rapid Bucuresti,FC Arges,2,0,H,,,,1.95,3.33,4.2,1.91,3.17,3.96,2.04,3.35,4.6,1.91,3.3,4.1
ROU,Superliga,2025/2026,09/11/2025,12:30,Unirea Slobozia,CFR Cluj,0,1,A,,,,6,4,1.57,5.47,3.86,1.54,6.4,4.1,1.63,5.75,3.9,1.57
ROU,Superliga,2025/2026,09/11/2025,15:30,Univ. Craiova,UTA Arad,1,2,A,,,,1.48,4.6,6.6,1.45,4.32,5.99,1.52,4.6,7.4,1.48,4.5,5.75
ROU,Superliga,2025/2026,09/11/2025,18:30,FC Hermannstadt,FCSB,3,3,D,,,,5,3.75,1.79,4.5,3.46,1.73,5.3,3.65,1.82,4.5,3.75,1.73
ROU,Superliga,2025/2026,21/11/2025,15:30,Csikszereda M. Ciuc,Unirea Slobozia,2,1,H,,,,2.42,3.4,3.2,2.3,3.21,2.9,2.5,3.3,3.25,2.35,3.2,2.88
ROU,Superliga,2025/2026,21/11/2025,18:30,FC Arges,Univ. Craiova,1,2,A,,,,3.75,3.1,2.2,3.49,2.95,2.13,4,3.05,2.3,3.4,2.9,2.1
ROU,Superliga,2025/2026,22/11/2025,13:00,UTA Arad,U. Cluj,0,2,A,,,,3.6,3.2,2.25,3.34,2.99,2.17,3.9,3,2.36,3.25,3.2,2.05
ROU,Superliga,2025/2026,22/11/2025,18:30,FCSB,Petrolul,1,1,D,,,,1.62,3.85,6.1,1.58,3.66,5.43,1.66,4.1,6.4,1.6,3.4,5.25
ROU,Superliga,2025/2026,23/11/2025,15:30,Otelul,Farul Constanta,2,2,D,,,,2.32,3.2,3.5,2.26,3.04,3.11,2.46,3.1,3.5,2.25,3.1,2.9
ROU,Superliga,2025/2026,23/11/2025,18:30,CFR Cluj,FC Rapid Bucuresti,3,0,H,,,,2.12,3.5,3.6,2.04,3.28,3.36,2.2,3.5,3.75,1.95,3.4,3.2
ROU,Superliga,2025/2026,24/11/2025,15:30,Metaloglobus Bucharest,FC Hermannstadt,1,1,D,,,,3.8,3.35,2.2,3.43,3.11,2.09,3.85,3.2,2.3,3.2,3,2.1
ROU,Superliga,2025/2026,24/11/2025,18:30,FC Botosani,Din. Bucuresti,1,1,D,,,,3.5,3.35,2.2,3.23,3.2,2.12,3.6,3.25,2.36,3,3.2,2.1
ROU,Superliga,2025/2026,28/11/2025,18:30,FC Rapid Bucuresti,Csikszereda M. Ciuc,4,1,H,,,,1.38,5,8,1.36,4.59,7.3,1.42,5.1,9.4,1.36,4.5,7.5
ROU,Superliga,2025/2026,29/11/2025,14:30,FC Arges,CFR Cluj,3,0,H,,,,3.5,3,2.4,3.26,2.84,2.31,3.8,2.9,2.48,3.25,3,2.25
ROU,Superliga,2025/2026,29/11/2025,18:45,Din. Bucuresti,Otelul,1,0,H,,,,1.85,3.5,4.7,1.8,3.37,4.21,1.9,3.7,4.8,1.8,3.25,4.33
ROU,Superliga,2025/2026,30/11/2025,13:00,FC Hermannstadt,UTA Arad,1,2,A,,,,2.25,3.2,3.5,2.21,3.07,3.18,2.4,3.05,3.7,2.2,3.2,3.1
ROU,Superliga,2025/2026,30/11/2025,15:30,Unirea Slobozia,FC Botosani,0,1,A,,,,4,3.4,2,3.61,3.27,1.97,4.1,3.4,2.1,3.6,3.2,2
ROU,Superliga,2025/2026,30/11/2025,18:30,Farul Constanta,FCSB,1,2,A,,,,3.55,3.35,2.25,3.11,3.27,2.16,3.3,3.5,2.34,3,3.2,2.25
ROU,Superliga,2025/2026,01/12/2025,14:00,Petrolul,Metaloglobus Bucharest,4,1,H,,,,1.7,3.55,5.66,1.66,3.36,5.25,1.76,3.5,6.4,1.67,3.25,5.5
ROU,Superliga,2025/2026,01/12/2025,17:00,U. Cluj,Univ. Craiova,0,0,D,,,,3,3.15,2.5,2.9,3,2.41,3.25,3.1,2.62,2.9,2.9,2.5
ROU,Superliga,2025/2026,05/12/2025,18:30,Otelul,Unirea Slobozia,3,0,H,,,,1.56,3.85,6.33,1.54,3.68,5.78,1.63,3.9,7,1.53,3.4,5.5
ROU,Superliga,2025/2026,06/12/2025,15:00,Csikszereda M. Ciuc,FC Arges,0,2,A,,,,4,3,2.14,3.65,2.92,2.1,4.4,3,2.18,3.5,2.88,2.05
ROU,Superliga,2025/2026,06/12/2025,18:30,FCSB,Din. Bucuresti,0,0,D,,,,2.62,3,3.14,2.46,2.87,2.96,2.66,2.9,3.35,2.4,2.88,2.8
ROU,Superliga,2025/2026,07/12/2025,13:00,U. Cluj,FC Hermannstadt,3,0,H,,,,1.87,3.33,4.75,1.8,3.22,4.43,1.94,3.5,4.7,1.7,3.1,4.75
ROU,Superliga,2025/2026,07/12/2025,15:30,Metaloglobus Bucharest,Farul Constanta,2,1,H,,,,5,3.85,1.76,4.53,3.55,1.7,5.2,3.7,1.81,4.33,3.4,1.67
ROU,Superliga,2025/2026,07/12/2025,18:30,Univ. Craiova,CFR Cluj,1,1,D,,,,2.02,3.4,4,1.91,3.28,3.75,1.98,3.5,4.4,1.83,3.25,3.75
ROU,Superliga,2025/2026,08/12/2025,15:30,UTA Arad,Petrolul,1,0,H,,,,2.5,3.05,3.3,2.37,2.87,3.07,2.62,2.88,3.55,2.38,2.9,2.88
ROU,Superliga,2025/2026,08/12/2025,18:30,FC Botosani,FC Rapid Bucuresti,0,0,D,,,,2.9,3.05,2.7,2.73,2.96,2.57,3.05,3.05,2.84,2.63,2.9,2.55
ROU,Superliga,2025/2026,12/12/2025,18:30,CFR Cluj,Csikszereda M. Ciuc,3,1,H,,,,1.3,5.5,10.5,1.29,5.04,8.94,1.33,5.6,12,1.3,5.5,8.5
ROU,Superliga,2025/2026,13/12/2025,15:00,FC Arges,FC Botosani,0,0,D,,,,2.54,2.9,3.3,2.41,2.81,3.12,2.58,2.86,3.65,2.5,2.9,3.1
ROU,Superliga,2025/2026,13/12/2025,18:30,FC Rapid Bucuresti,Otelul,0,2,A,,,,2,3.5,4.33,1.92,3.26,3.81,1.99,3.45,4.6,1.91,3.5,3.9
ROU,Superliga,2025/2026,14/12/2025,13:30,Petrolul,U. Cluj,0,1,A,,,,3.4,2.95,2.5,3.19,2.8,2.37,3.65,2.84,2.6,3.25,2.88,2.45
ROU,Superliga,2025/2026,14/12/2025,15:45,Din. Bucuresti,Metaloglobus Bucharest,4,0,H,,,,1.33,5.25,11,1.29,4.72,9.72,1.33,5.3,13,1.33,5,8.5
ROU,Superliga,2025/2026,14/12/2025,18:30,FC Hermannstadt,Univ. Craiova,0,2,A,,,,5.33,3.7,1.81,4.62,3.42,1.72,5.3,3.65,1.81,4.33,3.7,1.75
ROU,Superliga,2025/2026,15/12/2025,15:30,Farul Constanta,UTA Arad,1,1,D,,,,2.05,3.5,3.8,1.99,3.3,3.49,2.14,3.35,4.1,2.05,3.5,3.5
ROU,Superliga,2025/2026,15/12/2025,18:30,Unirea Slobozia,FCSB,0,2,A,,,,7.5,4,1.58,6.04,3.78,1.51,7.8,4.2,1.55,6.25,4,1.53
ROU,Superliga,2025/2026,19/12/2025,18:00,FC Botosani,CFR Cluj,0,1,A,,,,2.5,3.2,3,2.42,3.04,2.83,2.54,3.15,3.25,2.3,2.9,2.88
ROU,Superliga,2025/2026,20/12/2025,12:30,Metaloglobus Bucharest,Unirea Slobozia,2,3,A,,,,2.8,3.1,2.8,2.62,3,2.64,2.78,3.15,2.9,2.5,3,2.6
ROU,Superliga,2025/2026,20/12/2025,15:00,Otelul,FC Arges,2,1,H,,,,2.35,3,3.6,2.24,2.9,3.29,2.34,2.96,3.9,2.15,2.9,3.25
ROU,Superliga,2025/2026,20/12/2025,18:00,UTA Arad,Din. Bucuresti,2,0,H,,,,4,3.4,2.12,3.7,3.13,1.97,4.1,3.25,2.14,3.6,3,1.95
ROU,Superliga,2025/2026,21/12/2025,12:00,FC Hermannstadt,Petrolul,1,1,D,,,,2.63,3,3.15,2.48,2.83,2.96,2.78,2.86,3.35,2.45,2.7,3.1
ROU,Superliga,2025/2026,21/12/2025,14:30,U. Cluj,Farul Constanta,1,0,H,,,,2.05,3.5,3.66,1.99,3.29,3.44,2.08,3.6,3.9,2,3,3.4
ROU,Superliga,2025/2026,21/12/2025,18:00,FCSB,FC Rapid Bucuresti,2,1,H,,,,2.15,3.35,3.45,2.1,3.23,3.22,2.28,3.4,3.6,2.1,3.2,3.1
ROU,Superliga,2025/2026,22/12/2025,18:00,Univ. Craiova,Csikszereda M. Ciuc,5,0,H,,,,1.23,6.33,13,1.2,5.79,11.34,1.23,7.4,16.5,1.2,5.5,11
ROU,Superliga,2025/2026,16/01/2026,18:00,FC Arges,FCSB,1,0,H,,,,4.5,3.15,2.1,3.9,3.03,1.97,3.65,3.15,2.08,3.9,3.1,1.95
ROU,Superliga,2025/2026,17/01/2026,11:00,Unirea Slobozia,UTA Arad,1,3,A,,,,3.6,3.15,2.23,3.33,3.07,2.14,3.85,3.25,2.28,3.3,3.1,2.15
ROU,Superliga,2025/2026,17/01/2026,15:15,Farul Constanta,FC Hermannstadt,1,1,D,,,,2,3.35,4,1.94,3.17,3.81,2.04,3.45,4.3,1.91,3.1,3.9
ROU,Superliga,2025/2026,17/01/2026,18:00,FC Rapid Bucuresti,Metaloglobus Bucharest,1,0,H,,,,1.28,5.8,11.5,1.25,5.34,9.75,1.27,6.6,14,1.25,5.25,9.5
ROU,Superliga,2025/2026,18/01/2026,13:30,Csikszereda M. Ciuc,FC Botosani,1,0,H,,,,4.75,3.5,1.76,4.49,3.37,1.74,5.1,3.5,1.87,4.75,3.3,1.73
ROU,Superliga,2025/2026,18/01/2026,15:45,CFR Cluj,Otelul,1,0,H,,,,2.38,3.15,3.45,2.3,2.93,3.15,2.48,3.05,3.6,2.35,2.9,3
ROU,Superliga,2025/2026,18/01/2026,18:30,Din. Bucuresti,U. Cluj,1,0,H,,,,1.89,3.33,4.75,1.82,3.17,4.36,1.92,3.3,5.3,1.8,3.2,4.5
ROU,Superliga,2025/2026,19/01/2026,18:00,Petrolul,Univ. Craiova,0,4,A,,,,5,3.35,1.91,4.37,3.13,1.83,5.1,3.35,1.92,4.33,3,1.9
ROU,Superliga,2025/2026,23/01/2026,15:00,Metaloglobus Bucharest,FC Arges,0,2,A,,,,4.9,3.3,1.95,4.16,3.15,1.87,4.8,3.4,1.7,4,3.1,1.9
ROU,Superliga,2025/2026,23/01/2026,18:00,FC Hermannstadt,Din. Bucuresti,1,2,A,,,,4.75,3.3,1.88,4.27,3.18,1.84,5,3.3,1.96,4,3.2,1.85
ROU,Superliga,2025/2026,24/01/2026,15:00,U. Cluj,Unirea Slobozia,1,0,H,,,,1.5,3.85,7.5,1.48,3.7,6.82,1.58,4,7.6,1.5,3.4,7
ROU,Superliga,2025/2026,24/01/2026,18:00,Univ. Craiova,FC Botosani,2,0,H,,,,1.73,3.6,5.5,1.65,3.53,4.94,1.69,3.8,6.4,1.62,3.5,5.25
ROU,Superliga,2025/2026,25/01/2026,12:30,Petrolul,Farul Constanta,0,1,A,,,,2.75,3,2.95,2.61,2.94,2.72,2.92,2.98,3,2.63,2.9,2.63
ROU,Superliga,2025/2026,25/01/2026,18:00,FCSB,CFR Cluj,1,4,A,,,,1.88,3.4,5,1.76,3.36,4.42,1.86,3.5,5.4,1.73,3.4,4.33
ROU,Superliga,2025/2026,26/01/2026,15:00,Otelul,Csikszereda M. Ciuc,3,0,H,,,,1.34,5.5,10,1.28,5.03,9.3,1.35,5.5,12,1.29,5.25,10
ROU,Superliga,2025/2026,26/01/2026,18:00,UTA Arad,FC Rapid Bucuresti,1,2,A,,,,2.85,3.13,2.75,2.68,3.01,2.62,3,3.1,2.8,2.75,3,2.75
ROU,Superliga,2025/2026,30/01/2026,15:00,CFR Cluj,Metaloglobus Bucharest,4,2,H,,,,1.3,5.33,11,1.26,5.06,9.74,1.3,6,14,1.25,4.75,9.5
ROU,Superliga,2025/2026,30/01/2026,18:00,Din. Bucuresti,Petrolul,1,1,D,,,,1.54,3.9,8,1.48,3.72,6.93,1.52,4.1,9.4,1.5,3.9,7
ROU,Superliga,2025/2026,31/01/2026,12:30,Unirea Slobozia,FC Hermannstadt,2,3,A,,,,3.15,3.05,2.6,2.95,2.85,2.48,3.25,2.94,2.72,3.1,2.7,2.45
ROU,Superliga,2025/2026,31/01/2026,15:00,FC Arges,UTA Arad,0,1,A,,,,2.38,2.95,3.75,2.27,2.81,3.4,2.44,2.86,3.85,2.2,2.8,3.3
ROU,Superliga,2025/2026,31/01/2026,18:00,FC Rapid Bucuresti,U. Cluj,0,2,A,,,,1.94,3.33,4.75,1.8,3.19,4.48,1.9,3.3,5.5,1.73,3.1,4.5
ROU,Superliga,2025/2026,01/02/2026,15:15,Farul Constanta,Univ. Craiova,4,1,H,,,,4.2,3.35,1.96,3.92,3.15,1.91,4.4,3.45,2,3.9,3,1.85
ROU,Superliga,2025/2026,01/02/2026,18:00,FCSB,Csikszereda M. Ciuc,1,0,H,,,,1.2,6.5,15,1.18,6,13.41,1.22,7.6,17.5,1.17,5.75,13
ROU,Superliga,2025/2026,02/02/2026,16:30,FC Botosani,Otelul,0,0,D,,,,3.1,3.15,2.65,2.95,2.97,2.4,3.35,3,2.62,3.1,2.9,2.2
ROU,Superliga,2025/2026,03/02/2026,14:00,Petrolul,Unirea Slobozia,1,0,H,,,,1.91,3.2,4.75,1.85,3.05,4.45,1.96,3.3,5.1,1.83,2.9,4.33
ROU,Superliga,2025/2026,03/02/2026,16:00,U. Cluj,FC Arges,3,1,H,,,,2.3,2.85,4,2.24,2.67,3.64,2.44,2.78,3.45,2.25,2.6,3.5
ROU,Superliga,2025/2026,03/02/2026,18:30,FC Hermannstadt,FC Rapid Bucuresti,0,3,A,,,,3.75,3.2,2.2,3.44,3.04,2.1,4,3.1,2.26,3.2,3,2.1
ROU,Superliga,2025/2026,04/02/2026,14:00,Metaloglobus Bucharest,Csikszereda M. Ciuc,0,1,A,,,,3.4,3.1,2.4,3.11,3.01,2.26,3.7,3.1,2.4,3.1,3,2.15
ROU,Superliga,2025/2026,04/02/2026,16:00,UTA Arad,CFR Cluj,0,1,A,,,,2.8,3.1,2.8,2.68,2.94,2.62,2.9,3,3,2.63,2.9,2.55
ROU,Superliga,2025/2026,04/02/2026,18:30,Farul Constanta,Din. Bucuresti,2,3,A,,,,4,3.4,1.97,3.69,3.29,1.92,4.1,3.5,2.06,3.5,3.25,1.9
ROU,Superliga,2025/2026,05/02/2026,16:00,Univ. Craiova,Otelul,1,0,H,,,,1.67,3.6,6,1.61,3.5,5.3,1.67,3.9,6.6,1.6,3.3,5.25
ROU,Superliga,2025/2026,05/02/2026,18:30,FCSB,FC Botosani,2,1,H,,,,1.6,3.75,6,1.57,3.67,5.44,1.65,4,6.8,1.57,3.7,5.25
ROU,Superliga,2025/2026,06/02/2026,15:00,FC Arges,FC Hermannstadt,3,1,H,,,,2.28,2.88,4.2,2.14,2.75,3.77,2.18,2.92,4.3,2.05,2.7,3.9
ROU,Superliga,2025/2026,06/02/2026,18:00,FC Rapid Bucuresti,Petrolul,1,1,D,,,,1.76,3.55,5.75,1.7,3.2,5.14,1.82,3.45,6,1.73,3,5
ROU,Superliga,2025/2026,07/02/2026,11:00,Unirea Slobozia,Farul Constanta,2,1,H,,,,3.5,3.35,2.15,3.42,3.13,2.07,3.9,3.3,2.2,3.4,3,2.1
ROU,Superliga,2025/2026,07/02/2026,13:00,Csikszereda M. Ciuc,UTA Arad,2,0,H,,,,4,3.25,2.1,3.64,3.07,2.02,4.1,3.2,2.2,3.4,2.9,2.1
ROU,Superliga,2025/2026,07/02/2026,18:00,CFR Cluj,U. Cluj,3,2,H,,,,2.2,3.1,3.85,2.1,2.93,3.61,2.3,3.05,4,2.05,2.9,3.5
ROU,Superliga,2025/2026,08/02/2026,15:00,FC Botosani,Metaloglobus Bucharest,3,0,H,,,,1.27,6,12,1.22,5.57,10.5,1.27,6.4,15.5,1.22,5.5,10
ROU,Superliga,2025/2026,08/02/2026,18:00,Otelul,FCSB,1,4,A,,,,4,3.5,2.05,3.47,3.25,2,3.65,3.7,2.16,3.2,3.2,2.05
ROU,Superliga,2025/2026,09/02/2026,18:00,Din. Bucuresti,Univ. Craiova,1,1,D,,,,2.8,3.05,3.15,2.6,2.89,2.79,2.88,2.98,3.05,2.75,2.8,2.7
ROU,Superliga,2025/2026,13/02/2026,18:00,Petrolul,FC Arges,2,1,H,,,,3.25,2.8,2.75,3.04,2.7,2.53,3.25,2.8,2.68,3,2.7,2.45
ROU,Superliga,2025/2026,14/02/2026,12:30,Metaloglobus Bucharest,Otelul,0,1,A,,,,6.75,4.25,1.53,6.02,3.88,1.49,7,4.3,1.57,5.75,3.5,1.5
ROU,Superliga,2025/2026,14/02/2026,17:00,U. Cluj,Csikszereda M. Ciuc,4,1,H,,,,1.46,4.4,8.5,1.38,4.21,7.46,1.43,4.8,9.6,1.38,3.9,8
ROU,Superliga,2025/2026,15/02/2026,12:00,UTA Arad,FC Botosani,2,1,H,,,,2.57,3.15,2.9,2.49,3.02,2.75,2.72,3.05,3.1,2.45,3,2.7
ROU,Superliga,2025/2026,15/02/2026,15:00,Farul Constanta,FC Rapid Bucuresti,3,1,H,,,,4.2,3.65,1.89,3.93,3.53,1.79,4.5,4,1.87,3.5,3.6,1.83
ROU,Superliga,2025/2026,15/02/2026,18:00,Univ. Craiova,FCSB,1,0,H,,,,2.2,3.3,3.33,2.15,3.21,3.14,2.34,3.45,3.45,2.1,3.25,3
ROU,Superliga,2025/2026,16/02/2026,15:00,FC Hermannstadt,CFR Cluj,0,1,A,,,,4.6,3.35,1.92,4.21,3.18,1.84,5,3.25,2,4.1,3.1,1.8
ROU,Superliga,2025/2026,16/02/2026,18:00,Din. Bucuresti,Unirea Slobozia,1,0,H,,,,1.28,5.33,11,1.25,5.12,10.01,1.31,5.7,14.5,1.22,4.75,11
ROU,Superliga,2025/2026,20/02/2026,15:00,Otelul,UTA Arad,2,2,D,,,,2.14,3.13,4,2.08,2.97,3.62,2.24,3.05,4.3,2.05,2.9,3.6
ROU,Superliga,2025/2026,20/02/2026,18:00,FC Botosani,U. Cluj,1,3,A,,,,2.5,3.2,3.15,2.37,2.96,3,2.58,3.15,3.25,2.35,2.88,2.9
ROU,Superliga,2025/2026,21/02/2026,16:00,CFR Cluj,Petrolul,2,1,H,,,,1.68,3.5,6.5,1.6,3.36,5.94,1.67,3.65,7.4,1.6,3.2,6.25
ROU,Superliga,2025/2026,21/02/2026,18:30,FC Rapid Bucuresti,Din. Bucuresti,2,1,H,,,,2.9,3.2,2.57,2.79,3.02,2.48,3.05,3.1,2.72,2.75,3,2.5
ROU,Superliga,2025/2026,22/02/2026,13:00,FC Arges,Farul Constanta,1,0,H,,,,2.08,3.33,3.9,2,3.18,3.63,2.06,3.25,4.4,1.91,3.2,3.9
ROU,Superliga,2025/2026,22/02/2026,18:00,Unirea Slobozia,Univ. Craiova,0,3,A,,,,8.5,4.6,1.4,8.16,4.4,1.35,10.5,4.8,1.41,7.5,4.33,1.36
ROU,Superliga,2025/2026,23/02/2026,15:00,Csikszereda M. Ciuc,FC Hermannstadt,2,1,H,,,,3,3.2,2.5,2.82,3.02,2.45,3.2,3.15,2.66,2.88,3,2.45
ROU,Superliga,2025/2026,23/02/2026,18:00,FCSB,Metaloglobus Bucharest,4,1,H,,,,1.14,9.5,20,1.11,7.88,17.35,1.13,10.5,28,1.11,7.5,19
ROU,Superliga,2025/2026,27/02/2026,15:00,FC Hermannstadt,FC Botosani,3,1,H,,,,3,3.15,2.57,2.87,2.98,2.4,3.2,3.1,2.66,2.88,3,2.35
ROU,Superliga,2025/2026,27/02/2026,18:00,U. Cluj,Otelul,4,0,H,,,,1.96,3.3,4.5,1.85,3.19,4.05,1.95,3.5,4.7,1.83,3.2,4
ROU,Superliga,2025/2026,28/02/2026,13:00,Univ. Craiova,Metaloglobus Bucharest,2,1,H,,,,1.1,9.5,26,1.08,8.56,21.91,1.11,11.5,55,1.08,9.5,26
ROU,Superliga,2025/2026,28/02/2026,18:00,Farul Constanta,CFR Cluj,1,2,A,,,,3.66,3.2,2.1,3.44,3.11,2.04,3.9,3.2,2.2,3.3,3.2,2
ROU,Superliga,2025/2026,01/03/2026,13:45,Petrolul,Csikszereda M. Ciuc,1,1,D,,,,1.76,3.4,6,1.69,3.26,4.95,1.76,3.55,6,1.67,3,6
ROU,Superliga,2025/2026,01/03/2026,16:00,Dinamo Bucuresti,FC Arges,0,1,A,,,,1.67,3.5,6.5,1.58,3.43,5.68,1.62,3.85,7.6,1.53,3.3,6.25
ROU,Superliga,2025/2026,01/03/2026,19:00,UTA Arad,FCSB,2,4,A,,,,4.2,3.5,1.85,3.95,3.4,1.8,4.4,3.95,1.89,3.8,3.3,1.8
ROU,Superliga,2025/2026,02/03/2026,17:30,Unirea Slobozia,FC Rapid Bucuresti,1,2,A,,,,7,4.5,1.49,6.43,4.11,1.43,7.8,4.6,1.5,6.25,4,1.45
ROU,Superliga,2025/2026,06/03/2026,17:30,Csikszereda M. Ciuc,Farul Constanta,1,0,H,,,,3.05,3.4,2.45,2.81,3.22,2.34,3,3.45,2.54,2.8,3.25,2.35
ROU,Superliga,2025/2026,07/03/2026,12:30,Metaloglobus Bucharest,UTA Arad,2,2,D,,,,5.2,3.85,1.75,4.59,3.52,1.69,5.1,3.85,1.8,4.33,3.4,1.73
ROU,Superliga,2025/2026,07/03/2026,15:00,FC Botosani,Petrolul,0,1,A,,,,1.94,3.4,4.75,1.83,3.24,4.17,1.92,3.4,5.2,1.8,3.3,4.33
ROU,Superliga,2025/2026,07/03/2026,18:00,FCSB,U. Cluj,1,3,A,,,,1.57,4,6.4,1.51,3.87,5.68,1.59,4.4,6.4,1.5,3.9,5.5
ROU,Superliga,2025/2026,08/03/2026,12:30,Otelul,FC Hermannstadt,0,2,A,,,,2.5,3.25,3.35,2.34,3.05,2.96,2.44,3.25,3.45,2.5,3,2.75
ROU,Superliga,2025/2026,08/03/2026,15:00,FC Arges,Unirea Slobozia,0,0,D,,,,1.55,3.75,7,1.52,3.6,6.27,1.62,3.8,7.6,1.55,3.5,6.25
ROU,Superliga,2025/2026,08/03/2026,18:00,FC Rapid Bucuresti,Univ. Craiova,1,1,D,,,,3.1,3.2,2.6,2.88,3,2.42,3.2,3.05,2.7,3,3,2.35
ROU,Superliga,2025/2026,09/03/2026,18:00,CFR Cluj,Dinamo Bucuresti,2,0,H,,,,2.6,3.2,2.85,2.49,3.07,2.72,2.7,3.25,3,2.5,3.1,2.63
ROU,Superliga,2025/2026,13/03/2026,15:30,UTA Arad,FC Hermannstadt,3,2,H,,,,2.3,3.2,3.25,2.21,3.09,3.13,2.42,3.2,3.5,2.15,3.1,3
ROU,Superliga,2025/2026,13/03/2026,18:30,Univ. Craiova,FC Arges,0,1,A,,,,1.6,3.55,7,1.57,3.33,6.3,1.64,3.7,4.9,1.6,3.25,6.5
ROU,Superliga,2025/2026,14/03/2026,16:15,Otelul,Csikszereda M. Ciuc,2,3,A,,,,2.16,3.25,4,2.07,3.13,3.39,2.3,3.25,3.7,2.1,3,3.2
ROU,Superliga,2025/2026,14/03/2026,19:00,FC Rapid Bucuresti,Dinamo Bucuresti,3,2,H,,,,2.38,3.3,3.4,2.25,3.02,3.13,2.44,3.1,3.5,2.25,3,3
ROU,Superliga,2025/2026,15/03/2026,13:00,Farul Constanta,Petrolul,2,0,H,,,,2.42,3.1,3.25,2.36,2.92,3.02,2.52,3,3.45,2.35,2.9,2.9
ROU,Superliga,2025/2026,15/03/2026,18:30,FCSB,Metaloglobus Bucharest,0,0,D,,,,1.12,9,21,1.09,8.08,18.12,1.14,10,30,1.1,8,19
ROU,Superliga,2025/2026,16/03/2026,15:30,FC Botosani,Unirea Slobozia,3,2,H,,,,1.57,4,6.6,1.52,3.82,5.7,1.58,4.3,6.8,1.48,3.6,5.75
ROU,Superliga,2025/2026,16/03/2026,18:30,U. Cluj,CFR Cluj,2,1,H,,,,2.6,3.2,2.9,2.43,3.02,2.81,2.66,3.05,3.2,2.35,3.1,2.7
ROU,Superliga,2025/2026,19/03/2026,18:30,Dinamo Bucuresti,Univ. Craiova,0,1,A,,,,3,3.1,2.5,2.86,2.98,2.43,3.15,3.1,2.66,2.8,3,2.38
ROU,Superliga,2025/2026,20/03/2026,17:00,FCSB,UTA Arad,1,0,H,,,,1.41,4.75,7.5,1.37,4.49,6.84,1.43,5.2,8.6,1.36,4.2,6.5
ROU,Superliga,2025/2026,20/03/2026,19:45,CFR Cluj,FC Rapid Bucuresti,1,0,H,,,,2.57,3,3.15,2.46,2.91,2.89,2.66,3.2,3.1,2.45,2.8,2.88
ROU,Superliga,2025/2026,21/03/2026,13:00,Metaloglobus Bucharest,Petrolul,1,0,H,,,,4.9,3.5,1.84,4.48,3.27,1.76,5.3,3.4,1.86,4.5,3.2,1.73
ROU,Superliga,2025/2026,21/03/2026,15:30,Csikszereda M. Ciuc,Farul Constanta,1,1,D,,,,2.8,3.2,2.75,2.63,3.05,2.57,2.86,3.1,2.94,2.5,3.1,2.5
ROU,Superliga,2025/2026,21/03/2026,18:30,FC Arges,U. Cluj,0,1,A,,,,3,2.95,2.75,2.82,2.88,2.53,3.15,3,2.72,2.9,2.88,2.35
ROU,Superliga,2025/2026,22/03/2026,17:00,FC Hermannstadt,FC Botosani,3,0,H,,,,2.5,3.1,3.2,2.34,3.04,2.94,2.5,3.15,3.35,2.25,3.1,2.88
ROU,Superliga,2025/2026,23/03/2026,18:30,Unirea Slobozia,Otelul,2,1,H,,,,3.5,3.25,2.18,3.3,3.12,2.12,3.75,3.3,2.28,3.3,3.1,2.15
ROU,Superliga,2025/2026,03/04/2026,18:30,FC Botosani,FCSB,3,2,H,,,,4.6,4,1.72,4.39,3.76,1.65,4.9,4.1,1.76,4.33,3.7,1.62
ROU,Superliga,2025/2026,04/04/2026,13:00,Otelul,FC Hermannstadt,2,0,H,,,,2.54,3.25,2.9,2.4,3.03,2.84,2.64,3.05,3.25,2.38,3,2.8
ROU,Superliga,2025/2026,04/04/2026,17:30,FC Arges,Dinamo Bucuresti,1,1,D,,,,4,3,2.38,3.46,2.92,2.13,2.88,3.05,2.22,3.5,2.88,2.05
ROU,Superliga,2025/2026,05/04/2026,13:00,UTA Arad,Metaloglobus Bucharest,5,1,H,,,,1.42,4.75,7.5,1.39,4.27,6.89,1.46,4.9,7.8,1.4,4,7
ROU,Superliga,2025/2026,05/04/2026,15:30,Farul Constanta,Unirea Slobozia,0,1,A,,,,1.55,4.4,6.5,1.49,3.98,5.65,1.6,4.3,6.8,1.48,3.9,5.25
ROU,Superliga,2025/2026,05/04/2026,18:30,FC Rapid Bucuresti,U. Cluj,1,2,A,,,,2.12,3.4,3.6,1.99,3.23,3.47,2.1,3.4,4,1.91,3.2,3.6
ROU,Superliga,2025/2026,06/04/2026,15:30,Petrolul,Csikszereda M. Ciuc,2,0,H,,,,1.94,3.5,4.33,1.82,3.27,4.06,1.87,3.7,4.9,1.73,3.25,4.33
ROU,Superliga,2025/2026,06/04/2026,18:30,Univ. Craiova,CFR Cluj,2,0,H,,,,1.9,3.6,4.4,1.81,3.3,4.09,1.89,3.7,4.8,1.75,3.25,4.2
ROU,Superliga,2025/2026,10/04/2026,17:00,FC Hermannstadt,Farul Constanta,1,0,H,,,,2.15,3.33,3.8,1.98,3.22,3.58,2.08,3.45,4.2,1.91,3.3,3.5
ROU,Superliga,2025/2026,11/04/2026,15:15,UTA Arad,FC Botosani,3,1,H,,,,2.3,3.3,3.25,2.21,3.18,3.02,2.42,3.35,3.25,2.2,3.1,2.9
ROU,Superliga,2025/2026,11/04/2026,18:00,FCSB,Otelul,4,0,H,,,,1.5,4.75,8,1.39,4.29,7.06,1.46,4.8,8.4,1.38,4,7
ROU,Superliga,2025/2026,12/04/2026,16:15,Unirea Slobozia,Petrolul,1,2,A,,,,4,3.1,2.18,3.7,2.98,2.05,4.3,3.15,2.16,3.7,3,2
ROU,Superliga,2025/2026,12/04/2026,19:00,CFR Cluj,Dinamo Bucuresti,1,1,D,,,,2.5,3.2,3,2.4,3.05,2.83,2.66,3.2,3.1,2.38,3,2.75
ROU,Superliga,2025/2026,13/04/2026,13:30,Metaloglobus Bucharest,Csikszereda M. Ciuc,0,1,A,,,,3.3,3.3,2.25,3.18,3.18,2.14,3.75,3.4,2.24,3.2,3.1,2.1
ROU,Superliga,2025/2026,13/04/2026,16:30,FC Rapid Bucuresti,FC Arges,0,0,D,,,,1.87,3.4,4.75,1.82,3.22,4.23,1.92,3.45,4.9,1.8,3.1,4.2
ROU,Superliga,2025/2026,13/04/2026,19:30,U. Cluj,Univ. Craiova,4,0,H,,,,3.1,3.1,2.54,2.88,2.97,2.41,3.2,3.15,2.6,2.8,3,2.38
ROU,Superliga,2025/2026,17/04/2026,15:30,Otelul,UTA Arad,1,0,H,,,,2.42,3.25,3.2,2.32,3.09,2.9,,,,2.3,2.88,3
ROU,Superliga,2025/2026,17/04/2026,18:30,FC Arges,CFR Cluj,0,1,A,,,,3.25,3,2.45,3.04,2.9,2.33,,,,3,2.9,2.25
ROU,Superliga,2025/2026,18/04/2026,12:30,Csikszereda M. Ciuc,Unirea Slobozia,3,2,H,,,,1.98,3.5,4.5,1.85,3.28,3.93,,,,1.8,3.3,3.9
ROU,Superliga,2025/2026,18/04/2026,19:00,Dinamo Bucuresti,U. Cluj,2,1,H,,,,2.25,3.6,3.15,2.16,3.4,2.92,,,,2.25,3.25,2.8
ROU,Superliga,2025/2026,19/04/2026,16:15,Petrolul,FC Hermannstadt,1,1,D,,,,2.14,3.15,4,2.05,2.95,3.68,,,,2,3,3.4
ROU,Superliga,2025/2026,19/04/2026,19:00,Univ. Craiova,FC Rapid Bucuresti,1,0,H,,,,1.84,3.6,5,1.76,3.37,4.27,,,,1.75,3.3,4.2
ROU,Superliga,2025/2026,20/04/2026,15:30,FC Botosani,Metaloglobus Bucharest,3,2,H,,,,1.41,5,7.5,1.38,4.49,6.74,,,,1.38,4.33,6.25
ROU,Superliga,2025/2026,20/04/2026,18:30,Farul Constanta,FCSB,2,3,A,,,,4.25,3.8,1.96,3.59,3.49,1.88,,,,3.6,3.3,1.9
ROU,Superliga,2025/2026,24/04/2026,15:30,FC Hermannstadt,Csikszereda M. Ciuc,0,0,D,,,,1.85,3.75,4.75,1.72,3.53,4.26,,,,1.85,3.6,3.4
ROU,Superliga,2025/2026,24/04/2026,18:30,FCSB,Petrolul,3,1,H,,,,1.7,4,5,1.62,3.67,4.73,,,,1.62,3.4,4.75
ROU,Superliga,2025/2026,25/04/2026,13:00,FC Botosani,Otelul,1,1,D,,,,1.94,3.45,4.1,1.85,3.3,3.88,,,,1.85,3.2,3.8
ROU,Superliga,2025/2026,25/04/2026,18:30,CFR Cluj,U. Cluj,1,0,H,,,,2.45,3.3,3,2.38,3.18,2.73,,,,2.45,3.2,2.55
ROU,Superliga,2025/2026,26/04/2026,12:00,UTA Arad,Farul Constanta,0,0,D,,,,2.45,3.3,3,2.33,3.21,2.74,,,,2.4,3.1,2.6
ROU,Superliga,2025/2026,26/04/2026,19:00,Dinamo Bucuresti,FC Rapid Bucuresti,3,1,H,,,,2.66,3.2,2.66,2.56,3.03,2.61,,,,2.55,3.1,2.63
ROU,Superliga,2025/2026,27/04/2026,15:30,Metaloglobus Bucharest,Unirea Slobozia,1,1,D,,,,2.95,3.5,2.42,2.82,3.2,2.29,,,,2.8,3.1,2.25
ROU,Superliga,2025/2026,27/04/2026,18:30,FC Arges,Univ. Craiova,0,1,A,,,,5.8,3.6,1.7,5.08,3.31,1.67,,,,5.25,3.1,1.65
ROU,Superliga,2025/2026,01/05/2026,18:30,Csikszereda M. Ciuc,FCSB,1,0,H,,,,6.5,4.5,22,6.3,4.37,4.83,,,,6.25,4.33,1.4
ROU,Superliga,2025/2026,02/05/2026,13:00,Otelul,Metaloglobus Bucharest,2,2,D,,,,1.35,4.8,22,1.33,4.6,9.75,,,,1.33,4.75,6.5
ROU,Superliga,2025/2026,02/05/2026,15:30,Farul Constanta,FC Botosani,1,1,D,,,,2.05,3.5,22,1.98,3.46,6.4,,,,1.95,3.5,3.5
ROU,Superliga,2025/2026,02/05/2026,18:30,U. Cluj,FC Arges,1,0,H,,,,1.69,3.5,22,1.65,3.48,7.63,,,,1.67,3.5,4.75
ROU,Superliga,2025/2026,03/05/2026,16:15,Petrolul,UTA Arad,1,1,D,,,,2.05,3.25,22,2.02,3,6.75,,,,2,3.25,3.5
ROU,Superliga,2025/2026,03/05/2026,19:00,Univ. Craiova,Dinamo Bucuresti,2,1,H,,,,1.71,3.4,22,1.68,3.35,7.62,,,,1.65,3.3,4.75
ROU,Superliga,2025/2026,04/05/2026,15:30,Unirea Slobozia,FC Hermannstadt,2,2,D,,,,3.5,3.25,22,3.33,3.1,5.41,,,,3.2,3.25,2.1
ROU,Superliga,2025/2026,04/05/2026,18:30,FC Rapid Bucuresti,CFR Cluj,1,2,A,,,,2.35,3.4,3.15,2.26,3.16,2.91,,,,2.25,3.2,2.88
ROU,Superliga,2025/2026,08/05/2026,16:00,UTA Arad,Csikszereda M. Ciuc,1,0,H,,,,1.78,4,4.6,1.67,3.73,4.29,1.74,4,5.3,1.65,3.7,4.5
ROU,Superliga,2025/2026,08/05/2026,19:00,CFR Cluj,Univ. Craiova,0,0,D,,,,3.5,3.3,2.23,3.2,3.1,2.14,3.6,3.3,2.3,3.2,3.2,2.1
ROU,Superliga,2025/2026,09/05/2026,16:00,Otelul,Farul Constanta,3,2,H,,,,2.45,3.25,3.1,2.31,3.14,2.87,2.52,3.3,3.25,2.45,3.1,2.75
ROU,Superliga,2025/2026,09/05/2026,19:00,U. Cluj,FC Rapid Bucuresti,1,0,H,,,,1.83,3.75,4.75,1.75,3.47,4.33,,,,1.73,3.4,4.5
ROU,Superliga,2025/2026,10/05/2026,14:00,FC Botosani,Petrolul,1,1,D,,,,2.6,3.25,2.8,2.5,3.14,2.67,,,,2.6,3.1,2.6
ROU,Superliga,2025/2026,10/05/2026,17:00,Dinamo Bucuresti,FC Arges,2,1,H,,,,1.66,3.66,6,1.61,3.53,5.32,,,,1.57,3.4,6
ROU,Superliga,2025/2026,11/05/2026,16:00,Metaloglobus Bucharest,FC Hermannstadt,2,2,D,,,,8,5.5,1.44,7.22,4.81,1.33,9.2,5.6,1.38,7,4.75,1.33
ROU,Superliga,2025/2026,11/05/2026,19:00,FCSB,Unirea Slobozia,0,0,D,,,,1.2,7.5,15,1.17,6.29,11.88,1.23,7.4,17.5,1.17,7,11
ROU,Superliga,2025/2026,15/05/2026,18:30,FC Arges,FC Rapid Bucuresti,2,2,D,,,,3.25,3.25,2.38,3.04,3.08,2.24,2.5,3.25,2.4,2.88,3.25,2.2
ROU,Superliga,2025/2026,16/05/2026,16:30,Csikszereda M. Ciuc,FC Botosani,2,0,H,,,,2.75,3.6,2.66,2.54,3.29,2.45,2.7,3.5,2.78,2.5,3.25,2.4
ROU,Superliga,2025/2026,16/05/2026,19:00,Dinamo Bucuresti,CFR Cluj,0,0,D,,,,2.16,3.6,3.5,2.02,3.33,3.27,2.1,3.8,3.65,1.95,3.4,3.25
ROU,Superliga,2025/2026,17/05/2026,18:30,Univ. Craiova,U. Cluj,5,0,H,,,,1.88,3.45,4.5,1.83,3.21,4.12,1.93,3.45,5,1.8,3.2,4
ROU,Superliga,2025/2026,18/05/2026,18:30,Farul Constanta,Metaloglobus Bucharest,0,1,A,,,,1.29,6.5,11,1.24,5.83,8.45,1.3,7.2,10,1.27,5.75,7
ROU,Superliga,2025/2026,18/05/2026,18:30,FC Hermannstadt,FCSB,2,0,H,,,,1.95,3.75,3.9,1.86,3.57,3.55,2,3.8,3.95,1.85,3.75,3.3
ROU,Superliga,2025/2026,18/05/2026,18:30,Petrolul,Otelul,1,5,A,,,,1.83,3.65,5.5,1.72,3.32,4.63,1.86,3.65,5,1.73,3.2,4.5
ROU,Superliga,2025/2026,18/05/2026,18:30,Unirea Slobozia,UTA Arad,0,1,A,,,,2.75,3.6,2.9,2.57,3.28,2.47,2.88,3.65,2.58,2.63,3.3,2.35
ROU,Superliga,2025/2026,22/05/2026,18:30,CFR Cluj,FC Arges,1,1,D,,,,1.78,3.6,4.75,1.73,3.38,4.36,1.83,3.8,5,1.75,3.3,4.2
ROU,Superliga,2025/2026,23/05/2026,15:30,Chindia Targoviste,Farul Constanta,3,3,D,,,,4.9,3.66,1.74,4.54,3.45,1.69,5.6,3.8,1.73,4.2,3.5,1.7
ROU,Superliga,2025/2026,23/05/2026,18:30,U. Cluj,Dinamo Bucuresti,1,1,D,,,,2.5,3.35,3.15,2.34,3.18,2.79,2.62,3.15,3.1,2.38,3.25,2.6
ROU,Superliga,2025/2026,24/05/2026,15:30,FC Hermannstadt,FC Voluntari,3,2,H,,,,2.08,3.25,4.1,1.97,3.11,3.7,2.12,3.2,4,2.05,3.1,3.5
ROU,Superliga,2025/2026,24/05/2026,18:30,FCSB,FC Botosani,3,3,D,,,,1.47,4.5,6.5,1.44,4.26,5.89,1.48,4.8,7.6,1.45,3.9,5.75
ROU,Superliga,2025/2026,25/05/2026,18:30,FC Rapid Bucuresti,Univ. Craiova,0,0,D,,,,2.66,3.2,2.8,2.52,3.11,2.63,2.82,3.2,2.94,2.5,3.1,2.5
ROU,Superliga,2025/2026,29/05/2026,18:30,Dinamo Bucuresti,FCSB,1,1,D,,,,2.71,3.3,2.75,2.49,3.09,2.65,2.76,3.35,2.9,2.63,3,2.63
ROU,Superliga,2025/2026,31/05/2026,18:30,Farul Constanta,Chindia Targoviste,1,1,D,,,,1.36,5.33,8.6,1.32,4.64,7.83,1.36,5.2,11.5,1.33,4.5,8.5
ROU,Superliga,2025/2026,01/06/2026,18:30,FC Voluntari,FC Hermannstadt,3,0,H,,,,2.62,3.25,2.9,2.4,3.09,2.76,2.64,3.3,3.1,2.3,3.25,2.88
ROU,Superliga,2026/2027,17/07/2026,16:30,FC Voluntari,FC Botosani,2,2,D,,,,2.45,3.1,3.33,2.3,3,2.98,2.5,3.1,3.4,2.45,3,2.8
ROU,Superliga,2026/2027,17/07/2026,19:30,FCSB,FC Arges,2,0,H,,,,1.62,4.1,5,1.58,3.79,4.86,1.7,4,5.9,1.57,4,4.75
ROU,Superliga,2026/2027,18/07/2026,16:30,Otelul,CFR Cluj,2,1,H,,,,3.15,3.2,2.3,3,3.09,2.24,3.25,3.3,2.46,3,3.2,2.3
ROU,Superliga,2026/2027,18/07/2026,19:15,Univ. Craiova,UTA Arad,4,0,H,,,,1.75,4,4.8,1.67,3.74,4.28,1.79,4.3,4.6,1.62,3.8,4.75
ROU,Superliga,2026/2027,19/07/2026,15:00,U. Cluj,Farul Constanta,2,1,H,,,,2.16,3.4,3.4,2.09,3.22,3.19,2.26,3.4,3.75,2.15,3.4,3
ROU,Superliga,2026/2027,19/07/2026,17:30,Petrolul,Dinamo Bucuresti,1,0,H,,,,4.4,3.3,1.94,4.07,3.2,1.84,4.9,3.5,1.93,4.1,3.2,1.85
ROU,Superliga,2026/2027,20/07/2026,16:30,Corvinul,Csikszereda M. Ciuc,3,0,H,,,,2.1,3.4,4,1.94,3.23,3.63,2,3.45,4.4,1.9,3.3,3.6
ROU,Superliga,2026/2027,20/07/2026,19:30,FC Rapid Bucuresti,Sepsi Sf. Gheorghe,1,0,H,,,,1.63,3.9,5.33,1.61,3.61,4.87,,,,1.62,3.5,4.5
ROU,Superliga,2026/2027,24/07/2026,16:30,UTA Arad,Otelul,2,2,D,,,,2.05,3.35,3.8,1.99,3.18,3.47,2.14,3.4,4.1,1.91,3.2,3.4
ROU,Superliga,2026/2027,24/07/2026,19:30,FC Arges,Petrolul,1,0,H,,,,2.05,3.1,4.25,1.94,3,3.88,,,,1.9,3,4.1
ROU,Superliga,2026/2027,25/07/2026,15:30,Farul Constanta,Corvinul,2,0,H,,,,2.3,3.25,3.15,2.23,3.14,2.95,2.44,3.35,3.35,2.2,3.2,2.88
ROU,Superliga,2026/2027,25/07/2026,18:30,Dinamo Bucuresti,Univ. Craiova,5,1,H,,,,2.7,3.15,2.71,2.56,3.05,2.61,2.82,3.3,2.86,2.5,3.1,2.6
ROU,Superliga,2026/2027,26/07/2026,15:30,Sepsi Sf. Gheorghe,U. Cluj,1,0,H,,,,2.5,3.15,2.9,2.4,3.04,2.76,2.72,3.15,3.1,2.3,3.1,2.8
ROU,Superliga,2026/2027,26/07/2026,18:30,Csikszereda M. Ciuc,FCSB,0,2,A,,,,3.9,3.6,1.88,3.69,3.47,1.83,4.1,3.8,2,3.4,3.6,1.85
ROU,Superliga,2026/2027,27/07/2026,16:30,CFR Cluj,FC Voluntari,5,0,H,,,,1.85,3.5,4.5,1.79,3.39,4.02,1.91,3.85,4.5,1.8,3.4,3.75
ROU,Superliga,2026/2027,27/07/2026,19:30,FC Botosani,FC Rapid Bucuresti,1,1,D,,,,3,3.25,2.36,2.92,3.1,2.28,3.3,3.35,2.46,2.8,3.1,2.3
ROU,Superliga,2026/2027,31/07/2026,16:30,FC Arges,Csikszereda M. Ciuc,1,0,H,,,,1.7,3.6,5.5,1.62,3.44,5.06,1.7,3.8,6.2,1.57,3.4,5.25
ROU,Superliga,2026/2027,31/07/2026,19:30,Otelul,Dinamo Bucuresti,1,1,D,,,,3.4,3.25,2.3,3.12,3.15,2.16,3.35,3.45,2.4,3,3.2,2.15
ROU,Superliga,2026/2027,01/08/2026,16:30,FC Voluntari,UTA Arad,1,0,H,,,,2.76,3.2,2.7,2.68,3.04,2.49,2.96,3.3,2.72,2.75,2.9,2.45
ROU,Superliga,2026/2027,01/08/2026,19:30,Univ. Craiova,Petrolul,4,0,H,,,,1.34,5,10,1.3,4.57,8.61,1.35,5.4,12.5,1.3,4.5,7.5
ROU,Superliga,2026/2027,02/08/2026,16:30,Corvinul,Sepsi Sf. Gheorghe,1,1,D,,,,2.22,3.15,3.5,2.17,2.96,3.28,2.34,3.1,3.8,2.2,2.9,3.2
ROU,Superliga,2026/2027,02/08/2026,19:30,FC Rapid Bucuresti,CFR Cluj,3,1,H,,,,2.1,3.35,3.85,2.01,3.17,3.45,2.18,3.45,3.85,2,3,3.5
ROU,Superliga,2026/2027,03/08/2026,16:30,U. Cluj,FC Botosani,2,1,H,,,,2,3.55,4,1.93,3.38,3.51,2.08,3.6,4,1.9,3.4,3.3
ROU,Superliga,2026/2027,03/08/2026,19:30,FCSB,Farul Constanta,2,2,D,,,,1.58,4.25,5.5,1.55,3.97,4.87,1.66,4.4,5.7,1.57,3.75,4.75
ROU,Superliga,2026/2027,07/08/2026,19:00,UTA Arad,FC Rapid Bucuresti,0,0,D,,,,2.75,3.2,2.66,2.55,3.09,2.59,2.84,3.35,2.82,2.5,3.1,2.6
ROU,Superliga,2026/2027,08/08/2026,16:30,Farul Constanta,Csikszereda M. Ciuc,3,2,H,,,,1.5,4.33,6.5,1.45,4.12,5.81,1.53,4.5,7.4,1.45,4,5.75
ROU,Superliga,2026/2027,08/08/2026,19:30,Dinamo Bucuresti,FC Voluntari,4,0,H,,,,1.55,4.33,5.8,1.5,3.96,5.35,1.58,4.4,6.8,1.5,3.8,5.5
ROU,Superliga,2026/2027,09/08/2026,16:30,Petrolul,Otelul,1,0,H,,,,2.7,3.1,2.7,2.6,3,2.57,2.78,3.25,2.94,2.55,3,2.6
ROU,Superliga,2026/2027,09/08/2026,19:30,Univ. Craiova,FC Arges,0,1,A,,,,1.5,4,7.2,1.47,3.78,6.18,,,,1.45,3.6,6.5
ROU,Superliga,2026/2027,10/08/2026,16:30,FC Botosani,Corvinul,0,0,D,,,,2.45,3.2,3,2.33,3.06,2.86,2.44,3.35,3.35,2.3,3,2.8
ROU,Superliga,2026/2027,10/08/2026,19:30,Sepsi Sf. Gheorghe,FCSB,0,0,D,,,,4.2,3.5,1.85,3.96,3.35,1.8,4.7,3.7,1.91,3.75,3.3,1.8
ROU,Superliga,2026/2027,14/08/2026,16:30,FC Voluntari,Petrolul,1,2,A,,,,2.2,3.1,3.6,2.1,3.05,3.41,2.18,3.45,3.85,2.05,3,3.6
ROU,Superliga,2026/2027,14/08/2026,19:30,FC Arges,Farul Constanta,1,1,D,,,,2.38,3.1,3.3,2.32,2.9,3.06,2.5,3,3.55,2.3,3,3
ROU,Superliga,2026/2027,15/08/2026,16:30,Csikszereda M. Ciuc,Sepsi Sf. Gheorghe,0,0,D,,,,3.3,3.2,2.25,3.22,3.1,2.14,3.7,3.3,2.3,3.25,3.2,2.15
ROU,Superliga,2026/2027,15/08/2026,19:30,FC Rapid Bucuresti,Dinamo Bucuresti,0,1,A,,,,2.63,3.2,2.75,2.53,3.11,2.61,2.76,3.25,2.94,2.63,3,2.55
ROU,Superliga,2026/2027,16/08/2026,16:30,Otelul,Univ. Craiova,1,1,D,,,,4.2,3.4,1.91,3.87,3.33,1.86,4.6,3.55,1.95,3.75,3.3,1.9
ROU,Superliga,2026/2027,16/08/2026,19:30,Corvinul,CFR Cluj,3,0,H,,,,2.8,3.2,2.55,2.67,3.1,2.47,2.94,3.35,2.64,2.75,3.1,2.5
ROU,Superliga,2026/2027,17/08/2026,16:30,U. Cluj,UTA Arad,2,1,H,,,,2.02,3.5,3.8,1.96,3.23,3.53,2.12,3.45,4.1,1.95,3.4,3.4
ROU,Superliga,2026/2027,17/08/2026,19:30,FCSB,FC Botosani,3,2,H,,,,1.52,4.6,6,1.46,4.25,5.57,1.53,4.8,6.8,1.48,4.1,5.75
ROU,Superliga,2026/2027,21/08/2026,18:30,Petrolul,FC Rapid Bucuresti,0,2,A,,,,3.5,3.2,2.15,3.38,3.1,2.08,3.9,3.4,2.2,3.5,3.1,2.1
ROU,Superliga,2026/2027,22/08/2026,16:30,UTA Arad,Corvinul,0,0,D,,,,2.38,3.6,3.6,2.24,3.17,2.99,2.3,3.55,3.35,2.35,3.1,3
ROU,Superliga,2026/2027,22/08/2026,19:30,Dinamo Bucuresti,U. Cluj,2,1,H,,,,1.83,3.8,4.2,1.79,3.51,3.95,1.9,3.85,4.6,1.8,3.5,4
ROU,Superliga,2026/2027,23/08/2026,14:00,Sepsi Sf. Gheorghe,Farul Constanta,1,1,D,,,,2.75,3.2,2.7,2.59,3.05,2.6,2.86,3.1,2.92,2.55,3,2.7
ROU,Superliga,2026/2027,23/08/2026,16:30,Univ. Craiova,FC Voluntari,3,1,H,,,,1.44,4.75,7.1,1.4,4.37,6.49,1.44,5,8.6,1.42,4.33,6.5
ROU,Superliga,2026/2027,23/08/2026,19:30,CFR Cluj,FCSB,1,0,H,,,,4.1,3.75,1.85,3.82,3.57,1.8,4.4,4,1.89,3.9,3.6,1.8
ROU,Superliga,2026/2027,24/08/2026,16:30,FC Botosani,Csikszereda M. Ciuc,1,0,H,,,,1.73,4,5,1.65,3.74,4.51,1.76,4,5.2,1.62,3.7,5
ROU,Superliga,2026/2027,24/08/2026,19:30,Otelul,FC Arges,1,0,H,,,,2.64,2.95,3,2.52,2.84,2.86,2.74,2.92,3.25,2.5,2.88,2.9
ROU,Superliga,2026/2027,28/08/2026,16:00,FC Voluntari,Otelul,2,2,D,,,,2.75,3.25,2.6,2.62,3.13,2.53,2.86,3.3,2.76,2.55,3,2.55
ROU,Superliga,2026/2027,28/08/2026,19:00,U. Cluj,Petrolul,2,3,A,,,,1.65,3.9,5,1.6,3.75,4.88,1.67,4.1,5.9,1.6,3.5,4.75
ROU,Superliga,2026/2027,29/08/2026,14:00,Csikszereda M. Ciuc,CFR Cluj,2,3,A,,,,3.7,3.5,2,3.51,3.35,1.94,3.9,3.5,2.08,3.4,3.3,1.95
ROU,Superliga,2026/2027,29/08/2026,16:30,FC Arges,Sepsi Sf. Gheorghe,0,1,A,,,,2.3,3,3.6,2.26,2.88,3.27,2.18,3,3.9,2.2,2.8,3.2
ROU,Superliga,2026/2027,29/08/2026,19:30,Corvinul,Dinamo Bucuresti,1,1,D,,,,3.1,3.3,2.36,2.96,3.09,2.29,3.3,3.2,2.48,2.8,3.1,2.25
ROU,Superliga,2026/2027,30/08/2026,14:00,Farul Constanta,FC Botosani,0,0,D,,,,2.08,3.8,3.45,2,3.59,3.15,2.18,4.1,3.25,2.05,3.5,3
ROU,Superliga,2026/2027,30/08/2026,19:00,FCSB,UTA Arad,1,3,A,,,,1.75,3.75,4.75,1.69,3.64,4.3,1.82,3.95,4.7,1.7,3.5,4.2
ROU,Superliga,2026/2027,31/08/2026,18:30,FC Rapid Bucuresti,Univ. Craiova,1,1,D,,,,3.4,3.4,2.2,3.25,3.21,2.11,3.6,3.5,2.24,3.25,3.2,2.05
ROU,Superliga,2026/2027,04/09/2026,18:30,CFR Cluj,Farul Constanta,0,0,D,,,,2.25,3.3,3.3,2.19,3.13,3.07,2.38,3.3,3.4,2.15,3.1,3.1
ROU,Superliga,2026/2027,05/09/2026,13:00,FC Botosani,Sepsi Sf. Gheorghe,5,0,H,,,,2.12,3.4,3.4,2.05,3.24,3.28,2.16,3.4,3.7,2.05,3.2,3.3
ROU,Superliga,2026/2027,05/09/2026,15:30,UTA Arad,Csikszereda M. Ciuc,5,1,H,,,,1.58,4,5.5,1.54,3.78,5.33,1.61,4.1,6.6,1.55,3.6,5.25
ROU,Superliga,2026/2027,05/09/2026,18:30,Dinamo Bucuresti,FCSB,2,1,H,,,,2.4,3.3,2.9,2.29,3.21,2.82,2.46,3.35,3.15,2.3,3.2,2.7
ROU,Superliga,2026/2027,06/09/2026,13:00,Petrolul,Corvinul,2,0,H,,,,2.55,3.2,2.85,2.48,3.06,2.7,2.7,3.2,3,2.5,2.9,2.75
ROU,Superliga,2026/2027,06/09/2026,18:30,Otelul,FC Rapid Bucuresti,0,1,A,,,,3.4,3.2,2.25,3.18,3.11,2.16,3.65,3.3,2.3,3.1,3,2.15
ROU,Superliga,2026/2027,07/09/2026,15:30,FC Voluntari,FC Arges,1,0,H,,,,2.75,3,2.75,2.67,2.86,2.67,2.92,3,2.98,2.6,2.8,2.7
ROU,Superliga,2026/2027,07/09/2026,18:30,Univ. Craiova,U. Cluj,4,0,H,,,,1.62,4.2,5,1.56,3.95,4.75,1.64,4.4,5.8,1.55,3.6,5
ROU,Superliga,2026/2027,11/09/2026,16:00,Farul Constanta,UTA Arad,4,2,H,,,,2.25,3.3,3.25,2.2,3.14,3.05,2.42,3.3,3.35,2.15,3.1,3
ROU,Superliga,2026/2027,11/09/2026,19:00,Csikszereda M. Ciuc,Dinamo Bucuresti,1,3,A,,,,6,4.2,1.52,5.79,3.99,1.47,7.2,4.3,1.57,5.75,3.75,1.48
ROU,Superliga,2026/2027,12/09/2026,16:30,Sepsi Sf. Gheorghe,CFR Cluj,3,1,H,,,,2.65,3.15,2.8,2.52,2.98,2.71,2.76,3.1,3.05,2.45,3,2.75
ROU,Superliga,2026/2027,12/09/2026,19:30,FC Rapid Bucuresti,FC Voluntari,2,1,H,,,,1.45,4.5,7.6,1.39,4.19,6.93,1.49,4.6,8.4,1.4,3.8,7
ROU,Superliga,2026/2027,13/09/2026,13:00,FC Arges,FC Botosani,1,1,D,,,,2.38,3.2,3.1,2.3,3.09,2.91,2.42,3.3,3.35,2.3,3,2.9
ROU,Superliga,2026/2027,13/09/2026,18:30,Corvinul,Univ. Craiova,0,1,A,,,,5,3.7,1.8,4.58,3.5,1.68,5.3,3.8,1.78,4.33,3.4,1.67
ROU,Superliga,2026/2027,14/09/2026,16:00,U. Cluj,Otelul,3,0,H,,,,1.55,4.2,5.75,1.52,3.93,5.26,1.63,4.3,6.2,1.53,3.8,5
ROU,Superliga,2026/2027,14/09/2026,19:00,FCSB,Petrolul,2,2,D,,,,1.38,4.8,7.5,1.35,4.62,6.98,1.43,5.2,8.6,1.33,4.5,7
ROU,Superliga,2026/2027,18/09/2026,16:00,UTA Arad,Sepsi Sf. Gheorghe,1,0,H,,,,2.05,3.6,4.5,1.78,3.38,4.14,1.86,3.7,4.8,1.75,3.3,4
ROU,Superliga,2026/2027,18/09/2026,19:00,FC Rapid Bucuresti,FC Arges,3,1,H,,,,1.55,4,6.66,1.52,3.65,5.99,1.59,3.95,7.8,1.53,3.5,5.5
ROU,Superliga,2026/2027,19/09/2026,15:30,CFR Cluj,FC Botosani,3,1,H,,,,2.2,3.45,3.3,2.08,3.31,3.13,2.18,3.6,3.65,2.05,3.25,3.1
ROU,Superliga,2026/2027,19/09/2026,18:30,Univ. Craiova,FCSB,5,0,H,,,,1.73,3.8,4.75,1.67,3.65,4.39,1.75,4.1,5.1,1.65,3.5,4.33
ROU,Superliga,2026/2027,20/09/2026,12:00,FC Voluntari,U. Cluj,0,2,A,,,,3.3,3.5,2.15,3.19,3.38,2.03,3.65,3.6,2.18,3.1,3.4,1.95
ROU,Superliga,2026/2027,20/09/2026,18:30,Dinamo Bucuresti,Farul Constanta,4,0,H,,,,1.73,3.9,5,1.66,3.68,4.42,1.77,4,5.2,1.67,3.6,4.33
ROU,Superliga,2026/2027,21/09/2026,16:00,Otelul,Corvinul,2,3,A,,,,2.9,3,2.62,2.79,2.87,2.51,3.05,3,2.84,2.75,2.9,2.4
ROU,Superliga,2026/2027,21/09/2026,19:00,Petrolul,Csikszereda M. Ciuc,2,0,H,,,,1.51,4.2,6.5,1.48,3.98,5.73,1.57,4.4,6.8,1.48,3.8,5.5
