Country,League,Season,Date,Time,Home,Away,HG,AG,Res,PSCH,PSCD,PSCA,MaxCH,MaxCD,MaxCA,AvgCH,AvgCD,AvgCA,HS,AS,HST,AST,HF,AF,HC,AC
RUS,Premier League,2020/2021,08/08/2020,14:00,Khimki,CSKA Moscow,0,2,A,4.69,3.48,1.79,6.15,3.7,1.84,4.63,3.5,1.78,,,,,,,,
RUS,Premier League,2020/2021,08/08/2020,16:30,Tambov,FK Rostov,0,1,A,3.7,3.16,2.12,4.06,3.65,2.17,3.67,3.24,2.07,,,,,,,,
RUS,Premier League,2020/2021,09/08/2020,15:00,Ufa,Krasnodar,0,3,A,4.13,3.15,2.01,4.51,3.46,2.07,4.04,3.15,2,,,,,,,,
RUS,Premier League,2020/2021,09/08/2020,17:00,Arsenal Tula,Akhmat Grozny,0,0,D,2.53,2.96,3.08,2.73,3.38,3.14,2.48,3.07,2.96,,,,,,,,
RUS,Premier League,2020/2021,09/08/2020,18:00,Spartak Moscow,Sochi,2,2,D,1.61,3.93,5.39,1.73,4.35,6,1.62,3.82,5.36,,,,,,,,
RUS,Premier League,2020/2021,10/08/2020,15:00,Ural,Dynamo Moscow,0,2,A,3.54,3.13,2.19,3.84,3.41,2.27,3.5,3.17,2.16,,,,,,,,
RUS,Premier League,2020/2021,11/08/2020,16:00,R. Volgograd,Zenit,0,2,A,8.74,4.9,1.35,11.5,5.7,1.36,8.98,5.07,1.32,,,,,,,,
RUS,Premier League,2020/2021,11/08/2020,18:00,Rubin Kazan,Lokomotiv Moscow,0,2,A,3.21,3.16,2.32,3.41,3.26,2.6,3.1,3.11,2.39,,,,,,,,
RUS,Premier League,2020/2021,14/08/2020,16:00,Arsenal Tula,Ufa,2,3,A,2.34,2.9,3.5,2.5,2.98,3.81,2.35,2.86,3.46,,,,,,,,
RUS,Premier League,2020/2021,14/08/2020,17:00,Sochi,Khimki,1,1,D,1.92,3.36,4.2,2.03,3.58,4.5,1.92,3.34,4.09,,,,,,,,
RUS,Premier League,2020/2021,14/08/2020,18:00,Spartak Moscow,Akhmat Grozny,2,0,H,1.69,3.65,5.09,1.75,4.1,6.4,1.66,3.77,5.14,,,,,,,,
RUS,Premier League,2020/2021,15/08/2020,13:30,Dynamo Moscow,R. Volgograd,0,0,D,1.68,3.43,5.74,1.75,3.58,6.95,1.69,3.37,5.7,,,,,,,,
RUS,Premier League,2020/2021,15/08/2020,13:30,Rubin Kazan,Ural,1,1,D,1.81,3.48,4.61,1.84,3.84,5.9,1.75,3.49,4.91,,,,,,,,
RUS,Premier League,2020/2021,15/08/2020,16:00,CSKA Moscow,Tambov,2,1,H,1.42,4.16,8.47,1.52,4.65,9.7,1.45,4.15,7.5,,,,,,,,
RUS,Premier League,2020/2021,15/08/2020,17:00,Lokomotiv Moscow,Krasnodar,1,0,H,2.96,3.2,2.45,3.2,3.56,2.55,2.96,3.23,2.4,,,,,,,,
RUS,Premier League,2020/2021,15/08/2020,18:00,FK Rostov,Zenit,0,2,A,4.16,3.5,1.88,4.77,3.84,1.94,4.21,3.55,1.84,,,,,,,,
RUS,Premier League,2020/2021,18/08/2020,16:00,Sochi,Rubin Kazan,3,2,H,2.45,3.04,3.1,2.52,3.32,3.28,2.42,3.04,3.1,,,,,,,,
RUS,Premier League,2020/2021,18/08/2020,17:00,Tambov,Khimki,1,0,H,2.77,3.01,2.68,2.95,3.2,2.84,2.78,3.03,2.67,,,,,,,,
RUS,Premier League,2020/2021,18/08/2020,18:00,Krasnodar,Arsenal Tula,2,0,H,1.43,4.42,7.17,1.45,5.15,8.5,1.42,4.58,7.06,,,,,,,,
RUS,Premier League,2020/2021,19/08/2020,14:00,Ufa,Spartak Moscow,1,1,D,4,3.17,2.03,4.41,3.35,2.12,3.99,3.12,2.03,,,,,,,,
RUS,Premier League,2020/2021,19/08/2020,14:00,Ural,Lokomotiv Moscow,1,1,D,4.79,3.49,1.77,5.49,3.83,1.83,4.64,3.52,1.77,,,,,,,,
RUS,Premier League,2020/2021,19/08/2020,16:00,Akhmat Grozny,R. Volgograd,3,1,H,2.28,2.92,3.79,2.41,3.12,4.21,2.23,2.9,3.69,,,,,,,,
RUS,Premier League,2020/2021,19/08/2020,17:00,Dynamo Moscow,FK Rostov,2,0,H,2.19,3,3.89,2.24,3.38,4.1,2.11,3.07,3.81,,,,,,,,
RUS,Premier League,2020/2021,19/08/2020,18:00,Zenit,CSKA Moscow,2,1,H,1.82,3.78,4.31,1.9,3.92,5.23,1.81,3.65,4.26,,,,,,,,
RUS,Premier League,2020/2021,22/08/2020,12:00,Ural,Krasnodar,1,0,H,5.62,4.03,1.61,6.4,4.47,1.64,5.44,3.98,1.59,,,,,,,,
RUS,Premier League,2020/2021,22/08/2020,14:00,Khimki,Akhmat Grozny,1,2,A,2.64,3.11,2.89,2.81,3.26,3.02,2.58,3.07,2.84,,,,,,,,
RUS,Premier League,2020/2021,22/08/2020,15:30,Arsenal Tula,Dynamo Moscow,2,0,H,4.51,3.27,1.93,4.92,3.38,2,4.36,3.22,1.91,,,,,,,,
RUS,Premier League,2020/2021,22/08/2020,16:00,Zenit,Tambov,4,1,H,1.15,8.19,18.87,1.25,8.19,19.5,1.2,6.64,13.24,,,,,,,,
RUS,Premier League,2020/2021,22/08/2020,18:00,CSKA Moscow,Rubin Kazan,1,2,A,1.72,3.66,5.17,1.78,3.98,5.77,1.71,3.59,4.94,,,,,,,,
RUS,Premier League,2020/2021,22/08/2020,18:00,R. Volgograd,Sochi,1,2,A,3.6,3.03,2.28,3.72,3.3,2.35,3.43,3.04,2.25,,,,,,,,
RUS,Premier League,2020/2021,23/08/2020,14:30,Ufa,FK Rostov,0,1,A,2.95,2.85,2.8,3.5,2.99,2.89,2.98,2.82,2.67,,,,,,,,
RUS,Premier League,2020/2021,23/08/2020,17:00,Spartak Moscow,Lokomotiv Moscow,2,1,H,2.53,3.1,3.05,2.68,3.3,3.16,2.51,3.09,2.91,,,,,,,,
RUS,Premier League,2020/2021,25/08/2020,16:30,Tambov,Sochi,0,1,A,3.84,3.26,2.07,4.12,3.48,2.15,3.73,3.23,2.06,,,,,,,,
RUS,Premier League,2020/2021,25/08/2020,18:30,Arsenal Tula,Khimki,1,1,D,1.87,3.41,4.5,2,3.71,5,1.87,3.39,4.32,,,,,,,,
RUS,Premier League,2020/2021,26/08/2020,16:30,Lokomotiv Moscow,Akhmat Grozny,2,3,A,1.88,3.58,4.15,1.96,3.6,4.77,1.88,3.42,4.19,,,,,,,,
RUS,Premier League,2020/2021,26/08/2020,16:30,R. Volgograd,Spartak Moscow,0,1,A,5.97,3.82,1.61,6.95,4.14,1.64,5.95,3.83,1.57,,,,,,,,
RUS,Premier League,2020/2021,26/08/2020,16:30,Rubin Kazan,Ufa,3,0,H,1.93,3.15,4.7,2.01,3.35,5,1.91,3.13,4.59,,,,,,,,
RUS,Premier League,2020/2021,26/08/2020,18:30,FK Rostov,Ural,1,0,H,1.67,3.7,5.51,1.7,3.9,6.35,1.65,3.67,5.42,,,,,,,,
RUS,Premier League,2020/2021,26/08/2020,18:30,Krasnodar,CSKA Moscow,1,1,D,2.25,3.43,3.19,2.52,3.61,3.25,2.25,3.38,3.09,,,,,,,,
RUS,Premier League,2020/2021,26/08/2020,18:45,Dynamo Moscow,Zenit,1,0,H,4.39,3.54,1.85,5.01,3.74,1.91,4.36,3.5,1.83,,,,,,,,
RUS,Premier League,2020/2021,29/08/2020,16:00,Spartak Moscow,Arsenal Tula,2,1,H,1.58,3.89,6.15,1.62,4.2,7.4,1.57,3.9,5.92,,,,,,,,
RUS,Premier League,2020/2021,29/08/2020,18:00,Khimki,R. Volgograd,1,1,D,1.96,3.25,4.31,2.15,3.38,4.6,1.97,3.21,4.12,,,,,,,,
RUS,Premier League,2020/2021,30/08/2020,12:00,Ufa,Dynamo Moscow,1,1,D,4.4,2.93,2.07,4.9,3.1,2.17,4.17,2.93,2.07,,,,,,,,
RUS,Premier League,2020/2021,30/08/2020,14:00,Lokomotiv Moscow,Zenit,0,0,D,5.17,3.84,1.67,5.55,4.2,1.73,5.03,3.87,1.66,,,,,,,,
RUS,Premier League,2020/2021,30/08/2020,16:00,Akhmat Grozny,CSKA Moscow,0,3,A,3.97,3.44,1.97,4.2,3.66,2.04,3.83,3.42,1.96,,,,,,,,
RUS,Premier League,2020/2021,30/08/2020,16:00,Rubin Kazan,Tambov,2,2,D,1.66,3.75,5.46,1.73,3.88,6.4,1.66,3.6,5.41,,,,,,,,
RUS,Premier League,2020/2021,30/08/2020,18:00,Krasnodar,FK Rostov,1,1,D,1.75,3.57,5.03,1.94,3.72,5.03,1.86,3.47,4.21,,,,,,,,
RUS,Premier League,2020/2021,30/08/2020,18:00,Sochi,Ural,0,0,D,1.64,3.92,5.38,1.7,4,6.25,1.63,3.78,5.37,,,,,,,,
RUS,Premier League,2020/2021,12/09/2020,11:45,Tambov,Ufa,2,0,H,2.7,2.8,3.21,2.81,3.03,3.3,2.64,2.78,3.05,,,,,,,,
RUS,Premier League,2020/2021,12/09/2020,14:30,Ural,Khimki,3,1,H,2.36,3.15,3.42,2.5,3.5,3.64,2.31,3.07,3.26,,,,,,,,
RUS,Premier League,2020/2021,12/09/2020,17:00,Akhmat Grozny,Sochi,0,1,A,2.5,3.28,3.05,2.6,3.46,3.13,2.46,3.17,2.92,,,,,,,,
RUS,Premier League,2020/2021,13/09/2020,14:30,Dynamo Moscow,Rubin Kazan,0,1,A,1.96,3.27,4.57,1.99,3.48,4.8,1.88,3.26,4.41,,,,,,,,
RUS,Premier League,2020/2021,13/09/2020,17:00,CSKA Moscow,Spartak Moscow,3,1,H,2.39,3.3,3.21,2.54,3.36,3.22,2.39,3.18,3.01,,,,,,,,
RUS,Premier League,2020/2021,13/09/2020,17:00,R. Volgograd,Krasnodar,0,3,A,10.7,5.37,1.32,15,5.37,1.37,9.91,4.92,1.31,,,,,,,,
RUS,Premier League,2020/2021,14/09/2020,16:30,Zenit,Arsenal Tula,3,1,H,1.28,6.07,10.95,1.31,6.6,13,1.27,5.68,10,,,,,,,,
RUS,Premier League,2020/2021,14/09/2020,18:30,FK Rostov,Lokomotiv Moscow,0,0,D,2.42,3.16,3.29,2.58,3.28,3.36,2.38,3.1,3.1,,,,,,,,
RUS,Premier League,2020/2021,18/09/2020,18:00,Krasnodar,Khimki,7,2,H,1.36,5.22,8.9,1.4,5.45,9.68,1.36,4.93,8.09,,,,,,,,
RUS,Premier League,2020/2021,19/09/2020,17:00,FK Rostov,R. Volgograd,3,0,H,,,,1.4,5.5,8.75,1.34,5.07,7.46,,,,,,,,
RUS,Premier League,2020/2021,19/09/2020,14:30,Ural,Zenit,1,1,D,8.39,5.64,1.35,9.8,5.7,1.38,8.28,5.26,1.33,,,,,,,,
RUS,Premier League,2020/2021,20/09/2020,12:00,Arsenal Tula,Sochi,3,2,H,2.83,3.1,2.8,2.93,3.18,2.88,2.75,3.02,2.71,,,,,,,,
RUS,Premier League,2020/2021,20/09/2020,12:00,Ufa,CSKA Moscow,0,1,A,4.97,3.47,1.83,6,3.68,1.88,4.83,3.34,1.8,,,,,,,,
RUS,Premier League,2020/2021,20/09/2020,14:30,Rubin Kazan,Spartak Moscow,0,2,A,3.35,3.36,2.29,3.92,3.52,2.32,3.31,3.29,2.19,,,,,,,,
RUS,Premier League,2020/2021,20/09/2020,17:00,Lokomotiv Moscow,Tambov,1,0,H,1.52,4.06,7.58,1.58,4.2,7.8,1.52,3.94,6.63,,,,,,,,
RUS,Premier League,2020/2021,21/09/2020,17:00,Dynamo Moscow,Akhmat Grozny,1,0,H,2.18,3.25,3.75,2.3,3.42,3.96,2.14,3.19,3.56,,,,,,,,
RUS,Premier League,2020/2021,26/09/2020,12:00,Tambov,Spartak Moscow,0,2,A,7.52,4.19,1.5,7.65,4.26,1.58,6.55,3.99,1.51,,,,,,,,
RUS,Premier League,2020/2021,26/09/2020,14:30,Zenit,Ufa,6,0,H,1.18,7.07,20.66,1.22,7.4,21.32,1.18,6.43,15.77,,,,,,,,
RUS,Premier League,2020/2021,26/09/2020,18:00,Sochi,Krasnodar,1,1,D,3.53,3.57,2.13,3.74,3.8,2.17,3.37,3.47,2.08,,,,,,,,
RUS,Premier League,2020/2021,27/09/2020,12:00,Arsenal Tula,FK Rostov,2,3,A,3.18,3.02,2.58,3.22,3.1,2.67,3.06,2.93,2.51,,,,,,,,
RUS,Premier League,2020/2021,27/09/2020,14:30,Akhmat Grozny,Ural,2,0,H,1.88,3.54,4.52,1.98,3.68,4.88,1.86,3.43,4.24,,,,,,,,
RUS,Premier League,2020/2021,27/09/2020,17:00,CSKA Moscow,Lokomotiv Moscow,0,1,A,2.02,3.56,3.86,2.09,3.68,4.08,1.98,3.46,3.69,,,,,,,,
RUS,Premier League,2020/2021,27/09/2020,17:00,R. Volgograd,Rubin Kazan,1,3,A,7.6,4.26,1.49,7.9,4.4,1.5,7.1,4.12,1.46,,,,,,,,
RUS,Premier League,2020/2021,28/09/2020,17:00,Khimki,Dynamo Moscow,1,0,H,5.49,3.88,1.68,5.75,3.88,1.8,5.2,3.7,1.66,,,,,,,,
RUS,Premier League,2020/2021,03/10/2020,12:00,Ufa,R. Volgograd,0,0,D,1.82,3.28,5.48,1.87,3.4,5.74,1.79,3.22,5.13,,,,,,,,
RUS,Premier League,2020/2021,03/10/2020,14:30,Tambov,Arsenal Tula,1,1,D,3.32,3.04,2.48,3.32,3.25,2.63,3.09,3.01,2.44,,,,,,,,
RUS,Premier League,2020/2021,03/10/2020,14:30,Ural,CSKA Moscow,0,2,A,5.61,4.08,1.63,6.55,4.11,1.68,5.46,3.85,1.61,,,,,,,,
RUS,Premier League,2020/2021,03/10/2020,17:00,Spartak Moscow,Zenit,1,1,D,3.7,3.5,2.09,3.91,3.66,2.15,3.5,3.42,2.06,,,,,,,,
RUS,Premier League,2020/2021,04/10/2020,12:00,Lokomotiv Moscow,Khimki,2,1,H,1.57,4,6.66,1.63,4.31,6.7,1.56,3.92,6.01,,,,,,,,
RUS,Premier League,2020/2021,04/10/2020,14:30,Rubin Kazan,Akhmat Grozny,1,1,D,1.93,3.46,4.4,1.98,3.52,4.55,1.9,3.37,4.1,,,,,,,,
RUS,Premier League,2020/2021,04/10/2020,14:30,Sochi,FK Rostov,4,2,H,2.68,2.97,3.09,2.68,3.24,3.25,2.5,2.98,3.03,,,,,,,,
RUS,Premier League,2020/2021,04/10/2020,18:00,Dynamo Moscow,Krasnodar,2,0,H,3.16,3.09,2.54,3.2,3.39,2.57,2.99,3.11,2.45,,,,,,,,
RUS,Premier League,2020/2021,17/10/2020,12:00,Zenit,Sochi,3,1,H,1.45,4.65,7.42,1.47,5.14,9.3,1.42,4.57,7.09,,,,,,,,
RUS,Premier League,2020/2021,17/10/2020,14:30,Krasnodar,Rubin Kazan,3,1,H,1.94,3.66,4.03,2.14,3.75,4.35,1.91,3.53,3.87,,,,,,,,
RUS,Premier League,2020/2021,17/10/2020,14:30,Lokomotiv Moscow,Ufa,1,0,H,1.65,3.65,6.31,1.74,3.8,6.86,1.63,3.58,5.83,,,,,,,,
RUS,Premier League,2020/2021,17/10/2020,17:00,Khimki,Spartak Moscow,2,3,A,6.56,4.39,1.52,6.81,4.33,1.75,5.27,3.88,1.63,,,,,,,,
RUS,Premier League,2020/2021,18/10/2020,12:00,Arsenal Tula,Ural,1,0,H,2.14,3.16,3.99,2.2,3.3,4.2,2.09,3.1,3.79,,,,,,,,
RUS,Premier League,2020/2021,18/10/2020,12:00,R. Volgograd,Tambov,0,2,A,3.16,2.99,2.62,3.46,3.05,2.89,3.05,2.87,2.58,,,,,,,,
RUS,Premier League,2020/2021,18/10/2020,14:30,CSKA Moscow,Dynamo Moscow,3,1,H,2.32,3.31,3.32,2.32,3.62,3.88,2.17,3.27,3.37,,,,,,,,
RUS,Premier League,2020/2021,18/10/2020,17:00,FK Rostov,Akhmat Grozny,3,0,H,2.45,3.05,3.36,2.6,3.17,3.57,2.38,3.02,3.2,,,,,,,,
RUS,Premier League,2020/2021,24/10/2020,12:00,Dynamo Moscow,Sochi,3,1,H,2.07,3.25,4.09,2.12,3.45,4.29,2.03,3.2,3.87,,,,,,,,
RUS,Premier League,2020/2021,24/10/2020,14:30,Zenit,Rubin Kazan,1,2,A,1.53,4.26,6.66,1.57,4.81,7.33,1.49,4.29,6.31,,,,,,,,
RUS,Premier League,2020/2021,24/10/2020,17:00,Krasnodar,Spartak Moscow,1,3,A,2.68,3.7,2.57,2.82,3.71,2.71,2.66,3.46,2.51,,,,,,,,
RUS,Premier League,2020/2021,24/10/2020,17:00,Lokomotiv Moscow,R. Volgograd,1,2,A,1.45,4.26,8.75,1.52,4.4,9.3,1.46,4.04,7.51,,,,,,,,
RUS,Premier League,2020/2021,25/10/2020,11:00,Ural,Tambov,0,0,D,2.14,3.1,4.09,2.22,3.26,4.09,2.12,3.02,3.81,,,,,,,,
RUS,Premier League,2020/2021,25/10/2020,13:30,FK Rostov,Khimki,0,2,A,1.83,3.6,4.71,1.89,3.74,4.98,1.79,3.5,4.52,,,,,,,,
RUS,Premier League,2020/2021,25/10/2020,16:00,Akhmat Grozny,Ufa,3,1,H,1.73,3.52,5.75,1.79,3.82,6.02,1.72,3.43,5.27,,,,,,,,
RUS,Premier League,2020/2021,26/10/2020,16:00,CSKA Moscow,Arsenal Tula,5,1,H,1.44,4.75,7.51,1.49,4.75,9,1.43,4.41,7.24,,,,,,,,
RUS,Premier League,2020/2021,31/10/2020,11:00,Rubin Kazan,Arsenal Tula,3,1,H,1.65,3.72,6.16,1.7,3.96,6.45,1.63,3.67,5.66,,,,,,,,
RUS,Premier League,2020/2021,31/10/2020,13:30,Akhmat Grozny,Krasnodar,2,0,H,2.5,3.53,2.86,2.6,3.58,3,2.43,3.41,2.8,,,,,,,,
RUS,Premier League,2020/2021,31/10/2020,13:30,Spartak Moscow,FK Rostov,0,1,A,1.88,3.45,4.7,1.88,3.6,5.51,1.8,3.43,4.68,,,,,,,,
RUS,Premier League,2020/2021,31/10/2020,16:00,Sochi,Lokomotiv Moscow,2,1,H,2.51,3.09,3.21,2.63,3.3,3.26,2.43,3.07,3.06,,,,,,,,
RUS,Premier League,2020/2021,01/11/2020,09:00,Ufa,Ural,1,2,A,2.34,2.92,3.78,2.44,3.08,3.93,2.27,2.89,3.6,,,,,,,,
RUS,Premier League,2020/2021,01/11/2020,11:00,Khimki,Zenit,0,2,A,5.38,4.19,1.6,5.85,4.45,1.65,5.23,4.07,1.6,,,,,,,,
RUS,Premier League,2020/2021,01/11/2020,13:30,R. Volgograd,CSKA Moscow,0,1,A,8.36,5.14,1.38,11.5,5.25,1.41,8.38,4.74,1.37,,,,,,,,
RUS,Premier League,2020/2021,01/11/2020,16:00,Tambov,Dynamo Moscow,1,2,A,5.59,3.43,1.77,5.89,3.5,1.89,5.1,3.31,1.77,,,,,,,,
RUS,Premier League,2020/2021,06/11/2020,16:00,Sochi,Ufa,1,1,D,1.75,3.44,5.77,1.78,3.62,6.49,1.71,3.35,5.44,,,,,,,,
RUS,Premier League,2020/2021,07/11/2020,11:00,Ural,Spartak Moscow,2,2,D,4.69,3.49,1.87,5.49,3.57,1.89,4.56,3.34,1.83,,,,,,,,
RUS,Premier League,2020/2021,07/11/2020,13:30,Arsenal Tula,R. Volgograd,1,1,D,1.94,3.42,4.37,1.94,3.61,4.79,1.86,3.36,4.42,,,,,,,,
RUS,Premier League,2020/2021,07/11/2020,16:00,Tambov,Akhmat Grozny,0,1,A,4.74,3.69,1.81,5.15,3.87,1.83,4.64,3.5,1.78,,,,,,,,
RUS,Premier League,2020/2021,08/11/2020,11:00,Khimki,Rubin Kazan,2,0,H,3.78,3.54,2.05,3.78,3.67,2.15,3.52,3.45,2.04,,,,,,,,
RUS,Premier League,2020/2021,08/11/2020,13:30,CSKA Moscow,FK Rostov,2,0,H,1.51,4.36,6.81,1.56,4.49,7.9,1.5,4.17,6.43,,,,,,,,
RUS,Premier League,2020/2021,08/11/2020,16:00,Dynamo Moscow,Lokomotiv Moscow,5,1,H,2.68,3.29,2.81,2.8,3.32,3.07,2.59,3.17,2.75,,,,,,,,
RUS,Premier League,2020/2021,08/11/2020,16:00,Zenit,Krasnodar,3,1,H,1.66,4.19,5.11,1.72,4.6,5.51,1.63,4.13,4.88,,,,,,,,
RUS,Premier League,2020/2021,21/11/2020,11:00,Krasnodar,Tambov,1,0,H,1.42,4.51,8.82,1.44,5.05,9.7,1.4,4.48,7.84,,,,,,,,
RUS,Premier League,2020/2021,21/11/2020,13:30,Akhmat Grozny,Zenit,2,2,D,4.24,3.41,1.98,4.67,3.68,1.99,4.02,3.46,1.9,,,,,,,,
RUS,Premier League,2020/2021,21/11/2020,16:00,Lokomotiv Moscow,Arsenal Tula,1,0,H,1.74,3.81,5.03,1.77,3.91,5.2,1.72,3.67,4.75,,,,,,,,
RUS,Premier League,2020/2021,21/11/2020,16:00,Spartak Moscow,Dynamo Moscow,1,1,D,2.26,3.32,3.45,2.3,3.58,3.73,2.21,3.25,3.3,,,,,,,,
RUS,Premier League,2020/2021,22/11/2020,11:00,CSKA Moscow,Sochi,1,1,D,1.61,4.22,5.54,1.68,4.4,6.25,1.61,3.99,5.18,,,,,,,,
RUS,Premier League,2020/2021,22/11/2020,13:30,R. Volgograd,Ural,0,0,D,2.92,3.13,2.7,3.15,3.2,2.79,2.83,2.99,2.64,,,,,,,,
RUS,Premier League,2020/2021,22/11/2020,16:00,Rubin Kazan,FK Rostov,0,2,A,2.59,3.2,2.99,2.71,3.34,3.04,2.49,3.12,2.9,,,,,,,,
RUS,Premier League,2020/2021,23/11/2020,14:00,Ufa,Khimki,1,2,A,2.72,3.01,3,2.93,3.09,3.01,2.7,2.91,2.85,,,,,,,,
RUS,Premier League,2020/2021,28/11/2020,11:00,Arsenal Tula,Zenit,0,0,D,7.31,4.58,1.46,7.69,4.7,1.54,6.54,4.33,1.47,,,,,,,,
RUS,Premier League,2020/2021,28/11/2020,13:30,Khimki,Krasnodar,1,0,H,6,4.28,1.57,6.22,4.5,1.63,5.56,4.19,1.55,,,,,,,,
RUS,Premier League,2020/2021,28/11/2020,16:00,Akhmat Grozny,Lokomotiv Moscow,0,0,D,1.91,3.52,4.41,1.96,3.6,4.5,1.9,3.39,4.11,,,,,,,,
RUS,Premier League,2020/2021,28/11/2020,16:00,FK Rostov,Dynamo Moscow,4,1,H,3.61,3.15,2.28,3.76,3.24,2.36,3.49,3.08,2.2,,,,,,,,
RUS,Premier League,2020/2021,29/11/2020,09:00,Ural,Sochi,1,0,H,3.35,3.08,2.44,3.48,3.28,2.51,3.22,3.04,2.36,,,,,,,,
RUS,Premier League,2020/2021,29/11/2020,11:00,Ufa,Tambov,4,0,H,1.96,3.2,4.72,2.05,3.2,4.92,1.95,3.03,4.56,,,,,,,,
RUS,Premier League,2020/2021,29/11/2020,13:30,Rubin Kazan,CSKA Moscow,1,0,H,3.89,3.59,2,4.14,3.74,2.04,3.76,3.52,1.94,,,,,,,,
RUS,Premier League,2020/2021,29/11/2020,16:00,Spartak Moscow,R. Volgograd,2,0,H,1.39,4.89,8.82,1.41,5.4,10.75,1.36,4.79,8.4,,,,,,,,
RUS,Premier League,2020/2021,05/12/2020,11:00,Lokomotiv Moscow,Rubin Kazan,3,1,H,2.16,3.24,3.81,2.28,3.38,4.47,2.08,3.15,3.78,,,,,,,,
RUS,Premier League,2020/2021,05/12/2020,13:30,Spartak Moscow,Tambov,5,1,H,1.06,10.04,21.99,1.09,20.47,101,1.05,13.65,34.22,,,,,,,,
RUS,Premier League,2020/2021,05/12/2020,16:00,Krasnodar,R. Volgograd,5,0,H,1.33,5.31,10.12,1.38,6.17,11.8,1.29,5.35,9.68,,,,,,,,
RUS,Premier League,2020/2021,05/12/2020,16:00,Zenit,Ural,5,1,H,1.3,5.72,10.7,1.34,6.3,12.5,1.28,5.42,9.95,,,,,,,,
RUS,Premier League,2020/2021,06/12/2020,11:00,FK Rostov,Ufa,0,1,A,2.15,3.02,4.2,2.21,3.24,4.59,2.08,3,4.02,,,,,,,,
RUS,Premier League,2020/2021,06/12/2020,13:30,Dynamo Moscow,Arsenal Tula,1,0,H,1.66,3.72,6.01,1.73,4.19,6.49,1.6,3.78,5.75,,,,,,,,
RUS,Premier League,2020/2021,06/12/2020,16:00,CSKA Moscow,Khimki,2,2,D,1.46,4.64,7.33,1.51,4.92,8,1.43,4.48,6.97,,,,,,,,
RUS,Premier League,2020/2021,07/12/2020,16:00,Sochi,Akhmat Grozny,2,0,H,2.77,3.05,2.91,2.8,3.24,2.91,2.7,3.02,2.75,,,,,,,,
RUS,Premier League,2020/2021,11/12/2020,16:00,Khimki,Arsenal Tula,1,0,H,2.47,3.27,3.1,2.55,3.4,3.1,2.42,3.23,2.92,,,,,,,,
RUS,Premier League,2020/2021,12/12/2020,11:00,R. Volgograd,Ufa,1,0,H,3.36,3.02,2.47,3.44,3.15,2.53,3.24,2.93,2.41,,,,,,,,
RUS,Premier League,2020/2021,12/12/2020,13:30,Sochi,Spartak Moscow,1,0,H,3.05,3.17,2.57,3.19,3.31,2.61,2.92,3.14,2.47,,,,,,,,
RUS,Premier League,2020/2021,12/12/2020,16:00,Zenit,Dynamo Moscow,3,1,H,1.66,3.9,5.61,1.71,4.33,6.13,1.63,3.87,5.21,,,,,,,,
RUS,Premier League,2020/2021,13/12/2020,11:00,Tambov,Rubin Kazan,0,1,A,15.82,8.01,1.16,24.47,9.8,1.18,17.36,7.64,1.14,,,,,,,,
RUS,Premier League,2020/2021,13/12/2020,13:30,Krasnodar,Lokomotiv Moscow,5,0,H,1.72,3.94,4.96,1.76,4,5.17,1.7,3.79,4.67,,,,,,,,
RUS,Premier League,2020/2021,13/12/2020,16:00,Akhmat Grozny,FK Rostov,0,1,A,2.1,3.25,4,2.19,3.4,4.05,2.03,3.19,3.84,,,,,,,,
RUS,Premier League,2020/2021,13/12/2020,16:00,CSKA Moscow,Ural,2,2,D,1.33,5.24,10.17,1.39,5.48,10.4,1.34,4.89,8.77,,,,,,,,
RUS,Premier League,2020/2021,16/12/2020,15:00,R. Volgograd,Arsenal Tula,1,0,H,3.07,2.93,2.73,3.12,3.11,2.81,2.97,2.9,2.61,,,,,,,,
RUS,Premier League,2020/2021,16/12/2020,15:00,Sochi,Dynamo Moscow,2,0,H,2.71,3.14,2.89,2.76,3.25,2.99,2.64,3.08,2.77,,,,,,,,
RUS,Premier League,2020/2021,16/12/2020,17:00,Zenit,Spartak Moscow,3,1,H,1.76,3.9,4.7,1.81,4.3,4.89,1.73,3.83,4.42,,,,,,,,
RUS,Premier League,2020/2021,17/12/2020,15:00,Khimki,Lokomotiv Moscow,3,2,H,4.24,3.5,1.95,4.25,3.5,2.09,3.86,3.26,2.01,,,,,,,,
RUS,Premier League,2020/2021,17/12/2020,15:00,Krasnodar,Ufa,1,0,H,1.42,4.57,8.54,1.47,4.83,8.7,1.43,4.42,7.25,,,,,,,,
RUS,Premier League,2020/2021,17/12/2020,17:00,Akhmat Grozny,Rubin Kazan,0,0,D,2.3,3.15,3.56,2.4,3.28,3.85,2.25,3.1,3.37,,,,,,,,
RUS,Premier League,2020/2021,17/12/2020,17:00,FK Rostov,CSKA Moscow,1,3,A,3.63,3.33,2.18,3.72,3.33,2.3,3.41,3.2,2.18,,,,,,,,
RUS,Premier League,2020/2021,18/12/2020,15:00,Tambov,Ural,1,1,D,3.3,2.97,2.47,7.15,4.25,2.53,3.42,3.02,2.36,,,,,,,,
RUS,Premier League,2020/2021,26/02/2021,16:00,Tambov,R. Volgograd,1,3,A,3.52,3.3,2.18,4.46,3.44,2.23,3.5,3.17,2.14,,,,,,,,
RUS,Premier League,2020/2021,27/02/2021,11:00,Khimki,Ufa,2,1,H,2.3,3.07,3.67,2.38,3.51,3.8,2.2,3.09,3.48,,,,,,,,
RUS,Premier League,2020/2021,27/02/2021,13:30,Zenit,FK Rostov,2,2,D,1.35,5.09,9.7,1.44,5.6,10,1.37,4.77,8.21,,,,,,,,
RUS,Premier League,2020/2021,27/02/2021,16:00,Lokomotiv Moscow,CSKA Moscow,2,0,H,3.39,3.49,2.22,3.52,3.58,2.32,3.25,3.34,2.19,,,,,,,,
RUS,Premier League,2020/2021,27/02/2021,16:00,Sochi,Arsenal Tula,4,0,H,1.73,3.69,5.3,1.83,3.78,5.5,1.73,3.48,5.01,,,,,,,,
RUS,Premier League,2020/2021,28/02/2021,11:00,Spartak Moscow,Rubin Kazan,0,2,A,1.93,3.45,4.36,2.02,3.73,4.51,1.89,3.46,4.07,,,,,,,,
RUS,Premier League,2020/2021,28/02/2021,13:30,Akhmat Grozny,Dynamo Moscow,1,2,A,2.42,3.2,3.25,2.63,3.46,3.3,2.39,3.14,3.06,,,,,,,,
RUS,Premier League,2020/2021,28/02/2021,16:00,Krasnodar,Ural,2,2,D,1.5,4.34,7.02,1.53,4.68,7.43,1.48,4.3,6.36,,,,,,,,
RUS,Premier League,2020/2021,06/03/2021,11:00,CSKA Moscow,Akhmat Grozny,2,0,H,1.68,3.75,5.95,1.72,4.11,6.31,1.65,3.71,5.32,,,,,,,,
RUS,Premier League,2020/2021,06/03/2021,13:30,R. Volgograd,Khimki,0,0,D,2.59,3.14,3.09,2.84,3.2,3.11,2.63,3.05,2.82,,,,,,,,
RUS,Premier League,2020/2021,06/03/2021,16:00,FK Rostov,Sochi,0,0,D,3.34,3.13,2.45,3.4,3.36,2.76,3.24,3,2.37,,,,,,,,
RUS,Premier League,2020/2021,07/03/2021,11:00,Ural,Ufa,0,0,D,2.54,3.02,3.3,2.62,3.06,3.39,2.48,2.91,3.15,,,,,,,,
RUS,Premier League,2020/2021,07/03/2021,13:30,Dynamo Moscow,Tambov,2,0,H,1.09,11.52,46.94,1.09,19.9,100,1.05,12.18,48.25,,,,,,,,
RUS,Premier League,2020/2021,07/03/2021,16:00,Spartak Moscow,Krasnodar,6,1,H,2.4,3.55,3.04,2.49,3.63,3.2,2.29,3.42,2.99,,,,,,,,
RUS,Premier League,2020/2021,08/03/2021,11:00,Arsenal Tula,Lokomotiv Moscow,0,3,A,3.03,3.11,2.66,3.45,3.27,2.66,2.95,3.03,2.53,,,,,,,,
RUS,Premier League,2020/2021,08/03/2021,13:30,Rubin Kazan,Zenit,2,1,H,5.51,3.88,1.69,5.6,4.11,1.73,5.12,3.77,1.66,,,,,,,,
RUS,Premier League,2020/2021,12/03/2021,16:00,Khimki,FK Rostov,1,0,H,2.91,2.99,2.86,3.06,3.19,2.91,2.76,2.92,2.77,,,,,,,,
RUS,Premier League,2020/2021,13/03/2021,09:00,Ural,R. Volgograd,1,0,H,2.08,3.19,4.26,2.17,3.31,4.56,2.06,3.12,3.89,,,,,,,,
RUS,Premier League,2020/2021,13/03/2021,11:00,Arsenal Tula,CSKA Moscow,2,1,H,6.28,4.04,1.6,7.37,4.32,1.67,5.82,3.82,1.59,,,,,,,,
RUS,Premier League,2020/2021,13/03/2021,13:30,Zenit,Akhmat Grozny,4,0,H,1.35,5.24,10.18,1.39,5.53,11.2,1.32,5.05,8.98,,,,,,,,
RUS,Premier League,2020/2021,13/03/2021,16:00,Dynamo Moscow,Spartak Moscow,1,2,A,2.71,3.34,2.78,2.78,3.71,2.83,2.59,3.25,2.69,,,,,,,,
RUS,Premier League,2020/2021,14/03/2021,11:00,Ufa,Rubin Kazan,0,3,A,3.54,3.04,2.4,4.06,3.22,2.43,3.41,2.99,2.28,,,,,,,,
RUS,Premier League,2020/2021,14/03/2021,13:30,Tambov,Krasnodar,0,4,A,48.68,12.11,1.07,87.59,13.48,1.1,36.46,10.47,1.07,,,,,,,,
RUS,Premier League,2020/2021,14/03/2021,16:00,Lokomotiv Moscow,Sochi,3,1,H,2.14,3.2,4,2.25,3.52,4.19,2.11,3.12,3.69,,,,,,,,
RUS,Premier League,2020/2021,17/03/2021,15:00,R. Volgograd,FK Rostov,0,4,A,3.56,3.01,2.41,3.89,3.16,2.41,3.5,2.96,2.27,,,,,,,,
RUS,Premier League,2020/2021,17/03/2021,17:00,Akhmat Grozny,Arsenal Tula,2,0,H,1.97,3.35,4.48,2.04,3.57,4.54,1.92,3.27,4.21,,,,,,,,
RUS,Premier League,2020/2021,17/03/2021,17:00,CSKA Moscow,Zenit,2,3,A,3.33,3.35,2.33,3.42,3.57,2.37,3.16,3.25,2.27,,,,,,,,
RUS,Premier League,2020/2021,18/03/2021,14:00,Ufa,Lokomotiv Moscow,0,1,A,3.57,3.03,2.39,4.18,3.11,2.43,3.57,2.94,2.25,,,,,,,,
RUS,Premier League,2020/2021,18/03/2021,16:00,Krasnodar,Dynamo Moscow,2,3,A,1.81,4.01,4.38,2.1,4.36,4.64,1.82,3.81,3.98,,,,,,,,
RUS,Premier League,2020/2021,18/03/2021,16:00,Spartak Moscow,Ural,5,1,H,1.34,5.13,10.68,1.38,5.25,12.4,1.32,4.92,9.62,,,,,,,,
RUS,Premier League,2020/2021,19/03/2021,16:00,Rubin Kazan,Khimki,1,3,A,1.65,3.88,6,1.78,3.96,6.16,1.64,3.67,5.6,,,,,,,,
RUS,Premier League,2020/2021,19/03/2021,16:00,Sochi,Tambov,5,0,H,1.08,8.66,29.33,1.11,15.6,76.77,1.06,10.79,36.26,,,,,,,,
RUS,Premier League,2020/2021,03/04/2021,12:00,R. Volgograd,Lokomotiv Moscow,0,2,A,5.12,3.44,1.84,5.58,3.53,1.86,4.81,3.34,1.8,,,,,,,,
RUS,Premier League,2020/2021,03/04/2021,14:30,Krasnodar,Akhmat Grozny,0,5,A,1.63,4.24,5.51,1.76,4.27,5.7,1.61,4.02,5.16,,,,,,,,
RUS,Premier League,2020/2021,03/04/2021,14:30,Rubin Kazan,Sochi,1,0,H,2.53,3.24,3.08,2.54,3.26,3.13,2.44,3.13,3,,,,,,,,
RUS,Premier League,2020/2021,03/04/2021,17:00,Dynamo Moscow,Ufa,4,0,H,1.66,3.67,6.35,1.72,3.72,6.45,1.66,3.48,5.72,,,,,,,,
RUS,Premier League,2020/2021,04/04/2021,12:00,Ural,Arsenal Tula,2,0,H,2.73,3.02,3.02,2.73,3.14,3.36,2.59,2.96,2.95,,,,,,,,
RUS,Premier League,2020/2021,04/04/2021,14:30,Tambov,CSKA Moscow,1,2,A,18.11,7.08,1.18,71,18.6,1.14,30.93,13.16,1.05,,,,,,,,
RUS,Premier League,2020/2021,04/04/2021,17:00,FK Rostov,Spartak Moscow,2,3,A,3.51,3.41,2.23,3.91,3.55,2.28,3.38,3.25,2.17,,,,,,,,
RUS,Premier League,2020/2021,05/04/2021,17:00,Zenit,Khimki,2,0,H,1.14,9.11,21.24,1.19,9.11,21.24,1.14,7.96,16.62,,,,,,,,
RUS,Premier League,2020/2021,10/04/2021,12:00,Khimki,Tambov,1,0,H,,,,1.28,7.5,17,1.19,6.7,13.18,,,,,,,,
RUS,Premier League,2020/2021,10/04/2021,14:30,Ufa,Akhmat Grozny,3,0,H,3.21,3.14,2.52,3.31,3.3,2.66,3.06,3.01,2.47,,,,,,,,
RUS,Premier League,2020/2021,10/04/2021,17:00,FK Rostov,Rubin Kazan,0,1,A,2.83,3.13,2.83,3.02,3.41,2.89,2.81,3.04,2.64,,,,,,,,
RUS,Premier League,2020/2021,11/04/2021,12:00,Arsenal Tula,Krasnodar,1,0,H,4.62,3.61,1.86,4.91,3.8,1.9,4.26,3.54,1.84,,,,,,,,
RUS,Premier League,2020/2021,11/04/2021,14:30,Dynamo Moscow,Ural,2,2,D,1.43,4.57,8.97,1.48,4.73,9.47,1.4,4.42,8.23,,,,,,,,
RUS,Premier League,2020/2021,11/04/2021,14:30,Sochi,Zenit,1,2,A,5.8,4.28,1.6,6.4,4.45,1.65,5.44,4.05,1.58,,,,,,,,
RUS,Premier League,2020/2021,11/04/2021,17:00,Lokomotiv Moscow,Spartak Moscow,2,0,H,3.7,3.48,2.12,3.73,3.71,2.21,3.47,3.39,2.09,,,,,,,,
RUS,Premier League,2020/2021,12/04/2021,17:00,CSKA Moscow,R. Volgograd,2,0,H,1.25,6.35,13.23,1.3,6.4,13.3,1.26,5.69,10.73,,,,,,,,
RUS,Premier League,2020/2021,17/04/2021,12:00,Akhmat Grozny,Khimki,3,1,H,1.9,3.39,4.77,2.07,3.65,4.9,1.91,3.28,4.26,,,,,,,,
RUS,Premier League,2020/2021,17/04/2021,14:30,Lokomotiv Moscow,FK Rostov,4,1,H,1.83,3.63,4.84,1.95,3.7,4.9,1.83,3.46,4.42,,,,,,,,
RUS,Premier League,2020/2021,17/04/2021,14:30,R. Volgograd,Dynamo Moscow,0,3,A,5.24,3.5,1.81,5.78,3.68,1.87,5,3.43,1.76,,,,,,,,
RUS,Premier League,2020/2021,17/04/2021,17:00,Krasnodar,Zenit,2,2,D,4.77,4.3,1.7,5.89,4.55,1.73,4.82,4.2,1.63,,,,,,,,
RUS,Premier League,2020/2021,18/04/2021,10:00,Ural,Rubin Kazan,0,1,A,4.79,3.79,1.79,5,3.86,1.86,4.57,3.58,1.77,,,,,,,,
RUS,Premier League,2020/2021,18/04/2021,12:00,Arsenal Tula,Tambov,4,0,H,1.1,6.69,14.24,1.19,13.4,28.11,1.12,8.43,18.34,,,,,,,,
RUS,Premier League,2020/2021,18/04/2021,14:30,Sochi,CSKA Moscow,2,1,H,3.07,3.39,2.46,3.39,3.6,2.58,2.95,3.28,2.39,,,,,,,,
RUS,Premier League,2020/2021,18/04/2021,17:00,Spartak Moscow,Ufa,0,3,A,1.5,4.32,7.43,1.53,4.46,8.48,1.48,4.12,6.88,,,,,,,,
RUS,Premier League,2020/2021,24/04/2021,12:00,Ural,Akhmat Grozny,1,1,D,2.93,3.19,2.68,2.93,3.45,2.83,2.73,3.1,2.68,,,,,,,,
RUS,Premier League,2020/2021,24/04/2021,14:30,Zenit,R. Volgograd,6,0,H,1.08,12.93,36.3,1.11,14.5,44.13,1.07,11.24,29.12,,,,,,,,
RUS,Premier League,2020/2021,24/04/2021,17:00,Dynamo Moscow,Khimki,0,1,A,1.4,5.07,8.44,1.47,5.07,9,1.39,4.71,7.67,,,,,,,,
RUS,Premier League,2020/2021,24/04/2021,17:00,Tambov,Lokomotiv Moscow,2,5,A,14.07,10.39,1.09,34,14,1.15,22.64,10.76,1.08,,,,,,,,
RUS,Premier League,2020/2021,25/04/2021,12:00,Ufa,Sochi,2,3,A,3.14,3.1,2.59,3.44,3.14,2.64,3.03,3,2.51,,,,,,,,
RUS,Premier League,2020/2021,25/04/2021,14:30,FK Rostov,Arsenal Tula,1,0,H,2.3,3.23,3.52,2.41,3.34,3.76,2.26,3.16,3.32,,,,,,,,
RUS,Premier League,2020/2021,25/04/2021,14:30,Spartak Moscow,CSKA Moscow,1,0,H,2.42,3.61,2.97,2.56,3.68,3.1,2.39,3.45,2.84,,,,,,,,
RUS,Premier League,2020/2021,25/04/2021,17:00,Rubin Kazan,Krasnodar,0,1,A,2.53,3.67,2.78,2.66,3.67,2.98,2.46,3.46,2.75,,,,,,,,
RUS,Premier League,2020/2021,01/05/2021,12:00,R. Volgograd,Akhmat Grozny,1,0,H,3.45,3.49,2.21,3.51,3.49,2.47,3.29,3.3,2.21,,,,,,,,
RUS,Premier League,2020/2021,01/05/2021,12:00,Rubin Kazan,Dynamo Moscow,2,0,H,3.17,3.35,2.42,3.25,3.68,2.57,3,3.27,2.37,,,,,,,,
RUS,Premier League,2020/2021,01/05/2021,14:30,CSKA Moscow,Ufa,1,1,D,1.65,3.94,5.79,1.71,3.98,6.17,1.65,3.74,5.37,,,,,,,,
RUS,Premier League,2020/2021,01/05/2021,17:00,Krasnodar,Sochi,1,3,A,2.01,3.82,3.71,2.1,3.99,3.81,2,3.67,3.48,,,,,,,,
RUS,Premier League,2020/2021,02/05/2021,12:00,Khimki,Ural,1,0,H,2.53,3.21,3.11,2.55,3.55,3.12,2.44,3.17,2.98,,,,,,,,
RUS,Premier League,2020/2021,02/05/2021,14:30,FK Rostov,Tambov,2,0,H,,,,1.1,21,67,1.06,12.76,30.48,,,,,,,,
RUS,Premier League,2020/2021,02/05/2021,17:00,Zenit,Lokomotiv Moscow,6,1,H,1.44,4.99,7.33,1.49,5.45,8.4,1.42,4.83,6.84,,,,,,,,
RUS,Premier League,2020/2021,03/05/2021,14:30,Arsenal Tula,Spartak Moscow,1,2,A,4.71,3.9,1.78,5.24,4.01,1.8,4.59,3.78,1.73,,,,,,,,
RUS,Premier League,2020/2021,07/05/2021,16:00,Akhmat Grozny,Tambov,3,1,H,,,,1.12,21,101,1.06,13.44,35.98,,,,,,,,
RUS,Premier League,2020/2021,07/05/2021,18:00,Sochi,R. Volgograd,2,1,H,1.37,5.04,9.6,1.4,5.37,10.8,1.35,4.81,8.93,,,,,,,,
RUS,Premier League,2020/2021,08/05/2021,12:00,Ufa,Zenit,0,0,D,3.41,3.51,2.22,3.81,3.97,2.25,3.39,3.61,2.04,,,,,,,,
RUS,Premier League,2020/2021,08/05/2021,14:30,Arsenal Tula,Rubin Kazan,2,4,A,2.89,3.11,2.78,3.07,3.29,2.85,2.81,3.04,2.66,,,,,,,,
RUS,Premier League,2020/2021,08/05/2021,14:30,Lokomotiv Moscow,Dynamo Moscow,0,0,D,2.78,3.33,2.72,2.85,3.46,2.76,2.72,3.23,2.6,,,,,,,,
RUS,Premier League,2020/2021,08/05/2021,17:30,CSKA Moscow,Krasnodar,3,1,H,1.84,4.31,3.94,1.95,4.65,4.2,1.81,4.09,3.82,,,,,,,,
RUS,Premier League,2020/2021,10/05/2021,14:30,Ural,FK Rostov,1,0,H,3.18,2.94,2.68,3.37,3.29,2.77,2.99,2.98,2.57,,,,,,,,
RUS,Premier League,2020/2021,10/05/2021,17:00,Spartak Moscow,Khimki,2,1,H,1.3,5.83,10.99,1.36,6,11.25,1.3,5.55,9.51,,,,,,,,
RUS,Premier League,2020/2021,16/05/2021,12:00,Akhmat Grozny,Spartak Moscow,2,2,D,3.77,3.55,2.02,4.27,3.85,2.05,3.71,3.58,1.96,,,,,,,,
RUS,Premier League,2020/2021,16/05/2021,12:00,Dynamo Moscow,CSKA Moscow,3,2,H,3.14,3.61,2.23,3.64,3.72,2.33,3.15,3.52,2.18,,,,,,,,
RUS,Premier League,2020/2021,16/05/2021,12:00,FK Rostov,Krasnodar,1,3,A,2.91,3.54,2.39,3.01,3.78,2.49,2.87,3.49,2.35,,,,,,,,
RUS,Premier League,2020/2021,16/05/2021,12:00,Khimki,Sochi,0,0,D,4.69,3.95,1.73,5,4.11,1.78,4.59,3.82,1.72,,,,,,,,
RUS,Premier League,2020/2021,16/05/2021,12:00,Lokomotiv Moscow,Ural,1,0,H,1.39,4.76,8.93,1.45,5.26,9.3,1.38,4.84,8.01,,,,,,,,
RUS,Premier League,2020/2021,16/05/2021,12:00,Rubin Kazan,R. Volgograd,1,1,D,1.51,4.15,7.09,1.58,4.56,7.5,1.5,4.12,6.66,,,,,,,,
RUS,Premier League,2020/2021,16/05/2021,12:00,Tambov,Zenit,1,5,A,,,,51,19.8,1.11,24.54,12.25,1.07,,,,,,,,
RUS,Premier League,2020/2021,16/05/2021,12:00,Ufa,Arsenal Tula,2,1,H,2.09,2.99,4.33,2.18,3.13,4.95,2.05,2.98,4.24,,,,,,,,
RUS,Premier League,2021/2022,23/07/2021,18:00,FK Rostov,Dynamo Moscow,0,2,A,3.32,3.25,2.39,3.72,3.32,2.41,3.21,3.12,2.33,,,,,,,,
RUS,Premier League,2021/2022,24/07/2021,15:30,Khimki,Zenit,1,3,A,9.64,5.82,1.32,12.9,6.55,1.34,9.89,5.54,1.29,,,,,,,,
RUS,Premier League,2021/2022,24/07/2021,18:00,Lokomotiv Moscow,Arsenal Tula,3,1,H,1.64,3.87,6.13,1.7,3.94,6.68,1.63,3.71,5.67,,,,,,,,
RUS,Premier League,2021/2022,24/07/2021,18:00,Rubin Kazan,Spartak Moscow,1,0,H,3.64,3.77,2.04,4.01,3.85,2.18,3.51,3.57,2.02,,,,,,,,
RUS,Premier League,2021/2022,25/07/2021,15:30,Ural,Krasnodar,0,3,A,3.61,3.4,2.19,4.74,3.77,2.23,3.53,3.32,2.1,,,,,,,,
RUS,Premier League,2021/2022,25/07/2021,17:00,Krylya Sovetov,Akhmat Grozny,1,2,A,2.06,3.52,3.86,2.23,3.64,3.86,2.07,3.3,3.6,,,,,,,,
RUS,Premier League,2021/2022,25/07/2021,18:00,CSKA Moscow,Ufa,1,0,H,1.67,3.81,5.92,1.73,4.21,6.33,1.66,3.65,5.47,,,,,,,,
RUS,Premier League,2021/2022,26/07/2021,17:00,Pari NN,Sochi,1,0,H,4.45,3.05,2.1,4.86,3.2,2.15,4.21,3.01,2.04,,,,,,,,
RUS,Premier League,2021/2022,30/07/2021,17:00,Arsenal Tula,Rubin Kazan,0,3,A,3.46,3.41,2.24,3.76,3.48,2.29,3.33,3.26,2.19,,,,,,,,
RUS,Premier League,2021/2022,30/07/2021,17:00,Krylya Sovetov,Spartak Moscow,0,1,A,3.9,3.44,2.08,4.42,3.69,2.11,3.77,3.44,1.98,,,,,,,,
RUS,Premier League,2021/2022,31/07/2021,15:30,Ufa,Dynamo Moscow,2,3,A,4.1,3.22,2.11,4.53,3.3,2.19,3.8,3.13,2.1,,,,,,,,
RUS,Premier League,2021/2022,31/07/2021,18:00,CSKA Moscow,Lokomotiv Moscow,1,2,A,2.18,3.39,3.63,2.34,3.5,3.72,2.15,3.28,3.44,,,,,,,,
RUS,Premier League,2021/2022,01/08/2021,15:30,Ural,Pari NN,1,1,D,2.19,3.07,4.06,2.2,3.35,4.39,2.12,3,3.89,,,,,,,,
RUS,Premier League,2021/2022,01/08/2021,18:00,FK Rostov,Zenit,2,4,A,7.41,4.49,1.48,9.25,4.5,1.54,6.91,4.29,1.47,,,,,,,,
RUS,Premier League,2021/2022,01/08/2021,18:00,Krasnodar,Khimki,0,1,A,1.55,4.38,6.36,1.65,4.61,6.36,1.56,4.16,5.65,,,,,,,,
RUS,Premier League,2021/2022,02/08/2021,18:00,Akhmat Grozny,Sochi,1,2,A,2.75,3.22,2.83,2.79,3.5,2.9,2.65,3.11,2.75,,,,,,,,
RUS,Premier League,2021/2022,06/08/2021,15:00,Ufa,Lokomotiv Moscow,1,1,D,3.24,3.26,2.43,3.5,3.43,2.44,3.21,3.2,2.29,,,,,,,,
RUS,Premier League,2021/2022,07/08/2021,15:00,Zenit,Krasnodar,3,2,H,1.46,4.94,6.87,1.53,4.97,7.5,1.45,4.7,6.41,,,,,,,,
RUS,Premier League,2021/2022,07/08/2021,15:30,Arsenal Tula,Krylya Sovetov,2,1,H,2.88,3.41,2.59,3.12,3.41,2.65,2.92,3.18,2.46,,,,,,,,
RUS,Premier League,2021/2022,07/08/2021,18:00,Spartak Moscow,Pari NN,1,2,A,1.47,4.66,7.35,1.48,4.8,7.9,1.44,4.43,6.92,,,,,,,,
RUS,Premier League,2021/2022,08/08/2021,15:30,Khimki,FK Rostov,1,1,D,2.96,3.11,2.72,3.13,3.38,2.83,2.86,3.04,2.61,,,,,,,,
RUS,Premier League,2021/2022,08/08/2021,18:00,Dynamo Moscow,CSKA Moscow,2,1,H,2.75,3.22,2.83,2.78,3.34,3,2.58,3.15,2.79,,,,,,,,
RUS,Premier League,2021/2022,08/08/2021,18:00,Rubin Kazan,Akhmat Grozny,2,1,H,2.2,3.47,3.5,2.25,3.54,3.81,2.14,3.37,3.34,,,,,,,,
RUS,Premier League,2021/2022,09/08/2021,17:00,Sochi,Ural,2,0,H,1.64,3.9,6.1,1.75,3.91,6.34,1.63,3.7,5.66,,,,,,,,
RUS,Premier League,2021/2022,14/08/2021,15:30,Pari NN,Ufa,1,2,A,3.44,2.95,2.51,3.5,3.21,2.55,3.24,2.89,2.44,,,,,,,,
RUS,Premier League,2021/2022,14/08/2021,15:30,Spartak Moscow,Ural,1,0,H,1.43,4.61,8.79,1.46,4.86,9.21,1.4,4.48,8.05,,,,,,,,
RUS,Premier League,2021/2022,14/08/2021,18:00,Akhmat Grozny,Dynamo Moscow,2,1,H,3.23,3.46,2.33,3.4,3.53,2.43,3.08,3.31,2.29,,,,,,,,
RUS,Premier League,2021/2022,14/08/2021,18:00,FK Rostov,CSKA Moscow,1,3,A,3.7,3.31,2.19,3.75,3.45,2.33,3.45,3.22,2.16,,,,,,,,
RUS,Premier League,2021/2022,15/08/2021,15:30,Lokomotiv Moscow,Zenit,1,1,D,4.94,3.78,1.78,4.96,4.05,1.84,4.49,3.72,1.75,,,,,,,,
RUS,Premier League,2021/2022,15/08/2021,18:00,Krasnodar,Arsenal Tula,3,2,H,1.5,4.66,6.71,1.52,4.85,7.6,1.47,4.5,6.33,,,,,,,,
RUS,Premier League,2021/2022,15/08/2021,18:00,Rubin Kazan,Krylya Sovetov,1,1,D,2.68,3.41,2.77,2.72,3.45,2.97,2.54,3.23,2.76,,,,,,,,
RUS,Premier League,2021/2022,16/08/2021,17:00,Sochi,Khimki,3,0,H,1.85,3.52,4.87,1.95,3.78,4.92,1.84,3.42,4.38,,,,,,,,
RUS,Premier League,2021/2022,21/08/2021,14:00,Arsenal Tula,Spartak Moscow,1,1,D,5.99,4.14,1.61,6.65,4.2,1.67,5.57,3.91,1.6,,,,,,,,
RUS,Premier League,2021/2022,21/08/2021,14:00,CSKA Moscow,Akhmat Grozny,2,0,H,1.56,4.36,6.13,1.67,4.48,6.14,1.56,4.1,5.62,,,,,,,,
RUS,Premier League,2021/2022,21/08/2021,16:00,Ufa,Zenit,1,1,D,8.54,5.29,1.38,9.23,5.5,1.4,7.91,5.06,1.36,,,,,,,,
RUS,Premier League,2021/2022,21/08/2021,16:00,Ural,Dynamo Moscow,0,1,A,6.02,3.92,1.64,6.25,4.1,1.7,5.66,3.76,1.62,,,,,,,,
RUS,Premier League,2021/2022,21/08/2021,18:00,Krylya Sovetov,Sochi,1,0,H,2.56,3.33,2.97,2.65,3.54,3,2.53,3.21,2.82,,,,,,,,
RUS,Premier League,2021/2022,22/08/2021,14:00,Lokomotiv Moscow,Krasnodar,2,1,H,2.79,3.57,2.57,2.93,3.7,2.7,2.69,3.45,2.51,,,,,,,,
RUS,Premier League,2021/2022,22/08/2021,16:00,Pari NN,FK Rostov,1,2,A,3.52,3.16,2.34,3.88,3.18,2.56,3.33,3.02,2.33,,,,,,,,
RUS,Premier League,2021/2022,22/08/2021,18:00,Khimki,Rubin Kazan,1,1,D,2.34,3.39,3.27,2.6,3.39,3.29,2.38,3.21,3.04,,,,,,,,
RUS,Premier League,2021/2022,26/08/2021,14:30,Ufa,Krylya Sovetov,1,2,A,2.76,3.14,2.89,2.8,3.3,2.97,2.67,3.04,2.8,,,,,,,,
RUS,Premier League,2021/2022,26/08/2021,16:30,Spartak Moscow,Sochi,1,2,A,1.94,3.56,4.3,2.01,3.65,4.49,1.92,3.45,3.98,,,,,,,,
RUS,Premier League,2021/2022,26/08/2021,18:30,Akhmat Grozny,Arsenal Tula,2,1,H,1.74,3.62,5.63,1.8,3.75,5.63,1.72,3.54,5.06,,,,,,,,
RUS,Premier League,2021/2022,26/08/2021,18:45,Zenit,CSKA Moscow,1,0,H,1.5,4.7,6.67,1.55,4.85,7.4,1.48,4.51,6.11,,,,,,,,
RUS,Premier League,2021/2022,27/08/2021,14:30,Ural,FK Rostov,1,1,D,3.54,3.08,2.38,3.69,3.22,2.45,3.41,3.03,2.28,,,,,,,,
RUS,Premier League,2021/2022,27/08/2021,16:30,Khimki,Pari NN,1,1,D,2.05,3.3,4.22,2.15,3.64,4.26,2.08,3.22,3.72,,,,,,,,
RUS,Premier League,2021/2022,27/08/2021,17:00,Dynamo Moscow,Lokomotiv Moscow,1,1,D,1.95,3.6,4.17,2.3,3.7,4.18,2.05,3.41,3.62,,,,,,,,
RUS,Premier League,2021/2022,27/08/2021,18:30,Krasnodar,Rubin Kazan,2,0,H,1.55,4.48,6.2,1.68,4.48,6.31,1.55,4.2,5.59,,,,,,,,
RUS,Premier League,2021/2022,11/09/2021,12:00,Lokomotiv Moscow,Krylya Sovetov,2,0,H,2.19,3.33,3.68,2.29,3.93,4.5,2.08,3.31,3.63,,,,,,,,
RUS,Premier League,2021/2022,11/09/2021,14:30,Zenit,Akhmat Grozny,3,1,H,1.35,5.46,9.13,1.38,5.65,11,1.34,5.17,8.43,,,,,,,,
RUS,Premier League,2021/2022,11/09/2021,17:00,Spartak Moscow,Khimki,3,1,H,1.55,4.37,6.35,1.62,4.52,7.03,1.51,4.19,6.18,,,,,,,,
RUS,Premier League,2021/2022,12/09/2021,12:00,Arsenal Tula,CSKA Moscow,2,2,D,5.39,3.87,1.7,6.2,3.9,1.83,5,3.72,1.69,,,,,,,,
RUS,Premier League,2021/2022,12/09/2021,14:30,Sochi,Ufa,3,1,H,1.67,3.82,5.88,1.75,3.85,6,1.68,3.62,5.32,,,,,,,,
RUS,Premier League,2021/2022,12/09/2021,17:00,Dynamo Moscow,Pari NN,1,2,A,1.3,5.54,12.07,1.32,5.75,12.77,1.29,5.26,10.93,,,,,,,,
RUS,Premier League,2021/2022,13/09/2021,16:30,Rubin Kazan,Ural,4,0,H,1.65,4.01,5.66,1.7,4.02,6.37,1.64,3.77,5.34,,,,,,,,
RUS,Premier League,2021/2022,13/09/2021,17:30,FK Rostov,Krasnodar,1,1,D,3.88,3.64,2.02,4.2,3.74,2.08,3.68,3.49,1.99,,,,,,,,
RUS,Premier League,2021/2022,18/09/2021,12:00,Ufa,Khimki,3,2,H,2.3,3.38,3.36,2.54,3.42,3.49,2.37,3.22,3.04,,,,,,,,
RUS,Premier League,2021/2022,18/09/2021,14:30,Krylya Sovetov,FK Rostov,4,2,H,2.31,3.23,3.5,2.5,3.46,3.58,2.31,3.12,3.26,,,,,,,,
RUS,Premier League,2021/2022,18/09/2021,17:00,Akhmat Grozny,Krasnodar,0,2,A,2.75,3.3,2.77,2.96,3.45,2.79,2.68,3.24,2.66,,,,,,,,
RUS,Premier League,2021/2022,19/09/2021,14:30,Pari NN,Arsenal Tula,2,3,A,2.49,3.1,3.3,2.57,3.23,3.3,2.43,3.05,3.1,,,,,,,,
RUS,Premier League,2021/2022,19/09/2021,17:00,Sochi,Dynamo Moscow,0,1,A,2.38,3.47,3.14,2.74,3.47,3.22,2.35,3.28,3.02,,,,,,,,
RUS,Premier League,2021/2022,20/09/2021,14:30,Ural,Lokomotiv Moscow,0,0,D,4.67,3.55,1.88,4.96,3.69,1.9,4.41,3.44,1.84,,,,,,,,
RUS,Premier League,2021/2022,20/09/2021,16:30,Rubin Kazan,Zenit,1,3,A,4.75,4.05,1.75,5.06,4.3,1.8,4.51,3.95,1.71,,,,,,,,
RUS,Premier League,2021/2022,20/09/2021,17:30,CSKA Moscow,Spartak Moscow,1,0,H,2.38,3.47,3.13,2.5,3.58,3.17,2.34,3.33,2.99,,,,,,,,
RUS,Premier League,2021/2022,25/09/2021,12:00,Khimki,Lokomotiv Moscow,0,0,D,3.41,3.45,2.25,3.73,3.65,2.27,3.31,3.33,2.17,,,,,,,,
RUS,Premier League,2021/2022,25/09/2021,14:30,Zenit,Krylya Sovetov,2,1,H,1.27,6.47,10.16,1.32,6.59,13.1,1.26,6,10.1,,,,,,,,
RUS,Premier League,2021/2022,25/09/2021,17:00,Spartak Moscow,Ufa,2,0,H,1.54,4.42,6.42,1.6,4.64,7.28,1.52,4.19,6.08,,,,,,,,
RUS,Premier League,2021/2022,26/09/2021,12:00,Dynamo Moscow,Rubin Kazan,2,0,H,1.75,3.82,5.11,1.8,4,5.18,1.71,3.72,4.8,,,,,,,,
RUS,Premier League,2021/2022,26/09/2021,14:30,FK Rostov,Akhmat Grozny,1,2,A,2.74,3.01,3.03,2.79,3.2,3.05,2.61,3.01,2.86,,,,,,,,
RUS,Premier League,2021/2022,26/09/2021,17:00,Krasnodar,Sochi,3,0,H,2.2,3.53,3.44,2.3,3.61,3.52,2.18,3.41,3.25,,,,,,,,
RUS,Premier League,2021/2022,27/09/2021,15:00,Ural,Arsenal Tula,2,0,H,2.91,3.15,2.73,3,3.32,2.82,2.83,3.05,2.63,,,,,,,,
RUS,Premier League,2021/2022,27/09/2021,17:00,Pari NN,CSKA Moscow,0,2,A,5.93,4.08,1.62,6.18,4.12,1.69,5.54,3.87,1.61,,,,,,,,
RUS,Premier League,2021/2022,02/10/2021,12:00,Rubin Kazan,Pari NN,0,1,A,1.99,3.35,4.41,1.99,3.55,4.8,1.92,3.31,4.25,,,,,,,,
RUS,Premier League,2021/2022,02/10/2021,14:30,Dynamo Moscow,Krylya Sovetov,0,1,A,1.72,4.01,4.95,1.73,4.1,5.87,1.68,3.82,4.88,,,,,,,,
RUS,Premier League,2021/2022,02/10/2021,17:00,Arsenal Tula,Khimki,0,0,D,2.94,3.25,2.63,3.09,3.44,2.7,2.87,3.18,2.5,,,,,,,,
RUS,Premier League,2021/2022,02/10/2021,17:00,CSKA Moscow,Krasnodar,0,0,D,2.39,3.63,2.99,2.5,3.66,3.1,2.36,3.44,2.88,,,,,,,,
RUS,Premier League,2021/2022,03/10/2021,12:00,Ufa,Ural,0,1,A,1.96,3.41,4.41,2.05,3.46,4.67,1.92,3.31,4.21,,,,,,,,
RUS,Premier League,2021/2022,03/10/2021,14:30,Zenit,Sochi,1,2,A,1.36,5.64,8.4,1.41,5.64,9,1.37,5.13,7.63,,,,,,,,
RUS,Premier League,2021/2022,03/10/2021,17:00,Akhmat Grozny,Spartak Moscow,0,1,A,3,3.24,2.59,3.35,3.45,2.6,2.93,3.22,2.45,,,,,,,,
RUS,Premier League,2021/2022,03/10/2021,17:00,Lokomotiv Moscow,FK Rostov,1,2,A,2.06,3.48,3.91,2.11,3.53,4.54,1.99,3.37,3.82,,,,,,,,
RUS,Premier League,2021/2022,16/10/2021,12:00,Arsenal Tula,Zenit,2,1,H,9.67,5.42,1.34,11.75,5.65,1.4,8.88,5.18,1.32,,,,,,,,
RUS,Premier League,2021/2022,16/10/2021,14:30,Rubin Kazan,Lokomotiv Moscow,2,2,D,2.24,3.45,3.42,2.6,3.72,3.51,2.21,3.33,3.22,,,,,,,,
RUS,Premier League,2021/2022,16/10/2021,17:00,Sochi,FK Rostov,3,2,H,1.65,3.92,5.96,1.8,4.17,5.97,1.65,3.74,5.31,,,,,,,,
RUS,Premier League,2021/2022,16/10/2021,17:00,Spartak Moscow,Dynamo Moscow,2,2,D,2.67,3.29,2.86,2.71,3.45,3,2.54,3.2,2.78,,,,,,,,
RUS,Premier League,2021/2022,17/10/2021,12:00,Ural,CSKA Moscow,0,1,A,4.67,3.51,1.88,5.29,3.73,1.91,4.51,3.47,1.8,,,,,,,,
RUS,Premier League,2021/2022,17/10/2021,14:30,Krylya Sovetov,Pari NN,2,0,H,1.65,4.03,5.64,1.75,4.03,5.64,1.67,3.71,5.05,,,,,,,,
RUS,Premier League,2021/2022,17/10/2021,14:30,Khimki,Akhmat Grozny,2,0,H,3.01,3.1,2.69,3.06,3.25,2.7,2.88,3.05,2.56,,,,,,,,
RUS,Premier League,2021/2022,17/10/2021,17:00,Krasnodar,Ufa,1,1,D,1.36,5.67,8.18,1.4,5.67,9.4,1.35,5.19,7.84,,,,,,,,
RUS,Premier League,2021/2022,22/10/2021,17:00,Dynamo Moscow,Khimki,4,1,H,1.58,4.08,6.45,1.63,4.33,7.08,1.55,3.96,6.06,,,,,,,,
RUS,Premier League,2021/2022,23/10/2021,12:00,Pari NN,Krasnodar,1,4,A,6.71,4.58,1.51,7,4.6,1.56,6.19,4.31,1.49,,,,,,,,
RUS,Premier League,2021/2022,23/10/2021,14:30,FK Rostov,Arsenal Tula,4,0,H,1.83,3.68,4.75,1.94,3.72,4.81,1.83,3.49,4.3,,,,,,,,
RUS,Premier League,2021/2022,23/10/2021,17:00,CSKA Moscow,Krylya Sovetov,3,1,H,1.8,3.83,4.68,1.91,3.95,5.09,1.77,3.7,4.35,,,,,,,,
RUS,Premier League,2021/2022,24/10/2021,12:00,Ufa,Rubin Kazan,1,1,D,2.76,3.24,2.81,3.08,3.37,2.87,2.71,3.14,2.66,,,,,,,,
RUS,Premier League,2021/2022,24/10/2021,14:30,Akhmat Grozny,Ural,1,0,H,1.72,3.56,5.89,1.75,3.82,6.41,1.66,3.57,5.48,,,,,,,,
RUS,Premier League,2021/2022,24/10/2021,17:00,Zenit,Spartak Moscow,7,1,H,1.55,4.14,7.01,1.6,4.75,7.04,1.51,4.18,6.14,,,,,,,,
RUS,Premier League,2021/2022,25/10/2021,17:00,Lokomotiv Moscow,Sochi,2,1,H,3.05,3.37,2.48,3.1,3.59,2.7,2.89,3.26,2.43,,,,,,,,
RUS,Premier League,2021/2022,29/10/2021,17:00,Zenit,Dynamo Moscow,4,1,H,1.56,4.37,6.25,1.6,4.7,7.06,1.52,4.27,5.91,,,,,,,,
RUS,Premier League,2021/2022,30/10/2021,12:00,Rubin Kazan,CSKA Moscow,1,0,H,3.78,3.64,2.04,3.94,3.81,2.27,3.52,3.44,2.04,,,,,,,,
RUS,Premier League,2021/2022,30/10/2021,14:30,Spartak Moscow,FK Rostov,1,1,D,1.68,3.84,5.73,1.76,3.9,6.08,1.66,3.71,5.15,,,,,,,,
RUS,Premier League,2021/2022,30/10/2021,17:00,Krasnodar,Krylya Sovetov,0,1,A,1.52,4.7,6.31,1.52,4.85,7.24,1.47,4.51,6.13,,,,,,,,
RUS,Premier League,2021/2022,30/10/2021,17:00,Pari NN,Lokomotiv Moscow,1,2,A,4.79,3.59,1.85,5.01,3.63,1.95,4.23,3.41,1.87,,,,,,,,
RUS,Premier League,2021/2022,31/10/2021,11:00,Ufa,Akhmat Grozny,1,0,H,2.89,3,2.87,2.89,3.1,3,2.78,2.92,2.76,,,,,,,,
RUS,Premier League,2021/2022,31/10/2021,13:30,Arsenal Tula,Sochi,1,2,A,4.95,3.89,1.75,5.09,3.95,1.77,4.63,3.75,1.72,,,,,,,,
RUS,Premier League,2021/2022,31/10/2021,16:00,Khimki,Ural,0,0,D,1.98,3.35,4.41,2.13,3.48,4.79,1.94,3.29,4.07,,,,,,,,
RUS,Premier League,2021/2022,06/11/2021,11:00,Arsenal Tula,Ufa,0,0,D,3.27,3.31,2.38,3.3,3.42,2.75,3.04,3.12,2.44,,,,,,,,
RUS,Premier League,2021/2022,06/11/2021,13:30,Dynamo Moscow,Krasnodar,1,0,H,2.75,3.46,2.66,2.95,3.75,2.76,2.67,3.33,2.59,,,,,,,,
RUS,Premier League,2021/2022,06/11/2021,13:30,Krylya Sovetov,Khimki,3,0,H,1.83,3.66,4.75,1.9,3.69,4.95,1.83,3.48,4.42,,,,,,,,
RUS,Premier League,2021/2022,06/11/2021,16:00,Sochi,CSKA Moscow,4,1,H,2.42,3.29,3.22,2.43,3.44,3.32,2.31,3.26,3.1,,,,,,,,
RUS,Premier League,2021/2022,07/11/2021,11:00,Ural,Zenit,0,0,D,11.35,5.68,1.3,13.5,6,1.3,10.74,5.51,1.27,,,,,,,,
RUS,Premier League,2021/2022,07/11/2021,13:30,FK Rostov,Rubin Kazan,5,1,H,2.26,3.35,3.48,2.55,3.36,3.51,2.29,3.2,3.19,,,,,,,,
RUS,Premier League,2021/2022,07/11/2021,16:00,Akhmat Grozny,Pari NN,3,1,H,1.65,3.77,6.31,1.75,3.77,6.76,1.65,3.59,5.65,,,,,,,,
RUS,Premier League,2021/2022,07/11/2021,16:00,Spartak Moscow,Lokomotiv Moscow,1,1,D,2.2,3.51,3.45,2.22,3.88,3.62,2.12,3.45,3.34,,,,,,,,
RUS,Premier League,2021/2022,19/11/2021,16:00,Zenit,Pari NN,5,1,H,1.12,10.21,23.74,1.16,12.3,27,1.11,9.41,20.43,,,,,,,,
RUS,Premier League,2021/2022,20/11/2021,11:00,Krylya Sovetov,Ural,1,1,D,1.7,3.64,5.88,1.9,3.75,6.2,1.69,3.51,5.42,,,,,,,,
RUS,Premier League,2021/2022,20/11/2021,13:30,Lokomotiv Moscow,Akhmat Grozny,1,2,A,2.59,3.18,3.06,2.59,3.35,4,2.43,3.15,3.03,,,,,,,,
RUS,Premier League,2021/2022,20/11/2021,16:00,Krasnodar,Spartak Moscow,2,1,H,1.74,4.29,4.5,1.85,4.4,4.53,1.75,3.97,4.23,,,,,,,,
RUS,Premier League,2021/2022,21/11/2021,11:00,CSKA Moscow,Khimki,0,0,D,1.54,4.34,6.5,1.6,4.63,6.95,1.52,4.17,6.16,,,,,,,,
RUS,Premier League,2021/2022,21/11/2021,11:00,FK Rostov,Ufa,2,2,D,2.22,3.12,3.87,2.25,3.53,4,2.15,3.13,3.64,,,,,,,,
RUS,Premier League,2021/2022,21/11/2021,13:30,Dynamo Moscow,Arsenal Tula,5,1,H,1.42,4.7,8.85,1.45,5,9,1.39,4.62,8.09,,,,,,,,
RUS,Premier League,2021/2022,21/11/2021,16:30,Sochi,Rubin Kazan,1,2,A,1.54,4.32,6.64,1.6,4.59,6.65,1.52,4.18,6.14,,,,,,,,
RUS,Premier League,2021/2022,27/11/2021,11:00,Ural,Sochi,1,1,D,4.49,3.16,2.04,4.92,3.57,2.07,4.35,3.22,1.93,,,,,,,,
RUS,Premier League,2021/2022,27/11/2021,13:30,Akhmat Grozny,FK Rostov,2,0,H,2.09,3.24,4.12,2.25,3.32,4.12,2.09,3.17,3.74,,,,,,,,
RUS,Premier League,2021/2022,27/11/2021,16:00,Khimki,Krasnodar,3,3,D,5.31,4.3,1.64,5.81,4.3,1.75,5.07,4.01,1.63,,,,,,,,
RUS,Premier League,2021/2022,28/11/2021,11:00,Pari NN,Krylya Sovetov,0,0,D,4.21,3.47,1.99,4.33,3.68,2.14,3.92,3.37,1.96,,,,,,,,
RUS,Premier League,2021/2022,28/11/2021,13:30,Rubin Kazan,Dynamo Moscow,2,3,A,3.81,3.62,2.04,4.05,3.81,2.13,3.62,3.48,2.01,,,,,,,,
RUS,Premier League,2021/2022,28/11/2021,17:00,CSKA Moscow,Zenit,0,2,A,4.19,3.63,1.94,4.45,4.18,1.94,4.13,3.65,1.83,,,,,,,,
RUS,Premier League,2021/2022,29/11/2021,14:00,Ufa,Spartak Moscow,1,1,D,2.94,3.19,2.68,3.3,3.45,2.7,2.92,3.14,2.5,,,,,,,,
RUS,Premier League,2021/2022,29/11/2021,16:00,Arsenal Tula,Lokomotiv Moscow,3,1,H,3.37,3.46,2.26,3.65,3.52,2.4,3.25,3.31,2.22,,,,,,,,
RUS,Premier League,2021/2022,03/12/2021,16:00,Zenit,FK Rostov,2,2,D,1.19,7.59,16.22,1.25,7.59,16.25,1.21,6.78,12.54,,,,,,,,
RUS,Premier League,2021/2022,04/12/2021,11:00,Krylya Sovetov,CSKA Moscow,0,1,A,3.04,3.19,2.59,3.17,3.35,2.63,2.99,3.17,2.44,,,,,,,,
RUS,Premier League,2021/2022,04/12/2021,14:00,Spartak Moscow,Akhmat Grozny,2,1,H,2.2,3.41,3.57,2.23,3.41,3.95,2.14,3.26,3.5,,,,,,,,
RUS,Premier League,2021/2022,04/12/2021,16:00,Lokomotiv Moscow,Ural,0,1,A,1.79,3.53,5.26,1.88,3.65,6,1.76,3.38,5.15,,,,,,,,
RUS,Premier League,2021/2022,05/12/2021,11:00,Khimki,Arsenal Tula,1,2,A,1.98,3.37,4.39,2.11,3.55,4.44,1.96,3.34,3.98,,,,,,,,
RUS,Premier League,2021/2022,05/12/2021,13:30,Dynamo Moscow,Ufa,2,0,H,1.73,3.53,5.94,1.73,3.74,6.5,1.67,3.54,5.72,,,,,,,,
RUS,Premier League,2021/2022,05/12/2021,13:30,Pari NN,Rubin Kazan,2,1,H,3.44,3.09,2.42,3.62,3.4,2.42,3.28,3.15,2.29,,,,,,,,
RUS,Premier League,2021/2022,05/12/2021,16:00,Sochi,Krasnodar,1,2,A,2.39,3.68,2.95,2.57,3.95,3.25,2.33,3.54,2.88,,,,,,,,
RUS,Premier League,2021/2022,11/12/2021,11:00,Krylya Sovetov,Rubin Kazan,2,0,H,1.93,3.56,4.31,2.1,3.84,4.4,1.91,3.46,4.02,,,,,,,,
RUS,Premier League,2021/2022,11/12/2021,13:30,CSKA Moscow,Arsenal Tula,2,0,H,1.55,4.08,7.06,1.58,4.25,7.21,1.53,3.94,6.51,,,,,,,,
RUS,Premier League,2021/2022,11/12/2021,16:00,FK Rostov,Ural,1,4,A,2.05,3.15,4.46,2.17,3.35,4.46,2.02,3.13,4.03,,,,,,,,
RUS,Premier League,2021/2022,12/12/2021,11:00,Dynamo Moscow,Zenit,1,1,D,3.27,3.38,2.35,3.44,3.61,2.38,3.11,3.36,2.26,,,,,,,,
RUS,Premier League,2021/2022,12/12/2021,13:30,Akhmat Grozny,Khimki,4,1,H,1.68,3.73,6.02,1.75,4.07,6.05,1.65,3.71,5.35,,,,,,,,
RUS,Premier League,2021/2022,12/12/2021,16:00,Krasnodar,Pari NN,0,0,D,1.44,4.88,7.66,1.46,5.21,8.4,1.42,4.59,7.15,,,,,,,,
RUS,Premier League,2021/2022,12/12/2021,16:00,Lokomotiv Moscow,Ufa,2,0,H,2.19,3.27,3.76,2.25,3.42,4,2.14,3.17,3.57,,,,,,,,
RUS,Premier League,2021/2022,13/12/2021,16:00,Sochi,Spartak Moscow,3,0,H,2.11,3.66,3.54,2.23,3.88,3.62,2.06,3.56,3.42,,,,,,,,
RUS,Premier League,2021/2022,26/02/2022,11:00,Khimki,Dynamo Moscow,0,3,A,5.65,3.85,1.68,6.64,4.07,1.7,5.43,3.76,1.64,,,,,,,,
RUS,Premier League,2021/2022,26/02/2022,11:00,Pari NN,Ural,1,0,H,2.88,2.91,2.97,3.21,2.93,3,2.89,2.77,2.84,,,,,,,,
RUS,Premier League,2021/2022,26/02/2022,13:30,Sochi,Arsenal Tula,2,0,H,1.67,3.86,5.74,1.68,4.2,6.3,1.62,3.91,5.36,,,,,,,,
RUS,Premier League,2021/2022,26/02/2022,16:00,Spartak Moscow,CSKA Moscow,0,2,A,2.93,3.17,2.7,3.08,3.4,2.8,2.87,3.1,2.58,,,,,,,,
RUS,Premier League,2021/2022,27/02/2022,16:00,Akhmat Grozny,Ufa,2,1,H,1.88,3.33,5.02,2,3.54,5.25,1.85,3.3,4.67,,,,,,,,
RUS,Premier League,2021/2022,28/02/2022,16:00,Zenit,Rubin Kazan,3,2,H,1.2,7.3,14.46,1.29,8,16,1.2,7.08,12.89,,,,,,,,
RUS,Premier League,2021/2022,05/03/2022,16:00,CSKA Moscow,Pari NN,1,0,H,1.45,4.25,8.78,1.52,4.7,9.7,1.44,4.35,8.05,,,,,,,,
RUS,Premier League,2021/2022,06/03/2022,11:00,Krylya Sovetov,Arsenal Tula,2,2,D,1.85,3.41,4.95,1.95,3.72,4.95,1.89,3.36,4.44,,,,,,,,
RUS,Premier League,2021/2022,06/03/2022,11:00,Lokomotiv Moscow,Khimki,3,2,H,1.91,3.52,4.4,2.13,3.7,4.6,1.95,3.46,4.06,,,,,,,,
RUS,Premier League,2021/2022,06/03/2022,16:00,Dynamo Moscow,Spartak Moscow,0,2,A,2.31,3.47,3.2,2.41,3.5,3.42,2.31,3.3,3.18,,,,,,,,
RUS,Premier League,2021/2022,07/03/2022,11:00,Krasnodar,Ural,2,1,H,2.77,3.27,2.73,2.79,3.48,2.87,2.67,3.25,2.73,,,,,,,,
RUS,Premier League,2021/2022,07/03/2022,13:30,FK Rostov,Sochi,0,1,A,2.93,3.35,2.54,2.99,3.48,2.6,2.89,3.29,2.49,,,,,,,,
RUS,Premier League,2021/2022,07/03/2022,13:30,Zenit,Ufa,2,0,H,1.2,7.12,14.08,1.24,7.5,16.75,1.21,6.87,13.34,,,,,,,,
RUS,Premier League,2021/2022,07/03/2022,16:00,Akhmat Grozny,Rubin Kazan,1,2,A,1.81,4.06,4.22,1.96,4.07,4.59,1.83,3.75,4.1,,,,,,,,
RUS,Premier League,2021/2022,12/03/2022,11:00,Ufa,Pari NN,0,0,D,1.66,3.56,6.51,1.8,3.66,6.55,1.69,3.47,5.9,,,,,,,,
RUS,Premier League,2021/2022,12/03/2022,13:30,Arsenal Tula,Dynamo Moscow,1,4,A,5.01,3.78,1.75,5.2,3.92,1.8,4.86,3.73,1.74,,,,,,,,
RUS,Premier League,2021/2022,12/03/2022,16:00,Lokomotiv Moscow,CSKA Moscow,1,2,A,3.86,3.39,2.08,4.15,3.4,2.13,3.84,3.32,2.06,,,,,,,,
RUS,Premier League,2021/2022,13/03/2022,09:00,Ural,Akhmat Grozny,0,0,D,3.42,2.88,2.54,3.43,3.07,2.57,3.25,2.89,2.51,,,,,,,,
RUS,Premier League,2021/2022,13/03/2022,11:00,Khimki,Sochi,0,0,D,4.55,4.03,1.76,4.74,4.03,1.81,4.55,3.84,1.76,,,,,,,,
RUS,Premier League,2021/2022,13/03/2022,13:30,Krylya Sovetov,Zenit,1,1,D,4.77,3.87,1.76,4.9,4.12,1.78,4.62,3.94,1.73,,,,,,,,
RUS,Premier League,2021/2022,13/03/2022,16:00,Spartak Moscow,Krasnodar,1,2,A,1.63,3.94,5.85,1.67,4.58,6.2,1.6,4.07,5.62,,,,,,,,
RUS,Premier League,2021/2022,14/03/2022,16:00,Rubin Kazan,FK Rostov,1,2,A,2.42,3.12,3.33,2.45,3.34,3.38,2.38,3.12,3.2,,,,,,,,
RUS,Premier League,2021/2022,19/03/2022,09:00,Ural,Khimki,0,1,A,1.95,3.26,4.62,2.05,3.34,4.62,1.96,3.16,4.39,,,,,,,,
RUS,Premier League,2021/2022,19/03/2022,11:00,Pari NN,Spartak Moscow,1,1,D,5.89,3.79,1.66,6.1,3.94,1.7,5.57,3.72,1.66,,,,,,,,
RUS,Premier League,2021/2022,19/03/2022,13:30,Akhmat Grozny,Lokomotiv Moscow,2,3,A,2.04,3.39,4,2.1,3.64,4.05,2.02,3.44,3.78,,,,,,,,
RUS,Premier League,2021/2022,19/03/2022,16:30,Zenit,Arsenal Tula,3,0,H,1.2,7,14.32,1.26,7.2,15,1.22,6.64,13.17,,,,,,,,
RUS,Premier League,2021/2022,20/03/2022,11:00,CSKA Moscow,Rubin Kazan,6,1,H,1.43,4.66,7.94,1.45,5.19,8.91,1.41,4.73,7.89,,,,,,,,
RUS,Premier League,2021/2022,20/03/2022,11:00,Ufa,Krasnodar,1,1,D,2.62,3.18,2.98,2.7,3.25,3.09,2.57,3.12,2.94,,,,,,,,
RUS,Premier League,2021/2022,20/03/2022,13:30,Sochi,Krylya Sovetov,2,3,A,2.17,3.26,3.76,2.22,3.5,3.76,2.16,3.27,3.55,,,,,,,,
RUS,Premier League,2021/2022,20/03/2022,17:00,Dynamo Moscow,FK Rostov,1,1,D,1.55,4.07,6.86,1.56,4.9,10,1.49,4.23,7.13,,,,,,,,
RUS,Premier League,2021/2022,01/04/2022,17:00,Rubin Kazan,Khimki,2,3,A,2.81,3.32,2.66,3.09,3.5,2.66,2.85,3.33,2.52,,,,,,,,
RUS,Premier League,2021/2022,02/04/2022,12:00,Arsenal Tula,Akhmat Grozny,0,0,D,3.73,3.38,2.13,3.92,3.52,2.17,3.66,3.37,2.09,,,,,,,,
RUS,Premier League,2021/2022,02/04/2022,12:00,Krylya Sovetov,Ufa,1,2,A,2.09,3.05,4.37,2.14,3.35,4.7,2.05,3.17,4.18,,,,,,,,
RUS,Premier League,2021/2022,02/04/2022,14:30,FK Rostov,Pari NN,1,2,A,1.8,3.38,5.42,1.85,3.54,5.5,1.81,3.34,5.2,,,,,,,,
RUS,Premier League,2021/2022,02/04/2022,17:30,Lokomotiv Moscow,Spartak Moscow,1,0,H,3.94,3.56,2,4.26,3.58,2.11,3.86,3.46,2.01,,,,,,,,
RUS,Premier League,2021/2022,03/04/2022,12:00,Krasnodar,Dynamo Moscow,0,1,A,3.67,3.68,2.04,3.75,3.88,2.11,3.61,3.61,2.04,,,,,,,,
RUS,Premier League,2021/2022,03/04/2022,14:30,CSKA Moscow,Ural,2,2,D,1.53,4.24,6.73,1.6,4.48,8.7,1.51,4.15,7.04,,,,,,,,
RUS,Premier League,2021/2022,03/04/2022,17:00,Sochi,Zenit,0,0,D,5.11,3.93,1.7,5.11,4.12,1.81,4.56,3.79,1.77,,,,,,,,
RUS,Premier League,2021/2022,06/04/2022,17:00,FK Rostov,Krylya Sovetov,1,0,H,2.64,3.11,3.01,2.87,3.26,3.01,2.68,3.08,2.87,,,,,,,,
RUS,Premier League,2021/2022,09/04/2022,12:00,Khimki,CSKA Moscow,4,2,H,5.76,4.42,1.57,6.05,4.42,1.63,5.69,4.23,1.57,,,,,,,,
RUS,Premier League,2021/2022,09/04/2022,12:00,Pari NN,Dynamo Moscow,0,1,A,5.88,4.01,1.62,7,4.1,1.64,6.14,3.92,1.59,,,,,,,,
RUS,Premier League,2021/2022,09/04/2022,14:30,Rubin Kazan,Krasnodar,0,1,A,2.03,3.89,3.51,2.06,3.9,3.85,2,3.69,3.62,,,,,,,,
RUS,Premier League,2021/2022,09/04/2022,17:30,Akhmat Grozny,Zenit,0,2,A,4.72,4,1.74,5.3,4.2,1.83,4.49,3.88,1.77,,,,,,,,
RUS,Premier League,2021/2022,10/04/2022,10:00,Ural,Krylya Sovetov,0,1,A,2.93,2.92,2.87,2.93,3.13,2.95,2.85,2.95,2.79,,,,,,,,
RUS,Premier League,2021/2022,10/04/2022,12:00,Ufa,Sochi,1,2,A,2.85,3.18,2.72,2.85,3.32,2.77,2.77,3.16,2.71,,,,,,,,
RUS,Premier League,2021/2022,10/04/2022,14:30,Spartak Moscow,Arsenal Tula,3,0,H,1.41,4.85,8.27,1.44,4.94,8.6,1.41,4.69,7.95,,,,,,,,
RUS,Premier League,2021/2022,10/04/2022,17:30,FK Rostov,Lokomotiv Moscow,4,1,H,2.62,3.2,2.95,2.8,3.5,2.95,2.61,3.2,2.83,,,,,,,,
RUS,Premier League,2021/2022,15/04/2022,17:30,Dynamo Moscow,Akhmat Grozny,2,0,H,1.65,4.19,5.27,1.71,4.19,5.65,1.67,3.92,5.16,,,,,,,,
RUS,Premier League,2021/2022,16/04/2022,12:00,Ufa,CSKA Moscow,1,1,D,4.07,3.22,2.09,4.16,3.56,2.11,3.92,3.31,2.04,,,,,,,,
RUS,Premier League,2021/2022,16/04/2022,14:30,Zenit,Ural,3,1,H,1.19,7.1,15.86,1.23,7.5,17.2,1.2,6.87,14.6,,,,,,,,
RUS,Premier League,2021/2022,16/04/2022,17:00,Spartak Moscow,Rubin Kazan,1,1,D,1.49,4.18,7.85,1.61,4.91,9.13,1.46,4.36,7.65,,,,,,,,
RUS,Premier League,2021/2022,17/04/2022,12:00,Arsenal Tula,FK Rostov,1,2,A,3.77,3.49,2.07,3.78,3.54,2.37,3.52,3.34,2.16,,,,,,,,
RUS,Premier League,2021/2022,17/04/2022,14:30,Krylya Sovetov,Krasnodar,2,0,H,1.66,3.91,5.57,1.72,4.02,5.7,1.66,3.88,5.35,,,,,,,,
RUS,Premier League,2021/2022,17/04/2022,14:30,Sochi,Lokomotiv Moscow,2,2,D,1.71,4.14,5.1,1.8,4.14,5.55,1.71,3.9,4.9,,,,,,,,
RUS,Premier League,2021/2022,17/04/2022,17:00,Pari NN,Khimki,0,0,D,3.02,3.13,2.62,3.11,3.24,2.72,2.95,3.08,2.61,,,,,,,,
RUS,Premier League,2021/2022,23/04/2022,12:00,Ural,Ufa,2,1,H,2.86,2.88,2.98,2.92,3.13,2.98,2.81,2.89,2.89,,,,,,,,
RUS,Premier League,2021/2022,23/04/2022,14:30,Lokomotiv Moscow,Pari NN,2,1,H,1.96,3.5,4.18,2.04,3.76,4.8,1.96,3.53,3.93,,,,,,,,
RUS,Premier League,2021/2022,23/04/2022,17:00,Sochi,Akhmat Grozny,3,2,H,1.93,3.61,3.97,2.03,3.74,4.14,1.94,3.59,3.94,,,,,,,,
RUS,Premier League,2021/2022,24/04/2022,12:00,Khimki,Krylya Sovetov,4,1,H,3.71,3.54,2.07,3.71,3.64,2.16,3.58,3.5,2.08,,,,,,,,
RUS,Premier League,2021/2022,24/04/2022,12:00,Rubin Kazan,Arsenal Tula,1,0,H,1.8,4.06,4.28,1.83,4.16,4.48,1.8,3.98,4.16,,,,,,,,
RUS,Premier League,2021/2022,24/04/2022,14:30,FK Rostov,Spartak Moscow,3,2,H,3.55,3.17,2.3,3.55,3.2,2.52,3.33,3.12,2.36,,,,,,,,
RUS,Premier League,2021/2022,24/04/2022,17:30,CSKA Moscow,Dynamo Moscow,1,0,H,2.91,3.63,2.41,2.97,3.76,2.57,2.84,3.54,2.43,,,,,,,,
RUS,Premier League,2021/2022,25/04/2022,17:00,Krasnodar,Zenit,1,3,A,8.15,5.73,1.35,9.5,6,1.4,8.49,5.39,1.34,,,,,,,,
RUS,Premier League,2021/2022,30/04/2022,12:00,Dynamo Moscow,Ural,2,3,A,1.42,4.45,9.04,1.46,4.7,9.04,1.43,4.39,8.51,,,,,,,,
RUS,Premier League,2021/2022,30/04/2022,12:00,Rubin Kazan,Sochi,0,6,A,4.05,3.89,1.88,4.33,3.89,2.05,3.99,3.68,1.91,,,,,,,,
RUS,Premier League,2021/2022,30/04/2022,14:30,Krasnodar,FK Rostov,2,1,H,2.56,3.51,2.8,2.79,3.64,2.8,2.56,3.46,2.72,,,,,,,,
RUS,Premier League,2021/2022,30/04/2022,17:30,Zenit,Lokomotiv Moscow,3,1,H,1.22,7.33,14.83,1.25,7.9,14.83,1.22,6.84,13,,,,,,,,
RUS,Premier League,2021/2022,01/05/2022,12:00,Spartak Moscow,Krylya Sovetov,2,1,H,1.72,3.85,5.09,1.79,4.14,5.4,1.75,3.82,4.74,,,,,,,,
RUS,Premier League,2021/2022,01/05/2022,14:30,Khimki,Ufa,1,1,D,2.67,3.35,2.78,2.67,3.48,2.92,2.58,3.33,2.78,,,,,,,,
RUS,Premier League,2021/2022,01/05/2022,17:00,Akhmat Grozny,CSKA Moscow,2,0,H,2.77,3.53,2.57,2.81,3.7,2.68,2.71,3.49,2.55,,,,,,,,
RUS,Premier League,2021/2022,02/05/2022,17:00,Arsenal Tula,Pari NN,2,2,D,2.79,3.14,2.82,2.86,3.25,2.89,2.77,3.09,2.76,,,,,,,,
RUS,Premier League,2021/2022,04/05/2022,17:00,Krasnodar,Lokomotiv Moscow,1,0,H,2.83,3.99,2.33,2.89,4.1,2.8,2.7,3.93,2.39,,,,,,,,
RUS,Premier League,2021/2022,06/05/2022,16:00,Krylya Sovetov,Dynamo Moscow,5,2,H,2.58,3.24,2.95,2.68,3.43,3.02,2.57,3.22,2.89,,,,,,,,
RUS,Premier League,2021/2022,07/05/2022,12:00,Ural,Spartak Moscow,1,3,A,3.48,3.34,2.24,3,3.7,2.49,2.89,3.51,2.39,,,,,,,,
RUS,Premier League,2021/2022,07/05/2022,14:30,Pari NN,Akhmat Grozny,0,1,A,3.12,3.3,2.44,3.34,3.36,2.53,3.06,3.25,2.41,,,,,,,,
RUS,Premier League,2021/2022,07/05/2022,14:30,Zenit,Khimki,1,0,H,1.19,7.52,15.34,1.24,7.8,16.8,1.2,7.25,13.28,,,,,,,,
RUS,Premier League,2021/2022,07/05/2022,17:00,CSKA Moscow,Sochi,0,1,A,2.22,3.58,3.28,2.34,3.75,3.28,2.26,3.52,3.11,,,,,,,,
RUS,Premier League,2021/2022,08/05/2022,12:00,Ufa,FK Rostov,0,0,D,2.05,3.42,3.94,2.19,3.56,3.95,2.11,3.4,3.6,,,,,,,,
RUS,Premier League,2021/2022,08/05/2022,14:30,Arsenal Tula,Krasnodar,1,1,D,2.5,3.49,2.88,2.74,3.55,2.96,2.56,3.37,2.79,,,,,,,,
RUS,Premier League,2021/2022,08/05/2022,17:00,Lokomotiv Moscow,Rubin Kazan,1,0,H,2.5,3.59,2.82,2.72,3.76,2.89,2.54,3.58,2.68,,,,,,,,
RUS,Premier League,2021/2022,13/05/2022,17:00,Sochi,Pari NN,0,0,D,1.56,4.28,6.23,1.56,4.95,7.3,1.51,4.45,6.23,,,,,,,,
RUS,Premier League,2021/2022,14/05/2022,12:00,Ufa,Arsenal Tula,2,1,H,1.66,3.99,5.49,1.72,4.15,5.49,1.65,3.97,5.26,,,,,,,,
RUS,Premier League,2021/2022,14/05/2022,14:30,FK Rostov,Khimki,2,1,H,2.31,3.36,3.3,2.31,3.73,3.56,2.18,3.5,3.32,,,,,,,,
RUS,Premier League,2021/2022,14/05/2022,14:30,Lokomotiv Moscow,Dynamo Moscow,3,3,D,3.79,4.09,1.9,4.11,4.1,2.05,3.73,3.91,1.92,,,,,,,,
RUS,Premier League,2021/2022,14/05/2022,17:00,Akhmat Grozny,Krylya Sovetov,1,0,H,2.31,3.82,2.95,2.48,3.87,2.96,2.34,3.69,2.87,,,,,,,,
RUS,Premier League,2021/2022,15/05/2022,12:00,Ural,Rubin Kazan,3,0,H,2.01,3.57,3.9,2.01,3.97,4.6,1.87,3.7,4.17,,,,,,,,
RUS,Premier League,2021/2022,15/05/2022,14:30,Spartak Moscow,Zenit,1,1,D,4.07,4.5,1.76,4.64,4.55,1.8,4.06,4.31,1.77,,,,,,,,
RUS,Premier League,2021/2022,15/05/2022,17:00,Krasnodar,CSKA Moscow,1,0,H,3.37,3.96,2.06,3.45,4,2.34,3.19,3.81,2.13,,,,,,,,
RUS,Premier League,2021/2022,21/05/2022,15:00,Arsenal Tula,Ural,1,2,A,8.76,4.96,1.38,9,5,1.48,8.05,4.73,1.41,,,,,,,,
RUS,Premier League,2021/2022,21/05/2022,15:00,CSKA Moscow,FK Rostov,4,0,H,1.57,4.63,5.42,1.67,4.67,5.8,1.6,4.35,5.19,,,,,,,,
RUS,Premier League,2021/2022,21/05/2022,15:00,Dynamo Moscow,Sochi,1,5,A,2.42,3.45,3.02,2.45,3.65,3.36,2.31,3.51,3.05,,,,,,,,
RUS,Premier League,2021/2022,21/05/2022,15:00,Khimki,Spartak Moscow,2,1,H,2.93,3.87,2.31,3.03,3.96,2.35,2.87,3.78,2.3,,,,,,,,
RUS,Premier League,2021/2022,21/05/2022,15:00,Krasnodar,Akhmat Grozny,1,1,D,2.87,4.11,2.26,2.97,4.2,2.41,2.81,3.97,2.27,,,,,,,,
RUS,Premier League,2021/2022,21/05/2022,15:00,Krylya Sovetov,Lokomotiv Moscow,0,1,A,1.85,4.12,3.98,1.94,4.15,4.2,1.88,3.98,3.78,,,,,,,,
RUS,Premier League,2021/2022,21/05/2022,15:00,Pari NN,Zenit,1,0,H,4.28,3.58,1.92,4.42,3.72,2.01,4.11,3.54,1.92,,,,,,,,
RUS,Premier League,2021/2022,21/05/2022,15:00,Rubin Kazan,Ufa,1,2,A,3.1,3.79,2.24,3.25,3.79,2.37,3.1,3.6,2.24,,,,,,,,
RUS,Premier League,2021/2022,25/05/2022,10:30,SKA Khabarovsk,Khimki,1,0,H,2.99,2.81,2.83,3.03,3.19,2.9,2.91,2.86,2.74,,,,,,,,
RUS,Premier League,2021/2022,25/05/2022,15:30,Orenburg,Ufa,2,2,D,3.61,3.35,2.13,4.1,3.41,2.23,3.79,3.26,2.08,,,,,,,,
RUS,Premier League,2021/2022,28/05/2022,12:00,Khimki,SKA Khabarovsk,3,0,H,1.74,3.48,5.41,1.78,3.74,5.6,1.73,3.5,5.27,,,,,,,,
RUS,Premier League,2021/2022,28/05/2022,14:00,Ufa,Orenburg,1,2,A,2.11,3.21,3.85,2.15,3.37,4.32,2.06,3.24,3.88,,,,,,,,
RUS,Premier League,2022/2023,15/07/2022,18:00,Khimki,Zenit,1,1,D,9.13,5.68,1.33,12,6.4,1.36,9.22,5.56,1.32,,,,,,,,
RUS,Premier League,2022/2023,16/07/2022,13:00,CSKA Moscow,Ural,2,0,H,1.97,3.27,4.54,1.97,3.74,4.94,1.9,3.34,4.5,,,,,,,,
RUS,Premier League,2022/2023,16/07/2022,15:30,Orenburg,Krylya Sovetov,2,4,A,2.88,3.39,2.56,2.9,3.5,2.65,2.79,3.35,2.55,,,,,,,,
RUS,Premier League,2022/2023,16/07/2022,18:00,Akhmat Grozny,Spartak Moscow,1,1,D,2.55,3.3,2.96,2.67,3.4,3,2.54,3.26,2.87,,,,,,,,
RUS,Premier League,2022/2023,17/07/2022,13:00,Torpedo Moscow,Sochi,1,3,A,3.83,3.62,2.01,3.83,3.8,2.09,3.63,3.59,2.03,,,,,,,,
RUS,Premier League,2022/2023,17/07/2022,15:30,Lokomotiv Moscow,Pari NN,1,1,D,1.79,3.52,4.66,1.88,3.75,5.1,1.81,3.6,4.56,,,,,,,,
RUS,Premier League,2022/2023,17/07/2022,18:00,Dynamo Moscow,FK Rostov,1,1,D,2.03,3.46,3.94,2.11,3.7,4.4,2.01,3.49,3.86,,,,,,,,
RUS,Premier League,2022/2023,17/07/2022,18:00,Krasnodar,Fakel Voronezh,2,2,D,1.68,3.92,5.29,1.77,4.08,5.5,1.68,3.9,5.14,,,,,,,,
RUS,Premier League,2022/2023,22/07/2022,18:00,Zenit,Krylya Sovetov,3,0,H,1.36,5.57,8.04,1.42,5.65,8.1,1.38,5.31,7.2,,,,,,,,
RUS,Premier League,2022/2023,23/07/2022,13:00,CSKA Moscow,Sochi,3,0,H,2.07,3.51,3.76,2.28,3.66,3.76,2.16,3.48,3.36,,,,,,,,
RUS,Premier League,2022/2023,23/07/2022,15:30,Orenburg,Ural,3,0,H,2.18,3.39,3.58,2.37,3.44,3.65,2.23,3.27,3.38,,,,,,,,
RUS,Premier League,2022/2023,23/07/2022,18:00,Krasnodar,Spartak Moscow,1,4,A,3.45,3.65,2.13,3.6,3.7,2.27,3.31,3.52,2.17,,,,,,,,
RUS,Premier League,2022/2023,24/07/2022,13:00,Khimki,Pari NN,3,0,H,2.05,3.35,4.04,2.12,3.51,4.15,2.05,3.33,3.87,,,,,,,,
RUS,Premier League,2022/2023,24/07/2022,15:30,Dynamo Moscow,Torpedo Moscow,4,0,H,1.53,4.44,6.19,1.58,4.44,6.25,1.54,4.3,5.94,,,,,,,,
RUS,Premier League,2022/2023,24/07/2022,18:00,Akhmat Grozny,Fakel Voronezh,2,1,H,1.8,3.84,4.55,1.83,4.05,5.3,1.77,3.81,4.54,,,,,,,,
RUS,Premier League,2022/2023,24/07/2022,18:00,Lokomotiv Moscow,FK Rostov,2,2,D,2.72,3.29,2.77,2.8,3.52,2.86,2.65,3.31,2.7,,,,,,,,
RUS,Premier League,2022/2023,29/07/2022,16:00,Ural,Krasnodar,1,3,A,2.65,3.28,2.85,2.76,3.54,2.85,2.65,3.26,2.74,,,,,,,,
RUS,Premier League,2022/2023,30/07/2022,13:00,Fakel Voronezh,Dynamo Moscow,3,3,D,3.35,3.53,2.22,3.46,3.68,2.3,3.3,3.46,2.19,,,,,,,,
RUS,Premier League,2022/2023,30/07/2022,15:30,Zenit,Lokomotiv Moscow,5,0,H,1.27,6.57,9.71,1.32,6.75,11,1.27,6.35,9.88,,,,,,,,
RUS,Premier League,2022/2023,30/07/2022,18:00,Sochi,Akhmat Grozny,2,1,H,2.06,3.44,3.86,2.08,3.7,4,2,3.54,3.75,,,,,,,,
RUS,Premier League,2022/2023,31/07/2022,13:00,Pari NN,CSKA Moscow,2,2,D,6.16,4.14,1.58,6.5,4.4,1.61,5.99,4.04,1.58,,,,,,,,
RUS,Premier League,2022/2023,31/07/2022,15:30,Krylya Sovetov,Torpedo Moscow,1,1,D,1.72,3.88,5.09,1.74,4.3,5.75,1.66,4.06,5.06,,,,,,,,
RUS,Premier League,2022/2023,31/07/2022,15:30,Spartak Moscow,Orenburg,4,1,H,1.39,5.37,7.42,1.43,5.37,7.9,1.39,5.09,7.3,,,,,,,,
RUS,Premier League,2022/2023,31/07/2022,18:00,FK Rostov,Khimki,1,0,H,1.74,3.9,4.87,1.81,3.98,4.95,1.73,3.8,4.71,,,,,,,,
RUS,Premier League,2022/2023,06/08/2022,13:00,Ural,Spartak Moscow,0,2,A,4.97,3.8,1.75,5.4,4.22,1.75,5.01,3.93,1.68,,,,,,,,
RUS,Premier League,2022/2023,06/08/2022,15:30,CSKA Moscow,Fakel Voronezh,4,1,H,1.61,4.11,5.74,1.66,4.48,5.95,1.6,4.14,5.26,,,,,,,,
RUS,Premier League,2022/2023,06/08/2022,18:00,Akhmat Grozny,Zenit,0,0,D,6.84,4.73,1.47,7.4,4.85,1.58,6.19,4.5,1.51,,,,,,,,
RUS,Premier League,2022/2023,06/08/2022,18:00,Krasnodar,Lokomotiv Moscow,3,0,H,2.48,3.59,2.84,2.58,3.86,3.04,2.41,3.58,2.84,,,,,,,,
RUS,Premier League,2022/2023,07/08/2022,13:00,Torpedo Moscow,Khimki,1,3,A,3.29,3.4,2.29,3.42,3.51,2.36,3.21,3.31,2.29,,,,,,,,
RUS,Premier League,2022/2023,07/08/2022,15:30,Krylya Sovetov,Dynamo Moscow,0,2,A,2.1,3.65,3.53,2.3,3.75,3.53,2.19,3.51,3.26,,,,,,,,
RUS,Premier League,2022/2023,07/08/2022,18:00,FK Rostov,Orenburg,2,1,H,1.58,4.24,5.91,1.68,4.26,5.91,1.62,4.08,5.32,,,,,,,,
RUS,Premier League,2022/2023,07/08/2022,18:00,Sochi,Pari NN,2,1,H,1.44,4.94,7.15,1.49,5,8,1.43,4.75,7.1,,,,,,,,
RUS,Premier League,2022/2023,12/08/2022,17:30,Fakel Voronezh,Ural,0,0,D,1.98,3.75,3.81,2.09,3.75,3.81,2.01,3.6,3.65,,,,,,,,
RUS,Premier League,2022/2023,13/08/2022,13:00,Lokomotiv Moscow,Krylya Sovetov,1,1,D,2.65,3.7,2.59,2.85,3.83,2.92,2.62,3.56,2.6,,,,,,,,
RUS,Premier League,2022/2023,13/08/2022,15:00,Zenit,CSKA Moscow,2,1,H,1.49,4.7,6.48,1.56,4.8,7.4,1.5,4.53,6.2,,,,,,,,
RUS,Premier League,2022/2023,13/08/2022,18:00,Dynamo Moscow,Krasnodar,0,0,D,1.66,4.37,4.87,1.73,4.37,4.9,1.68,4.13,4.68,,,,,,,,
RUS,Premier League,2022/2023,14/08/2022,13:00,Khimki,Akhmat Grozny,1,3,A,3.03,3.14,2.59,3.03,3.4,2.69,2.89,3.14,2.58,,,,,,,,
RUS,Premier League,2022/2023,14/08/2022,15:30,Pari NN,FK Rostov,3,4,A,4.1,3.49,1.98,4.2,3.61,2.05,4,3.43,1.97,,,,,,,,
RUS,Premier League,2022/2023,14/08/2022,15:30,Orenburg,Torpedo Moscow,1,0,H,2.23,3.51,3.33,2.27,3.66,3.52,2.2,3.47,3.29,,,,,,,,
RUS,Premier League,2022/2023,14/08/2022,18:00,Spartak Moscow,Sochi,3,0,H,1.97,3.74,3.85,2.05,3.95,3.96,1.96,3.75,3.72,,,,,,,,
RUS,Premier League,2022/2023,19/08/2022,17:00,Krylya Sovetov,Fakel Voronezh,1,1,D,1.74,4.08,4.65,1.77,4.08,5,1.74,3.92,4.48,,,,,,,,
RUS,Premier League,2022/2023,20/08/2022,11:00,Ural,Pari NN,0,1,A,1.93,3.42,4.45,2.14,3.45,4.5,1.93,3.35,4.19,,,,,,,,
RUS,Premier League,2022/2023,20/08/2022,13:00,Khimki,Lokomotiv Moscow,0,3,A,2.51,3.67,2.76,2.74,3.67,2.76,2.56,3.52,2.64,,,,,,,,
RUS,Premier League,2022/2023,20/08/2022,15:30,Dynamo Moscow,Spartak Moscow,1,0,H,3.53,3.68,2.09,3.6,3.84,2.18,3.33,3.57,2.12,,,,,,,,
RUS,Premier League,2022/2023,20/08/2022,18:00,FK Rostov,Sochi,2,2,D,2.5,3.65,2.79,2.54,3.75,2.93,2.47,3.54,2.74,,,,,,,,
RUS,Premier League,2022/2023,21/08/2022,13:00,CSKA Moscow,Akhmat Grozny,4,2,H,1.71,3.95,5.03,1.81,4.05,5.03,1.73,3.83,4.62,,,,,,,,
RUS,Premier League,2022/2023,21/08/2022,15:30,Zenit,Torpedo Moscow,2,0,H,1.16,8.57,16.01,1.17,9.3,20,1.15,8.15,16.51,,,,,,,,
RUS,Premier League,2022/2023,21/08/2022,18:00,Krasnodar,Orenburg,2,0,H,1.87,3.8,4.21,1.92,4.04,4.94,1.86,3.69,4.09,,,,,,,,
RUS,Premier League,2022/2023,26/08/2022,18:00,Sochi,Khimki,4,1,H,1.46,4.8,6.84,1.56,4.8,6.84,1.5,4.57,6.04,,,,,,,,
RUS,Premier League,2022/2023,27/08/2022,13:00,Pari NN,Dynamo Moscow,2,2,D,3.76,3.57,2.05,4.7,3.75,2.07,3.83,3.52,1.98,,,,,,,,
RUS,Premier League,2022/2023,27/08/2022,15:30,Fakel Voronezh,Spartak Moscow,1,4,A,5.18,4.28,1.64,5.45,4.33,1.7,4.91,4.09,1.66,,,,,,,,
RUS,Premier League,2022/2023,27/08/2022,18:00,Akhmat Grozny,Krylya Sovetov,1,2,A,2.21,3.68,3.22,2.26,3.7,3.41,2.18,3.54,3.18,,,,,,,,
RUS,Premier League,2022/2023,28/08/2022,11:00,Ural,Zenit,0,4,A,13.07,6.32,1.24,15,6.85,1.29,11.82,6.02,1.24,,,,,,,,
RUS,Premier League,2022/2023,28/08/2022,13:00,Lokomotiv Moscow,Orenburg,5,1,H,1.74,4.14,4.56,1.81,4.14,4.58,1.76,3.94,4.3,,,,,,,,
RUS,Premier League,2022/2023,28/08/2022,15:30,Torpedo Moscow,Krasnodar,1,4,A,3.76,3.55,2.06,3.76,3.7,2.17,3.44,3.49,2.1,,,,,,,,
RUS,Premier League,2022/2023,28/08/2022,17:45,FK Rostov,CSKA Moscow,0,0,D,3.02,3.6,2.36,3.22,3.76,2.39,3,3.54,2.3,,,,,,,,
RUS,Premier League,2022/2023,03/09/2022,11:00,Orenburg,Khimki,3,1,H,1.93,3.65,4.09,1.96,3.86,4.28,1.91,3.6,3.94,,,,,,,,
RUS,Premier League,2022/2023,03/09/2022,13:00,Pari NN,Fakel Voronezh,3,1,H,2.24,3.38,3.44,2.25,3.58,3.48,2.21,3.29,3.35,,,,,,,,
RUS,Premier League,2022/2023,03/09/2022,16:30,Krasnodar,Sochi,2,1,H,3.16,3.9,2.17,3.16,3.92,2.55,2.84,3.75,2.32,,,,,,,,
RUS,Premier League,2022/2023,03/09/2022,18:30,Dynamo Moscow,Ural,2,1,H,1.66,4.03,5.41,1.71,4.22,5.8,1.66,3.9,5.12,,,,,,,,
RUS,Premier League,2022/2023,04/09/2022,13:00,Krylya Sovetov,CSKA Moscow,0,1,A,3.46,3.47,2.19,3.74,3.72,2.2,3.4,3.51,2.11,,,,,,,,
RUS,Premier League,2022/2023,04/09/2022,15:30,Lokomotiv Moscow,Akhmat Grozny,1,2,A,2.14,3.72,3.37,2.19,3.76,3.4,2.14,3.56,3.26,,,,,,,,
RUS,Premier League,2022/2023,04/09/2022,18:00,Spartak Moscow,Zenit,1,2,A,3.82,3.8,1.96,4.2,4.05,2.01,3.64,3.8,1.96,,,,,,,,
RUS,Premier League,2022/2023,05/09/2022,18:00,Torpedo Moscow,FK Rostov,0,1,A,5.36,4.03,1.66,5.75,4.05,1.69,5.24,3.94,1.64,,,,,,,,
RUS,Premier League,2022/2023,09/09/2022,18:00,Sochi,Dynamo Moscow,2,1,H,1.84,4.02,4.12,2.04,4.05,4.15,1.86,3.88,3.87,,,,,,,,
RUS,Premier League,2022/2023,10/09/2022,13:00,Khimki,Krylya Sovetov,0,0,D,4.44,3.85,1.82,4.57,3.96,1.89,4.16,3.76,1.82,,,,,,,,
RUS,Premier League,2022/2023,10/09/2022,15:30,CSKA Moscow,Krasnodar,4,1,H,1.49,4.88,6.17,1.52,4.95,7,1.48,4.69,6.1,,,,,,,,
RUS,Premier League,2022/2023,10/09/2022,17:45,Akhmat Grozny,Pari NN,1,3,A,1.81,3.71,4.66,1.86,3.86,4.66,1.82,3.63,4.34,,,,,,,,
RUS,Premier League,2022/2023,11/09/2022,11:00,Ural,Torpedo Moscow,2,0,H,1.88,3.48,4.59,1.9,3.7,4.8,1.86,3.51,4.33,,,,,,,,
RUS,Premier League,2022/2023,11/09/2022,13:00,Fakel Voronezh,Lokomotiv Moscow,2,0,H,3.13,3.6,2.29,3.26,3.7,2.3,3.08,3.5,2.25,,,,,,,,
RUS,Premier League,2022/2023,11/09/2022,15:30,Zenit,Orenburg,8,0,H,1.14,9.09,17.72,1.17,9.4,19,1.14,8.55,16.43,,,,,,,,
RUS,Premier League,2022/2023,11/09/2022,17:45,FK Rostov,Spartak Moscow,4,2,H,2.58,3.55,2.75,2.76,3.72,2.75,2.6,3.57,2.57,,,,,,,,
RUS,Premier League,2022/2023,17/09/2022,10:00,Ural,Akhmat Grozny,1,2,A,2.64,3.32,2.84,2.75,3.52,2.9,2.57,3.28,2.79,,,,,,,,
RUS,Premier League,2022/2023,17/09/2022,12:00,Torpedo Moscow,CSKA Moscow,1,0,H,13.41,6.34,1.23,13.41,6.5,1.3,12.31,6.13,1.23,,,,,,,,
RUS,Premier League,2022/2023,17/09/2022,14:30,FK Rostov,Krylya Sovetov,2,1,H,2.06,3.63,3.67,2.07,3.86,4.18,2.01,3.59,3.63,,,,,,,,
RUS,Premier League,2022/2023,17/09/2022,17:00,Dynamo Moscow,Zenit,0,2,A,5.67,4.42,1.56,6.55,4.55,1.59,5.78,4.29,1.56,,,,,,,,
RUS,Premier League,2022/2023,18/09/2022,12:00,Pari NN,Orenburg,0,2,A,2.44,3.35,3.08,2.44,3.54,3.41,2.27,3.3,3.22,,,,,,,,
RUS,Premier League,2022/2023,18/09/2022,14:30,Krasnodar,Khimki,3,1,H,1.7,4.11,5.05,1.73,4.28,5.05,1.69,4.03,4.66,,,,,,,,
RUS,Premier League,2022/2023,18/09/2022,14:30,Sochi,Fakel Voronezh,1,1,D,1.49,4.79,6.41,1.52,4.79,6.7,1.5,4.56,5.99,,,,,,,,
RUS,Premier League,2022/2023,18/09/2022,17:00,Spartak Moscow,Lokomotiv Moscow,1,0,H,1.65,4.7,4.62,1.69,4.75,5,1.64,4.42,4.68,,,,,,,,
RUS,Premier League,2022/2023,01/10/2022,12:00,Orenburg,Sochi,4,1,H,2.86,3.88,2.33,2.97,3.88,2.4,2.84,3.73,2.31,,,,,,,,
RUS,Premier League,2022/2023,01/10/2022,14:30,Khimki,CSKA Moscow,1,2,A,7.41,4.95,1.43,7.41,4.95,1.49,6.93,4.78,1.43,,,,,,,,
RUS,Premier League,2022/2023,01/10/2022,17:00,Lokomotiv Moscow,Ural,2,4,A,1.77,3.97,4.57,1.82,4,4.64,1.77,3.89,4.34,,,,,,,,
RUS,Premier League,2022/2023,02/10/2022,12:00,Fakel Voronezh,Torpedo Moscow,2,2,D,1.88,3.46,4.83,1.91,3.62,4.83,1.88,3.42,4.42,,,,,,,,
RUS,Premier League,2022/2023,02/10/2022,14:30,Zenit,FK Rostov,3,1,H,1.26,6.28,11.68,1.28,6.9,13.25,1.25,6.29,11.31,,,,,,,,
RUS,Premier League,2022/2023,02/10/2022,17:00,Akhmat Grozny,Dynamo Moscow,2,1,H,2.58,3.59,2.77,2.63,3.62,2.78,2.54,3.47,2.7,,,,,,,,
RUS,Premier League,2022/2023,02/10/2022,17:00,Pari NN,Spartak Moscow,1,2,A,6.72,3.91,1.6,6.8,4.15,1.65,5.98,3.98,1.59,,,,,,,,
RUS,Premier League,2022/2023,03/10/2022,17:00,Krylya Sovetov,Krasnodar,0,0,D,1.94,3.74,4.03,2.05,3.76,4.4,1.9,3.66,3.98,,,,,,,,
RUS,Premier League,2022/2023,07/10/2022,15:30,Ural,Khimki,2,1,H,1.65,3.98,5.53,1.79,4.1,5.53,1.68,3.89,4.99,,,,,,,,
RUS,Premier League,2022/2023,08/10/2022,12:00,Fakel Voronezh,Zenit,1,1,D,9.3,5.11,1.35,9.8,5.7,1.38,8.53,5.18,1.35,,,,,,,,
RUS,Premier League,2022/2023,08/10/2022,14:30,CSKA Moscow,Dynamo Moscow,1,1,D,2,3.67,3.83,2.03,3.92,4,1.97,3.66,3.72,,,,,,,,
RUS,Premier League,2022/2023,08/10/2022,17:00,Sochi,Lokomotiv Moscow,4,0,H,2.04,3.81,3.54,2.08,4,3.64,2.03,3.77,3.41,,,,,,,,
RUS,Premier League,2022/2023,09/10/2022,12:00,Spartak Moscow,Krylya Sovetov,5,2,H,1.7,4.11,4.82,1.77,4.3,4.85,1.71,3.99,4.58,,,,,,,,
RUS,Premier League,2022/2023,09/10/2022,14:30,Orenburg,Akhmat Grozny,2,1,H,2.39,3.61,2.97,2.43,3.78,3,2.37,3.58,2.85,,,,,,,,
RUS,Premier League,2022/2023,09/10/2022,14:30,Torpedo Moscow,Pari NN,0,0,D,3.35,3.08,2.44,3.35,3.3,2.48,3.14,3.09,2.43,,,,,,,,
RUS,Premier League,2022/2023,09/10/2022,17:00,FK Rostov,Krasnodar,3,2,H,2.19,3.58,3.36,2.2,3.82,3.6,2.13,3.56,3.34,,,,,,,,
RUS,Premier League,2022/2023,14/10/2022,17:30,FK Rostov,Ural,1,2,A,1.92,3.67,4.15,1.95,3.9,4.52,1.91,3.63,3.96,,,,,,,,
RUS,Premier League,2022/2023,15/10/2022,12:00,Khimki,Fakel Voronezh,0,0,D,3.02,3.44,2.43,3.08,3.54,2.45,2.95,3.37,2.39,,,,,,,,
RUS,Premier League,2022/2023,15/10/2022,12:00,Torpedo Moscow,Lokomotiv Moscow,0,1,A,4.69,3.96,1.75,4.7,3.96,1.84,4.38,3.77,1.79,,,,,,,,
RUS,Premier League,2022/2023,15/10/2022,14:30,Krasnodar,Akhmat Grozny,2,3,A,2.31,3.57,3.12,2.31,3.85,3.3,2.26,3.58,3.06,,,,,,,,
RUS,Premier League,2022/2023,15/10/2022,17:30,Dynamo Moscow,Orenburg,3,2,H,1.88,4.05,3.91,1.92,4.15,4.15,1.88,3.9,3.78,,,,,,,,
RUS,Premier League,2022/2023,16/10/2022,12:00,Krylya Sovetov,Sochi,2,0,H,2.36,3.66,2.96,2.53,3.72,3,2.4,3.57,2.81,,,,,,,,
RUS,Premier League,2022/2023,16/10/2022,14:30,Pari NN,Zenit,0,3,A,10.03,4.99,1.35,10.75,5.45,1.4,9.37,4.98,1.34,,,,,,,,
RUS,Premier League,2022/2023,16/10/2022,18:00,CSKA Moscow,Spartak Moscow,2,2,D,2.09,3.51,3.69,2.12,4,3.88,2.06,3.56,3.56,,,,,,,,
RUS,Premier League,2022/2023,22/10/2022,12:00,Pari NN,Krasnodar,0,2,A,3.84,3.32,2.13,3.84,3.48,2.31,3.5,3.27,2.17,,,,,,,,
RUS,Premier League,2022/2023,22/10/2022,14:30,Fakel Voronezh,FK Rostov,1,1,D,3.13,3.25,2.46,3.22,3.46,2.46,3.1,3.19,2.4,,,,,,,,
RUS,Premier League,2022/2023,22/10/2022,17:00,Lokomotiv Moscow,Dynamo Moscow,1,3,A,2.73,3.54,2.6,2.85,3.76,2.62,2.68,3.54,2.53,,,,,,,,
RUS,Premier League,2022/2023,23/10/2022,12:00,Orenburg,CSKA Moscow,2,2,D,3.26,3.84,2.14,3.34,3.9,2.19,3.11,3.72,2.15,,,,,,,,
RUS,Premier League,2022/2023,23/10/2022,14:30,Spartak Moscow,Khimki,5,0,H,1.37,5.61,7.61,1.37,5.9,8.8,1.34,5.59,7.84,,,,,,,,
RUS,Premier League,2022/2023,23/10/2022,17:00,Akhmat Grozny,Torpedo Moscow,1,0,H,1.48,4.64,6.85,1.53,4.64,6.85,1.48,4.47,6.49,,,,,,,,
RUS,Premier League,2022/2023,24/10/2022,15:30,Ural,Krylya Sovetov,2,1,H,2.63,3.48,2.74,2.72,3.52,2.82,2.63,3.35,2.67,,,,,,,,
RUS,Premier League,2022/2023,24/10/2022,18:00,Zenit,Sochi,7,0,H,1.28,6.18,10.06,1.32,6.5,11,1.29,6.02,9.34,,,,,,,,
RUS,Premier League,2022/2023,28/10/2022,15:00,Orenburg,Fakel Voronezh,4,1,H,1.67,4.22,5.01,1.92,4.22,5.25,1.75,3.98,4.46,,,,,,,,
RUS,Premier League,2022/2023,29/10/2022,12:00,Dynamo Moscow,Khimki,6,1,H,1.33,5.84,8.68,1.35,6.35,10.5,1.32,5.71,8.58,,,,,,,,
RUS,Premier League,2022/2023,29/10/2022,14:30,Akhmat Grozny,FK Rostov,1,2,A,2.46,3.58,2.88,2.46,3.76,3.2,2.33,3.55,2.92,,,,,,,,
RUS,Premier League,2022/2023,29/10/2022,17:00,Lokomotiv Moscow,CSKA Moscow,0,1,A,4,3.77,1.93,4,4,1.99,3.79,3.78,1.92,,,,,,,,
RUS,Premier League,2022/2023,30/10/2022,11:00,Krylya Sovetov,Pari NN,2,1,H,1.77,3.58,5.24,1.8,3.9,5.24,1.75,3.61,4.87,,,,,,,,
RUS,Premier League,2022/2023,30/10/2022,11:00,Sochi,Ural,2,2,D,1.97,3.94,3.66,2.02,3.99,3.7,1.97,3.83,3.54,,,,,,,,
RUS,Premier League,2022/2023,30/10/2022,13:30,Spartak Moscow,Torpedo Moscow,1,0,H,1.26,6.39,10.54,1.29,6.6,11.75,1.26,6.15,10.34,,,,,,,,
RUS,Premier League,2022/2023,30/10/2022,16:30,Krasnodar,Zenit,0,1,A,6.34,4.38,1.53,7.3,4.7,1.54,6.39,4.46,1.49,,,,,,,,
RUS,Premier League,2022/2023,04/11/2022,16:00,Khimki,Orenburg,2,0,H,4.14,4.42,1.76,4.88,4.42,1.76,4.22,4.2,1.73,,,,,,,,
RUS,Premier League,2022/2023,05/11/2022,11:00,Sochi,Spartak Moscow,1,1,D,4.37,4.21,1.76,4.37,4.35,2.2,3.96,4,1.83,,,,,,,,
RUS,Premier League,2022/2023,05/11/2022,13:30,Fakel Voronezh,Krasnodar,3,3,D,3.23,3.33,2.37,3.28,3.58,2.46,3.06,3.26,2.37,,,,,,,,
RUS,Premier League,2022/2023,05/11/2022,13:30,Zenit,Akhmat Grozny,1,2,A,1.15,8.95,16.13,1.17,9.1,19,1.14,8.38,16.09,,,,,,,,
RUS,Premier League,2022/2023,05/11/2022,16:00,CSKA Moscow,Pari NN,0,1,A,1.36,4.88,10.3,1.36,5.3,12,1.33,4.95,10.05,,,,,,,,
RUS,Premier League,2022/2023,06/11/2022,11:00,Ural,Lokomotiv Moscow,2,2,D,1.89,3.92,3.97,2.22,3.92,3.97,2.05,3.61,3.46,,,,,,,,
RUS,Premier League,2022/2023,06/11/2022,13:30,Torpedo Moscow,Krylya Sovetov,0,2,A,4.93,3.91,1.76,4.93,3.95,1.83,4.54,3.83,1.74,,,,,,,,
RUS,Premier League,2022/2023,06/11/2022,16:00,FK Rostov,Dynamo Moscow,2,1,H,2.62,3.62,2.66,2.74,3.78,2.84,2.57,3.54,2.63,,,,,,,,
RUS,Premier League,2022/2023,11/11/2022,16:00,Pari NN,Akhmat Grozny,3,2,H,3.18,3.3,2.41,3.3,3.34,2.45,3.18,3.18,2.36,,,,,,,,
RUS,Premier League,2022/2023,12/11/2022,09:00,Ural,Fakel Voronezh,2,0,H,1.96,3.69,3.95,1.98,3.88,4.54,1.9,3.58,4.02,,,,,,,,
RUS,Premier League,2022/2023,12/11/2022,11:00,Krylya Sovetov,FK Rostov,1,3,A,2.49,3.47,2.91,2.51,3.6,3.03,2.46,3.36,2.86,,,,,,,,
RUS,Premier League,2022/2023,12/11/2022,13:30,Torpedo Moscow,Zenit,0,2,A,19.9,8.17,1.15,21,8.8,1.18,16.65,7.52,1.16,,,,,,,,
RUS,Premier League,2022/2023,12/11/2022,16:30,Lokomotiv Moscow,Spartak Moscow,1,2,A,4.81,4.08,1.71,5.1,4.15,1.94,4.31,3.87,1.79,,,,,,,,
RUS,Premier League,2022/2023,13/11/2022,11:00,Orenburg,Krasnodar,5,1,H,1.76,4.24,4.27,1.93,4.24,4.27,1.82,4.05,3.87,,,,,,,,
RUS,Premier League,2022/2023,13/11/2022,13:30,Khimki,Sochi,0,2,A,4.98,4.09,1.69,4.98,4.33,1.77,4.58,4.09,1.69,,,,,,,,
RUS,Premier League,2022/2023,13/11/2022,16:30,Dynamo Moscow,CSKA Moscow,2,1,H,2.92,3.32,2.6,2.98,3.48,2.69,2.78,3.3,2.58,,,,,,,,
RUS,Premier League,2022/2023,03/03/2023,16:00,Fakel Voronezh,Khimki,1,1,D,1.88,3.59,4.4,1.95,3.92,4.6,1.85,3.62,4.24,,,,,,,,
RUS,Premier League,2022/2023,04/03/2023,11:00,Spartak Moscow,Ural,2,2,D,1.61,4.32,5.44,1.68,4.32,5.44,1.64,4.1,4.99,,,,,,,,
RUS,Premier League,2022/2023,04/03/2023,13:30,Akhmat Grozny,Orenburg,3,1,H,2.28,3.85,2.98,2.33,3.9,3.14,2.26,3.68,2.95,,,,,,,,
RUS,Premier League,2022/2023,04/03/2023,13:30,Zenit,Pari NN,3,0,H,1.15,7.74,23.46,1.17,8.8,23.81,1.15,7.21,20.45,,,,,,,,
RUS,Premier League,2022/2023,04/03/2023,16:30,FK Rostov,Lokomotiv Moscow,1,3,A,2.37,3.39,3.17,2.52,3.42,3.2,2.38,3.24,3.05,,,,,,,,
RUS,Premier League,2022/2023,05/03/2023,11:00,Dynamo Moscow,Krylya Sovetov,1,0,H,1.76,4.09,4.48,1.77,4.26,4.84,1.73,3.99,4.47,,,,,,,,
RUS,Premier League,2022/2023,05/03/2023,13:30,Krasnodar,Torpedo Moscow,2,2,D,1.36,5.14,9.1,1.47,5.14,9.1,1.41,4.74,7.77,,,,,,,,
RUS,Premier League,2022/2023,05/03/2023,16:30,Sochi,CSKA Moscow,2,0,H,2.76,3.61,2.54,2.93,3.71,2.62,2.76,3.54,2.51,,,,,,,,
RUS,Premier League,2022/2023,10/03/2023,16:00,Sochi,Orenburg,0,4,A,1.67,4.28,4.91,1.74,4.42,4.91,1.69,4.13,4.5,,,,,,,,
RUS,Premier League,2022/2023,11/03/2023,11:00,Torpedo Moscow,Ural,0,1,A,4.59,3.76,1.81,4.78,3.92,1.84,4.36,3.67,1.81,,,,,,,,
RUS,Premier League,2022/2023,11/03/2023,13:30,Akhmat Grozny,Lokomotiv Moscow,0,1,A,2.22,3.54,3.32,2.34,3.58,3.32,2.26,3.45,3.08,,,,,,,,
RUS,Premier League,2022/2023,11/03/2023,13:30,Spartak Moscow,Fakel Voronezh,3,2,H,1.33,5.68,9.09,1.39,5.68,9.3,1.35,5.24,7.97,,,,,,,,
RUS,Premier League,2022/2023,11/03/2023,16:00,Krasnodar,Dynamo Moscow,3,1,H,2.27,3.71,3.09,2.47,3.85,3.24,2.28,3.61,3,,,,,,,,
RUS,Premier League,2022/2023,12/03/2023,11:00,Zenit,Khimki,3,2,H,1.06,16.51,32.79,1.08,17,41,1.06,13.86,30.77,,,,,,,,
RUS,Premier League,2022/2023,12/03/2023,13:30,CSKA Moscow,Krylya Sovetov,4,0,H,1.74,3.84,5.01,1.79,3.88,5.01,1.74,3.71,4.74,,,,,,,,
RUS,Premier League,2022/2023,12/03/2023,16:30,FK Rostov,Pari NN,2,1,H,2.01,3.28,4.31,2.06,3.52,4.31,2,3.25,4.04,,,,,,,,
RUS,Premier League,2022/2023,18/03/2023,09:00,Orenburg,Spartak Moscow,2,0,H,3.52,4.16,1.96,3.74,4.16,2.03,3.47,3.95,1.94,,,,,,,,
RUS,Premier League,2022/2023,18/03/2023,11:15,Ural,Dynamo Moscow,0,1,A,2.53,3.43,2.89,2.58,3.62,2.9,2.5,3.37,2.79,,,,,,,,
RUS,Premier League,2022/2023,18/03/2023,13:30,Fakel Voronezh,Sochi,3,0,H,3.51,3.57,2.13,3.51,3.63,2.19,3.35,3.49,2.1,,,,,,,,
RUS,Premier League,2022/2023,18/03/2023,16:30,Lokomotiv Moscow,Krasnodar,3,2,H,2.28,3.54,3.21,2.37,3.66,3.32,2.26,3.46,3.08,,,,,,,,
RUS,Premier League,2022/2023,19/03/2023,11:00,Khimki,FK Rostov,0,1,A,3.65,3.45,2.13,3.72,3.68,2.13,3.53,3.44,2.07,,,,,,,,
RUS,Premier League,2022/2023,19/03/2023,13:30,Krylya Sovetov,Akhmat Grozny,0,1,A,1.99,3.61,3.91,2.08,3.76,3.92,2,3.55,3.64,,,,,,,,
RUS,Premier League,2022/2023,19/03/2023,13:30,Pari NN,Torpedo Moscow,1,1,D,1.87,3.36,4.84,1.91,3.54,4.84,1.85,3.34,4.58,,,,,,,,
RUS,Premier League,2022/2023,19/03/2023,16:30,CSKA Moscow,Zenit,1,0,H,3.46,3.2,2.32,3.6,3.34,2.39,3.35,3.19,2.27,,,,,,,,
RUS,Premier League,2022/2023,01/04/2023,12:00,Dynamo Moscow,Sochi,0,2,A,1.99,3.87,3.66,2.04,3.91,3.78,1.97,3.76,3.57,,,,,,,,
RUS,Premier League,2022/2023,01/04/2023,12:00,Pari NN,Lokomotiv Moscow,0,4,A,3.18,3.21,2.45,3.18,3.48,2.48,3.01,3.25,2.42,,,,,,,,
RUS,Premier League,2022/2023,01/04/2023,14:30,Spartak Moscow,Akhmat Grozny,0,0,D,1.52,4.73,5.97,1.56,4.9,6.4,1.53,4.58,5.7,,,,,,,,
RUS,Premier League,2022/2023,01/04/2023,17:00,Zenit,Ural,2,0,H,1.31,5.81,9.89,1.36,5.81,9.9,1.33,5.38,8.87,,,,,,,,
RUS,Premier League,2022/2023,02/04/2023,12:00,Khimki,Krasnodar,0,6,A,4.25,3.88,1.84,4.4,4.08,1.86,4.19,3.86,1.79,,,,,,,,
RUS,Premier League,2022/2023,02/04/2023,12:00,Krylya Sovetov,Orenburg,1,1,D,1.98,3.9,3.69,2.03,3.9,3.72,1.97,3.76,3.54,,,,,,,,
RUS,Premier League,2022/2023,02/04/2023,14:30,Fakel Voronezh,CSKA Moscow,0,2,A,4.42,3.65,1.87,4.78,3.9,1.9,4.27,3.61,1.85,,,,,,,,
RUS,Premier League,2022/2023,02/04/2023,17:00,FK Rostov,Torpedo Moscow,2,1,H,1.41,4.86,8.18,1.59,4.86,8.4,1.44,4.52,7.31,,,,,,,,
RUS,Premier League,2022/2023,08/04/2023,12:00,Torpedo Moscow,Fakel Voronezh,2,0,H,3.64,3.28,2.2,3.64,3.44,2.41,3.44,3.28,2.19,,,,,,,,
RUS,Premier League,2022/2023,08/04/2023,14:30,Akhmat Grozny,Ural,2,0,H,2.27,3.45,3.31,2.32,3.56,3.37,2.26,3.34,3.2,,,,,,,,
RUS,Premier League,2022/2023,08/04/2023,17:30,Spartak Moscow,Dynamo Moscow,3,3,D,2.22,3.62,3.26,2.25,3.7,3.61,2.13,3.56,3.34,,,,,,,,
RUS,Premier League,2022/2023,09/04/2023,12:00,Sochi,Krylya Sovetov,1,2,A,2.37,3.53,3.05,2.46,3.56,3.13,2.34,3.39,3.03,,,,,,,,
RUS,Premier League,2022/2023,09/04/2023,14:30,CSKA Moscow,Khimki,3,0,H,1.21,6.95,13.23,1.23,7.5,15,1.21,6.71,12.25,,,,,,,,
RUS,Premier League,2022/2023,09/04/2023,17:00,Krasnodar,Pari NN,3,1,H,1.55,4.07,6.76,1.59,4.26,6.8,1.56,3.96,6.22,,,,,,,,
RUS,Premier League,2022/2023,09/04/2023,18:00,Lokomotiv Moscow,Zenit,1,2,A,5.57,3.93,1.66,5.57,4.1,1.75,4.95,3.89,1.68,,,,,,,,
RUS,Premier League,2022/2023,10/04/2023,15:00,Orenburg,FK Rostov,2,2,D,2,3.81,3.67,2.14,3.81,3.8,2.05,3.65,3.45,,,,,,,,
RUS,Premier League,2022/2023,15/04/2023,12:00,Dynamo Moscow,Pari NN,3,1,H,1.46,4.51,7.52,1.56,4.62,7.8,1.47,4.37,7.11,,,,,,,,
RUS,Premier League,2022/2023,15/04/2023,12:00,Krylya Sovetov,Khimki,0,0,D,1.32,5.63,9.57,1.45,5.63,9.8,1.36,5.21,8.07,,,,,,,,
RUS,Premier League,2022/2023,15/04/2023,14:30,Sochi,Krasnodar,0,2,A,2.54,3.57,2.79,2.61,3.71,2.79,2.48,3.55,2.73,,,,,,,,
RUS,Premier League,2022/2023,15/04/2023,14:30,Ural,CSKA Moscow,1,2,A,3.55,3.15,2.3,3.7,3.41,2.34,3.52,3.23,2.19,,,,,,,,
RUS,Premier League,2022/2023,15/04/2023,17:00,Torpedo Moscow,Spartak Moscow,1,2,A,6.97,4.26,1.41,8.3,4.88,1.51,7.3,4.56,1.44,,,,,,,,
RUS,Premier League,2022/2023,16/04/2023,12:00,Orenburg,Lokomotiv Moscow,1,4,A,2.27,4.07,2.89,2.35,4.07,2.93,2.28,3.89,2.82,,,,,,,,
RUS,Premier League,2022/2023,16/04/2023,14:30,Fakel Voronezh,Akhmat Grozny,1,1,D,2.54,3.28,3,2.56,3.34,3.07,2.5,3.24,2.91,,,,,,,,
RUS,Premier League,2022/2023,16/04/2023,17:00,FK Rostov,Zenit,0,0,D,5.99,4.09,1.6,6.2,4.24,1.66,5.85,4.07,1.58,,,,,,,,
RUS,Premier League,2022/2023,22/04/2023,12:00,Khimki,Torpedo Moscow,4,2,H,2.22,3.55,3.32,2.34,3.58,3.45,2.19,3.45,3.27,,,,,,,,
RUS,Premier League,2022/2023,22/04/2023,14:30,Fakel Voronezh,Orenburg,1,3,A,2.37,3.74,2.9,2.46,3.8,2.98,2.35,3.66,2.85,,,,,,,,
RUS,Premier League,2022/2023,22/04/2023,17:00,Zenit,Dynamo Moscow,3,1,H,1.44,4.74,7.43,1.5,5.3,9.1,1.4,4.93,7.74,,,,,,,,
RUS,Premier League,2022/2023,23/04/2023,10:00,Ural,FK Rostov,1,3,A,2.21,3.29,3.62,2.34,3.38,3.75,2.25,3.18,3.41,,,,,,,,
RUS,Premier League,2022/2023,23/04/2023,12:00,Pari NN,Krylya Sovetov,2,1,H,3.26,3.16,2.44,3.38,3.38,2.45,3.22,3.19,2.33,,,,,,,,
RUS,Premier League,2022/2023,23/04/2023,14:30,Akhmat Grozny,Sochi,1,0,H,2.44,3.44,3.01,2.46,3.58,3.12,2.36,3.42,2.99,,,,,,,,
RUS,Premier League,2022/2023,23/04/2023,17:30,CSKA Moscow,Lokomotiv Moscow,1,1,D,1.79,4.03,4.35,1.89,4.12,4.5,1.8,3.9,4.19,,,,,,,,
RUS,Premier League,2022/2023,24/04/2023,17:00,Spartak Moscow,Krasnodar,4,3,H,2.11,3.72,3.43,2.23,3.8,3.43,2.16,3.65,3.17,,,,,,,,
RUS,Premier League,2022/2023,28/04/2023,18:00,Dynamo Moscow,Fakel Voronezh,0,2,A,1.62,4.35,5.31,1.63,4.58,5.8,1.6,4.25,5.19,,,,,,,,
RUS,Premier League,2022/2023,29/04/2023,12:00,Krylya Sovetov,Zenit,1,5,A,4.92,3.6,1.8,5,3.89,1.83,4.75,3.7,1.76,,,,,,,,
RUS,Premier League,2022/2023,29/04/2023,14:30,Akhmat Grozny,CSKA Moscow,1,3,A,3.62,3.61,2.08,3.79,3.62,2.15,3.61,3.52,2.05,,,,,,,,
RUS,Premier League,2022/2023,29/04/2023,17:00,Krasnodar,Ural,1,1,D,1.91,3.86,3.95,1.93,3.94,4.36,1.85,3.82,4.07,,,,,,,,
RUS,Premier League,2022/2023,29/04/2023,17:30,Spartak Moscow,FK Rostov,1,1,D,1.7,4.23,4.73,1.83,4.23,4.8,1.71,4.1,4.62,,,,,,,,
RUS,Premier League,2022/2023,30/04/2023,12:00,Orenburg,Pari NN,1,0,H,1.66,4.22,5.06,1.72,4.32,5.09,1.68,4.09,4.75,,,,,,,,
RUS,Premier League,2022/2023,30/04/2023,14:30,Sochi,Torpedo Moscow,3,1,H,1.53,4.62,6.01,1.53,5.1,6.45,1.49,4.61,5.98,,,,,,,,
RUS,Premier League,2022/2023,30/04/2023,17:00,Lokomotiv Moscow,Khimki,5,1,H,1.47,5.15,6.19,1.47,5.45,7.2,1.44,5.1,6.15,,,,,,,,
RUS,Premier League,2022/2023,06/05/2023,12:00,Khimki,Dynamo Moscow,0,1,A,4.99,4.32,1.65,4.99,4.42,1.72,4.77,4.2,1.65,,,,,,,,
RUS,Premier League,2022/2023,06/05/2023,14:30,Torpedo Moscow,Akhmat Grozny,1,5,A,3.29,3.62,2.2,3.36,3.64,2.25,3.24,3.48,2.19,,,,,,,,
RUS,Premier League,2022/2023,06/05/2023,17:00,FK Rostov,Fakel Voronezh,0,2,A,1.73,3.84,5.05,1.83,3.88,5.05,1.74,3.76,4.76,,,,,,,,
RUS,Premier League,2022/2023,07/05/2023,12:00,Pari NN,Ural,0,0,D,3.09,2.95,2.7,3.09,3.15,2.75,2.99,2.91,2.68,,,,,,,,
RUS,Premier League,2022/2023,07/05/2023,14:30,CSKA Moscow,Orenburg,2,1,H,1.44,5.15,6.58,1.53,5.15,6.58,1.48,4.9,5.87,,,,,,,,
RUS,Premier League,2022/2023,07/05/2023,16:00,Zenit,Spartak Moscow,3,2,H,1.47,4.93,6.38,1.53,4.95,6.85,1.47,4.73,6.47,,,,,,,,
RUS,Premier League,2022/2023,07/05/2023,17:00,Krasnodar,Krylya Sovetov,2,1,H,2.24,3.77,3.11,2.32,3.77,3.2,2.23,3.58,3.08,,,,,,,,
RUS,Premier League,2022/2023,08/05/2023,15:00,Lokomotiv Moscow,Sochi,3,0,H,2.08,3.75,3.5,2.08,3.94,3.96,2.02,3.71,3.62,,,,,,,,
RUS,Premier League,2022/2023,13/05/2023,10:00,Ural,Orenburg,2,1,H,1.87,4.04,3.97,1.92,4.04,3.97,1.88,3.83,3.82,,,,,,,,
RUS,Premier League,2022/2023,13/05/2023,12:00,Khimki,Spartak Moscow,1,1,D,8.06,5.81,1.35,9.5,6.5,1.37,8.16,5.68,1.32,,,,,,,,
RUS,Premier League,2022/2023,13/05/2023,14:30,Zenit,Krasnodar,2,2,D,1.29,6.18,9.37,1.36,6.35,10.75,1.32,5.75,8.8,,,,,,,,
RUS,Premier League,2022/2023,13/05/2023,17:00,CSKA Moscow,Torpedo Moscow,3,0,H,1.15,8.9,17.82,1.18,9.4,19,1.16,8.14,15.53,,,,,,,,
RUS,Premier League,2022/2023,14/05/2023,12:00,Krylya Sovetov,Lokomotiv Moscow,1,1,D,2.03,3.81,3.57,2.1,3.92,3.65,2.01,3.76,3.49,,,,,,,,
RUS,Premier League,2022/2023,14/05/2023,14:30,Dynamo Moscow,Akhmat Grozny,0,3,A,1.86,3.84,4.21,1.87,4.16,4.46,1.79,3.89,4.22,,,,,,,,
RUS,Premier League,2022/2023,14/05/2023,17:00,Fakel Voronezh,Pari NN,1,0,H,2.14,3.17,3.97,2.21,3.3,4.05,2.14,3.1,3.8,,,,,,,,
RUS,Premier League,2022/2023,14/05/2023,17:00,Sochi,FK Rostov,1,0,H,1.99,3.56,3.98,2.1,3.65,3.98,2,3.47,3.77,,,,,,,,
RUS,Premier League,2022/2023,20/05/2023,12:00,Lokomotiv Moscow,Fakel Voronezh,1,0,H,2.34,3.55,3.09,2.34,3.68,3.23,2.25,3.54,3.08,,,,,,,,
RUS,Premier League,2022/2023,20/05/2023,14:30,Orenburg,Zenit,2,2,D,4.19,4.38,1.76,4.3,4.4,1.84,4.08,4.26,1.75,,,,,,,,
RUS,Premier League,2022/2023,20/05/2023,14:30,Torpedo Moscow,Dynamo Moscow,0,3,A,9.54,6.21,1.29,9.8,6.21,1.39,8.31,5.54,1.34,,,,,,,,
RUS,Premier League,2022/2023,20/05/2023,17:00,Akhmat Grozny,Khimki,3,0,H,1.65,4.42,4.9,1.71,4.7,5.6,1.6,4.38,5.11,,,,,,,,
RUS,Premier League,2022/2023,21/05/2023,12:00,Krylya Sovetov,Ural,3,0,H,2.17,3.32,3.67,2.17,3.58,3.73,2.11,3.34,3.6,,,,,,,,
RUS,Premier League,2022/2023,21/05/2023,14:30,Spartak Moscow,CSKA Moscow,2,1,H,2.79,3.48,2.58,3.04,3.55,2.58,2.83,3.45,2.48,,,,,,,,
RUS,Premier League,2022/2023,21/05/2023,17:00,Krasnodar,FK Rostov,3,0,H,1.72,4.08,4.74,1.82,4.1,4.74,1.75,3.96,4.37,,,,,,,,
RUS,Premier League,2022/2023,22/05/2023,17:00,Pari NN,Sochi,4,0,H,3.09,3.1,2.59,3.15,3.19,2.84,2.9,3.05,2.65,,,,,,,,
RUS,Premier League,2022/2023,27/05/2023,12:00,Khimki,Ural,0,3,A,4.27,3.65,1.89,4.27,3.81,1.99,3.91,3.65,1.92,,,,,,,,
RUS,Premier League,2022/2023,27/05/2023,14:30,Torpedo Moscow,Orenburg,1,3,A,3.8,4.54,1.81,4.7,4.56,1.87,4.12,4.37,1.74,,,,,,,,
RUS,Premier League,2022/2023,27/05/2023,17:00,Krasnodar,CSKA Moscow,0,0,D,4.72,4.23,1.7,4.72,4.23,1.9,4.44,4.04,1.75,,,,,,,,
RUS,Premier League,2022/2023,27/05/2023,17:00,Sochi,Zenit,1,1,D,2.79,3.66,2.49,3.09,3.72,2.49,2.88,3.57,2.35,,,,,,,,
RUS,Premier League,2022/2023,28/05/2023,12:00,Spartak Moscow,Pari NN,0,0,D,1.58,4.18,5.96,1.62,4.36,6.1,1.56,4.14,5.81,,,,,,,,
RUS,Premier League,2022/2023,28/05/2023,14:30,Dynamo Moscow,Lokomotiv Moscow,2,4,A,1.91,4.04,3.78,2.01,4.42,3.92,1.89,4.04,3.65,,,,,,,,
RUS,Premier League,2022/2023,28/05/2023,14:30,Fakel Voronezh,Krylya Sovetov,2,1,H,2.97,3.12,2.66,3.05,3.34,2.66,2.96,3.09,2.56,,,,,,,,
RUS,Premier League,2022/2023,28/05/2023,17:00,FK Rostov,Akhmat Grozny,3,2,H,2.73,3.46,2.64,2.75,3.55,2.75,2.64,3.43,2.62,,,,,,,,
RUS,Premier League,2022/2023,03/06/2023,15:00,Akhmat Grozny,Krasnodar,2,2,D,2.75,3.84,2.44,2.82,3.86,2.76,2.55,3.74,2.57,,,,,,,,
RUS,Premier League,2022/2023,03/06/2023,15:00,CSKA Moscow,FK Rostov,4,1,H,1.43,5.01,7.08,1.52,5.01,7.5,1.44,4.82,6.98,,,,,,,,
RUS,Premier League,2022/2023,03/06/2023,15:00,Krylya Sovetov,Spartak Moscow,1,0,H,2.54,3.85,2.63,2.78,3.88,2.7,2.53,3.69,2.6,,,,,,,,
RUS,Premier League,2022/2023,03/06/2023,15:00,Lokomotiv Moscow,Torpedo Moscow,3,1,H,1.19,8.13,12.79,1.2,8.8,14.5,1.19,7.93,12.8,,,,,,,,
RUS,Premier League,2022/2023,03/06/2023,15:00,Pari NN,Khimki,2,0,H,1.4,4.97,8.09,1.4,5.3,8.8,1.39,4.92,7.88,,,,,,,,
RUS,Premier League,2022/2023,03/06/2023,15:00,Orenburg,Dynamo Moscow,3,0,H,2.21,4.5,2.78,2.33,4.5,2.78,2.23,4.29,2.69,,,,,,,,
RUS,Premier League,2022/2023,03/06/2023,15:00,Ural,Sochi,1,0,H,1.9,3.86,3.99,1.99,3.95,4.1,1.91,3.73,3.84,,,,,,,,
RUS,Premier League,2022/2023,03/06/2023,15:00,Zenit,Fakel Voronezh,1,0,H,2.08,3.53,3.56,2.19,3.66,3.72,2.06,3.5,3.57,,,,,,,,
RUS,Premier League,2022/2023,07/06/2023,13:00,Yenisey,Fakel Voronezh,0,1,A,3.47,3.23,2.24,3.7,3.44,2.24,3.47,3.24,2.16,,,,,,,,
RUS,Premier League,2022/2023,07/06/2023,16:00,Rodina Moscow,Pari NN,0,3,A,3.92,3.24,2.14,4.26,3.34,2.14,3.84,3.17,2.07,,,,,,,,
RUS,Premier League,2022/2023,10/06/2023,12:30,Pari NN,Rodina Moscow,0,2,A,1.53,4.12,6.48,1.57,4.33,7.49,1.52,4.06,6.56,,,,,,,,
RUS,Premier League,2022/2023,10/06/2023,15:30,Fakel Voronezh,Yenisey,2,0,H,1.49,4.31,6.82,1.54,4.64,7.2,1.47,4.36,6.68,,,,,,,,
RUS,Premier League,2023/2024,21/07/2023,17:00,Dynamo Moscow,Krasnodar,1,3,A,2.09,3.84,3.38,2.31,3.95,3.5,2.15,3.73,3.18,,,,,,,,
RUS,Premier League,2023/2024,22/07/2023,11:00,Ural,CSKA Moscow,2,1,H,3.99,3.1,2.17,4.1,3.31,2.24,3.93,3.14,2.1,,,,,,,,
RUS,Premier League,2023/2024,22/07/2023,13:15,Pari NN,Zenit,0,2,A,5.43,3.77,1.7,5.65,3.86,1.76,5.2,3.7,1.7,,,,,,,,
RUS,Premier League,2023/2024,22/07/2023,15:30,Lokomotiv Moscow,Rubin Kazan,2,2,D,1.83,3.87,4.37,1.83,4.17,4.74,1.76,3.89,4.39,,,,,,,,
RUS,Premier League,2023/2024,22/07/2023,18:00,Akhmat Grozny,Krylya Sovetov,1,2,A,2.21,3.43,3.45,2.25,3.65,3.47,2.19,3.37,3.37,,,,,,,,
RUS,Premier League,2023/2024,23/07/2023,15:30,Spartak Moscow,Orenburg,3,2,H,1.61,4.66,4.95,1.65,4.84,5.52,1.57,4.61,5,,,,,,,,
RUS,Premier League,2023/2024,23/07/2023,18:00,FK Rostov,Fakel Voronezh,2,1,H,2.21,3.08,3.89,2.22,3.54,4.1,2.12,3.1,3.89,,,,,,,,
RUS,Premier League,2023/2024,23/07/2023,18:00,Sochi,Baltika,2,0,H,2.12,3.34,3.79,2.12,3.9,4.12,2.05,3.39,3.73,,,,,,,,
RUS,Premier League,2023/2024,29/07/2023,13:00,Krylya Sovetov,Dynamo Moscow,3,3,D,2.52,3.48,2.87,2.72,3.67,2.87,2.59,3.42,2.67,,,,,,,,
RUS,Premier League,2023/2024,29/07/2023,15:30,Ural,Pari NN,0,0,D,2,3.15,4.63,2.08,3.34,4.63,1.96,3.18,4.37,,,,,,,,
RUS,Premier League,2023/2024,29/07/2023,18:00,FK Rostov,Zenit,1,1,D,4.12,3.37,2.02,5.3,3.84,2.15,4.05,3.42,1.99,,,,,,,,
RUS,Premier League,2023/2024,30/07/2023,13:00,Rubin Kazan,Orenburg,1,1,D,2.09,3.77,3.44,2.18,3.85,3.45,2.09,3.66,3.29,,,,,,,,
RUS,Premier League,2023/2024,30/07/2023,15:30,Fakel Voronezh,Lokomotiv Moscow,1,4,A,2.7,3.46,2.67,2.93,3.65,2.75,2.77,3.37,2.54,,,,,,,,
RUS,Premier League,2023/2024,30/07/2023,18:00,Akhmat Grozny,CSKA Moscow,2,3,A,3.37,3.27,2.32,3.65,3.39,2.36,3.4,3.24,2.22,,,,,,,,
RUS,Premier League,2023/2024,30/07/2023,18:00,Krasnodar,Sochi,2,0,H,1.86,3.67,4.43,1.89,3.92,4.8,1.78,3.74,4.42,,,,,,,,
RUS,Premier League,2023/2024,31/07/2023,17:30,Spartak Moscow,Baltika,2,1,H,1.52,4.62,6.12,1.55,5.2,7.3,1.47,4.69,6.4,,,,,,,,
RUS,Premier League,2023/2024,04/08/2023,18:00,Krasnodar,Pari NN,1,0,H,1.49,4.31,7.51,1.57,4.38,7.8,1.51,4.09,6.77,,,,,,,,
RUS,Premier League,2023/2024,05/08/2023,13:00,Krylya Sovetov,FK Rostov,5,1,H,2.23,3.41,3.42,2.32,3.52,3.53,2.21,3.38,3.29,,,,,,,,
RUS,Premier League,2023/2024,05/08/2023,15:30,Orenburg,Ural,0,2,A,2.28,3.67,3.1,2.3,3.77,3.17,2.25,3.57,3.02,,,,,,,,
RUS,Premier League,2023/2024,05/08/2023,15:30,Rubin Kazan,Spartak Moscow,1,4,A,3.5,3.77,2.07,3.62,3.9,2.2,3.36,3.67,2.09,,,,,,,,
RUS,Premier League,2023/2024,05/08/2023,18:00,CSKA Moscow,Lokomotiv Moscow,4,1,H,1.77,4.1,4.4,1.88,4.15,4.4,1.78,4.03,4.18,,,,,,,,
RUS,Premier League,2023/2024,06/08/2023,15:30,Baltika,Fakel Voronezh,2,1,H,2.03,3.44,4,2.08,3.48,4.25,1.99,3.34,3.96,,,,,,,,
RUS,Premier League,2023/2024,06/08/2023,17:00,Zenit,Dynamo Moscow,2,3,A,1.93,3.8,3.94,1.95,4.27,4.6,1.78,4,4.17,,,,,,,,
RUS,Premier League,2023/2024,06/08/2023,18:00,Sochi,Akhmat Grozny,1,2,A,2.17,3.59,3.4,2.24,3.59,3.55,2.13,3.48,3.37,,,,,,,,
RUS,Premier League,2023/2024,11/08/2023,16:00,Ural,Spartak Moscow,3,2,H,3.4,3.32,2.28,3.48,3.41,2.4,3.15,3.3,2.32,,,,,,,,
RUS,Premier League,2023/2024,12/08/2023,13:00,Lokomotiv Moscow,Krylya Sovetov,1,1,D,1.77,4.22,4.28,1.84,4.26,4.3,1.77,4.07,4.07,,,,,,,,
RUS,Premier League,2023/2024,12/08/2023,15:30,Orenburg,Krasnodar,0,2,A,3.6,3.96,1.98,3.7,4.04,2.15,3.37,3.82,2.02,,,,,,,,
RUS,Premier League,2023/2024,12/08/2023,18:00,FK Rostov,Rubin Kazan,3,0,H,1.91,3.59,4.3,1.95,3.68,4.42,1.88,3.49,4.25,,,,,,,,
RUS,Premier League,2023/2024,13/08/2023,13:00,Dynamo Moscow,Baltika,2,0,H,2.07,3.66,3.59,2.14,3.86,3.69,2.02,3.69,3.48,,,,,,,,
RUS,Premier League,2023/2024,13/08/2023,15:30,Zenit,Fakel Voronezh,2,0,H,1.4,4.96,8.28,1.41,5.35,9.4,1.38,4.83,8.19,,,,,,,,
RUS,Premier League,2023/2024,13/08/2023,18:00,CSKA Moscow,Sochi,3,1,H,1.75,3.89,4.85,1.8,4.1,5.35,1.73,3.81,4.8,,,,,,,,
RUS,Premier League,2023/2024,14/08/2023,17:30,Pari NN,Akhmat Grozny,2,0,H,2.73,2.96,3.04,2.85,3.1,3.04,2.7,2.93,2.92,,,,,,,,
RUS,Premier League,2023/2024,18/08/2023,17:30,Rubin Kazan,Krylya Sovetov,2,1,H,2.92,3.25,2.62,3.08,3.52,2.62,2.84,3.29,2.52,,,,,,,,
RUS,Premier League,2023/2024,19/08/2023,13:00,Dynamo Moscow,CSKA Moscow,2,1,H,2.78,3.63,2.51,2.83,3.89,2.52,2.74,3.61,2.43,,,,,,,,
RUS,Premier League,2023/2024,19/08/2023,15:30,Baltika,Ural,0,1,A,2.68,3.06,3.01,2.68,3.23,3.28,2.5,3.08,3.06,,,,,,,,
RUS,Premier League,2023/2024,19/08/2023,17:30,Krasnodar,Lokomotiv Moscow,1,1,D,1.87,3.9,4.11,1.88,4.1,4.27,1.83,3.85,4.01,,,,,,,,
RUS,Premier League,2023/2024,19/08/2023,18:00,Sochi,FK Rostov,4,0,H,2.29,3.32,3.4,2.33,3.48,3.45,2.25,3.26,3.3,,,,,,,,
RUS,Premier League,2023/2024,20/08/2023,15:30,Fakel Voronezh,Pari NN,2,0,H,2.5,2.83,3.56,2.52,3.07,3.62,2.44,2.8,3.47,,,,,,,,
RUS,Premier League,2023/2024,20/08/2023,17:30,Spartak Moscow,Zenit,1,3,A,2.83,3.42,2.59,2.92,3.56,2.64,2.76,3.41,2.55,,,,,,,,
RUS,Premier League,2023/2024,20/08/2023,18:00,Akhmat Grozny,Orenburg,4,0,H,1.91,3.85,3.97,1.95,4.08,3.97,1.9,3.8,3.79,,,,,,,,
RUS,Premier League,2023/2024,25/08/2023,15:30,Orenburg,CSKA Moscow,1,1,D,3.51,3.86,2.04,4.4,4.27,2.06,3.93,3.91,1.86,,,,,,,,
RUS,Premier League,2023/2024,25/08/2023,18:00,Fakel Voronezh,Krasnodar,0,0,D,3.43,3.29,2.28,4.1,3.52,2.34,3.63,3.31,2.12,,,,,,,,
RUS,Premier League,2023/2024,26/08/2023,13:00,Zenit,Ural,4,0,H,1.54,4.25,6.56,1.57,4.38,6.61,1.53,4.15,6.36,,,,,,,,
RUS,Premier League,2023/2024,26/08/2023,15:30,Rubin Kazan,Dynamo Moscow,2,2,D,3.39,3.67,2.14,3.4,3.84,2.21,3.23,3.63,2.14,,,,,,,,
RUS,Premier League,2023/2024,26/08/2023,17:30,Spartak Moscow,Akhmat Grozny,0,0,D,1.65,4.49,4.77,1.72,4.49,5,1.66,4.28,4.6,,,,,,,,
RUS,Premier League,2023/2024,26/08/2023,18:00,Pari NN,FK Rostov,1,0,H,2.88,3.04,2.8,2.91,3.21,2.8,2.81,3,2.75,,,,,,,,
RUS,Premier League,2023/2024,27/08/2023,15:30,Krylya Sovetov,Baltika,2,1,H,2.33,3.25,3.38,2.34,3.42,3.39,2.28,3.25,3.25,,,,,,,,
RUS,Premier League,2023/2024,27/08/2023,18:00,Sochi,Lokomotiv Moscow,0,1,A,2.36,3.68,2.96,2.36,3.82,3.18,2.26,3.67,2.99,,,,,,,,
RUS,Premier League,2023/2024,02/09/2023,11:00,Ural,Akhmat Grozny,0,1,A,2.34,3.25,3.35,2.37,3.44,3.35,2.29,3.23,3.25,,,,,,,,
RUS,Premier League,2023/2024,02/09/2023,13:15,Pari NN,Rubin Kazan,2,1,H,2.4,3.09,3.42,2.45,3.33,3.54,2.32,3.09,3.36,,,,,,,,
RUS,Premier League,2023/2024,02/09/2023,15:30,Krylya Sovetov,Fakel Voronezh,3,0,H,1.88,3.52,4.56,1.89,3.65,4.74,1.84,3.45,4.51,,,,,,,,
RUS,Premier League,2023/2024,02/09/2023,18:00,Krasnodar,Spartak Moscow,2,0,H,2.16,3.83,3.23,2.29,3.91,3.3,2.2,3.72,3.04,,,,,,,,
RUS,Premier League,2023/2024,03/09/2023,11:00,Orenburg,Sochi,3,0,H,2.53,3.54,2.81,2.53,3.67,2.92,2.44,3.52,2.77,,,,,,,,
RUS,Premier League,2023/2024,03/09/2023,13:15,Lokomotiv Moscow,Baltika,3,2,H,2.17,3.79,3.24,2.2,3.9,3.69,2.12,3.75,3.32,,,,,,,,
RUS,Premier League,2023/2024,03/09/2023,15:30,CSKA Moscow,Zenit,1,1,D,2.75,3.18,2.82,3,3.4,2.82,2.8,3.19,2.65,,,,,,,,
RUS,Premier League,2023/2024,03/09/2023,18:00,FK Rostov,Dynamo Moscow,1,2,A,3.14,3.63,2.28,3.3,3.81,2.6,2.85,3.53,2.4,,,,,,,,
RUS,Premier League,2023/2024,15/09/2023,17:00,Dynamo Moscow,Pari NN,1,1,D,1.74,4,4.73,1.74,4.06,5.2,1.69,3.91,4.8,,,,,,,,
RUS,Premier League,2023/2024,16/09/2023,12:00,CSKA Moscow,Krylya Sovetov,2,2,D,1.75,3.91,4.77,1.8,4.02,4.8,1.74,3.86,4.52,,,,,,,,
RUS,Premier League,2023/2024,16/09/2023,14:30,Akhmat Grozny,Krasnodar,1,1,D,2.94,3.26,2.59,2.94,3.52,2.59,2.83,3.28,2.53,,,,,,,,
RUS,Premier League,2023/2024,16/09/2023,17:00,Spartak Moscow,Sochi,1,0,H,1.48,4.7,6.7,1.66,4.9,7.02,1.55,4.38,5.8,,,,,,,,
RUS,Premier League,2023/2024,16/09/2023,19:15,Baltika,FK Rostov,2,2,D,2.08,3.35,3.93,2.11,3.54,3.93,2.06,3.29,3.78,,,,,,,,
RUS,Premier League,2023/2024,17/09/2023,12:00,Ural,Fakel Voronezh,0,0,D,1.99,3.29,4.38,2.04,3.5,4.58,1.95,3.27,4.29,,,,,,,,
RUS,Premier League,2023/2024,17/09/2023,14:30,Rubin Kazan,Zenit,0,3,A,4.67,3.67,1.82,5.5,3.87,1.84,4.74,3.7,1.76,,,,,,,,
RUS,Premier League,2023/2024,17/09/2023,17:00,Lokomotiv Moscow,Orenburg,0,2,A,1.75,4.4,4.19,1.81,4.4,4.32,1.76,4.24,3.99,,,,,,,,
RUS,Premier League,2023/2024,23/09/2023,12:00,Krylya Sovetov,Sochi,2,1,H,2.03,3.59,3.8,2.04,3.82,4.45,1.92,3.6,3.94,,,,,,,,
RUS,Premier League,2023/2024,23/09/2023,14:30,Baltika,Akhmat Grozny,1,0,H,2.42,3.34,3.12,2.46,3.5,3.12,2.4,3.29,2.99,,,,,,,,
RUS,Premier League,2023/2024,23/09/2023,17:00,Spartak Moscow,Dynamo Moscow,1,0,H,2.24,4.08,2.92,2.35,4.2,3.1,2.24,3.98,2.86,,,,,,,,
RUS,Premier League,2023/2024,24/09/2023,12:00,Pari NN,Orenburg,3,1,H,2.94,3.32,2.56,2.94,3.41,2.76,2.74,3.27,2.61,,,,,,,,
RUS,Premier League,2023/2024,24/09/2023,14:30,Zenit,Lokomotiv Moscow,1,2,A,1.53,4.49,6.12,1.54,4.81,6.54,1.49,4.52,6.22,,,,,,,,
RUS,Premier League,2023/2024,24/09/2023,17:00,FK Rostov,CSKA Moscow,3,3,D,2.76,3.48,2.61,2.89,3.66,2.65,2.71,3.43,2.54,,,,,,,,
RUS,Premier League,2023/2024,24/09/2023,17:00,Krasnodar,Ural,2,0,H,1.64,4.07,5.52,1.69,4.08,5.8,1.64,3.92,5.32,,,,,,,,
RUS,Premier League,2023/2024,25/09/2023,17:00,Fakel Voronezh,Rubin Kazan,0,1,A,2.86,3.07,2.8,2.86,3.24,2.94,2.73,3.03,2.8,,,,,,,,
RUS,Premier League,2023/2024,29/09/2023,17:00,FK Rostov,Ural,2,2,D,2.13,3.31,3.8,2.25,3.51,3.8,2.15,3.26,3.54,,,,,,,,
RUS,Premier League,2023/2024,30/09/2023,10:00,Orenburg,Zenit,3,1,H,4.68,4.07,1.74,4.76,4.24,1.78,4.43,3.98,1.73,,,,,,,,
RUS,Premier League,2023/2024,30/09/2023,12:15,Lokomotiv Moscow,Pari NN,1,0,H,1.8,3.82,4.57,1.85,3.87,4.85,1.78,3.72,4.45,,,,,,,,
RUS,Premier League,2023/2024,30/09/2023,14:30,Rubin Kazan,Krasnodar,0,2,A,3.11,3.38,2.41,3.37,3.55,2.45,3.07,3.34,2.34,,,,,,,,
RUS,Premier League,2023/2024,30/09/2023,17:00,CSKA Moscow,Baltika,1,0,H,1.76,3.87,4.8,1.8,4.12,5.38,1.74,3.8,4.69,,,,,,,,
RUS,Premier League,2023/2024,01/10/2023,12:00,Fakel Voronezh,Sochi,2,0,H,2.65,3.04,3.07,2.8,3.1,3.07,2.65,2.98,2.93,,,,,,,,
RUS,Premier League,2023/2024,01/10/2023,14:30,Krylya Sovetov,Spartak Moscow,4,0,H,2.88,3.58,2.46,3.18,3.72,2.5,2.91,3.54,2.37,,,,,,,,
RUS,Premier League,2023/2024,01/10/2023,17:00,Akhmat Grozny,Dynamo Moscow,1,1,D,3.32,3.85,2.12,3.37,4.03,2.14,3.22,3.78,2.09,,,,,,,,
RUS,Premier League,2023/2024,07/10/2023,10:00,Ural,Lokomotiv Moscow,2,2,D,2.58,3.34,2.89,2.71,3.5,2.89,2.55,3.31,2.76,,,,,,,,
RUS,Premier League,2023/2024,07/10/2023,12:00,Sochi,Zenit,0,2,A,6.81,4.34,1.51,7.06,4.76,1.57,6.17,4.19,1.53,,,,,,,,
RUS,Premier League,2023/2024,07/10/2023,14:30,Baltika,Orenburg,1,0,H,2.23,3.73,3.16,2.24,3.75,3.39,2.16,3.61,3.17,,,,,,,,
RUS,Premier League,2023/2024,07/10/2023,17:00,Krasnodar,FK Rostov,3,2,H,1.78,3.73,4.83,1.78,4.02,5.4,1.7,3.79,4.9,,,,,,,,
RUS,Premier League,2023/2024,08/10/2023,12:00,Pari NN,Krylya Sovetov,2,0,H,2.94,3.21,2.62,3,3.35,2.64,2.88,3.16,2.55,,,,,,,,
RUS,Premier League,2023/2024,08/10/2023,14:30,Dynamo Moscow,Fakel Voronezh,0,0,D,1.51,4.46,6.55,1.52,4.6,6.7,1.48,4.32,6.38,,,,,,,,
RUS,Premier League,2023/2024,08/10/2023,17:00,Akhmat Grozny,Rubin Kazan,0,1,A,2.15,3.66,3.39,2.16,3.68,3.55,2.1,3.54,3.36,,,,,,,,
RUS,Premier League,2023/2024,08/10/2023,17:00,Spartak Moscow,CSKA Moscow,2,2,D,2.44,3.63,2.87,2.56,3.69,3.01,2.35,3.58,2.89,,,,,,,,
RUS,Premier League,2023/2024,21/10/2023,10:00,Orenburg,Fakel Voronezh,1,2,A,1.81,3.83,4.5,1.85,3.89,4.6,1.8,3.71,4.37,,,,,,,,
RUS,Premier League,2023/2024,21/10/2023,12:00,Rubin Kazan,CSKA Moscow,0,0,D,3.28,3.3,2.35,3.33,3.58,2.35,3.17,3.33,2.28,,,,,,,,
RUS,Premier League,2023/2024,21/10/2023,14:30,Lokomotiv Moscow,Dynamo Moscow,0,0,D,2.28,3.79,3.03,2.33,3.98,3.2,2.23,3.73,3.01,,,,,,,,
RUS,Premier League,2023/2024,21/10/2023,17:00,Baltika,Krasnodar,2,2,D,3.6,3.37,2.18,3.7,3.5,2.25,3.47,3.32,2.16,,,,,,,,
RUS,Premier League,2023/2024,22/10/2023,10:00,Ural,Sochi,1,4,A,2.2,3.32,3.61,2.24,3.43,3.66,2.16,3.25,3.54,,,,,,,,
RUS,Premier League,2023/2024,22/10/2023,12:00,Spartak Moscow,Pari NN,2,0,H,1.7,3.71,5.56,1.72,3.87,6,1.66,3.7,5.57,,,,,,,,
RUS,Premier League,2023/2024,22/10/2023,14:30,Zenit,Krylya Sovetov,3,1,H,1.42,4.82,7.84,1.42,5.45,8.5,1.4,4.82,7.75,,,,,,,,
RUS,Premier League,2023/2024,22/10/2023,17:00,FK Rostov,Akhmat Grozny,3,0,H,2.22,3.67,3.22,2.22,3.77,3.39,2.17,3.56,3.2,,,,,,,,
RUS,Premier League,2023/2024,27/10/2023,17:00,Rubin Kazan,Baltika,1,0,H,2.2,3.26,3.66,2.25,3.31,3.73,2.17,3.19,3.52,,,,,,,,
RUS,Premier League,2023/2024,28/10/2023,12:00,Fakel Voronezh,Spartak Moscow,2,0,H,3.75,3.63,2.03,4.05,3.75,2.08,3.74,3.54,2.01,,,,,,,,
RUS,Premier League,2023/2024,28/10/2023,14:30,FK Rostov,Lokomotiv Moscow,1,0,H,2.53,3.74,2.7,2.56,3.9,2.82,2.48,3.66,2.67,,,,,,,,
RUS,Premier League,2023/2024,28/10/2023,14:30,Krylya Sovetov,Orenburg,1,1,D,2.14,3.71,3.37,2.16,3.85,3.52,2.09,3.63,3.3,,,,,,,,
RUS,Premier League,2023/2024,28/10/2023,17:00,Zenit,Akhmat Grozny,2,1,H,1.36,5.35,8.55,1.4,5.77,9.8,1.33,5.31,8.61,,,,,,,,
RUS,Premier League,2023/2024,29/10/2023,11:00,Pari NN,Sochi,1,0,H,2.61,3.04,3.11,2.61,3.27,3.14,2.53,3.06,3,,,,,,,,
RUS,Premier League,2023/2024,29/10/2023,13:30,Dynamo Moscow,Ural,2,1,H,1.62,4.16,5.59,1.7,4.29,5.59,1.64,3.97,5.16,,,,,,,,
RUS,Premier League,2023/2024,29/10/2023,16:30,CSKA Moscow,Krasnodar,1,0,H,2.33,3.4,3.23,2.4,3.64,3.23,2.3,3.42,3.03,,,,,,,,
RUS,Premier League,2023/2024,04/11/2023,13:30,Akhmat Grozny,Fakel Voronezh,1,2,A,1.97,3.55,4.08,2.06,3.68,4.08,2,3.55,3.82,,,,,,,,
RUS,Premier League,2023/2024,04/11/2023,16:00,Baltika,Zenit,0,2,A,5.29,3.68,1.74,5.91,3.85,1.8,5.23,3.7,1.73,,,,,,,,
RUS,Premier League,2023/2024,05/11/2023,11:00,Krasnodar,Krylya Sovetov,2,1,H,1.77,3.94,4.62,1.81,4,5,1.77,3.91,4.66,,,,,,,,
RUS,Premier League,2023/2024,05/11/2023,13:30,CSKA Moscow,Pari NN,3,2,H,1.48,4.34,7.54,1.52,4.53,8,1.47,4.32,7.42,,,,,,,,
RUS,Premier League,2023/2024,05/11/2023,16:30,Lokomotiv Moscow,Spartak Moscow,1,1,D,2.6,3.6,2.7,2.61,3.66,2.78,2.57,3.59,2.65,,,,,,,,
RUS,Premier League,2023/2024,06/11/2023,11:00,Orenburg,FK Rostov,1,1,D,2.13,3.84,3.29,2.29,3.91,3.3,2.17,3.82,3.1,,,,,,,,
RUS,Premier League,2023/2024,06/11/2023,13:30,Ural,Rubin Kazan,0,1,A,2.36,3.19,3.39,2.36,3.41,3.39,2.31,3.23,3.31,,,,,,,,
RUS,Premier League,2023/2024,06/11/2023,16:30,Sochi,Dynamo Moscow,3,3,D,3.05,3.51,2.38,3.27,3.72,2.38,3.06,3.54,2.3,,,,,,,,
RUS,Premier League,2023/2024,11/11/2023,11:00,Fakel Voronezh,CSKA Moscow,1,1,D,3.29,3.23,2.38,3.31,3.37,2.43,3.19,3.19,2.34,,,,,,,,
RUS,Premier League,2023/2024,11/11/2023,11:00,Krylya Sovetov,Ural,3,1,H,2.07,3.43,3.85,2.08,3.66,3.97,2.02,3.44,3.72,,,,,,,,
RUS,Premier League,2023/2024,11/11/2023,13:30,Lokomotiv Moscow,Akhmat Grozny,2,1,H,1.76,4.05,4.52,1.79,4.19,4.7,1.74,3.94,4.44,,,,,,,,
RUS,Premier League,2023/2024,11/11/2023,16:30,Zenit,Krasnodar,1,1,D,1.68,4.05,5.15,1.73,4.05,5.75,1.68,3.93,5.09,,,,,,,,
RUS,Premier League,2023/2024,12/11/2023,11:00,Pari NN,Baltika,0,0,D,2.7,2.87,3.19,2.74,3.13,3.19,2.65,2.88,3.05,,,,,,,,
RUS,Premier League,2023/2024,12/11/2023,13:30,Dynamo Moscow,Orenburg,2,0,H,1.71,4.41,4.38,1.76,4.53,4.8,1.69,4.25,4.42,,,,,,,,
RUS,Premier League,2023/2024,12/11/2023,16:00,Sochi,Rubin Kazan,0,2,A,2.26,3.27,3.51,2.26,3.45,3.62,2.2,3.22,3.44,,,,,,,,
RUS,Premier League,2023/2024,12/11/2023,16:30,Spartak Moscow,FK Rostov,2,1,H,1.93,3.87,3.83,2.03,4.03,4.2,1.94,3.84,3.75,,,,,,,,
RUS,Premier League,2023/2024,25/11/2023,10:00,Krylya Sovetov,Lokomotiv Moscow,3,3,D,2.6,3.58,2.71,2.62,3.74,2.83,2.51,3.51,2.7,,,,,,,,
RUS,Premier League,2023/2024,25/11/2023,12:15,Zenit,Sochi,3,0,H,1.3,5.68,11.06,1.36,5.68,11.06,1.31,5.25,9.84,,,,,,,,
RUS,Premier League,2023/2024,25/11/2023,14:30,CSKA Moscow,Dynamo Moscow,2,3,A,2.22,3.69,3.2,2.25,3.85,3.4,2.18,3.65,3.16,,,,,,,,
RUS,Premier League,2023/2024,25/11/2023,16:45,Baltika,Spartak Moscow,0,2,A,3.02,3.35,2.48,3.22,3.55,2.6,2.94,3.3,2.44,,,,,,,,
RUS,Premier League,2023/2024,26/11/2023,09:00,Orenburg,Akhmat Grozny,1,1,D,2.2,4.23,2.93,2.31,4.23,3.3,2.18,3.97,2.93,,,,,,,,
RUS,Premier League,2023/2024,26/11/2023,11:00,Ural,Krasnodar,3,1,H,3.39,3.31,2.3,3.69,3.49,2.3,3.39,3.31,2.22,,,,,,,,
RUS,Premier League,2023/2024,26/11/2023,13:30,Rubin Kazan,Fakel Voronezh,1,0,H,2.14,3.12,4.05,2.32,3.22,4.05,2.2,3.07,3.66,,,,,,,,
RUS,Premier League,2023/2024,26/11/2023,16:00,FK Rostov,Pari NN,1,0,H,1.79,3.56,5.05,1.82,3.75,5.1,1.77,3.53,4.89,,,,,,,,
RUS,Premier League,2023/2024,02/12/2023,11:00,Fakel Voronezh,Baltika,0,0,D,2.34,2.89,3.83,2.34,3.11,3.85,2.27,2.92,3.73,,,,,,,,
RUS,Premier League,2023/2024,02/12/2023,13:30,Sochi,Krylya Sovetov,0,2,A,3.16,3.39,2.37,3.25,3.61,2.5,2.97,3.39,2.39,,,,,,,,
RUS,Premier League,2023/2024,02/12/2023,16:30,Pari NN,Ural,1,0,H,3.11,2.82,2.8,3.11,3.03,2.83,2.95,2.87,2.75,,,,,,,,
RUS,Premier League,2023/2024,03/12/2023,11:00,CSKA Moscow,FK Rostov,2,0,H,1.88,3.88,4.05,1.95,3.88,4.25,1.88,3.75,3.95,,,,,,,,
RUS,Premier League,2023/2024,03/12/2023,13:30,Krasnodar,Orenburg,2,1,H,1.64,4.09,5.51,1.66,4.39,5.51,1.62,4.12,5.18,,,,,,,,
RUS,Premier League,2023/2024,03/12/2023,14:00,Lokomotiv Moscow,Zenit,3,1,H,3.76,3.36,2.13,3.76,3.71,2.13,3.71,3.43,2.09,,,,,,,,
RUS,Premier League,2023/2024,03/12/2023,16:00,Akhmat Grozny,Spartak Moscow,2,1,H,2.65,3.61,2.64,2.72,3.75,2.69,2.59,3.55,2.61,,,,,,,,
RUS,Premier League,2023/2024,04/12/2023,16:30,Dynamo Moscow,Rubin Kazan,1,0,H,1.91,3.9,3.93,1.93,3.98,4.3,1.89,3.76,3.94,,,,,,,,
RUS,Premier League,2023/2024,08/12/2023,16:00,Lokomotiv Moscow,Ural,2,0,H,1.88,3.52,4.55,1.89,3.71,4.66,1.84,3.53,4.42,,,,,,,,
RUS,Premier League,2023/2024,09/12/2023,11:00,Spartak Moscow,Krylya Sovetov,3,0,H,1.87,3.89,4.11,1.95,3.98,4.15,1.87,3.77,3.91,,,,,,,,
RUS,Premier League,2023/2024,09/12/2023,13:30,Akhmat Grozny,FK Rostov,0,0,D,2.37,3.43,3.12,2.5,3.64,3.13,2.36,3.4,2.99,,,,,,,,
RUS,Premier League,2023/2024,09/12/2023,16:45,Zenit,Pari NN,1,0,H,1.29,5.29,13.84,1.31,6.41,16,1.28,5.37,13.66,,,,,,,,
RUS,Premier League,2023/2024,10/12/2023,11:00,Fakel Voronezh,Dynamo Moscow,1,1,D,3.54,3.48,2.16,3.57,3.57,2.2,3.41,3.4,2.15,,,,,,,,
RUS,Premier League,2023/2024,10/12/2023,13:30,Sochi,Orenburg,1,1,D,2.06,3.77,3.52,2.14,3.81,3.55,2.06,3.65,3.39,,,,,,,,
RUS,Premier League,2023/2024,10/12/2023,16:45,Baltika,Rubin Kazan,0,1,A,2.79,2.97,2.96,2.82,3.16,2.96,2.72,2.97,2.85,,,,,,,,
RUS,Premier League,2023/2024,10/12/2023,16:45,Krasnodar,CSKA Moscow,1,0,H,2.3,3.47,3.21,2.39,3.56,3.35,2.28,3.43,3.15,,,,,,,,
RUS,Premier League,2023/2024,01/03/2024,16:00,FK Rostov,Krylya Sovetov,2,0,H,2.11,3.47,3.69,2.14,3.47,3.69,2.08,3.39,3.52,,,,,,,,
RUS,Premier League,2023/2024,02/03/2024,11:00,CSKA Moscow,Orenburg,1,1,D,1.63,4.29,5.25,1.65,4.42,5.91,1.6,4.21,5.28,,,,,,,,
RUS,Premier League,2023/2024,02/03/2024,13:30,Krasnodar,Rubin Kazan,1,1,D,1.81,3.58,4.86,1.87,3.72,4.9,1.83,3.51,4.65,,,,,,,,
RUS,Premier League,2023/2024,02/03/2024,16:00,Akhmat Grozny,Ural,1,0,H,2.18,3.25,3.75,2.25,3.43,3.8,2.19,3.22,3.56,,,,,,,,
RUS,Premier League,2023/2024,02/03/2024,16:30,Zenit,Spartak Moscow,0,0,D,1.7,3.89,5.21,1.75,4.25,5.77,1.69,3.86,5.04,,,,,,,,
RUS,Premier League,2023/2024,03/03/2024,11:00,Pari NN,Fakel Voronezh,1,1,D,3.1,2.8,2.83,3.1,3.04,2.93,2.93,2.85,2.8,,,,,,,,
RUS,Premier League,2023/2024,03/03/2024,13:30,Dynamo Moscow,Lokomotiv Moscow,2,1,H,2.38,3.7,2.92,2.39,3.74,3.03,2.34,3.6,2.89,,,,,,,,
RUS,Premier League,2023/2024,03/03/2024,16:00,Baltika,Sochi,0,0,D,2.74,3.09,2.9,2.79,3.21,3.02,2.67,3.04,2.88,,,,,,,,
RUS,Premier League,2023/2024,08/03/2024,11:00,Krylya Sovetov,CSKA Moscow,0,2,A,3.21,3.34,2.3,3.21,3.56,2.42,3.09,3.35,2.35,,,,,,,,
RUS,Premier League,2023/2024,08/03/2024,15:30,FK Rostov,Krasnodar,2,1,H,2.81,3.19,2.75,2.81,3.31,2.85,2.71,3.16,2.76,,,,,,,,
RUS,Premier League,2023/2024,09/03/2024,11:00,Ural,Zenit,1,4,A,6.03,3.67,1.67,6.03,3.97,1.69,5.76,3.64,1.67,,,,,,,,
RUS,Premier League,2023/2024,09/03/2024,13:30,Rubin Kazan,Pari NN,0,1,A,2.29,2.94,3.9,2.33,3.21,4.4,2.15,2.99,4.06,,,,,,,,
RUS,Premier League,2023/2024,09/03/2024,16:00,Dynamo Moscow,Akhmat Grozny,2,0,H,1.9,3.87,4,1.94,4.03,4.47,1.87,3.85,3.98,,,,,,,,
RUS,Premier League,2023/2024,10/03/2024,11:00,Orenburg,Baltika,1,0,H,2.06,3.49,3.83,2.16,3.52,3.87,2.1,3.37,3.66,,,,,,,,
RUS,Premier League,2023/2024,10/03/2024,13:30,Lokomotiv Moscow,Sochi,2,2,D,1.78,3.85,4.65,1.83,3.98,4.65,1.79,3.77,4.43,,,,,,,,
RUS,Premier League,2023/2024,10/03/2024,16:00,Spartak Moscow,Fakel Voronezh,0,2,A,1.71,3.75,5.34,1.77,3.94,5.49,1.73,3.68,5.16,,,,,,,,
RUS,Premier League,2023/2024,29/03/2024,16:30,Dynamo Moscow,FK Rostov,1,4,A,2.07,3.74,3.46,2.09,3.95,3.64,2.02,3.74,3.48,,,,,,,,
RUS,Premier League,2023/2024,30/03/2024,11:00,Krylya Sovetov,Zenit,1,1,D,5.06,3.73,1.74,5.29,4.16,1.78,4.99,3.76,1.73,,,,,,,,
RUS,Premier League,2023/2024,30/03/2024,13:30,Sochi,CSKA Moscow,2,2,D,3.7,3.19,2.19,3.8,3.39,2.24,3.56,3.23,2.17,,,,,,,,
RUS,Premier League,2023/2024,30/03/2024,14:30,Baltika,Pari NN,2,0,H,2.28,2.94,3.83,2.35,3.16,3.85,2.3,3,3.54,,,,,,,,
RUS,Premier League,2023/2024,30/03/2024,16:00,Spartak Moscow,Ural,0,0,D,1.51,4.33,6.7,1.56,4.42,7,1.51,4.23,6.54,,,,,,,,
RUS,Premier League,2023/2024,31/03/2024,12:00,Fakel Voronezh,Orenburg,0,0,D,2.42,3.07,3.34,2.45,3.29,3.43,2.36,3.12,3.28,,,,,,,,
RUS,Premier League,2023/2024,31/03/2024,14:30,Rubin Kazan,Akhmat Grozny,2,1,H,2.47,3.07,3.24,2.51,3.21,3.33,2.43,3.09,3.16,,,,,,,,
RUS,Premier League,2023/2024,31/03/2024,17:30,Lokomotiv Moscow,Krasnodar,1,1,D,2.68,3.29,2.77,2.68,3.46,3.09,2.51,3.33,2.87,,,,,,,,
RUS,Premier League,2023/2024,06/04/2024,12:00,Ural,Krylya Sovetov,1,2,A,2.85,3.05,2.78,2.87,3.31,2.78,2.8,3.06,2.73,,,,,,,,
RUS,Premier League,2023/2024,06/04/2024,14:30,Pari NN,Krasnodar,3,4,A,4.01,3.18,2.1,4.01,3.39,2.19,3.79,3.2,2.12,,,,,,,,
RUS,Premier League,2023/2024,06/04/2024,18:00,FK Rostov,Sochi,2,2,D,1.89,3.76,4.05,2.01,3.76,4.3,1.91,3.62,4.01,,,,,,,,
RUS,Premier League,2023/2024,07/04/2024,12:00,CSKA Moscow,Fakel Voronezh,4,1,H,1.71,3.6,5.59,1.78,3.78,5.6,1.75,3.52,5.27,,,,,,,,
RUS,Premier League,2023/2024,07/04/2024,14:30,Akhmat Grozny,Lokomotiv Moscow,0,2,A,2.59,3.16,2.98,2.62,3.49,2.98,2.56,3.24,2.87,,,,,,,,
RUS,Premier League,2023/2024,07/04/2024,14:30,Zenit,Baltika,1,0,H,1.31,5.21,11.46,1.35,5.74,12.5,1.33,5.02,10.42,,,,,,,,
RUS,Premier League,2023/2024,07/04/2024,17:30,Dynamo Moscow,Spartak Moscow,1,2,A,2.38,3.56,2.95,2.5,3.57,2.99,2.41,3.55,2.89,,,,,,,,
RUS,Premier League,2023/2024,08/04/2024,15:00,Orenburg,Rubin Kazan,3,0,H,2.19,3.22,3.68,2.27,3.43,3.68,2.23,3.19,3.49,,,,,,,,
RUS,Premier League,2023/2024,13/04/2024,12:00,Sochi,Spartak Moscow,1,0,H,3.09,3.37,2.39,3.17,3.7,2.42,3.05,3.38,2.36,,,,,,,,
RUS,Premier League,2023/2024,13/04/2024,14:30,Akhmat Grozny,Baltika,1,7,A,2.07,3.34,3.9,2.19,3.44,3.9,2.12,3.24,3.73,,,,,,,,
RUS,Premier League,2023/2024,13/04/2024,15:00,Krasnodar,Zenit,1,2,A,3.27,3.25,2.35,3.45,3.45,2.35,3.28,3.27,2.28,,,,,,,,
RUS,Premier League,2023/2024,13/04/2024,17:30,Lokomotiv Moscow,CSKA Moscow,3,3,D,2.5,3.36,2.94,2.52,3.68,2.95,2.44,3.39,2.9,,,,,,,,
RUS,Premier League,2023/2024,14/04/2024,10:00,Orenburg,Pari NN,3,1,H,2.09,3.34,3.82,2.12,3.41,4.16,2.05,3.32,3.87,,,,,,,,
RUS,Premier League,2023/2024,14/04/2024,12:15,Ural,Dynamo Moscow,2,1,H,3.88,3.57,1.99,3.88,3.8,2.06,3.75,3.52,2.01,,,,,,,,
RUS,Premier League,2023/2024,14/04/2024,14:45,Fakel Voronezh,FK Rostov,0,1,A,3.26,3.01,2.5,3.3,3.26,2.63,3.17,3.01,2.5,,,,,,,,
RUS,Premier League,2023/2024,14/04/2024,17:00,Krylya Sovetov,Rubin Kazan,2,0,H,2.21,3.21,3.63,2.3,3.47,3.8,2.22,3.22,3.48,,,,,,,,
RUS,Premier League,2023/2024,19/04/2024,17:00,Krasnodar,Fakel Voronezh,2,0,H,1.69,3.66,5.57,1.75,3.82,5.6,1.7,3.62,5.39,,,,,,,,
RUS,Premier League,2023/2024,20/04/2024,12:00,Rubin Kazan,Lokomotiv Moscow,1,1,D,3.71,3.47,2.07,3.71,3.47,2.28,3.42,3.33,2.19,,,,,,,,
RUS,Premier League,2023/2024,20/04/2024,14:30,Baltika,Krylya Sovetov,2,1,H,2.15,3.44,3.52,2.29,3.45,3.58,2.16,3.35,3.45,,,,,,,,
RUS,Premier League,2023/2024,20/04/2024,17:30,CSKA Moscow,Akhmat Grozny,1,2,A,1.55,4.31,6.01,1.58,4.73,6.83,1.51,4.42,6.22,,,,,,,,
RUS,Premier League,2023/2024,21/04/2024,12:00,Pari NN,Dynamo Moscow,1,4,A,3.46,3.51,2.15,3.7,3.6,2.2,3.54,3.49,2.09,,,,,,,,
RUS,Premier League,2023/2024,21/04/2024,14:15,Zenit,Orenburg,1,0,H,1.45,4.77,6.93,1.47,5.6,10,1.39,4.96,8.03,,,,,,,,
RUS,Premier League,2023/2024,21/04/2024,16:15,Sochi,Ural,2,2,D,2.36,3.12,3.4,2.36,3.44,3.86,2.19,3.22,3.55,,,,,,,,
RUS,Premier League,2023/2024,21/04/2024,18:30,FK Rostov,Spartak Moscow,1,5,A,2.32,3.43,3.16,2.4,3.5,3.31,2.29,3.39,3.12,,,,,,,,
RUS,Premier League,2023/2024,24/04/2024,14:00,Orenburg,Dynamo Moscow,1,2,A,2.44,3.79,2.74,2.61,3.93,2.76,2.5,3.68,2.63,,,,,,,,
RUS,Premier League,2023/2024,24/04/2024,16:15,Pari NN,Lokomotiv Moscow,2,3,A,3.94,3.35,2.05,4.11,3.64,2.11,3.74,3.35,2.06,,,,,,,,
RUS,Premier League,2023/2024,24/04/2024,18:30,Krasnodar,Baltika,3,2,H,1.67,3.85,5.48,1.74,4.09,5.65,1.7,3.76,5.08,,,,,,,,
RUS,Premier League,2023/2024,24/04/2024,18:30,Zenit,Rubin Kazan,0,2,A,1.36,4.87,9.57,1.39,5.15,10,1.36,4.81,9.35,,,,,,,,
RUS,Premier League,2023/2024,25/04/2024,14:00,Ural,FK Rostov,0,1,A,2.6,2.98,3.15,2.69,3.31,3.15,2.57,3.02,3.05,,,,,,,,
RUS,Premier League,2023/2024,25/04/2024,16:15,Fakel Voronezh,Krylya Sovetov,0,1,A,2.85,2.87,2.95,2.85,3.21,2.98,2.73,2.97,2.9,,,,,,,,
RUS,Premier League,2023/2024,25/04/2024,18:30,Akhmat Grozny,Sochi,1,0,H,2.37,3.32,3.17,2.4,3.56,3.18,2.36,3.29,3.08,,,,,,,,
RUS,Premier League,2023/2024,25/04/2024,18:30,CSKA Moscow,Spartak Moscow,0,0,D,2.65,3.42,2.71,2.74,3.62,2.81,2.56,3.42,2.71,,,,,,,,
RUS,Premier League,2023/2024,28/04/2024,12:00,Akhmat Grozny,Pari NN,5,1,H,1.88,3.48,4.5,1.9,3.68,4.62,1.88,3.43,4.38,,,,,,,,
RUS,Premier League,2023/2024,28/04/2024,14:15,Spartak Moscow,Lokomotiv Moscow,3,2,H,2.64,3.58,2.63,2.69,3.8,2.7,2.6,3.49,2.61,,,,,,,,
RUS,Premier League,2023/2024,28/04/2024,17:15,Dynamo Moscow,Zenit,1,0,H,3.8,3.69,1.97,3.84,3.75,2.08,3.65,3.61,1.99,,,,,,,,
RUS,Premier League,2023/2024,28/04/2024,19:30,Baltika,CSKA Moscow,3,1,H,2.55,3.23,2.97,2.59,3.43,3.1,2.51,3.23,2.93,,,,,,,,
RUS,Premier League,2023/2024,29/04/2024,11:00,Krylya Sovetov,Krasnodar,0,0,D,3.32,3.43,2.24,3.51,3.45,2.28,3.26,3.36,2.23,,,,,,,,
RUS,Premier League,2023/2024,29/04/2024,13:15,Rubin Kazan,Ural,1,1,D,2.51,3.01,3.26,2.59,3.01,3.37,2.52,2.92,3.24,,,,,,,,
RUS,Premier League,2023/2024,29/04/2024,15:30,Sochi,Fakel Voronezh,0,0,D,2.05,3.16,4.22,2.19,3.18,4.3,2.1,3.1,3.92,,,,,,,,
RUS,Premier League,2023/2024,29/04/2024,17:45,FK Rostov,Orenburg,2,1,H,2.26,3.5,3.22,2.31,3.53,3.41,2.2,3.42,3.27,,,,,,,,
RUS,Premier League,2023/2024,04/05/2024,15:00,Orenburg,Krylya Sovetov,2,1,H,1.99,3.83,3.6,2.05,3.92,3.8,1.97,3.76,3.55,,,,,,,,
RUS,Premier League,2023/2024,04/05/2024,17:30,Krasnodar,Akhmat Grozny,0,1,A,1.57,4.25,5.8,1.68,4.45,5.85,1.61,4.11,5.29,,,,,,,,
RUS,Premier League,2023/2024,05/05/2024,14:30,Dynamo Moscow,Sochi,3,2,H,1.68,4.12,5.07,1.73,4.5,5.07,1.69,4.09,4.68,,,,,,,,
RUS,Premier League,2023/2024,05/05/2024,17:00,Pari NN,Spartak Moscow,0,0,D,3.96,3.58,1.97,4.35,3.68,2,3.92,3.53,1.94,,,,,,,,
RUS,Premier League,2023/2024,06/05/2024,13:45,Ural,Baltika,2,1,H,2.31,3.1,3.54,2.4,3.16,3.58,2.33,3.05,3.39,,,,,,,,
RUS,Premier League,2023/2024,06/05/2024,16:00,Fakel Voronezh,Zenit,1,1,D,7.93,3.65,1.55,7.93,3.88,1.65,6.89,3.58,1.59,,,,,,,,
RUS,Premier League,2023/2024,06/05/2024,18:30,CSKA Moscow,Rubin Kazan,2,2,D,1.68,3.72,5.61,1.76,3.72,5.7,1.7,3.61,5.27,,,,,,,,
RUS,Premier League,2023/2024,06/05/2024,18:30,Lokomotiv Moscow,FK Rostov,1,0,H,2.01,3.75,3.62,2.13,3.75,3.68,2.03,3.63,3.51,,,,,,,,
RUS,Premier League,2023/2024,10/05/2024,14:00,Krylya Sovetov,Akhmat Grozny,0,2,A,2.37,3.61,2.94,2.37,3.78,3.19,2.28,3.59,3.01,,,,,,,,
RUS,Premier League,2023/2024,11/05/2024,12:00,Rubin Kazan,FK Rostov,3,1,H,2.83,3.24,2.66,2.93,3.41,2.77,2.83,3.19,2.61,,,,,,,,
RUS,Premier League,2023/2024,11/05/2024,14:30,Spartak Moscow,Krasnodar,1,0,H,2.38,3.68,2.88,2.47,3.8,3,2.38,3.56,2.88,,,,,,,,
RUS,Premier League,2023/2024,11/05/2024,17:00,Zenit,CSKA Moscow,0,1,A,1.57,4.02,6.34,1.65,4.27,6.34,1.58,3.98,5.99,,,,,,,,
RUS,Premier League,2023/2024,11/05/2024,19:30,Baltika,Dynamo Moscow,2,3,A,3.26,3.73,2.15,3.41,3.9,2.52,3.11,3.63,2.23,,,,,,,,
RUS,Premier League,2023/2024,12/05/2024,12:00,Orenburg,Lokomotiv Moscow,0,2,A,2.3,3.8,2.94,2.36,3.95,3.06,2.3,3.71,2.89,,,,,,,,
RUS,Premier League,2023/2024,12/05/2024,14:30,Fakel Voronezh,Ural,0,0,D,2.96,2.73,2.99,2.96,2.94,3.1,2.8,2.85,2.98,,,,,,,,
RUS,Premier League,2023/2024,12/05/2024,17:00,Sochi,Pari NN,6,1,H,1.93,3.45,4.27,1.99,3.53,4.45,1.93,3.38,4.16,,,,,,,,
RUS,Premier League,2023/2024,18/05/2024,12:00,Dynamo Moscow,Krylya Sovetov,4,1,H,1.46,5.11,6.17,1.51,5.11,6.73,1.47,4.83,6.13,,,,,,,,
RUS,Premier League,2023/2024,18/05/2024,14:30,Lokomotiv Moscow,Fakel Voronezh,2,0,H,1.76,3.66,4.94,1.8,3.88,5,1.77,3.62,4.73,,,,,,,,
RUS,Premier League,2023/2024,18/05/2024,17:00,Sochi,Krasnodar,2,3,A,3.83,3.94,1.9,3.96,4.09,1.99,3.74,3.86,1.91,,,,,,,,
RUS,Premier League,2023/2024,19/05/2024,10:00,Ural,Orenburg,3,3,D,1.99,3.4,4.12,2.17,3.4,4.13,2.08,3.31,3.77,,,,,,,,
RUS,Premier League,2023/2024,19/05/2024,12:15,Spartak Moscow,Rubin Kazan,3,1,H,1.74,3.94,4.7,1.79,4,4.9,1.74,3.88,4.64,,,,,,,,
RUS,Premier League,2023/2024,19/05/2024,14:30,FK Rostov,Baltika,2,1,H,2.19,3.64,3.24,2.34,3.64,3.35,2.26,3.49,3.14,,,,,,,,
RUS,Premier League,2023/2024,19/05/2024,17:00,Akhmat Grozny,Zenit,1,5,A,6.97,4.77,1.45,7.29,4.77,1.5,6.76,4.55,1.46,,,,,,,,
RUS,Premier League,2023/2024,20/05/2024,18:00,Pari NN,CSKA Moscow,2,6,A,3.5,3.2,2.27,3.57,3.3,2.33,3.4,3.18,2.26,,,,,,,,
RUS,Premier League,2023/2024,25/05/2024,14:30,Baltika,Lokomotiv Moscow,1,3,A,2.29,3.8,2.86,2.42,3.88,2.9,2.32,3.77,2.79,,,,,,,,
RUS,Premier League,2023/2024,25/05/2024,14:30,CSKA Moscow,Ural,2,0,H,2.06,3.59,3.48,2.18,3.8,3.52,2.08,3.61,3.38,,,,,,,,
RUS,Premier League,2023/2024,25/05/2024,14:30,Fakel Voronezh,Akhmat Grozny,2,0,H,1.56,3.99,6.05,1.64,4.1,6.8,1.56,3.94,6.2,,,,,,,,
RUS,Premier League,2023/2024,25/05/2024,14:30,Krasnodar,Dynamo Moscow,1,0,H,2.63,3.36,2.69,2.81,3.84,2.69,2.66,3.45,2.58,,,,,,,,
RUS,Premier League,2023/2024,25/05/2024,14:30,Krylya Sovetov,Pari NN,1,1,D,2.07,3.63,3.43,2.17,4.05,3.55,2.07,3.67,3.35,,,,,,,,
RUS,Premier League,2023/2024,25/05/2024,14:30,Orenburg,Spartak Moscow,0,0,D,2.27,3.92,2.82,2.38,3.99,2.96,2.28,3.88,2.8,,,,,,,,
RUS,Premier League,2023/2024,25/05/2024,14:30,Rubin Kazan,Sochi,1,1,D,2.08,3.56,3.46,2.24,3.88,3.46,2.11,3.66,3.22,,,,,,,,
RUS,Premier League,2023/2024,25/05/2024,14:30,Zenit,FK Rostov,2,1,H,1.3,5.51,9.43,1.35,5.91,9.95,1.32,5.34,8.79,,,,,,,,
RUS,Premier League,2023/2024,29/05/2024,15:00,Ural,Akron Togliatti,0,2,A,1.97,3.21,4.32,2.09,3.49,4.52,1.95,3.3,4.25,,,,,,,,
RUS,Premier League,2023/2024,29/05/2024,17:15,Pari NN,Arsenal Tula,1,2,A,2.33,3.1,3.37,2.51,3.2,3.37,2.37,3.07,3.24,,,,,,,,
RUS,Premier League,2023/2024,01/06/2024,13:00,Akron Togliatti,Ural,1,2,A,2.95,3.2,2.51,3.01,3.45,2.55,2.93,3.24,2.49,,,,,,,,
RUS,Premier League,2023/2024,01/06/2024,16:00,Arsenal Tula,Pari NN,0,2,A,2.55,3.2,2.94,2.55,3.41,3.35,2.42,3.22,3.06,,,,,,,,
RUS,Premier League,2024/2025,20/07/2024,13:00,Lokomotiv Moscow,Akron Togliatti,3,2,H,1.61,4.15,5.46,1.63,4.33,5.6,1.59,4.16,5.4,,,,,,,,
RUS,Premier League,2024/2025,20/07/2024,15:30,Krylya Sovetov,Zenit,0,4,A,4.52,3.64,1.83,4.59,3.73,1.92,4.25,3.58,1.86,,,,,,,,
RUS,Premier League,2024/2025,20/07/2024,18:00,Dynamo Moscow,Fakel Voronezh,3,1,H,1.69,3.73,5.57,1.71,3.91,6,1.68,3.68,5.41,,,,,,,,
RUS,Premier League,2024/2025,20/07/2024,18:00,FK Rostov,CSKA Moscow,0,0,D,2.7,3.29,2.69,2.77,3.49,2.8,2.67,3.28,2.67,,,,,,,,
RUS,Premier League,2024/2025,21/07/2024,15:30,Orenburg,Spartak Moscow,2,0,H,3.41,3.79,2.07,3.45,3.8,2.25,3.28,3.69,2.1,,,,,,,,
RUS,Premier League,2024/2025,21/07/2024,18:00,Akhmat Grozny,Krasnodar,1,1,D,2.42,3.49,2.78,2.96,3.67,2.87,2.49,3.5,2.73,,,,,,,,
RUS,Premier League,2024/2025,21/07/2024,18:00,Khimki,Dynamo Makhachkala,1,1,D,2.03,3.28,4.13,2.21,3.31,4.13,2.09,3.2,3.82,,,,,,,,
RUS,Premier League,2024/2025,22/07/2024,18:00,Pari NN,Rubin Kazan,2,4,A,2.79,3.14,2.77,2.82,3.23,2.82,2.71,3.14,2.74,,,,,,,,
RUS,Premier League,2024/2025,26/07/2024,16:00,Krylya Sovetov,FK Rostov,1,3,A,3.28,3.4,2.27,3.3,3.49,2.38,3.11,3.41,2.3,,,,,,,,
RUS,Premier League,2024/2025,27/07/2024,13:00,Pari NN,CSKA Moscow,0,3,A,6.1,4.33,1.56,6.43,4.53,1.56,5.94,4.25,1.54,,,,,,,,
RUS,Premier League,2024/2025,27/07/2024,15:30,Dynamo Moscow,Lokomotiv Moscow,3,1,H,2.27,3.73,3.08,2.31,3.97,3.33,2.21,3.72,3.04,,,,,,,,
RUS,Premier League,2024/2025,27/07/2024,15:30,Rubin Kazan,Zenit,0,4,A,5.73,3.92,1.65,5.73,3.92,1.77,4.92,3.77,1.71,,,,,,,,
RUS,Premier League,2024/2025,27/07/2024,18:00,Fakel Voronezh,Akron Togliatti,0,2,A,2.04,3.24,4.25,2.15,3.33,4.25,2.06,3.17,3.98,,,,,,,,
RUS,Premier League,2024/2025,28/07/2024,13:00,Khimki,Spartak Moscow,1,3,A,3.29,3.43,2.29,3.61,3.53,2.31,3.25,3.41,2.22,,,,,,,,
RUS,Premier League,2024/2025,28/07/2024,15:30,Orenburg,Akhmat Grozny,0,0,D,2.31,3.72,3.01,2.31,3.72,3.25,2.22,3.64,3.05,,,,,,,,
RUS,Premier League,2024/2025,28/07/2024,18:00,Krasnodar,Dynamo Makhachkala,0,0,D,1.49,4.29,7.45,1.49,4.67,7.7,1.46,4.32,7.26,,,,,,,,
RUS,Premier League,2024/2025,03/08/2024,13:00,Akron Togliatti,Dynamo Moscow,0,2,A,4.2,3.94,1.84,4.25,4.05,1.86,4,3.92,1.83,,,,,,,,
RUS,Premier League,2024/2025,03/08/2024,15:30,Zenit,FK Rostov,5,0,H,1.57,4.33,5.86,1.58,4.33,6.34,1.56,4.16,5.88,,,,,,,,
RUS,Premier League,2024/2025,03/08/2024,18:00,Rubin Kazan,Khimki,2,3,A,1.77,3.92,4.62,1.93,3.92,4.79,1.83,3.72,4.29,,,,,,,,
RUS,Premier League,2024/2025,04/08/2024,13:30,CSKA Moscow,Orenburg,5,1,H,1.47,4.74,6.72,1.64,4.75,7.2,1.54,4.39,5.84,,,,,,,,
RUS,Premier League,2024/2025,04/08/2024,15:30,Fakel Voronezh,Krasnodar,0,0,D,7.78,4.47,1.46,8,4.53,1.51,7.19,4.29,1.47,,,,,,,,
RUS,Premier League,2024/2025,04/08/2024,18:30,Akhmat Grozny,Lokomotiv Moscow,0,5,A,3,4.31,2.13,3.3,4.31,2.14,3.15,4.05,2.06,,,,,,,,
RUS,Premier League,2024/2025,04/08/2024,18:30,Dynamo Makhachkala,Pari NN,0,1,A,2.22,3.11,3.82,2.26,3.2,3.97,2.2,3.1,3.67,,,,,,,,
RUS,Premier League,2024/2025,05/08/2024,18:00,Spartak Moscow,Krylya Sovetov,3,0,H,1.41,5.14,7.33,1.53,5.29,8.17,1.43,4.82,6.93,,,,,,,,
RUS,Premier League,2024/2025,09/08/2024,16:30,Pari NN,Khimki,1,0,H,2.79,3.38,2.64,2.88,3.44,2.72,2.7,3.33,2.61,,,,,,,,
RUS,Premier League,2024/2025,09/08/2024,18:45,FK Rostov,Rubin Kazan,1,1,D,1.98,3.62,3.96,2.01,3.78,3.96,1.97,3.57,3.77,,,,,,,,
RUS,Premier League,2024/2025,10/08/2024,13:00,Lokomotiv Moscow,Dynamo Makhachkala,2,0,H,1.52,4.47,6.42,1.53,4.6,7.43,1.48,4.39,6.62,,,,,,,,
RUS,Premier League,2024/2025,10/08/2024,15:30,Orenburg,Akron Togliatti,2,2,D,1.75,4.17,4.46,1.8,4.17,4.5,1.75,4.02,4.3,,,,,,,,
RUS,Premier League,2024/2025,10/08/2024,15:30,Zenit,Dynamo Moscow,1,0,H,1.48,4.92,6.33,1.56,4.95,6.67,1.49,4.69,5.84,,,,,,,,
RUS,Premier League,2024/2025,10/08/2024,18:00,Krasnodar,CSKA Moscow,2,1,H,2.81,3.19,2.75,2.81,3.4,2.75,2.69,3.27,2.66,,,,,,,,
RUS,Premier League,2024/2025,11/08/2024,15:30,Krylya Sovetov,Fakel Voronezh,2,0,H,1.85,3.42,4.89,2.04,3.49,4.9,1.89,3.33,4.61,,,,,,,,
RUS,Premier League,2024/2025,11/08/2024,18:00,Spartak Moscow,Akhmat Grozny,0,0,D,1.5,4.7,6.42,1.53,5.04,7,1.48,4.58,6.25,,,,,,,,
RUS,Premier League,2024/2025,17/08/2024,15:00,Dynamo Moscow,Krylya Sovetov,1,0,H,1.56,4.58,5.56,1.56,4.78,5.57,1.55,4.58,5.31,,,,,,,,
RUS,Premier League,2024/2025,17/08/2024,17:30,FK Rostov,Orenburg,3,2,H,1.63,4.37,5.14,1.73,4.37,5.14,1.66,4.13,4.75,,,,,,,,
RUS,Premier League,2024/2025,18/08/2024,13:00,Khimki,Zenit,1,1,D,7.58,4.9,1.42,9.08,5.28,1.43,7.78,4.91,1.39,,,,,,,,
RUS,Premier League,2024/2025,18/08/2024,15:30,CSKA Moscow,Lokomotiv Moscow,0,1,A,2.15,3.73,3.33,2.17,3.74,3.33,2.13,3.65,3.22,,,,,,,,
RUS,Premier League,2024/2025,18/08/2024,15:30,Spartak Moscow,Fakel Voronezh,3,0,H,1.28,5.61,12.98,1.33,5.61,12.98,1.29,5.32,11.5,,,,,,,,
RUS,Premier League,2024/2025,18/08/2024,18:00,Krasnodar,Pari NN,2,1,H,1.3,5.39,11.88,1.36,5.4,12,1.32,4.97,10.39,,,,,,,,
RUS,Premier League,2024/2025,19/08/2024,15:30,Akron Togliatti,Rubin Kazan,1,2,A,3.23,3.43,2.31,3.37,3.43,2.35,3.21,3.33,2.26,,,,,,,,
RUS,Premier League,2024/2025,19/08/2024,18:00,Dynamo Makhachkala,Akhmat Grozny,1,0,H,3.22,2.95,2.61,3.25,3,2.67,3.06,2.92,2.61,,,,,,,,
RUS,Premier League,2024/2025,23/08/2024,18:00,Rubin Kazan,Dynamo Makhachkala,2,0,H,1.95,3.46,4.28,2,3.46,4.36,1.95,3.35,4.14,,,,,,,,
RUS,Premier League,2024/2025,24/08/2024,13:00,CSKA Moscow,Akron Togliatti,4,0,H,1.36,5.38,8.38,1.38,5.8,8.9,1.34,5.28,8.3,,,,,,,,
RUS,Premier League,2024/2025,24/08/2024,15:30,Fakel Voronezh,Orenburg,1,0,H,2.79,3.28,2.71,2.83,3.42,2.71,2.77,3.24,2.61,,,,,,,,
RUS,Premier League,2024/2025,24/08/2024,15:30,Zenit,Spartak Moscow,0,0,D,1.84,3.71,4.48,1.9,3.74,4.48,1.85,3.62,4.2,,,,,,,,
RUS,Premier League,2024/2025,24/08/2024,18:00,Akhmat Grozny,Khimki,3,3,D,2.3,3.48,3.21,2.31,3.62,3.85,2.11,3.49,3.46,,,,,,,,
RUS,Premier League,2024/2025,25/08/2024,13:00,Krylya Sovetov,Pari NN,3,1,H,1.72,3.96,4.95,1.87,3.96,5.05,1.76,3.75,4.56,,,,,,,,
RUS,Premier League,2024/2025,25/08/2024,15:30,Dynamo Moscow,Krasnodar,0,1,A,2.3,3.82,2.96,2.4,3.86,3.04,2.28,3.75,2.9,,,,,,,,
RUS,Premier League,2024/2025,25/08/2024,18:00,Lokomotiv Moscow,FK Rostov,3,2,H,2.07,3.79,3.49,2.15,3.8,3.56,2.06,3.71,3.37,,,,,,,,
RUS,Premier League,2024/2025,31/08/2024,13:00,Khimki,CSKA Moscow,0,2,A,4.73,3.93,1.75,4.8,3.93,1.8,4.51,3.81,1.75,,,,,,,,
RUS,Premier League,2024/2025,31/08/2024,15:30,Pari NN,Zenit,0,3,A,11.13,5.58,1.3,11.5,5.58,1.33,9.99,5.15,1.31,,,,,,,,
RUS,Premier League,2024/2025,31/08/2024,17:45,Spartak Moscow,Rubin Kazan,1,0,H,1.53,4.46,6.25,1.53,4.6,6.7,1.49,4.41,6.25,,,,,,,,
RUS,Premier League,2024/2025,31/08/2024,18:00,Akhmat Grozny,Akron Togliatti,0,0,D,1.92,3.71,4.1,2,3.71,4.1,1.93,3.59,3.87,,,,,,,,
RUS,Premier League,2024/2025,01/09/2024,13:00,Orenburg,Dynamo Moscow,2,2,D,3.59,4.18,1.93,3.75,4.22,1.97,3.48,4.05,1.92,,,,,,,,
RUS,Premier League,2024/2025,01/09/2024,15:30,Krylya Sovetov,Dynamo Makhachkala,0,1,A,1.71,3.72,5.48,1.79,3.72,5.48,1.73,3.55,5.09,,,,,,,,
RUS,Premier League,2024/2025,01/09/2024,17:45,Lokomotiv Moscow,Krasnodar,0,3,A,2.32,3.61,3.08,2.38,3.64,3.14,2.28,3.54,2.99,,,,,,,,
RUS,Premier League,2024/2025,01/09/2024,18:00,FK Rostov,Fakel Voronezh,4,1,H,1.42,4.71,8.29,1.49,4.72,8.29,1.44,4.42,7.5,,,,,,,,
RUS,Premier League,2024/2025,13/09/2024,18:15,Rubin Kazan,Krylya Sovetov,0,2,A,2.12,3.43,3.62,2.21,3.58,3.73,2.11,3.42,3.49,,,,,,,,
RUS,Premier League,2024/2025,14/09/2024,10:00,Orenburg,Lokomotiv Moscow,2,4,A,3.41,3.92,2.06,3.64,4.07,2.08,3.43,3.93,1.98,,,,,,,,
RUS,Premier League,2024/2025,14/09/2024,12:15,Fakel Voronezh,Pari NN,0,0,D,1.97,3.12,4.85,2.05,3.17,4.85,1.99,3.07,4.42,,,,,,,,
RUS,Premier League,2024/2025,14/09/2024,14:30,CSKA Moscow,Zenit,0,1,A,3.21,3.16,2.47,3.25,3.38,2.58,3.12,3.17,2.4,,,,,,,,
RUS,Premier League,2024/2025,14/09/2024,17:00,Krasnodar,FK Rostov,2,0,H,2,3.48,4.05,2.06,3.52,4.06,2.01,3.38,3.85,,,,,,,,
RUS,Premier League,2024/2025,15/09/2024,12:15,Dynamo Moscow,Akhmat Grozny,4,2,H,1.54,4.54,5.95,1.57,4.6,5.95,1.54,4.46,5.57,,,,,,,,
RUS,Premier League,2024/2025,15/09/2024,14:30,Akron Togliatti,Khimki,3,0,H,2.79,3.53,2.55,3.18,3.58,2.6,2.88,3.45,2.42,,,,,,,,
RUS,Premier League,2024/2025,15/09/2024,17:00,Dynamo Makhachkala,Spartak Moscow,1,1,D,6.33,3.86,1.61,6.5,3.86,1.66,6,3.69,1.61,,,,,,,,
RUS,Premier League,2024/2025,21/09/2024,12:00,Akron Togliatti,Krasnodar,2,5,A,5.5,3.97,1.66,5.51,4.06,1.7,5.11,3.87,1.67,,,,,,,,
RUS,Premier League,2024/2025,21/09/2024,14:30,Zenit,Fakel Voronezh,3,1,H,1.18,7.19,17.66,1.19,7.7,21,1.18,6.94,16.63,,,,,,,,
RUS,Premier League,2024/2025,21/09/2024,17:00,Rubin Kazan,CSKA Moscow,1,1,D,3.51,3.33,2.23,3.57,3.53,2.26,3.41,3.31,2.2,,,,,,,,
RUS,Premier League,2024/2025,22/09/2024,12:15,Khimki,Orenburg,0,0,D,2.19,3.95,3.08,2.29,3.96,3.09,2.24,3.8,2.9,,,,,,,,
RUS,Premier League,2024/2025,22/09/2024,14:30,FK Rostov,Dynamo Makhachkala,0,0,D,1.53,4.25,6.71,1.55,4.33,6.84,1.52,4.15,6.5,,,,,,,,
RUS,Premier League,2024/2025,22/09/2024,14:30,Spartak Moscow,Dynamo Moscow,2,2,D,1.93,3.77,3.99,2.02,3.9,3.99,1.96,3.71,3.69,,,,,,,,
RUS,Premier League,2024/2025,22/09/2024,17:00,Pari NN,Lokomotiv Moscow,1,3,A,7.98,5.16,1.39,7.98,5.2,1.44,7.58,4.94,1.39,,,,,,,,
RUS,Premier League,2024/2025,23/09/2024,16:30,Akhmat Grozny,Krylya Sovetov,1,1,D,2.59,3.4,2.83,2.59,3.59,2.97,2.5,3.4,2.79,,,,,,,,
RUS,Premier League,2024/2025,27/09/2024,14:30,Orenburg,Pari NN,1,2,A,1.51,4.58,6.53,1.6,4.6,6.53,1.5,4.44,6.11,,,,,,,,
RUS,Premier League,2024/2025,27/09/2024,17:00,Fakel Voronezh,Rubin Kazan,0,0,D,3.26,2.91,2.61,3.5,2.98,2.61,3.28,2.91,2.47,,,,,,,,
RUS,Premier League,2024/2025,28/09/2024,12:00,CSKA Moscow,Akhmat Grozny,3,0,H,1.52,4.4,6.59,1.53,4.4,6.87,1.49,4.35,6.42,,,,,,,,
RUS,Premier League,2024/2025,28/09/2024,14:30,Lokomotiv Moscow,Spartak Moscow,3,1,H,2.62,3.4,2.8,2.81,3.55,2.82,2.59,3.4,2.7,,,,,,,,
RUS,Premier League,2024/2025,28/09/2024,17:30,Krasnodar,Zenit,2,0,H,3.47,3.14,2.33,3.47,3.25,2.42,3.28,3.15,2.35,,,,,,,,
RUS,Premier League,2024/2025,28/09/2024,18:00,FK Rostov,Akron Togliatti,0,2,A,1.53,4.56,6.11,1.55,4.62,6.23,1.51,4.45,5.9,,,,,,,,
RUS,Premier League,2024/2025,29/09/2024,14:30,Krylya Sovetov,Khimki,0,0,D,1.97,3.61,4.01,2,3.77,4.01,1.96,3.58,3.81,,,,,,,,
RUS,Premier League,2024/2025,29/09/2024,17:00,Dynamo Makhachkala,Dynamo Moscow,0,1,A,4.49,3.67,1.85,4.88,3.77,1.88,4.38,3.62,1.82,,,,,,,,
RUS,Premier League,2024/2025,05/10/2024,12:00,Akron Togliatti,Pari NN,2,2,D,1.81,3.79,4.52,1.84,3.87,4.52,1.8,3.7,4.38,,,,,,,,
RUS,Premier League,2024/2025,05/10/2024,14:30,Zenit,Orenburg,1,0,H,1.22,6.98,12.54,1.23,7.05,16.7,1.21,6.66,12.97,,,,,,,,
RUS,Premier League,2024/2025,05/10/2024,17:00,Rubin Kazan,Akhmat Grozny,2,0,H,2.16,3.37,3.64,2.31,3.4,3.64,2.24,3.31,3.31,,,,,,,,
RUS,Premier League,2024/2025,05/10/2024,17:00,Spartak Moscow,FK Rostov,3,0,H,1.83,3.84,4.35,1.86,3.93,4.43,1.82,3.75,4.23,,,,,,,,
RUS,Premier League,2024/2025,06/10/2024,12:00,Fakel Voronezh,Dynamo Makhachkala,1,1,D,2.95,2.76,3.01,3.02,2.76,3.02,2.89,2.71,2.95,,,,,,,,
RUS,Premier League,2024/2025,06/10/2024,14:30,Lokomotiv Moscow,Krylya Sovetov,1,0,H,1.58,4.39,5.66,1.58,4.54,6.06,1.55,4.33,5.57,,,,,,,,
RUS,Premier League,2024/2025,06/10/2024,17:00,Dynamo Moscow,CSKA Moscow,1,2,A,2.51,3.53,2.85,2.51,3.56,2.93,2.43,3.49,2.81,,,,,,,,
RUS,Premier League,2024/2025,06/10/2024,17:00,Krasnodar,Khimki,4,0,H,1.36,5.44,8.4,1.38,5.5,8.4,1.36,5.25,7.73,,,,,,,,
RUS,Premier League,2024/2025,18/10/2024,16:00,Akron Togliatti,Zenit,0,5,A,7.6,5.14,1.4,8.74,5.14,1.45,7.33,4.84,1.41,,,,,,,,
RUS,Premier League,2024/2025,18/10/2024,18:15,Akhmat Grozny,Fakel Voronezh,2,3,A,1.73,3.44,5.97,1.86,3.51,5.97,1.8,3.31,5.17,,,,,,,,
RUS,Premier League,2024/2025,19/10/2024,12:00,Pari NN,FK Rostov,1,1,D,4.54,3.74,1.83,4.54,3.87,1.84,4.37,3.68,1.81,,,,,,,,
RUS,Premier League,2024/2025,19/10/2024,14:30,Khimki,Lokomotiv Moscow,2,0,H,4,4.08,1.85,4.77,4.3,1.88,4.14,4.05,1.79,,,,,,,,
RUS,Premier League,2024/2025,19/10/2024,14:30,Spartak Moscow,Krasnodar,0,3,A,2.39,3.29,3.22,2.63,3.37,3.28,2.48,3.25,2.94,,,,,,,,
RUS,Premier League,2024/2025,19/10/2024,17:00,Dynamo Makhachkala,CSKA Moscow,0,1,A,5.71,3.65,1.7,5.71,3.65,1.8,5.27,3.47,1.74,,,,,,,,
RUS,Premier League,2024/2025,20/10/2024,14:30,Orenburg,Krylya Sovetov,2,2,D,2.52,3.6,2.79,2.63,3.71,2.79,2.51,3.56,2.67,,,,,,,,
RUS,Premier League,2024/2025,20/10/2024,17:00,Rubin Kazan,Dynamo Moscow,0,4,A,5.18,4.05,1.68,5.26,4.07,1.71,4.9,3.94,1.67,,,,,,,,
RUS,Premier League,2024/2025,26/10/2024,12:00,Dynamo Makhachkala,Akron Togliatti,1,1,D,2.1,3.29,3.92,2.17,3.33,3.95,2.13,3.21,3.7,,,,,,,,
RUS,Premier League,2024/2025,26/10/2024,14:30,CSKA Moscow,Fakel Voronezh,0,0,D,1.31,5.24,12.22,1.32,5.5,13,1.29,5.11,11.7,,,,,,,,
RUS,Premier League,2024/2025,26/10/2024,17:00,FK Rostov,Akhmat Grozny,2,3,A,1.81,3.66,4.8,1.82,3.86,4.8,1.79,3.65,4.54,,,,,,,,
RUS,Premier League,2024/2025,27/10/2024,09:00,Orenburg,Rubin Kazan,1,2,A,2.09,3.48,3.73,2.28,3.6,3.73,2.17,3.4,3.36,,,,,,,,
RUS,Premier League,2024/2025,27/10/2024,11:15,Pari NN,Spartak Moscow,0,2,A,6.7,4.18,1.54,6.75,4.21,1.61,6.31,4.05,1.54,,,,,,,,
RUS,Premier League,2024/2025,27/10/2024,13:30,Khimki,Dynamo Moscow,3,4,A,3.94,3.96,1.89,4.16,4.11,1.93,3.85,3.92,1.86,,,,,,,,
RUS,Premier League,2024/2025,27/10/2024,16:30,Zenit,Lokomotiv Moscow,1,1,D,1.57,4.3,5.97,1.62,4.34,6.2,1.56,4.2,5.72,,,,,,,,
RUS,Premier League,2024/2025,28/10/2024,15:30,Krylya Sovetov,Krasnodar,1,2,A,4.62,3.81,1.82,4.9,3.83,1.83,4.51,3.72,1.79,,,,,,,,
RUS,Premier League,2024/2025,01/11/2024,16:00,Dynamo Moscow,FK Rostov,1,1,D,1.71,4.36,4.49,1.71,4.46,4.7,1.67,4.29,4.5,,,,,,,,
RUS,Premier League,2024/2025,02/11/2024,15:00,Lokomotiv Moscow,Rubin Kazan,1,0,H,1.71,3.97,5.03,1.75,4.1,5.3,1.69,3.92,4.89,,,,,,,,
RUS,Premier League,2024/2025,02/11/2024,15:00,Zenit,Dynamo Makhachkala,2,1,H,1.23,6.04,15.41,1.25,6.2,16,1.24,5.78,13.52,,,,,,,,
RUS,Premier League,2024/2025,02/11/2024,17:45,CSKA Moscow,Spartak Moscow,0,2,A,2.43,3.21,3.23,2.43,3.36,3.43,2.36,3.22,3.14,,,,,,,,
RUS,Premier League,2024/2025,03/11/2024,10:00,Akron Togliatti,Krylya Sovetov,2,0,H,3.71,3.44,2.11,3.74,3.5,2.11,3.62,3.4,2.05,,,,,,,,
RUS,Premier League,2024/2025,03/11/2024,12:15,Akhmat Grozny,Pari NN,0,2,A,1.74,3.73,5.22,1.81,3.78,5.22,1.76,3.61,4.83,,,,,,,,
RUS,Premier League,2024/2025,03/11/2024,14:30,Fakel Voronezh,Khimki,1,1,D,2.81,3.04,2.87,2.92,3.05,2.91,2.8,2.98,2.78,,,,,,,,
RUS,Premier League,2024/2025,03/11/2024,16:45,Krasnodar,Orenburg,4,0,H,1.34,5.54,8.86,1.35,5.7,9.32,1.33,5.4,8.49,,,,,,,,
RUS,Premier League,2024/2025,09/11/2024,11:00,Lokomotiv Moscow,Fakel Voronezh,2,1,H,1.37,5.02,9.36,1.37,5.13,10.1,1.35,4.93,9.17,,,,,,,,
RUS,Premier League,2024/2025,09/11/2024,13:30,Dynamo Makhachkala,Orenburg,2,1,H,2.48,3.05,3.31,2.5,3.15,3.45,2.44,3.04,3.18,,,,,,,,
RUS,Premier League,2024/2025,09/11/2024,16:00,FK Rostov,Khimki,3,1,H,1.8,3.93,4.41,1.85,3.96,4.41,1.8,3.84,4.22,,,,,,,,
RUS,Premier League,2024/2025,09/11/2024,16:30,Dynamo Moscow,Pari NN,3,1,H,1.34,5.85,8.44,1.34,6,8.59,1.32,5.75,8.17,,,,,,,,
RUS,Premier League,2024/2025,10/11/2024,10:00,Krylya Sovetov,CSKA Moscow,1,2,A,3.72,3.32,2.16,3.93,3.37,2.27,3.57,3.24,2.16,,,,,,,,
RUS,Premier League,2024/2025,10/11/2024,12:15,Spartak Moscow,Akron Togliatti,4,0,H,1.39,5.25,7.9,1.43,5.5,8.6,1.37,5.14,7.81,,,,,,,,
RUS,Premier League,2024/2025,10/11/2024,14:30,Akhmat Grozny,Zenit,1,2,A,7.01,4.28,1.51,7.35,4.49,1.51,6.84,4.3,1.48,,,,,,,,
RUS,Premier League,2024/2025,10/11/2024,16:45,Rubin Kazan,Krasnodar,1,1,D,4.43,3.51,1.91,4.62,3.62,1.94,4.32,3.48,1.89,,,,,,,,
RUS,Premier League,2024/2025,22/11/2024,16:00,Rubin Kazan,Akron Togliatti,3,0,H,2,3.51,3.99,2,3.61,4.68,1.89,3.5,4.24,,,,,,,,
RUS,Premier League,2024/2025,23/11/2024,09:00,Orenburg,Zenit,0,1,A,7.32,5.11,1.42,7.71,5.11,1.44,7.06,4.91,1.41,,,,,,,,
RUS,Premier League,2024/2025,23/11/2024,11:15,CSKA Moscow,FK Rostov,1,2,A,1.88,3.68,4.28,1.9,3.84,4.56,1.85,3.65,4.2,,,,,,,,
RUS,Premier League,2024/2025,23/11/2024,13:30,Khimki,Krasnodar,2,2,D,4.6,4.12,1.74,4.76,4.14,1.75,4.53,4,1.72,,,,,,,,
RUS,Premier League,2024/2025,23/11/2024,15:00,Spartak Moscow,Lokomotiv Moscow,5,2,H,2.1,3.71,3.46,2.17,3.73,3.52,2.09,3.62,3.35,,,,,,,,
RUS,Premier League,2024/2025,24/11/2024,11:00,Krylya Sovetov,Akhmat Grozny,2,1,H,2.4,3.23,3.26,2.42,3.37,3.34,2.34,3.2,3.21,,,,,,,,
RUS,Premier League,2024/2025,24/11/2024,13:30,Fakel Voronezh,Dynamo Moscow,1,1,D,4.03,3.5,2,4.13,3.59,2.02,3.93,3.48,1.96,,,,,,,,
RUS,Premier League,2024/2025,24/11/2024,16:00,Pari NN,Dynamo Makhachkala,0,0,D,3.57,2.81,2.52,3.57,2.96,2.53,3.38,2.82,2.49,,,,,,,,
RUS,Premier League,2024/2025,30/11/2024,11:00,Akron Togliatti,Orenburg,1,0,H,2.22,3.39,3.48,2.28,3.53,3.48,2.22,3.38,3.25,,,,,,,,
RUS,Premier League,2024/2025,30/11/2024,13:30,CSKA Moscow,Rubin Kazan,2,2,D,1.85,3.48,4.82,1.88,3.58,5.1,1.81,3.45,4.79,,,,,,,,
RUS,Premier League,2024/2025,30/11/2024,16:00,FK Rostov,Pari NN,4,0,H,1.52,4.21,7.06,1.52,4.36,7.1,1.5,4.18,6.78,,,,,,,,
RUS,Premier League,2024/2025,01/12/2024,11:00,Lokomotiv Moscow,Khimki,1,3,A,1.61,4.48,5.17,1.61,4.6,5.52,1.57,4.43,5.25,,,,,,,,
RUS,Premier League,2024/2025,01/12/2024,13:30,Zenit,Krylya Sovetov,2,3,A,1.26,6.23,12,1.3,6.55,12,1.27,5.86,10.54,,,,,,,,
RUS,Premier League,2024/2025,01/12/2024,16:00,Dynamo Makhachkala,Fakel Voronezh,0,0,D,2.31,2.73,4.28,2.31,2.92,4.28,2.24,2.78,4.05,,,,,,,,
RUS,Premier League,2024/2025,01/12/2024,16:30,Krasnodar,Spartak Moscow,0,3,A,2.3,3.39,3.3,2.31,3.44,3.3,2.27,3.35,3.18,,,,,,,,
RUS,Premier League,2024/2025,02/12/2024,16:00,Akhmat Grozny,Dynamo Moscow,1,1,D,3.31,3.9,2.1,3.47,3.97,2.15,3.26,3.81,2.07,,,,,,,,
RUS,Premier League,2024/2025,07/12/2024,11:00,Spartak Moscow,Pari NN,3,0,H,1.17,7.66,17.46,1.21,7.66,17.46,1.18,6.98,15,,,,,,,,
RUS,Premier League,2024/2025,07/12/2024,13:30,FK Rostov,Krylya Sovetov,3,1,H,1.68,4.12,5.04,1.73,4.12,5.2,1.68,3.96,4.8,,,,,,,,
RUS,Premier League,2024/2025,07/12/2024,13:30,Zenit,Akron Togliatti,1,2,A,1.16,8.89,15.01,1.17,9.07,17.1,1.15,8.5,14.74,,,,,,,,
RUS,Premier League,2024/2025,07/12/2024,16:00,Dynamo Makhachkala,Rubin Kazan,2,3,A,2.93,2.77,3.03,2.98,2.85,3.03,2.88,2.79,2.91,,,,,,,,
RUS,Premier League,2024/2025,08/12/2024,11:00,Dynamo Moscow,Khimki,4,1,H,1.39,5.59,7.05,1.44,5.59,7.05,1.4,5.34,6.56,,,,,,,,
RUS,Premier League,2024/2025,08/12/2024,13:30,Fakel Voronezh,CSKA Moscow,0,1,A,4.68,3.01,2.04,4.7,3.07,2.05,4.5,2.99,2.01,,,,,,,,
RUS,Premier League,2024/2025,08/12/2024,16:00,Akhmat Grozny,Orenburg,1,0,H,1.81,3.8,4.54,1.83,3.82,4.79,1.79,3.7,4.42,,,,,,,,
RUS,Premier League,2024/2025,08/12/2024,16:30,Krasnodar,Lokomotiv Moscow,0,0,D,1.86,3.95,4.08,1.9,4.1,4.2,1.83,3.92,4.01,,,,,,,,
RUS,Premier League,2024/2025,28/02/2025,16:00,Dynamo Makhachkala,Lokomotiv Moscow,1,1,D,3.4,3.21,2.34,3.73,3.22,2.34,3.46,3.15,2.26,,,,,,,,
RUS,Premier League,2024/2025,01/03/2025,11:00,Pari NN,Akron Togliatti,2,1,H,2.65,3.26,2.86,2.65,3.38,2.9,2.56,3.28,2.82,,,,,,,,
RUS,Premier League,2024/2025,01/03/2025,13:30,Zenit,CSKA Moscow,0,0,D,1.82,3.53,4.93,1.92,3.53,4.93,1.83,3.43,4.66,,,,,,,,
RUS,Premier League,2024/2025,01/03/2025,16:00,Akhmat Grozny,Rubin Kazan,2,1,H,2.22,3.25,3.63,2.38,3.25,3.63,2.24,3.16,3.44,,,,,,,,
RUS,Premier League,2024/2025,01/03/2025,16:30,Krasnodar,Krylya Sovetov,1,1,D,1.48,4.52,7.11,1.48,4.7,7.3,1.45,4.48,7,,,,,,,,
RUS,Premier League,2024/2025,02/03/2025,11:00,Khimki,Fakel Voronezh,1,0,H,2.21,3.16,3.78,2.32,3.2,3.78,2.24,3.1,3.57,,,,,,,,
RUS,Premier League,2024/2025,02/03/2025,13:30,Spartak Moscow,Orenburg,2,0,H,1.25,6.59,10.66,1.33,6.59,10.66,1.28,5.99,9.8,,,,,,,,
RUS,Premier League,2024/2025,02/03/2025,16:30,FK Rostov,Dynamo Moscow,1,1,D,2.63,3.65,2.64,2.8,3.85,2.64,2.65,3.66,2.52,,,,,,,,
RUS,Premier League,2024/2025,07/03/2025,15:00,Pari NN,Krasnodar,0,3,A,4.56,3.47,1.89,5.56,3.47,1.9,4.61,3.35,1.86,,,,,,,,
RUS,Premier League,2024/2025,07/03/2025,17:15,Lokomotiv Moscow,Akhmat Grozny,1,1,D,1.77,4,4.54,1.77,4.15,4.76,1.74,4.03,4.4,,,,,,,,
RUS,Premier League,2024/2025,08/03/2025,09:00,Orenburg,FK Rostov,1,2,A,3.8,4.03,1.91,3.92,4.03,1.95,3.64,3.92,1.92,,,,,,,,
RUS,Premier League,2024/2025,08/03/2025,11:30,Fakel Voronezh,Zenit,0,2,A,8.16,4.32,1.46,8.88,4.42,1.46,7.98,4.21,1.45,,,,,,,,
RUS,Premier League,2024/2025,08/03/2025,14:00,CSKA Moscow,Khimki,1,0,H,1.7,3.92,5.12,1.72,4.01,5.33,1.68,3.88,5.01,,,,,,,,
RUS,Premier League,2024/2025,08/03/2025,16:30,Dynamo Moscow,Dynamo Makhachkala,4,0,H,1.69,3.91,5.29,1.75,3.91,5.56,1.7,3.72,5.09,,,,,,,,
RUS,Premier League,2024/2025,09/03/2025,13:30,Krylya Sovetov,Akron Togliatti,0,2,A,2.25,3.33,3.45,2.31,3.34,3.63,2.23,3.23,3.4,,,,,,,,
RUS,Premier League,2024/2025,09/03/2025,16:30,Rubin Kazan,Spartak Moscow,2,1,H,5.35,3.58,1.75,5.38,3.75,1.78,5.18,3.6,1.73,,,,,,,,
RUS,Premier League,2024/2025,15/03/2025,09:00,Orenburg,Fakel Voronezh,1,0,H,2.38,3.29,3.23,2.47,3.29,3.35,2.39,3.19,3.11,,,,,,,,
RUS,Premier League,2024/2025,15/03/2025,11:30,Khimki,Akhmat Grozny,1,1,D,3.41,3.45,2.22,3.41,3.55,2.34,3.19,3.43,2.23,,,,,,,,
RUS,Premier League,2024/2025,15/03/2025,14:00,Dynamo Makhachkala,Krylya Sovetov,4,0,H,2.4,3.11,3.39,2.45,3.16,3.39,2.38,3.09,3.26,,,,,,,,
RUS,Premier League,2024/2025,15/03/2025,16:30,Lokomotiv Moscow,Dynamo Moscow,2,1,H,2.19,3.68,3.27,2.31,3.68,3.3,2.22,3.53,3.16,,,,,,,,
RUS,Premier League,2024/2025,16/03/2025,10:00,Akron Togliatti,CSKA Moscow,1,2,A,4.26,3.42,1.97,4.52,3.5,2.01,4.07,3.41,1.95,,,,,,,,
RUS,Premier League,2024/2025,16/03/2025,12:15,Rubin Kazan,Pari NN,1,0,H,2.54,3.1,3.16,2.54,3.16,3.23,2.47,3.07,3.07,,,,,,,,
RUS,Premier League,2024/2025,16/03/2025,14:00,FK Rostov,Krasnodar,0,1,A,2.29,3.45,3.26,2.44,3.48,3.26,2.32,3.41,3.06,,,,,,,,
RUS,Premier League,2024/2025,16/03/2025,16:45,Spartak Moscow,Zenit,2,1,H,2.66,3.12,2.97,2.92,3.12,2.97,2.67,3,2.87,,,,,,,,
RUS,Premier League,2024/2025,28/03/2025,15:30,Krylya Sovetov,Lokomotiv Moscow,5,1,H,3.95,3.54,2,4.22,3.65,2,3.94,3.54,1.96,,,,,,,,
RUS,Premier League,2024/2025,29/03/2025,11:00,Dynamo Moscow,Orenburg,5,1,H,1.43,5.43,6.53,1.45,5.43,7.5,1.43,5.02,6.65,,,,,,,,
RUS,Premier League,2024/2025,29/03/2025,13:30,Khimki,Pari NN,2,0,H,2.79,3.26,2.72,2.79,3.32,2.85,2.66,3.25,2.71,,,,,,,,
RUS,Premier League,2024/2025,29/03/2025,16:30,CSKA Moscow,Dynamo Makhachkala,2,0,H,1.68,3.61,6.15,1.7,3.65,6.41,1.67,3.57,5.93,,,,,,,,
RUS,Premier League,2024/2025,30/03/2025,12:00,Krasnodar,Fakel Voronezh,5,0,H,1.49,4.24,7.53,1.53,4.24,7.74,1.5,4.09,7.31,,,,,,,,
RUS,Premier League,2024/2025,30/03/2025,14:30,Akhmat Grozny,Spartak Moscow,0,0,D,4.25,3.48,1.95,4.36,3.6,2,4.11,3.46,1.95,,,,,,,,
RUS,Premier League,2024/2025,30/03/2025,17:30,Zenit,Rubin Kazan,4,0,H,1.28,5.72,12.68,1.3,5.72,13,1.27,5.58,11.57,,,,,,,,
RUS,Premier League,2024/2025,31/03/2025,16:30,Akron Togliatti,FK Rostov,2,3,A,3.54,3.63,2.1,3.54,3.65,2.19,3.41,3.56,2.12,,,,,,,,
RUS,Premier League,2024/2025,04/04/2025,17:00,Pari NN,Orenburg,1,2,A,2.23,3.53,3.3,2.26,3.53,3.46,2.25,3.4,3.26,,,,,,,,
RUS,Premier League,2024/2025,05/04/2025,11:00,Krylya Sovetov,Rubin Kazan,1,1,D,2.19,3.27,3.69,2.29,3.3,4.04,2.17,3.24,3.63,,,,,,,,
RUS,Premier League,2024/2025,05/04/2025,13:15,Fakel Voronezh,Akhmat Grozny,0,0,D,4.09,3.22,2.08,4.09,3.27,2.13,3.91,3.22,2.08,,,,,,,,
RUS,Premier League,2024/2025,05/04/2025,15:30,Lokomotiv Moscow,Zenit,1,1,D,5.02,3.88,1.72,5.02,3.88,1.81,4.58,3.74,1.77,,,,,,,,
RUS,Premier League,2024/2025,05/04/2025,17:45,Krasnodar,Akron Togliatti,1,0,H,1.36,5.47,8.17,1.4,5.47,8.17,1.38,5.18,7.77,,,,,,,,
RUS,Premier League,2024/2025,06/04/2025,12:00,Dynamo Makhachkala,Khimki,4,1,H,2.06,3.45,3.85,2.1,3.45,4.25,2.07,3.33,3.86,,,,,,,,
RUS,Premier League,2024/2025,06/04/2025,14:30,FK Rostov,Spartak Moscow,0,3,A,3.03,3.57,2.36,3.19,3.57,2.36,3.01,3.51,2.33,,,,,,,,
RUS,Premier League,2024/2025,06/04/2025,17:30,CSKA Moscow,Dynamo Moscow,3,1,H,2.24,3.53,3.29,2.3,3.55,3.3,2.25,3.49,3.2,,,,,,,,
RUS,Premier League,2024/2025,11/04/2025,17:30,Spartak Moscow,Dynamo Makhachkala,1,2,A,1.31,5.38,11.15,1.38,5.38,11.15,1.32,5.18,9.89,,,,,,,,
RUS,Premier League,2024/2025,12/04/2025,10:00,Orenburg,CSKA Moscow,0,2,A,3.2,3.53,2.29,3.5,3.53,2.29,3.22,3.44,2.23,,,,,,,,
RUS,Premier League,2024/2025,12/04/2025,12:30,Pari NN,Dynamo Moscow,1,1,D,4.22,3.92,1.84,4.22,3.97,1.91,4.02,3.84,1.85,,,,,,,,
RUS,Premier League,2024/2025,12/04/2025,15:00,Rubin Kazan,Lokomotiv Moscow,1,0,H,3.18,3.37,2.38,3.32,3.4,2.4,3.1,3.31,2.35,,,,,,,,
RUS,Premier League,2024/2025,12/04/2025,17:30,Akhmat Grozny,FK Rostov,2,1,H,2.13,3.47,3.61,2.21,3.47,3.61,2.15,3.34,3.49,,,,,,,,
RUS,Premier League,2024/2025,13/04/2025,12:30,Akron Togliatti,Fakel Voronezh,1,0,H,1.86,3.51,4.7,1.88,3.68,4.7,1.86,3.52,4.39,,,,,,,,
RUS,Premier League,2024/2025,13/04/2025,15:00,Zenit,Krasnodar,4,1,H,1.62,4.15,5.63,1.67,4.15,5.68,1.62,4.02,5.42,,,,,,,,
RUS,Premier League,2024/2025,13/04/2025,17:30,Khimki,Krylya Sovetov,1,3,A,3.4,3.11,2.39,3.4,3.22,2.47,3.19,3.12,2.41,,,,,,,,
RUS,Premier League,2024/2025,19/04/2025,10:00,Orenburg,Dynamo Makhachkala,2,1,H,2.14,3.51,3.56,2.26,3.67,3.56,2.16,3.56,3.28,,,,,,,,
RUS,Premier League,2024/2025,19/04/2025,12:30,Akron Togliatti,Spartak Moscow,2,3,A,5.19,4.35,1.63,5.25,4.35,1.65,4.96,4.27,1.63,,,,,,,,
RUS,Premier League,2024/2025,19/04/2025,15:00,Lokomotiv Moscow,Pari NN,3,0,H,1.76,3.99,4.61,1.77,3.99,5.18,1.75,3.79,4.67,,,,,,,,
RUS,Premier League,2024/2025,19/04/2025,17:30,Krasnodar,Akhmat Grozny,3,1,H,1.81,3.55,5.01,1.81,3.68,5.01,1.79,3.57,4.77,,,,,,,,
RUS,Premier League,2024/2025,20/04/2025,12:00,Dynamo Moscow,Rubin Kazan,3,1,H,1.75,3.87,4.82,1.79,3.91,4.91,1.75,3.83,4.59,,,,,,,,
RUS,Premier League,2024/2025,20/04/2025,12:00,Fakel Voronezh,FK Rostov,0,2,A,3.36,3.46,2.24,3.53,3.49,2.24,3.32,3.42,2.19,,,,,,,,
RUS,Premier League,2024/2025,20/04/2025,14:30,Zenit,Khimki,1,0,H,1.12,10.68,20.28,1.14,10.68,21,1.12,9.76,19.06,,,,,,,,
RUS,Premier League,2024/2025,20/04/2025,17:30,CSKA Moscow,Krylya Sovetov,1,1,D,2.04,3.43,3.95,2.05,3.56,4.97,1.93,3.46,4.19,,,,,,,,
RUS,Premier League,2024/2025,25/04/2025,17:30,Dynamo Makhachkala,Krasnodar,2,3,A,5.63,3.76,1.68,5.63,3.76,1.75,5.35,3.64,1.7,,,,,,,,
RUS,Premier League,2024/2025,26/04/2025,12:00,Dynamo Moscow,Zenit,1,1,D,4.63,3.97,1.76,4.68,3.97,1.8,4.45,3.86,1.77,,,,,,,,
RUS,Premier League,2024/2025,26/04/2025,12:00,Pari NN,Akhmat Grozny,1,0,H,3.83,3.36,2.1,3.83,3.41,2.15,3.67,3.32,2.1,,,,,,,,
RUS,Premier League,2024/2025,26/04/2025,14:30,FK Rostov,Lokomotiv Moscow,1,1,D,2.33,3.88,2.88,2.36,3.88,2.88,2.33,3.79,2.81,,,,,,,,
RUS,Premier League,2024/2025,26/04/2025,17:30,Spartak Moscow,CSKA Moscow,1,2,A,1.64,3.92,5.79,1.71,3.92,5.79,1.66,3.82,5.35,,,,,,,,
RUS,Premier League,2024/2025,27/04/2025,12:00,Krylya Sovetov,Orenburg,2,0,H,1.78,4.01,4.49,1.85,4.01,4.49,1.79,3.92,4.21,,,,,,,,
RUS,Premier League,2024/2025,27/04/2025,14:30,Khimki,Akron Togliatti,2,2,D,2.67,3.24,2.86,2.67,3.32,2.86,2.62,3.24,2.77,,,,,,,,
RUS,Premier League,2024/2025,27/04/2025,17:00,Rubin Kazan,Fakel Voronezh,2,1,H,2.1,3.25,4,2.17,3.27,4,2.1,3.19,3.86,,,,,,,,
RUS,Premier League,2024/2025,02/05/2025,16:00,Akron Togliatti,Dynamo Makhachkala,1,0,H,2.24,3.21,3.63,2.33,3.23,3.63,2.25,3.18,3.42,,,,,,,,
RUS,Premier League,2024/2025,03/05/2025,15:00,Lokomotiv Moscow,Orenburg,1,1,D,1.71,4.47,4.35,1.75,4.49,4.61,1.7,4.33,4.35,,,,,,,,
RUS,Premier League,2024/2025,03/05/2025,17:30,Krasnodar,Rubin Kazan,2,1,H,1.39,5.05,8.19,1.42,5.05,8.45,1.39,4.82,7.92,,,,,,,,
RUS,Premier League,2024/2025,04/05/2025,12:00,Fakel Voronezh,Spartak Moscow,0,0,D,5.86,3.99,1.63,6.74,3.99,1.63,6.13,3.93,1.58,,,,,,,,
RUS,Premier League,2024/2025,04/05/2025,14:30,Akhmat Grozny,CSKA Moscow,1,1,D,2.48,3.32,3.04,2.48,3.36,3.16,2.41,3.3,3.02,,,,,,,,
RUS,Premier League,2024/2025,04/05/2025,17:30,Khimki,FK Rostov,1,1,D,2.51,3.67,2.76,2.52,3.77,2.76,2.47,3.67,2.68,,,,,,,,
RUS,Premier League,2024/2025,04/05/2025,17:30,Zenit,Pari NN,2,1,H,1.17,7.81,17.74,1.18,7.87,17.74,1.16,7.6,16.64,,,,,,,,
RUS,Premier League,2024/2025,05/05/2025,16:30,Krylya Sovetov,Dynamo Moscow,1,3,A,2.53,3.72,2.71,2.58,3.72,2.71,2.51,3.65,2.64,,,,,,,,
RUS,Premier League,2024/2025,10/05/2025,12:30,Orenburg,Khimki,1,1,D,2.12,4.08,3.15,2.14,4.08,3.78,2.03,3.94,3.34,,,,,,,,
RUS,Premier League,2024/2025,10/05/2025,15:00,Dynamo Makhachkala,Zenit,0,1,A,7.79,4.24,1.48,7.79,4.49,1.5,7.42,4.19,1.48,,,,,,,,
RUS,Premier League,2024/2025,10/05/2025,17:30,CSKA Moscow,Krasnodar,1,0,H,2.93,3.45,2.49,2.93,3.45,2.65,2.73,3.34,2.6,,,,,,,,
RUS,Premier League,2024/2025,11/05/2025,12:00,Akron Togliatti,Akhmat Grozny,3,2,H,3.43,3.4,2.23,3.43,3.42,2.28,3.27,3.36,2.24,,,,,,,,
RUS,Premier League,2024/2025,11/05/2025,14:30,Fakel Voronezh,Lokomotiv Moscow,0,1,A,2.71,3.37,2.72,2.78,3.38,2.72,2.71,3.31,2.64,,,,,,,,
RUS,Premier League,2024/2025,11/05/2025,17:30,Dynamo Moscow,Spartak Moscow,2,0,H,2.74,3.69,2.52,2.89,3.69,2.52,2.72,3.61,2.44,,,,,,,,
RUS,Premier League,2024/2025,11/05/2025,17:30,Rubin Kazan,FK Rostov,1,0,H,2.4,3.3,3.18,2.4,3.33,3.23,2.37,3.27,3.09,,,,,,,,
RUS,Premier League,2024/2025,12/05/2025,17:00,Pari NN,Krylya Sovetov,5,2,H,3.44,3.21,2.32,3.44,3.21,2.49,3.2,3.15,2.39,,,,,,,,
RUS,Premier League,2024/2025,17/05/2025,12:00,Orenburg,Krasnodar,1,2,A,4.82,4.45,1.65,5.84,4.45,1.65,5.06,4.29,1.6,,,,,,,,
RUS,Premier League,2024/2025,17/05/2025,14:30,Khimki,Rubin Kazan,3,2,H,2.2,3.55,3.35,2.31,3.55,3.35,2.24,3.44,3.15,,,,,,,,
RUS,Premier League,2024/2025,17/05/2025,17:00,Pari NN,Fakel Voronezh,1,1,D,2.02,3.32,4.19,2.03,3.36,4.19,1.99,3.26,4.06,,,,,,,,
RUS,Premier League,2024/2025,18/05/2025,11:30,Krylya Sovetov,Spartak Moscow,0,2,A,2.8,3.86,2.4,2.86,3.86,2.46,2.72,3.63,2.43,,,,,,,,
RUS,Premier League,2024/2025,18/05/2025,12:00,Akhmat Grozny,Dynamo Makhachkala,1,1,D,2.07,3.58,3.66,2.22,3.58,3.66,2.12,3.45,3.42,,,,,,,,
RUS,Premier League,2024/2025,18/05/2025,14:30,Dynamo Moscow,Akron Togliatti,2,1,H,1.39,5.72,7.02,1.41,5.73,7.02,1.38,5.54,6.66,,,,,,,,
RUS,Premier League,2024/2025,18/05/2025,17:00,FK Rostov,Zenit,0,1,A,9.56,5.2,1.35,9.87,5.43,1.35,9.21,5.15,1.33,,,,,,,,
RUS,Premier League,2024/2025,19/05/2025,18:30,Lokomotiv Moscow,CSKA Moscow,2,2,D,3.12,3.38,2.4,3.13,3.43,2.47,2.99,3.35,2.37,,,,,,,,
RUS,Premier League,2024/2025,24/05/2025,14:30,Akron Togliatti,Lokomotiv Moscow,1,4,A,2.45,4.04,2.6,2.61,4.04,2.6,2.51,3.91,2.48,,,,,,,,
RUS,Premier League,2024/2025,24/05/2025,14:30,CSKA Moscow,Pari NN,2,0,H,1.39,4.97,8.03,1.43,4.97,8.03,1.4,4.72,7.61,,,,,,,,
RUS,Premier League,2024/2025,24/05/2025,14:30,Dynamo Makhachkala,FK Rostov,1,1,D,2.39,3.37,3.1,2.39,3.48,3.12,2.32,3.37,3.04,,,,,,,,
RUS,Premier League,2024/2025,24/05/2025,14:30,Fakel Voronezh,Krylya Sovetov,1,1,D,2.54,3.31,2.92,2.66,3.31,2.92,2.56,3.21,2.82,,,,,,,,
RUS,Premier League,2024/2025,24/05/2025,14:30,Krasnodar,Dynamo Moscow,3,0,H,1.62,4.88,4.51,1.65,4.88,4.68,1.62,4.6,4.52,,,,,,,,
RUS,Premier League,2024/2025,24/05/2025,14:30,Rubin Kazan,Orenburg,4,2,H,1.78,4.26,4.05,1.8,4.33,4.13,1.76,4.23,3.95,,,,,,,,
RUS,Premier League,2024/2025,24/05/2025,14:30,Spartak Moscow,Khimki,5,0,H,1.45,5.25,6.14,1.45,5.44,6.86,1.41,5.11,6.46,,,,,,,,
RUS,Premier League,2024/2025,24/05/2025,14:30,Zenit,Akhmat Grozny,3,0,H,1.21,7.14,12.46,1.22,7.74,17.1,1.19,7.01,13.45,,,,,,,,
RUS,Premier League,2025/2026,18/07/2025,18:30,Dynamo Moscow,Baltika,1,1,D,1.56,4.25,5.96,1.56,4.25,5.96,1.56,4.25,5.96,,,,,,,,
RUS,Premier League,2025/2026,19/07/2025,13:30,Akron Togliatti,Krylya Sovetov,1,1,D,2.53,3.47,2.82,2.53,3.47,2.82,2.53,3.47,2.82,,,,,,,,
RUS,Premier League,2025/2026,19/07/2025,16:00,Lokomotiv Moscow,Sochi,3,0,H,1.78,3.86,4.55,1.78,3.86,4.55,1.78,3.86,4.55,,,,,,,,
RUS,Premier League,2025/2026,19/07/2025,18:30,Spartak Moscow,Dynamo Makhachkala,1,0,H,1.34,5.16,9.5,1.34,5.16,9.5,1.34,5.16,9.5,,,,,,,,
RUS,Premier League,2025/2026,20/07/2025,13:30,Pari NN,Krasnodar,0,3,A,7.46,4.77,1.43,7.46,4.77,1.43,7.46,4.77,1.43,,,,,,,,
RUS,Premier League,2025/2026,20/07/2025,16:00,Zenit,FK Rostov,2,1,H,1.32,5.5,9.61,1.32,5.5,9.61,1.32,5.5,9.61,,,,,,,,
RUS,Premier League,2025/2026,20/07/2025,18:30,Akhmat Grozny,Rubin Kazan,0,2,A,2.24,3.36,3.39,2.24,3.36,3.39,2.24,3.36,3.39,,,,,,,,
RUS,Premier League,2025/2026,21/07/2025,15:30,Orenburg,CSKA Moscow,0,0,D,6.13,4.44,1.52,6.13,4.44,1.52,6.13,4.44,1.52,,,,,,,,
RUS,Premier League,2025/2026,25/07/2025,17:00,Krylya Sovetov,Pari NN,2,0,H,1.9,3.66,4.24,,,,,,,,,,,,,,
RUS,Premier League,2025/2026,26/07/2025,13:00,Spartak Moscow,Baltika,0,3,A,1.42,4.63,8.31,,,,,,,,,,,,,,
RUS,Premier League,2025/2026,26/07/2025,15:30,Dynamo Moscow,FK Rostov,1,0,H,1.65,4.14,5.33,,,,,,,,,,,,,,
RUS,Premier League,2025/2026,26/07/2025,17:00,Krasnodar,Lokomotiv Moscow,1,2,A,1.75,3.78,5.01,,,,,,,,,,,,,,
RUS,Premier League,2025/2026,26/07/2025,18:30,Sochi,Akron Togliatti,0,4,A,2.44,3.5,2.95,,,,,,,,,,,,,,
RUS,Premier League,2025/2026,27/07/2025,13:00,CSKA Moscow,Akhmat Grozny,2,1,H,1.67,3.82,5.67,,,,,,,,,,,,,,
RUS,Premier League,2025/2026,27/07/2025,15:30,Orenburg,Dynamo Makhachkala,1,1,D,2.66,3.29,2.83,,,,,,,,,,,,,,
RUS,Premier League,2025/2026,27/07/2025,18:00,Rubin Kazan,Zenit,2,2,D,5.51,3.84,1.68,,,,,,,,,,,,,,
RUS,Premier League,2025/2026,02/08/2025,16:00,FK Rostov,Krylya Sovetov,1,4,A,2.04,3.51,3.87,,,,,,,,,,,,,,
RUS,Premier League,2025/2026,02/08/2025,18:30,Krasnodar,Dynamo Moscow,1,0,H,1.96,3.67,3.98,,,,,,,,,,,,,,
RUS,Premier League,2025/2026,02/08/2025,18:30,Pari NN,Lokomotiv Moscow,2,3,A,5.3,4.32,1.62,,,,,,,,,,,,,,
RUS,Premier League,2025/2026,03/08/2025,11:30,Akron Togliatti,Spartak Moscow,1,1,D,5.05,4.32,1.65,,,,,,,,,,,,,,
RUS,Premier League,2025/2026,03/08/2025,13:45,Baltika,Orenburg,3,2,H,1.49,4.51,6.91,,,,,,,,,,,,,,
RUS,Premier League,2025/2026,03/08/2025,16:00,Zenit,CSKA Moscow,1,1,D,1.72,3.56,5.77,,,,,,,,,,,,,,
RUS,Premier League,2025/2026,03/08/2025,18:30,Dynamo Makhachkala,Akhmat Grozny,1,0,H,3.72,3,2.32,,,,,,,,,,,,,,
RUS,Premier League,2025/2026,04/08/2025,18:00,Rubin Kazan,Sochi,2,1,H,1.83,3.64,4.62,,,,,,,,,,,,,,
RUS,Premier League,2025/2026,08/08/2025,18:00,Dynamo Makhachkala,Akron Togliatti,1,1,D,2.52,3.39,2.93,,,,,,,,,,,,,,
RUS,Premier League,2025/2026,09/08/2025,11:30,Krylya Sovetov,Baltika,1,1,D,2.96,3.3,2.55,,,,,,,,,,,,,,
RUS,Premier League,2025/2026,09/08/2025,13:45,CSKA Moscow,Rubin Kazan,5,1,H,1.95,3.49,4.24,,,,,,,,,,,,,,
RUS,Premier League,2025/2026,09/08/2025,16:00,Lokomotiv Moscow,Spartak Moscow,4,2,H,3.71,3.48,2.09,,,,,,,,,,,,,,
RUS,Premier League,2025/2026,09/08/2025,18:30,Akhmat Grozny,Zenit,1,0,H,5.47,3.98,1.66,,,,,,,,,,,,,,
RUS,Premier League,2025/2026,10/08/2025,13:30,Orenburg,Krasnodar,0,1,A,7.85,5,1.41,,,,,,,,,,,,,,
RUS,Premier League,2025/2026,10/08/2025,16:00,Sochi,Dynamo Moscow,1,1,D,4.62,4.1,1.74,,,,,,,,,,,,,,
RUS,Premier League,2025/2026,10/08/2025,18:30,FK Rostov,Pari NN,1,0,H,1.75,3.98,4.69,,,,,,,,,,,,,,
RUS,Premier League,2025/2026,16/08/2025,13:00,Baltika,Lokomotiv Moscow,1,1,D,2.42,3.27,3.18,,,,,,,,,,,,,,
RUS,Premier League,2025/2026,16/08/2025,15:30,Spartak Moscow,Zenit,2,2,D,3.22,3.18,2.45,,,,,,,,,,,,,,
RUS,Premier League,2025/2026,16/08/2025,18:30,Akhmat Grozny,Krylya Sovetov,3,1,H,1.88,3.68,4.32,,,,,,,,,,,,,,
RUS,Premier League,2025/2026,17/08/2025,11:30,Akron Togliatti,Orenburg,1,2,A,1.84,4.04,4.08,,,,,,,,,,,,,,
RUS,Premier League,2025/2026,17/08/2025,13:45,Rubin Kazan,FK Rostov,1,0,H,2.32,3.46,3.2,,,,,,,,,,,,,,
RUS,Premier League,2025/2026,17/08/2025,16:00,Dynamo Moscow,CSKA Moscow,1,3,A,2.54,3.45,2.86,,,,,,,,,,,,,,
RUS,Premier League,2025/2026,17/08/2025,18:30,Krasnodar,Sochi,5,1,H,1.43,4.98,7.34,,,,,,,,,,,,,,
RUS,Premier League,2025/2026,18/08/2025,18:00,Pari NN,Dynamo Makhachkala,2,0,H,2.9,2.89,2.92,,,,,,,,,,,,,,
RUS,Premier League,2025/2026,22/08/2025,16:00,Orenburg,Akhmat Grozny,2,2,D,3.22,3.59,2.25,,,,,,,,,,,,,,
RUS,Premier League,2025/2026,23/08/2025,12:00,Rubin Kazan,Spartak Moscow,0,2,A,3.54,3.62,2.1,,,,,,,,,,,,,,
RUS,Premier League,2025/2026,23/08/2025,14:15,Zenit,Dynamo Makhachkala,4,0,H,1.26,5.98,13.08,,,,,,,,,,,,,,
RUS,Premier League,2025/2026,23/08/2025,16:30,Lokomotiv Moscow,FK Rostov,3,3,D,1.77,3.84,4.76,,,,,,,,,,,,,,
RUS,Premier League,2025/2026,23/08/2025,18:45,Dynamo Moscow,Pari NN,3,0,H,1.41,5.06,7.71,,,,,,,,,,,,,,
RUS,Premier League,2025/2026,24/08/2025,13:00,Krylya Sovetov,Krasnodar,0,6,A,4.87,3.73,1.78,,,,,,,,,,,,,,
RUS,Premier League,2025/2026,24/08/2025,15:30,CSKA Moscow,Akron Togliatti,3,1,H,1.47,4.81,6.78,,,,,,,,,,,,,,
RUS,Premier League,2025/2026,24/08/2025,18:00,Sochi,Baltika,0,2,A,4.05,3.37,2.04,,,,,,,,,,,,,,
RUS,Premier League,2025/2026,30/08/2025,12:00,Orenburg,Rubin Kazan,2,2,D,2.68,3.56,2.64,,,,,,,,,,,,,,
RUS,Premier League,2025/2026,30/08/2025,14:15,Zenit,Pari NN,2,0,H,1.16,8.38,16.73,,,,,,,,,,,,,,
RUS,Premier League,2025/2026,30/08/2025,16:30,Spartak Moscow,Sochi,2,1,H,1.26,5.98,11.65,,,,,,,,,,,,,,
RUS,Premier League,2025/2026,30/08/2025,18:45,FK Rostov,Akhmat Grozny,1,1,D,2.22,3.28,3.58,,,,,,,,,,,,,,
RUS,Premier League,2025/2026,31/08/2025,11:30,Akron Togliatti,Baltika,0,2,A,3.61,3.49,2.13,,,,,,,,,,,,,,
RUS,Premier League,2025/2026,31/08/2025,13:45,Lokomotiv Moscow,Krylya Sovetov,2,2,D,1.66,4.14,5.16,,,,,,,,,,,,,,
RUS,Premier League,2025/2026,31/08/2025,16:00,CSKA Moscow,Krasnodar,1,1,D,2.78,3.27,2.72,,,,,,,,,,,,,,
RUS,Premier League,2025/2026,31/08/2025,18:30,Dynamo Makhachkala,Dynamo Moscow,1,0,H,3.96,3.55,2,,,,,,,,,,,,,,
RUS,Premier League,2025/2026,12/09/2025,17:00,Rubin Kazan,Dynamo Makhachkala,1,0,H,2.02,3.3,4.22,,,,,,,,,,,,,,
RUS,Premier League,2025/2026,13/09/2025,12:00,Pari NN,Orenburg,3,1,H,2.63,3.61,2.67,,,,,,,,,,,,,,
RUS,Premier League,2025/2026,13/09/2025,14:45,Akhmat Grozny,Lokomotiv Moscow,1,1,D,2.59,3.39,2.84,,,,,,,,,,,,,,
RUS,Premier League,2025/2026,13/09/2025,14:45,Dynamo Moscow,Spartak Moscow,2,2,D,2.96,3.25,2.58,,,,,,,,,,,,,,
RUS,Premier League,2025/2026,13/09/2025,17:30,Krasnodar,Akron Togliatti,2,1,H,1.35,5.65,8.16,,,,,,,,,,,,,,
RUS,Premier League,2025/2026,14/09/2025,12:30,Krylya Sovetov,Sochi,2,0,H,2.5,3.18,3.13,,,,,,,,,,,,,,
RUS,Premier League,2025/2026,14/09/2025,15:00,Baltika,Zenit,0,0,D,4.95,3.4,1.85,,,,,,,,,,,,,,
RUS,Premier League,2025/2026,14/09/2025,17:30,FK Rostov,CSKA Moscow,1,0,H,3.19,3.48,2.31,,,,,,,,,,,,,,
RUS,Premier League,2025/2026,20/09/2025,12:30,Pari NN,Akhmat Grozny,1,2,A,3.85,3.45,2.06,,,,,,,,,,,,,,
RUS,Premier League,2025/2026,20/09/2025,14:45,Akron Togliatti,Rubin Kazan,2,2,D,2.79,3.49,2.58,,,,,,,,,,,,,,
RUS,Premier League,2025/2026,20/09/2025,17:30,Dynamo Makhachkala,Lokomotiv Moscow,1,1,D,3.43,3.23,2.31,,,,,,,,,,,,,,
RUS,Premier League,2025/2026,21/09/2025,10:00,Orenburg,Dynamo Moscow,1,3,A,5.49,4.61,1.56,,,,,,,,,,,,,,
RUS,Premier League,2025/2026,21/09/2025,12:30,Spartak Moscow,Krylya Sovetov,2,1,H,1.41,4.84,8.24,,,,,,,,,,,,,,
RUS,Premier League,2025/2026,21/09/2025,15:00,Baltika,FK Rostov,0,0,D,1.98,3.41,4.24,,,,,,,,,,,,,,
RUS,Premier League,2025/2026,21/09/2025,17:30,Krasnodar,Zenit,0,2,A,2.71,3.32,2.76,,,,,,,,,,,,,,
RUS,Premier League,2025/2026,22/09/2025,17:00,Sochi,CSKA Moscow,1,3,A,5.57,3.95,1.65,,,,,,,,,,,,,,
RUS,Premier League,2025/2026,26/09/2025,16:00,Krylya Sovetov,Dynamo Moscow,2,3,A,4.24,3.8,1.86,,,,,,,,,,,,,,
RUS,Premier League,2025/2026,27/09/2025,12:00,Akhmat Grozny,Akron Togliatti,3,0,H,1.71,3.98,4.98,,,,,,,,,,,,,,
RUS,Premier League,2025/2026,27/09/2025,14:30,Lokomotiv Moscow,Rubin Kazan,1,0,H,1.88,3.71,4.23,,,,,,,,,,,,,,
RUS,Premier League,2025/2026,27/09/2025,17:00,FK Rostov,Krasnodar,0,0,D,3.64,3.88,1.99,,,,,,,,,,,,,,
RUS,Premier League,2025/2026,27/09/2025,17:30,Zenit,Orenburg,5,2,H,1.17,8.39,15.16,,,,,,,,,,,,,,
RUS,Premier League,2025/2026,28/09/2025,12:30,CSKA Moscow,Baltika,1,0,H,2.06,3.25,4.13,,,,,,,,,,,,,,
RUS,Premier League,2025/2026,28/09/2025,15:00,Dynamo Makhachkala,Sochi,0,0,D,2.1,3.3,3.92,,,,,,,,,,,,,,
RUS,Premier League,2025/2026,28/09/2025,17:30,Spartak Moscow,Pari NN,3,0,H,1.28,6.01,10.37,,,,,,,,,,,,,,
RUS,Premier League,2025/2026,04/10/2025,11:00,Akron Togliatti,Zenit,1,1,D,8.67,5.46,1.35,,,,,,,,,,,,,,
RUS,Premier League,2025/2026,04/10/2025,13:15,Rubin Kazan,Krylya Sovetov,2,0,H,2.03,3.47,3.92,,,,,,,,,,,,,,
RUS,Premier League,2025/2026,04/10/2025,15:30,Krasnodar,Akhmat Grozny,2,0,H,1.65,4.14,5.29,,,,,,,,,,,,,,
RUS,Premier League,2025/2026,04/10/2025,17:45,Dynamo Moscow,Lokomotiv Moscow,3,5,A,2,3.79,3.68,,,,,,,,,,,,,,
RUS,Premier League,2025/2026,05/10/2025,10:00,Orenburg,FK Rostov,0,1,A,3.49,3.72,2.09,,,,,,,,,,,,,,
RUS,Premier League,2025/2026,05/10/2025,12:15,Sochi,Pari NN,2,1,H,2.26,3.34,3.43,,,,,,,,,,,,,,
RUS,Premier League,2025/2026,05/10/2025,14:30,CSKA Moscow,Spartak Moscow,3,2,H,2.94,3.1,2.7,,,,,,,,,,,,,,
RUS,Premier League,2025/2026,05/10/2025,17:00,Baltika,Dynamo Makhachkala,2,0,H,1.85,3.37,5,,,,,,,,,,,,,,
RUS,Premier League,2025/2026,18/10/2025,11:00,Krylya Sovetov,Orenburg,1,1,D,2.1,3.91,3.32,2.05,3.6,3,2.05,3.6,3,,,,,,,,
RUS,Premier League,2025/2026,18/10/2025,11:00,Pari NN,Akron Togliatti,0,1,A,2.62,3.67,2.64,2.6,3.25,2.45,2.6,3.25,2.45,,,,,,,,
RUS,Premier League,2025/2026,18/10/2025,13:15,Spartak Moscow,FK Rostov,1,1,D,1.69,3.88,5.29,1.6,3.66,5,1.6,3.66,5,,,,,,,,
RUS,Premier League,2025/2026,18/10/2025,15:30,Dynamo Makhachkala,Krasnodar,0,2,A,4.84,3.4,1.87,5,3.2,1.7,5,3.2,1.7,,,,,,,,
RUS,Premier League,2025/2026,18/10/2025,17:45,Lokomotiv Moscow,CSKA Moscow,3,0,H,2.57,3.39,2.87,2.5,3.25,2.54,2.5,3.25,2.54,,,,,,,,
RUS,Premier League,2025/2026,19/10/2025,12:30,Sochi,Zenit,0,3,A,8.08,4.93,1.4,7.5,4.75,1.32,7.5,4.75,1.32,,,,,,,,
RUS,Premier League,2025/2026,19/10/2025,15:00,Rubin Kazan,Baltika,0,3,A,2.68,2.91,3.16,2.4,2.75,3.14,2.4,2.75,3.14,,,,,,,,
RUS,Premier League,2025/2026,19/10/2025,17:30,Dynamo Moscow,Akhmat Grozny,2,2,D,1.78,3.89,4.59,1.8,3.4,4,1.8,3.4,4,,,,,,,,
RUS,Premier League,2025/2026,25/10/2025,12:00,Spartak Moscow,Orenburg,1,0,H,1.36,5.46,7.07,1.25,5.5,8.5,1.25,5.5,8.5,,,,,,,,
RUS,Premier League,2025/2026,25/10/2025,14:30,FK Rostov,Dynamo Makhachkala,1,1,D,1.85,3.3,4.75,1.7,3.2,5,1.7,3.2,5,,,,,,,,
RUS,Premier League,2025/2026,25/10/2025,17:00,CSKA Moscow,Krylya Sovetov,1,0,H,1.44,4.44,7.14,1.41,4.25,6.33,1.41,4.25,6.33,,,,,,,,
RUS,Premier League,2025/2026,26/10/2025,10:00,Akron Togliatti,Lokomotiv Moscow,1,1,D,3.95,4,1.82,3.8,4,1.69,3.8,4,1.69,,,,,,,,
RUS,Premier League,2025/2026,26/10/2025,12:15,Pari NN,Baltika,0,0,D,4.11,3.25,2,4,3.14,1.87,4,3.14,1.87,,,,,,,,
RUS,Premier League,2025/2026,26/10/2025,14:30,Zenit,Dynamo Moscow,2,1,H,1.6,4.22,5.2,1.6,3.8,4.75,1.6,3.8,4.75,,,,,,,,
RUS,Premier League,2025/2026,26/10/2025,16:45,Krasnodar,Rubin Kazan,1,0,H,1.53,4.2,6.04,1.32,4.75,7.5,1.32,4.75,7.5,,,,,,,,
RUS,Premier League,2025/2026,27/10/2025,16:30,Akhmat Grozny,Sochi,2,4,A,1.59,3.96,5.74,1.48,4,5.75,1.48,4,5.75,,,,,,,,
RUS,Premier League,2025/2026,31/10/2025,16:00,CSKA Moscow,Pari NN,2,0,H,,,,1.33,4.5,8,1.33,4.5,8,,,,,,,,
RUS,Premier League,2025/2026,01/11/2025,14:45,Dynamo Makhachkala,Krylya Sovetov,2,0,H,,,,1.93,3,4,1.93,3,4,,,,,,,,
RUS,Premier League,2025/2026,01/11/2025,14:45,Rubin Kazan,Dynamo Moscow,0,0,D,,,,3.6,3.25,1.94,3.6,3.25,1.94,,,,,,,,
RUS,Premier League,2025/2026,01/11/2025,17:15,FK Rostov,Akron Togliatti,0,1,A,,,,1.63,3.6,4.75,1.63,3.6,4.75,,,,,,,,
RUS,Premier League,2025/2026,01/11/2025,17:15,Zenit,Lokomotiv Moscow,2,0,H,,,,1.5,4,5.5,1.5,4,5.5,,,,,,,,
RUS,Premier League,2025/2026,02/11/2025,09:00,Orenburg,Sochi,3,1,H,,,,2.12,3.14,3.2,2.12,3.14,3.2,,,,,,,,
RUS,Premier League,2025/2026,02/11/2025,14:00,Baltika,Akhmat Grozny,2,0,H,,,,2.6,2.75,2.83,2.6,2.75,2.83,,,,,,,,
RUS,Premier League,2025/2026,02/11/2025,16:30,Krasnodar,Spartak Moscow,2,1,H,,,,1.96,3.2,3.6,1.96,3.2,3.6,,,,,,,,
RUS,Premier League,2025/2026,08/11/2025,11:00,Dynamo Moscow,Akron Togliatti,1,2,A,,,,1.32,5,7,1.32,5,7,,,,,,,,
RUS,Premier League,2025/2026,08/11/2025,13:30,Dynamo Makhachkala,CSKA Moscow,0,1,A,,,,3,3,2.3,3,3,2.3,,,,,,,,
RUS,Premier League,2025/2026,08/11/2025,13:30,Pari NN,Rubin Kazan,0,0,D,,,,3.1,3.1,2.2,3.1,3.1,2.2,,,,,,,,
RUS,Premier League,2025/2026,08/11/2025,16:00,Sochi,FK Rostov,0,1,A,,,,3.5,3,2.08,3.5,3,2.08,,,,,,,,
RUS,Premier League,2025/2026,09/11/2025,10:00,Krylya Sovetov,Zenit,1,1,D,,,,7,4.5,1.36,7,4.5,1.36,,,,,,,,
RUS,Premier League,2025/2026,09/11/2025,12:15,Lokomotiv Moscow,Orenburg,1,0,H,,,,1.5,4.25,5,1.5,4.25,5,,,,,,,,
RUS,Premier League,2025/2026,09/11/2025,14:30,Akhmat Grozny,Spartak Moscow,1,2,A,,,,3.33,3.2,2.05,3.33,3.2,2.05,,,,,,,,
RUS,Premier League,2025/2026,09/11/2025,16:45,Baltika,Krasnodar,1,1,D,,,,3.2,2.85,2.28,3.2,2.85,2.28,,,,,,,,
RUS,Premier League,2025/2026,21/11/2025,15:30,Akron Togliatti,Sochi,3,2,H,,,,1.94,3.2,3.66,1.94,3.2,3.66,,,,,,,,
RUS,Premier League,2025/2026,22/11/2025,11:00,Orenburg,Baltika,0,0,D,,,,3.5,3,2.08,3.5,3,2.08,,,,,,,,
RUS,Premier League,2025/2026,22/11/2025,13:45,Spartak Moscow,CSKA Moscow,1,0,H,,,,2.1,3.2,3.2,2.1,3.2,3.2,,,,,,,,
RUS,Premier League,2025/2026,22/11/2025,16:30,Rubin Kazan,Akhmat Grozny,1,0,H,,,,2.54,3,2.66,2.54,3,2.66,,,,,,,,
RUS,Premier League,2025/2026,23/11/2025,10:00,Krylya Sovetov,FK Rostov,2,0,H,,,,2.9,3.14,2.28,2.9,3.14,2.28,,,,,,,,
RUS,Premier League,2025/2026,23/11/2025,12:15,Pari NN,Zenit,0,2,A,,,,8,4.5,1.33,8,4.5,1.33,,,,,,,,
RUS,Premier League,2025/2026,23/11/2025,14:30,Dynamo Moscow,Dynamo Makhachkala,3,0,H,,,,1.57,3.8,5,1.57,3.8,5,,,,,,,,
RUS,Premier League,2025/2026,23/11/2025,16:45,Lokomotiv Moscow,Krasnodar,1,1,D,,,,2.9,3.2,2.25,2.9,3.2,2.25,,,,,,,,
RUS,Premier League,2025/2026,29/11/2025,11:00,Akron Togliatti,Pari NN,1,2,A,,,,1.81,3.4,3.75,1.81,3.4,3.75,,,,,,,,
RUS,Premier League,2025/2026,29/11/2025,13:30,CSKA Moscow,Orenburg,2,0,H,,,,1.37,4.5,6.66,1.37,4.5,6.66,,,,,,,,
RUS,Premier League,2025/2026,29/11/2025,16:30,Baltika,Spartak Moscow,1,0,H,,,,3.33,2.9,2.2,3.33,2.9,2.2,,,,,,,,
RUS,Premier League,2025/2026,30/11/2025,11:00,Krasnodar,Krylya Sovetov,5,0,H,,,,1.26,5,9,1.26,5,9,,,,,,,,
RUS,Premier League,2025/2026,30/11/2025,13:30,Akhmat Grozny,Dynamo Moscow,2,1,H,,,,2.71,3.25,2.36,2.71,3.25,2.36,,,,,,,,
RUS,Premier League,2025/2026,30/11/2025,13:30,FK Rostov,Lokomotiv Moscow,1,3,A,,,,2.4,3.25,2.66,2.4,3.25,2.66,,,,,,,,
RUS,Premier League,2025/2026,30/11/2025,16:00,Zenit,Rubin Kazan,1,0,H,,,,1.26,4.75,10,1.26,4.75,10,,,,,,,,
RUS,Premier League,2025/2026,01/12/2025,16:30,Sochi,Dynamo Makhachkala,0,0,D,,,,3.25,2.66,2.4,3.25,2.66,2.4,,,,,,,,
RUS,Premier League,2025/2026,05/12/2025,16:00,Akhmat Grozny,Orenburg,1,0,H,,,,2,3.25,3.4,2,3.25,3.4,,,,,,,,
RUS,Premier League,2025/2026,06/12/2025,11:00,FK Rostov,Rubin Kazan,2,0,H,,,,2.16,2.9,3.4,2.16,2.9,3.4,,,,,,,,
RUS,Premier League,2025/2026,06/12/2025,13:45,Spartak Moscow,Dynamo Moscow,1,1,D,,,,2.05,3.4,3.14,2.05,3.4,3.14,,,,,,,,
RUS,Premier League,2025/2026,06/12/2025,16:30,Zenit,Akron Togliatti,2,0,H,,,,1.23,5.33,10,1.23,5.33,10,,,,,,,,
RUS,Premier League,2025/2026,07/12/2025,11:00,Dynamo Makhachkala,Pari NN,0,1,A,,,,1.81,3.14,4.33,1.81,3.14,4.33,,,,,,,,
RUS,Premier League,2025/2026,07/12/2025,13:30,Sochi,Lokomotiv Moscow,2,4,A,,,,4.5,3.6,1.66,4.5,3.6,1.66,,,,,,,,
RUS,Premier League,2025/2026,07/12/2025,16:00,Baltika,Krylya Sovetov,2,0,H,,,,1.46,3.66,7,1.46,3.66,7,,,,,,,,
RUS,Premier League,2025/2026,07/12/2025,16:00,Krasnodar,CSKA Moscow,3,2,H,,,,1.57,3.8,5,1.57,3.8,5,,,,,,,,
RUS,Premier League,2025/2026,27/02/2026,16:30,Zenit,Baltika,1,0,H,,,,1.48,3.6,6,1.48,3.6,6,,,,,,,,
RUS,Premier League,2025/2026,28/02/2026,09:00,Orenburg,Akron Togliatti,2,0,H,,,,2.05,3.33,3,2.05,3.33,3,,,,,,,,
RUS,Premier League,2025/2026,28/02/2026,11:30,Krasnodar,FK Rostov,2,1,H,,,,1.57,3.66,4.75,1.57,3.66,4.75,,,,,,,,
RUS,Premier League,2025/2026,28/02/2026,14:00,Lokomotiv Moscow,Pari NN,2,1,H,,,,1.42,3.8,6.33,1.42,3.8,6.33,,,,,,,,
RUS,Premier League,2025/2026,28/02/2026,17:00,Dynamo Makhachkala,Rubin Kazan,2,1,H,,,,2.42,2.6,3.1,2.42,2.6,3.1,,,,,,,,
RUS,Premier League,2025/2026,01/03/2026,10:00,Dynamo Moscow,Krylya Sovetov,4,0,H,,,,1.35,4.5,6.33,1.35,4.5,6.33,,,,,,,,
RUS,Premier League,2025/2026,01/03/2026,16:00,Akhmat Grozny,CSKA Moscow,1,0,H,,,,2.71,3.1,2.33,2.71,3.1,2.33,,,,,,,,
RUS,Premier League,2025/2026,02/03/2026,12:00,Sochi,Spartak Moscow,2,3,A,,,,5.5,3.8,1.48,5.5,3.8,1.48,,,,,,,,
RUS,Premier League,2025/2026,07/03/2026,13:45,FK Rostov,Baltika,1,1,D,,,,2.62,2.75,2.66,2.62,2.75,2.66,,,,,,,,
RUS,Premier League,2025/2026,07/03/2026,16:00,Pari NN,Sochi,2,1,H,,,,2.16,2.9,3.2,2.16,2.9,3.2,,,,,,,,
RUS,Premier League,2025/2026,08/03/2026,09:00,Orenburg,Zenit,2,1,H,,,,6.5,4.2,1.37,6.5,4.2,1.37,,,,,,,,
RUS,Premier League,2025/2026,08/03/2026,11:30,Krylya Sovetov,Dynamo Makhachkala,2,0,H,,,,2.62,2.66,2.75,2.62,2.66,2.75,,,,,,,,
RUS,Premier League,2025/2026,08/03/2026,14:00,Rubin Kazan,Krasnodar,2,1,H,,,,5.33,3.25,1.6,5.33,3.25,1.6,,,,,,,,
RUS,Premier League,2025/2026,08/03/2026,16:30,CSKA Moscow,Dynamo Moscow,1,4,A,,,,2.1,3.4,2.85,2.1,3.4,2.85,,,,,,,,
RUS,Premier League,2025/2026,09/03/2026,13:30,Lokomotiv Moscow,Akhmat Grozny,2,2,D,,,,1.6,3.66,4.5,1.6,3.66,4.5,,,,,,,,
RUS,Premier League,2025/2026,09/03/2026,16:00,Spartak Moscow,Akron Togliatti,4,3,H,,,,1.3,4.75,7,1.3,4.75,7,,,,,,,,
RUS,Premier League,2025/2026,13/03/2026,16:30,Dynamo Makhachkala,Orenburg,1,0,H,,,,2.08,2.9,3.4,2.08,2.9,3.4,,,,,,,,
RUS,Premier League,2025/2026,14/03/2026,10:45,Sochi,Krasnodar,1,2,A,,,,8,4.75,1.27,8,4.75,1.27,,,,,,,,
RUS,Premier League,2025/2026,14/03/2026,13:00,Zenit,Spartak Moscow,2,0,H,,,,1.84,3.33,3.6,1.84,3.33,3.6,,,,,,,,
RUS,Premier League,2025/2026,14/03/2026,15:15,FK Rostov,Dynamo Moscow,0,1,A,,,,2.75,3.14,2.28,2.75,3.14,2.28,,,,,,,,
RUS,Premier League,2025/2026,14/03/2026,17:30,Baltika,CSKA Moscow,1,0,H,,,,2.62,3,2.45,2.62,3,2.45,,,,,,,,
RUS,Premier League,2025/2026,15/03/2026,11:00,Akron Togliatti,Akhmat Grozny,1,1,D,,,,2.71,3.1,2.33,2.71,3.1,2.33,,,,,,,,
RUS,Premier League,2025/2026,15/03/2026,13:30,Pari NN,Krylya Sovetov,3,0,H,,,,2.12,2.85,3.33,2.12,2.85,3.33,,,,,,,,
RUS,Premier League,2025/2026,15/03/2026,16:00,Rubin Kazan,Lokomotiv Moscow,3,0,H,,,,3.5,3,2,3.5,3,2,,,,,,,,
RUS,Premier League,2025/2026,21/03/2026,10:45,Akhmat Grozny,FK Rostov,1,0,H,,,,2.08,3,3.25,2.08,3,3.25,,,,,,,,
RUS,Premier League,2025/2026,21/03/2026,13:00,CSKA Moscow,Dynamo Makhachkala,3,1,H,,,,1.66,3.25,4.75,1.66,3.25,4.75,,,,,,,,
RUS,Premier League,2025/2026,21/03/2026,15:15,Krasnodar,Pari NN,5,0,H,,,,1.22,4.75,11,1.22,4.75,11,,,,,,,,
RUS,Premier League,2025/2026,21/03/2026,17:30,Baltika,Sochi,4,0,H,,,,1.28,4.2,9.5,1.28,4.2,9.5,,,,,,,,
RUS,Premier League,2025/2026,22/03/2026,10:45,Orenburg,Spartak Moscow,0,2,A,,,,4,3.66,1.68,4,3.66,1.68,,,,,,,,
RUS,Premier League,2025/2026,22/03/2026,13:00,Dynamo Moscow,Zenit,1,3,A,,,,3.5,3.33,1.87,3.5,3.33,1.87,,,,,,,,
RUS,Premier League,2025/2026,22/03/2026,13:30,Krylya Sovetov,Rubin Kazan,0,0,D,,,,2.9,2.6,2.57,2.9,2.6,2.57,,,,,,,,
RUS,Premier League,2025/2026,22/03/2026,16:00,Lokomotiv Moscow,Akron Togliatti,5,1,H,,,,1.35,4.5,6.33,1.35,4.5,6.33,,,,,,,,
RUS,Premier League,2025/2026,04/04/2026,11:00,Akron Togliatti,CSKA Moscow,1,2,A,,,,3.75,3.6,1.73,3.75,3.6,1.73,,,,,,,,
RUS,Premier League,2025/2026,04/04/2026,13:15,Zenit,Krylya Sovetov,2,1,H,,,,1.22,4.75,11,1.22,4.75,11,,,,,,,,
RUS,Premier League,2025/2026,04/04/2026,15:30,Dynamo Moscow,Orenburg,3,3,D,,,,1.46,4,5.33,1.46,4,5.33,,,,,,,,
RUS,Premier League,2025/2026,04/04/2026,17:45,Akhmat Grozny,Krasnodar,0,1,A,,,,3.5,3.33,1.87,3.5,3.33,1.87,,,,,,,,
RUS,Premier League,2025/2026,05/04/2026,12:00,Pari NN,FK Rostov,0,1,A,,,,2.9,2.9,2.33,2.9,2.9,2.33,,,,,,,,
RUS,Premier League,2025/2026,05/04/2026,14:30,Dynamo Makhachkala,Baltika,2,2,D,,,,3.1,2.71,2.33,3.1,2.71,2.33,,,,,,,,
RUS,Premier League,2025/2026,05/04/2026,17:30,Spartak Moscow,Lokomotiv Moscow,2,1,H,,,,2,3.33,3.14,2,3.33,3.14,,,,,,,,
RUS,Premier League,2025/2026,06/04/2026,17:30,Sochi,Rubin Kazan,0,1,A,,,,3.75,3,1.92,3.75,3,1.92,,,,,,,,
RUS,Premier League,2025/2026,11/04/2026,12:00,Krylya Sovetov,Akhmat Grozny,2,2,D,,,,2.45,3.2,2.5,2.45,3.2,2.5,,,,,,,,
RUS,Premier League,2025/2026,11/04/2026,14:30,Rubin Kazan,Orenburg,0,0,D,,,,2.16,2.9,3.2,2.16,2.9,3.2,,,,,,,,
RUS,Premier League,2025/2026,11/04/2026,17:30,Baltika,Pari NN,2,2,D,,,,1.55,3.4,5.5,1.55,3.4,5.5,,,,,,,,
RUS,Premier League,2025/2026,12/04/2026,12:00,CSKA Moscow,Sochi,0,1,A,,,,1.23,5,9.5,1.23,5,9.5,,,,,,,,
RUS,Premier League,2025/2026,12/04/2026,14:30,FK Rostov,Spartak Moscow,1,1,D,,,,2.66,3.1,2.36,2.66,3.1,2.36,,,,,,,,
RUS,Premier League,2025/2026,12/04/2026,14:30,Lokomotiv Moscow,Dynamo Makhachkala,1,1,D,,,,1.57,3.5,5,1.57,3.5,5,,,,,,,,
RUS,Premier League,2025/2026,12/04/2026,17:30,Zenit,Krasnodar,1,1,D,,,,1.95,3.1,3.5,1.95,3.1,3.5,,,,,,,,
RUS,Premier League,2025/2026,13/04/2026,15:15,Akron Togliatti,Dynamo Moscow,2,3,A,,,,3.5,3.6,1.8,3.5,3.6,1.8,,,,,,,,
RUS,Premier League,2025/2026,17/04/2026,17:30,FK Rostov,Sochi,0,1,A,,,,1.44,3.8,6,1.44,3.8,6,,,,,,,,
RUS,Premier League,2025/2026,18/04/2026,10:00,Orenburg,Lokomotiv Moscow,0,1,A,,,,2.83,3.6,2.05,2.83,3.6,2.05,,,,,,,,
RUS,Premier League,2025/2026,18/04/2026,12:30,Krylya Sovetov,CSKA Moscow,1,1,D,,,,3.25,3.5,1.9,3.25,3.5,1.9,,,,,,,,
RUS,Premier League,2025/2026,18/04/2026,15:00,Rubin Kazan,Akron Togliatti,1,1,D,,,,2.14,3.1,3,2.14,3.1,3,,,,,,,,
RUS,Premier League,2025/2026,18/04/2026,17:30,Pari NN,Dynamo Moscow,1,1,D,,,,4.5,3.66,1.6,4.5,3.66,1.6,,,,,,,,
RUS,Premier League,2025/2026,19/04/2026,12:30,Dynamo Makhachkala,Zenit,0,1,A,,,,6,3.33,1.52,6,3.33,1.52,,,,,,,,
RUS,Premier League,2025/2026,19/04/2026,15:00,Spartak Moscow,Akhmat Grozny,3,1,H,,,,1.35,4.33,6.66,1.35,4.33,6.66,,,,,,,,
RUS,Premier League,2025/2026,19/04/2026,17:30,Krasnodar,Baltika,2,2,D,,,,1.45,4,5.5,1.45,4,5.5,,,,,,,,
RUS,Premier League,2025/2026,21/04/2026,15:30,Sochi,Krylya Sovetov,2,1,H,,,,2.62,3.14,2.37,2.62,3.14,2.37,,,,,,,,
RUS,Premier League,2025/2026,21/04/2026,17:45,CSKA Moscow,FK Rostov,1,1,D,,,,1.93,3.25,3.4,1.93,3.25,3.4,,,,,,,,
RUS,Premier League,2025/2026,22/04/2026,15:30,Orenburg,Pari NN,2,1,H,,,,1.75,3.5,3.8,1.75,3.5,3.8,,,,,,,,
RUS,Premier League,2025/2026,22/04/2026,17:45,Dynamo Moscow,Rubin Kazan,0,1,A,,,,1.5,3.75,5.33,1.5,3.75,5.33,,,,,,,,
RUS,Premier League,2025/2026,22/04/2026,17:45,Lokomotiv Moscow,Zenit,0,0,D,,,,3,3.25,2.08,3,3.25,2.08,,,,,,,,
RUS,Premier League,2025/2026,23/04/2026,15:30,Akron Togliatti,Dynamo Makhachkala,1,1,D,,,,2.33,3,2.8,2.33,3,2.8,,,,,,,,
RUS,Premier League,2025/2026,23/04/2026,17:45,Akhmat Grozny,Baltika,1,1,D,,,,2.66,3,2.42,2.66,3,2.42,,,,,,,,
RUS,Premier League,2025/2026,23/04/2026,17:45,Spartak Moscow,Krasnodar,1,2,A,,,,2.16,3.5,2.66,2.16,3.5,2.66,,,,,,,,
RUS,Premier League,2025/2026,25/04/2026,12:30,FK Rostov,Orenburg,0,1,A,,,,1.71,3.33,4.2,1.71,3.33,4.2,,,,,,,,
RUS,Premier League,2025/2026,25/04/2026,15:00,Krylya Sovetov,Lokomotiv Moscow,2,0,H,,,,3.6,3.33,1.84,3.6,3.33,1.84,,,,,,,,
RUS,Premier League,2025/2026,25/04/2026,17:30,Rubin Kazan,CSKA Moscow,0,0,D,,,,2.83,2.9,2.36,2.83,2.9,2.36,,,,,,,,
RUS,Premier League,2025/2026,26/04/2026,12:00,Pari NN,Spartak Moscow,1,2,A,,,,5.5,4,1.45,5.5,4,1.45,,,,,,,,
RUS,Premier League,2025/2026,26/04/2026,15:00,Dynamo Moscow,Sochi,2,0,H,,,,1.35,4.5,6.33,1.35,4.5,6.33,,,,,,,,
RUS,Premier League,2025/2026,26/04/2026,15:00,Krasnodar,Dynamo Makhachkala,2,1,H,,,,1.27,4.75,8,1.27,4.75,8,,,,,,,,
RUS,Premier League,2025/2026,26/04/2026,17:30,Zenit,Akhmat Grozny,2,0,H,,,,1.3,4.5,8,1.3,4.5,8,,,,,,,,
RUS,Premier League,2025/2026,27/04/2026,18:00,Baltika,Akron Togliatti,0,1,A,,,,1.58,3.6,4.75,1.58,3.6,4.75,,,,,,,,
RUS,Premier League,2025/2026,01/05/2026,15:00,Krylya Sovetov,Spartak Moscow,2,1,H,,,,3.8,3.5,22,3.8,3.5,11.88,,,,,,,,
RUS,Premier League,2025/2026,01/05/2026,17:30,Lokomotiv Moscow,Dynamo Moscow,1,1,D,,,,2.08,3.66,22,2.08,3.66,12.36,,,,,,,,
RUS,Premier League,2025/2026,02/05/2026,12:00,Dynamo Makhachkala,FK Rostov,1,2,A,,,,3.14,2.6,22,3.14,2.6,12.2,,,,,,,,
RUS,Premier League,2025/2026,02/05/2026,14:30,Baltika,Rubin Kazan,0,1,A,,,,2.05,2.9,22,2.05,2.9,12.75,,,,,,,,
RUS,Premier League,2025/2026,02/05/2026,17:00,CSKA Moscow,Zenit,1,3,A,,,,4.25,3.6,22,4.25,3.6,11.82,,,,,,,,
RUS,Premier League,2025/2026,03/05/2026,12:30,Sochi,Orenburg,3,1,H,,,,2.71,3.25,22,2.71,3.25,12.13,,,,,,,,
RUS,Premier League,2025/2026,03/05/2026,15:00,Akron Togliatti,Krasnodar,0,1,A,,,,5,4.33,22,5,4.33,11.73,,,,,,,,
RUS,Premier League,2025/2026,03/05/2026,17:30,Akhmat Grozny,Pari NN,2,0,H,,,,1.81,3.25,22,1.81,3.25,12.9,,,,,,,,
RUS,Premier League,2025/2026,10/05/2026,10:30,Orenburg,Krylya Sovetov,1,0,H,,,,1.85,3.2,3.75,1.85,3.2,3.75,,,,,,,,
RUS,Premier League,2025/2026,10/05/2026,13:00,Zenit,Sochi,2,1,H,,,,1.15,5.66,13,1.15,5.66,13,,,,,,,,
RUS,Premier League,2025/2026,10/05/2026,15:15,Akhmat Grozny,Dynamo Makhachkala,1,1,D,,,,2.3,3,2.83,2.3,3,2.83,,,,,,,,
RUS,Premier League,2025/2026,10/05/2026,17:30,Lokomotiv Moscow,Baltika,1,0,H,,,,1.83,3.25,3.75,1.83,3.25,3.75,,,,,,,,
RUS,Premier League,2025/2026,11/05/2026,11:00,Akron Togliatti,FK Rostov,1,3,A,,,,3,3.1,2.14,3,3.1,2.14,,,,,,,,
RUS,Premier League,2025/2026,11/05/2026,13:15,Pari NN,CSKA Moscow,1,2,A,,,,2.85,3.14,2.22,2.85,3.14,2.22,,,,,,,,
RUS,Premier League,2025/2026,11/05/2026,15:30,Spartak Moscow,Rubin Kazan,2,1,H,,,,1.47,3.75,5.75,1.47,3.75,5.75,,,,,,,,
RUS,Premier League,2025/2026,11/05/2026,18:00,Dynamo Moscow,Krasnodar,2,1,H,,,,3.4,3.6,1.81,3.4,3.6,1.81,,,,,,,,
RUS,Premier League,2025/2026,17/05/2026,16:00,Baltika,Dynamo Moscow,1,2,A,,,,2.25,3.1,2.83,2.25,3.1,2.83,,,,,,,,
RUS,Premier League,2025/2026,17/05/2026,16:00,CSKA Moscow,Lokomotiv Moscow,3,1,H,,,,2.75,3.5,2.12,2.75,3.5,2.12,,,,,,,,
RUS,Premier League,2025/2026,17/05/2026,16:00,Dynamo Makhachkala,Spartak Moscow,0,0,D,,,,3.33,3.14,2,3.33,3.14,2,,,,,,,,
RUS,Premier League,2025/2026,17/05/2026,16:00,FK Rostov,Zenit,0,1,A,,,,7,3.6,1.42,7,3.6,1.42,,,,,,,,
RUS,Premier League,2025/2026,17/05/2026,16:00,Krasnodar,Orenburg,3,0,H,,,,1.18,5.75,10,1.18,5.75,10,,,,,,,,
RUS,Premier League,2025/2026,17/05/2026,16:00,Krylya Sovetov,Akron Togliatti,4,1,H,,,,2.25,3.14,2.8,2.25,3.14,2.8,,,,,,,,
RUS,Premier League,2025/2026,17/05/2026,16:00,Rubin Kazan,Pari NN,2,2,D,,,,2.05,3.2,3.14,2.05,3.2,3.14,,,,,,,,
RUS,Premier League,2025/2026,17/05/2026,16:00,Sochi,Akhmat Grozny,1,1,D,,,,3,3.5,2,3,3.5,2,,,,,,,,
RUS,Premier League,2026/2027,24/07/2026,18:00,CSKA Moscow,Baltika,2,1,H,,,,2,3,3.5,2,3,3.5,,,,,,,,
RUS,Premier League,2026/2027,25/07/2026,12:00,Dynamo Moscow,Krylya Sovetov,0,0,D,,,,1.38,4.33,6,1.38,4.33,6,,,,,,,,
RUS,Premier League,2026/2027,25/07/2026,14:15,Akron Togliatti,Zenit,0,5,A,,,,6.66,4.33,1.35,6.66,4.33,1.35,,,,,,,,
RUS,Premier League,2026/2027,25/07/2026,16:30,Fakel Voronezh,Dynamo Makhachkala,1,2,A,,,,2.45,2.57,3.1,2.45,2.57,3.1,,,,,,,,
RUS,Premier League,2026/2027,25/07/2026,18:45,Spartak Moscow,Rodina Moscow,3,0,H,,,,1.26,4.75,8.5,1.26,4.75,8.5,,,,,,,,
RUS,Premier League,2026/2027,26/07/2026,15:00,Lokomotiv Moscow,Akhmat Grozny,1,1,D,,,,1.64,3.6,4.25,1.64,3.6,4.25,,,,,,,,
RUS,Premier League,2026/2027,26/07/2026,17:30,Orenburg,FK Rostov,2,1,H,,,,2.42,3,2.66,2.42,3,2.66,,,,,,,,
RUS,Premier League,2026/2027,26/07/2026,17:30,Rubin Kazan,Krasnodar,1,3,A,,,,3.6,2.83,2.05,3.6,2.83,2.05,,,,,,,,
RUS,Premier League,2026/2027,31/07/2026,18:00,Rodina Moscow,FK Rostov,2,4,A,,,,2.85,3,2.28,2.85,3,2.28,,,,,,,,
RUS,Premier League,2026/2027,01/08/2026,12:00,Akron Togliatti,Rubin Kazan,1,2,A,,,,2.9,3.1,2.2,2.9,3.1,2.2,,,,,,,,
RUS,Premier League,2026/2027,01/08/2026,14:15,CSKA Moscow,Krylya Sovetov,1,1,D,,,,1.38,4.33,6,1.38,4.33,6,,,,,,,,
RUS,Premier League,2026/2027,01/08/2026,16:30,Dynamo Makhachkala,Lokomotiv Moscow,2,1,H,,,,3.33,3.14,2,3.33,3.14,2,,,,,,,,
RUS,Premier League,2026/2027,01/08/2026,18:45,Baltika,Dynamo Moscow,2,1,H,,,,2.66,3.1,2.37,2.66,3.1,2.37,,,,,,,,
RUS,Premier League,2026/2027,02/08/2026,14:00,Orenburg,Zenit,0,3,A,,,,8,4.75,1.27,8,4.75,1.27,,,,,,,,
RUS,Premier League,2026/2027,02/08/2026,16:15,Krasnodar,Fakel Voronezh,3,2,H,,,,1.3,4.5,7.5,1.3,4.5,7.5,,,,,,,,
RUS,Premier League,2026/2027,02/08/2026,18:30,Akhmat Grozny,Spartak Moscow,1,2,A,,,,3.75,3.33,1.8,3.75,3.33,1.8,,,,,,,,
