Country,League,Season,Date,Time,Home,Away,HG,AG,Res,PSCH,PSCD,PSCA,MaxCH,MaxCD,MaxCA,AvgCH,AvgCD,AvgCA,BFECH,BFECD,BFECA,B365CH,B365CD,B365CA,HS,AS,HST,AST,HF,AF,HC,AC
SWE,Allsvenskan,2020,14/06/2020,11:00,Sirius,Djurgarden,0,2,A,6.45,3.89,1.61,7.19,4.1,1.62,6.27,3.82,1.57,,,,,,,,,,,,,,
SWE,Allsvenskan,2020,14/06/2020,13:30,Goteborg,Elfsborg,0,1,A,2.13,3.28,3.88,2.15,3.49,3.88,2.05,3.31,3.71,,,,,,,,,,,,,,
SWE,Allsvenskan,2020,14/06/2020,13:30,Norrkoping,Kalmar,2,1,H,1.91,3.46,4.55,1.97,3.7,4.69,1.86,3.47,4.31,,,,,,,,,,,,,,
SWE,Allsvenskan,2020,14/06/2020,16:30,Hammarby,Ostersunds,2,0,H,1.35,5.68,8.59,1.36,5.8,10.3,1.31,5.46,8.68,,,,,,,,,,,,,,
SWE,Allsvenskan,2020,14/06/2020,16:30,Orebro,AIK,0,2,A,4.16,3.37,2.02,4.37,3.52,2.12,4.02,3.33,1.97,,,,,,,,,,,,,,
SWE,Allsvenskan,2020,15/06/2020,18:00,Falkenbergs,Hacken,1,1,D,5.3,3.79,1.7,5.5,4.05,1.74,5.08,3.76,1.68,,,,,,,,,,,,,,
SWE,Allsvenskan,2020,15/06/2020,18:00,Helsingborg,Varberg,0,3,A,2.71,3.33,2.7,2.72,3.56,2.8,2.6,3.34,2.64,,,,,,,,,,,,,,
SWE,Allsvenskan,2020,15/06/2020,18:00,Malmo FF,Mjallby,2,0,H,1.4,4.87,8.17,1.42,5.5,10.5,1.38,4.7,8.21,,,,,,,,,,,,,,
SWE,Allsvenskan,2020,17/06/2020,18:00,AIK,Norrkoping,1,4,A,2.94,3.05,2.76,2.95,3.31,2.84,2.8,3.04,2.68,,,,,,,,,,,,,,
SWE,Allsvenskan,2020,17/06/2020,18:00,Djurgarden,Orebro,1,2,A,1.53,4.26,6.72,1.58,4.47,6.85,1.53,4.13,6.21,,,,,,,,,,,,,,
SWE,Allsvenskan,2020,17/06/2020,18:00,Elfsborg,Hammarby,2,2,D,3.45,3.69,2.12,3.7,3.86,2.15,3.4,3.59,2.06,,,,,,,,,,,,,,
SWE,Allsvenskan,2020,18/06/2020,18:00,Hacken,Malmo FF,1,1,D,3.07,3.19,2.56,3.2,3.29,2.62,2.98,3.13,2.48,,,,,,,,,,,,,,
SWE,Allsvenskan,2020,18/06/2020,18:00,Kalmar,Helsingborg,4,0,H,1.79,3.69,4.93,1.86,3.75,5.1,1.76,3.54,4.78,,,,,,,,,,,,,,
SWE,Allsvenskan,2020,18/06/2020,18:00,Mjallby,Falkenbergs,0,1,A,2.2,3.5,3.43,2.28,3.6,3.45,2.15,3.4,3.33,,,,,,,,,,,,,,
SWE,Allsvenskan,2020,18/06/2020,18:00,Ostersunds,Sirius,0,2,A,2.58,3.24,2.99,2.58,3.44,3.2,2.47,3.25,2.88,,,,,,,,,,,,,,
SWE,Allsvenskan,2020,18/06/2020,18:00,Varberg,Goteborg,1,2,A,3.31,3.19,2.41,3.31,3.3,2.45,3.14,3.15,2.36,,,,,,,,,,,,,,
SWE,Allsvenskan,2020,21/06/2020,13:30,Falkenbergs,Kalmar,0,2,A,3.59,3.41,2.18,3.6,3.41,2.25,3.44,3.28,2.16,,,,,,,,,,,,,,
SWE,Allsvenskan,2020,21/06/2020,13:30,Malmo FF,Varberg,2,2,D,1.31,5.42,11.49,1.32,6,12.5,1.28,5.47,10.84,,,,,,,,,,,,,,
SWE,Allsvenskan,2020,21/06/2020,13:30,Norrkoping,Djurgarden,3,0,H,2.33,3.35,3.3,2.36,3.41,3.36,2.24,3.28,3.25,,,,,,,,,,,,,,
SWE,Allsvenskan,2020,21/06/2020,16:30,Hammarby,AIK,0,2,A,1.9,3.7,4.22,1.92,3.75,4.3,1.86,3.6,4.09,,,,,,,,,,,,,,
SWE,Allsvenskan,2020,21/06/2020,16:30,Orebro,Ostersunds,0,0,D,2.09,3.5,3.75,2.15,3.73,3.9,2.03,3.48,3.61,,,,,,,,,,,,,,
SWE,Allsvenskan,2020,22/06/2020,18:00,Goteborg,Mjallby,2,2,D,2.28,3.2,3.58,2.29,3.26,3.88,2.2,3.13,3.52,,,,,,,,,,,,,,
SWE,Allsvenskan,2020,22/06/2020,18:00,Helsingborg,Elfsborg,0,0,D,5.34,4.07,1.66,5.64,4.1,1.68,5.17,3.94,1.64,,,,,,,,,,,,,,
SWE,Allsvenskan,2020,22/06/2020,18:00,Sirius,Hacken,2,2,D,3.65,3.45,2.14,3.8,3.5,2.15,3.6,3.33,2.08,,,,,,,,,,,,,,
SWE,Allsvenskan,2020,27/06/2020,14:00,Ostersunds,Norrkoping,2,4,A,5.24,3.88,1.71,5.24,3.98,1.75,4.92,3.81,1.69,,,,,,,,,,,,,,
SWE,Allsvenskan,2020,28/06/2020,13:30,Djurgarden,Kalmar,5,0,H,1.95,3.47,4.33,1.97,3.6,4.4,1.89,3.44,4.21,,,,,,,,,,,,,,
SWE,Allsvenskan,2020,28/06/2020,13:30,Mjallby,Hammarby,2,1,H,4.94,3.85,1.75,5.02,3.87,1.83,4.53,3.74,1.75,,,,,,,,,,,,,,
SWE,Allsvenskan,2020,28/06/2020,13:30,Sirius,Goteborg,2,2,D,2.63,3.2,2.96,2.7,3.25,3,2.52,3.16,2.88,,,,,,,,,,,,,,
SWE,Allsvenskan,2020,28/06/2020,16:30,AIK,Malmo FF,2,2,D,3.7,3.31,2.18,3.88,3.47,2.21,3.59,3.24,2.12,,,,,,,,,,,,,,
SWE,Allsvenskan,2020,28/06/2020,16:30,Elfsborg,Orebro,1,1,D,1.97,3.61,4.05,2.05,3.72,4.2,1.94,3.55,3.84,,,,,,,,,,,,,,
SWE,Allsvenskan,2020,29/06/2020,18:00,Hacken,Helsingborg,1,0,H,1.47,4.53,7.37,1.53,4.75,7.77,1.46,4.5,6.67,,,,,,,,,,,,,,
SWE,Allsvenskan,2020,29/06/2020,18:00,Varberg,Falkenbergs,3,1,H,2.36,3.42,3.18,2.42,3.45,3.18,2.3,3.33,3.08,,,,,,,,,,,,,,
SWE,Allsvenskan,2020,01/07/2020,18:00,Kalmar,Ostersunds,1,2,A,1.87,3.71,4.4,1.9,3.84,5.2,1.81,3.64,4.3,,,,,,,,,,,,,,
SWE,Allsvenskan,2020,01/07/2020,18:00,Malmo FF,Djurgarden,1,0,H,1.85,3.69,4.48,1.97,3.75,4.75,1.85,3.59,4.22,,,,,,,,,,,,,,
SWE,Allsvenskan,2020,01/07/2020,18:00,Norrkoping,Elfsborg,1,1,D,1.91,3.78,4.09,1.95,3.86,4.33,1.87,3.69,3.93,,,,,,,,,,,,,,
SWE,Allsvenskan,2020,02/07/2020,18:00,Falkenbergs,Sirius,1,2,A,2.9,3.29,2.56,3.09,3.35,2.62,2.88,3.24,2.48,,,,,,,,,,,,,,
SWE,Allsvenskan,2020,02/07/2020,18:00,Goteborg,AIK,1,0,H,2.49,3.24,3.05,2.6,3.3,3.29,2.43,3.15,3.02,,,,,,,,,,,,,,
SWE,Allsvenskan,2020,02/07/2020,18:00,Hammarby,Varberg,1,0,H,1.45,4.79,6.87,1.55,5,7.4,1.44,4.7,6.53,,,,,,,,,,,,,,
SWE,Allsvenskan,2020,02/07/2020,18:00,Helsingborg,Mjallby,0,1,A,3.18,3.37,2.33,3.22,3.5,2.4,3.13,3.3,2.29,,,,,,,,,,,,,,
SWE,Allsvenskan,2020,02/07/2020,18:00,Orebro,Hacken,0,0,D,3.87,3.49,2.03,3.9,3.65,2.15,3.7,3.48,2,,,,,,,,,,,,,,
SWE,Allsvenskan,2020,05/07/2020,13:30,AIK,Falkenbergs,1,1,D,1.66,3.89,5.49,1.69,4,5.8,1.64,3.82,5.31,,,,,,,,,,,,,,
SWE,Allsvenskan,2020,05/07/2020,13:30,Elfsborg,Malmo FF,1,0,H,3.79,3.22,2.15,4,3.5,2.16,3.64,3.3,2.08,,,,,,,,,,,,,,
SWE,Allsvenskan,2020,05/07/2020,16:30,Hacken,Hammarby,3,0,H,2.59,3.4,2.78,2.71,3.55,2.79,2.58,3.35,2.68,,,,,,,,,,,,,,
SWE,Allsvenskan,2020,05/07/2020,16:30,Sirius,Orebro,2,1,H,2.03,3.58,3.75,2.2,3.6,3.75,2.05,3.51,3.5,,,,,,,,,,,,,,
SWE,Allsvenskan,2020,06/07/2020,18:00,Djurgarden,Helsingborg,2,2,D,1.32,5.27,10.58,1.37,5.5,11,1.32,5.13,9.5,,,,,,,,,,,,,,
SWE,Allsvenskan,2020,06/07/2020,18:00,Norrkoping,Goteborg,3,1,H,1.56,4.4,5.7,1.62,4.6,6,1.56,4.23,5.54,,,,,,,,,,,,,,
SWE,Allsvenskan,2020,06/07/2020,18:00,Ostersunds,Mjallby,0,1,A,2.96,3.38,2.46,3.05,3.4,2.52,2.92,3.28,2.42,,,,,,,,,,,,,,
SWE,Allsvenskan,2020,06/07/2020,18:00,Varberg,Kalmar,1,0,H,2.34,3.3,3.24,2.63,3.3,3.24,2.46,3.19,2.93,,,,,,,,,,,,,,
SWE,Allsvenskan,2020,11/07/2020,14:00,Falkenbergs,Ostersunds,0,1,A,1.86,3.6,4.45,1.95,3.75,4.75,1.84,3.52,4.29,,,,,,,,,,,,,,
SWE,Allsvenskan,2020,11/07/2020,14:00,Hammarby,Sirius,0,0,D,1.54,4.3,6.18,1.62,4.64,6.18,1.54,4.31,5.63,,,,,,,,,,,,,,
SWE,Allsvenskan,2020,12/07/2020,13:30,Helsingborg,AIK,2,0,H,3.84,3.33,2.09,4.27,3.4,2.17,3.76,3.22,2.07,,,,,,,,,,,,,,
SWE,Allsvenskan,2020,12/07/2020,13:30,Orebro,Varberg,1,0,H,2.76,3.39,2.61,2.88,3.4,2.65,2.75,3.3,2.53,,,,,,,,,,,,,,
SWE,Allsvenskan,2020,12/07/2020,16:30,Goteborg,Djurgarden,1,2,A,3.21,3.29,2.36,3.3,3.4,2.5,3.09,3.27,2.34,,,,,,,,,,,,,,
SWE,Allsvenskan,2020,12/07/2020,16:30,Mjallby,Hacken,3,1,H,3.22,3.09,2.46,3.22,3.18,2.58,3.06,3.08,2.43,,,,,,,,,,,,,,
SWE,Allsvenskan,2020,13/07/2020,18:00,Kalmar,Elfsborg,1,2,A,3.24,3.24,2.36,3.3,3.3,2.55,3.1,3.18,2.36,,,,,,,,,,,,,,
SWE,Allsvenskan,2020,13/07/2020,18:00,Malmo FF,Norrkoping,1,1,D,1.96,3.56,4.06,2.05,3.65,4.25,1.94,3.51,3.84,,,,,,,,,,,,,,
SWE,Allsvenskan,2020,15/07/2020,18:00,AIK,Sirius,1,0,H,2.25,3.23,3.5,2.3,3.25,3.75,2.18,3.16,3.5,,,,,,,,,,,,,,
SWE,Allsvenskan,2020,15/07/2020,18:00,Djurgarden,Falkenbergs,1,0,H,1.42,4.53,8.56,1.45,4.9,9.2,1.38,4.58,8.41,,,,,,,,,,,,,,
SWE,Allsvenskan,2020,15/07/2020,18:00,Goteborg,Helsingborg,1,1,D,1.85,3.58,4.57,1.95,3.6,4.57,1.85,3.45,4.33,,,,,,,,,,,,,,
SWE,Allsvenskan,2020,16/07/2020,18:00,Hacken,Elfsborg,6,0,H,2.35,3.28,3.24,2.42,3.35,3.5,2.3,3.21,3.2,,,,,,,,,,,,,,
SWE,Allsvenskan,2020,16/07/2020,18:00,Kalmar,Hammarby,1,2,A,3.43,3.68,2.1,3.53,3.75,2.2,3.35,3.51,2.09,,,,,,,,,,,,,,
SWE,Allsvenskan,2020,16/07/2020,18:00,Norrkoping,Orebro,2,0,H,1.27,6.19,10.9,1.32,6.5,12.5,1.26,5.89,10.11,,,,,,,,,,,,,,
SWE,Allsvenskan,2020,16/07/2020,18:00,Ostersunds,Malmo FF,1,2,A,9.44,4.93,1.36,10.5,5,1.43,8.98,4.78,1.35,,,,,,,,,,,,,,
SWE,Allsvenskan,2020,16/07/2020,18:00,Varberg,Mjallby,1,0,H,3.08,3.19,2.49,3.08,3.25,2.58,2.97,3.15,2.45,,,,,,,,,,,,,,
SWE,Allsvenskan,2020,19/07/2020,13:30,Malmo FF,Kalmar,2,1,H,1.29,5.51,11.81,1.35,5.95,11.86,1.29,5.22,10.38,,,,,,,,,,,,,,
SWE,Allsvenskan,2020,19/07/2020,13:30,Sirius,Norrkoping,4,2,H,4.66,4.02,1.73,5.4,4.03,1.78,4.66,3.83,1.71,,,,,,,,,,,,,,
SWE,Allsvenskan,2020,19/07/2020,13:30,Varberg,AIK,2,2,D,3.51,3.27,2.22,3.51,3.42,2.3,3.39,3.21,2.2,,,,,,,,,,,,,,
SWE,Allsvenskan,2020,19/07/2020,16:30,Elfsborg,Djurgarden,1,0,H,2.84,3.29,2.6,3.02,3.42,2.64,2.84,3.23,2.49,,,,,,,,,,,,,,
SWE,Allsvenskan,2020,19/07/2020,16:30,Falkenbergs,Helsingborg,2,2,D,2.5,3.26,3.01,2.52,3.36,3.1,2.44,3.17,2.96,,,,,,,,,,,,,,
SWE,Allsvenskan,2020,19/07/2020,16:30,Ostersunds,Hacken,2,2,D,5.12,3.72,1.74,5.38,3.85,1.78,4.95,3.67,1.7,,,,,,,,,,,,,,
SWE,Allsvenskan,2020,20/07/2020,18:00,Hammarby,Goteborg,1,1,D,1.86,3.76,4.26,1.9,4,4.8,1.82,3.7,4.15,,,,,,,,,,,,,,
SWE,Allsvenskan,2020,20/07/2020,18:00,Orebro,Mjallby,3,1,H,3.42,3.38,2.22,3.66,3.4,2.32,3.4,3.24,2.18,,,,,,,,,,,,,,
SWE,Allsvenskan,2020,22/07/2020,18:00,Djurgarden,Ostersunds,0,0,D,1.45,4.52,7.73,1.49,4.75,7.73,1.43,4.51,7.02,,,,,,,,,,,,,,
SWE,Allsvenskan,2020,22/07/2020,18:00,Hacken,AIK,4,0,H,1.99,3.39,4.16,2.15,3.5,4.16,1.98,3.32,3.91,,,,,,,,,,,,,,
SWE,Allsvenskan,2020,22/07/2020,18:00,Norrkoping,Varberg,2,0,H,1.38,5.08,8.32,1.45,5.2,8.96,1.37,4.83,7.94,,,,,,,,,,,,,,
SWE,Allsvenskan,2020,23/07/2020,18:00,Goteborg,Falkenbergs,2,2,D,1.58,4.17,5.97,1.64,4.25,6.4,1.57,3.96,5.89,,,,,,,,,,,,,,
SWE,Allsvenskan,2020,23/07/2020,18:00,Helsingborg,Orebro,1,1,D,2.5,3.4,2.89,2.61,3.44,3.06,2.44,3.3,2.89,,,,,,,,,,,,,,
SWE,Allsvenskan,2020,23/07/2020,18:00,Kalmar,Sirius,1,1,D,2.94,3.32,2.51,3.15,3.38,2.57,2.92,3.25,2.44,,,,,,,,,,,,,,
SWE,Allsvenskan,2020,23/07/2020,18:00,Malmo FF,Hammarby,3,0,H,1.65,4.33,4.94,1.72,4.33,5.5,1.62,4.11,5.07,,,,,,,,,,,,,,
SWE,Allsvenskan,2020,23/07/2020,18:00,Mjallby,Elfsborg,0,5,A,2.94,3.16,2.61,3.05,3.24,2.77,2.87,3.1,2.58,,,,,,,,,,,,,,
SWE,Allsvenskan,2020,26/07/2020,13:30,Elfsborg,Varberg,3,3,D,1.81,3.59,4.76,1.85,4,4.93,1.77,3.62,4.56,,,,,,,,,,,,,,
SWE,Allsvenskan,2020,26/07/2020,13:30,Falkenbergs,Norrkoping,3,3,D,5.44,4.1,1.63,6.05,4.52,1.67,5.32,4.2,1.58,,,,,,,,,,,,,,
SWE,Allsvenskan,2020,26/07/2020,13:30,Hacken,Goteborg,0,0,D,2.24,3.55,3.21,2.32,3.6,3.5,2.16,3.49,3.21,,,,,,,,,,,,,,
SWE,Allsvenskan,2020,26/07/2020,16:30,AIK,Djurgarden,0,1,A,2.99,3.08,2.63,3.1,3.25,2.75,2.94,3.04,2.56,,,,,,,,,,,,,,
SWE,Allsvenskan,2020,26/07/2020,16:30,Sirius,Malmo FF,2,5,A,5.94,4.08,1.59,6.25,4.15,1.68,5.69,3.98,1.58,,,,,,,,,,,,,,
SWE,Allsvenskan,2020,27/07/2020,18:00,Hammarby,Orebro,3,0,H,1.56,4.41,5.71,1.63,4.6,6.35,1.57,4.28,5.47,,,,,,,,,,,,,,
SWE,Allsvenskan,2020,27/07/2020,18:00,Mjallby,Kalmar,2,2,D,2.37,3.23,3.25,2.46,3.34,3.36,2.33,3.21,3.15,,,,,,,,,,,,,,
SWE,Allsvenskan,2020,27/07/2020,18:00,Ostersunds,Helsingborg,0,0,D,2.81,3.24,2.67,2.98,3.34,2.74,2.78,3.18,2.59,,,,,,,,,,,,,,
SWE,Allsvenskan,2020,01/08/2020,14:00,Djurgarden,Hacken,3,1,H,2.28,3.26,3.39,2.35,3.48,3.58,2.24,3.22,3.33,,,,,,,,,,,,,,
SWE,Allsvenskan,2020,01/08/2020,14:00,Orebro,Falkenbergs,1,2,A,2.22,3.56,3.25,2.27,3.82,3.4,2.18,3.49,3.18,,,,,,,,,,,,,,
SWE,Allsvenskan,2020,02/08/2020,13:30,Helsingborg,Hammarby,1,1,D,3.86,3.91,1.92,4.3,4,1.95,3.84,3.8,1.87,,,,,,,,,,,,,,
SWE,Allsvenskan,2020,02/08/2020,16:30,Goteborg,Malmo FF,0,3,A,4.18,3.58,1.93,4.65,3.75,1.97,4.06,3.52,1.89,,,,,,,,,,,,,,
SWE,Allsvenskan,2020,02/08/2020,16:30,Varberg,Ostersunds,1,1,D,1.92,3.56,4.24,1.97,3.7,4.5,1.89,3.46,4.19,,,,,,,,,,,,,,
SWE,Allsvenskan,2020,02/08/2020,17:00,Kalmar,AIK,0,0,D,3.19,3.13,2.45,3.25,3.2,2.5,3.08,3.11,2.43,,,,,,,,,,,,,,
SWE,Allsvenskan,2020,03/08/2020,18:00,Elfsborg,Sirius,3,3,D,1.97,3.67,3.88,2.04,3.85,3.96,1.95,3.61,3.72,,,,,,,,,,,,,,
SWE,Allsvenskan,2020,03/08/2020,18:00,Norrkoping,Mjallby,1,1,D,1.41,5.3,6.93,1.46,5.5,8.5,1.39,5.05,7.07,,,,,,,,,,,,,,
SWE,Allsvenskan,2020,05/08/2020,18:00,Hammarby,Falkenbergs,1,1,D,1.52,4.66,5.85,1.55,5.03,7.1,1.5,4.55,5.85,,,,,,,,,,,,,,
SWE,Allsvenskan,2020,05/08/2020,18:00,Malmo FF,Helsingborg,4,1,H,1.31,5.53,9.87,1.35,6.2,11.25,1.3,5.5,9.43,,,,,,,,,,,,,,
SWE,Allsvenskan,2020,05/08/2020,18:00,Varberg,Djurgarden,1,2,A,4.08,3.36,2.02,4.2,3.58,2.1,3.87,3.34,2,,,,,,,,,,,,,,
SWE,Allsvenskan,2020,06/08/2020,18:00,AIK,Elfsborg,1,2,A,2.42,3.37,3.04,2.55,3.45,3.19,2.39,3.28,2.98,,,,,,,,,,,,,,
SWE,Allsvenskan,2020,06/08/2020,18:00,Goteborg,Ostersunds,2,2,D,1.49,4.24,7.35,1.53,4.55,8.2,1.47,4.2,7.17,,,,,,,,,,,,,,
SWE,Allsvenskan,2020,06/08/2020,18:00,Hacken,Norrkoping,2,1,H,2.32,3.53,3.07,2.48,3.71,3.07,2.34,3.47,2.91,,,,,,,,,,,,,,
SWE,Allsvenskan,2020,06/08/2020,18:00,Kalmar,Orebro,0,3,A,1.88,3.53,4.44,1.95,3.76,4.6,1.85,3.55,4.23,,,,,,,,,,,,,,
SWE,Allsvenskan,2020,06/08/2020,18:00,Mjallby,Sirius,1,1,D,2.67,3.44,2.67,2.71,3.56,2.88,2.55,3.37,2.69,,,,,,,,,,,,,,
SWE,Allsvenskan,2020,09/08/2020,13:30,Falkenbergs,Malmo FF,0,1,A,8.22,4.93,1.39,9,5.5,1.43,8.07,4.89,1.37,,,,,,,,,,,,,,
SWE,Allsvenskan,2020,09/08/2020,13:30,Hacken,Kalmar,0,2,A,1.7,3.89,5.12,1.73,4.05,5.75,1.66,3.85,5.07,,,,,,,,,,,,,,
SWE,Allsvenskan,2020,09/08/2020,13:30,Orebro,Goteborg,1,1,D,3.71,3.45,2.09,3.86,3.6,2.17,3.57,3.45,2.04,,,,,,,,,,,,,,
SWE,Allsvenskan,2020,09/08/2020,16:30,Djurgarden,Hammarby,1,2,A,2.11,3.58,3.49,2.2,3.84,3.64,2.07,3.52,3.44,,,,,,,,,,,,,,
SWE,Allsvenskan,2020,09/08/2020,16:30,Mjallby,AIK,3,1,H,2.89,3.08,2.71,3,3.18,2.85,2.83,3.04,2.64,,,,,,,,,,,,,,
SWE,Allsvenskan,2020,09/08/2020,16:30,Ostersunds,Elfsborg,0,1,A,4.37,3.87,1.81,4.65,4,1.87,4.29,3.7,1.8,,,,,,,,,,,,,,
SWE,Allsvenskan,2020,10/08/2020,18:00,Helsingborg,Norrkoping,3,2,H,5.27,3.96,1.67,5.65,4.2,1.72,5.02,3.96,1.65,,,,,,,,,,,,,,
SWE,Allsvenskan,2020,10/08/2020,18:00,Sirius,Varberg,3,3,D,1.94,3.68,3.98,2.02,3.84,4,1.92,3.6,3.82,,,,,,,,,,,,,,
SWE,Allsvenskan,2020,12/08/2020,18:00,Djurgarden,Mjallby,2,1,H,1.53,4.13,6.72,1.62,4.45,6.75,1.54,4.02,6.18,,,,,,,,,,,,,,
SWE,Allsvenskan,2020,12/08/2020,18:00,Malmo FF,Orebro,2,1,H,1.31,5.39,10.47,1.36,5.88,11.5,1.31,5.3,9.49,,,,,,,,,,,,,,
SWE,Allsvenskan,2020,13/08/2020,18:00,AIK,Ostersunds,0,1,A,1.7,3.54,5.83,1.74,3.75,6.5,1.68,3.51,5.54,,,,,,,,,,,,,,
SWE,Allsvenskan,2020,13/08/2020,18:00,Elfsborg,Falkenbergs,4,2,H,1.61,4.42,5.16,1.64,4.7,5.8,1.58,4.32,5.1,,,,,,,,,,,,,,
SWE,Allsvenskan,2020,13/08/2020,18:00,Kalmar,Goteborg,1,1,D,3.04,3,2.64,3.08,3.35,2.81,2.8,3.11,2.63,,,,,,,,,,,,,,
SWE,Allsvenskan,2020,13/08/2020,18:00,Norrkoping,Hammarby,1,2,A,2.18,3.63,3.26,2.26,3.7,3.52,2.13,3.55,3.25,,,,,,,,,,,,,,
SWE,Allsvenskan,2020,13/08/2020,18:00,Sirius,Helsingborg,3,1,H,1.6,4.35,5.34,1.66,4.5,5.75,1.59,4.27,5.13,,,,,,,,,,,,,,
SWE,Allsvenskan,2020,13/08/2020,18:30,Varberg,Hacken,1,3,A,4.77,3.75,1.78,4.9,3.8,1.95,4.45,3.6,1.8,,,,,,,,,,,,,,
SWE,Allsvenskan,2020,15/08/2020,14:00,Orebro,Djurgarden,0,3,A,4.48,3.94,1.78,4.95,3.95,1.83,4.42,3.77,1.76,,,,,,,,,,,,,,
SWE,Allsvenskan,2020,16/08/2020,13:30,Falkenbergs,AIK,1,1,D,3.43,3.2,2.29,3.55,3.35,2.43,3.29,3.19,2.25,,,,,,,,,,,,,,
SWE,Allsvenskan,2020,16/08/2020,13:30,Hammarby,Elfsborg,2,2,D,2.21,3.72,3.15,2.25,3.85,3.4,2.16,3.61,3.12,,,,,,,,,,,,,,
SWE,Allsvenskan,2020,16/08/2020,16:30,Mjallby,Malmo FF,2,2,D,5.14,3.85,1.7,5.5,4,1.76,4.97,3.75,1.69,,,,,,,,,,,,,,
SWE,Allsvenskan,2020,17/08/2020,18:00,Goteborg,Norrkoping,1,3,A,2.73,3.52,2.57,2.84,3.64,2.67,2.68,3.47,2.49,,,,,,,,,,,,,,
SWE,Allsvenskan,2020,17/08/2020,18:00,Hacken,Varberg,2,1,H,1.53,4.46,6.09,1.59,4.65,6.35,1.51,4.4,5.85,,,,,,,,,,,,,,
SWE,Allsvenskan,2020,17/08/2020,18:00,Helsingborg,Sirius,1,2,A,3.18,3.59,2.24,3.38,3.75,2.36,3.1,3.51,2.21,,,,,,,,,,,,,,
SWE,Allsvenskan,2020,17/08/2020,18:00,Ostersunds,Kalmar,2,0,H,3.12,3.4,2.35,3.28,3.48,2.45,3.08,3.28,2.32,,,,,,,,,,,,,,
SWE,Allsvenskan,2020,22/08/2020,14:00,Djurgarden,Goteborg,2,2,D,2.05,3.52,3.74,2.12,3.75,4.5,1.97,3.49,3.82,,,,,,,,,,,,,,
SWE,Allsvenskan,2020,22/08/2020,14:00,Sirius,Hammarby,3,1,H,3.22,3.44,2.28,3.3,3.85,2.35,3.06,3.49,2.25,,,,,,,,,,,,,,
SWE,Allsvenskan,2020,23/08/2020,13:30,Elfsborg,Ostersunds,0,1,A,1.44,4.92,6.81,1.49,5.05,7.5,1.43,4.76,6.68,,,,,,,,,,,,,,
SWE,Allsvenskan,2020,23/08/2020,13:30,Malmo FF,Falkenbergs,2,1,H,1.3,5.88,9.71,1.34,6.05,11.75,1.29,5.67,9.23,,,,,,,,,,,,,,
SWE,Allsvenskan,2020,23/08/2020,16:30,AIK,Helsingborg,2,0,H,1.71,3.71,5.37,1.81,3.78,5.7,1.73,3.61,4.93,,,,,,,,,,,,,,
SWE,Allsvenskan,2020,23/08/2020,16:30,Varberg,Orebro,2,1,H,2.18,3.43,3.45,2.28,3.55,3.58,2.16,3.38,3.32,,,,,,,,,,,,,,
SWE,Allsvenskan,2020,24/08/2020,18:00,Kalmar,Mjallby,1,4,A,2.76,3.28,2.65,2.87,3.8,2.7,2.73,3.26,2.59,,,,,,,,,,,,,,
SWE,Allsvenskan,2020,24/08/2020,18:00,Norrkoping,Hacken,0,1,A,2.26,3.66,3.03,2.3,3.95,3.4,2.17,3.65,3.12,,,,,,,,,,,,,,
SWE,Allsvenskan,2020,29/08/2020,14:00,Ostersunds,Falkenbergs,2,1,H,2.86,3.33,2.53,2.9,3.52,2.69,2.76,3.33,2.52,,,,,,,,,,,,,,
SWE,Allsvenskan,2020,29/08/2020,14:00,Varberg,Sirius,2,0,H,2.97,3.52,2.36,3.06,3.74,2.55,2.85,3.5,2.37,,,,,,,,,,,,,,
SWE,Allsvenskan,2020,30/08/2020,13:30,AIK,Hacken,0,1,A,3.01,3.19,2.51,3.15,3.36,2.6,2.96,3.18,2.46,,,,,,,,,,,,,,
SWE,Allsvenskan,2020,30/08/2020,13:30,Helsingborg,Djurgarden,3,1,H,5.78,3.85,1.64,7.4,4.6,1.65,5.69,3.92,1.6,,,,,,,,,,,,,,
SWE,Allsvenskan,2020,30/08/2020,13:30,Mjallby,Goteborg,1,1,D,3.16,3.2,2.4,3.2,3.64,2.58,3,3.24,2.4,,,,,,,,,,,,,,
SWE,Allsvenskan,2020,30/08/2020,16:30,Hammarby,Kalmar,3,3,D,1.57,4.33,5.6,1.6,4.5,6.65,1.55,4.23,5.73,,,,,,,,,,,,,,
SWE,Allsvenskan,2020,30/08/2020,16:30,Malmo FF,Elfsborg,1,1,D,1.62,4.28,5.17,1.68,4.55,5.65,1.59,4.29,5.16,,,,,,,,,,,,,,
SWE,Allsvenskan,2020,30/08/2020,16:30,Orebro,Norrkoping,4,3,H,6.65,4.7,1.47,7.7,4.85,1.55,6.53,4.63,1.45,,,,,,,,,,,,,,
SWE,Allsvenskan,2020,09/09/2020,18:00,Helsingborg,Kalmar,1,1,D,2.51,3.42,2.92,2.6,3.6,2.95,2.45,3.35,2.84,,,,,,,,,,,,,,
SWE,Allsvenskan,2020,10/09/2020,18:00,Goteborg,Hammarby,0,4,A,2.85,3.5,2.52,2.95,3.7,2.59,2.82,3.43,2.43,,,,,,,,,,,,,,
SWE,Allsvenskan,2020,10/09/2020,18:00,Norrkoping,Ostersunds,2,2,D,1.43,4.84,7.39,1.5,5.25,7.5,1.43,4.74,6.62,,,,,,,,,,,,,,
SWE,Allsvenskan,2020,10/09/2020,18:00,Orebro,Malmo FF,3,2,H,8.91,5.21,1.36,9.05,5.5,1.38,8.25,5.14,1.34,,,,,,,,,,,,,,
SWE,Allsvenskan,2020,12/09/2020,14:00,Djurgarden,Elfsborg,1,1,D,2,3.79,3.77,2.07,3.82,3.77,1.98,3.63,3.58,,,,,,,,,,,,,,
SWE,Allsvenskan,2020,13/09/2020,13:30,Falkenbergs,Goteborg,0,3,A,3.74,3.48,2.11,3.74,3.5,2.17,3.5,3.39,2.09,,,,,,,,,,,,,,
SWE,Allsvenskan,2020,13/09/2020,13:30,Hammarby,Helsingborg,2,2,D,1.42,5.04,7.62,1.45,5.5,7.62,1.4,4.95,7.07,,,,,,,,,,,,,,
SWE,Allsvenskan,2020,13/09/2020,16:30,Malmo FF,AIK,0,0,D,1.72,3.84,5.31,1.75,4.2,6.2,1.68,3.74,5.13,,,,,,,,,,,,,,
SWE,Allsvenskan,2020,13/09/2020,16:30,Mjallby,Varberg,2,3,A,2.36,3.38,3.25,2.38,3.4,3.3,2.29,3.28,3.15,,,,,,,,,,,,,,
SWE,Allsvenskan,2020,14/09/2020,18:00,Hacken,Sirius,1,1,D,1.66,4.34,5.04,1.7,4.34,5.25,1.64,4.11,4.81,,,,,,,,,,,,,,
SWE,Allsvenskan,2020,14/09/2020,18:00,Kalmar,Norrkoping,0,2,A,3.63,3.85,2.03,3.74,3.85,2.06,3.53,3.68,1.99,,,,,,,,,,,,,,
SWE,Allsvenskan,2020,14/09/2020,18:00,Ostersunds,Orebro,0,0,D,2.38,3.46,3.14,2.4,3.46,3.14,2.33,3.32,3.04,,,,,,,,,,,,,,
SWE,Allsvenskan,2020,17/09/2020,18:00,Elfsborg,Mjallby,2,2,D,1.79,4.01,4.54,1.84,4.02,4.58,1.78,3.84,4.24,,,,,,,,,,,,,,
SWE,Allsvenskan,2020,17/09/2020,18:00,Falkenbergs,Varberg,2,0,H,2.98,3.63,2.4,2.98,3.63,2.55,2.8,3.48,2.4,,,,,,,,,,,,,,
SWE,Allsvenskan,2020,20/09/2020,13:30,AIK,Hammarby,3,0,H,3.03,3.35,2.5,3.06,3.4,2.57,2.94,3.23,2.44,,,,,,,,,,,,,,
SWE,Allsvenskan,2020,20/09/2020,13:30,Ostersunds,Djurgarden,1,1,D,4.58,3.94,1.79,4.75,3.94,1.82,4.46,3.72,1.76,,,,,,,,,,,,,,
SWE,Allsvenskan,2020,20/09/2020,16:30,Goteborg,Kalmar,1,2,A,1.96,3.63,4.11,2,3.75,4.11,1.91,3.56,3.93,,,,,,,,,,,,,,
SWE,Allsvenskan,2020,20/09/2020,16:30,Norrkoping,Malmo FF,1,1,D,3.14,3.79,2.24,3.14,3.79,2.3,3.02,3.63,2.21,,,,,,,,,,,,,,
SWE,Allsvenskan,2020,21/09/2020,18:00,Elfsborg,Hacken,1,1,D,2.85,3.55,2.53,3.02,3.6,2.75,2.79,3.44,2.44,,,,,,,,,,,,,,
SWE,Allsvenskan,2020,21/09/2020,18:00,Mjallby,Orebro,1,0,H,2.06,3.51,3.87,2.12,3.6,3.87,2.02,3.44,3.66,,,,,,,,,,,,,,
SWE,Allsvenskan,2020,21/09/2020,18:00,Sirius,Falkenbergs,2,1,H,1.76,4.03,4.63,1.8,4.2,4.75,1.72,3.99,4.37,,,,,,,,,,,,,,
SWE,Allsvenskan,2020,21/09/2020,18:00,Varberg,Helsingborg,1,3,A,2.2,3.59,3.38,2.21,3.75,3.6,2.12,3.57,3.26,,,,,,,,,,,,,,
SWE,Allsvenskan,2020,26/09/2020,14:00,Orebro,Sirius,2,1,H,3.5,3.66,2.13,3.5,3.75,2.15,3.36,3.59,2.06,,,,,,,,,,,,,,
SWE,Allsvenskan,2020,27/09/2020,13:30,Falkenbergs,Hammarby,1,3,A,5.02,4.23,1.68,5.02,4.25,1.75,4.57,4.06,1.68,,,,,,,,,,,,,,
SWE,Allsvenskan,2020,27/09/2020,13:30,Helsingborg,Ostersunds,0,1,A,2.16,3.44,3.65,2.2,3.5,3.65,2.11,3.37,3.44,,,,,,,,,,,,,,
SWE,Allsvenskan,2020,27/09/2020,13:30,Malmo FF,Hacken,3,0,H,1.88,3.67,4.47,1.9,3.82,4.49,1.85,3.58,4.14,,,,,,,,,,,,,,
SWE,Allsvenskan,2020,27/09/2020,16:30,Djurgarden,Norrkoping,1,2,A,2.61,3.37,2.88,2.61,3.6,2.9,2.5,3.3,2.79,,,,,,,,,,,,,,
SWE,Allsvenskan,2020,27/09/2020,16:30,Elfsborg,Goteborg,0,0,D,2.13,3.67,3.49,2.15,3.75,3.5,2.07,3.54,3.4,,,,,,,,,,,,,,
SWE,Allsvenskan,2020,28/09/2020,18:00,AIK,Mjallby,1,0,H,1.82,3.61,4.91,1.85,3.61,5,1.79,3.46,4.67,,,,,,,,,,,,,,
SWE,Allsvenskan,2020,28/09/2020,18:00,Kalmar,Varberg,1,1,D,2.43,3.44,3.07,2.45,3.5,3.33,2.36,3.33,2.97,,,,,,,,,,,,,,
SWE,Allsvenskan,2020,03/10/2020,14:00,Hacken,Falkenbergs,3,0,H,1.53,4.55,6.21,1.55,4.57,6.75,1.5,4.38,6.02,,,,,,,,,,,,,,
SWE,Allsvenskan,2020,03/10/2020,14:00,Orebro,Elfsborg,3,2,H,3.62,3.78,2.05,3.69,3.78,2.1,3.41,3.6,2.04,,,,,,,,,,,,,,
SWE,Allsvenskan,2020,04/10/2020,13:30,Hammarby,Djurgarden,1,1,D,2.41,3.5,3.06,2.51,3.5,3.1,2.33,3.38,2.97,,,,,,,,,,,,,,
SWE,Allsvenskan,2020,04/10/2020,13:30,Mjallby,Helsingborg,3,2,H,2.5,3.38,3.01,2.53,3.54,3.12,2.41,3.33,2.9,,,,,,,,,,,,,,
SWE,Allsvenskan,2020,04/10/2020,13:30,Ostersunds,AIK,1,2,A,4.56,3.24,2,4.62,3.3,2.02,4.24,3.18,1.95,,,,,,,,,,,,,,
SWE,Allsvenskan,2020,04/10/2020,16:30,Goteborg,Varberg,1,0,H,2.01,3.58,3.96,2.02,3.72,4,1.94,3.58,3.78,,,,,,,,,,,,,,
SWE,Allsvenskan,2020,04/10/2020,16:30,Kalmar,Malmo FF,0,4,A,8.03,4.93,1.42,9,4.93,1.45,7.79,4.64,1.4,,,,,,,,,,,,,,
SWE,Allsvenskan,2020,04/10/2020,16:30,Norrkoping,Sirius,1,2,A,1.81,4.08,4.33,1.83,4.25,4.33,1.75,4.06,4.13,,,,,,,,,,,,,,
SWE,Allsvenskan,2020,17/10/2020,14:00,Falkenbergs,Orebro,2,1,H,2.43,3.71,2.88,2.55,3.71,2.88,2.4,3.54,2.76,,,,,,,,,,,,,,
SWE,Allsvenskan,2020,18/10/2020,13:30,Elfsborg,Kalmar,3,1,H,1.68,4.23,5.06,1.71,4.23,5.16,1.65,4.05,4.86,,,,,,,,,,,,,,
SWE,Allsvenskan,2020,18/10/2020,13:30,Hammarby,Mjallby,4,2,H,1.65,4.28,5.19,1.69,4.3,5.3,1.62,4.15,4.95,,,,,,,,,,,,,,
SWE,Allsvenskan,2020,18/10/2020,13:30,Sirius,Ostersunds,2,3,A,1.63,4.25,5.54,1.67,4.25,5.7,1.59,4.09,5.37,,,,,,,,,,,,,,
SWE,Allsvenskan,2020,18/10/2020,16:30,AIK,Goteborg,2,0,H,2.31,3.18,3.57,2.31,3.25,3.63,2.24,3.1,3.43,,,,,,,,,,,,,,
SWE,Allsvenskan,2020,18/10/2020,16:30,Varberg,Norrkoping,1,3,A,3.81,4.03,1.93,4,4.03,1.95,3.71,3.85,1.88,,,,,,,,,,,,,,
SWE,Allsvenskan,2020,19/10/2020,18:00,Djurgarden,Malmo FF,3,2,H,3.47,3.51,2.2,3.71,3.67,2.22,3.46,3.46,2.09,,,,,,,,,,,,,,
SWE,Allsvenskan,2020,19/10/2020,18:00,Helsingborg,Hacken,0,0,D,4.32,3.68,1.9,4.35,3.9,1.92,4.08,3.7,1.84,,,,,,,,,,,,,,
SWE,Allsvenskan,2020,24/10/2020,14:00,Djurgarden,Sirius,4,0,H,2.09,3.5,3.78,2.11,3.67,3.83,2.02,3.54,3.57,,,,,,,,,,,,,,
SWE,Allsvenskan,2020,24/10/2020,14:00,Hacken,Mjallby,2,2,D,1.44,5.06,7.23,1.52,5.07,7.75,1.44,4.71,6.54,,,,,,,,,,,,,,
SWE,Allsvenskan,2020,25/10/2020,13:30,Kalmar,Falkenbergs,0,0,D,2.46,3.35,3.11,2.56,3.4,3.11,2.42,3.25,2.93,,,,,,,,,,,,,,
SWE,Allsvenskan,2020,25/10/2020,13:30,Ostersunds,Hammarby,1,3,A,5.08,4.38,1.65,5.31,4.45,1.67,4.99,4.19,1.61,,,,,,,,,,,,,,
SWE,Allsvenskan,2020,25/10/2020,16:30,Malmo FF,Goteborg,3,1,H,1.42,4.97,7.93,1.47,5.25,8.23,1.41,4.8,7.27,,,,,,,,,,,,,,
SWE,Allsvenskan,2020,25/10/2020,16:30,Orebro,Helsingborg,3,2,H,2.67,3.71,2.61,2.68,3.8,2.8,2.53,3.59,2.59,,,,,,,,,,,,,,
SWE,Allsvenskan,2020,26/10/2020,18:00,Norrkoping,AIK,2,2,D,2.02,3.52,3.99,2.06,3.6,4,1.99,3.43,3.77,,,,,,,,,,,,,,
SWE,Allsvenskan,2020,26/10/2020,18:00,Varberg,Elfsborg,0,0,D,4.02,3.73,1.95,4.1,3.75,2.02,3.75,3.61,1.94,,,,,,,,,,,,,,
SWE,Allsvenskan,2020,28/10/2020,18:00,Hacken,Djurgarden,0,2,A,2.55,3.34,2.98,2.55,3.46,3.05,2.44,3.31,2.89,,,,,,,,,,,,,,
SWE,Allsvenskan,2020,29/10/2020,18:00,Sirius,AIK,0,0,D,2.96,3.38,2.54,2.97,3.46,2.55,2.86,3.32,2.45,,,,,,,,,,,,,,
SWE,Allsvenskan,2020,01/11/2020,13:30,Elfsborg,Norrkoping,2,1,H,2.54,3.59,2.81,2.6,3.65,2.87,2.48,3.46,2.71,,,,,,,,,,,,,,
SWE,Allsvenskan,2020,01/11/2020,13:30,Mjallby,Ostersunds,3,0,H,1.87,3.85,4.27,1.9,3.85,4.35,1.84,3.67,4.09,,,,,,,,,,,,,,
SWE,Allsvenskan,2020,01/11/2020,13:30,Sirius,Kalmar,2,2,D,1.84,3.93,4.33,1.85,4,4.5,1.8,3.8,4.19,,,,,,,,,,,,,,
SWE,Allsvenskan,2020,01/11/2020,16:30,Falkenbergs,Djurgarden,3,2,H,4.97,4.03,1.72,5.25,4.1,1.74,4.76,3.93,1.68,,,,,,,,,,,,,,
SWE,Allsvenskan,2020,01/11/2020,16:30,Goteborg,Orebro,0,1,A,1.62,4.4,5.38,1.66,4.5,5.8,1.59,4.17,5.22,,,,,,,,,,,,,,
SWE,Allsvenskan,2020,01/11/2020,16:30,Hammarby,Hacken,1,1,D,2.1,3.76,3.5,2.13,3.76,3.56,2.07,3.62,3.32,,,,,,,,,,,,,,
SWE,Allsvenskan,2020,02/11/2020,18:00,AIK,Varberg,1,0,H,1.88,3.52,4.71,1.9,3.6,4.77,1.84,3.46,4.42,,,,,,,,,,,,,,
SWE,Allsvenskan,2020,02/11/2020,18:00,Helsingborg,Malmo FF,0,1,A,8.49,5.04,1.4,9,5.65,1.42,7.82,4.96,1.38,,,,,,,,,,,,,,
SWE,Allsvenskan,2020,07/11/2020,14:00,Falkenbergs,Elfsborg,1,3,A,4.45,4.02,1.79,4.5,4.1,1.85,4.27,3.9,1.76,,,,,,,,,,,,,,
SWE,Allsvenskan,2020,07/11/2020,14:00,Hacken,Ostersunds,2,1,H,1.24,6.42,13.34,1.27,6.73,15,1.23,6.21,11.65,,,,,,,,,,,,,,
SWE,Allsvenskan,2020,07/11/2020,14:00,Mjallby,Norrkoping,2,0,H,4.34,4.08,1.8,4.34,4.13,1.84,4.06,3.9,1.79,,,,,,,,,,,,,,
SWE,Allsvenskan,2020,08/11/2020,13:30,Djurgarden,AIK,0,1,A,2.1,3.35,3.94,2.2,3.45,4.04,2.05,3.27,3.78,,,,,,,,,,,,,,
SWE,Allsvenskan,2020,08/11/2020,13:30,Orebro,Kalmar,0,1,A,2.66,3.52,2.72,2.69,3.55,2.9,2.51,3.4,2.71,,,,,,,,,,,,,,
SWE,Allsvenskan,2020,08/11/2020,13:30,Varberg,Hammarby,5,2,H,3.59,3.78,2.06,3.6,3.8,2.07,3.46,3.65,2.01,,,,,,,,,,,,,,
SWE,Allsvenskan,2020,08/11/2020,16:30,Helsingborg,Goteborg,0,1,A,2.96,3.15,2.69,2.96,3.42,2.8,2.82,3.1,2.61,,,,,,,,,,,,,,
SWE,Allsvenskan,2020,08/11/2020,16:30,Malmo FF,Sirius,4,0,H,1.27,6.34,10.91,1.32,6.5,11.5,1.26,6.02,10.07,,,,,,,,,,,,,,
SWE,Allsvenskan,2020,22/11/2020,13:30,AIK,Orebro,0,2,A,1.51,4.34,7.18,1.55,4.4,7.5,1.49,4.18,6.59,,,,,,,,,,,,,,
SWE,Allsvenskan,2020,22/11/2020,13:30,Elfsborg,Helsingborg,2,1,H,1.6,4.41,5.62,1.62,4.5,6,1.56,4.34,5.3,,,,,,,,,,,,,,
SWE,Allsvenskan,2020,22/11/2020,13:30,Kalmar,Djurgarden,0,3,A,4.55,3.83,1.82,4.61,3.83,1.85,4.36,3.61,1.8,,,,,,,,,,,,,,
SWE,Allsvenskan,2020,22/11/2020,16:30,Hammarby,Malmo FF,2,2,D,2.19,3.81,3.08,2.3,3.94,3.2,2.19,3.69,3.01,,,,,,,,,,,,,,
SWE,Allsvenskan,2020,22/11/2020,16:30,Ostersunds,Varberg,0,4,A,3.43,3.31,2.3,3.43,3.46,2.35,3.2,3.23,2.27,,,,,,,,,,,,,,
SWE,Allsvenskan,2020,23/11/2020,18:00,Goteborg,Hacken,1,1,D,3.78,3.25,2.19,3.78,3.36,2.3,3.5,3.15,2.17,,,,,,,,,,,,,,
SWE,Allsvenskan,2020,23/11/2020,18:00,Norrkoping,Falkenbergs,4,1,H,1.5,5.25,5.69,1.5,5.5,6.5,1.45,5.03,5.79,,,,,,,,,,,,,,
SWE,Allsvenskan,2020,23/11/2020,18:00,Sirius,Mjallby,0,1,A,2.41,3.63,2.96,2.44,3.9,2.96,2.35,3.56,2.82,,,,,,,,,,,,,,
SWE,Allsvenskan,2020,29/11/2020,13:30,Helsingborg,Falkenbergs,0,0,D,2.06,3.86,3.44,2.12,3.86,3.5,2.03,3.67,3.38,,,,,,,,,,,,,,
SWE,Allsvenskan,2020,29/11/2020,13:30,Ostersunds,Goteborg,0,4,A,5.36,3.78,1.72,5.75,3.85,1.75,5.07,3.71,1.69,,,,,,,,,,,,,,
SWE,Allsvenskan,2020,29/11/2020,13:30,Varberg,Malmo FF,3,2,H,5.52,4.79,1.54,6,4.79,1.57,5.52,4.5,1.52,,,,,,,,,,,,,,
SWE,Allsvenskan,2020,29/11/2020,16:30,Hacken,Orebro,3,0,H,1.35,5.52,8.85,1.37,5.72,9.51,1.33,5.34,8.41,,,,,,,,,,,,,,
SWE,Allsvenskan,2020,29/11/2020,16:30,Mjallby,Djurgarden,2,1,H,4.39,3.95,1.82,4.51,3.95,1.86,4.28,3.68,1.8,,,,,,,,,,,,,,
SWE,Allsvenskan,2020,29/11/2020,16:30,Sirius,Elfsborg,1,1,D,4.7,4.39,1.69,4.75,4.47,1.72,4.58,4.21,1.66,,,,,,,,,,,,,,
SWE,Allsvenskan,2020,30/11/2020,18:00,AIK,Kalmar,0,1,A,2.25,3.13,3.79,2.26,3.27,3.84,2.16,3.1,3.63,,,,,,,,,,,,,,
SWE,Allsvenskan,2020,30/11/2020,18:00,Hammarby,Norrkoping,0,1,A,2.76,3.92,2.44,2.87,4,2.48,2.67,3.72,2.39,,,,,,,,,,,,,,
SWE,Allsvenskan,2020,06/12/2020,13:30,Djurgarden,Varberg,1,0,H,1.37,5.32,8.71,1.42,5.33,8.71,1.37,4.92,7.82,,,,,,,,,,,,,,
SWE,Allsvenskan,2020,06/12/2020,13:30,Elfsborg,AIK,2,2,D,1.86,3.91,4.21,1.9,3.91,4.34,1.81,3.74,4.11,,,,,,,,,,,,,,
SWE,Allsvenskan,2020,06/12/2020,13:30,Falkenbergs,Mjallby,2,3,A,2.1,4.19,3.2,2.11,4.2,3.26,2.04,3.96,3.13,,,,,,,,,,,,,,
SWE,Allsvenskan,2020,06/12/2020,13:30,Goteborg,Sirius,2,0,H,1.75,4.22,4.53,1.79,4.4,4.65,1.7,4.08,4.41,,,,,,,,,,,,,,
SWE,Allsvenskan,2020,06/12/2020,13:30,Kalmar,Hacken,0,0,D,5.13,3.66,1.78,5.13,3.7,1.85,4.73,3.52,1.77,,,,,,,,,,,,,,
SWE,Allsvenskan,2020,06/12/2020,13:30,Malmo FF,Ostersunds,4,0,H,1.13,10.14,21.16,1.15,10.14,26,1.12,9.15,18.61,,,,,,,,,,,,,,
SWE,Allsvenskan,2020,06/12/2020,13:30,Norrkoping,Helsingborg,3,4,A,1.23,7.26,11.65,1.25,7.5,12,1.22,6.77,10.54,,,,,,,,,,,,,,
SWE,Allsvenskan,2020,06/12/2020,13:30,Orebro,Hammarby,2,1,H,4.32,4.97,1.67,4.71,4.97,1.75,4.3,4.49,1.65,,,,,,,,,,,,,,
SWE,Allsvenskan,2020,09/12/2020,17:00,Jonkopings,Kalmar,1,3,A,2.75,3.04,2.99,2.85,3.13,3.02,2.65,2.98,2.85,,,,,,,,,,,,,,
SWE,Allsvenskan,2020,13/12/2020,12:00,Kalmar,Jonkopings,1,0,H,2.33,3.44,3.26,2.33,3.44,3.4,2.23,3.29,3.18,,,,,,,,,,,,,,
SWE,Allsvenskan,2021,10/04/2021,14:00,Malmo FF,Hammarby,3,2,H,1.63,4.21,5.62,1.7,4.3,5.63,1.6,4.1,5.23,,,,,,,,,,,,,,
SWE,Allsvenskan,2021,10/04/2021,16:30,Orebro,Goteborg,0,0,D,3.39,3.35,2.3,3.6,3.5,2.35,3.29,3.31,2.21,,,,,,,,,,,,,,
SWE,Allsvenskan,2021,11/04/2021,14:00,Halmstad,Hacken,1,0,H,3.28,3.16,2.46,3.6,3.39,2.46,3.28,3.19,2.28,,,,,,,,,,,,,,
SWE,Allsvenskan,2021,11/04/2021,14:00,Mjallby,Varberg,0,0,D,2.31,3.2,3.54,2.31,3.54,3.6,2.21,3.24,3.38,,,,,,,,,,,,,,
SWE,Allsvenskan,2021,11/04/2021,16:30,Elfsborg,Djurgarden,0,2,A,3.08,3.38,2.46,3.08,3.46,2.5,2.92,3.3,2.43,,,,,,,,,,,,,,
SWE,Allsvenskan,2021,11/04/2021,16:30,Norrkoping,Sirius,1,1,D,1.7,3.84,5.5,1.71,4.23,5.5,1.65,3.91,5.12,,,,,,,,,,,,,,
SWE,Allsvenskan,2021,12/04/2021,18:00,AIK,Degerfors,2,0,H,1.98,3.7,3.94,1.98,3.75,4.3,1.9,3.61,3.96,,,,,,,,,,,,,,
SWE,Allsvenskan,2021,12/04/2021,18:00,Kalmar,Ostersunds,0,0,D,2.09,3.32,4.01,2.38,3.49,4.01,2.1,3.24,3.65,,,,,,,,,,,,,,
SWE,Allsvenskan,2021,17/04/2021,14:00,Hammarby,Mjallby,2,0,H,1.68,3.93,5.51,1.7,4.2,5.8,1.63,3.92,5.31,,,,,,,,,,,,,,
SWE,Allsvenskan,2021,18/04/2021,14:00,Degerfors,Kalmar,0,1,A,2.22,3.58,3.36,2.37,3.58,3.49,2.19,3.39,3.25,,,,,,,,,,,,,,
SWE,Allsvenskan,2021,18/04/2021,14:00,Hacken,Malmo FF,1,2,A,3.59,3.63,2.11,3.85,3.71,2.12,3.53,3.5,2.04,,,,,,,,,,,,,,
SWE,Allsvenskan,2021,18/04/2021,14:00,Ostersunds,Orebro,5,0,H,2.66,3.31,2.86,2.75,3.35,2.86,2.61,3.2,2.74,,,,,,,,,,,,,,
SWE,Allsvenskan,2021,18/04/2021,16:30,Djurgarden,Norrkoping,1,0,H,2.02,3.67,3.82,2.16,3.75,3.83,2.02,3.54,3.55,,,,,,,,,,,,,,
SWE,Allsvenskan,2021,18/04/2021,16:30,Sirius,Halmstad,1,0,H,2.7,3.26,2.85,2.71,3.3,3.11,2.58,3.17,2.8,,,,,,,,,,,,,,
SWE,Allsvenskan,2021,19/04/2021,18:00,Goteborg,AIK,2,0,H,3.05,3.09,2.66,3.1,3.15,2.66,2.99,3.03,2.51,,,,,,,,,,,,,,
SWE,Allsvenskan,2021,19/04/2021,18:00,Varberg,Elfsborg,1,3,A,3.77,3.58,2.07,3.84,3.6,2.14,3.59,3.42,2.04,,,,,,,,,,,,,,
SWE,Allsvenskan,2021,24/04/2021,14:00,Hacken,Sirius,1,2,A,1.68,3.76,5.92,1.72,3.86,5.92,1.66,3.68,5.52,,,,,,,,,,,,,,
SWE,Allsvenskan,2021,25/04/2021,14:00,Kalmar,Orebro,1,0,H,2.09,3.25,4.11,2.12,3.52,4.21,2.01,3.23,3.98,,,,,,,,,,,,,,
SWE,Allsvenskan,2021,25/04/2021,14:00,Norrkoping,Halmstad,2,1,H,1.89,3.75,4.26,1.92,3.9,4.5,1.84,3.59,4.19,,,,,,,,,,,,,,
SWE,Allsvenskan,2021,25/04/2021,14:00,Varberg,Djurgarden,1,3,A,5.05,3.48,1.83,6,3.8,1.85,5.05,3.52,1.74,,,,,,,,,,,,,,
SWE,Allsvenskan,2021,25/04/2021,16:30,AIK,Hammarby,2,0,H,2.42,3.41,3.11,2.65,3.5,3.12,2.37,3.31,3.01,,,,,,,,,,,,,,
SWE,Allsvenskan,2021,25/04/2021,16:30,Malmo FF,Ostersunds,1,1,D,1.18,7.58,18.18,1.22,7.58,18.18,1.18,6.93,15.32,,,,,,,,,,,,,,
SWE,Allsvenskan,2021,26/04/2021,17:30,Elfsborg,Mjallby,1,0,H,1.68,3.8,5.8,1.72,3.9,5.8,1.66,3.72,5.35,,,,,,,,,,,,,,
SWE,Allsvenskan,2021,26/04/2021,17:30,Goteborg,Degerfors,2,3,A,1.77,3.85,4.85,1.79,3.95,5,1.72,3.77,4.68,,,,,,,,,,,,,,
SWE,Allsvenskan,2021,01/05/2021,14:00,Sirius,Kalmar,1,1,D,2.7,3.09,3,2.7,3.2,3.1,2.6,3.04,2.91,,,,,,,,,,,,,,
SWE,Allsvenskan,2021,01/05/2021,16:30,Hammarby,Hacken,1,1,D,2.26,3.56,3.28,2.37,3.56,3.5,2.26,3.39,3.15,,,,,,,,,,,,,,
SWE,Allsvenskan,2021,02/05/2021,14:00,Halmstad,Goteborg,1,1,D,3.13,3.26,2.49,3.13,3.32,2.57,2.99,3.21,2.43,,,,,,,,,,,,,,
SWE,Allsvenskan,2021,02/05/2021,14:00,Orebro,Norrkoping,0,3,A,4.15,3.94,1.87,4.5,4.13,1.88,4.06,3.78,1.83,,,,,,,,,,,,,,
SWE,Allsvenskan,2021,02/05/2021,14:00,Ostersunds,Varberg,1,2,A,2.41,3.51,3.06,2.43,3.51,3.15,2.33,3.34,3.05,,,,,,,,,,,,,,
SWE,Allsvenskan,2021,02/05/2021,16:30,AIK,Elfsborg,1,0,H,2.38,3.36,3.23,2.42,3.4,3.23,2.32,3.28,3.11,,,,,,,,,,,,,,
SWE,Allsvenskan,2021,03/05/2021,17:30,Djurgarden,Malmo FF,3,1,H,2.95,3.52,2.47,2.96,3.64,2.62,2.81,3.41,2.45,,,,,,,,,,,,,,
SWE,Allsvenskan,2021,03/05/2021,17:30,Mjallby,Degerfors,1,0,H,2.27,3.51,3.29,2.32,3.53,3.29,2.22,3.4,3.19,,,,,,,,,,,,,,
SWE,Allsvenskan,2021,08/05/2021,14:00,Goteborg,Hacken,1,1,D,2.8,3.3,2.72,2.83,3.3,2.73,2.74,3.21,2.61,,,,,,,,,,,,,,
SWE,Allsvenskan,2021,08/05/2021,14:00,Hammarby,Sirius,3,2,H,1.6,4.27,5.88,1.79,4.3,6,1.59,4.1,5.45,,,,,,,,,,,,,,
SWE,Allsvenskan,2021,08/05/2021,16:30,Elfsborg,Kalmar,2,2,D,2.01,3.3,4.37,2.1,3.53,4.43,1.99,3.28,4.04,,,,,,,,,,,,,,
SWE,Allsvenskan,2021,08/05/2021,16:30,Orebro,Halmstad,1,0,H,3.6,3.53,2.14,3.73,3.53,2.26,3.43,3.37,2.14,,,,,,,,,,,,,,
SWE,Allsvenskan,2021,09/05/2021,14:00,Degerfors,Djurgarden,2,0,H,6.23,4.32,1.56,6.25,4.5,1.6,5.7,4.23,1.55,,,,,,,,,,,,,,
SWE,Allsvenskan,2021,09/05/2021,14:00,Mjallby,Ostersunds,1,0,H,1.72,3.9,5.17,1.93,3.9,5.4,1.74,3.64,4.84,,,,,,,,,,,,,,
SWE,Allsvenskan,2021,09/05/2021,16:30,Malmo FF,Varberg,3,2,H,1.32,5.62,10.22,1.34,6,10.22,1.3,5.54,9.2,,,,,,,,,,,,,,
SWE,Allsvenskan,2021,10/05/2021,17:30,Norrkoping,AIK,2,0,H,2.12,3.53,3.67,2.34,3.53,3.67,2.16,3.33,3.42,,,,,,,,,,,,,,
SWE,Allsvenskan,2021,12/05/2021,17:30,Djurgarden,Ostersunds,2,0,H,1.26,5.83,13.61,1.28,6.4,15,1.24,5.87,12.13,,,,,,,,,,,,,,
SWE,Allsvenskan,2021,12/05/2021,17:30,Hacken,Orebro,2,3,A,1.46,4.3,8.53,1.49,4.75,9,1.43,4.39,7.58,,,,,,,,,,,,,,
SWE,Allsvenskan,2021,12/05/2021,17:30,Kalmar,Goteborg,0,0,D,2.93,2.97,2.79,2.93,3.1,2.88,2.76,2.96,2.78,,,,,,,,,,,,,,
SWE,Allsvenskan,2021,12/05/2021,17:30,Sirius,Elfsborg,0,2,A,3.1,3.28,2.45,3.23,3.55,2.5,2.98,3.3,2.38,,,,,,,,,,,,,,
SWE,Allsvenskan,2021,12/05/2021,17:30,Varberg,Hammarby,1,3,A,3.56,3.53,2.12,3.6,3.75,2.16,3.41,3.53,2.07,,,,,,,,,,,,,,
SWE,Allsvenskan,2021,13/05/2021,16:00,Halmstad,Mjallby,1,1,D,2.21,3.28,3.68,2.32,3.32,3.8,2.2,3.16,3.49,,,,,,,,,,,,,,
SWE,Allsvenskan,2021,13/05/2021,17:30,AIK,Malmo FF,1,1,D,3.29,3.36,2.34,3.49,3.5,2.41,3.19,3.3,2.27,,,,,,,,,,,,,,
SWE,Allsvenskan,2021,13/05/2021,17:30,Norrkoping,Degerfors,1,1,D,1.5,4.66,6.67,1.57,4.7,6.7,1.5,4.5,6.02,,,,,,,,,,,,,,
SWE,Allsvenskan,2021,16/05/2021,16:30,Hammarby,Djurgarden,2,2,D,3.07,4,2.17,3.2,4,2.25,3.08,3.76,2.15,,,,,,,,,,,,,,
SWE,Allsvenskan,2021,17/05/2021,17:30,Elfsborg,Halmstad,2,3,A,1.86,3.6,4.49,1.91,3.75,4.5,1.84,3.57,4.29,,,,,,,,,,,,,,
SWE,Allsvenskan,2021,17/05/2021,17:30,Goteborg,Sirius,2,2,D,1.81,3.79,4.53,1.88,3.88,4.91,1.77,3.71,4.52,,,,,,,,,,,,,,
SWE,Allsvenskan,2021,17/05/2021,17:30,Malmo FF,Kalmar,3,1,H,1.7,3.85,5.32,1.71,4.3,7,1.62,3.94,5.48,,,,,,,,,,,,,,
SWE,Allsvenskan,2021,17/05/2021,17:30,Mjallby,Hacken,1,1,D,3.25,3.36,2.32,3.32,3.39,2.4,3.17,3.26,2.29,,,,,,,,,,,,,,
SWE,Allsvenskan,2021,17/05/2021,17:30,Ostersunds,AIK,1,2,A,4.81,3.67,1.8,5.8,3.75,1.84,4.77,3.58,1.76,,,,,,,,,,,,,,
SWE,Allsvenskan,2021,17/05/2021,17:30,Varberg,Norrkoping,2,1,H,3.36,3.37,2.26,3.4,3.61,2.27,3.26,3.39,2.19,,,,,,,,,,,,,,
SWE,Allsvenskan,2021,18/05/2021,17:30,Degerfors,Orebro,3,0,H,1.96,3.64,3.98,2.04,3.73,4.01,1.96,3.52,3.81,,,,,,,,,,,,,,
SWE,Allsvenskan,2021,20/05/2021,17:30,Malmo FF,Elfsborg,2,1,H,1.63,4.09,5.66,1.67,4.33,5.75,1.59,4.13,5.36,,,,,,,,,,,,,,
SWE,Allsvenskan,2021,22/05/2021,14:00,AIK,Mjallby,2,2,D,1.82,3.48,4.99,1.87,3.52,5,1.82,3.38,4.74,,,,,,,,,,,,,,
SWE,Allsvenskan,2021,22/05/2021,16:30,Ostersunds,Sirius,3,0,H,2.81,3.45,2.62,2.85,3.46,2.68,2.73,3.33,2.55,,,,,,,,,,,,,,
SWE,Allsvenskan,2021,23/05/2021,14:00,Halmstad,Degerfors,0,0,D,2.03,3.53,3.95,2.07,3.59,3.97,1.99,3.43,3.77,,,,,,,,,,,,,,
SWE,Allsvenskan,2021,23/05/2021,14:00,Kalmar,Hammarby,2,1,H,2.94,3.39,2.55,3,3.44,2.55,2.91,3.31,2.43,,,,,,,,,,,,,,
SWE,Allsvenskan,2021,23/05/2021,16:30,Djurgarden,Goteborg,0,0,D,1.66,3.99,5.67,1.69,4,5.75,1.63,3.88,5.36,,,,,,,,,,,,,,
SWE,Allsvenskan,2021,23/05/2021,16:30,Hacken,Varberg,3,1,H,1.87,3.65,4.55,1.88,3.75,4.8,1.8,3.62,4.44,,,,,,,,,,,,,,
SWE,Allsvenskan,2021,24/05/2021,17:30,Elfsborg,Norrkoping,1,0,H,2.19,3.68,3.33,2.45,3.7,3.35,2.17,3.55,3.18,,,,,,,,,,,,,,
SWE,Allsvenskan,2021,24/05/2021,17:30,Orebro,Malmo FF,1,2,A,8.24,4.78,1.43,8.5,5.1,1.45,7.68,4.77,1.39,,,,,,,,,,,,,,
SWE,Allsvenskan,2021,03/07/2021,14:00,Norrkoping,Malmo FF,3,2,H,3.94,3.62,2.01,4.05,3.62,2.1,3.73,3.45,1.99,,,,,,,,,,,,,,
SWE,Allsvenskan,2021,03/07/2021,16:30,Degerfors,Ostersunds,3,1,H,1.82,3.75,4.69,1.86,3.8,4.7,1.79,3.67,4.39,,,,,,,,,,,,,,
SWE,Allsvenskan,2021,04/07/2021,14:00,Hacken,AIK,2,1,H,2.14,3.46,3.68,2.4,3.5,3.72,2.14,3.32,3.45,,,,,,,,,,,,,,
SWE,Allsvenskan,2021,04/07/2021,14:00,Varberg,Kalmar,1,1,D,3.07,3.14,2.61,3.16,3.3,2.66,2.92,3.07,2.56,,,,,,,,,,,,,,
SWE,Allsvenskan,2021,04/07/2021,16:30,Hammarby,Halmstad,1,1,D,1.84,3.88,4.37,1.87,3.92,4.38,1.81,3.77,4.13,,,,,,,,,,,,,,
SWE,Allsvenskan,2021,04/07/2021,16:30,Sirius,Mjallby,2,1,H,2.55,3.49,2.87,2.6,3.5,2.89,2.51,3.35,2.76,,,,,,,,,,,,,,
SWE,Allsvenskan,2021,05/07/2021,18:00,Djurgarden,Orebro,3,0,H,1.25,6.46,11.76,1.33,6.5,12.44,1.25,6,11.07,,,,,,,,,,,,,,
SWE,Allsvenskan,2021,05/07/2021,18:00,Goteborg,Elfsborg,0,1,A,2.64,3.34,2.87,2.75,3.35,3,2.59,3.22,2.77,,,,,,,,,,,,,,
SWE,Allsvenskan,2021,10/07/2021,14:00,Malmo FF,Sirius,4,0,H,1.33,5.58,9.99,1.36,5.8,9.99,1.31,5.44,8.86,,,,,,,,,,,,,,
SWE,Allsvenskan,2021,10/07/2021,16:30,AIK,Varberg,2,1,H,1.57,4.04,6.78,1.6,4.2,6.84,1.55,3.98,6.18,,,,,,,,,,,,,,
SWE,Allsvenskan,2021,11/07/2021,14:00,Hammarby,Degerfors,5,1,H,1.59,4.4,5.7,1.62,4.5,6,1.57,4.31,5.29,,,,,,,,,,,,,,
SWE,Allsvenskan,2021,11/07/2021,14:00,Mjallby,Norrkoping,0,1,A,2.59,3.35,2.92,2.6,3.48,2.95,2.5,3.28,2.82,,,,,,,,,,,,,,
SWE,Allsvenskan,2021,11/07/2021,16:30,Elfsborg,Orebro,2,1,H,1.39,5.04,8.64,1.44,5.35,8.95,1.38,4.85,7.71,,,,,,,,,,,,,,
SWE,Allsvenskan,2021,11/07/2021,16:30,Ostersunds,Goteborg,2,3,A,3.27,3.36,2.36,3.3,3.49,2.36,3.16,3.3,2.28,,,,,,,,,,,,,,
SWE,Allsvenskan,2021,12/07/2021,18:00,Halmstad,Djurgarden,0,0,D,3.7,3.41,2.15,3.76,3.58,2.17,3.57,3.34,2.08,,,,,,,,,,,,,,
SWE,Allsvenskan,2021,12/07/2021,18:00,Kalmar,Hacken,2,3,A,2.89,3.23,2.69,2.91,3.35,2.7,2.78,3.16,2.61,,,,,,,,,,,,,,
SWE,Allsvenskan,2021,17/07/2021,14:00,Degerfors,Malmo FF,0,5,A,6.06,4.72,1.53,6.2,4.75,1.55,5.86,4.54,1.5,,,,,,,,,,,,,,
SWE,Allsvenskan,2021,17/07/2021,16:30,Elfsborg,Ostersunds,3,0,H,1.5,4.67,6.61,1.52,4.7,6.78,1.48,4.5,6.29,,,,,,,,,,,,,,
SWE,Allsvenskan,2021,18/07/2021,14:00,Norrkoping,Hacken,0,1,A,2.34,3.62,3.09,2.36,3.65,3.13,2.27,3.52,2.99,,,,,,,,,,,,,,
SWE,Allsvenskan,2021,18/07/2021,14:00,Orebro,Hammarby,0,2,A,5.58,4.43,1.6,5.58,4.5,1.64,5.19,4.25,1.59,,,,,,,,,,,,,,
SWE,Allsvenskan,2021,18/07/2021,16:30,AIK,Kalmar,2,0,H,1.85,3.47,4.97,1.89,3.6,5.1,1.8,3.45,4.67,,,,,,,,,,,,,,
SWE,Allsvenskan,2021,18/07/2021,16:30,Goteborg,Mjallby,3,2,H,1.73,3.86,5.18,1.75,3.88,5.25,1.7,3.73,4.95,,,,,,,,,,,,,,
SWE,Allsvenskan,2021,19/07/2021,18:00,Djurgarden,Sirius,5,1,H,1.37,5.32,8.63,1.39,5.53,9,1.35,5.16,7.95,,,,,,,,,,,,,,
SWE,Allsvenskan,2021,19/07/2021,18:00,Halmstad,Varberg,1,1,D,2.11,3.32,3.94,2.15,3.35,3.98,2.08,3.22,3.75,,,,,,,,,,,,,,
SWE,Allsvenskan,2021,24/07/2021,14:00,Mjallby,Malmo FF,0,2,A,4.49,3.55,1.9,4.52,3.74,1.92,4.21,3.52,1.86,,,,,,,,,,,,,,
SWE,Allsvenskan,2021,24/07/2021,16:30,Sirius,Degerfors,2,0,H,2.07,3.9,3.46,2.12,3.92,3.65,2.03,3.72,3.38,,,,,,,,,,,,,,
SWE,Allsvenskan,2021,25/07/2021,14:00,Kalmar,Djurgarden,0,1,A,3.61,3.36,2.21,3.84,3.59,2.26,3.48,3.27,2.15,,,,,,,,,,,,,,
SWE,Allsvenskan,2021,25/07/2021,16:30,Hacken,Elfsborg,1,1,D,2.7,3.45,2.72,2.7,3.6,3,2.6,3.42,2.62,,,,,,,,,,,,,,
SWE,Allsvenskan,2021,25/07/2021,16:30,Hammarby,Norrkoping,2,1,H,1.85,3.84,4.34,2.2,3.85,4.34,1.84,3.71,4.07,,,,,,,,,,,,,,
SWE,Allsvenskan,2021,26/07/2021,18:00,Orebro,AIK,1,1,D,5.8,4.03,1.64,5.8,4.03,1.69,5.42,3.82,1.63,,,,,,,,,,,,,,
SWE,Allsvenskan,2021,26/07/2021,18:00,Ostersunds,Halmstad,0,1,A,3.51,3.45,2.21,3.53,3.51,2.24,3.38,3.35,2.15,,,,,,,,,,,,,,
SWE,Allsvenskan,2021,26/07/2021,18:00,Varberg,Goteborg,2,0,H,3.71,3.49,2.12,3.71,3.58,2.15,3.5,3.43,2.08,,,,,,,,,,,,,,
SWE,Allsvenskan,2021,31/07/2021,16:30,Degerfors,Varberg,1,1,D,2.54,3.5,2.87,2.69,3.55,3,2.45,3.38,2.8,,,,,,,,,,,,,,
SWE,Allsvenskan,2021,01/08/2021,14:00,Djurgarden,Hacken,2,1,H,1.64,4.2,5.44,1.66,4.35,5.75,1.6,4.07,5.25,,,,,,,,,,,,,,
SWE,Allsvenskan,2021,01/08/2021,16:30,Kalmar,Mjallby,1,0,H,1.89,3.52,4.63,1.94,3.55,4.76,1.88,3.39,4.31,,,,,,,,,,,,,,
SWE,Allsvenskan,2021,01/08/2021,16:30,Ostersunds,Hammarby,1,1,D,4.43,3.92,1.82,4.55,4.12,1.84,4.22,3.86,1.77,,,,,,,,,,,,,,
SWE,Allsvenskan,2021,02/08/2021,18:00,AIK,Halmstad,1,0,H,1.88,3.35,5.07,1.9,3.54,5.5,1.82,3.33,4.78,,,,,,,,,,,,,,
SWE,Allsvenskan,2021,02/08/2021,18:00,Goteborg,Norrkoping,1,2,A,2.31,3.48,3.25,2.32,3.62,3.3,2.22,3.43,3.15,,,,,,,,,,,,,,
SWE,Allsvenskan,2021,02/08/2021,18:00,Sirius,Orebro,1,2,A,1.8,4.05,4.39,1.86,4.05,4.5,1.79,3.89,4.11,,,,,,,,,,,,,,
SWE,Allsvenskan,2021,07/08/2021,16:30,Halmstad,Malmo FF,0,0,D,3.98,3.48,2.04,4.07,3.5,2.1,3.78,3.33,2.02,,,,,,,,,,,,,,
SWE,Allsvenskan,2021,07/08/2021,16:30,Orebro,Mjallby,2,2,D,2.93,3.4,2.55,3.1,3.5,2.61,2.85,3.3,2.46,,,,,,,,,,,,,,
SWE,Allsvenskan,2021,08/08/2021,14:00,Djurgarden,AIK,1,4,A,2.04,3.27,4.3,2.16,3.4,4.41,2.02,3.18,4,,,,,,,,,,,,,,
SWE,Allsvenskan,2021,08/08/2021,14:00,Hacken,Ostersunds,5,0,H,1.3,5.82,10.28,1.35,6,11,1.3,5.53,9.48,,,,,,,,,,,,,,
SWE,Allsvenskan,2021,08/08/2021,16:30,Elfsborg,Degerfors,3,0,H,1.48,4.87,6.55,1.53,4.9,7,1.48,4.64,6.02,,,,,,,,,,,,,,
SWE,Allsvenskan,2021,08/08/2021,16:30,Goteborg,Hammarby,0,0,D,2.28,3.71,3.12,2.45,3.71,3.13,2.33,3.49,2.92,,,,,,,,,,,,,,
SWE,Allsvenskan,2021,09/08/2021,18:00,Norrkoping,Kalmar,1,2,A,1.96,3.66,4.08,2,3.74,4.12,1.93,3.53,3.85,,,,,,,,,,,,,,
SWE,Allsvenskan,2021,09/08/2021,18:00,Varberg,Sirius,0,0,D,1.95,3.69,4.08,1.98,3.75,4.18,1.93,3.54,3.84,,,,,,,,,,,,,,
SWE,Allsvenskan,2021,14/08/2021,14:00,Malmo FF,Goteborg,2,3,A,1.49,4.37,7.55,1.55,4.45,7.88,1.48,4.14,6.83,,,,,,,,,,,,,,
SWE,Allsvenskan,2021,14/08/2021,16:30,Kalmar,Halmstad,1,1,D,2.31,3.04,3.77,2.35,3.22,3.77,2.24,3.01,3.52,,,,,,,,,,,,,,
SWE,Allsvenskan,2021,15/08/2021,14:00,Degerfors,Hacken,3,0,H,3.94,3.95,1.92,3.95,4,1.93,3.78,3.83,1.87,,,,,,,,,,,,,,
SWE,Allsvenskan,2021,15/08/2021,14:00,Mjallby,Djurgarden,0,1,A,4.54,4.1,1.77,4.75,4.1,1.8,4.43,3.87,1.73,,,,,,,,,,,,,,
SWE,Allsvenskan,2021,15/08/2021,16:30,Hammarby,Elfsborg,0,2,A,2.12,3.68,3.51,2.16,3.8,3.6,2.05,3.6,3.37,,,,,,,,,,,,,,
SWE,Allsvenskan,2021,15/08/2021,16:30,Ostersunds,Norrkoping,1,2,A,4.62,3.88,1.8,4.95,4,1.81,4.48,3.78,1.74,,,,,,,,,,,,,,
SWE,Allsvenskan,2021,16/08/2021,18:00,Sirius,AIK,0,1,A,3.72,3.59,2.08,4.44,3.74,2.09,3.65,3.54,1.97,,,,,,,,,,,,,,
SWE,Allsvenskan,2021,16/08/2021,18:00,Varberg,Orebro,1,0,H,1.76,3.87,4.92,1.88,3.87,4.92,1.8,3.61,4.37,,,,,,,,,,,,,,
SWE,Allsvenskan,2021,21/08/2021,14:00,Malmo FF,Degerfors,3,0,H,1.27,6.35,10.91,1.31,6.75,11,1.26,6.15,9.71,,,,,,,,,,,,,,
SWE,Allsvenskan,2021,22/08/2021,14:00,Elfsborg,Hammarby,2,2,D,2.33,3.66,3.08,2.38,3.83,3.11,2.28,3.53,2.95,,,,,,,,,,,,,,
SWE,Allsvenskan,2021,22/08/2021,14:00,Halmstad,Norrkoping,2,1,H,2.75,3.21,2.84,2.75,3.36,2.88,2.62,3.16,2.75,,,,,,,,,,,,,,
SWE,Allsvenskan,2021,22/08/2021,16:30,AIK,Hacken,2,1,H,1.79,3.66,5.05,1.87,3.75,5.07,1.78,3.53,4.6,,,,,,,,,,,,,,
SWE,Allsvenskan,2021,22/08/2021,16:30,Orebro,Sirius,1,1,D,2.67,3.58,2.68,2.7,3.62,2.8,2.54,3.44,2.67,,,,,,,,,,,,,,
SWE,Allsvenskan,2021,23/08/2021,18:00,Djurgarden,Mjallby,0,0,D,1.36,5.1,9.69,1.39,5.3,10.5,1.34,4.94,8.85,,,,,,,,,,,,,,
SWE,Allsvenskan,2021,23/08/2021,18:00,Goteborg,Varberg,1,2,A,2.11,3.23,4.1,2.15,3.4,4.2,2.05,3.2,3.87,,,,,,,,,,,,,,
SWE,Allsvenskan,2021,23/08/2021,18:00,Ostersunds,Kalmar,0,1,A,3.56,3.38,2.22,3.6,3.51,2.26,3.42,3.29,2.16,,,,,,,,,,,,,,
SWE,Allsvenskan,2021,28/08/2021,14:00,AIK,Orebro,2,0,H,1.38,5.12,9.08,1.4,5.22,9.25,1.36,4.88,8.34,,,,,,,,,,,,,,
SWE,Allsvenskan,2021,28/08/2021,14:00,Degerfors,Mjallby,0,2,A,2.22,3.68,3.26,2.45,3.75,3.26,2.19,3.57,3.09,,,,,,,,,,,,,,
SWE,Allsvenskan,2021,28/08/2021,16:30,Varberg,Halmstad,1,0,H,2.82,3.02,2.92,2.85,3.26,2.98,2.68,2.98,2.84,,,,,,,,,,,,,,
SWE,Allsvenskan,2021,29/08/2021,14:00,Hacken,Goteborg,3,2,H,2.05,3.55,3.84,2.12,3.62,3.85,2.04,3.44,3.58,,,,,,,,,,,,,,
SWE,Allsvenskan,2021,29/08/2021,14:00,Norrkoping,Ostersunds,3,0,H,1.3,6.14,9.3,1.3,6.75,11.5,1.26,6.03,9.9,,,,,,,,,,,,,,
SWE,Allsvenskan,2021,29/08/2021,14:00,Sirius,Djurgarden,1,0,H,4.59,3.75,1.83,4.59,3.92,1.88,4.25,3.68,1.8,,,,,,,,,,,,,,
SWE,Allsvenskan,2021,29/08/2021,16:30,Hammarby,Malmo FF,2,1,H,3.7,3.97,1.97,3.81,4.06,2.01,3.49,3.87,1.94,,,,,,,,,,,,,,
SWE,Allsvenskan,2021,29/08/2021,16:30,Kalmar,Elfsborg,0,3,A,3.11,3.35,2.45,3.2,3.47,2.5,2.99,3.29,2.37,,,,,,,,,,,,,,
SWE,Allsvenskan,2021,11/09/2021,14:00,Malmo FF,Norrkoping,1,1,D,1.61,4.36,5.53,1.62,4.5,6.2,1.57,4.21,5.37,,,,,,,,,,,,,,
SWE,Allsvenskan,2021,11/09/2021,14:00,Sirius,Ostersunds,1,0,H,1.68,4.14,5.13,1.7,4.33,5.5,1.64,4.01,4.98,,,,,,,,,,,,,,
SWE,Allsvenskan,2021,12/09/2021,14:00,Djurgarden,Hammarby,4,1,H,2.17,3.64,3.42,2.2,3.7,3.5,2.1,3.55,3.3,,,,,,,,,,,,,,
SWE,Allsvenskan,2021,12/09/2021,14:00,Kalmar,Degerfors,4,1,H,1.76,3.89,4.84,1.81,4.09,4.84,1.73,3.82,4.54,,,,,,,,,,,,,,
SWE,Allsvenskan,2021,12/09/2021,16:30,Goteborg,Halmstad,2,0,H,2.35,3.06,3.63,2.4,3.25,3.66,2.29,3.03,3.4,,,,,,,,,,,,,,
SWE,Allsvenskan,2021,13/09/2021,18:00,Elfsborg,Hacken,4,2,H,1.92,3.81,4.09,1.93,3.95,4.15,1.88,3.7,3.89,,,,,,,,,,,,,,
SWE,Allsvenskan,2021,13/09/2021,18:00,Mjallby,AIK,0,0,D,3.71,3.13,2.28,3.73,3.3,2.28,3.51,3.09,2.2,,,,,,,,,,,,,,
SWE,Allsvenskan,2021,13/09/2021,18:00,Orebro,Varberg,0,3,A,2.88,3.35,2.62,2.93,3.48,2.63,2.8,3.3,2.49,,,,,,,,,,,,,,
SWE,Allsvenskan,2021,18/09/2021,14:00,Degerfors,Sirius,1,2,A,2.31,3.79,3.02,2.53,3.83,3.18,2.29,3.62,2.89,,,,,,,,,,,,,,
SWE,Allsvenskan,2021,18/09/2021,14:00,Malmo FF,Djurgarden,1,1,D,1.72,4.09,4.88,1.91,4.09,5,1.71,3.87,4.6,,,,,,,,,,,,,,
SWE,Allsvenskan,2021,18/09/2021,16:30,Hacken,Mjallby,0,0,D,2.06,3.41,4,2.1,3.66,4.7,2.01,3.37,3.8,,,,,,,,,,,,,,
SWE,Allsvenskan,2021,19/09/2021,14:00,Norrkoping,Orebro,3,0,H,1.41,5.12,7.72,1.45,5.19,8,1.39,4.89,7.24,,,,,,,,,,,,,,
SWE,Allsvenskan,2021,19/09/2021,14:00,Ostersunds,Elfsborg,3,1,H,5.5,4.17,1.64,5.61,4.4,1.67,5.22,4.04,1.61,,,,,,,,,,,,,,
SWE,Allsvenskan,2021,19/09/2021,16:30,Halmstad,Kalmar,0,1,A,2.34,3.18,3.51,2.66,3.21,3.6,2.28,3.05,3.39,,,,,,,,,,,,,,
SWE,Allsvenskan,2021,20/09/2021,18:00,AIK,Goteborg,3,1,H,1.92,3.34,4.82,1.97,3.35,4.82,1.89,3.24,4.47,,,,,,,,,,,,,,
SWE,Allsvenskan,2021,20/09/2021,18:00,Hammarby,Varberg,1,0,H,1.61,4.42,5.39,1.65,4.45,5.58,1.61,4.24,4.98,,,,,,,,,,,,,,
SWE,Allsvenskan,2021,22/09/2021,18:00,Djurgarden,Degerfors,3,2,H,1.4,4.96,8.69,1.46,5.45,9.14,1.37,5.04,7.7,,,,,,,,,,,,,,
SWE,Allsvenskan,2021,22/09/2021,18:00,Elfsborg,Malmo FF,0,1,A,3.12,3.57,2.34,3.14,3.71,2.38,3,3.47,2.28,,,,,,,,,,,,,,
SWE,Allsvenskan,2021,22/09/2021,18:00,Orebro,Ostersunds,2,0,H,2.11,3.49,3.75,2.18,3.63,3.75,2.09,3.43,3.45,,,,,,,,,,,,,,
SWE,Allsvenskan,2021,22/09/2021,18:00,Sirius,Norrkoping,2,4,A,3.29,3.67,2.22,3.5,3.8,2.28,3.17,3.6,2.14,,,,,,,,,,,,,,
SWE,Allsvenskan,2021,23/09/2021,18:00,Hammarby,Goteborg,3,0,H,1.67,4.29,5.01,1.72,4.44,5.01,1.65,4.22,4.64,,,,,,,,,,,,,,
SWE,Allsvenskan,2021,23/09/2021,18:00,Kalmar,AIK,1,1,D,3.3,3.17,2.44,3.35,3.29,2.48,3.17,3.13,2.35,,,,,,,,,,,,,,
SWE,Allsvenskan,2021,23/09/2021,18:00,Mjallby,Halmstad,0,0,D,2.6,3.01,3.22,2.61,3.05,3.3,2.48,2.92,3.16,,,,,,,,,,,,,,
SWE,Allsvenskan,2021,23/09/2021,18:00,Varberg,Hacken,1,1,D,3.15,3.06,2.61,3.15,3.3,2.7,2.93,3.07,2.55,,,,,,,,,,,,,,
SWE,Allsvenskan,2021,25/09/2021,16:30,Malmo FF,Orebro,5,1,H,1.18,8.14,14.82,1.21,8.5,17,1.17,7.63,14.24,,,,,,,,,,,,,,
SWE,Allsvenskan,2021,26/09/2021,14:00,Mjallby,Elfsborg,4,0,H,3.33,3.17,2.43,3.4,3.35,2.45,3.22,3.1,2.34,,,,,,,,,,,,,,
SWE,Allsvenskan,2021,26/09/2021,14:00,Ostersunds,Djurgarden,0,3,A,7.07,4.48,1.5,7.2,4.5,1.54,6.71,4.31,1.47,,,,,,,,,,,,,,
SWE,Allsvenskan,2021,26/09/2021,16:30,Hacken,Hammarby,1,1,D,2.88,3.49,2.54,2.88,3.8,2.55,2.76,3.46,2.45,,,,,,,,,,,,,,
SWE,Allsvenskan,2021,26/09/2021,16:30,Norrkoping,Varberg,2,1,H,1.44,4.8,7.76,1.45,5,8.55,1.4,4.71,7.7,,,,,,,,,,,,,,
SWE,Allsvenskan,2021,27/09/2021,18:00,Degerfors,AIK,2,1,H,3.75,3.51,2.1,3.8,3.66,2.16,3.55,3.42,2.06,,,,,,,,,,,,,,
SWE,Allsvenskan,2021,27/09/2021,18:00,Goteborg,Kalmar,0,2,A,2.94,3.19,2.68,2.96,3.41,2.68,2.84,3.15,2.56,,,,,,,,,,,,,,
SWE,Allsvenskan,2021,27/09/2021,18:00,Halmstad,Sirius,1,1,D,1.89,3.64,4.43,1.91,3.68,4.43,1.86,3.51,4.19,,,,,,,,,,,,,,
SWE,Allsvenskan,2021,01/10/2021,18:00,Elfsborg,Goteborg,1,0,H,1.61,4.21,5.86,1.65,4.3,6,1.57,4.11,5.54,,,,,,,,,,,,,,
SWE,Allsvenskan,2021,02/10/2021,14:00,Varberg,Degerfors,0,0,D,2.06,3.52,3.87,2.11,3.8,4.1,1.99,3.51,3.67,,,,,,,,,,,,,,
SWE,Allsvenskan,2021,02/10/2021,16:30,Halmstad,Ostersunds,1,1,D,1.54,4.07,7.27,1.6,4.11,7.28,1.54,3.9,6.57,,,,,,,,,,,,,,
SWE,Allsvenskan,2021,03/10/2021,14:00,AIK,Djurgarden,1,0,H,2.48,3.19,3.21,2.55,3.37,3.26,2.45,3.13,3.01,,,,,,,,,,,,,,
SWE,Allsvenskan,2021,03/10/2021,14:00,Kalmar,Sirius,3,1,H,1.69,3.97,5.36,1.71,4,5.5,1.67,3.82,5.07,,,,,,,,,,,,,,
SWE,Allsvenskan,2021,03/10/2021,14:00,Orebro,Hacken,1,2,A,3.9,3.87,1.94,4,3.87,1.99,3.72,3.66,1.93,,,,,,,,,,,,,,
SWE,Allsvenskan,2021,03/10/2021,16:30,Malmo FF,Mjallby,0,1,A,1.39,4.84,9.52,1.4,5,9.52,1.37,4.68,8.51,,,,,,,,,,,,,,
SWE,Allsvenskan,2021,03/10/2021,16:30,Norrkoping,Hammarby,3,1,H,2.63,3.65,2.68,2.7,3.78,2.68,2.56,3.55,2.58,,,,,,,,,,,,,,
SWE,Allsvenskan,2021,16/10/2021,14:00,Degerfors,Halmstad,2,1,H,2.98,3.49,2.47,3.1,3.53,2.47,2.96,3.29,2.38,,,,,,,,,,,,,,
SWE,Allsvenskan,2021,16/10/2021,14:00,Ostersunds,Malmo FF,0,3,A,9.28,5.66,1.34,10.21,6.75,1.37,9.24,5.54,1.3,,,,,,,,,,,,,,
SWE,Allsvenskan,2021,16/10/2021,16:30,Sirius,Varberg,2,1,H,2.9,3.11,2.77,2.9,3.29,2.92,2.71,3.07,2.73,,,,,,,,,,,,,,
SWE,Allsvenskan,2021,17/10/2021,14:00,Hammarby,AIK,1,0,H,2.68,3.37,2.8,2.71,3.54,2.86,2.59,3.28,2.69,,,,,,,,,,,,,,
SWE,Allsvenskan,2021,17/10/2021,14:00,Mjallby,Kalmar,4,0,H,2.35,3.25,3.4,2.42,3.25,3.5,2.32,3.11,3.23,,,,,,,,,,,,,,
SWE,Allsvenskan,2021,17/10/2021,16:30,Goteborg,Orebro,2,0,H,1.71,3.84,5.42,1.76,3.89,5.59,1.69,3.7,5.03,,,,,,,,,,,,,,
SWE,Allsvenskan,2021,18/10/2021,18:00,Hacken,Norrkoping,5,0,H,2.39,3.58,3.03,2.45,3.72,3.05,2.34,3.44,2.89,,,,,,,,,,,,,,
SWE,Allsvenskan,2021,18/10/2021,18:10,Djurgarden,Elfsborg,0,3,A,2.04,3.77,3.64,2.06,3.9,3.7,1.99,3.67,3.48,,,,,,,,,,,,,,
SWE,Allsvenskan,2021,23/10/2021,14:00,Djurgarden,Kalmar,3,2,H,1.75,3.9,4.95,1.76,4.04,5.25,1.69,3.8,4.81,,,,,,,,,,,,,,
SWE,Allsvenskan,2021,23/10/2021,16:30,Hacken,Halmstad,2,3,A,2.2,3.33,3.66,2.22,3.56,3.82,2.08,3.35,3.55,,,,,,,,,,,,,,
SWE,Allsvenskan,2021,24/10/2021,14:00,Elfsborg,Sirius,3,0,H,1.38,5.51,8.01,1.42,5.51,9,1.38,5.01,7.37,,,,,,,,,,,,,,
SWE,Allsvenskan,2021,24/10/2021,14:00,Hammarby,Ostersunds,4,3,H,1.17,8.24,17.97,1.2,8.75,20,1.15,7.75,15.45,,,,,,,,,,,,,,
SWE,Allsvenskan,2021,24/10/2021,14:00,Mjallby,Goteborg,1,3,A,2.2,3.11,3.96,2.2,3.28,4,2.14,3.09,3.71,,,,,,,,,,,,,,
SWE,Allsvenskan,2021,24/10/2021,16:30,AIK,Norrkoping,1,0,H,1.84,3.81,4.49,1.86,3.85,4.52,1.81,3.64,4.29,,,,,,,,,,,,,,
SWE,Allsvenskan,2021,24/10/2021,16:30,Varberg,Malmo FF,1,1,D,6.38,4.11,1.58,6.5,4.2,1.61,6.01,3.91,1.56,,,,,,,,,,,,,,
SWE,Allsvenskan,2021,25/10/2021,18:00,Orebro,Degerfors,1,2,A,3.05,3.88,2.26,3.2,3.89,2.32,2.95,3.66,2.22,,,,,,,,,,,,,,
SWE,Allsvenskan,2021,27/10/2021,18:00,Kalmar,Varberg,2,2,D,2.05,3.22,4.36,2.14,3.47,4.43,1.99,3.21,4.03,,,,,,,,,,,,,,
SWE,Allsvenskan,2021,27/10/2021,18:00,Malmo FF,AIK,1,0,H,1.63,4.05,5.89,1.71,4.05,6,1.62,3.82,5.57,,,,,,,,,,,,,,
SWE,Allsvenskan,2021,27/10/2021,18:00,Ostersunds,Hacken,1,1,D,5.89,4.8,1.53,6,4.8,1.57,5.62,4.41,1.52,,,,,,,,,,,,,,
SWE,Allsvenskan,2021,27/10/2021,18:00,Sirius,Hammarby,0,1,A,4.48,4.26,1.75,4.53,4.34,1.8,4.22,4.11,1.71,,,,,,,,,,,,,,
SWE,Allsvenskan,2021,28/10/2021,18:00,Degerfors,Elfsborg,1,2,A,4.48,4.43,1.72,4.48,4.43,1.82,4.17,4.14,1.73,,,,,,,,,,,,,,
SWE,Allsvenskan,2021,28/10/2021,18:00,Goteborg,Djurgarden,3,0,H,2.91,3.37,2.58,3.1,3.46,2.59,2.88,3.26,2.45,,,,,,,,,,,,,,
SWE,Allsvenskan,2021,28/10/2021,18:00,Halmstad,Orebro,1,1,D,1.43,4.96,7.8,1.43,5.5,8.5,1.38,4.9,7.47,,,,,,,,,,,,,,
SWE,Allsvenskan,2021,28/10/2021,18:00,Norrkoping,Mjallby,2,2,D,1.9,3.74,4.25,1.95,3.8,4.3,1.87,3.58,4.01,,,,,,,,,,,,,,
SWE,Allsvenskan,2021,30/10/2021,14:00,Sirius,Malmo FF,2,3,A,6.52,4.41,1.53,6.75,4.75,1.54,6.06,4.45,1.49,,,,,,,,,,,,,,
SWE,Allsvenskan,2021,30/10/2021,14:00,Varberg,Ostersunds,3,0,H,1.36,5.04,10.02,1.4,5.25,10.02,1.35,4.87,8.71,,,,,,,,,,,,,,
SWE,Allsvenskan,2021,30/10/2021,16:30,Hacken,Kalmar,1,4,A,2.19,3.57,3.43,2.19,3.66,3.6,2.11,3.46,3.35,,,,,,,,,,,,,,
SWE,Allsvenskan,2021,31/10/2021,14:00,Norrkoping,Elfsborg,3,2,H,2.62,3.79,2.62,2.65,3.84,2.75,2.53,3.62,2.56,,,,,,,,,,,,,,
SWE,Allsvenskan,2021,31/10/2021,16:30,Orebro,Djurgarden,0,1,A,6.41,4.55,1.52,7.25,4.8,1.56,6.23,4.51,1.48,,,,,,,,,,,,,,
SWE,Allsvenskan,2021,01/11/2021,18:00,Degerfors,Goteborg,0,1,A,2.64,3.51,2.75,2.65,3.65,2.8,2.52,3.42,2.68,,,,,,,,,,,,,,
SWE,Allsvenskan,2021,01/11/2021,18:00,Halmstad,AIK,1,0,H,3.16,3.12,2.56,3.26,3.25,2.57,3.12,3.03,2.44,,,,,,,,,,,,,,
SWE,Allsvenskan,2021,01/11/2021,18:00,Mjallby,Hammarby,2,0,H,2.79,3.54,2.59,2.85,3.6,2.62,2.73,3.38,2.51,,,,,,,,,,,,,,
SWE,Allsvenskan,2021,06/11/2021,14:00,Elfsborg,Varberg,0,0,D,1.88,3.68,4.43,1.92,3.87,4.43,1.85,3.64,4.08,,,,,,,,,,,,,,
SWE,Allsvenskan,2021,06/11/2021,16:30,Djurgarden,Halmstad,1,0,H,1.75,3.8,5.15,1.76,4,5.17,1.7,3.74,4.9,,,,,,,,,,,,,,
SWE,Allsvenskan,2021,06/11/2021,16:30,Mjallby,Sirius,2,3,A,1.62,4.16,5.8,1.64,4.3,5.81,1.59,4.02,5.46,,,,,,,,,,,,,,
SWE,Allsvenskan,2021,07/11/2021,14:00,AIK,Ostersunds,3,0,H,1.15,8.17,23.21,1.18,8.38,23.35,1.15,7.47,18.49,,,,,,,,,,,,,,
SWE,Allsvenskan,2021,07/11/2021,14:00,Hacken,Degerfors,2,0,H,1.68,4.24,4.99,1.7,4.35,5,1.65,4.14,4.71,,,,,,,,,,,,,,
SWE,Allsvenskan,2021,07/11/2021,14:00,Hammarby,Orebro,3,2,H,1.26,6.74,10.95,1.28,6.91,12,1.25,6.4,9.93,,,,,,,,,,,,,,
SWE,Allsvenskan,2021,07/11/2021,16:30,Goteborg,Malmo FF,0,2,A,4.09,3.69,1.95,4.2,3.7,1.97,3.97,3.52,1.91,,,,,,,,,,,,,,
SWE,Allsvenskan,2021,07/11/2021,16:30,Kalmar,Norrkoping,1,0,H,2.33,3.59,3.12,2.42,3.74,3.12,2.31,3.5,2.94,,,,,,,,,,,,,,
SWE,Allsvenskan,2021,20/11/2021,14:00,Malmo FF,Hacken,2,2,D,1.4,5.1,8.38,1.44,5.1,8.5,1.39,4.84,7.54,,,,,,,,,,,,,,
SWE,Allsvenskan,2021,21/11/2021,14:00,Degerfors,Hammarby,1,4,A,3.27,4.01,2.12,3.4,4.03,2.14,3.2,3.85,2.05,,,,,,,,,,,,,,
SWE,Allsvenskan,2021,21/11/2021,14:00,Halmstad,Elfsborg,0,1,A,2.58,3.39,2.9,2.73,3.4,2.92,2.55,3.21,2.79,,,,,,,,,,,,,,
SWE,Allsvenskan,2021,21/11/2021,16:30,Sirius,Goteborg,3,3,D,2.73,3.28,2.81,2.76,3.42,2.84,2.65,3.2,2.7,,,,,,,,,,,,,,
SWE,Allsvenskan,2021,21/11/2021,16:30,Varberg,AIK,0,1,A,3.73,3.11,2.28,4.05,3.3,2.3,3.67,2.98,2.22,,,,,,,,,,,,,,
SWE,Allsvenskan,2021,22/11/2021,18:00,Norrkoping,Djurgarden,1,1,D,2.76,3.68,2.54,2.92,3.81,2.54,2.75,3.6,2.39,,,,,,,,,,,,,,
SWE,Allsvenskan,2021,22/11/2021,18:00,Orebro,Kalmar,1,2,A,4.77,4.21,1.71,4.87,4.3,1.73,4.56,4.07,1.68,,,,,,,,,,,,,,
SWE,Allsvenskan,2021,22/11/2021,18:00,Ostersunds,Mjallby,0,2,A,7.32,5.03,1.44,7.55,5.04,1.48,7.05,4.67,1.42,,,,,,,6,25,2,7,16,15,2,9
SWE,Allsvenskan,2021,28/11/2021,14:00,Degerfors,Norrkoping,4,1,H,2.28,3.88,3.01,2.35,3.93,3.01,2.26,3.73,2.86,,,,,,,,,,,,,,
SWE,Allsvenskan,2021,28/11/2021,14:00,Djurgarden,Varberg,2,3,A,1.39,5,8.98,1.42,5.12,9.1,1.38,4.84,8.01,,,,,,,,,,,,,,
SWE,Allsvenskan,2021,28/11/2021,14:00,Goteborg,Ostersunds,4,0,H,1.22,6.6,15.02,1.24,7,16,1.21,6.36,13.43,,,,,,,,,,,,,,
SWE,Allsvenskan,2021,28/11/2021,16:30,Halmstad,Hammarby,0,0,D,2.63,3.58,2.72,2.68,3.66,2.72,2.55,3.46,2.63,,,,,,,,,,,,,,
SWE,Allsvenskan,2021,28/11/2021,16:30,Kalmar,Malmo FF,0,1,A,5.54,4.03,1.66,5.54,4.09,1.71,5.02,3.85,1.66,,,,,,,,,,,,,,
SWE,Allsvenskan,2021,29/11/2021,18:00,Elfsborg,AIK,2,4,A,2.48,3.3,3.11,2.48,3.47,3.12,2.39,3.25,2.99,,,,,,,,,,,,,,
SWE,Allsvenskan,2021,29/11/2021,18:00,Mjallby,Orebro,0,0,D,1.57,4.15,6.55,1.58,4.54,7,1.52,4.24,6.12,,,,,,,,,,,,,,
SWE,Allsvenskan,2021,29/11/2021,18:00,Sirius,Hacken,3,0,H,2.57,3.52,2.82,2.64,3.74,2.82,2.49,3.47,2.7,,,,,,,,,,,,,,
SWE,Allsvenskan,2021,04/12/2021,14:00,AIK,Sirius,4,2,H,1.33,5.45,10.29,1.35,6,12,1.31,5.36,9.61,,,,,,,,,,,,,,
SWE,Allsvenskan,2021,04/12/2021,14:00,Hacken,Djurgarden,0,1,A,3.65,3.94,2,3.95,4.05,2.01,3.59,3.87,1.92,,,,,,,,,,,,,,
SWE,Allsvenskan,2021,04/12/2021,14:00,Hammarby,Kalmar,5,3,H,1.66,4.7,4.65,1.69,4.7,5,1.64,4.38,4.64,,,,,,,,,,,,,,
SWE,Allsvenskan,2021,04/12/2021,14:00,Malmo FF,Halmstad,0,0,D,1.5,4.6,6.76,1.53,4.6,7.08,1.49,4.34,6.38,,,,,,,,,,,,,,
SWE,Allsvenskan,2021,04/12/2021,14:00,Norrkoping,Goteborg,1,2,A,1.89,4.13,3.88,2.02,4.13,4.05,1.91,3.82,3.69,,,,,,,,,,,,,,
SWE,Allsvenskan,2021,04/12/2021,14:00,Orebro,Elfsborg,2,3,A,5.87,4.97,1.52,6.25,4.98,1.54,5.63,4.71,1.5,,,,,,,,,,,,,,
SWE,Allsvenskan,2021,04/12/2021,14:00,Ostersunds,Degerfors,0,1,A,7.57,5.4,1.4,8.95,5.75,1.4,7.75,5.29,1.35,,,,,,,,,,,,,,
SWE,Allsvenskan,2021,04/12/2021,14:00,Varberg,Mjallby,0,3,A,3.95,3.51,2.04,3.97,3.51,2.18,3.67,3.32,2.06,,,,,,,,,,,,,,
SWE,Allsvenskan,2021,11/12/2021,14:00,Helsingborg,Halmstad,0,1,A,4.02,3.23,2.1,4.02,3.5,2.19,3.67,3.18,2.08,,,,,,,,,,,,,,
SWE,Allsvenskan,2021,14/12/2021,18:00,Halmstad,Helsingborg,1,3,A,1.75,3.7,5.35,1.79,3.8,5.8,1.71,3.59,5.08,,,,,,,,,,,,,,
SWE,Allsvenskan,2022,02/04/2022,14:00,Hammarby,Helsingborg,2,1,H,1.43,5.09,7.47,1.44,5.25,8,1.4,4.89,7.17,,,,,,,,,,,,,,
SWE,Allsvenskan,2022,02/04/2022,16:30,Hacken,AIK,4,2,H,2.48,3.3,3.11,2.88,3.3,3.11,2.5,3.13,2.94,,,,,,,,,,,,,,
SWE,Allsvenskan,2022,03/04/2022,14:00,Goteborg,Varnamo,2,1,H,1.78,3.6,5.29,1.82,3.64,5.3,1.76,3.51,4.89,,,,,,,,,,,,,,
SWE,Allsvenskan,2022,03/04/2022,14:00,Sirius,Sundsvall,2,1,H,1.7,4.05,5.11,1.74,4.05,5.12,1.69,3.91,4.78,,,,,,,,,,,,,,
SWE,Allsvenskan,2022,03/04/2022,16:30,Kalmar,Malmo FF,0,1,A,4.47,3.56,1.91,5,3.64,1.94,4.28,3.47,1.86,,,,,,,,,,,,,,
SWE,Allsvenskan,2022,03/04/2022,16:30,Norrkoping,Varberg,0,1,A,1.86,3.6,4.66,1.9,3.65,4.75,1.84,3.48,4.39,,,,,,,,,,,,,,
SWE,Allsvenskan,2022,04/04/2022,18:00,Elfsborg,Mjallby,0,2,A,1.61,4.2,5.89,1.63,4.3,5.9,1.58,4.09,5.47,,,,,,,,,,,,,,
SWE,Allsvenskan,2022,04/04/2022,18:10,Djurgarden,Degerfors,3,1,H,1.4,5.13,7.99,1.41,5.25,8,1.38,4.96,7.46,,,,,,,,,,,,,,
SWE,Allsvenskan,2022,09/04/2022,14:00,Sundsvall,Hammarby,1,5,A,5.37,4.14,1.66,5.4,4.3,1.7,5.03,4.1,1.62,,,,,,,,,,,,,,
SWE,Allsvenskan,2022,09/04/2022,16:30,Degerfors,Hacken,1,2,A,2.76,3.63,2.57,3.3,3.67,2.65,2.71,3.47,2.49,,,,,,,,,,,,,,
SWE,Allsvenskan,2022,10/04/2022,14:00,Helsingborg,Goteborg,0,1,A,2.98,3.22,2.62,3.15,3.32,2.62,2.97,3.14,2.45,,,,,,,,,,,,,,
SWE,Allsvenskan,2022,10/04/2022,14:00,Varberg,Kalmar,0,3,A,2.88,2.97,2.91,2.88,3.08,2.91,2.76,2.92,2.8,,,,,,,,,,,,,,
SWE,Allsvenskan,2022,10/04/2022,16:30,AIK,Norrkoping,1,0,H,2.06,3.33,4.11,2.06,3.51,4.2,1.97,3.34,3.94,,,,,,,,,,,,,,
SWE,Allsvenskan,2022,10/04/2022,16:30,Mjallby,Djurgarden,1,0,H,3.39,3.24,2.36,3.65,3.34,2.4,3.33,3.15,2.25,,,,,,,,,,,,,,
SWE,Allsvenskan,2022,11/04/2022,18:00,Varnamo,Sirius,0,0,D,2.24,3.47,3.41,2.32,3.56,3.41,2.22,3.38,3.18,,,,,,,,,,,,,,
SWE,Allsvenskan,2022,11/04/2022,18:10,Malmo FF,Elfsborg,1,1,D,1.6,4.22,5.92,1.63,4.38,6,1.57,4.12,5.52,,,,,,,,,,,,,,
SWE,Allsvenskan,2022,15/04/2022,14:00,Hammarby,Mjallby,2,0,H,1.63,4.08,5.86,1.65,4.3,6.4,1.57,4.07,5.63,,,,,,,,,,,,,,
SWE,Allsvenskan,2022,16/04/2022,14:00,Djurgarden,Norrkoping,2,1,H,2.1,3.62,3.61,2.15,3.92,4.59,2.04,3.53,3.52,,,,,,,,,,,,,,
SWE,Allsvenskan,2022,16/04/2022,14:00,Varberg,Sundsvall,2,0,H,1.94,3.44,4.45,2.02,3.75,4.93,1.91,3.42,4.13,,,,,,,,,,,,,,
SWE,Allsvenskan,2022,17/04/2022,14:00,Kalmar,Degerfors,2,0,H,1.81,3.76,4.73,1.88,3.9,5.16,1.79,3.7,4.39,,,,,,,,,,,,,,
SWE,Allsvenskan,2022,17/04/2022,14:00,Malmo FF,AIK,3,0,H,1.72,3.56,5.89,1.81,3.75,5.9,1.72,3.5,5.24,,,,,,,,,,,,,,
SWE,Allsvenskan,2022,17/04/2022,16:30,Elfsborg,Varnamo,4,1,H,1.57,4.3,6.14,1.59,4.6,6.9,1.54,4.23,5.75,,,,,,,,,,,,,,
SWE,Allsvenskan,2022,17/04/2022,16:30,Hacken,Goteborg,0,2,A,1.98,3.63,4.04,2.06,3.7,4.04,1.96,3.52,3.77,,,,,,,,,,,,,,
SWE,Allsvenskan,2022,17/04/2022,16:30,Sirius,Helsingborg,1,0,H,2.26,3.52,3.31,2.4,3.6,3.59,2.24,3.42,3.13,,,,,,,,,,,,,,
SWE,Allsvenskan,2022,20/04/2022,18:00,AIK,Varberg,1,0,H,1.53,4.01,7.64,1.58,4.01,7.64,1.53,3.82,6.94,,,,,,,,,,,,,,
SWE,Allsvenskan,2022,20/04/2022,18:00,Goteborg,Djurgarden,1,1,D,3,3.19,2.63,3.05,3.25,2.65,2.88,3.08,2.56,,,,,,,,,,,,,,
SWE,Allsvenskan,2022,20/04/2022,18:00,Mjallby,Sirius,3,0,H,1.8,3.55,5.21,1.84,3.66,5.5,1.76,3.51,4.84,,,,,,,,,,,,,,
SWE,Allsvenskan,2022,20/04/2022,18:00,Norrkoping,Hacken,1,1,D,2.06,3.79,3.59,2.14,3.82,3.59,2.03,3.64,3.4,,,,,,,,,,,,,,
SWE,Allsvenskan,2022,20/04/2022,18:00,Sundsvall,Kalmar,1,0,H,3.51,3.43,2.17,4,3.52,2.25,3.43,3.34,2.13,,,,,,,,,,,,,,
SWE,Allsvenskan,2022,21/04/2022,18:00,Degerfors,Hammarby,0,1,A,5.01,4.26,1.68,5.25,4.4,1.69,4.85,4.21,1.63,,,,,,,,,,,,,,
SWE,Allsvenskan,2022,21/04/2022,18:00,Helsingborg,Elfsborg,1,0,H,5.13,3.99,1.71,5.13,4,1.75,4.8,3.84,1.7,,,,,,,,,,,,,,
SWE,Allsvenskan,2022,21/04/2022,18:00,Varnamo,Malmo FF,0,0,D,5.71,3.93,1.66,6.1,4.1,1.67,5.53,3.91,1.61,,,,,,,,,,,,,,
SWE,Allsvenskan,2022,24/04/2022,14:00,AIK,Djurgarden,1,0,H,2.08,3.25,4.17,2.17,3.34,4.2,2.05,3.16,3.94,,,,,,,,,,,,,,
SWE,Allsvenskan,2022,24/04/2022,14:00,Varberg,Mjallby,0,0,D,2.58,2.96,3.31,2.63,3.02,3.5,2.49,2.86,3.24,,,,,,,,,,,,,,
SWE,Allsvenskan,2022,24/04/2022,16:30,Helsingborg,Hacken,1,1,D,4.04,3.57,1.99,4.48,3.65,2,3.95,3.51,1.92,,,,,,,,,,,,,,
SWE,Allsvenskan,2022,25/04/2022,18:00,Elfsborg,Sundsvall,3,1,H,1.36,5.52,8.68,1.38,5.75,8.68,1.34,5.28,8.04,,,,,,,,,,,,,,
SWE,Allsvenskan,2022,25/04/2022,18:00,Sirius,Hammarby,0,3,A,5.2,4.25,1.66,5.21,4.25,1.7,4.89,4.09,1.64,,,,,,,,,,,,,,
SWE,Allsvenskan,2022,25/04/2022,18:00,Varnamo,Degerfors,2,0,H,2.1,3.47,3.78,2.17,3.56,3.78,2.08,3.36,3.55,,,,,,,,,,,,,,
SWE,Allsvenskan,2022,25/04/2022,18:10,Malmo FF,Goteborg,1,0,H,1.6,3.82,6.83,1.62,4,6.83,1.58,3.83,6.15,,,,,,,,,,,,,,
SWE,Allsvenskan,2022,26/04/2022,18:00,Kalmar,Norrkoping,1,2,A,2.61,3.26,2.95,2.61,3.35,3.12,2.43,3.15,3,,,,,,,,,,,,,,
SWE,Allsvenskan,2022,30/04/2022,14:00,Djurgarden,Sirius,4,0,H,1.49,4.68,6.82,1.5,4.75,7.5,1.45,4.48,6.68,,,,,,,,,,,,,,
SWE,Allsvenskan,2022,01/05/2022,14:00,Degerfors,Elfsborg,0,6,A,4.64,4.39,1.7,4.75,4.4,1.72,4.49,4.19,1.67,,,,,,,,,,,,,,
SWE,Allsvenskan,2022,01/05/2022,14:00,Mjallby,Helsingborg,2,1,H,2.27,3.07,3.81,2.33,3.28,4,2.18,3.05,3.65,,,,,,,,,,,,,,
SWE,Allsvenskan,2022,01/05/2022,16:30,Hacken,Varberg,3,1,H,1.54,4.29,6.64,1.57,4.34,7,1.52,4.11,6.33,,,,,,,,,,,,,,
SWE,Allsvenskan,2022,01/05/2022,16:30,Sundsvall,AIK,0,2,A,5.94,4.15,1.61,6.25,4.2,1.62,5.54,4.04,1.59,,,,,,,,,,,,,,
SWE,Allsvenskan,2022,02/05/2022,18:00,Goteborg,Kalmar,1,2,A,2.35,3.27,3.37,2.35,3.32,3.4,2.26,3.18,3.28,,,,,,,,,,,,,,
SWE,Allsvenskan,2022,02/05/2022,18:00,Norrkoping,Varnamo,2,0,H,1.65,4.02,5.63,1.72,4.02,5.63,1.66,3.82,5.11,,,,,,,,,,,,,,
SWE,Allsvenskan,2022,02/05/2022,18:10,Hammarby,Malmo FF,0,0,D,2.31,3.38,3.35,2.33,3.6,3.35,2.23,3.39,3.15,,,,,,,,,,,,,,
SWE,Allsvenskan,2022,05/05/2022,18:00,Djurgarden,Helsingborg,2,2,D,1.35,5.25,10.07,1.38,5.5,10.07,1.33,5.07,8.95,,,,,,,,,,,,,,
SWE,Allsvenskan,2022,07/05/2022,14:00,AIK,Goteborg,1,0,H,1.71,3.79,5.61,1.73,3.79,5.8,1.68,3.61,5.32,,,,,,,,,,,,,,
SWE,Allsvenskan,2022,07/05/2022,16:30,Malmo FF,Mjallby,2,0,H,1.58,3.86,7.06,1.6,4,7.62,1.54,3.83,6.74,,,,,,,,,,,,,,
SWE,Allsvenskan,2022,08/05/2022,16:30,Kalmar,Hammarby,2,0,H,3.69,3.29,2.2,3.7,3.4,2.25,3.46,3.23,2.17,,,,,,,,,,,,,,
SWE,Allsvenskan,2022,08/05/2022,16:30,Varberg,Sirius,0,2,A,2.03,3.33,4.23,2.06,3.4,4.25,2.01,3.21,4,,,,,,,,,,,,,,
SWE,Allsvenskan,2022,09/05/2022,18:00,Helsingborg,Norrkoping,0,1,A,4.02,3.72,1.95,4.02,3.79,2.03,3.78,3.61,1.93,,,,,,,,,,,,,,
SWE,Allsvenskan,2022,09/05/2022,18:00,Sundsvall,Degerfors,2,3,A,2.5,3.69,2.8,2.5,3.8,2.82,2.41,3.61,2.71,,,,,,,,,,,,,,
SWE,Allsvenskan,2022,09/05/2022,18:00,Varnamo,Hacken,1,2,A,3.96,3.57,2.01,3.96,3.75,2.24,3.69,3.53,1.98,,,,,,,,,,,,,,
SWE,Allsvenskan,2022,09/05/2022,18:10,Elfsborg,Djurgarden,0,0,D,2.05,3.76,3.63,2.15,3.83,3.63,2.03,3.64,3.42,,,,,,,,,,,,,,
SWE,Allsvenskan,2022,11/05/2022,18:00,AIK,Malmo FF,2,0,H,2.4,3.15,3.39,2.42,3.22,3.4,2.36,3.08,3.21,,,,,,,,,,,,,,
SWE,Allsvenskan,2022,14/05/2022,14:00,Mjallby,Varnamo,1,1,D,2.85,3.03,2.88,2.88,3.1,3,2.72,2.97,2.81,,,,,,,,,,,,,,
SWE,Allsvenskan,2022,14/05/2022,16:30,Sirius,Elfsborg,2,0,H,4.51,3.91,1.81,4.6,4.05,1.81,4.26,3.87,1.77,,,,,,,,,,,,,,
SWE,Allsvenskan,2022,15/05/2022,14:00,Hacken,Kalmar,3,1,H,1.7,4.1,5,1.78,4.1,5,1.71,3.84,4.7,,,,,,,,,,,,,,
SWE,Allsvenskan,2022,15/05/2022,14:00,Hammarby,AIK,3,3,D,2.29,3.33,3.53,2.33,3.44,3.53,2.24,3.25,3.26,,,,,,,,,,,,,,
SWE,Allsvenskan,2022,15/05/2022,16:30,Degerfors,Helsingborg,2,1,H,2.42,3.46,3.07,2.55,3.6,3.07,2.41,3.36,2.88,,,,,,,,,,,,,,
SWE,Allsvenskan,2022,15/05/2022,16:30,Goteborg,Varberg,1,1,D,2.01,3.33,4.34,2.1,3.4,4.34,2,3.24,4,,,,,,,,,,,,,,
SWE,Allsvenskan,2022,15/05/2022,16:30,Norrkoping,Sundsvall,5,1,H,1.27,6.29,11.24,1.3,7,11.26,1.26,6.07,10.03,,,,,,,,,,,,,,
SWE,Allsvenskan,2022,16/05/2022,18:10,Djurgarden,Malmo FF,4,0,H,1.82,3.72,4.73,1.91,3.8,4.73,1.8,3.64,4.35,,,,,,,,,,,,,,
SWE,Allsvenskan,2022,21/05/2022,14:00,AIK,Sirius,2,2,D,1.44,4.86,7.49,1.46,5,8.1,1.41,4.64,7.5,,,,,,,,,,,,,,
SWE,Allsvenskan,2022,21/05/2022,16:30,Helsingborg,Varnamo,1,4,A,3.28,3.26,2.4,3.3,3.3,2.55,3.16,3.13,2.37,,,,,,,,,,,,,,
SWE,Allsvenskan,2022,22/05/2022,14:00,Elfsborg,Goteborg,3,1,H,1.51,4.61,6.62,1.55,4.63,7,1.49,4.4,6.24,,,,,,,,,,,,,,
SWE,Allsvenskan,2022,22/05/2022,14:00,Hammarby,Norrkoping,3,0,H,1.94,3.61,4.19,1.98,4,4.19,1.91,3.56,3.93,,,,,,,,,,,,,,
SWE,Allsvenskan,2022,22/05/2022,14:00,Varberg,Degerfors,2,1,H,1.96,3.65,4.09,2,3.7,4.1,1.94,3.52,3.84,,,,,,,,,,,,,,
SWE,Allsvenskan,2022,22/05/2022,16:30,Kalmar,Djurgarden,1,0,H,3.17,3.2,2.5,3.21,3.25,2.55,3.05,3.09,2.44,,,,,,,,,,,,,,
SWE,Allsvenskan,2022,22/05/2022,16:30,Malmo FF,Hacken,1,2,A,1.83,3.9,4.42,1.85,4,4.55,1.78,3.82,4.24,,,,,,,,,,,,,,
SWE,Allsvenskan,2022,23/05/2022,18:00,Sundsvall,Mjallby,2,0,H,3.76,3.39,2.14,3.8,3.39,2.18,3.6,3.25,2.12,,,,,,,,,,,,,,
SWE,Allsvenskan,2022,28/05/2022,14:00,Goteborg,Sundsvall,2,0,H,1.41,5.62,8.66,1.41,5.75,9,1.34,5.29,8.18,,,,,,,,,,,,,,
SWE,Allsvenskan,2022,28/05/2022,14:00,Mjallby,Kalmar,1,1,D,3.68,3.14,2.28,3.7,3.19,2.4,3.46,3.03,2.26,,,,,,,,,,,,,,
SWE,Allsvenskan,2022,28/05/2022,16:00,Hacken,Sirius,4,3,H,1.47,4.81,7.01,1.47,5,7.5,1.43,4.79,6.57,,,,,,,,,,,,,,
SWE,Allsvenskan,2022,29/05/2022,14:00,Degerfors,Malmo FF,0,2,A,6.44,4.71,1.51,6.5,4.8,1.54,5.94,4.54,1.49,,,,,,,,,,,,,,
SWE,Allsvenskan,2022,29/05/2022,14:00,Djurgarden,Varberg,4,0,H,1.38,4.97,9.64,1.42,5,9.64,1.37,4.74,8.6,,,,,,,,,,,,,,
SWE,Allsvenskan,2022,29/05/2022,14:00,Norrkoping,Elfsborg,2,2,D,2.66,3.6,2.65,2.7,3.68,2.65,2.58,3.48,2.59,,,,,,,,,,,,,,
SWE,Allsvenskan,2022,29/05/2022,16:30,Helsingborg,AIK,1,2,A,7.08,3.87,1.58,7.08,4,1.62,6.52,3.8,1.56,,,,,,,,,,,,,,
SWE,Allsvenskan,2022,29/05/2022,16:30,Varnamo,Hammarby,1,0,H,3.83,3.36,2.13,3.85,3.48,2.13,3.68,3.29,2.06,,,,,,,,,,,,,,
SWE,Allsvenskan,2022,26/06/2022,14:00,Degerfors,AIK,1,1,D,4.63,3.99,1.78,4.7,4.2,1.8,4.34,3.92,1.75,,,,,,,,,,,,,,
SWE,Allsvenskan,2022,26/06/2022,14:00,Hammarby,Hacken,2,2,D,1.89,3.84,4.16,1.91,4.2,4.17,1.85,3.82,3.89,,,,,,,,,,,,,,
SWE,Allsvenskan,2022,26/06/2022,14:00,Mjallby,Norrkoping,1,1,D,3.63,3.41,2.17,3.7,3.42,2.26,3.47,3.28,2.14,,,,,,,,,,,,,,
SWE,Allsvenskan,2022,26/06/2022,16:30,Sundsvall,Djurgarden,2,5,A,7.93,4.95,1.42,8,5.05,1.42,7.39,4.82,1.39,,,,,,,,,,,,,,
SWE,Allsvenskan,2022,27/06/2022,18:00,Elfsborg,Varberg,4,1,H,1.37,5.35,8.67,1.4,5.4,9.05,1.35,5.06,8.11,,,,,,,,,,,,,,
SWE,Allsvenskan,2022,27/06/2022,18:00,Kalmar,Varnamo,1,0,H,1.93,3.43,4.58,1.94,3.75,4.7,1.87,3.39,4.36,,,,,,,,,,,,,,
SWE,Allsvenskan,2022,27/06/2022,18:00,Sirius,Goteborg,1,2,A,2.55,3.47,2.88,2.6,3.5,2.88,2.51,3.35,2.76,,,,,,,,,,,,,,
SWE,Allsvenskan,2022,27/06/2022,18:10,Malmo FF,Helsingborg,2,1,H,1.26,6.17,12.46,1.3,6.5,13,1.25,5.89,10.93,,,,,,,,,,,,,,
SWE,Allsvenskan,2022,01/07/2022,18:00,Sundsvall,Malmo FF,2,1,H,7.93,5.38,1.39,7.93,5.38,1.43,7.23,4.95,1.39,,,,,,,,,,,,,,
SWE,Allsvenskan,2022,02/07/2022,14:00,AIK,Mjallby,0,1,A,1.49,4.2,8.29,1.49,4.4,8.5,1.45,4.17,7.64,,,,,,,,,,,,,,
SWE,Allsvenskan,2022,02/07/2022,16:30,Helsingborg,Kalmar,1,1,D,4.17,3.48,1.99,4.2,3.62,2.02,3.86,3.46,1.94,,,,,,,,,,,,,,
SWE,Allsvenskan,2022,03/07/2022,14:00,Djurgarden,Hammarby,1,0,H,2.37,3.46,3.16,2.37,3.52,3.16,2.3,3.38,3.02,,,,,,,,,,,,,,
SWE,Allsvenskan,2022,03/07/2022,14:00,Varberg,Varnamo,3,0,H,3,3.33,2.54,3,3.35,2.62,2.9,3.21,2.46,,,,,,,,,,,,,,
SWE,Allsvenskan,2022,03/07/2022,16:30,Hacken,Elfsborg,1,1,D,2.46,3.76,2.81,2.51,3.95,2.81,2.36,3.73,2.7,,,,,,,,,,,,,,
SWE,Allsvenskan,2022,03/07/2022,16:30,Norrkoping,Sirius,0,1,A,1.59,4.54,5.52,1.62,4.6,5.52,1.57,4.41,5.04,,,,,,,,,,,,,,
SWE,Allsvenskan,2022,04/07/2022,18:00,Goteborg,Degerfors,2,0,H,1.74,4.17,4.64,1.74,4.5,4.8,1.67,4.1,4.58,,,,,,,,,,,,,,
SWE,Allsvenskan,2022,09/07/2022,14:00,Malmo FF,Varberg,3,0,H,1.27,6.3,10.91,1.29,6.4,12,1.26,5.92,10.41,,,,,,,,,,,,,,
SWE,Allsvenskan,2022,09/07/2022,16:30,Degerfors,Norrkoping,1,1,D,3.52,3.82,2.07,3.52,3.87,2.12,3.38,3.7,2.02,,,,,,,,,,,,,,
SWE,Allsvenskan,2022,10/07/2022,14:00,Elfsborg,AIK,2,2,D,2.18,3.69,3.34,2.23,3.77,3.4,2.13,3.57,3.22,,,,,,,,,,,,,,
SWE,Allsvenskan,2022,10/07/2022,14:00,Mjallby,Hacken,1,2,A,3.89,3.65,2.01,4.24,3.82,2.06,3.62,3.5,2,,,,,,,,,,,,,,
SWE,Allsvenskan,2022,10/07/2022,16:45,Kalmar,Sirius,1,1,D,1.67,4,5.55,1.75,4.05,5.55,1.68,3.78,5.02,,,,,,,,,,,,,,
SWE,Allsvenskan,2022,11/07/2022,18:00,Hammarby,Goteborg,3,0,H,1.52,4.56,6.44,1.64,4.56,6.44,1.53,4.29,5.82,,,,,,,,,,,,,,
SWE,Allsvenskan,2022,11/07/2022,18:00,Helsingborg,Djurgarden,0,2,A,5.55,4.06,1.65,6,4.3,1.69,5.3,4.02,1.6,,,,,,,,,,,,,,
SWE,Allsvenskan,2022,11/07/2022,18:00,Varnamo,Sundsvall,1,1,D,1.55,4.38,6.39,1.6,4.5,6.9,1.52,4.32,5.89,,,,,,,,,,,,,,
SWE,Allsvenskan,2022,16/07/2022,14:00,Norrkoping,Malmo FF,0,2,A,3.93,3.76,1.97,4.05,3.8,2.19,3.61,3.55,2,,,,,,,,,,,,,,
SWE,Allsvenskan,2022,16/07/2022,16:30,Djurgarden,Varnamo,5,0,H,1.41,5.17,7.58,1.45,5.5,8,1.39,4.93,7.24,,,,,,,,,,,,,,
SWE,Allsvenskan,2022,17/07/2022,14:00,AIK,Kalmar,1,0,H,1.81,3.56,5.07,1.84,3.62,5.07,1.79,3.43,4.72,,,,,,,,,,,,,,
SWE,Allsvenskan,2022,17/07/2022,14:00,Goteborg,Mjallby,1,1,D,2.18,3.32,3.85,2.21,3.32,3.85,2.13,3.18,3.63,,,,,,,,,,,,,,
SWE,Allsvenskan,2022,17/07/2022,14:00,Hammarby,Elfsborg,3,0,H,1.98,3.88,3.75,2,4.05,3.8,1.93,3.82,3.57,,,,,,,,,,,,,,
SWE,Allsvenskan,2022,17/07/2022,14:00,Sirius,Degerfors,2,0,H,1.77,4.29,4.33,1.79,4.33,4.35,1.74,4.05,4.17,,,,,,,,,,,,,,
SWE,Allsvenskan,2022,18/07/2022,18:00,Sundsvall,Hacken,1,5,A,5.68,4.82,1.54,5.75,5,1.57,5.3,4.68,1.52,,,,,,,,,,,,,,
SWE,Allsvenskan,2022,18/07/2022,18:00,Varberg,Helsingborg,0,0,D,2.41,3.26,3.27,2.41,3.44,3.27,2.31,3.23,3.12,,,,,,,,,,,,,,
SWE,Allsvenskan,2022,23/07/2022,14:00,Malmo FF,Sirius,3,1,H,1.44,5.07,7.1,1.45,5.5,7.5,1.41,4.87,6.92,,,,,,,,,,,,,,
SWE,Allsvenskan,2022,23/07/2022,16:30,Mjallby,Degerfors,2,1,H,1.63,4.05,5.83,1.67,4.06,5.83,1.63,3.86,5.27,,,,,,,,,,,,,,
SWE,Allsvenskan,2022,24/07/2022,14:00,Helsingborg,Sundsvall,1,0,H,1.86,3.64,4.6,1.87,3.81,4.6,1.83,3.63,4.16,,,,,,,,,,,,,,
SWE,Allsvenskan,2022,24/07/2022,14:00,Varnamo,AIK,2,3,A,3.48,3.35,2.26,3.6,3.46,2.31,3.32,3.3,2.19,,,,,,,,,,,,,,
SWE,Allsvenskan,2022,24/07/2022,16:30,Hacken,Djurgarden,1,2,A,2.27,3.73,3.12,2.37,3.86,3.12,2.23,3.65,2.95,,,,,,,,,,,,,,
SWE,Allsvenskan,2022,24/07/2022,16:30,Kalmar,Elfsborg,1,0,H,2.26,3.57,3.27,2.43,3.64,3.3,2.23,3.48,3.07,,,,,,,,,,,,,,
SWE,Allsvenskan,2022,25/07/2022,18:00,Norrkoping,Goteborg,0,2,A,1.7,4.01,5.18,1.76,4.1,5.18,1.7,3.89,4.59,,,,,,,,,,,,,,
SWE,Allsvenskan,2022,25/07/2022,18:00,Varberg,Hammarby,0,3,A,7.64,4.58,1.47,7.64,4.75,1.5,6.87,4.42,1.45,,,,,,,,,,,,,,
SWE,Allsvenskan,2022,30/07/2022,14:00,Degerfors,Kalmar,2,1,H,3.94,3.58,2.02,3.94,3.75,2.02,3.69,3.57,1.97,,,,,,,,,,,,,,
SWE,Allsvenskan,2022,30/07/2022,16:30,Sundsvall,Varberg,1,3,A,2.55,3.56,2.81,2.62,3.6,2.81,2.49,3.47,2.69,,,,,,,,,,,,,,
SWE,Allsvenskan,2022,31/07/2022,14:00,Elfsborg,Hacken,4,4,D,2.1,4.1,3.24,2.15,4.2,3.25,2.04,4.04,3.11,,,,,,,,,,,,,,
SWE,Allsvenskan,2022,31/07/2022,14:00,Hammarby,Varnamo,1,2,A,1.31,5.96,9.96,1.33,6,10,1.3,5.57,9.15,,,,,,,,,,,,,,
SWE,Allsvenskan,2022,31/07/2022,14:00,Sirius,Mjallby,0,1,A,2.31,3.25,3.49,2.4,3.35,3.49,2.29,3.21,3.2,,,,,,,,,,,,,,
SWE,Allsvenskan,2022,01/08/2022,18:00,Goteborg,Norrkoping,2,0,H,2.77,3.38,2.69,2.77,3.4,2.8,2.6,3.28,2.68,,,,,,,,,,,,,,
SWE,Allsvenskan,2022,06/08/2022,14:00,Norrkoping,Degerfors,2,0,H,1.49,4.82,6.5,1.52,5,6.5,1.48,4.65,5.94,,,,,,,,,,,,,,
SWE,Allsvenskan,2022,07/08/2022,14:00,Hammarby,Sundsvall,3,0,H,1.16,8.47,17.11,1.16,9.71,20,1.13,8.65,16.57,,,,,,,,,,,,,,
SWE,Allsvenskan,2022,07/08/2022,14:00,Kalmar,AIK,1,0,H,2.6,3.2,3.04,2.65,3.49,3.04,2.55,3.19,2.82,,,,,,,,,,,,,,
SWE,Allsvenskan,2022,07/08/2022,14:00,Sirius,Malmo FF,2,1,H,5.81,4.47,1.57,6,4.61,1.6,5.65,4.27,1.54,,,,,,,,,,,,,,
SWE,Allsvenskan,2022,07/08/2022,16:30,Mjallby,Elfsborg,1,1,D,2.86,3.42,2.6,3,3.5,2.6,2.77,3.36,2.48,,,,,,,,,,,,,,
SWE,Allsvenskan,2022,07/08/2022,16:30,Varnamo,Djurgarden,0,0,D,5.04,4.04,1.71,5.5,4.2,1.73,4.86,3.98,1.66,,,,,,,,,,,,,,
SWE,Allsvenskan,2022,08/08/2022,18:00,Hacken,Helsingborg,5,0,H,1.33,5.78,9.54,1.36,6,9.54,1.31,5.6,8.41,,,,,,,,,,,,,,
SWE,Allsvenskan,2022,08/08/2022,18:00,Varberg,Goteborg,0,4,A,3.27,3.48,2.3,3.29,3.52,2.35,3.13,3.34,2.26,,,,,,,,,,,,,,
SWE,Allsvenskan,2022,13/08/2022,16:30,Helsingborg,Sirius,0,0,D,2.48,3.46,2.98,2.62,3.52,2.98,2.45,3.37,2.83,,,,,,,,,,,,,,
SWE,Allsvenskan,2022,14/08/2022,14:00,AIK,Varnamo,2,2,D,1.79,3.71,4.95,1.82,4,5,1.74,3.74,4.62,,,,,,,,,,,,,,
SWE,Allsvenskan,2022,14/08/2022,14:00,Djurgarden,Kalmar,3,2,H,1.75,3.79,5.15,1.78,3.88,5.15,1.74,3.69,4.74,,,,,,,,,,,,,,
SWE,Allsvenskan,2022,14/08/2022,14:00,Malmo FF,Sundsvall,3,1,H,1.12,10.34,24.49,1.14,11,28,1.1,9.8,21.43,,,,,,,,,,,,,,
SWE,Allsvenskan,2022,14/08/2022,16:30,Degerfors,Varberg,1,1,D,2,3.72,3.86,2,3.9,4.08,1.93,3.68,3.73,,,,,,,,,,,,,,
SWE,Allsvenskan,2022,14/08/2022,16:30,Elfsborg,Norrkoping,1,1,D,1.83,3.88,4.41,1.89,4.15,4.41,1.8,3.86,4.1,,,,,,,,,,,,,,
SWE,Allsvenskan,2022,15/08/2022,18:00,Hacken,Mjallby,1,0,H,1.56,4.35,6.21,1.6,4.5,6.25,1.54,4.25,5.76,,,,,,,,,,,,,,
SWE,Allsvenskan,2022,15/08/2022,18:10,Goteborg,Hammarby,0,1,A,4.18,3.93,1.87,4.25,4,1.92,3.99,3.73,1.85,,,,,,,,,,,,,,
SWE,Allsvenskan,2022,20/08/2022,14:00,Varberg,Djurgarden,2,2,D,5.57,3.64,1.74,6,3.88,1.75,5.15,3.64,1.7,,,,,,,,,,,,,,
SWE,Allsvenskan,2022,21/08/2022,14:00,Mjallby,Malmo FF,1,1,D,5.4,3.9,1.7,5.51,3.9,1.74,5.18,3.71,1.68,,,,,,,,,,,,,,
SWE,Allsvenskan,2022,21/08/2022,14:00,Varnamo,Elfsborg,1,1,D,3.54,3.88,2.05,3.59,3.9,2.07,3.45,3.73,2,,,,,,,,,,,,,,
SWE,Allsvenskan,2022,21/08/2022,16:30,Norrkoping,AIK,2,4,A,2.61,3.4,2.86,2.61,3.52,3.15,2.43,3.32,2.88,,,,,,,,,,,,,,
SWE,Allsvenskan,2022,21/08/2022,16:30,Sundsvall,Helsingborg,1,2,A,2.85,3.58,2.52,2.93,3.63,2.52,2.78,3.46,2.44,,,,,,,,,,,,,,
SWE,Allsvenskan,2022,22/08/2022,18:00,Kalmar,Goteborg,1,0,H,2.19,3.41,3.59,2.2,3.53,3.81,2.1,3.36,3.53,,,,,,,,,,,,,,
SWE,Allsvenskan,2022,22/08/2022,18:00,Sirius,Hacken,0,1,A,4.13,4.26,1.81,4.2,4.45,1.81,3.98,4.2,1.76,,,,,,,,,,,,,,
SWE,Allsvenskan,2022,22/08/2022,18:10,Hammarby,Degerfors,5,1,H,1.19,8.15,14.25,1.2,8.15,17,1.18,7.56,13.9,,,,,,,,,,,,,,
SWE,Allsvenskan,2022,27/08/2022,14:00,Hacken,Varnamo,4,1,H,1.34,5.97,8.61,1.4,5.97,9,1.33,5.56,7.78,,,,,,,,,,,,,,
SWE,Allsvenskan,2022,27/08/2022,16:30,Degerfors,Sundsvall,3,1,H,1.48,4.79,6.71,1.58,4.85,6.71,1.48,4.63,6.1,,,,,,,,,,,,,,
SWE,Allsvenskan,2022,28/08/2022,14:00,AIK,Hammarby,2,2,D,3.03,3.5,2.43,3.03,3.6,2.43,2.92,3.48,2.34,,,,,,,,,,,,,,
SWE,Allsvenskan,2022,28/08/2022,14:00,Goteborg,Sirius,2,0,H,1.93,3.65,4.24,1.96,3.75,4.5,1.88,3.56,4.07,,,,,,,,,,,,,,
SWE,Allsvenskan,2022,28/08/2022,14:00,Varberg,Norrkoping,1,1,D,3.51,3.58,2.16,3.67,3.58,2.25,3.37,3.41,2.13,,,,,,,,,,,,,,
SWE,Allsvenskan,2022,28/08/2022,16:30,Helsingborg,Mjallby,0,1,A,3.16,3.24,2.48,3.16,3.27,2.55,3.03,3.14,2.43,,,,,,,,,,,,,,
SWE,Allsvenskan,2022,28/08/2022,16:30,Malmo FF,Kalmar,0,1,A,1.66,3.99,5.63,1.67,4.33,6.5,1.62,3.92,5.42,,,,,,,,,,,,,,
SWE,Allsvenskan,2022,29/08/2022,18:10,Djurgarden,Elfsborg,2,1,H,1.66,4.37,5.02,1.7,4.37,5.43,1.64,4.15,4.82,,,,,,,,,,,,,,
SWE,Allsvenskan,2022,04/09/2022,14:00,Hacken,Degerfors,2,2,D,1.27,6.62,9.83,1.27,7,10.5,1.25,6.61,9.35,,,,,,,,,,,,,,
SWE,Allsvenskan,2022,04/09/2022,14:00,Sirius,Djurgarden,0,1,A,5.9,4.22,1.6,6.1,4.33,1.7,5.37,4.01,1.61,,,,,,,,,,,,,,
SWE,Allsvenskan,2022,04/09/2022,16:30,AIK,Sundsvall,4,0,H,1.23,6.6,13.93,1.26,6.6,14,1.23,6.14,11.88,,,,,,,,,,,,,,
SWE,Allsvenskan,2022,04/09/2022,16:30,Elfsborg,Malmo FF,3,2,H,2.72,3.83,2.51,2.88,3.83,2.51,2.71,3.66,2.39,,,,,,,,,,,,,,
SWE,Allsvenskan,2022,05/09/2022,18:00,Kalmar,Varberg,1,0,H,1.59,4.01,6.54,1.61,4.09,6.54,1.57,3.88,6.1,,,,,,,,,,,,,,
SWE,Allsvenskan,2022,05/09/2022,18:00,Mjallby,Goteborg,1,4,A,2.47,3.15,3.28,2.47,3.31,3.5,2.35,3.11,3.21,,,,,,,,,,,,,,
SWE,Allsvenskan,2022,05/09/2022,18:00,Varnamo,Helsingborg,3,2,H,2.18,3.5,3.53,2.22,3.54,3.8,2.12,3.33,3.49,,,,,,,,,,,,,,
SWE,Allsvenskan,2022,05/09/2022,18:10,Norrkoping,Hammarby,4,1,H,4.3,3.97,1.83,4.45,4,1.84,4.2,3.8,1.8,,,,,,,,,,,,,,
SWE,Allsvenskan,2022,10/09/2022,14:00,Sirius,Varnamo,2,3,A,2.13,3.48,3.67,2.3,3.6,3.67,2.1,3.42,3.43,,,,,,,,,,,,,,
SWE,Allsvenskan,2022,10/09/2022,16:30,Degerfors,Mjallby,0,0,D,2.96,3.44,2.5,2.96,3.55,2.51,2.82,3.37,2.44,,,,,,,,,,,,,,
SWE,Allsvenskan,2022,11/09/2022,14:00,Hammarby,Djurgarden,0,0,D,2.24,3.4,3.47,2.25,3.52,3.6,2.18,3.35,3.32,,,,,,,,,,,,,,
SWE,Allsvenskan,2022,11/09/2022,14:00,Sundsvall,Elfsborg,0,2,A,6.08,5.17,1.48,6.5,5.3,1.48,6.07,4.97,1.45,,,,,,,,,,,,,,
SWE,Allsvenskan,2022,11/09/2022,16:30,Malmo FF,Norrkoping,2,1,H,1.53,4.64,6.22,1.6,4.7,6.22,1.54,4.32,5.67,,,,,,,,,,,,,,
SWE,Allsvenskan,2022,11/09/2022,16:30,Varberg,AIK,2,0,H,4.75,3.79,1.8,4.75,3.85,1.88,4.43,3.65,1.79,,,,,,,,,,,,,,
SWE,Allsvenskan,2022,12/09/2022,18:00,Kalmar,Hacken,1,1,D,2.8,3.5,2.6,2.8,3.78,2.6,2.65,3.53,2.51,,,,,,,,,,,,,,
SWE,Allsvenskan,2022,12/09/2022,18:10,Goteborg,Helsingborg,1,3,A,1.71,3.79,5.51,1.73,3.95,5.69,1.69,3.71,5.07,,,,,,,,,,,,,,
SWE,Allsvenskan,2022,17/09/2022,14:00,Hacken,Hammarby,1,1,D,2.35,3.85,2.92,2.38,3.85,2.98,2.31,3.65,2.82,,,,,,,,,,,,,,
SWE,Allsvenskan,2022,17/09/2022,14:00,Norrkoping,Kalmar,2,2,D,3.03,3.48,2.44,3.05,3.48,2.45,2.94,3.32,2.39,,,,,,,,,,,,,,
SWE,Allsvenskan,2022,17/09/2022,16:30,Varnamo,Varberg,1,0,H,2.43,3.47,3.05,2.43,3.6,3.25,2.32,3.39,3.01,,,,,,,,,,,,,,
SWE,Allsvenskan,2022,18/09/2022,14:00,Elfsborg,Sirius,3,0,H,1.5,4.94,6.1,1.5,5,6.61,1.47,4.7,6.06,,,,,,,,,,,,,,
SWE,Allsvenskan,2022,18/09/2022,14:00,Helsingborg,Malmo FF,1,2,A,5.69,4.03,1.65,5.85,4.3,1.65,5.47,4.07,1.59,,,,,,,,,,,,,,
SWE,Allsvenskan,2022,18/09/2022,14:00,Mjallby,Sundsvall,1,1,D,1.4,4.96,8.79,1.41,5,8.79,1.38,4.73,8.14,,,,,,,,,,,,,,
SWE,Allsvenskan,2022,18/09/2022,16:30,AIK,Degerfors,1,1,D,1.42,5.14,7.49,1.44,5.14,7.5,1.41,4.85,7.15,,,,,,,,,,,,,,
SWE,Allsvenskan,2022,18/09/2022,16:30,Djurgarden,Goteborg,3,0,H,1.46,4.59,7.69,1.48,4.7,7.69,1.44,4.46,7.09,,,,,,,,,,,,,,
SWE,Allsvenskan,2022,01/10/2022,14:00,Malmo FF,Hammarby,0,0,D,2.13,3.6,3.46,2.17,3.7,3.51,2.1,3.53,3.36,,,,,,,,,,,,,,
SWE,Allsvenskan,2022,01/10/2022,16:30,Degerfors,Djurgarden,3,0,H,4.98,4.11,1.69,5.4,4.25,1.7,4.86,4.05,1.65,,,,,,,,,,,,,,
SWE,Allsvenskan,2022,02/10/2022,14:00,Sundsvall,Norrkoping,1,3,A,5.61,4.16,1.63,5.75,4.35,1.65,5.24,4.11,1.61,,,,,,,,,,,,,,
SWE,Allsvenskan,2022,02/10/2022,14:00,Varberg,Hacken,1,1,D,4.36,3.87,1.85,4.4,4.01,1.85,4.13,3.82,1.81,,,,,,,,,,,,,,
SWE,Allsvenskan,2022,02/10/2022,16:30,Kalmar,Helsingborg,2,0,H,1.58,4.18,6.23,1.61,4.2,6.3,1.56,4.04,5.92,,,,,,,,,,,,,,
SWE,Allsvenskan,2022,02/10/2022,16:30,Sirius,AIK,1,1,D,3.22,3.67,2.25,3.3,3.71,2.26,3.15,3.53,2.2,,,,,,,,,,,,,,
SWE,Allsvenskan,2022,03/10/2022,18:00,Varnamo,Mjallby,2,1,H,2.99,3.27,2.59,3,3.42,2.67,2.83,3.22,2.54,,,,,,,,,,,,,,
SWE,Allsvenskan,2022,03/10/2022,18:10,Goteborg,Elfsborg,1,3,A,3.07,3.67,2.29,3.16,3.69,2.34,3.01,3.56,2.25,,,,,,,,,,,,,,
SWE,Allsvenskan,2022,08/10/2022,14:00,Degerfors,Sirius,0,0,D,2.49,3.66,2.86,2.49,3.77,2.9,2.4,3.64,2.73,,,,,,,,,,,,,,
SWE,Allsvenskan,2022,09/10/2022,14:00,Elfsborg,Kalmar,0,2,A,1.83,3.9,4.43,1.84,3.9,4.43,1.8,3.77,4.22,,,,,,,,,,,,,,
SWE,Allsvenskan,2022,09/10/2022,14:00,Malmo FF,Varnamo,0,0,D,1.27,6.51,10.29,1.3,6.51,11,1.26,6.11,9.82,,,,,,,,,,,,,,
SWE,Allsvenskan,2022,09/10/2022,14:00,Sundsvall,Goteborg,3,2,H,4.39,3.98,1.81,4.45,4,1.83,4.18,3.87,1.79,,,,,,,,,,,,,,
SWE,Allsvenskan,2022,09/10/2022,16:30,AIK,Helsingborg,2,0,H,1.51,4.64,6.58,1.52,4.64,7,1.48,4.44,6.32,,,,,,,,,,,,,,
SWE,Allsvenskan,2022,09/10/2022,16:30,Djurgarden,Hacken,0,1,A,1.97,3.91,3.76,2.06,3.91,3.9,1.98,3.73,3.54,,,,,,,,,,,,,,
SWE,Allsvenskan,2022,10/10/2022,18:00,Norrkoping,Mjallby,2,2,D,2.1,3.42,3.86,2.1,3.55,3.9,2.05,3.33,3.73,,,,,,,,,,,,,,
SWE,Allsvenskan,2022,10/10/2022,18:10,Hammarby,Varberg,5,1,H,1.26,6.34,11.59,1.31,7,13,1.24,6.12,11.46,,,,,,,,,,,,,,
SWE,Allsvenskan,2022,14/10/2022,18:00,Elfsborg,Degerfors,1,1,D,1.47,5,6.63,1.48,5.11,6.7,1.45,4.87,6.1,,,,,,,,,,,,,,
SWE,Allsvenskan,2022,15/10/2022,14:00,Hacken,Sundsvall,4,1,H,1.13,10.17,18.78,1.15,10.17,23,1.12,9.39,17.54,,,,,,,,,,,,,,
SWE,Allsvenskan,2022,15/10/2022,14:00,Helsingborg,Varberg,1,3,A,2.27,3.5,3.33,2.29,3.55,3.35,2.22,3.4,3.18,,,,,,,,,,,,,,
SWE,Allsvenskan,2022,15/10/2022,16:30,Varnamo,Kalmar,1,3,A,3.72,3.54,2.09,3.72,3.65,2.15,3.5,3.53,2.05,,,,,,,,,,,,,,
SWE,Allsvenskan,2022,15/10/2022,16:30,Sirius,Norrkoping,2,0,H,2.18,3.46,3.57,2.34,3.58,3.57,2.14,3.41,3.38,,,,,,,,,,,,,,
SWE,Allsvenskan,2022,16/10/2022,14:00,Djurgarden,AIK,1,2,A,2.39,3.48,3.1,2.39,3.59,3.2,2.29,3.42,3.05,,,,,,,,,,,,,,
SWE,Allsvenskan,2022,16/10/2022,16:30,Mjallby,Hammarby,0,3,A,4.45,3.82,1.84,4.5,3.9,1.86,4.26,3.68,1.82,,,,,,,,,,,,,,
SWE,Allsvenskan,2022,17/10/2022,18:10,Goteborg,Malmo FF,2,1,H,4.37,3.97,1.82,4.5,4.09,1.85,4.21,3.85,1.79,,,,,,,,,,,,,,
SWE,Allsvenskan,2022,19/10/2022,18:00,Varberg,Elfsborg,0,3,A,3.58,3.79,2.06,3.6,3.81,2.15,3.45,3.65,2.03,,,,,,,,,,,,,,
SWE,Allsvenskan,2022,19/10/2022,18:00,AIK,Hacken,1,2,A,2.51,3.71,2.78,2.59,3.79,2.78,2.45,3.62,2.67,,,,,,,,,,,,,,
SWE,Allsvenskan,2022,19/10/2022,18:00,Norrkoping,Helsingborg,2,0,H,1.76,4.06,4.62,1.78,4.11,4.81,1.74,3.92,4.46,,,,,,,,,,,,,,
SWE,Allsvenskan,2022,19/10/2022,18:00,Sundsvall,Varnamo,1,2,A,2.99,3.87,2.3,3,3.87,2.35,2.89,3.71,2.26,,,,,,,,,,,,,,
SWE,Allsvenskan,2022,20/10/2022,18:00,Malmo FF,Djurgarden,2,3,A,1.97,3.67,4.03,2.08,3.7,4.06,1.95,3.53,3.83,,,,,,,,,,,,,,
SWE,Allsvenskan,2022,20/10/2022,18:00,Degerfors,Goteborg,3,1,H,2.21,3.73,3.25,2.39,3.94,3.25,2.22,3.61,3.02,,,,,,,,,,,,,,
SWE,Allsvenskan,2022,20/10/2022,18:00,Kalmar,Mjallby,1,2,A,1.71,3.68,5.78,1.74,3.8,6,1.68,3.63,5.34,,,,,,,,,,,,,,
SWE,Allsvenskan,2022,20/10/2022,18:00,Hammarby,Sirius,1,1,D,1.21,7.18,14.58,1.25,7.5,15,1.2,6.68,13.23,,,,,,,,,,,,,,
SWE,Allsvenskan,2022,23/10/2022,14:00,Elfsborg,Hammarby,2,1,H,3.55,3.94,2.03,3.6,4.08,2.19,3.42,3.83,1.99,,,,,,,,,,,,,,
SWE,Allsvenskan,2022,23/10/2022,14:00,Helsingborg,Degerfors,1,2,A,2.97,3.67,2.39,2.97,3.75,2.43,2.83,3.57,2.36,,,,,,,,,,,,,,
SWE,Allsvenskan,2022,23/10/2022,16:30,Hacken,Malmo FF,2,1,H,1.79,4.19,4.29,1.9,4.29,4.29,1.78,4.09,4,,,,,,,,,,,,,,
SWE,Allsvenskan,2022,24/10/2022,18:00,Mjallby,Varberg,4,1,H,2.34,3.49,3.2,2.34,3.6,3.2,2.27,3.41,3.09,,,,,,,,,,,,,,
SWE,Allsvenskan,2022,24/10/2022,18:00,Sirius,Kalmar,0,0,D,3.63,3.49,2.14,3.7,3.55,2.34,3.42,3.42,2.12,,,,,,,,,,,,,,
SWE,Allsvenskan,2022,24/10/2022,18:00,Varnamo,Norrkoping,1,1,D,3.29,3.75,2.19,3.29,3.75,2.32,3.08,3.62,2.19,,,,,,,,,,,,,,
SWE,Allsvenskan,2022,24/10/2022,18:10,Djurgarden,Sundsvall,4,0,H,1.13,9.98,20.02,1.15,10.5,26,1.12,9.31,19.36,,,,,,,,,,,,,,
SWE,Allsvenskan,2022,24/10/2022,18:10,Goteborg,AIK,1,0,H,2.97,3.6,2.42,2.97,3.6,2.42,2.89,3.47,2.36,,,,,,,,,,,,,,
SWE,Allsvenskan,2022,29/10/2022,14:00,Degerfors,Varnamo,0,0,D,1.72,4.09,4.84,1.76,4.15,4.84,1.72,3.95,4.49,,,,,,,,,,,,,,
SWE,Allsvenskan,2022,30/10/2022,14:00,Goteborg,Hacken,0,4,A,4.23,3.85,1.88,4.3,3.96,2.05,3.94,3.73,1.87,,,,,,,,,,,,,,
SWE,Allsvenskan,2022,30/10/2022,14:00,Mjallby,AIK,1,2,A,3.43,3.51,2.22,3.55,3.54,2.22,3.37,3.41,2.14,,,,,,,,,,,,,,
SWE,Allsvenskan,2022,30/10/2022,14:00,Sundsvall,Sirius,2,3,A,3.94,3.9,1.93,4.4,4.06,1.93,3.83,3.86,1.87,,,,,,,,,,,,,,
SWE,Allsvenskan,2022,30/10/2022,16:30,Hammarby,Kalmar,4,2,H,1.68,4.01,5.39,1.7,4.39,5.5,1.65,3.92,5.15,,,,,,,,,,,,,,
SWE,Allsvenskan,2022,30/10/2022,16:30,Varberg,Malmo FF,2,5,A,2.65,3.52,2.74,2.75,3.69,2.74,2.61,3.44,2.6,,,,,,,,,,,,,,
SWE,Allsvenskan,2022,31/10/2022,18:00,Elfsborg,Helsingborg,3,0,H,1.36,5.92,7.98,1.36,5.92,9.05,1.33,5.55,8.1,,,,,,,,,,,,,,
SWE,Allsvenskan,2022,31/10/2022,18:10,Norrkoping,Djurgarden,0,1,A,3.55,3.64,2.12,3.59,3.83,2.13,3.38,3.56,2.08,,,,,,,,,,,,,,
SWE,Allsvenskan,2022,06/11/2022,14:00,AIK,Elfsborg,0,1,A,1.9,3.9,4.03,2.02,3.95,4.05,1.89,3.75,3.78,,,,,,,,,,,,,,
SWE,Allsvenskan,2022,06/11/2022,14:00,Djurgarden,Mjallby,0,1,A,1.59,4.53,5.49,1.62,4.6,6,1.55,4.37,5.4,,,,,,,,,,,,,,
SWE,Allsvenskan,2022,06/11/2022,14:00,Hacken,Norrkoping,3,3,D,1.63,4.7,4.93,1.71,4.7,5.15,1.64,4.44,4.51,,,,,,,,,,,,,,
SWE,Allsvenskan,2022,06/11/2022,14:00,Helsingborg,Hammarby,0,2,A,6.61,4.87,1.49,7.2,5,1.5,6.33,4.79,1.45,,,,,,,,,,,,,,
SWE,Allsvenskan,2022,06/11/2022,14:00,Kalmar,Sundsvall,4,0,H,1.11,10.62,29.08,1.13,11,31,1.1,9.63,23.81,,,,,,,,,,,,,,
SWE,Allsvenskan,2022,06/11/2022,14:00,Malmo FF,Degerfors,2,2,D,1.67,4.52,4.79,1.69,4.56,5,1.64,4.32,4.59,,,,,,,,,,,,,,
SWE,Allsvenskan,2022,06/11/2022,14:00,Sirius,Varberg,2,3,A,2.61,3.98,2.54,2.61,3.98,2.6,2.52,3.75,2.52,,,,,,,,,,,,,,
SWE,Allsvenskan,2022,06/11/2022,14:00,Varnamo,Goteborg,1,4,A,3.05,3.83,2.28,3.05,3.9,2.81,2.91,3.71,2.24,,,,,,,,,,,,,,
SWE,Allsvenskan,2022,10/11/2022,18:00,Oster,Varberg,1,2,A,2.49,3.02,3.4,2.49,3.1,3.45,2.39,2.94,3.25,,,,,,,,,,,,,,
SWE,Allsvenskan,2022,13/11/2022,14:00,Varberg,Oster,2,1,H,2.35,3.39,3.26,2.35,3.65,3.3,2.25,3.32,3.13,,,,,,,,,,,,,,
SWE,Allsvenskan,2023,01/04/2023,14:00,Malmo FF,Kalmar,1,0,H,1.63,4.11,5.76,1.68,4.33,5.8,1.62,3.97,5.28,,,,,,,,,,,,,,
SWE,Allsvenskan,2023,01/04/2023,16:30,Djurgarden,Brommapojkarna,3,1,H,1.32,5.91,9.28,1.32,6.4,11,1.28,5.7,9.78,,,,,,,,,,,,,,
SWE,Allsvenskan,2023,02/04/2023,14:00,Hammarby,Degerfors,3,1,H,1.31,6.01,9.69,1.32,6.25,11,1.29,5.66,9.75,,,,,,,,,,,,,,
SWE,Allsvenskan,2023,02/04/2023,14:00,Norrkoping,Sirius,1,1,D,1.93,3.71,4.14,1.95,4.02,4.2,1.88,3.65,3.94,,,,,,,,,,,,,,
SWE,Allsvenskan,2023,02/04/2023,16:30,Goteborg,Varnamo,0,1,A,2.04,3.61,3.82,2.06,3.7,3.95,1.98,3.53,3.7,,,,,,,,,,,,,,
SWE,Allsvenskan,2023,02/04/2023,16:30,Halmstad,AIK,2,1,H,3.26,3.19,2.46,3.69,3.4,2.46,3.27,3.16,2.29,,,,,,,,,,,,,,
SWE,Allsvenskan,2023,03/04/2023,18:00,Mjallby,Varberg,2,2,D,1.68,3.67,6.04,1.9,3.68,6.04,1.69,3.51,5.46,,,,,,,,,,,,,,
SWE,Allsvenskan,2023,03/04/2023,18:10,Elfsborg,Hacken,0,2,A,2.43,3.8,2.83,2.6,3.88,2.85,2.39,3.66,2.72,,,,,,,,,,,,,,
SWE,Allsvenskan,2023,08/04/2023,14:00,Brommapojkarna,Malmo FF,1,2,A,7.44,4.79,1.47,7.7,4.9,1.47,6.75,4.63,1.44,,,,,,,,,,,,,,
SWE,Allsvenskan,2023,08/04/2023,14:00,Degerfors,Halmstad,3,1,H,2.59,3.53,2.83,2.59,3.55,3,2.44,3.34,2.85,,,,,,,,,,,,,,
SWE,Allsvenskan,2023,09/04/2023,14:00,Hacken,Hammarby,3,1,H,2.02,3.79,3.68,2.06,3.83,3.68,2,3.67,3.5,,,,,,,,,,,,,,
SWE,Allsvenskan,2023,09/04/2023,16:30,Kalmar,Goteborg,2,0,H,2.05,3.38,4.03,2.08,3.53,4.3,1.99,3.32,3.93,,,,,,,,,,,,,,
SWE,Allsvenskan,2023,09/04/2023,16:30,Sirius,Djurgarden,0,0,D,3.73,3.62,2.05,3.83,3.67,2.07,3.66,3.5,2,,,,,,,,,,,,,,
SWE,Allsvenskan,2023,10/04/2023,12:00,Varnamo,Mjallby,0,1,A,2.94,3.25,2.63,2.96,3.31,2.65,2.83,3.18,2.54,,,,,,,,,,,,,,
SWE,Allsvenskan,2023,10/04/2023,14:00,AIK,Norrkoping,0,3,A,1.72,3.81,5.11,1.75,4,5.4,1.7,3.76,4.9,,,,,,,,,,,,,,
SWE,Allsvenskan,2023,10/04/2023,14:00,Varberg,Elfsborg,0,0,D,4.96,3.86,1.72,5.15,4.05,1.78,4.76,3.82,1.7,,,,,,,,,,,,,,
SWE,Allsvenskan,2023,15/04/2023,14:00,Elfsborg,Brommapojkarna,5,0,H,1.38,5.62,7.77,1.4,6,8.8,1.35,5.37,7.77,,,,,,,,,,,,,,
SWE,Allsvenskan,2023,15/04/2023,16:30,Hacken,Kalmar,1,3,A,1.67,4.15,5.3,1.68,4.33,5.3,1.64,4.05,4.98,,,,,,,,,,,,,,
SWE,Allsvenskan,2023,16/04/2023,14:00,AIK,Hammarby,2,0,H,2.99,3.16,2.65,3,3.34,2.72,2.85,3.12,2.58,,,,,,,,,,,,,,
SWE,Allsvenskan,2023,16/04/2023,14:00,Norrkoping,Varnamo,2,1,H,1.72,3.96,5.04,1.74,4,5.1,1.7,3.82,4.8,,,,,,,,,,,,,,
SWE,Allsvenskan,2023,16/04/2023,16:30,Halmstad,Djurgarden,2,0,H,3.79,3.4,2.13,3.89,3.55,2.16,3.6,3.37,2.07,,,,,,,,,,,,,,
SWE,Allsvenskan,2023,16/04/2023,16:30,Mjallby,Degerfors,2,0,H,1.83,3.73,4.65,1.88,3.75,4.65,1.82,3.57,4.31,,,,,,,,,,,,,,
SWE,Allsvenskan,2023,17/04/2023,18:00,Varberg,Sirius,1,1,D,3.58,3.37,2.21,3.73,3.37,2.23,3.53,3.23,2.14,,,,,,,,,,,,,,
SWE,Allsvenskan,2023,17/04/2023,18:10,Goteborg,Malmo FF,0,1,A,4.67,3.94,1.78,5.15,3.94,1.8,4.61,3.74,1.74,,,,,,,,,,,,,,
SWE,Allsvenskan,2023,22/04/2023,14:00,Hammarby,Varberg,2,0,H,1.3,5.87,10.94,1.33,6,12,1.28,5.5,10.44,,,,,,,,,,,,,,
SWE,Allsvenskan,2023,22/04/2023,16:30,Degerfors,Elfsborg,1,2,A,3.68,3.76,2.04,3.72,3.95,2.08,3.51,3.67,2,,,,,,,,,,,,,,
SWE,Allsvenskan,2023,23/04/2023,14:00,Djurgarden,Goteborg,1,0,H,1.53,4.4,6.6,1.55,4.6,7.5,1.5,4.3,6.41,,,,,,,,,,,,,,
SWE,Allsvenskan,2023,23/04/2023,14:00,Kalmar,Halmstad,2,0,H,1.79,3.48,5.42,1.9,3.62,5.42,1.75,3.48,4.98,,,,,,,,,,,,,,
SWE,Allsvenskan,2023,23/04/2023,16:30,Sirius,Hacken,1,4,A,3.74,3.86,1.99,3.75,3.86,2.12,3.46,3.67,2.01,,,,,,,,,,,,,,
SWE,Allsvenskan,2023,24/04/2023,18:00,Brommapojkarna,Mjallby,2,0,H,3.16,3.34,2.43,3.2,3.37,2.54,3.03,3.24,2.38,,,,,,,,,,,,,,
SWE,Allsvenskan,2023,24/04/2023,18:00,Varnamo,AIK,1,0,H,4.16,3.37,2.03,4.33,3.47,2.05,4.09,3.3,1.96,,,,,,,,,,,,,,
SWE,Allsvenskan,2023,24/04/2023,18:10,Malmo FF,Norrkoping,3,0,H,1.47,4.71,7.11,1.49,4.75,7.2,1.45,4.49,6.83,,,,,,,,,,,,,,
SWE,Allsvenskan,2023,29/04/2023,14:00,AIK,Sirius,0,0,D,1.99,3.57,4.04,2.01,4,4.75,1.91,3.54,3.99,,,,,,,,,,,,,,
SWE,Allsvenskan,2023,29/04/2023,14:00,Mjallby,Elfsborg,0,1,A,3.51,3.45,2.21,3.6,3.48,2.43,3.25,3.3,2.22,,,,,,,,,,,,,,
SWE,Allsvenskan,2023,29/04/2023,16:30,Hacken,Varnamo,3,1,H,1.3,5.71,10.38,1.33,6.05,11.5,1.28,5.68,9.85,,,,,,,,,,,,,,
SWE,Allsvenskan,2023,29/04/2023,16:30,Halmstad,Brommapojkarna,0,2,A,2.15,3.5,3.6,2.16,3.91,4.5,2.03,3.46,3.63,,,,,,,,,,,,,,
SWE,Allsvenskan,2023,30/04/2023,14:00,Malmo FF,Hammarby,4,2,H,1.78,3.71,5.07,1.79,3.9,5.07,1.74,3.69,4.72,,,,,,,,,,,,,,
SWE,Allsvenskan,2023,30/04/2023,14:00,Varberg,Kalmar,0,0,D,3.81,3.27,2.18,3.95,3.36,2.24,3.66,3.2,2.12,,,,,,,,,,,,,,
SWE,Allsvenskan,2023,30/04/2023,16:30,Degerfors,Djurgarden,2,1,H,3.88,3.74,1.99,4.1,3.85,2,3.82,3.62,1.93,,,,,,,,,,,,,,
SWE,Allsvenskan,2023,01/05/2023,14:00,Goteborg,Norrkoping,1,1,D,2.37,3.43,3.18,2.55,3.52,3.29,2.31,3.32,3.07,,,,,,,,,,,,,,
SWE,Allsvenskan,2023,03/05/2023,18:00,Elfsborg,Halmstad,6,1,H,1.45,4.74,7.7,1.49,4.8,8.2,1.44,4.48,7.16,,,,,,,,,,,,,,
SWE,Allsvenskan,2023,03/05/2023,18:00,Hacken,Djurgarden,4,1,H,1.88,3.96,4.09,1.91,4,4.4,1.84,3.81,3.99,,,,,,,,,,,,,,
SWE,Allsvenskan,2023,03/05/2023,18:00,Kalmar,Sirius,2,2,D,2.01,3.41,4.21,2.02,3.53,4.59,1.95,3.35,4.03,,,,,,,,,,,,,,
SWE,Allsvenskan,2023,03/05/2023,18:00,Mjallby,AIK,0,0,D,2.98,3.04,2.79,2.98,3.12,2.87,2.76,2.99,2.77,,,,,,,,,,,,,,
SWE,Allsvenskan,2023,04/05/2023,18:00,Goteborg,Degerfors,6,0,H,1.79,3.96,4.56,1.92,4,4.7,1.76,3.82,4.39,,,,,,,,,,,,,,
SWE,Allsvenskan,2023,04/05/2023,18:00,Norrkoping,Hammarby,2,0,H,3.2,3.42,2.37,3.28,3.49,2.38,3.14,3.3,2.29,,,,,,,,,,,,,,
SWE,Allsvenskan,2023,04/05/2023,18:00,Varberg,Malmo FF,0,6,A,8,4.47,1.47,8,4.79,1.49,7.29,4.39,1.44,,,,,,,,,,,,,,
SWE,Allsvenskan,2023,04/05/2023,18:00,Varnamo,Brommapojkarna,0,1,A,1.99,3.51,4.15,2.04,3.62,4.15,1.97,3.43,3.87,,,,,,,,,,,,,,
SWE,Allsvenskan,2023,07/05/2023,14:00,Malmo FF,AIK,3,1,H,1.53,4.22,6.89,1.56,4.4,7.3,1.5,4.15,6.55,,,,,,,,,,,,,,
SWE,Allsvenskan,2023,07/05/2023,16:30,Halmstad,Hacken,1,0,H,6.4,4.79,1.5,7,4.79,1.58,6.1,4.52,1.49,,,,,,,,,,,,,,
SWE,Allsvenskan,2023,08/05/2023,18:00,Brommapojkarna,Goteborg,0,0,D,2.87,3.66,2.47,2.92,3.67,2.55,2.8,3.46,2.42,,,,,,,,,,,,,,
SWE,Allsvenskan,2023,08/05/2023,18:00,Degerfors,Norrkoping,0,2,A,2.87,3.47,2.56,2.87,3.5,2.6,2.74,3.39,2.5,,,,,,,,,,,,,,
SWE,Allsvenskan,2023,08/05/2023,18:00,Sirius,Elfsborg,3,4,A,3.36,3.77,2.15,3.69,3.78,2.25,3.21,3.6,2.14,,,,,,,,,,,,,,
SWE,Allsvenskan,2023,08/05/2023,18:10,Djurgarden,Kalmar,3,1,H,1.8,3.69,4.9,1.85,3.9,5.2,1.76,3.6,4.83,,,,,,,,,,,,,,
SWE,Allsvenskan,2023,09/05/2023,18:00,Hammarby,Mjallby,0,0,D,1.69,3.85,5.54,1.74,3.97,5.75,1.67,3.74,5.26,,,,,,,,,,,,,,
SWE,Allsvenskan,2023,09/05/2023,18:00,Varnamo,Varberg,3,1,H,1.79,3.53,5.33,1.84,3.61,5.5,1.76,3.41,5.06,,,,,,,,,,,,,,
SWE,Allsvenskan,2023,13/05/2023,14:00,Hacken,Degerfors,6,1,H,1.21,7.72,11.99,1.24,7.95,13,1.2,7.22,11.45,,,,,,,,,,,,,,
SWE,Allsvenskan,2023,13/05/2023,16:30,Varberg,Norrkoping,1,3,A,3.18,3.31,2.43,3.25,3.49,2.47,3.08,3.19,2.37,,,,,,,,,,,,,,
SWE,Allsvenskan,2023,14/05/2023,14:00,Elfsborg,Varnamo,2,0,H,1.51,4.58,6.34,1.54,4.7,6.5,1.5,4.43,5.98,,,,,,,,,,,,,,
SWE,Allsvenskan,2023,14/05/2023,14:00,Hammarby,Djurgarden,4,3,H,2.48,3.4,3.02,2.6,3.5,3.02,2.43,3.35,2.86,,,,,,,,,,,,,,
SWE,Allsvenskan,2023,14/05/2023,14:00,Mjallby,Sirius,3,0,H,2.59,3.13,3.11,2.6,3.26,3.26,2.49,3.09,3,,,,,,,,,,,,,,
SWE,Allsvenskan,2023,14/05/2023,16:30,Halmstad,Malmo FF,0,1,A,7.71,4.58,1.46,7.71,4.76,1.49,7.03,4.41,1.45,,,,,,,,,,,,,,
SWE,Allsvenskan,2023,14/05/2023,16:30,Kalmar,Brommapojkarna,1,3,A,1.74,3.73,5.38,1.79,3.86,5.38,1.72,3.62,4.95,,,,,,,,,,,,,,
SWE,Allsvenskan,2023,15/05/2023,18:10,AIK,Goteborg,2,2,D,1.72,3.73,5.55,1.88,3.75,5.55,1.72,3.57,5.16,,,,,,,,,,,,,,
SWE,Allsvenskan,2023,20/05/2023,14:00,Degerfors,AIK,2,1,H,3.86,3.67,2.01,3.86,3.67,2.11,3.6,3.49,2.03,,,,,,,,,,,,,,
SWE,Allsvenskan,2023,21/05/2023,14:00,Brommapojkarna,Varberg,2,1,H,1.97,3.61,4.08,2.01,3.68,4.1,1.95,3.49,3.85,,,,,,,,,,,,,,
SWE,Allsvenskan,2023,21/05/2023,14:00,Djurgarden,Mjallby,2,0,H,1.6,4.02,6.31,1.61,4.15,6.75,1.56,3.93,6.09,,,,,,,,,,,,,,
SWE,Allsvenskan,2023,21/05/2023,14:00,Malmo FF,Hacken,2,2,D,1.75,4.33,4.38,1.78,4.4,4.62,1.72,4.08,4.3,,,,,,,,,,,,,,
SWE,Allsvenskan,2023,21/05/2023,16:30,Goteborg,Hammarby,1,1,D,3.01,3.39,2.5,3.05,3.55,2.56,2.91,3.3,2.42,,,,,,,,,,,,,,
SWE,Allsvenskan,2023,21/05/2023,16:30,Sirius,Halmstad,1,2,A,1.95,3.69,4.06,1.96,3.83,4.2,1.87,3.61,4.02,,,,,,,,,,,,,,
SWE,Allsvenskan,2023,22/05/2023,18:00,Varnamo,Kalmar,0,1,A,2.83,3.21,2.76,2.9,3.28,2.8,2.74,3.09,2.69,,,,,,,,,,,,,,
SWE,Allsvenskan,2023,22/05/2023,18:10,Norrkoping,Elfsborg,1,2,A,3.22,3.66,2.25,3.22,3.7,2.29,3.07,3.55,2.2,,,,,,,,,,,,,,
SWE,Allsvenskan,2023,24/05/2023,18:00,Djurgarden,Hacken,1,0,H,2.7,3.7,2.59,2.75,3.87,2.65,2.59,3.61,2.52,,,,,,,,,,,,,,
SWE,Allsvenskan,2023,25/05/2023,18:00,Degerfors,Hammarby,2,2,D,3.18,3.47,2.35,3.59,3.74,2.4,3.16,3.42,2.23,,,,,,,,,,,,,,
SWE,Allsvenskan,2023,27/05/2023,14:00,Mjallby,Halmstad,0,2,A,2,3.3,4.42,2.05,3.48,4.5,1.96,3.29,4.09,,,,,,,,,,,,,,
SWE,Allsvenskan,2023,27/05/2023,16:30,Brommapojkarna,Sirius,1,2,A,2.54,3.57,2.83,2.66,3.68,2.83,2.49,3.45,2.71,,,,,,,,,,,,,,
SWE,Allsvenskan,2023,28/05/2023,14:00,Djurgarden,AIK,1,0,H,1.88,3.57,4.57,1.95,3.69,4.8,1.83,3.5,4.4,,,,,,,,,,,,,,
SWE,Allsvenskan,2023,28/05/2023,14:00,Kalmar,Norrkoping,2,1,H,2.27,3.33,3.48,2.28,3.38,3.5,2.22,3.22,3.35,,,,,,,,,,,,,,
SWE,Allsvenskan,2023,28/05/2023,16:30,Elfsborg,Malmo FF,3,0,H,2.65,3.7,2.63,2.69,3.72,2.66,2.61,3.54,2.54,,,,,,,,,,,,,,
SWE,Allsvenskan,2023,29/05/2023,18:00,Degerfors,Varberg,1,1,D,1.63,4.27,5.15,1.9,4.41,5.5,1.64,4.09,4.98,,,,,,,,,,,,,,
SWE,Allsvenskan,2023,29/05/2023,18:00,Hammarby,Varnamo,0,2,A,1.73,4.06,4.86,1.74,4.2,5.43,1.68,3.92,4.77,,,,,,,,,,,,,,
SWE,Allsvenskan,2023,29/05/2023,18:10,Hacken,Goteborg,4,1,H,1.42,5.34,7.12,1.47,5.34,7.2,1.41,4.97,6.65,,,,,,,,,,,,,,
SWE,Allsvenskan,2023,03/06/2023,14:00,Goteborg,Mjallby,0,1,A,2.03,3.4,4.15,2.07,3.5,4.21,2,3.34,3.88,,,,,,,,,,,,,,
SWE,Allsvenskan,2023,03/06/2023,16:30,Norrkoping,Brommapojkarna,0,2,A,1.96,3.81,3.88,2.01,4.06,3.91,1.93,3.69,3.73,,,,,,,,,,,,,,
SWE,Allsvenskan,2023,04/06/2023,14:00,AIK,Kalmar,1,1,D,2.23,3.13,3.85,2.24,3.23,4.02,2.18,3.06,3.65,,,,,,,,,,,,,,
SWE,Allsvenskan,2023,04/06/2023,14:00,Halmstad,Hammarby,0,0,D,3.19,3.38,2.39,3.23,3.41,2.41,3.08,3.28,2.33,,,,,,,,,,,,,,
SWE,Allsvenskan,2023,04/06/2023,16:30,Elfsborg,Djurgarden,1,1,D,1.84,3.82,4.46,2.1,3.85,4.46,1.88,3.64,3.96,,,,,,,,,,,,,,
SWE,Allsvenskan,2023,04/06/2023,16:30,Sirius,Varnamo,2,0,H,1.92,3.8,4.09,1.98,3.85,4.12,1.91,3.64,3.83,,,,,,,,,,,,,,
SWE,Allsvenskan,2023,05/06/2023,18:00,Varberg,Hacken,0,2,A,6.86,4.97,1.46,8.04,5.12,1.48,6.44,4.79,1.44,,,,,,,,,,,,,,
SWE,Allsvenskan,2023,05/06/2023,18:10,Malmo FF,Degerfors,5,0,H,1.25,6.98,10.59,1.27,7.2,13.6,1.24,6.39,10.94,,,,,,,,,,,,,,
SWE,Allsvenskan,2023,09/06/2023,18:00,Hammarby,Brommapojkarna,2,1,H,1.6,4.29,5.74,1.67,4.33,6.57,1.6,4.08,5.29,,,,,,,,,,,,,,
SWE,Allsvenskan,2023,10/06/2023,14:00,Kalmar,Degerfors,2,1,H,1.65,4.11,5.48,1.7,4.11,5.48,1.65,3.91,5.09,,,,,,,,,,,,,,
SWE,Allsvenskan,2023,10/06/2023,14:00,Varnamo,Malmo FF,1,3,A,5.47,3.91,1.69,6.09,4.29,1.7,5.28,3.88,1.64,,,,,,,,,,,,,,
SWE,Allsvenskan,2023,10/06/2023,16:30,Varberg,Halmstad,1,2,A,2.88,3.08,2.83,2.88,3.26,2.83,2.76,3.04,2.71,,,,,,,,,,,,,,
SWE,Allsvenskan,2023,11/06/2023,14:00,AIK,Elfsborg,1,2,A,4.16,3.65,1.94,4.35,3.74,2.02,3.88,3.53,1.93,,,,,,,,,,,,,,
SWE,Allsvenskan,2023,11/06/2023,14:00,Sirius,Goteborg,2,0,H,2.17,3.75,3.34,2.19,3.78,3.61,2.11,3.57,3.28,,,,,,,,,,,,,,
SWE,Allsvenskan,2023,11/06/2023,16:30,Djurgarden,Norrkoping,2,2,D,1.55,4.33,6.4,1.57,4.5,6.75,1.52,4.2,6.2,,,,,,,,,,,,,,
SWE,Allsvenskan,2023,11/06/2023,16:30,Hacken,Mjallby,3,0,H,1.4,5.3,7.63,1.43,5.3,7.63,1.39,4.96,7.15,,,,,,,,,,,,,,
SWE,Allsvenskan,2023,01/07/2023,14:00,Brommapojkarna,AIK,0,2,A,3.26,3.45,2.32,3.3,3.51,2.38,3.17,3.36,2.24,,,,,,,,,,,,,,
SWE,Allsvenskan,2023,01/07/2023,14:00,Degerfors,Varnamo,0,2,A,2.71,3.45,2.71,2.71,3.53,3.09,2.54,3.36,2.71,,,,,,,,,,,,,,
SWE,Allsvenskan,2023,01/07/2023,16:30,Malmo FF,Sirius,3,0,H,1.31,5.97,9.96,1.35,6.2,11,1.3,5.63,9.04,,,,,,,,,,,,,,
SWE,Allsvenskan,2023,02/07/2023,14:00,Halmstad,Goteborg,0,0,D,2.35,3.32,3.33,2.41,3.38,3.5,2.33,3.23,3.14,,,,,,,,,,,,,,
SWE,Allsvenskan,2023,02/07/2023,14:00,Norrkoping,Hacken,2,2,D,5.14,4.69,1.6,5.15,4.7,1.71,4.82,4.4,1.6,,,,,,,,,,,,,,
SWE,Allsvenskan,2023,02/07/2023,16:30,Djurgarden,Varberg,2,0,H,1.23,6.7,14.01,1.27,7,17,1.23,6.18,12.67,,,,,,,,,,,,,,
SWE,Allsvenskan,2023,03/07/2023,18:00,Elfsborg,Hammarby,2,0,H,1.56,4.49,5.93,1.65,4.6,6.47,1.54,4.31,5.63,,,,,,,,,,,,,,
SWE,Allsvenskan,2023,03/07/2023,18:00,Mjallby,Kalmar,1,1,D,2.87,2.96,2.94,2.88,3.05,2.97,2.73,2.93,2.83,,,,,,,,,,,,,,
SWE,Allsvenskan,2023,08/07/2023,14:00,AIK,Hacken,1,2,A,3.13,3.52,2.35,3.25,3.75,2.37,3.03,3.49,2.26,,,,,,,,,,,,,,
SWE,Allsvenskan,2023,08/07/2023,14:00,Varnamo,Djurgarden,1,2,A,3.49,3.38,2.24,3.56,3.47,2.25,3.33,3.32,2.19,,,,,,,,,,,,,,
SWE,Allsvenskan,2023,08/07/2023,16:30,Brommapojkarna,Degerfors,1,2,A,1.66,4.28,5.13,1.7,4.33,5.24,1.65,4.09,4.78,,,,,,,,,,,,,,
SWE,Allsvenskan,2023,09/07/2023,14:00,Malmo FF,Mjallby,1,2,A,1.35,5.33,9.82,1.37,5.6,10.3,1.33,5,9.32,,,,,,,,,,,,,,
SWE,Allsvenskan,2023,09/07/2023,14:00,Sirius,Hammarby,1,2,A,2.92,3.59,2.46,3.13,3.65,2.48,2.86,3.48,2.38,,,,,,,,,,,,,,
SWE,Allsvenskan,2023,09/07/2023,16:30,Kalmar,Elfsborg,0,4,A,3.83,3.6,2.04,3.89,3.75,2.15,3.53,3.5,2.04,,,,,,,,,,,,,,
SWE,Allsvenskan,2023,10/07/2023,18:00,Goteborg,Varberg,1,2,A,1.72,3.76,5.4,1.8,4.11,5.75,1.68,3.73,5.12,,,,,,,,,,,,,,
SWE,Allsvenskan,2023,10/07/2023,18:00,Norrkoping,Halmstad,1,2,A,2.09,3.48,3.9,2.11,3.69,3.9,2.04,3.42,3.63,,,,,,,,,,,,,,
SWE,Allsvenskan,2023,15/07/2023,14:00,Halmstad,Varnamo,2,2,D,2.65,3.03,2.92,2.73,3.28,3.05,2.54,3.12,2.89,,,,,,,,,,,,,,
SWE,Allsvenskan,2023,15/07/2023,16:30,Degerfors,Sirius,0,3,A,2.74,3.59,2.61,2.86,3.7,2.62,2.65,3.52,2.52,,,,,,,,,,,,,,
SWE,Allsvenskan,2023,15/07/2023,16:30,Hacken,Brommapojkarna,4,2,H,1.34,6,8.41,1.37,6,8.5,1.33,5.57,7.76,,,,,,,,,,,,,,
SWE,Allsvenskan,2023,16/07/2023,14:00,Elfsborg,Goteborg,1,1,D,1.37,5.44,8.41,1.39,5.6,8.82,1.35,5.11,8.09,,,,,,,,,,,,,,
SWE,Allsvenskan,2023,16/07/2023,14:00,Hammarby,Kalmar,3,1,H,1.69,4.08,5.17,1.72,4.2,5.3,1.67,3.91,4.89,,,,,,,,,,,,,,
SWE,Allsvenskan,2023,16/07/2023,16:30,Mjallby,Norrkoping,1,2,A,2.23,3.3,3.61,2.26,3.35,3.76,2.18,3.22,3.45,,,,,,,,,,,,,,
SWE,Allsvenskan,2023,17/07/2023,18:00,Djurgarden,Malmo FF,2,0,H,2.58,3.39,2.9,2.61,3.52,2.91,2.48,3.35,2.78,,,,,,,,,,,,,,
SWE,Allsvenskan,2023,17/07/2023,18:00,Varberg,AIK,1,2,A,4.02,3.47,2.03,4.24,3.51,2.06,3.95,3.37,1.98,,,,,,,,,,,,,,
SWE,Allsvenskan,2023,21/07/2023,18:00,Brommapojkarna,Hammarby,1,0,H,3.09,3.58,2.36,3.12,3.69,2.45,2.96,3.52,2.29,,,,,,,,,,,,,,
SWE,Allsvenskan,2023,22/07/2023,14:00,Djurgarden,Elfsborg,0,4,A,2.24,3.58,3.3,2.3,3.6,3.3,2.23,3.46,3.12,,,,,,,,,,,,,,
SWE,Allsvenskan,2023,22/07/2023,16:30,Varnamo,Hacken,1,0,H,4.83,4.41,1.68,4.83,4.41,1.76,4.47,4.19,1.68,,,,,,,,,,,,,,
SWE,Allsvenskan,2023,23/07/2023,14:00,AIK,Malmo FF,0,0,D,3.13,3.31,2.46,3.23,3.45,2.46,3.05,3.25,2.36,,,,,,,3,13,0,3,10,12,3,9
SWE,Allsvenskan,2023,23/07/2023,14:00,Norrkoping,Degerfors,1,0,H,1.75,4.2,4.57,1.76,4.4,5.01,1.7,4.06,4.5,,,,,,,,,,,,,,
SWE,Allsvenskan,2023,23/07/2023,16:30,Goteborg,Halmstad,0,0,D,2.06,3.42,3.99,2.23,3.5,3.99,2.06,3.34,3.68,,,,,,,,,,,,,,
SWE,Allsvenskan,2023,23/07/2023,16:30,Kalmar,Varberg,1,0,H,1.88,3.57,4.59,1.92,3.7,4.8,1.86,3.46,4.33,,,,,,,,,,,,,,
SWE,Allsvenskan,2023,24/07/2023,18:00,Sirius,Mjallby,2,3,A,2.35,3.35,3.3,2.35,3.53,3.3,2.25,3.3,3.21,,,,,,,,,,,,,,
SWE,Allsvenskan,2023,29/07/2023,14:00,Hacken,Elfsborg,3,1,H,2.29,4.04,2.91,2.4,4.1,2.95,2.27,3.84,2.78,,,,,,,,,,,,,,
SWE,Allsvenskan,2023,29/07/2023,16:30,Degerfors,Brommapojkarna,2,0,H,2.94,3.68,2.4,3.05,3.83,2.41,2.87,3.59,2.31,,,,,,,,,,,,,,
SWE,Allsvenskan,2023,29/07/2023,19:00,Halmstad,Varberg,0,5,A,2.03,3.37,4.16,2.1,3.52,4.16,2.02,3.34,3.75,,,,,,,,,,,,,,
SWE,Allsvenskan,2023,30/07/2023,14:00,Hammarby,Norrkoping,2,1,H,2.01,3.7,3.84,2.06,3.91,4,1.99,3.56,3.61,,,,,,,,,,,,,,
SWE,Allsvenskan,2023,30/07/2023,14:00,Mjallby,Djurgarden,0,1,A,3.56,3.2,2.3,3.56,3.36,2.4,3.31,3.17,2.26,,,,,,,,,,,,,,
SWE,Allsvenskan,2023,30/07/2023,16:30,Goteborg,Kalmar,2,0,H,2.3,3.2,3.56,2.34,3.37,3.6,2.22,3.19,3.36,,,,,,,,,,,,,,
SWE,Allsvenskan,2023,31/07/2023,18:00,Malmo FF,Varnamo,3,1,H,1.33,5.65,9.94,1.35,6,10.3,1.31,5.32,9.28,,,,,,,,,,,,,,
SWE,Allsvenskan,2023,31/07/2023,18:00,Sirius,AIK,0,1,A,3.51,3.59,2.15,3.53,3.7,2.35,3.23,3.48,2.16,,,,,,,,,,,,,,
SWE,Allsvenskan,2023,05/08/2023,14:00,Brommapojkarna,Varnamo,0,2,A,2.28,3.56,3.25,2.29,3.65,3.29,2.21,3.49,3.12,,,,,,,,,,,,,,
SWE,Allsvenskan,2023,06/08/2023,14:00,Elfsborg,Sirius,1,0,H,1.31,6.08,9.46,1.37,6.08,9.5,1.32,5.54,8.39,,,,,,,,,,,,,,
SWE,Allsvenskan,2023,06/08/2023,14:00,Kalmar,AIK,1,1,D,3.41,3.09,2.44,3.41,3.3,2.47,3.18,3.11,2.35,,,,,,,,,,,,,,
SWE,Allsvenskan,2023,07/08/2023,18:00,Malmo FF,Halmstad,3,0,H,1.32,5.71,9.78,1.35,5.9,11,1.31,5.38,9.26,,,,,,,,,,,,,,
SWE,Allsvenskan,2023,07/08/2023,18:00,Norrkoping,Goteborg,3,0,H,2.3,3.37,3.37,2.34,3.48,3.57,2.22,3.31,3.26,,,,,,,,,,,,,,
SWE,Allsvenskan,2023,07/08/2023,18:00,Varberg,Mjallby,0,3,A,3.06,3.07,2.66,3.06,3.45,2.69,2.88,3.08,2.58,,,,,,,,,,,,,,
SWE,Allsvenskan,2023,12/08/2023,14:00,AIK,Brommapojkarna,2,2,D,1.68,4.26,5.01,1.74,4.26,5.25,1.68,3.94,4.76,,,,,,,,,,,,,,
SWE,Allsvenskan,2023,13/08/2023,14:00,Goteborg,Djurgarden,2,1,H,3.66,3.27,2.22,3.75,3.43,2.25,3.49,3.23,2.16,,,,,,,,,,,,,,
SWE,Allsvenskan,2023,13/08/2023,14:00,Sirius,Kalmar,3,0,H,2.08,3.66,3.64,2.14,3.7,3.64,2.05,3.53,3.45,,,,,,,,,,,,,,
SWE,Allsvenskan,2023,13/08/2023,16:30,Hacken,Varberg,2,0,H,1.32,6.37,8.36,1.35,6.6,8.75,1.31,5.85,8,,,,,,,,,,,,,,
SWE,Allsvenskan,2023,13/08/2023,16:30,Halmstad,Norrkoping,1,3,A,2.54,3.33,2.97,2.6,3.4,3.06,2.46,3.24,2.89,,,,,,,,,,,,,,
SWE,Allsvenskan,2023,13/08/2023,16:30,Hammarby,Elfsborg,1,0,H,3.26,3.48,2.3,3.35,3.64,2.31,3.15,3.44,2.22,,,,,,,,,,,,,,
SWE,Allsvenskan,2023,14/08/2023,18:00,Mjallby,Malmo FF,1,0,H,4.71,3.71,1.83,4.8,3.81,1.85,4.47,3.59,1.79,,,,,,,,,,,,,,
SWE,Allsvenskan,2023,14/08/2023,18:00,Varnamo,Degerfors,0,1,A,1.86,3.94,4.22,1.87,4.1,4.75,1.77,3.83,4.29,,,,,,,,,,,,,,
SWE,Allsvenskan,2023,19/08/2023,14:00,Brommapojkarna,Halmstad,3,1,H,2.01,3.67,3.86,2.03,3.77,3.94,1.97,3.56,3.71,,,,,,,,,,,,,,
SWE,Allsvenskan,2023,19/08/2023,14:00,Degerfors,Goteborg,1,2,A,3.07,3.47,2.41,3.1,3.6,2.47,2.91,3.41,2.36,,,,,,,,,,,,,,
SWE,Allsvenskan,2023,19/08/2023,16:30,Varberg,Varnamo,0,3,A,3.17,3.37,2.41,3.23,3.4,2.45,3.03,3.27,2.36,,,,,,,,,,,,,,
SWE,Allsvenskan,2023,20/08/2023,14:00,Hacken,Sirius,3,2,H,1.53,5.16,5.49,1.53,5.2,5.83,1.5,4.87,5.38,,,,,,,,,,,,,,
SWE,Allsvenskan,2023,20/08/2023,14:00,Malmo FF,Djurgarden,0,0,D,1.59,4.23,6.07,1.6,4.33,6.2,1.56,4.12,5.68,,,,,,,,,,,,,,
SWE,Allsvenskan,2023,20/08/2023,16:30,Elfsborg,Mjallby,2,0,H,1.49,4.51,7.11,1.52,4.6,7.6,1.48,4.32,6.68,,,,,,,,,,,,,,
SWE,Allsvenskan,2023,20/08/2023,16:30,Kalmar,Hammarby,0,0,D,2.81,3.3,2.71,2.95,3.36,2.74,2.8,3.22,2.56,,,,,,,,,,,,,,
SWE,Allsvenskan,2023,21/08/2023,18:10,Norrkoping,AIK,3,1,H,2.5,3.4,2.99,2.6,3.52,3.1,2.47,3.37,2.8,,,,,,,,,,,,,,
SWE,Allsvenskan,2023,27/08/2023,14:00,Brommapojkarna,Kalmar,2,3,A,2.19,3.47,3.54,2.2,3.55,3.58,2.13,3.43,3.4,,,,,,,,,,,,,,
SWE,Allsvenskan,2023,27/08/2023,14:00,Mjallby,Hammarby,0,3,A,3.09,3.03,2.68,3.1,3.23,2.71,2.96,3.02,2.58,,,,,,,,,,,,,,
SWE,Allsvenskan,2023,27/08/2023,14:00,Varnamo,Halmstad,0,0,D,1.96,3.64,4.1,1.96,3.7,4.32,1.91,3.53,4.02,,,,,,,,,,,,,,
SWE,Allsvenskan,2023,27/08/2023,16:30,Djurgarden,Degerfors,4,1,H,1.32,5.85,9.45,1.36,5.9,11,1.31,5.47,9.37,,,,,,,,,,,,,,
SWE,Allsvenskan,2023,27/08/2023,16:30,Goteborg,Hacken,4,2,H,3.41,3.84,2.11,3.55,3.93,2.11,3.38,3.72,2.04,,,,,,,,,,,,,,
SWE,Allsvenskan,2023,28/08/2023,18:00,AIK,Varberg,3,0,H,1.34,5.52,9.48,1.37,5.52,11.1,1.34,5.13,9.06,,,,,,,,,,,,,,
SWE,Allsvenskan,2023,28/08/2023,18:00,Elfsborg,Norrkoping,3,2,H,1.58,4.46,5.8,1.6,4.6,6,1.55,4.32,5.61,,,,,,,,,,,,,,
SWE,Allsvenskan,2023,28/08/2023,18:10,Sirius,Malmo FF,1,3,A,5.21,4.32,1.65,5.21,4.33,1.71,4.74,4.17,1.65,,,,,,,,,,,,,,
SWE,Allsvenskan,2023,02/09/2023,14:00,Halmstad,Sirius,2,1,H,3.1,3.47,2.4,3.25,3.6,2.44,3.01,3.42,2.31,,,,,,,,,,,,,,
SWE,Allsvenskan,2023,02/09/2023,16:30,Varnamo,Elfsborg,1,0,H,3.41,3.63,2.18,3.41,3.75,2.24,3.25,3.52,2.15,,,,,,,,,,,,,,
SWE,Allsvenskan,2023,03/09/2023,14:00,Degerfors,Hacken,1,0,H,3.81,4.23,1.88,4.19,4.4,1.89,3.81,4.1,1.82,,,,,,,,,,,,,,
SWE,Allsvenskan,2023,03/09/2023,14:00,Hammarby,AIK,4,2,H,2.36,3.44,3.18,2.39,3.51,3.25,2.3,3.37,3.09,,,,,,,,,,,,,,
SWE,Allsvenskan,2023,03/09/2023,14:00,Kalmar,Mjallby,0,2,A,2.48,3.1,3.32,2.48,3.25,3.34,2.39,3.09,3.18,,,,,,,,,,,,,,
SWE,Allsvenskan,2023,03/09/2023,16:30,Malmo FF,Goteborg,2,2,D,1.41,5.09,7.85,1.43,5.61,8.8,1.38,4.99,7.5,,,,,,,,,,,,,,
SWE,Allsvenskan,2023,03/09/2023,16:30,Norrkoping,Djurgarden,0,2,A,3.06,3.43,2.44,3.06,3.43,2.6,2.9,3.3,2.44,,,,,,,,,,,,,,
SWE,Allsvenskan,2023,03/09/2023,16:30,Varberg,Brommapojkarna,4,3,H,3.86,3.85,1.96,4.06,3.85,2.2,3.67,3.65,1.96,,,,,,,,,,,,,,
SWE,Allsvenskan,2023,16/09/2023,14:00,Goteborg,Brommapojkarna,1,0,H,1.83,3.8,4.56,1.9,4,4.56,1.83,3.79,4.1,,,,,,,,,,,,,,
SWE,Allsvenskan,2023,16/09/2023,14:00,Sirius,Varberg,7,0,H,1.38,5.54,7.87,1.4,5.7,8.1,1.36,5.28,7.48,,,,,,,,,,,,,,
SWE,Allsvenskan,2023,16/09/2023,16:30,Djurgarden,Varnamo,1,2,A,1.68,4.02,5.29,1.7,4.1,5.5,1.66,3.91,5.11,,,,,,,,,,,,,,
SWE,Allsvenskan,2023,17/09/2023,14:00,Hammarby,Malmo FF,1,3,A,2.91,3.51,2.5,3.02,3.52,2.58,2.88,3.4,2.41,,,,,,,,,,,,,,
SWE,Allsvenskan,2023,17/09/2023,16:30,Elfsborg,Kalmar,0,3,A,1.49,4.74,6.69,1.51,4.8,7.5,1.47,4.52,6.5,,,,,,,,,,,,,,
SWE,Allsvenskan,2023,17/09/2023,16:30,Hacken,Halmstad,3,2,H,1.33,6.18,8.5,1.36,6.2,9.05,1.33,5.65,8.1,,,,,,,,,,,,,,
SWE,Allsvenskan,2023,18/09/2023,18:00,Norrkoping,Mjallby,0,2,A,1.99,3.59,4.03,2.02,3.64,4.1,1.97,3.48,3.84,,,,,,,,,,,,,,
SWE,Allsvenskan,2023,18/09/2023,18:10,AIK,Degerfors,2,0,H,1.52,4.77,6.19,1.56,4.8,6.5,1.5,4.53,5.94,,,,,,,,,,,,,,
SWE,Allsvenskan,2023,23/09/2023,14:00,Degerfors,Malmo FF,1,2,A,7.86,5.27,1.4,8.5,5.5,1.41,7.66,5.12,1.37,,,,,,,,,,,,,,
SWE,Allsvenskan,2023,23/09/2023,16:30,Brommapojkarna,Norrkoping,2,2,D,1.98,3.85,3.78,2.1,3.85,3.8,2.01,3.68,3.47,,,,,,,,,,,,,,
SWE,Allsvenskan,2023,24/09/2023,14:00,AIK,Djurgarden,2,0,H,2.54,3.37,2.96,2.65,3.44,2.98,2.53,3.31,2.78,,,,,,,,,,,,,,
SWE,Allsvenskan,2023,24/09/2023,14:00,Mjallby,Goteborg,0,1,A,2.97,3.24,2.62,2.99,3.25,2.75,2.81,3.14,2.61,,,,,,,,,,,,,,
SWE,Allsvenskan,2023,24/09/2023,16:30,Kalmar,Hacken,1,0,H,3.63,4.02,1.98,3.86,4.1,2.02,3.55,3.81,1.95,,,,,,,,,,,,,,
SWE,Allsvenskan,2023,24/09/2023,16:30,Varberg,Hammarby,0,1,A,6.74,4.87,1.47,7.1,5,1.49,6.61,4.6,1.45,,,,,,,,,,,,,,
SWE,Allsvenskan,2023,25/09/2023,18:00,Halmstad,Elfsborg,0,1,A,4.22,3.81,1.88,4.75,4,1.88,4.23,3.79,1.81,,,,,,,,,,,,,,
SWE,Allsvenskan,2023,25/09/2023,18:00,Varnamo,Sirius,0,1,A,2.53,3.71,2.76,2.53,3.75,2.9,2.46,3.6,2.69,,,,,,,,,,,,,,
SWE,Allsvenskan,2023,30/09/2023,14:00,Djurgarden,Halmstad,1,0,H,1.5,4.52,6.97,1.52,4.57,7.01,1.49,4.34,6.5,,,,,,,,,,,,,,
SWE,Allsvenskan,2023,30/09/2023,16:30,Norrkoping,Kalmar,1,0,H,2.09,3.54,3.73,2.15,3.62,3.75,2.07,3.48,3.52,,,,,,,,,,,,,,
SWE,Allsvenskan,2023,01/10/2023,14:00,Hacken,AIK,2,0,H,1.92,4.07,3.82,1.94,4.1,4.08,1.89,3.87,3.7,,,,,,,,,,,,,,
SWE,Allsvenskan,2023,01/10/2023,14:00,Sirius,Degerfors,3,2,H,1.62,4.31,5.5,1.64,4.4,5.61,1.6,4.21,5.17,,,,,,,,,,,,,,
SWE,Allsvenskan,2023,01/10/2023,16:30,Hammarby,Goteborg,1,1,D,1.91,3.61,4.39,1.96,3.77,4.4,1.88,3.56,4.1,,,,,,,,,,,,,,
SWE,Allsvenskan,2023,01/10/2023,16:30,Mjallby,Varnamo,2,3,A,2.52,3.17,3.18,2.57,3.3,3.2,2.46,3.16,2.99,,,,,,,,,,,,,,
SWE,Allsvenskan,2023,02/10/2023,18:00,Elfsborg,Varberg,2,1,H,1.21,7.67,12.69,1.22,8.4,15.5,1.19,7.31,12.68,,,,,,,,,,,,,,
SWE,Allsvenskan,2023,02/10/2023,18:10,Malmo FF,Brommapojkarna,2,1,H,1.34,6.02,8.26,1.37,6.2,9,1.33,5.61,7.95,,,,,,,,,,,,,,
SWE,Allsvenskan,2023,07/10/2023,14:00,AIK,Mjallby,1,0,H,1.81,3.66,4.95,1.84,3.73,5.06,1.76,3.56,4.78,,,,,,,,,,,,,,
SWE,Allsvenskan,2023,07/10/2023,14:00,Halmstad,Degerfors,0,0,D,1.92,3.59,4.34,2.02,3.78,4.34,1.92,3.5,4,,,,,,,,,,,,,,
SWE,Allsvenskan,2023,07/10/2023,16:30,Goteborg,Sirius,0,1,A,2,3.59,4.01,2.05,3.65,4.01,2,3.5,3.7,,,,,,,,,,,,,,
SWE,Allsvenskan,2023,08/10/2023,14:00,Brommapojkarna,Elfsborg,0,3,A,3.4,3.99,2.06,3.6,4,2.1,3.37,3.81,2.01,,,,,,,,,,,,,,
SWE,Allsvenskan,2023,08/10/2023,14:00,Kalmar,Malmo FF,1,0,H,4.8,3.84,1.78,4.8,3.91,1.81,4.49,3.76,1.76,,,,,,,,,,,,,,
SWE,Allsvenskan,2023,08/10/2023,14:00,Varnamo,Norrkoping,2,1,H,2.05,3.69,3.71,2.15,3.75,3.81,2.01,3.55,3.59,,,,,,,,,,,,,,
SWE,Allsvenskan,2023,08/10/2023,16:30,Hammarby,Hacken,2,2,D,2.62,3.74,2.64,2.63,3.82,2.65,2.54,3.65,2.55,,,,,,,,,,,,,,
SWE,Allsvenskan,2023,08/10/2023,16:30,Varberg,Djurgarden,0,1,A,6.87,4.51,1.51,7.2,4.7,1.52,6.59,4.41,1.47,,,,,,,,,,,,,,
SWE,Allsvenskan,2023,21/10/2023,14:00,Degerfors,Kalmar,1,3,A,3,3.3,2.55,3,3.4,2.63,2.85,3.29,2.48,,,,,,,,,,,,,,
SWE,Allsvenskan,2023,21/10/2023,16:30,Sirius,Brommapojkarna,3,2,H,2.32,3.76,3.02,2.32,3.96,3.56,2.18,3.72,3.06,,,,,,,,,,,,,,
SWE,Allsvenskan,2023,22/10/2023,14:00,Djurgarden,Hammarby,0,0,D,2.26,3.37,3.47,2.26,3.51,3.53,2.17,3.38,3.36,,,,,,,,,,,,,,
SWE,Allsvenskan,2023,22/10/2023,14:00,Halmstad,Mjallby,1,1,D,2.36,3.13,3.51,2.41,3.34,3.51,2.31,3.15,3.28,,,,,,,,,,,,,,
SWE,Allsvenskan,2023,22/10/2023,16:30,Hacken,Norrkoping,4,1,H,1.38,5.71,7.41,1.41,5.9,7.63,1.37,5.43,7.19,,,,,,,,,,,,,,
SWE,Allsvenskan,2023,22/10/2023,16:30,Malmo FF,Varberg,5,0,H,1.08,13.45,26.94,1.1,14,35,1.08,11.38,24.18,,,,,,,,,,,,,,
SWE,Allsvenskan,2023,23/10/2023,18:00,Varnamo,Goteborg,3,1,H,3.36,3.36,2.32,3.38,3.43,2.4,3.15,3.31,2.3,,,,,,,,,,,,,,
SWE,Allsvenskan,2023,23/10/2023,18:10,Elfsborg,AIK,3,0,H,1.86,3.69,4.5,1.89,3.86,4.75,1.83,3.63,4.28,,,,,,,,,,,,,,
SWE,Allsvenskan,2023,28/10/2023,14:00,Brommapojkarna,Djurgarden,1,2,A,3.32,3.77,2.16,3.41,3.8,2.21,3.25,3.6,2.12,,,,,,,,,,,,,,
SWE,Allsvenskan,2023,28/10/2023,16:30,Varberg,Degerfors,1,1,D,3.37,3.85,2.12,3.65,3.9,2.14,3.37,3.69,2.05,,,,,,,,,,,,,,
SWE,Allsvenskan,2023,29/10/2023,14:00,Kalmar,Varnamo,1,3,A,2.2,3.5,3.46,2.3,3.6,3.53,2.15,3.46,3.29,,,,,,,,,,,,,,
SWE,Allsvenskan,2023,29/10/2023,14:00,Mjallby,Hacken,2,1,H,4.35,4.21,1.78,4.79,4.3,1.79,4.24,3.97,1.76,,,,,,,,,,,,,,
SWE,Allsvenskan,2023,29/10/2023,14:00,Norrkoping,Malmo FF,0,1,A,7.1,5,1.45,7.1,5,1.52,6.32,4.69,1.46,,,,,,,,,,,,,,
SWE,Allsvenskan,2023,29/10/2023,16:30,AIK,Halmstad,1,1,D,1.66,3.8,6.04,1.81,3.85,6.04,1.68,3.68,5.31,,,,,,,,,,,,,,
SWE,Allsvenskan,2023,30/10/2023,18:00,Hammarby,Sirius,2,2,D,2.02,3.89,3.61,2.09,3.95,3.75,2.01,3.8,3.39,,,,,,,,,,,,,,
SWE,Allsvenskan,2023,30/10/2023,18:10,Goteborg,Elfsborg,1,2,A,3.22,3.39,2.37,3.35,3.54,2.39,3.11,3.33,2.3,,,,,,,,,,,,,,
SWE,Allsvenskan,2023,04/11/2023,14:00,Varnamo,Hammarby,0,0,D,2.4,3.66,2.96,2.4,3.7,3.05,2.3,3.56,2.91,,,,,,,,,,,,,,
SWE,Allsvenskan,2023,04/11/2023,16:30,Djurgarden,Sirius,2,4,A,1.6,4.71,5.17,1.62,4.71,6,1.56,4.49,5.22,,,,,,,,,,,,,,
SWE,Allsvenskan,2023,05/11/2023,14:00,Hacken,Malmo FF,4,2,H,3.3,4.17,2.06,3.4,4.17,2.1,3.24,3.94,2.01,,,,,,,,,,,,,,
SWE,Allsvenskan,2023,05/11/2023,14:00,Halmstad,Kalmar,3,0,H,2.53,3.33,3.01,2.54,3.4,3.63,2.42,3.27,2.96,,,,,,,,,,,,,,
SWE,Allsvenskan,2023,05/11/2023,16:30,Elfsborg,Degerfors,2,2,D,1.26,6.61,11.05,1.32,6.75,11.05,1.26,6.06,9.9,,,,,,,,,,,,,,
SWE,Allsvenskan,2023,05/11/2023,16:30,Mjallby,Brommapojkarna,1,2,A,2.51,3.62,2.84,2.6,3.65,2.88,2.49,3.51,2.69,,,,,,,,,,,,,,
SWE,Allsvenskan,2023,06/11/2023,18:00,Norrkoping,Varberg,4,3,H,1.44,5.21,6.94,1.46,5.25,7.05,1.42,4.95,6.53,,,,,,,,,,,,,,
SWE,Allsvenskan,2023,06/11/2023,18:10,Goteborg,AIK,1,1,D,2.4,3.13,3.44,2.42,3.2,3.55,2.33,3.07,3.28,,,,,,,,,,,,,,
SWE,Allsvenskan,2023,12/11/2023,14:00,AIK,Varnamo,3,1,H,1.72,4.25,4.67,1.95,4.25,5.09,1.72,3.98,4.53,,,,,,,,,,,,,,
SWE,Allsvenskan,2023,12/11/2023,14:00,Brommapojkarna,Hacken,2,1,H,2.23,4.38,2.72,2.28,4.5,2.85,2.2,4.23,2.73,,,,,,,,,,,,,,
SWE,Allsvenskan,2023,12/11/2023,14:00,Degerfors,Mjallby,1,2,A,3.25,3.62,2.17,3.4,3.73,2.41,3.14,3.52,2.2,,,,,,,,,,,,,,
SWE,Allsvenskan,2023,12/11/2023,14:00,Hammarby,Halmstad,2,2,D,1.51,4.61,5.88,1.56,4.8,6.4,1.5,4.5,5.88,,,,,,,,,,,,,,
SWE,Allsvenskan,2023,12/11/2023,14:00,Kalmar,Djurgarden,2,1,H,3.32,3.56,2.16,3.39,3.71,2.19,3.25,3.57,2.12,,,,,,,,,,,,,,
SWE,Allsvenskan,2023,12/11/2023,14:00,Malmo FF,Elfsborg,1,0,H,1.74,4,4.9,1.76,4.42,4.9,1.71,3.99,4.54,,,,,,,,,,,,,,
SWE,Allsvenskan,2023,12/11/2023,14:00,Sirius,Norrkoping,2,0,H,1.64,4.79,4.33,1.71,4.9,4.82,1.63,4.51,4.52,,,,,,,,,,,,,,
SWE,Allsvenskan,2023,12/11/2023,14:00,Varberg,Goteborg,1,2,A,7.11,5.07,1.4,7.66,5.4,1.43,7.2,4.95,1.39,,,,,,,,,,,,,,
SWE,Allsvenskan,2024,30/03/2024,14:00,Norrkoping,Malmo FF,1,5,A,5.84,4.42,1.56,6,4.51,1.59,5.7,4.36,1.54,,,,,,,,,,,,,,
SWE,Allsvenskan,2024,31/03/2024,13:00,GAIS,Brommapojkarna,0,4,A,2.51,3.46,2.89,2.61,3.67,2.89,2.48,3.46,2.71,,,,,,,,,,,,,,
SWE,Allsvenskan,2024,31/03/2024,13:00,Hammarby,Kalmar,3,1,H,1.89,3.67,4.28,1.96,3.75,4.42,1.89,3.54,4.03,,,,,,,,,,,,,,
SWE,Allsvenskan,2024,31/03/2024,15:30,Hacken,Mjallby,0,1,A,1.79,3.88,4.59,1.9,3.93,4.6,1.79,3.73,4.28,,,,,,,,,,,,,,
SWE,Allsvenskan,2024,01/04/2024,13:00,Goteborg,Djurgarden,1,4,A,3.49,3.27,2.27,3.5,3.35,2.35,3.3,3.23,2.24,,,,,,,,,,,,,,
SWE,Allsvenskan,2024,01/04/2024,13:00,Sirius,Halmstad,3,0,H,1.74,3.93,4.87,1.77,4.1,4.88,1.7,3.93,4.6,,,,,,,,,,,,,,
SWE,Allsvenskan,2024,01/04/2024,15:30,AIK,Vasteras SK,1,0,H,1.55,4.28,6.25,1.67,4.3,6.47,1.55,4.05,5.92,,,,,,,,,,,,,,
SWE,Allsvenskan,2024,01/04/2024,15:30,Elfsborg,Varnamo,2,2,D,1.49,4.66,6.57,1.51,4.66,6.74,1.49,4.42,6.24,,,,,,,,,,,,,,
SWE,Allsvenskan,2024,06/04/2024,14:00,Brommapojkarna,AIK,2,2,D,3.51,3.46,2.17,3.6,3.6,2.19,3.36,3.47,2.11,,,,,,,,,,,,,,
SWE,Allsvenskan,2024,06/04/2024,16:30,Mjallby,Norrkoping,3,0,H,2.21,3.26,3.63,2.23,3.65,3.65,2.15,3.3,3.43,,,,,,,,,,,,,,
SWE,Allsvenskan,2024,07/04/2024,13:00,Halmstad,Goteborg,1,0,H,2.82,3.33,2.64,2.88,3.35,2.68,2.75,3.25,2.56,,,,,,,,,,,,,,
SWE,Allsvenskan,2024,07/04/2024,13:00,Malmo FF,Hammarby,2,0,H,1.41,4.92,8.07,1.43,5,8.07,1.39,4.81,7.68,,,,,,,,,,,,,,
SWE,Allsvenskan,2024,07/04/2024,15:30,Vasteras SK,Elfsborg,0,1,A,3.22,3.45,2.31,3.22,3.72,2.31,3.07,3.53,2.22,,,,,,,,,,,,,,
SWE,Allsvenskan,2024,08/04/2024,18:00,Kalmar,Sirius,1,2,A,2.5,3.41,2.95,2.52,3.55,3.14,2.44,3.33,2.85,,,,,,,,,,,,,,
SWE,Allsvenskan,2024,08/04/2024,18:00,Varnamo,GAIS,1,2,A,2.82,3.39,2.6,2.82,3.6,2.84,2.59,3.41,2.61,,,,,,,,,,,,,,
SWE,Allsvenskan,2024,08/04/2024,18:10,Djurgarden,Hacken,3,3,D,1.86,3.91,4.12,1.87,4.08,4.33,1.8,3.89,4.03,,,,,,,,,,,,,,
SWE,Allsvenskan,2024,13/04/2024,14:00,Mjallby,AIK,1,1,D,2.62,3.1,3.03,2.62,3.26,3.03,2.55,3.11,2.89,,,,,,,,,,,,,,
SWE,Allsvenskan,2024,13/04/2024,16:30,Vasteras SK,Halmstad,0,1,A,1.71,3.89,5.11,1.74,3.97,5.3,1.7,3.78,4.85,,,,,,,,,,,,,,
SWE,Allsvenskan,2024,14/04/2024,13:00,Kalmar,Goteborg,0,1,A,2.66,3.23,2.88,2.66,3.34,2.93,2.53,3.22,2.83,,,,,,,,,,,,,,
SWE,Allsvenskan,2024,14/04/2024,13:00,Norrkoping,GAIS,1,0,H,2.29,3.63,3.12,2.35,3.75,3.25,2.21,3.6,3.04,,,,,,,,,,,,,,
SWE,Allsvenskan,2024,14/04/2024,15:30,Djurgarden,Sirius,2,0,H,1.7,4.19,4.76,1.79,4.19,4.9,1.74,3.94,4.37,,,,,,,,,,,,,,
SWE,Allsvenskan,2024,15/04/2024,18:00,Hacken,Brommapojkarna,4,3,H,1.65,4.6,4.67,1.77,4.6,4.75,1.7,4.25,4.29,,,,,,,,,,,,,,
SWE,Allsvenskan,2024,15/04/2024,18:00,Varnamo,Malmo FF,0,4,A,8.92,5.42,1.35,11,5.8,1.37,9.26,5.34,1.31,,,,,,,,,,,,,,
SWE,Allsvenskan,2024,15/04/2024,18:10,Hammarby,Elfsborg,3,0,H,2.54,3.45,2.86,2.61,3.54,2.91,2.49,3.4,2.75,,,,,,,,,,,,,,
SWE,Allsvenskan,2024,20/04/2024,14:00,Goteborg,Norrkoping,1,1,D,1.62,4.15,5.56,1.7,4.2,5.8,1.61,4.01,5.28,,,,,,,,,,,,,,
SWE,Allsvenskan,2024,20/04/2024,14:00,Sirius,Varnamo,0,1,A,1.59,4.31,5.71,1.67,4.35,5.75,1.58,4.18,5.28,,,,,,,,,,,,,,
SWE,Allsvenskan,2024,20/04/2024,16:30,Malmo FF,Vasteras SK,1,0,H,1.24,6.61,12,1.28,7,13,1.24,6.2,11.15,,,,,,,,,,,,,,
SWE,Allsvenskan,2024,21/04/2024,13:00,AIK,Djurgarden,2,0,H,2.81,3.14,2.79,2.95,3.16,2.79,2.82,3.07,2.63,,,,,,,,,,,,,,
SWE,Allsvenskan,2024,21/04/2024,13:00,GAIS,Mjallby,2,1,H,3.39,3.32,2.29,3.39,3.32,2.5,3.07,3.19,2.38,,,,,,,,,,,,,,
SWE,Allsvenskan,2024,21/04/2024,15:30,Hacken,Hammarby,2,1,H,1.87,4.03,3.95,1.94,4.05,4,1.86,3.89,3.77,,,,,,,,,,,,,,
SWE,Allsvenskan,2024,21/04/2024,15:30,Halmstad,Brommapojkarna,0,2,A,3.72,3.67,2.03,3.81,3.79,2.06,3.63,3.62,1.97,,,,,,,,,,,,,,
SWE,Allsvenskan,2024,22/04/2024,18:00,Elfsborg,Kalmar,1,2,A,1.65,3.92,5.62,1.68,4,5.83,1.63,3.85,5.41,,,,,,,,,,,,,,
SWE,Allsvenskan,2024,24/04/2024,18:00,AIK,Varnamo,2,0,H,1.56,4.07,6.67,1.59,4.2,6.8,1.54,4,6.31,,,,,,,,,,,,,,
SWE,Allsvenskan,2024,24/04/2024,18:00,Brommapojkarna,Sirius,1,1,D,2.32,3.65,3.05,2.33,3.9,3.05,2.26,3.65,2.91,,,,,,,,,,,,,,
SWE,Allsvenskan,2024,24/04/2024,18:00,Goteborg,Hacken,0,1,A,2.56,3.67,2.7,2.58,3.75,2.77,2.45,3.59,2.67,,,,,,,,,,,,,,
SWE,Allsvenskan,2024,25/04/2024,18:00,Djurgarden,Malmo FF,0,1,A,2.83,3.44,2.57,3.4,3.6,2.58,2.91,3.41,2.38,,,,,,,,,,,,,,
SWE,Allsvenskan,2024,25/04/2024,18:00,Halmstad,Hammarby,2,1,H,4,3.72,1.93,4.35,3.72,1.99,3.9,3.56,1.91,,,,,,,,,,,,,,
SWE,Allsvenskan,2024,25/04/2024,18:00,Kalmar,GAIS,2,3,A,2.26,3.31,3.46,2.36,3.4,3.46,2.23,3.27,3.28,,,,,,,,,,,,,,
SWE,Allsvenskan,2024,25/04/2024,18:00,Norrkoping,Elfsborg,4,2,H,3.18,3.66,2.24,3.26,3.75,2.24,3.13,3.57,2.17,,,,,,,,,,,,,,
SWE,Allsvenskan,2024,25/04/2024,18:00,Vasteras SK,Mjallby,2,1,H,1.85,3.61,4.59,2.26,3.61,4.59,1.97,3.43,3.87,,,,,,,,,,,,,,
SWE,Allsvenskan,2024,28/04/2024,13:00,Malmo FF,AIK,5,0,H,1.57,4.18,6.12,1.6,4.35,7.1,1.55,4.08,5.87,,,,,,,,,,,,,,
SWE,Allsvenskan,2024,28/04/2024,13:00,Varnamo,Halmstad,1,3,A,2.28,3.27,3.46,2.28,3.33,3.46,2.21,3.22,3.35,,,,,,,,,,,,,,
SWE,Allsvenskan,2024,28/04/2024,15:30,Djurgarden,GAIS,1,0,H,1.67,4.07,5.19,1.7,4.2,5.4,1.64,3.93,5.04,,,,,,,,,,,,,,
SWE,Allsvenskan,2024,28/04/2024,15:30,Hacken,Norrkoping,1,2,A,1.55,4.95,5.28,1.62,5.03,5.5,1.54,4.65,5.1,,,,,,,,,,,,,,
SWE,Allsvenskan,2024,29/04/2024,18:00,Brommapojkarna,Goteborg,0,3,A,2.38,3.42,3.12,2.41,3.56,3.12,2.34,3.36,2.98,,,,,,,,,,,,,,
SWE,Allsvenskan,2024,29/04/2024,18:00,Elfsborg,Sirius,2,0,H,1.95,3.73,3.93,2,3.73,3.95,1.94,3.56,3.77,,,,,,,,,,,,,,
SWE,Allsvenskan,2024,29/04/2024,18:00,Mjallby,Kalmar,3,2,H,2.01,3.46,4.03,2.04,3.59,4.03,1.98,3.35,3.87,,,,,,,,,,,,,,
SWE,Allsvenskan,2024,29/04/2024,18:10,Hammarby,Vasteras SK,2,1,H,2.03,3.59,3.81,2.04,3.81,3.81,1.99,3.61,3.55,,,,,,,,,,,,,,
SWE,Allsvenskan,2024,04/05/2024,14:00,Kalmar,Halmstad,5,2,H,2.11,3.32,3.87,2.16,3.48,3.95,2.07,3.29,3.64,,,,,,,,,,,,,,
SWE,Allsvenskan,2024,04/05/2024,14:00,Mjallby,Brommapojkarna,1,1,D,2.48,3.48,2.93,2.5,3.56,3.1,2.34,3.39,2.95,,,,,,,,,,,,,,
SWE,Allsvenskan,2024,04/05/2024,16:30,Sirius,Hacken,0,3,A,2.52,3.86,2.65,2.52,3.9,2.75,2.43,3.72,2.62,,,,,,,,,,,,,,
SWE,Allsvenskan,2024,05/05/2024,13:00,Elfsborg,Malmo FF,3,1,H,3.85,3.9,1.93,4,3.9,1.97,3.75,3.73,1.9,,,,,,,,,,,,,,
SWE,Allsvenskan,2024,05/05/2024,13:00,Vasteras SK,Djurgarden,0,2,A,3.79,3.42,2.09,3.95,3.51,2.2,3.64,3.35,2.06,,,,,,,,,,,,,,
SWE,Allsvenskan,2024,05/05/2024,15:30,AIK,Norrkoping,6,2,H,1.73,3.85,5.03,1.75,3.85,5.35,1.71,3.7,4.82,,,,,,,,,,,,,,
SWE,Allsvenskan,2024,05/05/2024,15:30,Hammarby,Varnamo,1,2,A,1.51,4.39,6.79,1.52,4.5,7.08,1.48,4.31,6.56,,,,,,,,,,,,,,
SWE,Allsvenskan,2024,06/05/2024,18:10,GAIS,Goteborg,2,1,H,2.94,3.22,2.62,2.94,3.35,2.62,2.83,3.22,2.52,,,,,,,,,,,,,,
SWE,Allsvenskan,2024,11/05/2024,14:00,AIK,Sirius,1,3,A,1.76,3.79,4.93,1.76,4.09,5,1.72,3.79,4.66,,,,,,,,,,,,,,
SWE,Allsvenskan,2024,11/05/2024,14:00,Halmstad,Mjallby,1,3,A,3.93,3.29,2.1,3.93,3.61,2.42,3.6,3.27,2.11,,,,,,,,,,,,,,
SWE,Allsvenskan,2024,11/05/2024,16:30,GAIS,Vasteras SK,2,0,H,2.33,3.57,3.09,2.57,3.6,3.1,2.32,3.46,2.95,,,,,,,,,,,,,,
SWE,Allsvenskan,2024,12/05/2024,13:00,Hacken,Kalmar,3,1,H,1.39,5.54,7.3,1.52,5.54,7.76,1.38,5.17,6.96,,,,,,,,,,,,,,
SWE,Allsvenskan,2024,12/05/2024,13:00,Norrkoping,Hammarby,1,2,A,2.59,3.56,2.73,2.65,3.7,2.75,2.51,3.51,2.66,,,,,,,,,,,,,,
SWE,Allsvenskan,2024,12/05/2024,15:30,Djurgarden,Elfsborg,2,0,H,2.1,3.48,3.69,2.16,3.6,4.13,2.06,3.42,3.56,,,,,,,,,,,,,,
SWE,Allsvenskan,2024,12/05/2024,15:30,Varnamo,Brommapojkarna,1,1,D,3.25,3.49,2.28,3.5,3.6,2.3,3.16,3.45,2.2,,,,,,,,,,,,,,
SWE,Allsvenskan,2024,13/05/2024,18:10,Goteborg,Malmo FF,0,3,A,4.2,3.62,1.92,4.45,3.75,1.94,4.09,3.57,1.87,,,,,,,,,,,,,,
SWE,Allsvenskan,2024,15/05/2024,18:00,Elfsborg,AIK,6,1,H,2.28,3.6,3.15,2.33,3.6,3.2,2.24,3.45,3.09,,,,,,,,,,,,,,
SWE,Allsvenskan,2024,15/05/2024,18:00,Halmstad,Hacken,3,0,H,4.29,4.04,1.8,4.33,4.05,1.82,4.17,3.93,1.77,,,,,,,,,,,,,,
SWE,Allsvenskan,2024,15/05/2024,18:00,Mjallby,Hammarby,3,0,H,2.08,3.45,3.8,2.2,3.46,3.83,2.1,3.33,3.51,,,,,,,14,8,4,3,17,7,5,3
SWE,Allsvenskan,2024,15/05/2024,18:00,Vasteras SK,Varnamo,0,2,A,2,3.84,3.64,2.03,3.9,3.83,1.96,3.69,3.61,,,,,,,,,,,,,,
SWE,Allsvenskan,2024,16/05/2024,18:00,Brommapojkarna,Djurgarden,0,5,A,3.49,3.64,2.11,3.5,3.64,2.26,3.28,3.5,2.12,,,,,,,,,,,,,,
SWE,Allsvenskan,2024,16/05/2024,18:00,Kalmar,Norrkoping,1,1,D,2.26,3.67,3.13,2.31,3.67,3.18,2.23,3.51,3.04,,,,,,,,,,,,,,
SWE,Allsvenskan,2024,16/05/2024,18:00,Malmo FF,GAIS,1,0,H,1.32,5.56,9.76,1.35,5.6,9.76,1.31,5.32,8.97,,,,,,,,,,,,,,
SWE,Allsvenskan,2024,16/05/2024,18:00,Sirius,Goteborg,2,2,D,2.41,3.55,2.97,2.44,3.6,3.08,2.32,3.46,2.92,,,,,,,,,,,,,,
SWE,Allsvenskan,2024,19/05/2024,13:00,Brommapojkarna,Norrkoping,2,1,H,1.95,3.94,3.77,1.95,4,3.85,1.89,3.81,3.69,,,,,,,,,,,,,,
SWE,Allsvenskan,2024,19/05/2024,13:00,Hammarby,AIK,2,1,H,2.88,3.42,2.55,2.88,3.6,2.65,2.74,3.38,2.48,,,,,,,,,,,,,,
SWE,Allsvenskan,2024,19/05/2024,15:30,GAIS,Elfsborg,2,1,H,3.25,3.62,2.22,3.25,3.7,2.28,3.12,3.52,2.19,,,,,,,,,,,,,,
SWE,Allsvenskan,2024,19/05/2024,15:30,Varnamo,Kalmar,0,2,A,2.17,3.47,3.5,2.25,3.5,3.5,2.14,3.37,3.36,,,,,,,,,,,,,,
SWE,Allsvenskan,2024,20/05/2024,18:00,Djurgarden,Halmstad,2,0,H,1.34,5.36,9.66,1.36,5.45,12,1.32,5.12,9.17,,,,,,,,,,,,,,
SWE,Allsvenskan,2024,20/05/2024,18:00,Sirius,Vasteras SK,0,0,D,2.41,3.61,2.93,2.42,3.75,2.98,2.33,3.58,2.83,,,,,,,,,,,,,,
SWE,Allsvenskan,2024,20/05/2024,18:10,Hacken,Malmo FF,2,2,D,3.66,4.12,1.93,4.03,4.2,1.93,3.65,3.97,1.86,,,,,,,,,,,,,,
SWE,Allsvenskan,2024,21/05/2024,18:00,Goteborg,Mjallby,1,0,H,2.36,3.36,3.21,2.45,3.45,3.21,2.29,3.33,3.06,,,,,,,,,,,,,,
SWE,Allsvenskan,2024,24/05/2024,18:00,Elfsborg,Halmstad,2,0,H,1.35,5.56,8.34,1.37,5.87,9.1,1.33,5.34,7.99,,,,,,,,,,,,,,
SWE,Allsvenskan,2024,24/05/2024,18:00,Malmo FF,Kalmar,5,0,H,1.21,7.01,13.87,1.23,7.3,15.2,1.2,6.68,13.56,,,,,,,,,,,,,,
SWE,Allsvenskan,2024,25/05/2024,15:00,GAIS,Hacken,3,0,H,3.08,3.84,2.23,3.09,3.9,2.25,2.97,3.73,2.18,,,,,,,,,,,,,,
SWE,Allsvenskan,2024,25/05/2024,16:30,Mjallby,Djurgarden,1,3,A,3.04,3.28,2.51,3.25,3.45,2.51,3,3.24,2.39,,,,,,,,,,,,,,
SWE,Allsvenskan,2024,26/05/2024,13:00,Hammarby,Sirius,3,0,H,2.21,3.66,3.24,2.23,3.75,3.36,2.15,3.58,3.16,,,,,,,,,,,,,,
SWE,Allsvenskan,2024,26/05/2024,15:30,Vasteras SK,Brommapojkarna,1,1,D,2.16,3.71,3.32,2.19,3.75,3.45,2.09,3.62,3.25,,,,,,,,,,,,,,
SWE,Allsvenskan,2024,27/05/2024,18:00,Norrkoping,Varnamo,0,4,A,2.1,3.67,3.51,2.13,3.75,3.75,2.03,3.6,3.4,,,,,,,,,,,,,,
SWE,Allsvenskan,2024,27/05/2024,18:10,AIK,Goteborg,5,2,H,2.03,3.61,3.77,2.06,3.77,3.85,1.99,3.5,3.64,,,,,,,,,,,,,,
SWE,Allsvenskan,2024,28/05/2024,18:00,Malmo FF,Elfsborg,2,1,H,1.44,4.78,7.53,1.46,5.11,7.54,1.42,4.71,6.9,,,,,,,,,,,,,,
SWE,Allsvenskan,2024,29/05/2024,18:00,Mjallby,Hacken,2,1,H,2.48,3.53,2.89,2.54,3.6,2.92,2.42,3.46,2.76,,,,,,,,,,,,,,
SWE,Allsvenskan,2024,01/06/2024,14:00,Brommapojkarna,Malmo FF,2,2,D,5.58,4.64,1.56,5.61,4.68,1.61,5.18,4.39,1.56,,,,,,,,,,,,,,
SWE,Allsvenskan,2024,01/06/2024,14:00,Goteborg,Elfsborg,1,0,H,2.8,3.58,2.52,2.85,3.67,2.58,2.72,3.5,2.44,,,,,,,,,,,,,,
SWE,Allsvenskan,2024,01/06/2024,16:30,Halmstad,GAIS,4,0,H,4,3.51,2,4,3.6,2.15,3.76,3.44,1.98,,,,,,,,,,,,,,
SWE,Allsvenskan,2024,01/06/2024,16:30,Sirius,Norrkoping,5,1,H,1.86,3.99,4.02,1.89,4.1,4.54,1.79,3.92,4.02,,,,,,,,,,,,,,
SWE,Allsvenskan,2024,02/06/2024,13:00,Djurgarden,Hammarby,0,3,A,1.74,3.96,4.79,1.79,4.13,4.79,1.74,3.9,4.31,,,,,,,,,,,,,,
SWE,Allsvenskan,2024,02/06/2024,13:00,Kalmar,Vasteras SK,0,4,A,2.8,3.4,2.62,2.8,3.55,2.68,2.7,3.36,2.54,,,,,,,,,,,,,,
SWE,Allsvenskan,2024,02/06/2024,15:30,Hacken,AIK,4,1,H,1.93,4.08,3.66,1.96,4.1,3.76,1.9,3.92,3.53,,,,,,,,,,,,,,
SWE,Allsvenskan,2024,02/06/2024,15:30,Varnamo,Mjallby,1,2,A,2.71,3.25,2.81,2.75,3.3,2.84,2.65,3.16,2.71,,,,,,,,,,,,,,
SWE,Allsvenskan,2024,06/07/2024,14:00,Elfsborg,Brommapojkarna,3,0,H,1.78,4.22,4.23,1.8,4.3,4.5,1.74,4.07,4.16,,,,,,,,,,,,,,
SWE,Allsvenskan,2024,06/07/2024,14:00,Mjallby,Sirius,3,2,H,2.01,3.58,3.88,2.02,3.63,4,1.95,3.51,3.75,,,,,,,,,,,,,,
SWE,Allsvenskan,2024,07/07/2024,13:00,AIK,Kalmar,1,2,A,1.45,4.76,7.14,1.51,4.76,7.9,1.44,4.53,6.69,,,,,,,,,,,,,,
SWE,Allsvenskan,2024,07/07/2024,13:00,Varnamo,Goteborg,2,0,H,2.56,3.47,2.82,2.63,3.6,2.82,2.5,3.45,2.67,,,,,,,,,,,,,,
SWE,Allsvenskan,2024,07/07/2024,15:30,GAIS,Hammarby,0,0,D,2.22,3.55,3.29,2.22,3.7,3.35,2.15,3.53,3.18,,,,,,,,,,,,,,
SWE,Allsvenskan,2024,07/07/2024,15:30,Malmo FF,Halmstad,5,1,H,1.17,8.6,14.91,1.2,9.6,17,1.15,8.11,14.93,,,,,,,,,,,,,,
SWE,Allsvenskan,2024,08/07/2024,18:00,Norrkoping,Djurgarden,1,3,A,4.8,3.88,1.75,4.8,4.1,1.78,4.48,3.87,1.72,,,,,,,,,,,,,,
SWE,Allsvenskan,2024,08/07/2024,18:00,Vasteras SK,Hacken,1,2,A,3.01,3.95,2.23,3.2,4,2.3,3,3.79,2.15,,,,,,,,,,,,,,
SWE,Allsvenskan,2024,13/07/2024,14:00,Mjallby,Malmo FF,2,1,H,4.84,4.06,1.71,5.1,4.36,1.72,4.78,4.07,1.65,5.4,4.2,1.72,,,,10,25,4,5,10,11,3,15
SWE,Allsvenskan,2024,13/07/2024,16:30,Sirius,GAIS,3,1,H,2.17,3.72,3.28,2.2,3.75,3.4,2.1,3.62,3.24,2.18,3.8,3.5,,,,15,23,5,6,9,14,6,10
SWE,Allsvenskan,2024,14/07/2024,13:00,Djurgarden,Varnamo,1,0,H,1.51,4.59,6.37,1.53,4.7,6.5,1.49,4.42,6.03,1.53,4.8,7,,,,12,11,6,3,23,17,2,6
SWE,Allsvenskan,2024,14/07/2024,15:30,Hacken,Elfsborg,3,5,A,1.99,3.95,3.57,2,4.1,3.69,1.91,3.92,3.53,2.02,4.1,3.75,,,,15,23,7,7,7,22,6,12
SWE,Allsvenskan,2024,14/07/2024,15:30,Kalmar,Brommapojkarna,0,1,A,2.58,3.65,2.69,2.6,3.75,2.73,2.53,3.57,2.6,2.62,3.85,2.78,,,,13,7,2,4,8,8,6,6
SWE,Allsvenskan,2024,14/07/2024,15:30,Vasteras SK,Norrkoping,2,1,H,1.68,4.22,4.88,1.73,4.3,4.9,1.66,4.12,4.62,1.72,4.3,5.1,,,,14,11,6,4,11,9,7,7
SWE,Allsvenskan,2024,15/07/2024,18:00,Halmstad,AIK,1,2,A,3.95,4,1.88,3.95,4,1.93,3.8,3.85,1.86,4.2,4.1,1.91,,,,9,17,4,5,10,10,0,2
SWE,Allsvenskan,2024,15/07/2024,18:00,Hammarby,Goteborg,0,1,A,2.06,3.83,3.49,2.07,3.9,3.63,1.99,3.73,3.46,2.12,3.9,3.6,,,,16,16,3,9,8,19,4,5
SWE,Allsvenskan,2024,19/07/2024,18:00,Sirius,Malmo FF,3,4,A,6.05,4.78,1.51,6.05,4.78,1.56,5.76,4.63,1.49,6.6,4.9,1.54,,,,7,27,6,13,13,9,5,10
SWE,Allsvenskan,2024,20/07/2024,14:00,Kalmar,Djurgarden,2,1,H,4.27,3.79,1.86,4.5,3.82,1.9,4.19,3.69,1.82,4.5,3.9,1.9,,,,10,13,3,6,16,8,6,11
SWE,Allsvenskan,2024,20/07/2024,14:00,Varnamo,Hacken,2,2,D,2.83,3.89,2.37,3,3.9,2.39,2.82,3.76,2.28,2.92,3.95,2.44,,,,18,14,4,3,11,8,6,8
SWE,Allsvenskan,2024,20/07/2024,16:30,Brommapojkarna,Hammarby,0,2,A,2.16,3.88,3.2,2.22,3.98,3.2,2.12,3.79,3.08,2.22,4,3.3,,,,18,14,5,7,10,9,4,7
SWE,Allsvenskan,2024,21/07/2024,13:00,Norrkoping,Halmstad,1,0,H,1.87,3.94,4.04,1.92,4,4.04,1.86,3.84,3.84,1.93,4,4.2,,,,8,10,6,5,11,5,4,3
SWE,Allsvenskan,2024,21/07/2024,15:30,Elfsborg,Mjallby,3,1,H,1.83,3.79,4.47,1.98,3.9,4.47,1.83,3.74,4.07,1.87,3.9,4.7,,,,19,13,8,2,17,11,4,5
SWE,Allsvenskan,2024,21/07/2024,15:30,Goteborg,Vasteras SK,1,1,D,2.04,3.78,3.59,2.21,3.8,3.66,2.04,3.64,3.39,2.04,3.9,3.8,,,,19,13,5,2,15,16,7,7
SWE,Allsvenskan,2024,22/07/2024,18:00,GAIS,AIK,2,0,H,2.77,3.69,2.49,2.78,3.69,2.49,2.7,3.56,2.44,2.84,3.7,2.6,,,,11,15,3,2,15,12,7,7
SWE,Allsvenskan,2024,27/07/2024,14:00,Norrkoping,Kalmar,2,0,H,2.38,3.69,2.93,2.42,3.7,2.95,2.33,3.55,2.86,2.46,3.65,3.05,,,,11,11,6,2,13,15,7,3
SWE,Allsvenskan,2024,27/07/2024,16:30,Goteborg,Brommapojkarna,3,4,A,2.04,3.69,3.66,2.1,3.75,3.71,1.99,3.64,3.52,2.08,3.8,3.75,,,,15,20,5,7,8,6,10,4
SWE,Allsvenskan,2024,27/07/2024,16:30,Malmo FF,Sirius,0,1,A,1.27,6.45,9.75,1.3,6.5,10,1.27,6.03,9.1,1.29,6.8,11.5,,,,26,11,9,3,11,18,8,10
SWE,Allsvenskan,2024,27/07/2024,19:00,Halmstad,Varnamo,1,0,H,3.5,3.21,2.29,3.51,3.4,2.31,3.34,3.2,2.23,3.55,3.35,2.34,,,,11,11,5,3,8,9,4,6
SWE,Allsvenskan,2024,28/07/2024,15:30,Elfsborg,Djurgarden,1,2,A,2.17,3.57,3.42,2.19,3.7,3.42,2.12,3.53,3.27,2.2,3.65,3.55,,,,13,5,3,5,15,14,5,3
SWE,Allsvenskan,2024,28/07/2024,15:30,Hacken,Vasteras SK,4,0,H,1.55,4.95,5.25,1.57,5,5.4,1.53,4.79,4.99,1.57,5.1,5.7,,,,9,23,7,8,8,18,3,11
SWE,Allsvenskan,2024,28/07/2024,15:30,Hammarby,Mjallby,3,0,H,2.11,3.76,3.39,2.17,3.78,3.39,2.1,3.66,3.22,2.2,3.75,3.55,,,,16,7,7,4,9,14,7,5
SWE,Allsvenskan,2024,29/07/2024,18:00,AIK,GAIS,0,1,A,1.93,3.84,3.71,2,3.97,4.15,1.91,3.76,3.69,1.98,4,4,,,,21,10,4,2,17,14,6,2
SWE,Allsvenskan,2024,03/08/2024,14:00,GAIS,Norrkoping,0,1,A,1.76,3.88,4.78,1.8,4.1,4.83,1.75,3.81,4.41,1.81,3.95,4.9,,,,19,12,1,4,13,19,10,1
SWE,Allsvenskan,2024,03/08/2024,14:00,Vasteras SK,AIK,1,2,A,3.06,3.46,2.4,3.1,3.65,2.45,2.85,3.46,2.37,3.05,3.65,2.46,,,,7,15,2,6,7,11,1,5
SWE,Allsvenskan,2024,03/08/2024,16:30,Brommapojkarna,Halmstad,4,1,H,1.54,4.35,6.33,1.56,4.5,6.35,1.53,4.26,5.86,1.58,4.5,6.6,,,,14,9,4,2,10,6,5,7
SWE,Allsvenskan,2024,04/08/2024,13:00,Djurgarden,Goteborg,1,1,D,1.71,4.01,4.9,1.72,4.2,5.6,1.64,3.98,5.02,1.7,4.2,5.6,,,,11,11,4,2,11,15,4,5
SWE,Allsvenskan,2024,04/08/2024,13:00,Varnamo,Sirius,2,4,A,2.37,3.64,2.97,2.47,3.65,3.14,2.34,3.48,2.89,2.5,3.65,3.05,,,,12,15,5,7,11,13,6,6
SWE,Allsvenskan,2024,04/08/2024,15:30,Kalmar,Hammarby,1,4,A,3.33,3.64,2.18,3.75,3.66,2.25,3.24,3.53,2.14,3.4,3.7,2.26,,,,12,20,5,6,14,11,6,6
SWE,Allsvenskan,2024,10/08/2024,14:00,Halmstad,Malmo FF,0,1,A,9.28,5.47,1.34,10,5.6,1.37,8.58,5.2,1.33,10.5,5.7,1.36,,,,8,31,2,7,4,9,1,8
SWE,Allsvenskan,2024,10/08/2024,14:00,Norrkoping,Vasteras SK,2,1,H,2.73,3.6,2.57,2.78,3.65,2.66,2.64,3.5,2.53,2.8,3.6,2.68,,,,14,9,3,5,14,10,7,6
SWE,Allsvenskan,2024,10/08/2024,16:30,Goteborg,Varnamo,0,0,D,2.03,3.68,3.72,2.11,3.71,3.84,2.01,3.54,3.57,2.1,3.65,3.85,,,,16,10,3,3,14,5,8,4
SWE,Allsvenskan,2024,11/08/2024,15:00,AIK,Mjallby,1,0,H,1.76,3.92,4.68,1.91,4,5.2,1.69,3.83,4.84,1.7,4.1,5.7,,,,10,13,4,5,15,9,6,6
SWE,Allsvenskan,2024,11/08/2024,15:00,Elfsborg,GAIS,2,1,H,1.65,4.32,5.04,1.75,4.33,5.04,1.64,4.2,4.73,1.69,4.4,5.3,,,,15,9,4,2,21,13,6,4
SWE,Allsvenskan,2024,11/08/2024,15:00,Sirius,Kalmar,3,1,H,1.71,4.12,4.8,1.73,4.35,5,1.68,4.03,4.63,1.77,4.1,5,,,,18,12,6,4,11,10,6,4
SWE,Allsvenskan,2024,12/08/2024,18:00,Hammarby,Brommapojkarna,3,3,D,2.01,4.09,3.42,2.01,4.15,3.8,1.92,3.97,3.48,1.99,4.2,3.75,,,,24,11,9,3,7,9,9,1
SWE,Allsvenskan,2024,17/08/2024,14:00,Goteborg,Sirius,1,1,D,2.34,3.75,2.94,2.35,3.75,3.2,2.26,3.61,2.95,2.38,3.7,3.15,,,,14,9,3,4,15,14,6,9
SWE,Allsvenskan,2024,17/08/2024,14:00,Malmo FF,Norrkoping,2,1,H,1.38,5.47,7.49,1.42,5.47,7.95,1.37,5.19,7.17,1.4,5.8,8.4,,,,22,10,5,4,13,9,7,2
SWE,Allsvenskan,2024,17/08/2024,14:00,Varnamo,Hammarby,0,3,A,2.87,3.37,2.58,2.87,3.5,2.58,2.76,3.37,2.49,2.88,3.5,2.66,,,,10,15,3,4,7,14,4,2
SWE,Allsvenskan,2024,17/08/2024,16:30,Vasteras SK,Kalmar,2,1,H,1.78,3.84,4.7,1.78,4,4.7,1.74,3.86,4.48,1.8,4.1,4.7,,,,13,10,5,4,9,18,4,4
SWE,Allsvenskan,2024,18/08/2024,13:00,Brommapojkarna,Hacken,1,3,A,2.92,4.05,2.25,2.93,4.2,2.33,2.83,3.93,2.22,2.98,4.1,2.32,,,,22,8,7,4,8,11,8,2
SWE,Allsvenskan,2024,18/08/2024,13:00,Djurgarden,AIK,0,2,A,2.28,3.22,3.51,2.35,3.5,3.53,2.2,3.27,3.36,2.32,3.35,3.6,,,,4,6,0,2,10,20,0,4
SWE,Allsvenskan,2024,18/08/2024,13:00,Mjallby,Elfsborg,1,1,D,2.89,3.42,2.54,2.93,3.5,2.58,2.81,3.33,2.48,2.96,3.5,2.62,,,,12,5,3,3,13,30,8,5
SWE,Allsvenskan,2024,18/08/2024,15:30,GAIS,Halmstad,3,1,H,1.49,4.48,7.06,1.5,4.5,7.1,1.47,4.36,6.69,1.51,4.6,7.8,,,,18,13,7,6,7,8,4,10
SWE,Allsvenskan,2024,24/08/2024,14:00,Kalmar,Malmo FF,2,2,D,5.56,4.46,1.58,6,4.7,1.59,5.68,4.33,1.53,6.4,4.7,1.57,,,,9,20,4,8,17,11,3,6
SWE,Allsvenskan,2024,25/08/2024,13:00,Elfsborg,Goteborg,3,1,H,1.82,4,4.24,1.82,4.1,4.49,1.77,3.91,4.23,1.82,4.1,4.7,,,,14,7,7,1,15,10,11,4
SWE,Allsvenskan,2024,25/08/2024,13:00,Sirius,Djurgarden,0,1,A,2.37,3.48,3.09,2.38,3.6,3.09,2.31,3.44,3,2.46,3.6,3.1,,,,19,18,4,6,6,14,6,6
SWE,Allsvenskan,2024,25/08/2024,15:30,AIK,Brommapojkarna,2,1,H,1.77,4.11,4.38,1.8,4.12,4.6,1.75,3.94,4.29,1.78,4.2,4.7,,,,22,8,9,3,14,18,5,4
SWE,Allsvenskan,2024,25/08/2024,15:30,Hacken,Varnamo,1,1,D,1.75,4.27,4.27,1.76,4.33,4.64,1.72,4.12,4.3,1.75,4.4,4.7,,,,13,14,5,6,13,14,9,5
SWE,Allsvenskan,2024,26/08/2024,18:00,Halmstad,Vasteras SK,0,1,A,3.7,3.47,2.1,3.7,3.6,2.17,3.47,3.43,2.11,3.7,3.6,2.18,,,,12,15,1,5,11,8,1,5
SWE,Allsvenskan,2024,26/08/2024,18:00,Hammarby,GAIS,0,0,D,1.81,4.06,4.22,1.81,4.15,4.3,1.77,3.96,4.15,1.83,4.2,4.5,,,,8,13,1,5,8,16,7,6
SWE,Allsvenskan,2024,26/08/2024,18:00,Norrkoping,Mjallby,1,2,A,2.6,3.47,2.78,2.6,3.5,2.78,2.53,3.43,2.71,2.64,3.6,2.86,,,,18,14,5,5,13,12,8,5
SWE,Allsvenskan,2024,31/08/2024,14:00,GAIS,Kalmar,1,1,D,1.83,3.8,4.44,1.85,3.95,4.5,1.79,3.72,4.3,1.88,3.95,4.6,,,,12,17,3,7,14,17,6,4
SWE,Allsvenskan,2024,31/08/2024,14:00,Varnamo,AIK,0,1,A,4.08,3.4,2.02,4.08,3.5,2.06,3.8,3.37,2.01,4.2,3.45,2.08,,,,15,7,0,1,14,13,8,3
SWE,Allsvenskan,2024,31/08/2024,16:30,Mjallby,Halmstad,3,1,H,1.53,4.36,6.37,1.54,4.36,6.51,1.51,4.19,6.25,1.56,4.4,7,,,,16,8,4,2,14,13,2,4
SWE,Allsvenskan,2024,31/08/2024,16:30,Vasteras SK,Sirius,1,2,A,2.33,3.69,2.99,2.47,3.85,2.99,2.35,3.62,2.81,2.44,3.85,2.96,,,,18,14,3,6,7,7,7,8
SWE,Allsvenskan,2024,01/09/2024,13:00,Brommapojkarna,Elfsborg,3,3,D,3.09,3.73,2.27,3.09,3.81,2.43,2.85,3.69,2.29,3.05,3.85,2.38,,,,13,20,7,9,11,12,4,13
SWE,Allsvenskan,2024,01/09/2024,13:00,Malmo FF,Djurgarden,4,0,H,1.6,4.19,5.77,1.6,4.4,6,1.55,4.14,5.75,1.62,4.3,6.2,,,,14,18,6,6,14,15,3,5
SWE,Allsvenskan,2024,01/09/2024,15:30,Goteborg,Hammarby,0,1,A,2.61,3.62,2.67,2.65,3.68,2.67,2.55,3.53,2.59,2.74,3.65,2.72,,,,6,18,0,5,20,13,3,7
SWE,Allsvenskan,2024,01/09/2024,15:30,Norrkoping,Hacken,3,3,D,3.11,4.03,2.15,3.15,4.1,2.15,3.04,3.94,2.1,3.25,4.2,2.16,,,,10,20,5,7,15,17,2,7
SWE,Allsvenskan,2024,14/09/2024,14:00,Vasteras SK,GAIS,2,3,A,2.2,3.66,3.27,2.21,3.67,3.4,2.15,3.56,3.2,2.24,3.75,3.4,,,,18,11,6,3,6,12,9,3
SWE,Allsvenskan,2024,15/09/2024,13:00,AIK,Malmo FF,0,0,D,3.07,3.49,2.37,3.4,3.55,2.4,3.04,3.4,2.29,3.15,3.6,2.44,,,,15,9,4,2,9,10,5,2
SWE,Allsvenskan,2024,15/09/2024,13:00,Djurgarden,Mjallby,1,1,D,1.76,3.72,5.03,1.78,3.86,5.03,1.72,3.72,4.79,1.78,4,5.2,,,,20,14,6,3,11,13,10,4
SWE,Allsvenskan,2024,15/09/2024,13:00,Sirius,Brommapojkarna,3,2,H,1.87,4.06,3.81,2.06,4.13,3.81,1.93,3.95,3.47,1.99,4.3,3.7,,,,22,8,9,2,16,11,5,8
SWE,Allsvenskan,2024,15/09/2024,15:30,Hacken,Goteborg,3,3,D,1.71,4.4,4.46,1.73,4.4,4.8,1.68,4.26,4.42,1.74,4.6,4.8,,,,18,13,10,11,12,14,12,2
SWE,Allsvenskan,2024,15/09/2024,15:30,Halmstad,Elfsborg,0,1,A,9.3,5.62,1.33,10,5.7,1.38,9.1,5.25,1.32,10,5.7,1.37,,,,7,12,2,2,16,18,3,7
SWE,Allsvenskan,2024,15/09/2024,15:30,Kalmar,Varnamo,3,1,H,2.75,3.39,2.67,2.75,3.4,2.85,2.65,3.3,2.65,2.8,3.45,2.78,,,,17,23,5,5,13,9,3,11
SWE,Allsvenskan,2024,16/09/2024,18:10,Hammarby,Norrkoping,1,1,D,1.55,4.48,5.9,1.55,4.8,6.5,1.5,4.49,5.93,1.56,4.7,6.4,,,,19,11,4,6,6,10,10,6
SWE,Allsvenskan,2024,18/09/2024,18:00,GAIS,Malmo FF,0,0,D,4.45,3.99,1.78,5,4.3,1.82,4.54,3.94,1.71,4.7,4,1.83,,,,10,8,3,2,11,10,5,5
SWE,Allsvenskan,2024,19/09/2024,18:00,Elfsborg,Norrkoping,2,2,D,1.25,6.6,10.82,1.29,6.6,12,1.26,6.05,9.83,1.28,7,12,,,,13,16,4,6,18,11,12,6
SWE,Allsvenskan,2024,19/09/2024,18:00,Hacken,Djurgarden,1,2,A,2.16,3.8,3.26,2.27,3.9,3.26,2.16,3.74,3.06,2.2,3.9,3.4,,,,20,12,6,5,18,13,4,2
SWE,Allsvenskan,2024,21/09/2024,14:00,Kalmar,AIK,0,1,A,4.21,3.54,1.94,4.33,3.6,1.99,4.15,3.46,1.89,4.6,3.7,1.93,,,,10,11,3,4,12,11,4,4
SWE,Allsvenskan,2024,21/09/2024,16:30,Brommapojkarna,Mjallby,0,0,D,2.4,3.72,2.87,2.48,3.75,2.88,2.39,3.63,2.75,2.54,3.8,2.86,,,,9,7,4,4,10,16,7,7
SWE,Allsvenskan,2024,22/09/2024,13:00,Elfsborg,Hammarby,0,0,D,1.76,4.27,4.26,1.78,4.3,4.3,1.74,4.13,4.13,1.8,4.4,4.5,,,,8,12,1,5,17,6,8,6
SWE,Allsvenskan,2024,22/09/2024,13:00,GAIS,Djurgarden,3,0,H,2.93,3.32,2.56,3,3.4,2.56,2.85,3.29,2.47,3.05,3.45,2.6,,,,17,12,8,4,11,9,4,6
SWE,Allsvenskan,2024,22/09/2024,13:00,Varnamo,Vasteras SK,2,0,H,2.37,3.54,3.03,2.4,3.55,3.06,2.32,3.44,2.95,2.42,3.55,3.15,,,,18,15,5,5,11,10,7,9
SWE,Allsvenskan,2024,22/09/2024,15:30,Malmo FF,Hacken,4,0,H,1.48,5.07,6.07,1.5,5.2,6.25,1.47,4.86,5.83,1.52,5.3,6.2,,,,13,8,8,2,14,10,4,4
SWE,Allsvenskan,2024,23/09/2024,18:00,Goteborg,Halmstad,1,1,D,1.58,4.14,6.1,1.58,4.4,6.75,1.52,4.2,6.12,1.61,4.3,6.6,,,,17,15,5,6,9,11,12,5
SWE,Allsvenskan,2024,25/09/2024,18:00,Djurgarden,Brommapojkarna,2,1,H,1.79,4.03,4.38,1.8,4.03,4.5,1.77,3.9,4.21,1.85,4.1,4.5,,,,18,7,7,2,14,13,8,6
SWE,Allsvenskan,2024,25/09/2024,18:00,Mjallby,Varnamo,1,1,D,2.16,3.41,3.61,2.2,3.5,3.9,2.11,3.33,3.51,2.2,3.45,3.75,,,,18,10,7,5,10,8,12,7
SWE,Allsvenskan,2024,25/09/2024,18:00,Sirius,AIK,0,1,A,2.61,3.29,2.89,2.66,3.3,2.89,2.56,3.23,2.78,2.68,3.4,2.94,,,,15,11,5,2,8,16,4,4
SWE,Allsvenskan,2024,26/09/2024,18:00,Halmstad,Kalmar,2,2,D,3.08,3.22,2.52,3.17,3.25,2.61,2.99,3.14,2.47,3.1,3.35,2.58,,,,18,6,5,3,6,10,5,1
SWE,Allsvenskan,2024,26/09/2024,18:00,Hammarby,Hacken,2,0,H,2.15,4.06,3.1,2.2,4.06,3.11,2.13,3.89,3,2.2,4.2,3.2,,,,14,10,7,2,9,11,5,7
SWE,Allsvenskan,2024,26/09/2024,18:00,Vasteras SK,Goteborg,1,1,D,2.02,3.86,3.57,2.04,3.86,3.68,1.98,3.68,3.56,2.08,3.85,3.7,,,,17,25,6,8,11,16,8,6
SWE,Allsvenskan,2024,29/09/2024,13:00,AIK,Hammarby,1,0,H,2.14,3.18,3.95,2.2,3.25,3.95,2.12,3.14,3.71,2.2,3.2,4.1,,,,11,5,4,1,15,15,5,2
SWE,Allsvenskan,2024,29/09/2024,13:00,Halmstad,Norrkoping,0,0,D,2.93,3.21,2.63,2.93,3.27,2.63,2.85,3.18,2.53,3,3.3,2.68,,,,13,10,1,3,16,10,6,7
SWE,Allsvenskan,2024,29/09/2024,13:00,Varnamo,Djurgarden,1,1,D,3.28,3.37,2.32,3.35,3.5,2.32,3.18,3.32,2.25,3.4,3.45,2.36,,,,11,9,2,3,15,13,4,4
SWE,Allsvenskan,2024,29/09/2024,15:30,Hacken,Sirius,2,0,H,1.8,4.29,4.05,1.82,4.3,4.11,1.78,4.14,3.94,1.82,4.3,4.3,,,,19,16,8,6,12,22,5,6
SWE,Allsvenskan,2024,29/09/2024,15:30,Kalmar,Elfsborg,1,3,A,4.16,3.84,1.87,4.5,3.84,1.91,4.03,3.72,1.84,4.4,4,1.89,,,,11,15,3,7,13,14,4,4
SWE,Allsvenskan,2024,29/09/2024,15:30,Malmo FF,Mjallby,2,0,H,1.56,4.42,5.83,1.61,4.42,6.25,1.56,4.21,5.49,1.61,4.5,6.2,,,,11,13,5,4,11,15,7,5
SWE,Allsvenskan,2024,30/09/2024,18:00,Brommapojkarna,Vasteras SK,2,1,H,2.27,3.93,2.95,2.31,4,3,2.24,3.82,2.87,2.34,4,3,,,,19,14,6,2,11,14,6,3
SWE,Allsvenskan,2024,30/09/2024,18:10,Goteborg,GAIS,2,0,H,2.84,3.6,2.48,2.88,3.6,2.52,2.77,3.52,2.42,2.96,3.65,2.56,,,,10,12,5,3,18,16,5,9
SWE,Allsvenskan,2024,03/10/2024,18:00,Norrkoping,Sirius,0,2,A,2.83,3.56,2.51,2.85,3.75,2.51,2.76,3.52,2.43,2.88,3.65,2.58,,,,15,14,3,6,6,7,6,4
SWE,Allsvenskan,2024,05/10/2024,14:00,Hammarby,Halmstad,1,0,H,1.32,5.61,9.52,1.38,5.62,9.95,1.34,5.12,8.55,1.39,5.5,9.4,,,,20,8,5,4,6,13,8,6
SWE,Allsvenskan,2024,05/10/2024,14:00,Mjallby,Vasteras SK,2,1,H,1.93,3.83,3.92,1.98,3.87,3.92,1.9,3.73,3.77,1.96,3.9,4.1,,,,17,10,4,4,9,11,6,7
SWE,Allsvenskan,2024,05/10/2024,16:30,Brommapojkarna,GAIS,2,0,H,2.19,3.92,3.12,2.28,3.92,3.25,2.14,3.75,3.08,2.24,3.9,3.3,,,,11,13,4,4,9,11,2,8
SWE,Allsvenskan,2024,06/10/2024,13:00,AIK,Hacken,0,2,A,1.98,3.68,3.88,2.04,3.75,3.91,1.96,3.55,3.73,2.06,3.7,4,,,,10,11,4,4,15,11,5,6
SWE,Allsvenskan,2024,06/10/2024,13:00,Djurgarden,Kalmar,1,1,D,1.51,4.55,6.51,1.51,4.6,7,1.48,4.43,6.33,1.53,4.7,7.4,,,,12,8,3,2,11,16,7,2
SWE,Allsvenskan,2024,06/10/2024,15:30,Malmo FF,Varnamo,1,1,D,1.41,5.02,7.64,1.42,5.1,8,1.39,4.88,7.48,1.41,5.4,9.2,,,,11,10,7,4,11,10,4,7
SWE,Allsvenskan,2024,06/10/2024,15:30,Norrkoping,Goteborg,0,2,A,2.24,3.44,3.37,2.27,3.5,3.37,2.21,3.38,3.2,2.32,3.5,3.4,,,,15,11,6,5,15,20,8,8
SWE,Allsvenskan,2024,06/10/2024,15:30,Sirius,Elfsborg,4,1,H,2.88,3.76,2.38,2.95,3.8,2.44,2.83,3.67,2.31,3,3.85,2.4,,,,17,9,6,2,8,8,6,6
SWE,Allsvenskan,2024,19/10/2024,14:00,Elfsborg,Hacken,1,3,A,1.81,4.25,4.03,1.83,4.3,4.04,1.78,4.17,3.89,1.84,4.5,4.1,,,,20,8,5,2,15,7,8,1
SWE,Allsvenskan,2024,19/10/2024,14:00,Vasteras SK,Malmo FF,1,1,D,4.77,4.25,1.69,5.3,4.4,1.7,4.72,4.2,1.65,5.3,4.5,1.68,,,,23,14,4,4,12,12,4,9
SWE,Allsvenskan,2024,19/10/2024,16:30,Halmstad,Sirius,3,1,H,3.85,3.99,1.91,3.9,3.99,2,3.72,3.74,1.92,4,3.9,2.02,,,,16,11,7,4,18,9,6,7
SWE,Allsvenskan,2024,20/10/2024,13:00,Kalmar,Mjallby,0,3,A,3.03,3.45,2.42,3.1,3.46,2.47,2.95,3.36,2.36,3.2,3.45,2.46,,,,7,14,2,7,15,14,3,2
SWE,Allsvenskan,2024,20/10/2024,15:30,GAIS,Varnamo,0,0,D,2.23,3.56,3.27,2.35,3.56,3.27,2.23,3.42,3.13,2.36,3.55,3.3,,,,11,6,2,1,10,11,4,4
SWE,Allsvenskan,2024,21/10/2024,13:00,Hammarby,Djurgarden,2,0,H,2.36,3.21,3.35,2.5,3.25,3.35,2.35,3.17,3.16,2.48,3.3,3.4,,,,9,12,4,4,16,18,6,7
SWE,Allsvenskan,2024,21/10/2024,18:00,Norrkoping,Brommapojkarna,1,1,D,2.24,3.5,3.32,2.29,3.7,3.37,2.18,3.5,3.2,2.28,3.7,3.35,,,,12,9,2,2,17,12,2,7
SWE,Allsvenskan,2024,21/10/2024,18:10,Goteborg,AIK,1,2,A,2.98,3.17,2.63,3.1,3.2,2.63,2.9,3.11,2.54,3.05,3.2,2.7,,,,10,9,3,2,16,15,7,4
SWE,Allsvenskan,2024,26/10/2024,14:00,Mjallby,GAIS,1,1,D,1.63,4.08,5.56,1.68,4.1,5.56,1.63,3.97,5.22,1.69,4.2,5.7,,,,24,11,7,2,9,11,6,6
SWE,Allsvenskan,2024,26/10/2024,14:00,Sirius,Hammarby,0,3,A,3.15,3.65,2.27,3.19,3.75,2.3,3.04,3.55,2.23,3.2,3.75,2.34,,,,10,20,2,8,15,10,6,5
SWE,Allsvenskan,2024,26/10/2024,16:30,Brommapojkarna,Kalmar,1,2,A,2.2,3.64,3.29,2.2,3.75,3.5,2.12,3.62,3.21,2.2,3.8,3.5,,,,17,9,6,2,6,14,6,3
SWE,Allsvenskan,2024,27/10/2024,13:00,AIK,Elfsborg,2,1,H,2.11,3.42,3.63,2.15,3.42,3.75,2.09,3.33,3.59,2.16,3.55,3.8,,,,16,4,5,2,10,18,3,6
SWE,Allsvenskan,2024,27/10/2024,13:00,Varnamo,Norrkoping,1,2,A,2.08,3.19,4.18,2.12,3.4,4.3,2.01,3.24,4,2.1,3.35,4.2,,,,14,6,4,2,12,11,10,1
SWE,Allsvenskan,2024,27/10/2024,15:30,Hacken,Halmstad,0,1,A,1.48,5.13,6.03,1.48,5.29,6.5,1.44,4.97,6.06,1.47,5.4,7,,,,20,10,4,2,13,7,8,3
SWE,Allsvenskan,2024,28/10/2024,18:00,Djurgarden,Vasteras SK,2,1,H,1.56,4.51,5.66,1.61,4.51,5.66,1.56,4.3,5.41,1.61,4.6,6,,,,19,22,5,7,9,8,8,3
SWE,Allsvenskan,2024,28/10/2024,18:10,Malmo FF,Goteborg,2,1,H,1.44,4.63,7.77,1.49,4.9,7.77,1.43,4.58,7.04,1.47,4.9,8.2,,,,14,9,6,1,9,11,4,4
SWE,Allsvenskan,2024,02/11/2024,14:00,Elfsborg,Vasteras SK,1,0,H,1.55,4.7,5.61,1.6,4.9,6.2,1.53,4.54,5.37,1.61,4.8,5.6,,,,17,10,4,2,19,6,6,9
SWE,Allsvenskan,2024,02/11/2024,14:00,Hammarby,Malmo FF,2,2,D,1.73,4.06,4.71,1.79,4.3,5,1.66,4.04,4.74,1.69,4.3,5.6,,,,14,13,3,4,8,10,8,6
SWE,Allsvenskan,2024,02/11/2024,16:30,Goteborg,Kalmar,1,1,D,1.95,3.51,4.2,2.04,3.6,4.25,1.94,3.45,3.95,2.02,3.5,4.4,,,,21,12,10,3,14,17,4,5
SWE,Allsvenskan,2024,03/11/2024,13:00,Brommapojkarna,Varnamo,0,1,A,3.19,3.68,2.27,3.19,3.75,2.28,3.03,3.6,2.21,3.2,3.85,2.28,,,,5,23,0,7,11,4,4,8
SWE,Allsvenskan,2024,03/11/2024,13:00,Hacken,GAIS,1,2,A,1.91,4.3,3.59,1.95,4.5,3.95,1.86,4.2,3.53,1.9,4.4,4,,,,16,17,3,8,17,14,5,3
SWE,Allsvenskan,2024,03/11/2024,15:30,Halmstad,Djurgarden,1,0,H,4.16,3.58,1.94,4.6,3.7,1.96,4.12,3.53,1.88,4.5,3.75,1.9,,,,9,7,4,3,23,17,3,3
SWE,Allsvenskan,2024,03/11/2024,15:30,Sirius,Mjallby,1,1,D,2.88,3.74,2.39,2.88,3.75,2.43,2.77,3.65,2.35,2.92,3.8,2.5,,,,14,15,2,5,16,15,4,8
SWE,Allsvenskan,2024,04/11/2024,18:10,Norrkoping,AIK,1,0,H,3.17,3.24,2.44,3.35,3.26,2.45,3.12,3.19,2.35,3.8,3.3,2.22,,,,8,17,1,3,8,16,5,11
SWE,Allsvenskan,2024,10/11/2024,14:00,AIK,Halmstad,5,1,H,1.46,4.37,7.99,1.48,4.5,8.5,1.44,4.27,7.81,1.46,4.7,9.2,,,,16,6,8,3,11,6,6,2
SWE,Allsvenskan,2024,10/11/2024,14:00,Djurgarden,Norrkoping,3,1,H,1.27,5.82,11.75,1.29,6.4,12,1.26,5.73,10.72,1.3,6.2,13,,,,19,16,7,7,18,12,5,3
SWE,Allsvenskan,2024,10/11/2024,14:00,GAIS,Sirius,2,1,H,2.02,3.99,3.41,2.12,4,3.45,2.01,3.87,3.3,2.16,4,3.4,,,,14,9,3,3,13,17,5,6
SWE,Allsvenskan,2024,10/11/2024,14:00,Kalmar,Hacken,1,0,H,2.85,4.08,2.26,2.88,4.25,2.27,2.77,4.03,2.22,2.9,4.2,2.34,,,,19,8,4,2,15,10,8,7
SWE,Allsvenskan,2024,10/11/2024,14:00,Malmo FF,Brommapojkarna,2,1,H,1.26,6.44,10.06,1.29,6.75,11,1.25,6.31,9.85,1.3,6.8,10,,,,14,12,4,6,5,12,10,6
SWE,Allsvenskan,2024,10/11/2024,14:00,Mjallby,Goteborg,1,0,H,2.39,3.62,2.91,2.48,3.65,2.97,2.35,3.53,2.87,2.44,3.7,3.05,,,,22,12,7,3,15,12,3,3
SWE,Allsvenskan,2024,10/11/2024,14:00,Varnamo,Elfsborg,0,0,D,1.92,3.75,3.98,1.92,3.85,4.2,1.87,3.69,3.95,1.94,3.9,4.2,,,,13,3,4,0,6,13,6,2
SWE,Allsvenskan,2024,10/11/2024,14:00,Vasteras SK,Hammarby,1,0,H,2.86,3.84,2.33,3,3.89,2.36,2.82,3.73,2.29,3,3.9,2.34,,,,9,8,1,4,11,15,3,4
SWE,Allsvenskan,2024,21/11/2024,18:00,Landskrona,Varnamo,2,2,D,4.52,3.25,1.95,4.52,3.3,2.02,4.31,3.15,1.95,4.8,3.4,2,,,,,,,,,,,
SWE,Allsvenskan,2024,24/11/2024,14:00,Varnamo,Landskrona,1,0,H,1.61,3.89,6.11,1.67,4.1,6.5,1.58,3.82,6.06,1.62,4.1,6.6,,,,,,,,,,,
SWE,Allsvenskan,2025,29/03/2025,14:00,Djurgarden,Malmo FF,0,1,A,2.8,3.29,2.69,2.9,3.4,2.7,2.73,3.26,2.61,2.92,3.3,2.76,,,,16,9,1,2,11,18,7,3
SWE,Allsvenskan,2025,29/03/2025,16:30,Hacken,Brommapojkarna,2,0,H,1.64,4.31,5.15,1.64,4.35,5.7,1.6,4.23,5.1,1.64,4.3,5.7,,,,14,13,6,6,13,12,7,5
SWE,Allsvenskan,2025,30/03/2025,13:00,Elfsborg,Mjallby,2,2,D,2.26,3.26,3.51,2.31,3.35,3.6,2.21,3.21,3.37,2.32,3.25,3.75,,,,18,11,6,4,12,9,7,5
SWE,Allsvenskan,2025,30/03/2025,13:00,Hammarby,Goteborg,4,0,H,1.94,3.55,4.2,2.03,3.6,4.2,1.94,3.5,3.89,1.97,3.7,4.3,,,,21,5,10,1,11,15,8,3
SWE,Allsvenskan,2025,30/03/2025,15:30,Halmstad,Degerfors,0,5,A,2.33,3.11,3.54,2.38,3.15,3.6,2.29,3.06,3.39,2.42,3.2,3.55,,,,7,19,4,9,13,13,5,5
SWE,Allsvenskan,2025,30/03/2025,15:30,Norrkoping,Oster,4,3,H,1.97,3.72,3.86,2.06,3.75,3.9,1.98,3.58,3.68,2.06,3.75,3.9,,,,16,9,8,5,15,16,8,10
SWE,Allsvenskan,2025,31/03/2025,18:00,Varnamo,Sirius,1,2,A,2.27,3.45,3.3,2.28,3.51,3.4,2.21,3.41,3.22,2.36,3.55,3.3,,,,14,7,4,4,20,11,4,3
SWE,Allsvenskan,2025,31/03/2025,18:10,GAIS,AIK,0,1,A,2.81,2.91,3,2.81,3.1,3.1,2.66,2.98,2.89,2.84,3,3.05,,,,10,10,2,2,16,13,4,8
SWE,Allsvenskan,2025,05/04/2025,14:00,Goteborg,Halmstad,1,0,H,1.48,4.41,7.29,1.5,4.5,8.2,1.46,4.28,7.28,1.48,4.7,8.4,,,,11,1,3,1,13,24,4,2
SWE,Allsvenskan,2025,05/04/2025,14:00,Sirius,Djurgarden,0,1,A,3.32,3.46,2.26,3.6,3.55,2.26,3.3,3.45,2.17,3.5,3.65,2.24,,,,9,17,2,7,14,17,3,5
SWE,Allsvenskan,2025,05/04/2025,16:30,Oster,Hacken,2,0,H,3.69,3.72,2.02,3.8,3.8,2.04,3.59,3.67,1.98,3.9,3.8,2.04,,,,11,15,5,3,21,6,2,10
SWE,Allsvenskan,2025,06/04/2025,13:00,AIK,Norrkoping,4,3,H,1.81,3.54,4.99,1.84,3.75,5,1.77,3.52,4.82,1.84,3.65,5.3,,,,15,11,5,4,14,13,4,2
SWE,Allsvenskan,2025,06/04/2025,13:00,Brommapojkarna,Hammarby,0,2,A,3.82,3.46,2.07,4.1,3.6,2.11,3.66,3.45,2.02,4,3.55,2.1,,,,12,19,4,7,23,15,5,6
SWE,Allsvenskan,2025,06/04/2025,15:30,Degerfors,Varnamo,1,0,H,2.27,3.24,3.52,2.3,3.3,3.55,2.23,3.19,3.38,2.3,3.2,3.75,,,,6,16,3,5,16,18,2,9
SWE,Allsvenskan,2025,06/04/2025,15:30,Mjallby,GAIS,1,1,D,2.03,3.33,4.14,2.06,3.4,4.25,2,3.32,3.94,2.08,3.5,4.2,,,,19,7,3,2,12,19,6,5
SWE,Allsvenskan,2025,07/04/2025,18:10,Malmo FF,Elfsborg,2,1,H,1.78,3.85,4.7,1.78,3.95,4.9,1.74,3.75,4.57,1.81,3.85,5.2,,,,23,8,7,2,15,17,5,3
SWE,Allsvenskan,2025,12/04/2025,14:00,Hacken,Mjallby,0,3,A,2.4,3.58,2.96,2.4,3.6,3.2,2.31,3.47,2.96,2.38,3.65,3.15,,,,7,11,2,5,10,12,4,5
SWE,Allsvenskan,2025,12/04/2025,16:30,Elfsborg,Norrkoping,2,0,H,1.68,4.14,5.02,1.69,4.3,5.02,1.66,4.01,4.8,1.72,4.2,5.3,,,,12,10,6,2,15,4,6,4
SWE,Allsvenskan,2025,13/04/2025,13:00,Hammarby,Djurgarden,2,0,H,2.33,3.3,3.33,2.36,3.4,3.6,2.25,3.25,3.26,2.34,3.35,3.5,,,,14,5,5,3,17,21,5,4
SWE,Allsvenskan,2025,13/04/2025,13:00,Varnamo,Goteborg,0,1,A,2.75,3.45,2.63,2.88,3.45,2.63,2.76,3.33,2.52,2.94,3.45,2.68,,,,11,9,3,3,18,16,4,3
SWE,Allsvenskan,2025,13/04/2025,15:30,GAIS,Degerfors,2,0,H,1.83,3.62,4.66,1.85,3.75,4.66,1.82,3.56,4.39,1.9,3.6,4.9,,,,21,10,3,2,10,18,9,4
SWE,Allsvenskan,2025,13/04/2025,15:30,Sirius,Brommapojkarna,0,3,A,2.25,3.59,3.22,2.28,3.59,3.22,2.22,3.47,3.12,2.34,3.65,3.3,,,,16,18,3,6,10,12,6,8
SWE,Allsvenskan,2025,14/04/2025,18:00,Halmstad,Oster,1,0,H,3.09,3.24,2.49,3.1,3.3,2.51,2.97,3.18,2.44,3.1,3.25,2.6,,,,24,6,6,1,15,12,9,5
SWE,Allsvenskan,2025,14/04/2025,18:10,AIK,Malmo FF,0,0,D,4.3,3.36,1.98,4.42,3.45,2.05,4.16,3.29,1.95,4.5,3.45,2.02,,,,14,8,3,1,9,9,5,5
SWE,Allsvenskan,2025,18/04/2025,14:00,Malmo FF,Sirius,1,1,D,1.41,4.83,8.13,1.42,5.4,9,1.39,4.77,7.66,1.42,5.2,9,,,,19,6,7,1,9,15,9,3
SWE,Allsvenskan,2025,18/04/2025,14:00,Mjallby,Hammarby,3,1,H,2.65,3.25,2.88,2.89,3.35,2.88,2.62,3.22,2.71,2.76,3.3,2.88,,,,13,13,5,5,13,8,3,4
SWE,Allsvenskan,2025,19/04/2025,14:00,Degerfors,Elfsborg,0,1,A,3.94,3.5,2.02,4.3,3.55,2.06,3.81,3.46,1.97,4.1,3.65,2.04,,,,17,14,4,5,13,17,5,5
SWE,Allsvenskan,2025,19/04/2025,14:00,Norrkoping,Halmstad,3,0,H,1.67,3.94,5.44,1.7,4.1,5.51,1.64,3.85,5.23,1.71,4.1,5.6,,,,15,7,5,1,12,13,8,3
SWE,Allsvenskan,2025,20/04/2025,13:00,Brommapojkarna,Varnamo,3,2,H,1.92,3.68,4.12,2.01,3.75,4.3,1.91,3.56,3.91,2.02,3.65,4,,,,19,18,10,5,12,11,11,6
SWE,Allsvenskan,2025,20/04/2025,13:00,Oster,AIK,0,1,A,3.89,3.45,2.05,3.95,3.6,2.1,3.66,3.39,2.03,3.95,3.4,2.14,,,,8,11,3,2,16,16,10,5
SWE,Allsvenskan,2025,20/04/2025,15:30,Goteborg,Hacken,2,3,A,2.25,3.44,3.34,2.3,3.6,3.35,2.23,3.45,3.1,2.32,3.55,3.4,,,,15,8,7,4,15,14,11,5
SWE,Allsvenskan,2025,21/04/2025,13:00,Djurgarden,GAIS,0,0,D,2.2,3.3,3.62,2.2,3.35,3.63,2.14,3.26,3.51,2.24,3.45,3.7,,,,10,7,3,1,11,16,5,3
SWE,Allsvenskan,2025,23/04/2025,18:00,Elfsborg,Sirius,4,3,H,1.72,4.02,4.8,1.73,4.3,5,1.69,3.95,4.7,1.76,4.2,5,,,,19,17,7,9,13,12,7,3
SWE,Allsvenskan,2025,23/04/2025,18:00,Hacken,Degerfors,3,4,A,1.81,3.81,4.57,1.82,4,4.8,1.76,3.79,4.43,1.82,3.95,4.9,,,,18,10,8,5,13,11,7,3
SWE,Allsvenskan,2025,23/04/2025,18:00,Halmstad,Mjallby,1,3,A,5.27,3.71,1.73,5.4,3.8,1.74,5.03,3.65,1.71,5.5,3.75,1.79,,,,5,11,2,5,17,13,1,5
SWE,Allsvenskan,2025,23/04/2025,18:00,Hammarby,Malmo FF,2,0,H,2.31,3.38,3.29,2.35,3.4,3.43,2.24,3.34,3.18,2.36,3.45,3.4,,,,13,7,4,3,19,12,4,3
SWE,Allsvenskan,2025,24/04/2025,18:00,Djurgarden,Oster,1,0,H,1.41,4.94,7.91,1.48,5,8.1,1.4,4.79,7.36,1.46,4.9,8.4,,,,25,6,7,0,7,12,15,3
SWE,Allsvenskan,2025,24/04/2025,18:00,GAIS,Brommapojkarna,1,1,D,2.1,3.61,3.57,2.18,3.7,3.62,2.06,3.55,3.42,2.16,3.65,3.7,,,,21,11,2,6,16,11,12,4
SWE,Allsvenskan,2025,24/04/2025,18:00,Norrkoping,Goteborg,2,3,A,2.49,3.43,2.94,2.49,3.5,3,2.4,3.39,2.86,2.52,3.55,3,,,,12,16,5,5,16,12,5,11
SWE,Allsvenskan,2025,24/04/2025,18:00,Varnamo,AIK,1,2,A,2.89,3.05,2.78,3.2,3.2,2.78,2.95,3.03,2.56,3.1,3.15,2.74,,,,12,9,2,3,8,9,7,7
SWE,Allsvenskan,2025,27/04/2025,13:00,Hacken,Hammarby,1,1,D,2.94,3.6,2.41,3.05,3.6,2.45,2.86,3.56,2.34,3,3.7,2.48,,,,14,17,7,1,10,15,6,9
SWE,Allsvenskan,2025,27/04/2025,13:00,Mjallby,Degerfors,4,1,H,1.61,4.07,5.87,1.61,4.35,6.1,1.58,3.96,5.68,1.62,4.2,6.4,,,,7,10,5,3,10,13,1,1
SWE,Allsvenskan,2025,27/04/2025,15:00,AIK,Elfsborg,2,0,H,2.15,3.25,3.83,2.25,3.4,3.83,2.14,3.2,3.55,2.26,3.25,3.85,,,,15,12,4,3,18,11,2,4
SWE,Allsvenskan,2025,27/04/2025,15:30,Sirius,Halmstad,1,1,D,1.63,4.15,5.48,1.63,4.2,6,1.59,4.06,5.35,1.66,4.3,5.9,,,,8,10,3,6,11,12,8,4
SWE,Allsvenskan,2025,27/04/2025,15:30,Varnamo,Norrkoping,1,3,A,2.38,3.47,3.07,2.43,3.65,3.07,2.34,3.42,2.93,2.38,3.6,3.25,,,,14,10,5,5,15,13,13,3
SWE,Allsvenskan,2025,28/04/2025,18:10,Goteborg,GAIS,1,1,D,2.58,3.33,2.9,2.58,3.4,3.1,2.47,3.26,2.87,2.6,3.4,3.1,,,,12,15,4,6,13,15,4,9
SWE,Allsvenskan,2025,29/04/2025,18:00,Malmo FF,Oster,2,0,H,1.24,6.28,13.39,1.24,6.5,14,1.22,6.1,12.67,1.27,6.6,15.5,,,,18,6,4,1,12,10,7,1
SWE,Allsvenskan,2025,03/05/2025,14:00,Degerfors,Sirius,1,1,D,2.51,3.45,2.9,2.51,3.6,2.9,2.43,3.43,2.79,2.58,3.55,2.98,,,,19,14,3,2,13,10,5,9
SWE,Allsvenskan,2025,03/05/2025,16:30,Halmstad,Varnamo,4,2,H,3.42,3.25,2.31,3.42,3.25,2.31,3.33,3.16,2.26,3.6,3.3,2.36,,,,9,15,5,7,8,12,2,10
SWE,Allsvenskan,2025,04/05/2025,13:00,Djurgarden,AIK,1,1,D,2.73,2.95,3.06,2.78,3.15,3.06,2.67,2.98,2.85,2.8,3.05,3.15,,,,7,18,2,2,12,17,4,7
SWE,Allsvenskan,2025,04/05/2025,13:00,Norrkoping,Hacken,0,2,A,2.63,3.94,2.5,2.63,4.1,2.56,2.55,3.9,2.42,2.74,4,2.56,,,,12,14,3,5,10,13,11,2
SWE,Allsvenskan,2025,04/05/2025,15:30,Mjallby,Goteborg,1,0,H,1.9,3.66,4.24,1.91,3.7,4.24,1.87,3.58,4.08,1.94,3.75,4.5,,,,14,9,4,2,14,13,1,8
SWE,Allsvenskan,2025,04/05/2025,15:30,Oster,Hammarby,0,3,A,6.53,4.46,1.51,6.53,4.6,1.52,6.22,4.33,1.49,6.6,4.7,1.56,,,,9,18,1,9,10,11,3,8
SWE,Allsvenskan,2025,05/05/2025,18:00,Malmo FF,Brommapojkarna,1,2,A,1.39,5.15,8.15,1.49,5.25,8.15,1.38,4.97,7.51,1.41,5.3,9.2,,,,27,14,6,7,12,10,7,3
SWE,Allsvenskan,2025,05/05/2025,18:10,Elfsborg,GAIS,2,0,H,2.29,3.62,3.11,2.4,3.62,3.2,2.31,3.49,2.94,2.44,3.6,3.15,,,,11,18,2,1,10,10,6,10
SWE,Allsvenskan,2025,10/05/2025,14:00,Brommapojkarna,Halmstad,0,1,A,1.55,4.45,6,1.55,4.5,6.25,1.53,4.37,5.69,1.59,4.5,6.4,,,,12,6,2,3,6,10,8,4
SWE,Allsvenskan,2025,10/05/2025,16:30,GAIS,Varnamo,1,1,D,1.9,3.57,4.34,1.95,3.6,4.6,1.86,3.51,4.19,1.98,3.6,4.6,,,,21,13,5,3,11,14,6,2
SWE,Allsvenskan,2025,10/05/2025,16:30,Sirius,Hacken,2,0,H,2.66,3.71,2.58,2.66,3.75,2.58,2.58,3.67,2.49,2.8,3.8,2.62,,,,11,17,6,7,10,10,5,4
SWE,Allsvenskan,2025,11/05/2025,13:00,AIK,Mjallby,2,1,H,2.47,2.99,3.41,2.47,3.05,3.42,2.37,2.96,3.31,2.52,3.05,3.55,,,,12,14,6,4,11,8,7,6
SWE,Allsvenskan,2025,11/05/2025,13:00,Hammarby,Norrkoping,1,1,D,1.46,4.84,6.8,1.49,5,6.8,1.45,4.63,6.38,1.49,5,7.4,,,,22,9,6,2,12,13,7,2
SWE,Allsvenskan,2025,11/05/2025,15:30,Degerfors,Malmo FF,1,4,A,5.3,4.05,1.66,5.75,4.2,1.67,5.03,4.02,1.63,5.6,4.2,1.7,,,,16,20,4,9,10,7,4,13
SWE,Allsvenskan,2025,11/05/2025,15:30,Oster,Elfsborg,0,1,A,3.31,3.62,2.07,3.65,3.75,2.12,3.35,3.6,2.05,3.5,3.9,2.14,,,,5,21,3,5,11,12,9,9
SWE,Allsvenskan,2025,12/05/2025,18:10,Goteborg,Djurgarden,1,2,A,2.46,3.44,2.98,2.5,3.5,2.98,2.4,3.38,2.87,2.54,3.5,3.05,,,,10,5,4,4,10,17,5,1
SWE,Allsvenskan,2025,14/05/2025,18:00,Hacken,AIK,3,3,D,2.84,3.47,2.55,2.86,3.7,2.55,2.8,3.44,2.45,3,3.5,2.58,,,,18,7,7,5,9,15,4,2
SWE,Allsvenskan,2025,14/05/2025,18:00,Halmstad,GAIS,1,3,A,3.93,3.27,2.11,3.93,3.4,2.13,3.74,3.25,2.08,3.95,3.35,2.2,,,,14,14,4,5,11,11,1,5
SWE,Allsvenskan,2025,14/05/2025,18:00,Hammarby,Sirius,3,2,H,1.75,4.09,4.58,1.78,4.2,4.9,1.7,4.06,4.49,1.77,4.2,4.9,,,,16,11,3,4,7,13,10,3
SWE,Allsvenskan,2025,15/05/2025,18:00,Djurgarden,Mjallby,1,3,A,2.38,3.51,3.05,2.48,3.7,3.05,2.36,3.44,2.93,2.48,3.55,3.1,,,,7,20,3,9,13,17,8,7
SWE,Allsvenskan,2025,15/05/2025,18:00,Elfsborg,Brommapojkarna,4,3,H,1.96,3.93,3.72,1.96,4,3.8,1.92,3.91,3.61,2,4,3.9,,,,14,19,7,7,12,10,2,4
SWE,Allsvenskan,2025,15/05/2025,18:00,Goteborg,Oster,0,1,A,1.45,4.75,7.22,1.49,4.8,7.22,1.46,4.58,6.58,1.5,4.9,7.4,,,,14,8,2,3,13,13,7,4
SWE,Allsvenskan,2025,15/05/2025,18:00,Norrkoping,Degerfors,1,2,A,2.13,3.67,3.44,2.13,3.75,3.5,2.05,3.64,3.41,2.16,3.7,3.65,,,,13,11,5,4,13,29,8,6
SWE,Allsvenskan,2025,15/05/2025,18:00,Varnamo,Malmo FF,2,2,D,4.74,3.83,1.78,5,3.85,1.81,4.56,3.79,1.75,5.5,4,1.74,,,,8,18,4,5,13,8,4,9
SWE,Allsvenskan,2025,18/05/2025,13:00,AIK,Hammarby,0,0,D,3.43,3.1,2.38,3.43,3.2,2.5,3.28,3.09,2.34,3.4,3.15,2.52,,,,15,9,2,2,12,10,7,4
SWE,Allsvenskan,2025,18/05/2025,13:00,Hacken,Varnamo,2,0,H,2.01,3.89,3.57,2.02,4.1,3.9,1.94,3.84,3.57,2.04,4,3.7,,,,19,4,5,1,12,9,5,4
SWE,Allsvenskan,2025,18/05/2025,15:30,Malmo FF,Halmstad,3,0,H,1.22,6.84,13.03,1.23,7,14,1.21,6.55,12.45,1.24,7.4,16,,,,17,7,6,1,6,17,8,2
SWE,Allsvenskan,2025,18/05/2025,15:30,Oster,GAIS,1,1,D,4.17,3.49,1.97,4.2,3.6,1.99,4.05,3.47,1.92,4.3,3.65,1.99,,,,7,14,1,4,13,12,8,8
SWE,Allsvenskan,2025,19/05/2025,18:00,Degerfors,Goteborg,1,3,A,2.93,3.47,2.48,2.95,3.5,2.48,2.87,3.4,2.41,2.98,3.55,2.58,,,,13,12,2,6,14,15,5,7
SWE,Allsvenskan,2025,19/05/2025,18:00,Mjallby,Brommapojkarna,1,0,H,1.71,4.1,4.76,1.73,4.3,4.85,1.7,3.94,4.64,1.77,4.2,4.9,,,,10,19,2,3,12,15,4,7
SWE,Allsvenskan,2025,19/05/2025,18:00,Sirius,Norrkoping,1,2,A,2.14,3.91,3.21,2.17,4,3.48,2.04,3.82,3.28,2.18,3.9,3.4,,,,25,8,7,3,10,14,14,2
SWE,Allsvenskan,2025,19/05/2025,18:10,Elfsborg,Djurgarden,4,0,H,2.17,3.62,3.38,2.38,3.62,3.5,2.17,3.5,3.23,2.24,3.7,3.45,,,,11,6,7,2,19,11,3,2
SWE,Allsvenskan,2025,22/05/2025,18:00,Hammarby,Mjallby,1,2,A,1.69,4.21,4.81,1.73,4.21,4.81,1.68,4.04,4.61,1.72,4.2,5.3,,,,27,9,7,5,10,19,10,3
SWE,Allsvenskan,2025,22/05/2025,18:00,Malmo FF,AIK,0,0,D,1.74,3.74,5.12,1.78,3.85,5.12,1.72,3.66,4.91,1.77,3.85,5.5,,,,12,12,3,0,6,9,9,6
SWE,Allsvenskan,2025,24/05/2025,14:00,Varnamo,Oster,1,1,D,2.1,3.4,3.8,2.1,3.55,3.85,2.03,3.37,3.75,2.12,3.55,4,,,,15,9,3,1,11,11,6,2
SWE,Allsvenskan,2025,24/05/2025,16:30,GAIS,Sirius,2,1,H,2.04,3.75,3.62,2.04,3.75,3.7,2,3.64,3.54,2.06,3.8,3.85,,,,28,10,9,4,16,9,9,2
SWE,Allsvenskan,2025,25/05/2025,13:00,Goteborg,Malmo FF,1,0,H,2.84,3.54,2.51,2.85,3.6,2.51,2.8,3.47,2.43,2.92,3.7,2.54,,,,4,9,1,1,14,26,2,8
SWE,Allsvenskan,2025,25/05/2025,13:00,Halmstad,Elfsborg,1,4,A,4.97,3.91,1.72,5.19,3.95,1.79,4.73,3.73,1.73,5.1,4,1.8,,,,12,13,1,5,16,8,3,3
SWE,Allsvenskan,2025,25/05/2025,15:30,Brommapojkarna,AIK,0,1,A,3.28,3.54,2.24,3.38,3.6,2.24,3.25,3.49,2.16,3.5,3.6,2.26,,,,14,10,5,2,8,23,7,3
SWE,Allsvenskan,2025,25/05/2025,15:30,Djurgarden,Hacken,1,1,D,2.25,3.63,3.2,2.25,3.75,3.5,2.17,3.55,3.19,2.12,3.9,3.55,,,,12,12,5,4,8,13,7,1
SWE,Allsvenskan,2025,26/05/2025,18:00,Norrkoping,Mjallby,1,1,D,4.03,3.96,1.87,4.1,4,1.92,3.86,3.88,1.84,4.2,4.2,1.9,,,,17,19,5,6,15,16,6,7
SWE,Allsvenskan,2025,26/05/2025,18:10,Hammarby,Degerfors,1,0,H,1.37,5.3,8.24,1.44,5.75,8.5,1.38,5.01,7.47,1.4,5.6,9,,,,13,13,2,2,8,14,4,2
SWE,Allsvenskan,2025,29/05/2025,17:00,Brommapojkarna,Djurgarden,0,1,A,2.3,3.72,3.03,2.45,3.72,3.04,2.29,3.62,2.9,2.38,3.8,3.1,,,,14,8,3,1,10,18,6,6
SWE,Allsvenskan,2025,31/05/2025,14:00,Degerfors,Oster,1,2,A,1.75,3.88,4.81,1.82,3.88,4.85,1.76,3.69,4.55,1.83,3.9,4.9,,,,16,6,4,3,9,14,4,3
SWE,Allsvenskan,2025,31/05/2025,14:00,Elfsborg,Hammarby,0,2,A,2.42,3.57,2.94,2.55,3.6,2.95,2.39,3.49,2.83,2.54,3.6,2.96,,,,11,22,2,9,15,13,3,4
SWE,Allsvenskan,2025,31/05/2025,14:00,Norrkoping,GAIS,0,3,A,3.3,3.79,2.14,3.4,3.8,2.28,3.19,3.63,2.14,3.65,3.85,2.14,,,,10,22,1,5,10,20,4,6
SWE,Allsvenskan,2025,01/06/2025,13:00,Brommapojkarna,Goteborg,1,3,A,2.69,3.57,2.62,2.69,3.6,2.63,2.63,3.52,2.54,2.72,3.65,2.74,,,,10,14,2,5,21,23,3,3
SWE,Allsvenskan,2025,01/06/2025,13:00,Halmstad,Djurgarden,1,0,H,4.57,3.51,1.88,4.57,3.51,1.99,4.11,3.41,1.92,4.5,3.55,2,,,,14,14,6,4,14,13,1,5
SWE,Allsvenskan,2025,01/06/2025,13:00,Malmo FF,Hacken,3,0,H,1.69,4.08,5,1.73,4.25,5,1.69,3.97,4.7,1.74,4.2,5.1,,,,15,7,4,1,16,22,8,4
SWE,Allsvenskan,2025,01/06/2025,15:30,Mjallby,Varnamo,2,0,H,1.4,5.08,7.83,1.42,5.08,7.83,1.4,4.89,7.37,1.44,5.2,8.4,,,,17,19,7,2,11,15,6,4
SWE,Allsvenskan,2025,01/06/2025,15:30,Sirius,AIK,3,1,H,3.68,3.28,2.19,3.75,3.4,2.2,3.56,3.28,2.12,3.75,3.4,2.24,,,,9,13,4,3,10,11,1,9
SWE,Allsvenskan,2025,28/06/2025,14:00,Hammarby,Halmstad,2,0,H,1.25,6.19,10.88,1.29,6.19,11.5,1.25,5.61,10.11,1.29,6.2,13.5,,,,30,5,13,0,9,14,7,2
SWE,Allsvenskan,2025,28/06/2025,16:30,Oster,Sirius,2,2,D,2.69,3.42,2.64,2.75,3.6,2.64,2.62,3.35,2.49,2.74,3.55,2.76,,,,15,19,7,5,14,16,6,12
SWE,Allsvenskan,2025,29/06/2025,13:00,AIK,Goteborg,3,0,H,2.23,3.21,3.53,2.23,3.33,3.85,2.1,3.14,3.49,2.26,3.3,3.85,,,,15,10,5,0,6,11,2,5
SWE,Allsvenskan,2025,29/06/2025,13:00,Degerfors,Brommapojkarna,0,3,A,2.25,3.71,3.04,2.3,3.71,3.1,2.2,3.46,2.97,2.34,3.7,3.25,,,,14,10,0,5,12,10,10,4
SWE,Allsvenskan,2025,29/06/2025,15:30,Hacken,GAIS,1,3,A,2.98,3.5,2.38,2.98,3.65,2.48,2.76,3.44,2.34,3.05,3.6,2.52,,,,3,22,1,7,5,16,1,4
SWE,Allsvenskan,2025,29/06/2025,15:30,Varnamo,Elfsborg,0,0,D,3.79,3.72,1.95,4.1,3.85,1.95,3.72,3.61,1.87,3.95,3.8,2.04,,,,18,11,4,3,9,15,9,8
SWE,Allsvenskan,2025,30/06/2025,18:00,Djurgarden,Norrkoping,1,1,D,1.63,4.36,4.9,1.68,4.4,5,1.62,4.09,4.58,1.71,4.5,5,,,,28,8,12,3,11,12,11,1
SWE,Allsvenskan,2025,30/06/2025,18:00,Mjallby,Malmo FF,1,1,D,2.4,3.27,3.12,2.4,3.3,3.25,2.27,3.25,2.99,2.5,3.5,3.15,,,,17,13,2,7,13,14,8,5
SWE,Allsvenskan,2025,05/07/2025,14:00,GAIS,Malmo FF,0,0,D,3.04,3.52,2.33,3.04,3.6,2.35,2.87,3.39,2.29,3.2,3.6,2.4,,,,22,12,3,1,12,5,6,3
SWE,Allsvenskan,2025,05/07/2025,14:00,Oster,Mjallby,0,1,A,5.56,4.29,1.58,5.56,4.29,1.61,5.14,4.03,1.57,5.7,4.4,1.65,,,,9,24,2,6,18,11,3,7
SWE,Allsvenskan,2025,05/07/2025,16:30,Hammarby,Varnamo,1,0,H,1.33,5.63,8.73,1.35,5.8,9.5,1.3,5.32,8.21,1.36,5.8,10,,,,21,10,5,0,8,15,9,3
SWE,Allsvenskan,2025,06/07/2025,13:00,Goteborg,Sirius,3,1,H,1.75,4.03,4.46,1.75,4.03,4.5,1.72,3.84,4.18,1.81,4.1,4.6,,,,13,11,5,5,11,12,4,5
SWE,Allsvenskan,2025,06/07/2025,13:00,Halmstad,AIK,2,0,H,4.91,3.56,1.78,5.2,3.6,1.78,4.75,3.45,1.73,5.5,3.7,1.8,,,,7,13,2,4,8,8,2,8
SWE,Allsvenskan,2025,06/07/2025,15:30,Djurgarden,Degerfors,5,1,H,1.68,4.12,4.82,1.7,4.25,5.6,1.62,3.91,4.88,1.73,4.2,5.2,,,,20,13,8,4,8,14,7,4
SWE,Allsvenskan,2025,06/07/2025,15:30,Elfsborg,Hacken,0,2,A,1.74,4.13,4.37,1.75,4.2,4.37,1.69,3.95,4.19,1.79,4.3,4.6,,,,13,12,3,4,15,12,16,0
SWE,Allsvenskan,2025,07/07/2025,18:00,Norrkoping,Brommapojkarna,0,1,A,2.61,3.97,2.46,2.63,4,2.55,2.51,3.78,2.41,2.72,4.1,2.54,,,,15,15,3,5,9,16,9,4
SWE,Allsvenskan,2025,12/07/2025,14:00,Goteborg,Elfsborg,1,2,A,2.44,3.5,2.89,2.5,3.55,2.89,2.4,3.35,2.73,2.5,3.65,2.98,,,,18,11,7,5,13,21,7,4
SWE,Allsvenskan,2025,12/07/2025,16:30,Malmo FF,Norrkoping,3,1,H,1.26,6.06,11.16,1.27,6.25,12,1.24,5.78,9.95,1.29,6.4,13,,,,14,14,7,5,20,14,4,2
SWE,Allsvenskan,2025,13/07/2025,13:00,Brommapojkarna,Oster,2,0,H,1.51,4.56,6.16,1.52,4.6,6.16,1.48,4.35,5.72,1.58,4.8,6,,,,18,9,8,3,9,14,12,7
SWE,Allsvenskan,2025,13/07/2025,13:00,GAIS,Hammarby,3,2,H,2.52,3.33,2.89,2.65,3.33,2.89,2.47,3.21,2.75,2.62,3.4,3.05,,,,21,8,10,5,12,9,12,1
SWE,Allsvenskan,2025,13/07/2025,15:30,AIK,Degerfors,3,0,H,1.71,3.7,5.24,1.71,3.95,5.25,1.64,3.66,5.01,1.72,3.85,6,,,,12,6,4,1,8,14,5,1
SWE,Allsvenskan,2025,13/07/2025,15:30,Varnamo,Djurgarden,1,0,H,4.44,3.9,1.78,5.1,4.1,1.8,4.42,3.73,1.71,4.9,4,1.82,,,,10,21,4,5,17,14,8,8
SWE,Allsvenskan,2025,13/07/2025,17:30,Hacken,Halmstad,4,1,H,1.71,4.12,4.58,1.71,4.3,4.9,1.65,3.96,4.49,1.74,4.2,5.1,,,,18,11,7,6,9,11,7,1
SWE,Allsvenskan,2025,14/07/2025,18:00,Sirius,Mjallby,1,2,A,2.62,3.53,2.65,2.75,3.95,2.65,2.6,3.42,2.48,2.8,3.6,2.7,,,,15,9,7,4,9,12,6,3
SWE,Allsvenskan,2025,19/07/2025,14:00,Djurgarden,Elfsborg,1,0,H,1.73,3.98,4.63,1.81,4,4.75,1.72,3.79,4.26,1.78,4.1,4.9,,,,18,12,8,6,17,22,7,1
SWE,Allsvenskan,2025,19/07/2025,14:00,Oster,Malmo FF,0,2,A,6.02,4.26,1.55,6.75,4.6,1.55,5.85,4.17,1.5,7,4.5,1.57,,,,12,13,1,5,10,10,1,5
SWE,Allsvenskan,2025,19/07/2025,16:30,Degerfors,GAIS,0,3,A,3.83,3.67,1.96,4.1,3.75,1.96,3.7,3.53,1.9,4,3.8,2,,,,16,12,9,5,10,15,6,1
SWE,Allsvenskan,2025,20/07/2025,13:00,Mjallby,AIK,2,0,H,2.27,3.21,3.43,2.3,3.25,3.43,2.24,3.1,3.18,2.36,3.3,3.55,,,,10,7,2,1,14,15,5,5
SWE,Allsvenskan,2025,20/07/2025,13:00,Sirius,Goteborg,0,1,A,2.79,3.63,2.45,2.79,3.7,2.5,2.64,3.5,2.41,2.94,3.7,2.56,,,,15,15,3,6,14,14,3,6
SWE,Allsvenskan,2025,20/07/2025,15:30,Halmstad,Hacken,0,0,D,3.12,3.54,2.27,3.4,3.54,2.27,3.07,3.41,2.16,3.4,3.6,2.28,,,,9,22,3,7,16,9,2,11
SWE,Allsvenskan,2025,20/07/2025,15:30,Hammarby,Brommapojkarna,3,2,H,1.71,4.13,4.61,1.73,4.35,4.61,1.68,4.05,4.23,1.78,4.2,4.7,,,,20,11,8,3,10,20,8,6
SWE,Allsvenskan,2025,21/07/2025,18:00,Norrkoping,Varnamo,3,1,H,2.31,3.65,2.97,2.31,3.7,3,2.23,3.53,2.87,2.34,3.8,3.2,,,,18,15,6,4,13,13,4,7
SWE,Allsvenskan,2025,26/07/2025,14:00,Brommapojkarna,Malmo FF,2,3,A,3.78,3.77,1.94,4,3.77,2,3.56,3.62,1.91,3.85,4,2.02,,,,10,15,4,4,11,9,3,6
SWE,Allsvenskan,2025,26/07/2025,14:00,GAIS,Halmstad,3,0,H,1.34,5.16,9.33,1.34,5.5,9.5,1.3,5.11,8.83,1.35,5.6,11.5,,,,18,7,5,2,13,11,6,2
SWE,Allsvenskan,2025,26/07/2025,16:30,Degerfors,Norrkoping,0,0,D,2.21,3.78,3.06,2.28,3.8,3.1,2.18,3.57,2.92,2.26,3.85,3.25,,,,21,5,4,1,18,17,7,1
SWE,Allsvenskan,2025,27/07/2025,13:00,AIK,Oster,0,0,D,1.58,4.02,6.14,1.58,4.2,6.25,1.54,3.81,6.04,1.63,3.95,7,,,,15,6,4,1,17,9,9,1
SWE,Allsvenskan,2025,27/07/2025,13:00,Hacken,Djurgarden,1,6,A,3.08,3.71,2.23,3.3,3.71,2.23,3.07,3.5,2.13,3.3,3.8,2.3,,,,18,18,6,7,12,11,5,1
SWE,Allsvenskan,2025,27/07/2025,15:30,Mjallby,Sirius,2,1,H,1.54,4.42,5.89,1.55,4.5,6.25,1.5,4.29,5.59,1.54,4.6,6.8,,,,19,10,7,2,13,13,10,2
SWE,Allsvenskan,2025,27/07/2025,15:30,Varnamo,Hammarby,2,3,A,4.61,4.16,1.7,5.6,4.25,1.7,5.17,4.08,1.56,6.2,4.5,1.61,,,,12,22,7,10,13,9,3,6
SWE,Allsvenskan,2025,28/07/2025,18:00,Elfsborg,Goteborg,4,3,H,2.12,3.7,3.3,2.4,3.7,3.3,2.32,3.47,2.78,2.5,3.7,3,,,,15,11,6,5,13,14,12,2
SWE,Allsvenskan,2025,02/08/2025,14:00,Brommapojkarna,Norrkoping,6,4,H,1.65,4.67,4.43,1.72,4.67,4.43,1.66,4.22,4.16,1.76,4.5,4.5,,,,16,14,9,9,15,13,5,6
SWE,Allsvenskan,2025,02/08/2025,16:30,Varnamo,GAIS,2,2,D,5.1,4.13,1.65,5.1,4.13,1.7,4.62,3.88,1.64,5.1,4.3,1.72,,,,10,29,3,9,9,8,6,6
SWE,Allsvenskan,2025,03/08/2025,13:00,Djurgarden,Halmstad,1,1,D,1.26,6.42,10.01,1.26,6.5,11.5,1.22,5.98,10.29,1.28,6.6,12.5,,,,23,6,2,2,8,23,9,5
SWE,Allsvenskan,2025,03/08/2025,13:00,Hacken,Elfsborg,1,2,A,3.17,3.93,2.11,3.25,4,2.12,3.07,3.81,2.03,3.3,4,2.2,,,,21,13,8,7,12,16,4,6
SWE,Allsvenskan,2025,03/08/2025,15:30,Sirius,Oster,1,1,D,1.7,4.1,4.7,1.7,4.5,4.7,1.66,3.99,4.41,1.78,4.2,4.8,,,,15,13,7,4,12,17,5,6
SWE,Allsvenskan,2025,04/08/2025,18:00,Goteborg,Degerfors,3,0,H,1.65,4.15,5.05,1.7,4.2,5.2,1.64,3.89,4.68,1.7,4.3,5.4,,,,32,7,10,2,10,2,20,4
SWE,Allsvenskan,2025,09/08/2025,14:00,Malmo FF,Mjallby,1,3,A,1.88,3.62,4.24,1.93,3.6,4,1.89,3.43,3.82,1.95,3.7,4.5,,,,19,13,6,5,9,11,9,3
SWE,Allsvenskan,2025,09/08/2025,16:30,Halmstad,Sirius,0,1,A,3.42,3.58,2.12,3.4,3.55,2.23,3.19,3.4,2.11,3.55,3.6,2.22,,,,5,16,1,2,14,11,8,8
SWE,Allsvenskan,2025,10/08/2025,13:00,AIK,Djurgarden,0,0,D,2.7,3.17,2.8,2.54,3.25,3.25,2.41,3.04,2.94,2.6,3.2,3.3,,,,20,13,3,6,11,14,3,5
SWE,Allsvenskan,2025,10/08/2025,13:00,Degerfors,Hacken,0,0,D,2.72,3.58,2.53,3.25,3.65,2.32,3.05,3.45,2.15,3.25,3.65,2.32,,,,8,15,1,6,13,9,4,7
SWE,Allsvenskan,2025,10/08/2025,15:30,Norrkoping,Hammarby,0,2,A,4.79,4.39,1.64,5.1,4.6,1.61,4.83,4.22,1.56,5.2,4.5,1.69,,,,10,14,3,6,16,13,9,10
SWE,Allsvenskan,2025,10/08/2025,15:30,Oster,Brommapojkarna,1,1,D,2.76,3.73,2.42,2.85,3.85,2.45,2.69,3.53,2.34,2.84,3.75,2.58,,,,8,10,2,1,14,14,3,1
SWE,Allsvenskan,2025,11/08/2025,18:00,Elfsborg,Varnamo,2,2,D,1.46,5,6.23,1.45,5.3,6.33,1.41,4.84,5.99,1.47,5.4,7,,,,23,11,8,4,14,13,8,3
SWE,Allsvenskan,2025,11/08/2025,18:00,GAIS,Goteborg,0,1,A,2.02,3.51,3.8,2.12,3.65,3.5,2.05,3.43,3.28,2.18,3.65,3.65,,,,18,7,4,3,16,12,12,2
SWE,Allsvenskan,2025,16/08/2025,14:00,Halmstad,Malmo FF,0,4,A,6.01,4.27,1.55,5.1,4.1,1.73,4.76,3.77,1.65,5.3,4,1.76,4.5,3.9,1.7,10,15,4,8,8,10,7,9
SWE,Allsvenskan,2025,16/08/2025,16:30,Norrkoping,Elfsborg,2,1,H,3.45,3.77,2.04,3.35,4,2.1,3.19,3.73,2,3.45,4,2.14,3.25,3.75,2.05,16,19,5,6,6,21,6,13
SWE,Allsvenskan,2025,17/08/2025,13:00,Brommapojkarna,Sirius,2,4,A,2.19,4.06,2.94,2.1,4.1,3.1,2.05,3.83,3.01,2.16,4.2,3.25,2.05,3.9,3.1,10,13,5,8,13,13,4,3
SWE,Allsvenskan,2025,17/08/2025,13:00,Goteborg,AIK,2,1,H,2.23,3.14,3.63,2.38,3.2,3.4,2.31,3.1,3.06,2.44,3.3,3.45,2.25,3.2,3.25,17,16,6,5,5,14,10,10
SWE,Allsvenskan,2025,17/08/2025,15:30,Hacken,Oster,0,2,A,1.72,4.14,4.49,1.62,4.4,5,1.58,4.14,4.83,1.61,4.7,5.7,1.57,4.33,5,14,10,4,5,8,21,8,2
SWE,Allsvenskan,2025,17/08/2025,15:30,Hammarby,GAIS,1,2,A,1.98,3.75,3.66,1.91,3.95,3.95,1.84,3.68,3.72,1.93,3.95,4.2,1.85,3.8,3.8,15,10,5,5,8,17,7,2
SWE,Allsvenskan,2025,17/08/2025,15:30,Mjallby,Djurgarden,1,1,D,2.2,3.54,3.26,2.2,3.6,3.5,2.09,3.41,3.2,2.22,3.65,3.45,2.2,3.5,3.1,11,14,4,5,18,11,4,5
SWE,Allsvenskan,2025,18/08/2025,18:00,Varnamo,Degerfors,3,2,H,2.22,3.6,3.19,2.45,3.75,2.8,2.36,3.52,2.69,2.56,3.8,2.84,2.45,3.6,2.7,15,15,5,3,7,10,5,10
SWE,Allsvenskan,2025,24/08/2025,13:00,Djurgarden,Brommapojkarna,1,0,H,1.61,4.47,5.03,1.62,4.7,5.1,1.56,4.3,4.73,1.67,4.6,5.3,1.62,4.5,4.33,21,14,3,2,18,12,4,3
SWE,Allsvenskan,2025,24/08/2025,13:00,Sirius,Hammarby,3,1,H,4.13,4.05,1.8,4.1,4.1,1.85,3.83,3.82,1.79,4.1,4,1.93,4,3.8,1.8,16,21,5,4,16,8,4,10
SWE,Allsvenskan,2025,24/08/2025,15:30,Degerfors,AIK,0,1,A,4.02,3.36,2.01,4.2,3.5,2.01,3.9,3.28,1.92,4.3,3.5,2.04,3.9,3.4,1.95,5,11,2,5,13,11,6,6
SWE,Allsvenskan,2025,24/08/2025,15:30,Elfsborg,Halmstad,1,2,A,1.42,4.99,7.05,1.55,4.7,6.1,1.49,4.33,5.62,1.55,4.7,6.8,1.53,4.2,5.75,10,13,4,7,9,13,2,3
SWE,Allsvenskan,2025,24/08/2025,15:30,Malmo FF,Goteborg,0,0,D,1.72,3.92,4.75,1.73,4,4.9,1.68,3.73,4.5,1.77,3.9,5.3,1.73,3.7,4.5,32,11,7,4,15,14,9,6
SWE,Allsvenskan,2025,24/08/2025,15:30,Varnamo,Hacken,1,5,A,3.2,3.9,2.11,3.1,3.9,2.36,2.73,3.68,2.24,2.9,3.9,2.46,2.7,3.8,2.3,12,22,3,13,14,11,4,7
SWE,Allsvenskan,2025,25/08/2025,18:00,GAIS,Mjallby,0,2,A,2.4,3.52,2.92,2.38,3.55,3,2.32,3.36,2.82,2.44,3.6,3.15,2.3,3.4,3,14,15,4,4,10,12,7,7
SWE,Allsvenskan,2025,25/08/2025,18:00,Oster,Norrkoping,1,2,A,2.46,3.42,2.92,2.32,3.65,3.1,2.24,3.43,2.87,2.38,3.6,3.25,2.25,3.5,3,12,12,3,6,15,10,6,5
SWE,Allsvenskan,2025,30/08/2025,14:00,Brommapojkarna,Elfsborg,3,0,H,2.45,3.67,2.76,2.4,3.85,2.85,2.29,3.61,2.68,2.38,3.85,3,2.2,3.8,2.7,10,12,8,4,13,10,2,5
SWE,Allsvenskan,2025,30/08/2025,14:00,Goteborg,Varnamo,1,0,H,1.46,5.21,5.88,1.45,5.5,6,1.41,4.87,5.9,1.48,5.4,6.6,1.36,5.5,6,27,17,9,8,8,9,9,4
SWE,Allsvenskan,2025,30/08/2025,16:30,Mjallby,Halmstad,1,0,H,1.46,4.65,6.77,1.44,5.1,7.5,1.39,4.56,6.83,1.46,5,8.2,1.33,5,6,11,9,5,3,10,13,9,5
SWE,Allsvenskan,2025,31/08/2025,13:00,AIK,Sirius,2,1,H,1.79,3.85,4.38,1.88,3.85,4.5,1.77,3.62,4.09,1.85,3.9,4.7,1.72,3.8,4,12,21,6,2,12,10,7,4
SWE,Allsvenskan,2025,31/08/2025,13:00,Malmo FF,Degerfors,1,1,D,1.34,5.35,8.96,1.3,6,10,1.27,5.38,9.2,1.29,6.2,13.5,1.24,6,8,25,11,7,4,9,15,8,4
SWE,Allsvenskan,2025,31/08/2025,13:00,Norrkoping,Djurgarden,0,4,A,4.09,3.97,1.83,4.25,4.1,1.77,3.97,3.91,1.73,4.5,4.2,1.79,4.1,4.1,1.67,8,14,2,11,11,15,7,6
SWE,Allsvenskan,2025,31/08/2025,15:30,GAIS,Hacken,2,1,H,1.82,4.15,3.95,1.95,4.1,3.8,1.88,3.69,3.56,2.02,3.85,3.9,1.91,3.8,3.6,14,13,9,4,20,11,2,3
SWE,Allsvenskan,2025,31/08/2025,15:30,Hammarby,Oster,4,0,H,1.36,5.11,8.47,1.38,5.3,8.5,1.35,4.86,7.4,1.41,5.4,8.8,1.37,5,7,19,11,9,4,8,13,5,3
SWE,Allsvenskan,2025,13/09/2025,14:00,Degerfors,Mjallby,0,1,A,4.38,3.74,1.82,4.7,4,1.75,4.43,3.71,1.7,4.9,3.95,1.83,4.5,3.9,1.66,8,12,0,5,16,14,1,5
SWE,Allsvenskan,2025,13/09/2025,16:30,Halmstad,Norrkoping,1,1,D,2.88,3.24,2.59,2.75,3.3,2.66,2.67,3.21,2.5,2.84,3.45,2.7,2.75,3.2,2.5,11,15,2,3,22,5,3,2
SWE,Allsvenskan,2025,14/09/2025,13:00,Djurgarden,Hammarby,3,3,D,2.59,3.55,2.67,3,3.5,2.45,2.76,3.31,2.36,3,3.6,2.52,3,3.25,2.35,9,13,6,6,9,17,7,3
SWE,Allsvenskan,2025,14/09/2025,13:00,Oster,Varnamo,4,3,H,2.19,3.67,3.17,2.2,3.5,3.3,2.12,3.44,3.05,2.22,3.7,3.35,2.1,3.4,3.3,17,17,9,5,7,7,6,5
SWE,Allsvenskan,2025,14/09/2025,15:30,Elfsborg,Malmo FF,2,2,D,3.76,3.68,1.97,3.8,3.6,2,3.53,3.53,1.94,3.9,3.75,2.06,3.7,3.6,1.96,4,12,2,3,12,13,3,3
SWE,Allsvenskan,2025,14/09/2025,15:30,Sirius,GAIS,3,0,H,2.92,3.57,2.38,2.83,3.6,2.38,2.7,3.49,2.32,2.88,3.8,2.5,2.82,3.4,2.3,17,7,7,2,9,15,7,4
SWE,Allsvenskan,2025,15/09/2025,18:00,AIK,Brommapojkarna,2,1,H,1.65,3.92,5.42,1.8,3.75,5.1,1.7,3.6,4.56,1.8,3.85,5.1,1.76,3.7,4.1,15,3,7,1,12,12,6,2
SWE,Allsvenskan,2025,15/09/2025,18:10,Hacken,Goteborg,1,2,A,2.23,4.12,2.83,2.28,4.2,2.85,2.22,3.75,2.71,2.32,4.2,2.96,2.15,3.9,2.7,26,9,5,6,10,8,5,4
SWE,Allsvenskan,2025,20/09/2025,14:00,GAIS,Elfsborg,2,0,H,1.87,3.81,4.06,2.25,3.65,3.4,2.09,3.39,3.2,2.26,3.6,3.5,2.15,3.4,3.1,16,19,5,5,14,10,4,4
SWE,Allsvenskan,2025,20/09/2025,14:00,Malmo FF,Djurgarden,0,1,A,1.81,3.87,4.27,1.8,3.85,4.5,1.74,3.63,4.24,1.82,4,4.9,1.71,3.7,4.5,14,9,3,3,9,8,7,6
SWE,Allsvenskan,2025,20/09/2025,16:30,Mjallby,Oster,1,1,D,1.53,4.34,6.14,1.5,4.6,7,1.46,4.23,6.16,1.53,4.6,7.6,1.46,4.2,6,14,11,4,3,8,14,9,6
SWE,Allsvenskan,2025,21/09/2025,13:00,Goteborg,Brommapojkarna,0,1,A,1.73,4.23,4.34,1.73,4.2,4.4,1.68,3.93,4.26,1.77,4.3,4.7,1.66,4.1,4.33,16,11,2,6,9,17,10,4
SWE,Allsvenskan,2025,21/09/2025,13:00,Hammarby,Hacken,4,0,H,1.59,4.61,4.99,1.67,4.5,4.9,1.6,4.21,4.46,1.69,4.6,4.9,1.57,4.5,4.2,25,12,10,6,6,9,7,7
SWE,Allsvenskan,2025,21/09/2025,15:30,Sirius,Degerfors,1,3,A,1.55,4.59,5.45,1.55,4.8,5.75,1.49,4.39,5.3,1.59,4.9,5.7,1.49,4.75,5,8,9,2,5,16,9,6,0
SWE,Allsvenskan,2025,22/09/2025,18:00,Varnamo,Halmstad,1,2,A,2.32,3.62,2.98,2.42,3.6,3.1,2.21,3.45,2.88,2.38,3.75,3.05,2.1,3.6,3,22,23,4,8,7,11,8,6
SWE,Allsvenskan,2025,22/09/2025,18:10,Norrkoping,AIK,3,1,H,3.97,3.51,1.97,4,3.5,2.1,3.49,3.29,2.02,3.9,3.5,2.14,3.6,3.3,2.05,11,9,5,2,16,15,6,9
SWE,Allsvenskan,2025,27/09/2025,14:00,Elfsborg,Degerfors,1,2,A,1.78,3.84,4.52,2,3.75,3.6,1.94,3.57,3.44,2.08,3.9,3.7,1.91,3.75,3.4,16,13,4,5,11,13,10,2
SWE,Allsvenskan,2025,27/09/2025,16:30,Hacken,Norrkoping,2,0,H,1.65,4.33,4.76,1.66,4.4,4.75,1.61,4.19,4.43,1.67,4.5,5.2,1.56,4.33,4.75,17,3,6,1,19,9,8,3
SWE,Allsvenskan,2025,28/09/2025,13:00,Brommapojkarna,Mjallby,0,1,A,3.45,3.61,2.1,3.5,3.75,2.1,3.31,3.5,2.01,3.7,3.7,2.12,3.5,3.5,2.01,10,14,1,4,11,16,2,6
SWE,Allsvenskan,2025,28/09/2025,13:00,Halmstad,Hammarby,1,0,H,4.58,4.04,1.72,4.9,4.1,1.75,4.46,3.81,1.67,5,4.1,1.77,4.33,3.9,1.68,6,11,2,3,18,14,0,4
SWE,Allsvenskan,2025,28/09/2025,15:30,AIK,GAIS,1,1,D,2.22,3.29,3.47,2.3,3.25,3.25,2.23,3.13,3.12,2.34,3.3,3.55,2.2,3.25,3.2,14,7,5,3,19,12,4,3
SWE,Allsvenskan,2025,28/09/2025,15:30,Malmo FF,Varnamo,3,2,H,1.2,7.17,13.07,1.22,7,13,1.18,6.57,11.57,1.22,8.2,15,1.17,7,12,19,11,8,4,15,9,3,0
SWE,Allsvenskan,2025,29/09/2025,18:00,Djurgarden,Sirius,8,2,H,1.85,4.02,3.89,2.05,3.85,3.66,1.94,3.68,3.34,2.1,3.9,3.6,2.01,3.75,3.2,14,23,9,11,10,13,5,6
SWE,Allsvenskan,2025,29/09/2025,18:10,Oster,Goteborg,0,2,A,3.43,3.88,2.02,3.45,3.75,2.05,3.3,3.52,2,3.6,3.85,2.14,3.4,3.7,1.96,7,32,1,12,13,10,2,8
SWE,Allsvenskan,2025,04/10/2025,14:00,Degerfors,Djurgarden,1,1,D,3.71,3.83,1.94,3.65,3.75,2,3.48,3.59,1.93,3.95,3.75,2.02,3.4,3.6,1.96,10,5,4,2,16,11,7,3
SWE,Allsvenskan,2025,04/10/2025,14:00,Mjallby,Elfsborg,2,0,H,1.79,3.84,4.39,1.78,3.85,4.7,1.72,3.66,4.38,1.83,3.9,4.9,1.71,3.8,4.33,16,6,9,0,8,18,12,6
SWE,Allsvenskan,2025,04/10/2025,14:00,Oster,Halmstad,3,0,H,2.3,3.24,3.35,2.3,3.4,3.4,2.22,3.22,3.1,2.4,3.25,3.5,2.15,3.4,3.2,14,15,6,4,13,5,9,4
SWE,Allsvenskan,2025,04/10/2025,16:30,GAIS,Norrkoping,2,1,H,1.43,4.74,7.18,1.4,5,8.5,1.35,4.65,7.55,1.44,5,8.6,1.37,4.75,7,20,7,4,1,20,8,9,4
SWE,Allsvenskan,2025,05/10/2025,13:00,AIK,Varnamo,2,3,A,1.41,4.98,7.35,1.46,4.7,7,1.43,4.38,6.36,1.51,4.9,7.2,1.45,4.5,5.75,16,17,3,4,16,9,9,3
SWE,Allsvenskan,2025,05/10/2025,13:00,Goteborg,Hammarby,1,2,A,2.9,3.69,2.34,2.75,3.6,2.45,2.66,3.44,2.38,2.84,3.6,2.62,2.65,3.5,2.4,9,16,2,7,14,10,6,9
SWE,Allsvenskan,2025,05/10/2025,15:30,Brommapojkarna,Hacken,1,3,A,3.21,3.82,2.13,3.2,3.75,2.25,2.91,3.62,2.14,3.35,3.8,2.22,3.2,3.75,2.01,12,17,1,6,15,11,9,3
SWE,Allsvenskan,2025,05/10/2025,15:30,Sirius,Malmo FF,5,1,H,2.72,3.7,2.47,2.8,3.66,2.55,2.6,3.44,2.42,2.82,3.85,2.54,2.57,3.4,2.45,10,21,5,8,16,11,5,10
SWE,Allsvenskan,2025,18/10/2025,14:00,Norrkoping,Malmo FF,0,2,A,4.76,4.18,1.68,5,4.2,1.7,4.59,3.91,1.63,5.1,4.2,1.73,5,3.9,1.61,17,11,3,5,7,11,6,3
SWE,Allsvenskan,2025,18/10/2025,16:30,Hacken,Sirius,1,1,D,2.05,3.96,3.31,2.05,4.2,3.3,1.96,3.88,3.15,2.06,4.1,3.55,1.91,4,3.3,16,15,7,2,10,6,7,3
SWE,Allsvenskan,2025,19/10/2025,13:00,GAIS,Djurgarden,3,2,H,2.31,3.31,3.24,2.57,3.45,2.8,2.47,3.23,2.7,2.7,3.4,2.88,2.5,3.2,2.75,14,11,8,4,8,9,5,9
SWE,Allsvenskan,2025,19/10/2025,13:00,Hammarby,AIK,2,1,H,1.66,3.92,5.33,1.7,3.8,5,1.67,3.66,4.69,1.75,4.1,5.3,1.62,3.75,5,13,10,4,3,12,9,3,3
SWE,Allsvenskan,2025,19/10/2025,15:30,Elfsborg,Oster,5,1,H,1.88,4.01,3.83,1.8,4.2,4.1,1.74,3.87,3.95,1.82,4.4,4.4,1.68,4,4.1,19,15,8,4,9,14,7,6
SWE,Allsvenskan,2025,19/10/2025,15:30,Varnamo,Brommapojkarna,1,1,D,2.73,3.83,2.4,2.75,3.8,2.48,2.68,3.62,2.3,2.9,4,2.42,2.75,3.8,2.2,12,21,2,7,14,10,5,9
SWE,Allsvenskan,2025,20/10/2025,18:00,Degerfors,Halmstad,0,1,A,1.93,3.45,4.23,2.05,3.4,4.1,1.95,3.25,3.75,2.08,3.45,4.3,1.96,3.4,3.7,15,10,2,1,11,18,4,7
SWE,Allsvenskan,2025,20/10/2025,18:10,Goteborg,Mjallby,0,2,A,2.86,3.59,2.41,2.88,3.55,2.45,2.81,3.31,2.34,3,3.6,2.52,2.82,3.3,2.35,13,22,2,10,14,10,7,7
SWE,Allsvenskan,2025,25/10/2025,14:00,Djurgarden,Varnamo,6,2,H,1.25,6.1,9.47,1.25,6.75,10,1.22,6.27,9.38,1.26,7.8,11,1.22,6.25,10,21,11,13,3,11,10,7,2
SWE,Allsvenskan,2025,25/10/2025,16:30,Oster,Degerfors,1,2,A,2.37,3.43,2.9,3.1,3.55,2.4,2.87,3.34,2.29,3.25,3.55,2.4,2.95,3.4,2.2,15,14,2,7,16,9,10,4
SWE,Allsvenskan,2025,26/10/2025,13:00,Mjallby,Norrkoping,2,1,H,1.71,3.96,4.42,1.85,3.95,4.2,1.78,3.72,3.95,1.87,4,4.5,1.81,3.9,3.7,14,11,4,5,9,11,4,3
SWE,Allsvenskan,2025,26/10/2025,13:00,Sirius,Elfsborg,4,0,H,2.08,3.86,3.12,1.78,4.33,4.33,1.72,4.05,3.87,1.8,4.5,4.3,1.68,4.33,3.9,20,8,8,1,10,14,5,5
SWE,Allsvenskan,2025,26/10/2025,15:30,AIK,Hacken,2,2,D,2.12,3.45,3.36,2,3.6,3.7,1.94,3.44,3.55,2.06,3.7,3.95,1.96,3.5,3.6,15,21,5,6,15,7,8,9
SWE,Allsvenskan,2025,26/10/2025,15:30,Halmstad,Goteborg,0,3,A,3.68,3.63,1.95,3.75,3.7,1.98,3.54,3.49,1.94,4,3.9,2,3.75,3.6,1.91,8,21,2,7,13,10,4,2
SWE,Allsvenskan,2025,27/10/2025,18:00,Brommapojkarna,GAIS,0,2,A,3.26,3.49,2.15,3.2,3.65,2.16,3.11,3.49,2.1,3.45,3.8,2.2,3.2,3.6,2.1,11,8,4,3,8,15,4,2
SWE,Allsvenskan,2025,27/10/2025,18:10,Malmo FF,Hammarby,1,3,A,2.15,3.51,3.24,2.2,3.5,3.35,2.12,3.35,3.16,2.3,3.65,3.4,2.15,3.4,3.05,13,13,2,5,14,11,6,5
SWE,Allsvenskan,2025,01/11/2025,14:00,Hacken,Malmo FF,1,1,D,,,,2.4,3.9,2.75,2.3,3.74,2.61,2.5,4,2.78,2.25,3.75,2.7,14,8,4,4,15,9,7,1
SWE,Allsvenskan,2025,01/11/2025,16:30,Norrkoping,Sirius,1,2,A,,,,2.75,4.2,2.3,2.66,3.83,2.22,2.94,4.2,2.32,2.75,3.9,2.15,7,25,3,7,16,13,3,9
SWE,Allsvenskan,2025,02/11/2025,13:00,Elfsborg,AIK,0,3,A,,,,2.35,3.75,2.85,2.28,3.55,2.73,2.38,3.85,3,2.25,3.6,2.85,11,11,3,6,12,12,2,1
SWE,Allsvenskan,2025,02/11/2025,13:00,Halmstad,Brommapojkarna,0,0,D,,,,2.88,3.4,2.5,2.79,3.21,2.4,3,3.4,2.62,2.75,3.4,2.32,21,6,2,1,10,10,7,2
SWE,Allsvenskan,2025,02/11/2025,15:30,Djurgarden,Goteborg,0,0,D,,,,1.73,4.2,4.5,1.69,3.95,4.14,1.75,4.5,4.6,1.68,4,4.2,18,13,5,2,16,17,5,11
SWE,Allsvenskan,2025,02/11/2025,15:30,GAIS,Oster,1,1,D,,,,1.44,5,7.5,1.39,4.59,6.78,1.45,5.2,8,1.41,4.75,6.25,29,11,5,3,11,16,11,6
SWE,Allsvenskan,2025,03/11/2025,18:00,Degerfors,Hammarby,1,1,D,,,,3.3,3.75,2.1,3.22,3.56,2.03,3.6,3.8,2.14,3.25,3.6,2.01,12,11,6,4,13,9,3,5
SWE,Allsvenskan,2025,03/11/2025,18:00,Varnamo,Mjallby,0,5,A,,,,6,4.75,1.53,5.46,4.32,1.49,6,4.9,1.56,5.25,4.75,1.49,8,25,3,9,7,9,7,7
SWE,Allsvenskan,2025,09/11/2025,14:00,AIK,Halmstad,0,2,A,,,,1.36,5,9.5,1.33,4.68,8.19,1.38,5.3,10,1.33,4.75,8,13,11,2,5,9,16,5,3
SWE,Allsvenskan,2025,09/11/2025,14:00,Brommapojkarna,Degerfors,1,3,A,,,,3.65,4.2,1.96,3.44,3.73,1.91,3.75,4.1,2,3.4,4.2,1.86,11,23,3,10,13,15,6,7
SWE,Allsvenskan,2025,09/11/2025,14:00,Goteborg,Norrkoping,2,0,H,,,,1.75,4.35,4.6,1.68,4.01,4.2,1.78,4.2,4.7,1.68,4,4.33,15,12,6,3,8,15,4,3
SWE,Allsvenskan,2025,09/11/2025,14:00,Hammarby,Elfsborg,3,0,H,,,,1.57,4.9,6,1.49,4.63,5.08,1.59,5.1,5.5,1.51,4.75,4.75,21,5,8,2,10,17,8,3
SWE,Allsvenskan,2025,09/11/2025,14:00,Malmo FF,GAIS,2,1,H,,,,2,3.9,3.65,1.91,3.68,3.46,2,3.95,3.85,1.86,3.9,3.5,16,10,6,3,18,15,7,1
SWE,Allsvenskan,2025,09/11/2025,14:00,Mjallby,Hacken,1,0,H,,,,1.6,4.35,5.6,1.53,4.18,5.12,1.61,4.8,5.6,1.53,4.33,5,15,18,9,4,12,18,3,9
SWE,Allsvenskan,2025,09/11/2025,14:00,Oster,Djurgarden,1,3,A,,,,3.6,4.2,1.93,3.41,3.85,1.9,3.65,4.3,1.99,3.6,3.9,1.86,16,10,7,5,16,15,4,2
SWE,Allsvenskan,2025,09/11/2025,14:00,Sirius,Varnamo,3,1,H,,,,1.25,7,10.25,1.22,6.51,9.02,1.27,7.6,10,1.22,7,8.5,37,10,8,4,12,13,10,3
SWE,Allsvenskan,2026,04/04/2026,14:00,Degerfors,Sirius,0,3,A,,,,3.6,3.5,2.12,3.37,3.36,2.02,3.7,3.55,2.18,3.6,3.5,1.96,7,7,1,4,20,11,6,4
SWE,Allsvenskan,2026,04/04/2026,14:00,Hammarby,Mjallby,3,0,H,,,,2,3.6,3.8,1.94,3.42,3.57,2.02,3.65,4.1,1.91,3.5,3.8,15,14,5,7,17,16,2,3
SWE,Allsvenskan,2026,05/04/2026,13:00,AIK,Halmstad,2,1,H,,,,1.5,4.75,7.2,1.44,4.21,6.42,1.5,4.8,7.4,1.45,4.75,6,25,10,6,7,11,14,2,3
SWE,Allsvenskan,2026,05/04/2026,13:00,Kalmar,Vasteras SK,0,1,A,,,,2.25,3.4,3.65,2.15,3.11,3.32,2.34,3.25,3.6,2.15,3.4,3.25,16,4,3,2,15,20,14,5
SWE,Allsvenskan,2026,05/04/2026,15:30,Orgryte,Malmo FF,1,1,D,,,,5.8,4.2,1.6,5.31,3.99,1.54,5.9,4.3,1.64,5.5,4,1.53,15,19,7,6,10,10,5,10
SWE,Allsvenskan,2026,06/04/2026,13:00,Elfsborg,Goteborg,2,0,H,,,,2.28,3.3,3.4,2.18,3.18,3.16,2.34,3.35,3.55,2.15,3.3,3.3,15,12,5,1,12,7,6,7
SWE,Allsvenskan,2026,06/04/2026,13:00,Hacken,Brommapojkarna,2,2,D,,,,1.7,4.25,4.8,1.64,3.94,4.44,1.74,4.3,4.9,1.66,4,4.75,17,7,3,4,13,17,6,3
SWE,Allsvenskan,2026,06/04/2026,15:30,GAIS,Djurgarden,0,1,A,,,,2.25,3.3,3.5,2.15,3.18,3.23,2.24,3.35,3.75,2.1,3.3,3.4,11,12,6,5,14,7,2,10
SWE,Allsvenskan,2026,11/04/2026,14:00,Goteborg,Hacken,0,2,A,,,,3,3.4,2.8,2.82,3.23,2.39,3.1,3.5,2.48,3,3.1,2.45,19,12,7,7,8,19,9,4
SWE,Allsvenskan,2026,11/04/2026,14:00,Mjallby,Orgryte,0,2,A,,,,1.36,5.5,9.5,1.31,4.93,8.29,1.35,5.9,10,1.3,5.25,8,22,8,5,5,8,18,12,3
SWE,Allsvenskan,2026,11/04/2026,14:00,Vasteras SK,Elfsborg,2,2,D,,,,3.1,3.5,2.45,2.91,3.12,2.38,3.2,3.25,2.54,3,3,2.45,10,8,4,3,9,13,8,3
SWE,Allsvenskan,2026,12/04/2026,13:00,Djurgarden,Kalmar,3,2,H,,,,1.73,3.9,5.25,1.67,3.66,4.68,1.79,3.9,5.2,1.68,3.6,4.75,21,10,9,5,10,15,5,4
SWE,Allsvenskan,2026,12/04/2026,13:00,Halmstad,Degerfors,0,3,A,,,,3,3.1,2.8,2.84,3.07,2.46,3.2,3.25,2.56,3,3.1,2.35,6,10,1,5,14,14,0,6
SWE,Allsvenskan,2026,12/04/2026,15:30,Malmo FF,GAIS,3,1,H,,,,1.95,4,4.4,1.73,3.74,4.18,1.8,4,4.8,1.68,4,4.2,12,11,4,5,13,16,6,5
SWE,Allsvenskan,2026,13/04/2026,18:00,Brommapojkarna,AIK,2,2,D,,,,4,3.8,1.91,3.72,3.62,1.86,4.1,3.9,1.96,3.6,3.8,1.86,12,14,4,6,5,8,4,9
SWE,Allsvenskan,2026,13/04/2026,18:00,Sirius,Hammarby,2,0,H,,,,2.75,3.55,2.7,2.58,3.38,2.5,2.7,3.6,2.76,2.5,3.4,2.57,11,16,4,4,14,13,3,2
SWE,Allsvenskan,2026,17/04/2026,18:00,Degerfors,Elfsborg,0,1,A,,,,2.6,3.2,2.8,2.52,3.08,2.72,,,,2.55,3.1,2.75,11,6,2,3,15,17,7,1
SWE,Allsvenskan,2026,17/04/2026,18:00,Djurgarden,Malmo FF,0,1,A,,,,2.4,3.55,2.85,2.31,3.41,2.76,,,,2.4,3.4,2.7,19,5,2,1,20,11,10,2
SWE,Allsvenskan,2026,18/04/2026,14:00,Halmstad,Goteborg,1,1,D,,,,3.9,3.5,2,3.7,3.38,1.92,,,,3.9,3.4,1.91,10,17,3,4,17,18,3,2
SWE,Allsvenskan,2026,18/04/2026,14:00,Hammarby,Orgryte,8,1,H,,,,1.29,8,15,1.17,6.95,11.75,,,,1.15,8,11,33,12,17,4,8,9,6,6
SWE,Allsvenskan,2026,18/04/2026,14:00,Mjallby,Brommapojkarna,3,0,H,,,,1.53,4.5,7,1.49,4.1,5.89,,,,1.49,4.2,5.75,10,14,4,5,16,16,5,1
SWE,Allsvenskan,2026,18/04/2026,14:00,Sirius,Vasteras SK,4,1,H,,,,1.7,4.3,6.4,1.51,4.01,5.64,,,,1.46,3.8,5.25,14,8,4,2,13,14,4,8
SWE,Allsvenskan,2026,19/04/2026,13:00,AIK,Kalmar,1,0,H,,,,1.73,3.8,5.3,1.66,3.65,4.78,,,,1.66,3.6,5,9,18,6,3,12,9,4,5
SWE,Allsvenskan,2026,19/04/2026,15:30,Hacken,GAIS,2,1,H,,,,2.05,3.75,3.5,1.99,3.56,3.28,,,,1.96,3.6,3.5,11,8,5,3,10,29,5,3
SWE,Allsvenskan,2026,22/04/2026,18:00,Elfsborg,Djurgarden,2,1,H,,,,3,3.35,2.4,2.89,3.24,2.33,,,,3,3.3,2.32,9,19,3,5,16,6,2,7
SWE,Allsvenskan,2026,22/04/2026,18:00,Hammarby,Halmstad,1,1,D,,,,1.23,6.5,14,1.2,6.07,11.57,,,,1.19,6.25,11,22,9,5,3,13,14,9,0
SWE,Allsvenskan,2026,22/04/2026,18:00,Orgryte,Brommapojkarna,1,2,A,,,,3.25,3.6,2.15,3.13,3.51,2.08,,,,3.2,3.6,2.05,13,6,3,2,11,10,2,1
SWE,Allsvenskan,2026,22/04/2026,18:00,Vasteras SK,Hacken,3,3,D,,,,3,3.6,2.25,2.93,3.46,2.2,,,,3,3.5,2.2,15,15,7,4,15,7,5,9
SWE,Allsvenskan,2026,23/04/2026,18:00,Degerfors,AIK,2,1,H,,,,3.05,3.35,2.57,2.83,3.15,2.4,,,,2.82,3.2,2.45,11,9,2,3,17,13,4,7
SWE,Allsvenskan,2026,23/04/2026,18:00,GAIS,Mjallby,0,0,D,,,,2.66,3.25,2.75,2.56,3.17,2.66,,,,2.45,3.25,2.75,26,13,8,3,10,8,7,2
SWE,Allsvenskan,2026,23/04/2026,18:00,Kalmar,Goteborg,1,1,D,,,,2.35,3.45,3,2.29,3.3,2.88,,,,2.3,3.4,2.85,11,15,7,5,8,10,8,5
SWE,Allsvenskan,2026,23/04/2026,18:00,Malmo FF,Sirius,2,3,A,,,,2.42,3.55,2.75,2.38,3.44,2.67,,,,2.35,3.5,2.7,16,16,5,4,17,15,4,3
SWE,Allsvenskan,2026,26/04/2026,13:00,Djurgarden,Hammarby,1,1,D,,,,3.25,3.45,2.25,3.05,3.33,2.16,,,,3.25,3.3,2.15,6,16,3,4,20,8,1,2
SWE,Allsvenskan,2026,26/04/2026,15:30,Brommapojkarna,Vasteras SK,1,2,A,,,,2.28,3.5,3.5,2.16,3.32,3.08,,,,2.1,3.25,3.5,16,16,5,6,9,14,6,6
SWE,Allsvenskan,2026,26/04/2026,15:30,Goteborg,GAIS,2,2,D,,,,2.7,3.4,2.62,2.58,3.29,2.51,,,,2.65,3.3,2.55,11,12,6,3,10,21,4,3
SWE,Allsvenskan,2026,27/04/2026,18:00,AIK,Malmo FF,0,1,A,,,,2.2,3.4,3.35,2.11,3.28,3.19,,,,2.1,3.4,3.3,18,9,9,4,10,11,16,6
SWE,Allsvenskan,2026,27/04/2026,18:00,Hacken,Sirius,2,2,D,,,,3.1,3.75,2.17,2.96,3.58,2.1,,,,3.1,3.6,2.1,11,20,4,5,11,17,3,11
SWE,Allsvenskan,2026,27/04/2026,18:00,Kalmar,Elfsborg,2,1,H,,,,2.6,3.25,3,2.42,3.13,2.79,,,,2.35,3.25,2.85,8,6,4,2,15,11,1,3
SWE,Allsvenskan,2026,27/04/2026,18:00,Mjallby,Halmstad,2,0,H,,,,1.38,4.75,9.5,1.35,4.52,7.75,,,,1.33,4.5,9.5,14,18,8,2,9,11,8,5
SWE,Allsvenskan,2026,27/04/2026,18:00,Orgryte,Degerfors,1,1,D,,,,3.5,3.45,2.15,3.3,3.32,2.05,,,,3.5,3.3,2.05,12,10,7,3,10,6,5,0
SWE,Allsvenskan,2026,02/05/2026,14:00,Degerfors,Hacken,1,1,D,,,,3.2,3.4,2.35,3,3.24,2.24,,,,3.2,3.25,2.2,11,15,3,3,21,8,3,5
SWE,Allsvenskan,2026,02/05/2026,14:00,Sirius,Kalmar,3,2,H,,,,1.47,4.75,7,1.43,4.36,6.17,,,,1.42,4.75,6,15,17,7,6,6,20,6,6
SWE,Allsvenskan,2026,03/05/2026,13:00,Hammarby,Vasteras SK,3,0,H,,,,1.36,5.4,9,1.31,5.03,7.75,,,,1.3,5.25,7.5,34,5,9,0,9,13,7,0
SWE,Allsvenskan,2026,03/05/2026,13:00,Malmo FF,Mjallby,2,3,A,,,,2.65,3.4,2.8,2.53,3.25,2.59,,,,2.57,3.4,2.57,22,11,6,8,12,16,5,2
SWE,Allsvenskan,2026,03/05/2026,15:30,Elfsborg,AIK,1,1,D,,,,2.75,3.25,2.63,2.66,3.16,2.51,,,,2.75,3.2,2.5,11,12,3,5,12,10,4,5
SWE,Allsvenskan,2026,03/05/2026,15:30,GAIS,Orgryte,4,0,H,,,,1.5,4.5,6.1,1.46,4.3,5.78,,,,1.46,4.5,5.75,19,4,6,1,12,14,8,2
SWE,Allsvenskan,2026,04/05/2026,18:00,Djurgarden,Goteborg,6,0,H,,,,1.65,4.1,5,1.6,3.86,4.82,,,,1.57,4.1,5,23,14,10,4,11,10,7,7
SWE,Allsvenskan,2026,04/05/2026,18:00,Halmstad,Brommapojkarna,1,3,A,,,,3,3.3,2.5,2.85,3.17,2.37,,,,3,3.2,2.35,14,16,1,5,7,12,4,5
SWE,Allsvenskan,2026,08/05/2026,18:00,Elfsborg,Brommapojkarna,2,0,H,,,,1.85,3.6,4.33,1.79,3.48,4.07,1.9,3.8,4.7,1.76,3.5,4.33,13,14,6,4,7,6,5,8
SWE,Allsvenskan,2026,09/05/2026,14:00,Degerfors,Mjallby,1,4,A,,,,3.85,3.3,2.15,3.45,3.19,2.06,3.8,3.5,2.18,3.5,3.2,2.05,17,10,4,6,16,12,3,5
SWE,Allsvenskan,2026,09/05/2026,14:00,Goteborg,Hammarby,0,1,A,,,,5.6,4.33,1.6,5.23,4.06,1.54,5.7,4.4,1.64,5.5,3.9,1.56,10,13,0,4,20,9,4,5
SWE,Allsvenskan,2026,09/05/2026,14:00,Vasteras SK,GAIS,0,1,A,,,,3.2,3.4,2.25,3.04,3.33,2.17,3.3,3.55,2.34,3.2,3.3,2.2,5,14,2,6,8,16,1,5
SWE,Allsvenskan,2026,10/05/2026,13:00,AIK,Djurgarden,2,4,A,,,,2.71,3.4,2.55,2.63,3.31,2.45,2.84,3.6,2.7,2.65,3.4,2.45,14,19,5,10,12,14,7,9
SWE,Allsvenskan,2026,10/05/2026,13:00,Kalmar,Halmstad,2,0,H,,,,1.7,3.75,5.5,1.63,3.6,5.06,1.71,3.9,6,1.62,3.7,5,,,,,,,,
SWE,Allsvenskan,2026,10/05/2026,15:30,Hacken,Malmo FF,3,2,H,,,,2.14,3.65,3.3,2.05,3.5,3.13,2.16,3.8,3.5,2.01,3.6,3.3,15,17,7,6,14,10,4,5
SWE,Allsvenskan,2026,11/05/2026,18:00,Sirius,Orgryte,2,0,H,,,,1.2,7.5,14,1.17,6.76,11.47,1.23,8,14.5,1.15,7.5,12,23,7,6,1,8,16,5,4
SWE,Allsvenskan,2026,16/05/2026,14:00,GAIS,Degerfors,1,1,D,,,,1.7,3.75,5.4,1.65,3.48,4.99,1.79,3.75,5.6,1.66,3.5,5.25,15,10,1,3,15,9,6,3
SWE,Allsvenskan,2026,16/05/2026,14:00,Halmstad,Elfsborg,1,1,D,,,,3.9,3.35,2.1,3.6,3.27,1.95,4,3.45,2.14,3.6,3.3,2.01,11,13,3,2,14,5,2,8
SWE,Allsvenskan,2026,17/05/2026,13:00,Brommapojkarna,Kalmar,1,0,H,,,,2.71,3.5,2.55,2.62,3.31,2.42,2.94,3.5,2.64,2.65,3.5,2.4,7,24,3,9,10,13,4,3
SWE,Allsvenskan,2026,17/05/2026,13:00,Hammarby,Malmo FF,4,1,H,,,,1.46,5,7,1.4,4.64,6.19,1.43,5.5,7.8,1.41,5,6,29,10,12,3,13,16,10,3
SWE,Allsvenskan,2026,17/05/2026,15:30,Mjallby,Hacken,0,1,A,,,,2.38,3.5,2.95,2.27,3.34,2.79,2.42,3.7,3.1,2.35,3.3,2.75,6,18,4,5,14,19,5,7
SWE,Allsvenskan,2026,17/05/2026,15:30,Vasteras SK,AIK,1,1,D,,,,3.33,3.4,2.2,3.19,3.28,2.09,3.6,3.6,2.22,3.3,3.3,2.1,16,12,3,5,15,15,6,4
SWE,Allsvenskan,2026,18/05/2026,18:00,Djurgarden,Sirius,2,3,A,,,,2.2,3.9,3.1,2.1,3.62,2.92,2.22,4,3.25,2.1,3.9,3,13,14,4,9,14,15,7,3
SWE,Allsvenskan,2026,19/05/2026,14:00,Orgryte,Goteborg,2,3,A,,,,4.1,3.8,1.81,3.93,3.64,1.76,4.4,4,1.88,4.1,3.8,1.71,11,25,2,8,14,12,6,6
SWE,Allsvenskan,2026,20/05/2026,18:00,GAIS,Hammarby,2,0,H,,,,3.2,3.4,2.25,3.05,3.27,2.17,3.3,3.5,2.36,3.1,3.4,2.2,16,17,7,3,16,11,2,3
SWE,Allsvenskan,2026,21/05/2026,18:00,Elfsborg,Mjallby,1,1,D,,,,2.2,3.4,3.66,2.12,3.16,3.25,2.22,3.4,3.7,2.05,3.4,3.5,13,10,4,3,10,11,4,3
SWE,Allsvenskan,2026,22/05/2026,18:00,Djurgarden,Brommapojkarna,1,2,A,,,,1.5,4.75,6.8,1.43,4.43,6,1.5,4.9,7.2,1.46,4.75,5.5,19,8,7,4,8,11,3,8
SWE,Allsvenskan,2026,23/05/2026,14:00,Halmstad,Orgryte,2,0,H,,,,2.05,3.5,3.7,1.98,3.42,3.37,2.1,3.85,3.65,1.91,3.5,3.7,20,14,4,6,19,11,3,5
SWE,Allsvenskan,2026,23/05/2026,14:00,Kalmar,Degerfors,2,1,H,,,,1.93,3.5,4.2,1.85,3.31,4.01,1.98,3.6,4.4,1.86,3.5,4.1,14,21,7,10,10,13,6,8
SWE,Allsvenskan,2026,24/05/2026,13:00,Hammarby,AIK,1,2,A,,,,1.5,4.5,7,1.43,4.36,6.05,1.51,4.9,6.8,1.45,4.5,5.75,19,11,5,5,12,18,5,4
SWE,Allsvenskan,2026,24/05/2026,13:00,Sirius,GAIS,2,1,H,,,,1.73,4,4.6,1.68,3.75,4.31,1.81,4.1,4.7,1.66,3.9,4.5,15,9,6,4,11,11,7,4
SWE,Allsvenskan,2026,24/05/2026,15:30,Malmo FF,Vasteras SK,2,3,A,,,,1.73,3.8,4.5,1.7,3.66,4.31,1.79,4,4.8,1.68,3.75,4.5,9,9,4,3,18,13,2,3
SWE,Allsvenskan,2026,25/05/2026,18:00,Elfsborg,Hacken,1,1,D,,,,2.82,3.5,2.5,2.67,3.36,2.37,2.84,3.7,2.58,2.82,3.5,2.3,9,18,5,4,13,7,1,6
SWE,Allsvenskan,2026,25/05/2026,18:00,Goteborg,Mjallby,1,1,D,,,,2.5,3.3,3,2.41,3.19,2.75,2.62,3.45,3,2.3,3.3,3,19,13,8,5,14,12,2,3
SWE,Allsvenskan,2026,29/05/2026,18:00,Orgryte,Elfsborg,2,2,D,,,,4.75,4,1.85,4.29,3.68,1.7,5.1,4,1.77,4.75,4,1.62,,,,,,,,
SWE,Allsvenskan,2026,30/05/2026,14:00,AIK,Sirius,0,3,A,,,,3.45,3.75,2.05,3.24,3.6,1.96,3.6,3.9,2.12,3.3,3.75,1.96,19,11,4,6,12,13,9,3
SWE,Allsvenskan,2026,30/05/2026,14:00,GAIS,Kalmar,3,0,H,,,,2.1,3.55,3.45,2.03,3.33,3.28,2.18,3.7,3.65,2.05,3.4,3.3,16,12,5,2,10,6,8,3
SWE,Allsvenskan,2026,30/05/2026,14:00,Malmo FF,Halmstad,5,2,H,,,,1.53,4.33,6.25,1.48,4.13,5.7,1.55,4.6,6.6,1.49,4.33,5.5,19,14,10,6,13,11,4,5
SWE,Allsvenskan,2026,31/05/2026,13:00,Degerfors,Brommapojkarna,2,2,D,,,,2.25,3.4,3.25,2.15,3.21,3.12,2.3,3.45,3.5,2.15,3.4,3.2,11,16,2,9,13,8,3,5
SWE,Allsvenskan,2026,31/05/2026,13:00,Hacken,Hammarby,3,2,H,,,,3,3.8,2.25,2.86,3.59,2.14,3.1,4,2.28,3,3.6,2.15,20,16,7,7,11,8,7,8
SWE,Allsvenskan,2026,31/05/2026,13:00,Vasteras SK,Goteborg,4,5,A,,,,2.6,3.5,2.62,2.51,3.28,2.54,2.74,3.55,2.78,2.55,3.5,2.55,20,11,6,6,6,16,7,3
SWE,Allsvenskan,2026,03/07/2026,18:00,Sirius,Mjallby,4,4,D,,,,1.66,4.2,5.4,1.61,3.93,4.5,1.72,4.4,5,1.62,4.2,4.5,19,20,8,7,7,13,9,3
SWE,Allsvenskan,2026,04/07/2026,14:00,Degerfors,Malmo FF,0,1,A,,,,3.15,3.35,2.5,2.91,3.2,2.26,3.1,3.4,2.54,2.75,3.25,2.5,7,15,0,3,12,13,7,4
SWE,Allsvenskan,2026,04/07/2026,14:00,Halmstad,Vasteras SK,1,3,A,,,,2.9,3.35,2.5,2.77,3.21,2.35,3,3.5,2.54,2.75,3.2,2.5,9,19,3,9,13,13,3,8
SWE,Allsvenskan,2026,05/07/2026,13:00,Goteborg,AIK,1,2,A,,,,2.05,3.75,3.7,1.96,3.44,3.4,2.02,3.8,3.95,1.91,3.75,3.5,19,10,3,2,14,8,10,7
SWE,Allsvenskan,2026,05/07/2026,13:00,Kalmar,Orgryte,3,0,H,,,,1.4,5.25,7.5,1.37,4.63,6.68,1.43,5.4,7.8,1.35,4.75,7.5,12,11,3,4,6,13,4,4
SWE,Allsvenskan,2026,05/07/2026,15:30,Elfsborg,Hammarby,1,2,A,,,,4.1,3.8,1.8,3.83,3.64,1.77,4.4,4,1.87,4.1,3.8,1.76,14,19,5,10,9,8,3,8
SWE,Allsvenskan,2026,06/07/2026,18:00,Brommapojkarna,GAIS,1,1,D,,,,2.95,3.5,2.33,2.82,3.32,2.25,3,3.6,2.52,2.82,3.4,2.32,10,22,2,6,5,8,3,8
SWE,Allsvenskan,2026,06/07/2026,18:00,Hacken,Djurgarden,2,4,A,,,,2.45,3.75,2.6,2.35,3.63,2.5,2.58,3.95,2.72,2.4,3.75,2.5,11,19,5,12,10,12,7,8
SWE,Allsvenskan,2026,11/07/2026,14:00,Mjallby,AIK,1,2,A,,,,2.25,3.7,3.1,2.16,3.43,2.88,2.4,3.7,3.15,2.2,3.7,2.82,27,7,7,3,15,13,5,2
SWE,Allsvenskan,2026,11/07/2026,16:30,Orgryte,Hacken,4,3,H,,,,6,4.75,1.48,5.44,4.54,1.44,6.4,5,1.53,6,4.75,1.41,13,19,5,9,13,13,5,8
SWE,Allsvenskan,2026,12/07/2026,13:00,Hammarby,Kalmar,2,0,H,,,,1.42,5,7.6,1.36,4.74,6.63,1.44,5.3,7.8,1.37,5,6.5,18,10,6,0,12,11,5,2
SWE,Allsvenskan,2026,12/07/2026,13:00,Malmo FF,Goteborg,4,0,H,,,,1.93,4,3.8,1.87,3.69,3.42,1.99,4.1,3.8,1.91,4,3.3,18,16,10,5,16,8,7,4
SWE,Allsvenskan,2026,12/07/2026,13:00,Vasteras SK,Degerfors,2,0,H,,,,2.15,3.4,3.6,2.04,3.29,3.29,2.18,3.6,3.65,2.1,3.3,3.4,9,14,2,2,15,22,1,6
SWE,Allsvenskan,2026,12/07/2026,15:30,Brommapojkarna,Sirius,1,2,A,,,,4.8,4.33,1.65,4.53,4.05,1.59,5.1,4.4,1.72,4.75,4.33,1.57,10,13,4,6,7,17,5,7
SWE,Allsvenskan,2026,12/07/2026,15:30,GAIS,Elfsborg,1,0,H,,,,1.8,3.7,4.4,1.73,3.55,4.2,1.82,3.9,5,1.71,3.7,4.33,14,17,5,4,8,4,6,6
SWE,Allsvenskan,2026,13/07/2026,18:00,Djurgarden,Halmstad,3,0,H,,,,1.25,7,13,1.19,6.39,10.63,1.26,7.6,12,1.19,6.25,11,17,12,9,2,6,11,10,7
SWE,Allsvenskan,2026,17/07/2026,18:00,Goteborg,Brommapojkarna,2,1,H,,,,1.9,3.9,4,1.82,3.65,3.62,1.97,3.95,4,1.79,3.9,4,29,6,8,1,14,8,10,5
SWE,Allsvenskan,2026,17/07/2026,18:00,Mjallby,Vasteras SK,0,0,D,,,,1.77,4,4.75,1.71,3.74,4.11,1.81,4.2,4.7,1.66,3.9,4.75,16,7,3,2,9,16,11,3
SWE,Allsvenskan,2026,18/07/2026,14:00,AIK,GAIS,2,0,H,,,,3.2,3.5,2.38,2.82,3.35,2.25,3.15,3.75,2.36,3.2,3.25,2.25,16,14,4,3,10,18,4,5
SWE,Allsvenskan,2026,19/07/2026,15:30,Elfsborg,Sirius,1,3,A,,,,3.6,3.6,2,3.34,3.5,1.95,3.75,3.75,2.12,3.6,3.6,1.96,19,18,3,9,13,12,6,4
SWE,Allsvenskan,2026,19/07/2026,15:30,Halmstad,Hacken,0,2,A,,,,5.5,4.5,1.6,4.82,4.25,1.52,5.3,4.8,1.64,5.5,4.33,1.51,9,11,4,2,16,3,7,3
SWE,Allsvenskan,2026,19/07/2026,15:30,Hammarby,Degerfors,4,0,H,,,,1.23,7,15,1.19,6.21,11.38,1.23,7.6,15.5,1.17,6.5,15,22,8,11,1,11,8,6,3
SWE,Allsvenskan,2026,20/07/2026,18:00,Kalmar,Malmo FF,2,2,D,,,,2.55,3.6,3,2.36,3.4,2.64,2.52,3.8,2.88,2.25,3.5,3,11,17,4,2,8,15,2,5
SWE,Allsvenskan,2026,20/07/2026,18:00,Orgryte,Djurgarden,0,0,D,,,,8.5,5.5,1.38,7.17,5.21,1.32,8.6,5.8,1.39,7.5,5.25,1.33,9,9,3,3,5,8,3,13
SWE,Allsvenskan,2026,24/07/2026,18:00,Vasteras SK,Orgryte,2,0,H,,,,1.6,4.33,5.33,1.53,4.1,4.91,1.65,4.6,5.5,1.53,4.2,5.25,16,13,8,2,17,13,2,5
SWE,Allsvenskan,2026,25/07/2026,14:00,Degerfors,Djurgarden,0,1,A,,,,5,4,1.67,4.66,3.8,1.61,5.2,4.1,1.76,4.5,4,1.62,11,17,0,7,7,12,6,6
SWE,Allsvenskan,2026,25/07/2026,16:30,Kalmar,Mjallby,2,1,H,,,,2.6,3.55,2.57,2.51,3.33,2.49,2.74,3.6,2.74,2.5,3.4,2.57,7,6,3,2,13,18,3,2
SWE,Allsvenskan,2026,26/07/2026,13:00,Brommapojkarna,Hammarby,1,1,D,,,,7.8,5.25,1.41,6.74,4.71,1.36,7.8,5.7,1.42,7,4.5,1.39,6,24,1,5,9,13,2,11
SWE,Allsvenskan,2026,26/07/2026,13:00,Sirius,Goteborg,4,1,H,,,,1.5,4.8,6,1.45,4.5,5.44,1.54,5.1,6,1.45,4.75,5.75,13,12,7,4,7,16,4,4
SWE,Allsvenskan,2026,26/07/2026,15:30,GAIS,Halmstad,1,1,D,,,,1.53,4.33,5.8,1.49,4.11,5.45,1.56,4.8,6.2,1.49,4.2,5.75,24,10,7,4,12,12,10,5
SWE,Allsvenskan,2026,26/07/2026,15:30,Malmo FF,Elfsborg,1,2,A,,,,2.1,3.7,3.65,1.96,3.49,3.32,2.14,3.7,3.65,2.1,3.6,3.1,10,9,1,4,18,9,5,3
SWE,Allsvenskan,2026,27/07/2026,18:00,Hacken,AIK,0,0,D,,,,1.93,4.1,3.45,1.86,3.87,3.29,1.98,4.3,3.7,1.86,4,3.4,18,5,6,1,16,11,5,1
SWE,Allsvenskan,2026,01/08/2026,14:00,Hacken,Kalmar,1,1,D,,,,1.75,4.1,4.2,1.7,3.89,3.99,1.82,4.4,4.3,1.66,4.1,4.2,10,12,1,6,17,13,5,6
SWE,Allsvenskan,2026,02/08/2026,13:00,Brommapojkarna,Malmo FF,1,2,A,,,,3.2,3.75,2.12,3.06,3.56,2.04,3.45,3.8,2.2,3.2,3.6,2.1,14,18,4,9,11,21,4,3
SWE,Allsvenskan,2026,02/08/2026,13:00,Goteborg,Degerfors,2,0,H,,,,1.8,3.66,4.5,1.74,3.53,4.19,1.87,3.85,4.7,1.71,3.6,4.33,20,11,6,4,15,13,8,7
SWE,Allsvenskan,2026,02/08/2026,15:30,AIK,Orgryte,0,3,A,,,,1.57,4.5,6,1.51,4.11,5.26,1.61,4.6,6,1.56,4.33,4.75,14,13,1,7,10,6,5,2
SWE,Allsvenskan,2026,03/08/2026,18:00,Djurgarden,Vasteras SK,6,0,H,,,,1.57,4.75,5.25,1.5,4.35,4.93,1.58,4.8,6,1.51,4.33,5,18,16,11,10,8,15,5,1
SWE,Allsvenskan,2026,03/08/2026,18:00,Halmstad,Sirius,0,2,A,,,,8.4,5,1.4,6.88,4.75,1.35,8.4,5.6,1.42,7,4.75,1.39,14,19,5,8,13,6,2,10
SWE,Allsvenskan,2026,08/08/2026,14:00,Orgryte,AIK,3,4,A,,,,2.63,3.6,2.6,2.55,3.45,2.48,2.74,3.8,2.64,2.55,3.5,2.55,8,18,3,8,9,12,3,4
SWE,Allsvenskan,2026,08/08/2026,16:30,Mjallby,Elfsborg,0,1,A,,,,2.88,3.25,2.6,2.75,3.13,2.48,2.98,3.4,2.66,2.82,3.1,2.45,12,25,7,9,9,10,2,5
SWE,Allsvenskan,2026,09/08/2026,13:00,Hammarby,Hacken,3,0,H,,,,1.55,4.8,5.25,1.5,4.54,5.02,1.57,5.3,5.6,1.51,4.33,5.25,15,2,9,0,13,17,12,2
SWE,Allsvenskan,2026,09/08/2026,13:00,Malmo FF,Degerfors,1,2,A,,,,1.47,4.5,7,1.43,4.3,6.44,1.49,4.8,7.6,1.45,4.2,6.5,16,5,4,3,17,18,5,4
SWE,Allsvenskan,2026,09/08/2026,15:30,Goteborg,Kalmar,3,2,H,,,,2.45,3.5,2.75,2.38,3.32,2.72,2.56,3.6,2.96,2.4,3.3,2.75,20,9,7,3,6,16,13,1
SWE,Allsvenskan,2026,09/08/2026,15:30,Halmstad,GAIS,0,2,A,,,,5,4.2,1.64,4.78,3.95,1.6,5.5,4.2,1.69,4.75,4.2,1.57,15,20,6,8,11,10,7,7
SWE,Allsvenskan,2026,10/08/2026,18:00,Sirius,Brommapojkarna,2,2,D,,,,1.46,5.25,7,1.41,4.57,6.41,1.47,5.1,7.4,1.41,4.5,7,21,12,9,4,18,14,8,4
SWE,Allsvenskan,2026,10/08/2026,18:00,Vasteras SK,Djurgarden,1,0,H,,,,5.6,4.33,1.57,5.09,4.19,1.54,5.7,4.8,1.6,5.5,4.1,1.53,5,13,2,5,11,14,4,7
SWE,Allsvenskan,2026,14/08/2026,18:00,Elfsborg,Vasteras SK,3,0,H,,,,1.61,4.33,5.4,1.57,4.02,5.07,1.64,4.4,5.8,1.57,4.1,5,15,7,7,1,12,17,4,2
SWE,Allsvenskan,2026,15/08/2026,14:00,Mjallby,Sirius,4,3,H,,,,3.1,3.6,2.25,2.92,3.52,2.19,3.25,3.7,2.32,3.1,3.5,2.2,14,18,6,5,10,11,7,8
SWE,Allsvenskan,2026,16/08/2026,13:00,Brommapojkarna,Orgryte,3,1,H,,,,1.8,4,4.2,1.75,3.9,3.92,1.86,4.4,4.1,1.76,3.9,4.1,19,11,4,4,10,9,8,7
SWE,Allsvenskan,2026,16/08/2026,13:00,Degerfors,Goteborg,3,0,H,,,,3.33,3.5,2.2,3.25,3.26,2.13,3.6,3.45,2.26,3.25,3.5,2.1,10,14,6,2,10,10,2,14
SWE,Allsvenskan,2026,16/08/2026,13:00,Djurgarden,AIK,1,3,A,,,,1.4,5.25,7.5,1.37,4.97,6.6,1.43,5.6,7.8,1.35,5.25,7,16,11,3,4,15,17,5,1
SWE,Allsvenskan,2026,16/08/2026,15:30,GAIS,Malmo FF,0,1,A,,,,2.3,3.6,3.1,2.21,3.53,2.89,2.38,3.75,3.1,2.2,3.5,3,14,5,6,1,12,20,8,3
SWE,Allsvenskan,2026,16/08/2026,15:30,Kalmar,Hammarby,0,4,A,,,,5.4,4.33,1.6,5.1,4.09,1.56,5.8,4.5,1.63,5.25,4.1,1.53,4,26,2,14,11,10,4,9
SWE,Allsvenskan,2026,17/08/2026,18:00,Hacken,Halmstad,1,0,H,,,,1.36,6,7.5,1.31,5.34,7.38,1.36,6,9.4,1.3,5.5,7,25,11,7,3,11,10,11,1
SWE,Allsvenskan,2026,21/08/2026,18:00,Sirius,Hacken,0,3,A,,,,1.8,4.2,4.2,1.76,4,3.8,1.9,4.3,4,1.76,4.2,3.8,9,12,2,4,14,10,4,7
SWE,Allsvenskan,2026,22/08/2026,14:00,Orgryte,Halmstad,1,1,D,,,,1.98,3.75,3.7,1.89,3.63,3.54,2,3.95,3.85,1.91,3.75,3.5,20,24,7,7,8,9,3,10
SWE,Allsvenskan,2026,23/08/2026,13:00,Goteborg,Elfsborg,1,1,D,,,,2.65,3.5,2.6,2.55,3.32,2.53,2.74,3.5,2.76,2.55,3.4,2.57,24,12,6,5,14,16,9,5
SWE,Allsvenskan,2026,23/08/2026,13:00,Vasteras SK,Kalmar,0,0,D,,,,2.7,3.45,2.57,2.6,3.32,2.5,2.82,3.55,2.7,2.7,3.4,2.45,9,17,2,5,14,13,5,2
SWE,Allsvenskan,2026,23/08/2026,15:30,Brommapojkarna,Degerfors,2,0,H,,,,2.05,3.6,3.9,1.95,3.44,3.54,2.08,3.75,3.85,1.91,3.5,3.9,13,8,4,3,18,12,5,0
SWE,Allsvenskan,2026,23/08/2026,15:30,Hammarby,GAIS,2,0,H,,,,1.43,5.25,7.5,1.38,4.83,6.56,1.42,5.6,7.8,1.37,4.75,7.5,28,9,7,1,12,18,8,1
SWE,Allsvenskan,2026,24/08/2026,18:00,Malmo FF,Djurgarden,0,3,A,,,,2.7,3.6,2.55,2.58,3.5,2.44,2.7,3.85,2.66,2.55,3.6,2.45,11,14,5,5,16,12,3,7
SWE,Allsvenskan,2026,29/08/2026,14:00,Elfsborg,Degerfors,2,0,H,,,,1.6,4.1,6.25,1.54,3.95,5.46,1.63,4.3,6,1.51,3.9,6,13,6,5,1,11,12,8,6
SWE,Allsvenskan,2026,29/08/2026,14:00,Hacken,Vasteras SK,1,3,A,,,,1.42,5.25,7,1.38,4.83,6.57,1.44,5.4,7.6,1.37,4.75,7,16,16,8,8,12,14,5,3
SWE,Allsvenskan,2026,29/08/2026,16:30,Halmstad,Kalmar,1,0,H,,,,3.45,3.6,2.08,3.32,3.48,2.01,3.65,3.8,2.12,3.2,3.6,2.05,14,15,5,3,10,9,8,8
SWE,Allsvenskan,2026,30/08/2026,13:00,AIK,Hammarby,3,2,H,,,,7.5,5.33,1.38,7.02,4.97,1.35,8.6,5.8,1.39,7,5,1.35,11,32,6,12,16,11,1,7
SWE,Allsvenskan,2026,30/08/2026,15:30,Goteborg,Orgryte,1,0,H,,,,1.62,4.4,4.8,1.59,4.16,4.6,1.67,4.5,5.2,1.61,4.33,4.5,20,13,5,5,11,14,11,5
SWE,Allsvenskan,2026,31/08/2026,18:00,Djurgarden,Mjallby,4,0,H,,,,1.48,4.9,6.5,1.43,4.59,5.87,1.53,5,6.4,1.42,4.75,5.75,16,2,7,0,9,20,4,1
SWE,Allsvenskan,2026,31/08/2026,18:00,GAIS,Brommapojkarna,4,0,H,,,,1.8,3.9,4.5,1.74,3.7,4.22,1.81,4.1,4.7,1.68,3.8,4.5,18,9,9,3,16,13,7,4
SWE,Allsvenskan,2026,31/08/2026,18:00,Sirius,Malmo FF,0,1,A,,,,1.73,4.5,4.33,1.67,4.13,4.1,1.76,4.5,4.6,1.62,4.5,4.1,17,15,2,6,16,15,7,4
SWE,Allsvenskan,2026,03/09/2026,18:00,Mjallby,Djurgarden,0,2,A,,,,5,4.2,1.65,4.68,4.02,1.61,5.1,4.4,1.71,4.75,4.1,1.57,12,13,4,5,13,14,0,3
SWE,Allsvenskan,2026,05/09/2026,14:00,Degerfors,Halmstad,2,0,H,,,,2.05,3.5,3.7,2.02,3.35,3.45,2.18,3.55,3.75,2.01,3.5,3.4,21,11,5,3,10,12,12,3
SWE,Allsvenskan,2026,05/09/2026,14:00,GAIS,Hacken,0,0,D,,,,2.37,3.6,3,2.27,3.5,2.8,2.36,3.8,3.1,2.35,3.5,2.7,9,13,4,3,13,13,3,5
SWE,Allsvenskan,2026,05/09/2026,16:30,Vasteras SK,Sirius,0,1,A,,,,4.33,4,1.8,3.99,3.84,1.74,4.4,4.3,1.82,4.33,3.8,1.68,12,10,2,4,16,12,8,2
SWE,Allsvenskan,2026,06/09/2026,13:00,Orgryte,Hammarby,1,1,D,,,,13,7.5,1.23,10.83,6.75,1.19,13,8,1.24,10,7.5,1.17,2,24,1,10,6,13,2,8
SWE,Allsvenskan,2026,06/09/2026,15:30,Brommapojkarna,Elfsborg,2,1,H,,,,3.75,3.75,1.95,3.59,3.6,1.89,4.1,3.85,1.99,3.75,3.7,1.86,14,9,4,1,4,8,4,4
SWE,Allsvenskan,2026,07/09/2026,18:00,Kalmar,Djurgarden,0,1,A,,,,5.25,4.25,1.65,4.76,3.97,1.61,5.2,4.3,1.71,5,3.9,1.61,13,6,1,2,14,13,3,6
SWE,Allsvenskan,2026,07/09/2026,18:00,Malmo FF,AIK,0,0,D,,,,1.72,4.4,4.5,1.68,3.93,4.28,1.78,4.3,4.7,1.68,4,4.33,20,12,6,3,10,12,9,3
SWE,Allsvenskan,2026,07/09/2026,18:00,Mjallby,Goteborg,1,4,A,,,,2.45,3.5,2.95,2.32,3.42,2.77,2.52,3.7,2.94,2.4,3.4,2.65,8,20,1,11,20,21,4,10
SWE,Allsvenskan,2026,11/09/2026,18:00,Hacken,Mjallby,1,1,D,,,,1.52,4.75,6,1.47,4.37,5.56,1.54,4.9,6.4,1.49,4.33,5.5,17,11,7,4,7,16,6,8
SWE,Allsvenskan,2026,12/09/2026,14:00,AIK,Vasteras SK,1,4,A,,,,1.8,3.85,4.5,1.75,3.64,4.2,1.84,4,4.6,1.71,3.75,4.5,16,17,6,7,10,11,5,3
SWE,Allsvenskan,2026,12/09/2026,16:30,Goteborg,Halmstad,2,1,H,,,,1.44,5,7.2,1.4,4.58,6.41,1.49,5.1,7.2,1.39,4.5,7,15,9,7,3,10,6,8,9
SWE,Allsvenskan,2026,13/09/2026,13:00,Elfsborg,Kalmar,1,0,H,,,,1.95,3.6,3.9,1.9,3.44,3.7,2.04,3.6,4.1,1.91,3.5,3.6,13,16,5,3,11,14,3,6
SWE,Allsvenskan,2026,13/09/2026,13:00,Hammarby,Brommapojkarna,3,1,H,,,,1.21,7.5,13,1.18,6.91,11.34,1.21,8.4,16,1.17,7.5,11,17,8,8,2,16,10,6,4
SWE,Allsvenskan,2026,13/09/2026,15:30,Malmo FF,Orgryte,4,1,H,,,,1.44,5.25,6.5,1.39,4.77,6.35,1.45,5.3,7.8,1.39,5.25,6.25,25,7,12,1,19,11,5,3
SWE,Allsvenskan,2026,14/09/2026,18:00,Djurgarden,GAIS,2,0,H,,,,1.46,4.7,7,1.43,4.41,6.26,1.51,5,6.8,1.42,4.33,7,12,13,5,3,10,16,2,2
SWE,Allsvenskan,2026,14/09/2026,18:20,Sirius,Degerfors,2,0,H,,,,1.45,4.75,7.4,1.41,4.45,6.51,1.44,5,8,1.41,4.5,6.5,16,15,8,7,15,7,7,7
SWE,Allsvenskan,2026,16/09/2026,18:00,AIK,Mjallby,1,1,D,,,,2.3,3.65,3,2.24,3.46,2.88,2.38,3.7,3.15,2.2,3.5,3,22,15,7,7,16,13,9,5
SWE,Allsvenskan,2026,19/09/2026,14:00,Brommapojkarna,Goteborg,0,1,A,,,,2.75,3.7,2.4,2.68,3.53,2.33,2.94,3.8,2.46,2.65,3.7,2.32,10,17,1,3,8,15,7,8
SWE,Allsvenskan,2026,19/09/2026,14:00,Vasteras SK,Malmo FF,2,0,H,,,,3.75,3.8,2,3.45,3.62,1.94,3.75,3.9,2.04,3.6,3.7,1.91,10,22,4,4,14,7,3,7
SWE,Allsvenskan,2026,19/09/2026,16:30,Orgryte,Sirius,1,2,A,,,,6.5,5,1.44,6.11,4.75,1.41,7,5.2,1.47,6,4.75,1.41,12,5,1,3,13,11,5,4
SWE,Allsvenskan,2026,20/09/2026,13:00,Djurgarden,Elfsborg,1,2,A,,,,1.55,4.5,5.8,1.51,4.21,5.28,1.6,4.6,6.2,1.49,4.2,5.75,9,15,2,3,8,7,4,7
SWE,Allsvenskan,2026,20/09/2026,13:00,Halmstad,AIK,2,1,H,,,,3.55,4,1.98,3.36,3.71,1.92,3.7,4.1,2.02,3.4,3.7,1.96,18,16,10,3,11,6,4,3
SWE,Allsvenskan,2026,20/09/2026,13:00,Kalmar,Hacken,0,5,A,,,,2.7,3.6,2.55,2.57,3.45,2.46,2.74,3.7,2.7,2.57,3.5,2.5,10,13,2,7,12,14,5,4
SWE,Allsvenskan,2026,20/09/2026,15:30,Degerfors,Hammarby,0,1,A,,,,9.25,5.5,1.35,7.92,5.08,1.31,9.6,5.6,1.37,7.5,5.5,1.3,9,17,1,12,18,13,1,6
SWE,Allsvenskan,2026,20/09/2026,15:30,Mjallby,GAIS,0,3,A,,,,2.75,3.5,2.5,2.69,3.36,2.4,2.96,3.6,2.54,2.75,3.5,2.32,15,15,7,5,21,20,5,0
