Country,League,Season,Date,Time,Home,Away,HG,AG,Res,PSCH,PSCD,PSCA,MaxCH,MaxCD,MaxCA,AvgCH,AvgCD,AvgCA,BFECH,BFECD,BFECA,B365CH,B365CD,B365CA
SWZ,Super League,2020/2021,19/09/2020,18:00,Lugano,Luzern,2,1,H,2.14,3.37,3.78,2.25,3.52,3.78,2.08,3.3,3.54,,,,,,
SWZ,Super League,2020/2021,19/09/2020,18:00,Young Boys,Zurich,2,1,H,1.21,7.42,15.02,1.27,7.5,15.03,1.2,6.75,11.75,,,,,,
SWZ,Super League,2020/2021,20/09/2020,15:00,Basel,Vaduz,2,2,D,1.34,5.71,8.84,1.4,5.71,8.85,1.33,5.34,8.08,,,,,,
SWZ,Super League,2020/2021,20/09/2020,15:00,Lausanne,Servette,2,1,H,2.42,3.61,2.95,2.63,3.66,3,2.38,3.46,2.82,,,,,,
SWZ,Super League,2020/2021,20/09/2020,15:00,St. Gallen,Sion,1,0,H,1.69,4.14,5.01,1.71,4.33,5.22,1.64,4.08,4.78,,,,,,
SWZ,Super League,2020/2021,26/09/2020,18:00,Sion,Young Boys,0,0,D,6.35,4.57,1.53,6.5,4.57,1.56,5.77,4.35,1.51,,,,,,
SWZ,Super League,2020/2021,26/09/2020,18:00,Zurich,Lugano,2,2,D,3.52,3.9,2.05,3.6,3.92,2.18,3.4,3.61,2.02,,,,,,
SWZ,Super League,2020/2021,27/09/2020,15:00,Luzern,Lausanne,2,2,D,2.85,3.61,2.5,2.9,3.64,2.67,2.69,3.46,2.46,,,,,,
SWZ,Super League,2020/2021,27/09/2020,15:00,Servette,Basel,1,0,H,2.78,3.75,2.49,2.87,3.75,2.59,2.72,3.52,2.41,,,,,,
SWZ,Super League,2020/2021,27/09/2020,15:00,Vaduz,St. Gallen,0,1,A,4.68,4.63,1.66,4.68,4.63,1.73,4.27,4.26,1.68,,,,,,
SWZ,Super League,2020/2021,03/10/2020,18:00,Lausanne,Zurich,4,0,H,1.75,4.29,4.41,1.78,4.3,4.41,1.72,4.11,4.17,,,,,,
SWZ,Super League,2020/2021,03/10/2020,18:00,Lugano,Sion,2,2,D,2.25,3.47,3.39,2.31,3.62,3.9,2.15,3.39,3.27,,,,,,
SWZ,Super League,2020/2021,04/10/2020,15:00,Basel,Luzern,3,2,H,1.84,3.93,4.31,1.91,4.04,4.55,1.78,3.82,4.12,,,,,,
SWZ,Super League,2020/2021,04/10/2020,15:00,St. Gallen,Servette,1,0,H,2.06,3.91,3.48,2.1,3.91,3.79,2,3.74,3.32,,,,,,
SWZ,Super League,2020/2021,04/10/2020,15:00,Young Boys,Vaduz,1,0,H,1.13,9.04,19.43,1.19,9.04,19.55,1.14,8.07,15.03,,,,,,
SWZ,Super League,2020/2021,17/10/2020,18:00,Servette,Young Boys,0,0,D,2.97,3.7,2.37,3.38,3.8,2.44,2.92,3.55,2.26,,,,,,
SWZ,Super League,2020/2021,17/10/2020,18:00,Vaduz,Lugano,1,1,D,3.52,3.63,2.13,3.6,3.75,2.69,3.34,3.49,2.09,,,,,,
SWZ,Super League,2020/2021,18/10/2020,15:00,Luzern,St. Gallen,2,2,D,2.97,3.76,2.35,2.97,3.82,2.41,2.85,3.6,2.27,,,,,,
SWZ,Super League,2020/2021,18/10/2020,15:00,Sion,Lausanne,0,0,D,2.98,3.51,2.46,3.02,3.52,2.56,2.79,3.35,2.43,,,,,,
SWZ,Super League,2020/2021,24/10/2020,18:00,Lugano,St. Gallen,1,0,H,2.37,3.67,3.01,2.41,3.78,3.01,2.3,3.55,2.85,,,,,,
SWZ,Super League,2020/2021,24/10/2020,18:00,Vaduz,Zurich,1,4,A,3.18,3.87,2.2,3.24,3.9,2.27,3.07,3.71,2.12,,,,,,
SWZ,Super League,2020/2021,25/10/2020,15:00,Young Boys,Luzern,2,1,H,1.37,5.19,9.09,1.4,5.26,9.1,1.36,4.97,7.65,,,,,,
SWZ,Super League,2020/2021,01/11/2020,15:00,St. Gallen,Basel,1,3,A,2.69,4.08,2.43,2.75,4.09,2.48,2.62,3.77,2.38,,,,,,
SWZ,Super League,2020/2021,04/11/2020,17:00,Zurich,Basel,1,0,H,3.73,4.17,1.92,3.73,4.25,1.92,3.49,4.02,1.87,,,,,,
SWZ,Super League,2020/2021,07/11/2020,18:00,Lausanne,Lugano,0,1,A,2.54,3.21,3.1,2.55,3.42,3.15,2.4,3.19,2.98,,,,,,
SWZ,Super League,2020/2021,07/11/2020,18:00,Zurich,Luzern,2,0,H,2.82,3.75,2.46,2.83,3.75,2.5,2.67,3.57,2.42,,,,,,
SWZ,Super League,2020/2021,08/11/2020,15:00,Young Boys,St. Gallen,0,0,D,1.41,5.53,6.98,1.45,5.53,7,1.39,5.12,6.55,,,,,,
SWZ,Super League,2020/2021,21/11/2020,17:15,Luzern,Vaduz,1,1,D,1.68,4.1,5.19,1.69,4.32,5.5,1.63,4.06,4.86,,,,,,
SWZ,Super League,2020/2021,21/11/2020,19:30,Young Boys,Basel,2,1,H,1.42,5.37,6.99,1.51,5.37,8,1.4,4.95,6.66,,,,,,
SWZ,Super League,2020/2021,22/11/2020,15:00,Servette,Lugano,1,1,D,2.36,3.37,3.25,2.46,3.51,3.25,2.31,3.26,3.04,,,,,,
SWZ,Super League,2020/2021,22/11/2020,15:00,Sion,Zurich,2,2,D,2.39,3.61,3.01,2.4,3.61,3.2,2.28,3.44,2.95,,,,,,
SWZ,Super League,2020/2021,22/11/2020,15:00,St. Gallen,Lausanne,2,2,D,2.63,3.74,2.64,2.66,3.74,2.68,2.52,3.53,2.58,,,,,,
SWZ,Super League,2020/2021,25/11/2020,17:15,Basel,Lausanne,2,1,H,2.2,3.81,3.22,2.28,3.82,3.22,2.18,3.58,3.04,,,,,,
SWZ,Super League,2020/2021,25/11/2020,17:15,Sion,Servette,2,0,H,3.48,3.55,2.17,3.5,3.56,2.22,3.31,3.38,2.12,,,,,,
SWZ,Super League,2020/2021,28/11/2020,17:15,Vaduz,Sion,4,1,H,3.52,3.65,2.13,3.52,3.7,2.21,3.31,3.5,2.09,,,,,,
SWZ,Super League,2020/2021,28/11/2020,19:30,Servette,Luzern,1,3,A,2.3,3.52,3.22,2.33,3.62,3.22,2.25,3.39,3.04,,,,,,
SWZ,Super League,2020/2021,29/11/2020,15:00,Lausanne,Young Boys,0,3,A,4.49,4.03,1.79,4.5,4.1,1.8,4.29,3.85,1.74,,,,,,
SWZ,Super League,2020/2021,29/11/2020,15:00,Lugano,Basel,1,0,H,2.8,3.48,2.61,2.89,3.48,2.68,2.71,3.29,2.54,,,,,,
SWZ,Super League,2020/2021,02/12/2020,17:15,Lausanne,Vaduz,3,0,H,1.68,4.24,5.05,1.69,4.33,5.28,1.63,4.09,4.83,,,,,,
SWZ,Super League,2020/2021,02/12/2020,17:15,Servette,Zurich,2,1,H,2.2,3.87,3.17,2.25,3.87,3.21,2.15,3.67,3.03,,,,,,
SWZ,Super League,2020/2021,02/12/2020,17:15,Luzern,Sion,2,0,H,1.83,3.71,4.64,1.86,3.9,4.75,1.77,3.63,4.42,,,,,,
SWZ,Super League,2020/2021,05/12/2020,19:30,Basel,Servette,1,0,H,1.81,4.33,4.04,1.86,4.33,4.07,1.79,4.02,3.87,,,,,,
SWZ,Super League,2020/2021,06/12/2020,15:00,Luzern,Young Boys,2,3,A,4.74,3.92,1.78,4.8,4.05,1.8,4.44,3.79,1.73,,,,,,
SWZ,Super League,2020/2021,06/12/2020,15:00,Zurich,Lausanne,4,0,H,2.56,3.66,2.75,2.66,3.66,2.8,2.48,3.49,2.65,,,,,,
SWZ,Super League,2020/2021,09/12/2020,17:15,Basel,Sion,4,2,H,1.42,5.02,7.75,1.43,5.05,8.3,1.39,4.78,7.2,,,,,,
SWZ,Super League,2020/2021,09/12/2020,17:15,Zurich,St. Gallen,1,2,A,2.11,3.84,3.4,2.2,3.88,3.44,2.06,3.66,3.25,,,,,,
SWZ,Super League,2020/2021,09/12/2020,17:15,Vaduz,Servette,0,2,A,3.6,3.71,2.08,3.6,3.75,2.15,3.35,3.61,2.04,,,,,,
SWZ,Super League,2020/2021,12/12/2020,17:15,Sion,Luzern,1,2,A,3.7,3.63,2.07,3.7,3.63,2.16,3.42,3.42,2.08,,,,,,
SWZ,Super League,2020/2021,12/12/2020,19:30,Vaduz,Basel,0,2,A,5.05,4.39,1.65,5.25,4.39,1.72,4.72,4.13,1.63,,,,,,
SWZ,Super League,2020/2021,13/12/2020,15:00,Lausanne,St. Gallen,0,1,A,2.63,3.82,2.59,2.65,3.84,2.83,2.46,3.63,2.59,,,,,,
SWZ,Super League,2020/2021,13/12/2020,15:00,Lugano,Zurich,0,1,A,2.69,3.29,2.84,2.72,3.5,2.9,2.56,3.22,2.74,,,,,,
SWZ,Super League,2020/2021,13/12/2020,15:00,Young Boys,Servette,1,2,A,1.36,5.54,8.54,1.39,5.75,9,1.35,5.23,7.62,,,,,,
SWZ,Super League,2020/2021,16/12/2020,17:15,Luzern,Zurich,0,0,D,2.1,3.79,3.46,2.14,3.82,3.56,2.07,3.58,3.29,,,,,,
SWZ,Super League,2020/2021,16/12/2020,19:30,Basel,Young Boys,0,2,A,4.59,4.23,1.74,4.64,4.33,1.75,4.31,4.03,1.7,,,,,,
SWZ,Super League,2020/2021,16/12/2020,19:30,St. Gallen,Lugano,0,0,D,2.08,3.68,3.63,2.1,3.7,3.7,2.02,3.54,3.47,,,,,,
SWZ,Super League,2020/2021,17/12/2020,17:15,Vaduz,Lausanne,0,2,A,3.92,3.82,1.95,4,3.82,2.02,3.67,3.62,1.93,,,,,,
SWZ,Super League,2020/2021,17/12/2020,19:30,Servette,Sion,1,1,D,1.94,3.91,3.87,1.96,4,3.96,1.9,3.74,3.66,,,,,,
SWZ,Super League,2020/2021,19/12/2020,17:15,Young Boys,Lugano,2,2,D,1.47,4.53,7.66,1.5,4.6,7.69,1.44,4.37,6.92,,,,,,
SWZ,Super League,2020/2021,19/12/2020,19:30,Basel,St. Gallen,0,0,D,2.1,4.11,3.23,2.16,4.11,3.29,2.07,3.84,3.11,,,,,,
SWZ,Super League,2020/2021,20/12/2020,15:00,Lausanne,Luzern,2,1,H,3.02,3.54,2.41,3.1,3.55,2.41,2.96,3.39,2.31,,,,,,
SWZ,Super League,2020/2021,20/12/2020,15:00,Sion,Vaduz,2,1,H,2.34,3.46,3.21,2.34,3.6,3.26,2.23,3.39,3.1,,,,,,
SWZ,Super League,2020/2021,20/12/2020,15:00,Zurich,Servette,0,1,A,2.09,3.88,3.41,2.18,3.94,3.59,2.03,3.7,3.3,,,,,,
SWZ,Super League,2020/2021,22/12/2020,19:30,St. Gallen,Young Boys,1,2,A,5.27,4.37,1.63,5.5,4.6,1.67,5.01,4.28,1.58,,,,,,
SWZ,Super League,2020/2021,23/12/2020,17:15,Luzern,Basel,1,2,A,2.17,3.77,3.24,2.25,3.8,3.29,2.17,3.59,3.07,,,,,,
SWZ,Super League,2020/2021,23/12/2020,17:15,Servette,Vaduz,1,1,D,1.71,3.92,5.08,1.76,4.1,5.34,1.68,3.82,4.77,,,,,,
SWZ,Super League,2020/2021,23/12/2020,19:30,Lugano,Lausanne,0,0,D,2.61,3.25,2.92,2.64,3.32,2.94,2.53,3.16,2.82,,,,,,
SWZ,Super League,2020/2021,23/12/2020,19:30,Zurich,Sion,0,0,D,2.02,3.59,3.84,2.07,3.81,4,1.96,3.52,3.7,,,,,,
SWZ,Super League,2020/2021,17/01/2021,15:00,Sion,Lugano,1,1,D,3.85,3.32,2.12,3.94,3.33,2.14,3.69,3.19,2.07,,,,,,
SWZ,Super League,2020/2021,20/01/2021,17:00,Lugano,Young Boys,0,2,A,5.21,4.04,1.67,5.5,4.05,1.73,5.12,3.87,1.63,,,,,,
SWZ,Super League,2020/2021,20/01/2021,17:00,St. Gallen,Vaduz,2,0,H,1.68,4.13,4.98,1.72,4.15,5.25,1.65,3.97,4.78,,,,,,
SWZ,Super League,2020/2021,23/01/2021,17:15,Lausanne,Sion,0,1,A,1.71,4.09,4.81,1.77,4.09,5.1,1.7,3.79,4.62,,,,,,
SWZ,Super League,2020/2021,23/01/2021,19:30,Basel,Zurich,1,4,A,1.98,3.97,3.61,2.04,4.05,3.64,1.93,3.82,3.48,,,,,,
SWZ,Super League,2020/2021,24/01/2021,15:00,St. Gallen,Lugano,0,1,A,2.4,3.42,3.09,2.43,3.48,3.2,2.3,3.33,3.02,,,,,,
SWZ,Super League,2020/2021,24/01/2021,15:00,Vaduz,Young Boys,0,0,D,9.44,5.24,1.35,10.5,5.5,1.36,9.04,5.16,1.31,,,,,,
SWZ,Super League,2020/2021,27/01/2021,17:15,Zurich,Vaduz,0,1,A,1.98,3.55,4.02,2.07,3.58,4.02,1.97,3.42,3.75,,,,,,
SWZ,Super League,2020/2021,28/01/2021,19:30,Sion,Basel,2,3,A,4.22,3.97,1.83,4.22,4,1.93,3.99,3.73,1.82,,,,,,
SWZ,Super League,2020/2021,30/01/2021,19:30,St. Gallen,Zurich,2,3,A,2.14,3.87,3.25,2.16,3.87,3.56,2.07,3.68,3.21,,,,,,
SWZ,Super League,2020/2021,31/01/2021,15:00,Basel,Lugano,2,2,D,2.29,3.42,3.28,2.33,3.46,3.29,2.24,3.29,3.16,,,,,,
SWZ,Super League,2020/2021,31/01/2021,15:00,Servette,Lausanne,1,1,D,2.68,3.64,2.6,2.8,3.65,2.6,2.65,3.44,2.5,,,,,,
SWZ,Super League,2020/2021,31/01/2021,15:00,Young Boys,Sion,2,1,H,1.29,6.09,10.18,1.3,6.23,11,1.28,5.61,9.3,,,,,,
SWZ,Super League,2020/2021,03/02/2021,17:15,Zurich,Young Boys,1,4,A,5.51,3.92,1.67,6,4.02,1.73,5.09,3.79,1.65,,,,,,
SWZ,Super League,2020/2021,03/02/2021,19:30,Lugano,Vaduz,1,1,D,1.97,3.34,4.4,2.01,3.41,4.55,1.94,3.22,4.17,,,,,,
SWZ,Super League,2020/2021,03/02/2021,19:30,Sion,St. Gallen,3,2,H,3.62,3.7,2.05,3.75,3.75,2.07,3.51,3.55,2,,,,,,
SWZ,Super League,2020/2021,04/02/2021,17:15,Luzern,Servette,3,0,H,2.3,3.57,3.15,2.37,3.7,3.4,2.2,3.5,3.09,,,,,,
SWZ,Super League,2020/2021,04/02/2021,19:30,Lausanne,Basel,1,3,A,2.92,3.71,2.37,3.03,3.75,2.49,2.74,3.55,2.38,,,,,,
SWZ,Super League,2020/2021,06/02/2021,19:30,Vaduz,Zurich,3,2,H,3.44,3.49,2.19,3.44,3.54,2.44,3.23,3.36,2.18,,,,,,
SWZ,Super League,2020/2021,07/02/2021,15:00,Basel,Sion,2,2,D,1.61,4.44,5.28,1.63,4.45,5.5,1.57,4.24,5.1,,,,,,
SWZ,Super League,2020/2021,07/02/2021,15:00,Servette,Luzern,4,2,H,2.82,3.65,2.47,2.95,3.66,2.5,2.79,3.44,2.39,,,,,,
SWZ,Super League,2020/2021,07/02/2021,15:00,Young Boys,Lausanne,4,2,H,1.41,4.95,7.69,1.47,5,8.44,1.39,4.73,7.25,,,,,,
SWZ,Super League,2020/2021,10/02/2021,17:15,Luzern,Lugano,1,1,D,2.05,3.45,3.89,2.25,3.5,3.89,2.07,3.32,3.53,,,,,,
SWZ,Super League,2020/2021,10/02/2021,17:15,Servette,St. Gallen,2,2,D,2.43,3.62,2.9,2.47,3.75,2.9,2.38,3.53,2.74,,,,,,
SWZ,Super League,2020/2021,10/02/2021,19:30,Young Boys,Lausanne,1,0,H,1.33,5.42,9.94,1.38,5.75,10.03,1.32,5.26,8.55,,,,,,
SWZ,Super League,2020/2021,13/02/2021,17:15,Lausanne,Servette,3,1,H,2.52,3.61,2.78,2.57,3.66,2.81,2.44,3.48,2.7,,,,,,
SWZ,Super League,2020/2021,13/02/2021,19:30,Sion,St. Gallen,1,1,D,3.5,3.87,2.04,3.5,3.9,2.08,3.32,3.69,2.03,,,,,,
SWZ,Super League,2020/2021,14/02/2021,15:00,Lugano,Young Boys,1,3,A,5.86,3.83,1.65,5.86,3.94,1.69,5.39,3.72,1.63,,,,,,
SWZ,Super League,2020/2021,14/02/2021,15:00,Luzern,Vaduz,4,0,H,1.81,3.71,4.68,1.84,3.92,4.75,1.78,3.61,4.39,,,,,,
SWZ,Super League,2020/2021,14/02/2021,15:00,Zurich,Basel,2,0,H,3.36,3.76,2.12,3.6,3.8,2.2,3.23,3.55,2.1,,,,,,
SWZ,Super League,2020/2021,17/02/2021,17:15,Lugano,Servette,1,1,D,2.63,3.33,2.84,2.66,3.4,2.91,2.54,3.22,2.76,,,,,,
SWZ,Super League,2020/2021,17/02/2021,17:15,St. Gallen,Luzern,2,1,H,2.82,3.66,2.47,2.93,3.82,2.51,2.75,3.59,2.35,,,,,,
SWZ,Super League,2020/2021,20/02/2021,17:15,Vaduz,St. Gallen,2,1,H,3.32,3.69,2.16,3.4,3.69,2.24,3.22,3.41,2.16,,,,,,
SWZ,Super League,2020/2021,20/02/2021,19:30,Basel,Lausanne,0,0,D,2.27,3.75,3.07,2.31,3.75,3.2,2.23,3.48,3.02,,,,,,
SWZ,Super League,2020/2021,21/02/2021,15:00,Lugano,Luzern,2,3,A,3.3,3.45,2.27,3.31,3.45,2.39,3.14,3.28,2.25,,,,,,
SWZ,Super League,2020/2021,21/02/2021,15:00,Young Boys,Servette,2,0,H,1.51,4.62,6.22,1.55,4.65,6.22,1.51,4.36,5.65,,,,,,
SWZ,Super League,2020/2021,21/02/2021,15:00,Zurich,Sion,1,1,D,2.04,3.76,3.61,2.06,3.76,3.65,2,3.56,3.47,,,,,,
SWZ,Super League,2020/2021,24/02/2021,17:15,Vaduz,Luzern,1,1,D,4.42,3.67,1.86,4.65,3.8,2.04,4.27,3.6,1.8,,,,,,
SWZ,Super League,2020/2021,27/02/2021,17:15,Servette,Zurich,3,1,H,1.85,4.04,4.04,1.98,4.04,4.4,1.86,3.74,3.86,,,,,,
SWZ,Super League,2020/2021,27/02/2021,19:30,St. Gallen,Basel,3,1,H,1.93,4.04,3.72,2.04,4.11,4,1.88,3.84,3.65,,,,,,
SWZ,Super League,2020/2021,28/02/2021,15:00,Lausanne,Lugano,2,0,H,2.32,3.18,3.48,2.4,3.25,3.6,2.25,3.11,3.33,,,,,,
SWZ,Super League,2020/2021,28/02/2021,15:00,Luzern,Young Boys,2,2,D,3.69,3.82,1.99,3.81,3.82,2.05,3.56,3.67,1.95,,,,,,
SWZ,Super League,2020/2021,28/02/2021,15:00,Sion,Vaduz,0,2,A,2.27,3.47,3.28,2.29,3.47,3.35,2.2,3.32,3.21,,,,,,
SWZ,Super League,2020/2021,03/03/2021,17:15,St. Gallen,Servette,0,1,A,2.61,3.83,2.57,2.61,3.9,2.65,2.51,3.69,2.52,,,,,,
SWZ,Super League,2020/2021,03/03/2021,19:30,Basel,Young Boys,1,1,D,6.52,4.51,1.43,10,5.5,1.43,8.06,5.13,1.33,,,,,,
SWZ,Super League,2020/2021,03/03/2021,19:30,Vaduz,Lausanne,0,3,A,3.07,3.39,2.42,3.19,3.46,2.51,2.93,3.24,2.39,,,,,,
SWZ,Super League,2020/2021,04/03/2021,17:15,Sion,Lugano,0,3,A,3.74,3.11,2.25,3.8,3.13,2.38,3.53,3.03,2.2,,,,,,
SWZ,Super League,2020/2021,04/03/2021,19:30,Zurich,Luzern,1,2,A,3.51,3.57,2.13,3.51,3.63,2.2,3.27,3.5,2.1,,,,,,
SWZ,Super League,2020/2021,06/03/2021,17:15,Young Boys,Vaduz,1,1,D,1.33,5.4,10.11,1.36,5.5,10.11,1.32,5.14,8.67,,,,,,
SWZ,Super League,2020/2021,06/03/2021,19:30,Servette,Basel,2,1,H,2.1,3.64,3.39,2.13,4,3.84,2.02,3.64,3.34,,,,,,
SWZ,Super League,2020/2021,07/03/2021,15:00,Lausanne,Sion,1,3,A,1.68,3.96,5.23,1.71,4,5.5,1.66,3.85,4.91,,,,,,
SWZ,Super League,2020/2021,07/03/2021,15:00,Lugano,Zurich,0,1,A,2.33,3.23,3.41,2.33,3.4,3.49,2.26,3.14,3.26,,,,,,
SWZ,Super League,2020/2021,07/03/2021,15:00,Luzern,St. Gallen,4,2,H,2.13,3.86,3.28,2.2,3.86,3.4,2.12,3.64,3.12,,,,,,
SWZ,Super League,2020/2021,13/03/2021,17:15,Zurich,Lausanne,1,1,D,3.14,3.46,2.35,3.2,3.46,2.42,3.04,3.28,2.3,,,,,,
SWZ,Super League,2020/2021,13/03/2021,19:30,Basel,Luzern,4,1,H,2.83,3.68,2.45,2.92,3.8,2.45,2.76,3.58,2.35,,,,,,
SWZ,Super League,2020/2021,14/03/2021,15:00,Sion,Servette,1,2,A,4.4,3.99,1.79,4.51,3.99,1.9,4.16,3.73,1.79,,,,,,
SWZ,Super League,2020/2021,14/03/2021,15:00,St. Gallen,Young Boys,2,2,D,3.96,3.99,1.88,4.44,4.09,1.98,3.82,3.75,1.86,,,,,,
SWZ,Super League,2020/2021,14/03/2021,15:00,Vaduz,Lugano,0,3,A,3.17,3.07,2.55,3.22,3.11,2.65,3.05,2.95,2.49,,,,,,
SWZ,Super League,2020/2021,20/03/2021,17:15,Lausanne,St. Gallen,4,3,H,2.15,3.9,3.2,2.22,3.91,3.24,2.15,3.64,3.05,,,,,,
SWZ,Super League,2020/2021,20/03/2021,19:30,Lugano,Basel,2,1,H,2.57,3.32,2.92,2.57,3.5,2.95,2.46,3.28,2.81,,,,,,
SWZ,Super League,2020/2021,21/03/2021,15:00,Luzern,Sion,1,1,D,1.79,3.73,4.73,1.82,3.85,4.75,1.76,3.68,4.42,,,,,,
SWZ,Super League,2020/2021,21/03/2021,15:00,Servette,Vaduz,1,2,A,1.64,4.01,5.66,1.68,4.19,6,1.61,3.91,5.28,,,,,,
SWZ,Super League,2020/2021,21/03/2021,15:00,Young Boys,Zurich,4,0,H,1.35,5.53,8.72,1.44,5.53,8.72,1.36,5.07,7.66,,,,,,
SWZ,Super League,2020/2021,03/04/2021,17:15,Lausanne,Luzern,2,1,H,2.25,3.64,3.18,2.38,3.65,3.18,2.24,3.46,3.02,,,,,,
SWZ,Super League,2020/2021,03/04/2021,19:30,St. Gallen,Zurich,1,1,D,1.91,3.97,3.87,1.99,3.97,4.1,1.9,3.71,3.71,,,,,,
SWZ,Super League,2020/2021,04/04/2021,15:00,Servette,Lugano,1,1,D,1.97,3.51,4.11,2.09,3.62,4.16,1.94,3.45,3.82,,,,,,
SWZ,Super League,2020/2021,04/04/2021,15:00,Sion,Young Boys,0,3,A,9.13,5.59,1.33,9.5,5.75,1.5,8.57,5.32,1.32,,,,,,
SWZ,Super League,2020/2021,05/04/2021,15:00,Basel,Vaduz,1,2,A,1.88,3.95,3.96,1.94,3.95,4.3,1.84,3.75,3.89,,,,,,
SWZ,Super League,2020/2021,10/04/2021,17:15,Lugano,Lausanne,1,0,H,3.02,3.2,2.57,3.1,3.3,2.65,2.91,3.12,2.49,,,,,,
SWZ,Super League,2020/2021,10/04/2021,19:30,Luzern,Basel,3,4,A,2.22,3.82,3.1,2.3,3.83,3.19,2.17,3.69,3.02,,,,,,
SWZ,Super League,2020/2021,11/04/2021,15:00,Vaduz,Sion,3,0,H,2.33,3.29,3.34,2.34,3.44,3.6,2.22,3.25,3.25,,,,,,
SWZ,Super League,2020/2021,11/04/2021,15:00,Young Boys,St. Gallen,2,0,H,1.61,4.57,5.1,1.62,4.75,5.5,1.56,4.45,4.99,,,,,,
SWZ,Super League,2020/2021,11/04/2021,15:00,Zurich,Servette,1,2,A,3.97,3.92,1.89,4.1,3.92,1.96,3.78,3.68,1.89,,,,,,
SWZ,Super League,2020/2021,17/04/2021,17:15,Sion,Zurich,2,2,D,3.24,3.45,2.3,3.34,3.5,2.3,3.17,3.34,2.21,,,,,,
SWZ,Super League,2020/2021,17/04/2021,19:30,St. Gallen,Luzern,0,0,D,2.08,3.96,3.33,2.11,4,3.4,2.02,3.79,3.25,,,,,,
SWZ,Super League,2020/2021,18/04/2021,15:00,Basel,Servette,5,0,H,2.26,3.86,3.01,2.35,3.88,3.11,2.23,3.66,2.89,,,,,,
SWZ,Super League,2020/2021,18/04/2021,15:00,Lausanne,Vaduz,2,1,H,1.72,3.79,5.21,1.8,3.86,5.23,1.7,3.69,4.86,,,,,,
SWZ,Super League,2020/2021,18/04/2021,15:00,Young Boys,Lugano,3,0,H,1.38,4.97,8.94,1.42,5.1,8.94,1.37,4.69,8,,,,,,
SWZ,Super League,2020/2021,21/04/2021,17:15,Luzern,Lausanne,1,0,H,2.37,3.55,3.04,2.45,3.74,3.04,2.34,3.46,2.85,,,,,,
SWZ,Super League,2020/2021,21/04/2021,19:30,Lugano,St. Gallen,2,0,H,2.58,3.39,2.86,2.58,3.48,2.91,2.48,3.34,2.74,,,,,,
SWZ,Super League,2020/2021,21/04/2021,19:30,Vaduz,Basel,1,1,D,3.67,4.01,1.95,3.83,4.01,1.96,3.62,3.74,1.91,,,,,,
SWZ,Super League,2020/2021,22/04/2021,17:15,Servette,Sion,3,5,A,1.6,4.28,5.63,1.61,4.54,5.63,1.57,4.26,5.18,,,,,,
SWZ,Super League,2020/2021,22/04/2021,19:30,Zurich,Young Boys,1,2,A,5.12,4.14,1.67,5.6,4.45,1.71,4.82,4.1,1.63,,,,,,
SWZ,Super League,2020/2021,24/04/2021,17:15,St. Gallen,Vaduz,1,0,H,1.79,3.89,4.57,1.92,4,4.6,1.79,3.74,4.21,,,,,,
SWZ,Super League,2020/2021,24/04/2021,19:30,Lausanne,Basel,3,3,D,2.22,3.85,3.09,2.31,3.88,3.2,2.2,3.69,2.95,,,,,,
SWZ,Super League,2020/2021,25/04/2021,15:00,Lugano,Servette,0,1,A,2.57,3.31,2.92,2.6,3.4,2.99,2.49,3.24,2.82,,,,,,
SWZ,Super League,2020/2021,25/04/2021,15:00,Luzern,Zurich,3,1,H,1.93,3.91,3.8,1.97,3.95,3.94,1.91,3.75,3.67,,,,,,
SWZ,Super League,2020/2021,25/04/2021,15:00,Young Boys,Sion,2,1,H,1.36,5.74,7.9,1.39,6.02,8.65,1.34,5.46,7.62,,,,,,
SWZ,Super League,2020/2021,01/05/2021,17:15,Vaduz,Luzern,1,2,A,3.3,3.39,2.3,3.3,4.16,2.33,3.13,3.32,2.25,,,,,,
SWZ,Super League,2020/2021,01/05/2021,19:30,Basel,St. Gallen,1,0,H,2.26,4.02,2.92,2.3,4.1,3.02,2.19,3.83,2.87,,,,,,
SWZ,Super League,2020/2021,02/05/2021,15:00,Servette,Young Boys,2,1,H,3.3,3.99,2.08,3.3,4.07,2.11,3.18,3.85,2.04,,,,,,
SWZ,Super League,2020/2021,02/05/2021,15:00,Sion,Lausanne,1,1,D,4.06,3.6,1.96,4.06,3.8,1.99,3.78,3.56,1.93,,,,,,
SWZ,Super League,2020/2021,02/05/2021,15:00,Zurich,Lugano,3,0,H,2.73,3.31,2.74,2.85,3.36,2.8,2.69,3.22,2.62,,,,,,
SWZ,Super League,2020/2021,08/05/2021,17:15,Lugano,Vaduz,0,2,A,2.54,3.12,3.14,2.55,3.3,3.22,2.45,3.1,2.98,,,,,,
SWZ,Super League,2020/2021,08/05/2021,19:30,Young Boys,Basel,2,0,H,1.56,4.71,5.49,1.64,4.76,5.55,1.57,4.35,5.07,,,,,,
SWZ,Super League,2020/2021,09/05/2021,15:00,Lausanne,Zurich,2,2,D,1.93,4.05,3.71,2,4.1,3.85,1.91,3.82,3.57,,,,,,
SWZ,Super League,2020/2021,09/05/2021,15:00,Luzern,Servette,3,0,H,2.36,3.81,2.88,2.45,3.88,2.88,2.34,3.63,2.75,,,,,,
SWZ,Super League,2020/2021,09/05/2021,15:00,St. Gallen,Sion,0,3,A,1.65,4.31,4.99,1.71,4.4,5,1.65,4.09,4.61,,,,,,
SWZ,Super League,2020/2021,11/05/2021,17:15,Vaduz,Young Boys,0,2,A,4.47,3.97,1.78,4.76,4.06,1.8,4.34,3.82,1.75,,,,,,
SWZ,Super League,2020/2021,11/05/2021,19:30,Basel,Lugano,2,0,H,1.89,3.73,4.2,1.92,3.77,4.22,1.86,3.6,3.98,,,,,,
SWZ,Super League,2020/2021,12/05/2021,17:15,Servette,Lausanne,1,4,A,2.02,3.85,3.46,2.15,4.09,3.5,2.03,3.77,3.25,,,,,,
SWZ,Super League,2020/2021,12/05/2021,19:30,Sion,Luzern,1,1,D,3.1,3.68,2.22,3.3,3.75,2.35,3.07,3.56,2.18,,,,,,
SWZ,Super League,2020/2021,12/05/2021,19:30,Zurich,St. Gallen,2,2,D,3.07,3.6,2.27,3.08,3.63,2.35,2.97,3.5,2.25,,,,,,
SWZ,Super League,2020/2021,15/05/2021,19:30,Basel,Zurich,4,0,H,1.73,4.13,4.49,1.79,4.23,4.75,1.74,3.96,4.2,,,,,,
SWZ,Super League,2020/2021,15/05/2021,19:30,Lugano,Sion,3,1,H,2.3,3.54,3.07,2.45,3.55,3.3,2.28,3.38,3.01,,,,,,
SWZ,Super League,2020/2021,15/05/2021,19:30,St. Gallen,Lausanne,5,0,H,2.16,3.6,3.3,2.25,3.84,3.4,2.15,3.56,3.13,,,,,,
SWZ,Super League,2020/2021,15/05/2021,19:30,Vaduz,Servette,1,3,A,3.42,3.61,2.11,3.5,3.68,2.13,3.33,3.51,2.08,,,,,,
SWZ,Super League,2020/2021,15/05/2021,19:30,Young Boys,Luzern,5,2,H,1.55,4.52,5.63,1.57,4.63,6,1.53,4.43,5.43,,,,,,
SWZ,Super League,2020/2021,21/05/2021,19:30,Lausanne,Young Boys,2,4,A,4.09,4.23,1.78,4.2,4.6,1.8,3.9,4.3,1.73,,,,,,
SWZ,Super League,2020/2021,21/05/2021,19:30,Luzern,Lugano,1,2,A,1.98,3.95,3.51,2.01,3.99,3.63,1.95,3.8,3.44,,,,,,
SWZ,Super League,2020/2021,21/05/2021,19:30,Servette,St. Gallen,1,2,A,1.41,5.22,6.96,1.42,6,8,1.36,5.36,6.84,,,,,,
SWZ,Super League,2020/2021,21/05/2021,19:30,Sion,Basel,4,0,H,2.15,4.27,2.9,2.26,4.33,3.02,2.16,4.06,2.81,,,,,,
SWZ,Super League,2020/2021,21/05/2021,19:30,Zurich,Vaduz,4,1,H,3.05,3.86,2.19,3.15,3.94,2.3,2.98,3.72,2.17,,,,,,
SWZ,Challenge League,2020/2021,27/05/2021,19:30,Thun,Sion,1,4,A,2.94,3.51,2.45,2.95,3.7,2.46,2.77,3.43,2.38,,,,,,
SWZ,Challenge League,2020/2021,30/05/2021,15:00,Sion,Thun,2,3,A,1.98,3.86,3.69,2,3.86,3.85,1.93,3.67,3.55,,,,,,
SWZ,Super League,2021/2022,24/07/2021,17:00,Luzern,Young Boys,3,4,A,3.3,3.75,2.16,3.4,3.77,2.19,3.21,3.62,2.09,,,,,,
SWZ,Super League,2021/2022,24/07/2021,19:30,Lausanne,St. Gallen,1,2,A,2.21,3.93,3.06,2.3,3.95,3.15,2.19,3.75,2.92,,,,,,
SWZ,Super League,2021/2022,25/07/2021,13:15,Lugano,Zurich,0,2,A,2.19,3.59,3.34,2.26,3.7,3.44,2.16,3.44,3.21,,,,,,
SWZ,Super League,2021/2022,25/07/2021,15:30,Grasshoppers,Basel,0,2,A,3.82,3.63,2.01,4.16,3.79,2.06,3.59,3.58,1.97,,,,,,
SWZ,Super League,2021/2022,25/07/2021,15:30,Sion,Servette,1,2,A,3,3.91,2.25,3.2,4,2.3,2.92,3.76,2.19,,,,,,
SWZ,Super League,2021/2022,31/07/2021,17:00,Zurich,Lausanne,3,1,H,2.02,3.66,3.77,2.24,3.72,3.9,2.02,3.53,3.5,,,,,,
SWZ,Super League,2021/2022,31/07/2021,19:30,Young Boys,Grasshoppers,0,0,D,1.34,5.43,9.27,1.36,5.76,9.4,1.32,5.3,8.31,,,,,,
SWZ,Super League,2021/2022,01/08/2021,13:15,St. Gallen,Luzern,2,2,D,1.99,4.05,3.5,2.05,4.1,3.8,1.97,3.87,3.34,,,,,,
SWZ,Super League,2021/2022,01/08/2021,15:30,Basel,Sion,6,1,H,1.59,4.27,5.78,1.6,4.6,6,1.55,4.19,5.51,,,,,,
SWZ,Super League,2021/2022,01/08/2021,15:30,Servette,Lugano,0,2,A,1.99,3.4,4.19,2,3.6,4.2,1.94,3.39,3.9,,,,,,
SWZ,Super League,2021/2022,07/08/2021,17:00,Sion,Young Boys,1,0,H,6.86,4.69,1.47,7.5,4.95,1.53,6.34,4.56,1.45,,,,,,
SWZ,Super League,2021/2022,07/08/2021,19:30,Grasshoppers,Lausanne,3,1,H,2.02,3.6,3.82,2.04,3.68,3.86,1.96,3.53,3.65,,,,,,
SWZ,Super League,2021/2022,08/08/2021,13:15,Lugano,St. Gallen,2,1,H,2.32,3.39,3.25,2.4,3.5,3.26,2.29,3.28,3.07,,,,,,
SWZ,Super League,2021/2022,08/08/2021,15:30,Basel,Servette,5,1,H,1.81,4.17,3.92,1.89,4.2,4.36,1.8,3.98,3.81,,,,,,
SWZ,Super League,2021/2022,08/08/2021,15:30,Luzern,Zurich,1,3,A,2.11,3.93,3.28,2.16,3.93,3.36,2.09,3.72,3.14,,,,,,
SWZ,Super League,2021/2022,21/08/2021,17:00,Zurich,Grasshoppers,2,1,H,1.93,3.71,4.01,2,3.92,4.2,1.9,3.62,3.8,,,,,,
SWZ,Super League,2021/2022,21/08/2021,19:30,St. Gallen,Sion,1,1,D,1.53,4.99,5.48,1.6,5,5.8,1.51,4.67,5.26,,,,,,
SWZ,Super League,2021/2022,22/08/2021,13:15,Lausanne,Basel,2,2,D,4.28,4.43,1.74,4.65,4.43,1.82,4.16,4.1,1.72,,,,,,
SWZ,Super League,2021/2022,22/08/2021,15:30,Servette,Luzern,4,1,H,1.85,4.14,3.92,2.08,4.15,4.01,1.89,3.92,3.61,,,,,,
SWZ,Super League,2021/2022,28/08/2021,17:00,St. Gallen,Zurich,3,3,D,1.95,4.04,3.64,2,4.13,3.8,1.91,3.89,3.53,,,,,,
SWZ,Super League,2021/2022,28/08/2021,19:30,Sion,Lugano,3,2,H,2.85,3.38,2.59,2.85,3.56,2.59,2.76,3.3,2.51,,,,,,
SWZ,Super League,2021/2022,29/08/2021,13:15,Luzern,Lausanne,1,1,D,1.88,3.96,3.97,1.88,4.1,4.2,1.83,3.83,3.87,,,,,,
SWZ,Super League,2021/2022,29/08/2021,15:30,Basel,Young Boys,1,1,D,3.25,3.88,2.13,3.4,3.98,2.19,3.15,3.74,2.09,,,,,,
SWZ,Super League,2021/2022,29/08/2021,15:30,Grasshoppers,Servette,1,1,D,3.02,3.68,2.32,3.16,3.79,2.32,2.96,3.55,2.24,,,,,,
SWZ,Super League,2021/2022,11/09/2021,17:00,Luzern,Grasshoppers,1,1,D,1.94,3.8,3.88,2.08,4.1,4.6,1.82,3.78,3.99,,,,,,
SWZ,Super League,2021/2022,11/09/2021,19:30,Young Boys,Zurich,4,0,H,1.34,5.75,8.62,1.5,5.76,9.5,1.31,5.43,8.58,,,,,,
SWZ,Super League,2021/2022,12/09/2021,13:15,Servette,St. Gallen,5,1,H,1.9,3.97,3.87,2.17,4.1,4.33,1.88,3.84,3.67,,,,,,
SWZ,Super League,2021/2022,12/09/2021,15:30,Lausanne,Sion,1,1,D,2.1,3.66,3.5,2.11,3.98,3.51,2.05,3.57,3.36,,,,,,
SWZ,Super League,2021/2022,12/09/2021,15:30,Lugano,Basel,1,1,D,2.99,3.49,2.43,3.3,3.67,2.43,2.92,3.46,2.3,,,,,,
SWZ,Super League,2021/2022,21/09/2021,19:30,Zurich,Servette,2,2,D,2.45,3.59,2.89,2.46,3.9,3,2.28,3.61,2.86,,,,,,
SWZ,Super League,2021/2022,22/09/2021,17:00,Lausanne,Young Boys,1,6,A,7.13,5.2,1.42,8,5.3,1.42,7.07,4.92,1.39,,,,,,
SWZ,Super League,2021/2022,22/09/2021,19:30,St. Gallen,Basel,0,2,A,2.51,4.01,2.6,2.7,4.1,2.66,2.51,3.78,2.48,,,,,,
SWZ,Super League,2021/2022,23/09/2021,19:30,Lugano,Grasshoppers,1,1,D,2.26,3.21,3.58,2.26,3.27,3.8,2.19,3.11,3.47,,,,,,
SWZ,Super League,2021/2022,23/09/2021,19:30,Sion,Luzern,1,1,D,2.38,3.68,2.93,2.42,3.8,3,2.29,3.61,2.83,,,,,,
SWZ,Super League,2021/2022,25/09/2021,17:00,Young Boys,St. Gallen,2,1,H,1.18,7.9,15.56,1.33,8.79,17,1.17,7.47,13.6,,,,,,
SWZ,Super League,2021/2022,25/09/2021,19:30,Servette,Lausanne,1,1,D,1.56,4.65,5.52,1.59,4.65,5.7,1.54,4.39,5.23,,,,,,
SWZ,Super League,2021/2022,26/09/2021,13:15,Luzern,Lugano,2,3,A,2.32,3.52,3.15,2.35,3.54,3.19,2.27,3.37,3.03,,,,,,
SWZ,Super League,2021/2022,26/09/2021,15:30,Basel,Zurich,3,1,H,1.79,4.24,4.14,1.81,4.25,4.75,1.74,4.04,4.13,,,,,,
SWZ,Super League,2021/2022,26/09/2021,15:30,Grasshoppers,Sion,3,1,H,2.05,3.7,3.6,2.1,3.85,3.7,2.01,3.59,3.44,,,,,,
SWZ,Super League,2021/2022,02/10/2021,17:00,Grasshoppers,St. Gallen,5,2,H,2.31,3.58,3.12,2.45,3.68,3.12,2.27,3.43,3,,,,,,
SWZ,Super League,2021/2022,02/10/2021,19:30,Lugano,Lausanne,2,0,H,1.83,3.69,4.61,1.95,3.72,4.75,1.81,3.55,4.32,,,,,,
SWZ,Super League,2021/2022,03/10/2021,13:15,Zurich,Sion,6,2,H,1.64,4.5,4.92,1.8,4.51,4.98,1.64,4.26,4.54,,,,,,
SWZ,Super League,2021/2022,03/10/2021,15:30,Basel,Luzern,1,1,D,1.48,4.94,6.27,1.53,4.95,6.38,1.48,4.67,5.73,,,,,,
SWZ,Super League,2021/2022,03/10/2021,15:30,Servette,Young Boys,0,6,A,3.73,3.87,1.97,4,4.11,1.99,3.66,3.81,1.89,,,,,,
SWZ,Super League,2021/2022,16/10/2021,17:00,Young Boys,Luzern,1,1,D,1.2,7.34,13.75,1.27,7.5,13.76,1.2,6.78,11.74,,,,,,
SWZ,Super League,2021/2022,16/10/2021,19:30,Zurich,Lugano,1,0,H,2.05,3.42,3.92,2.12,3.72,3.92,2.01,3.39,3.63,,,,,,
SWZ,Super League,2021/2022,17/10/2021,13:15,Lausanne,Grasshoppers,3,1,H,3.05,3.61,2.33,3.1,3.68,2.42,2.95,3.47,2.27,,,,,,
SWZ,Super League,2021/2022,17/10/2021,15:30,Sion,Basel,0,1,A,3.84,3.82,1.95,4.2,4.4,1.96,3.72,3.78,1.88,,,,,,
SWZ,Super League,2021/2022,17/10/2021,15:30,St. Gallen,Servette,2,1,H,2.5,3.77,2.71,2.5,4.01,2.81,2.42,3.68,2.62,,,,,,
SWZ,Super League,2021/2022,23/10/2021,17:00,Young Boys,Lausanne,3,2,H,1.17,8.24,15.88,1.21,9.4,19,1.14,7.91,15.66,,,,,,
SWZ,Super League,2021/2022,23/10/2021,19:30,Grasshoppers,Zurich,3,3,D,2.54,3.62,2.75,2.75,3.74,2.78,2.53,3.49,2.6,,,,,,
SWZ,Super League,2021/2022,24/10/2021,13:15,Luzern,St. Gallen,2,0,H,2.28,3.92,2.94,2.28,3.98,3.1,2.2,3.76,2.91,,,,,,
SWZ,Super League,2021/2022,24/10/2021,15:30,Basel,Lugano,2,0,H,1.88,3.62,4.39,1.95,4.01,5.54,1.87,3.54,4.03,,,,,,
SWZ,Super League,2021/2022,24/10/2021,15:30,Servette,Sion,1,2,A,1.52,4.81,5.83,1.65,4.81,6,1.54,4.38,5.35,,,,,,
SWZ,Super League,2021/2022,30/10/2021,17:00,St. Gallen,Young Boys,3,1,H,5.03,4.46,1.63,5.75,4.75,1.63,5.08,4.48,1.55,,,,,,
SWZ,Super League,2021/2022,30/10/2021,19:30,Zurich,Basel,3,3,D,2.07,3.98,3.33,2.26,4.05,3.38,2.06,3.8,3.16,,,,,,
SWZ,Super League,2021/2022,31/10/2021,13:15,Sion,Grasshoppers,1,3,A,2.78,3.59,2.53,2.87,3.74,2.53,2.73,3.48,2.42,,,,,,
SWZ,Super League,2021/2022,31/10/2021,15:30,Lausanne,Luzern,1,1,D,2.35,3.79,2.91,2.55,3.79,2.95,2.36,3.5,2.8,,,,,,
SWZ,Super League,2021/2022,31/10/2021,15:30,Lugano,Servette,2,1,H,2.46,3.55,2.9,2.5,3.67,2.94,2.39,3.42,2.8,,,,,,
SWZ,Super League,2021/2022,06/11/2021,17:00,Grasshoppers,Young Boys,1,1,D,4.16,3.62,1.93,4.57,4.01,1.94,3.94,3.73,1.84,,,,,,
SWZ,Super League,2021/2022,06/11/2021,19:30,Luzern,Sion,0,1,A,1.72,4.02,4.83,1.82,4.2,4.85,1.71,3.84,4.5,,,,,,
SWZ,Super League,2021/2022,07/11/2021,13:15,Servette,Zurich,1,2,A,2.06,3.91,3.42,2.2,4.05,3.42,2.04,3.78,3.2,,,,,,
SWZ,Super League,2021/2022,07/11/2021,15:30,Basel,St. Gallen,0,1,A,1.68,4.37,4.75,1.68,4.5,5.1,1.63,4.23,4.62,,,,,,
SWZ,Super League,2021/2022,07/11/2021,15:30,Lausanne,Lugano,0,2,A,2.64,3.27,2.84,2.66,3.48,2.87,2.58,3.2,2.73,,,,,,
SWZ,Super League,2021/2022,20/11/2021,17:00,Sion,Zurich,0,1,A,3.42,3.81,2.09,3.6,3.88,2.13,3.31,3.65,2.04,,,,,,
SWZ,Super League,2021/2022,21/11/2021,13:15,St. Gallen,Lausanne,0,1,A,1.86,3.93,4.09,1.9,4.09,4.21,1.83,3.78,3.91,,,,,,
SWZ,Super League,2021/2022,21/11/2021,15:30,Lugano,Luzern,3,1,H,2.59,3.37,2.86,2.6,3.46,3.35,2.48,3.23,2.85,,,,,,
SWZ,Super League,2021/2022,21/11/2021,15:30,Servette,Grasshoppers,3,2,H,1.93,3.88,3.85,2.1,3.88,3.85,1.96,3.65,3.55,,,,,,
SWZ,Super League,2021/2022,27/11/2021,17:00,Grasshoppers,Lugano,0,1,A,2.28,3.36,3.37,2.55,3.44,3.42,2.3,3.24,3.11,,,,,,
SWZ,Super League,2021/2022,27/11/2021,19:30,Sion,St. Gallen,3,1,H,2.91,3.84,2.33,2.92,3.84,2.45,2.77,3.57,2.36,,,,,,
SWZ,Super League,2021/2022,28/11/2021,13:15,Zurich,Young Boys,1,0,H,3.36,3.87,2.09,3.52,4.1,2.12,3.28,3.79,2.01,,,,,,
SWZ,Super League,2021/2022,28/11/2021,15:30,Lausanne,Servette,0,3,A,2.6,3.53,2.74,2.95,3.71,2.75,2.54,3.46,2.6,,,,,,
SWZ,Super League,2021/2022,28/11/2021,15:30,Luzern,Basel,1,3,A,2.5,3.83,2.45,2.85,3.86,2.75,2.56,3.64,2.49,,,,,,
SWZ,Super League,2021/2022,01/12/2021,19:30,Young Boys,Lugano,3,1,H,1.53,4.36,6.39,1.55,4.5,6.6,1.51,4.29,5.94,,,,,,
SWZ,Super League,2021/2022,04/12/2021,17:00,Zurich,Luzern,4,0,H,1.87,3.95,4.05,1.88,4.3,4.95,1.81,3.87,3.98,,,,,,
SWZ,Super League,2021/2022,04/12/2021,19:30,Young Boys,Servette,1,2,A,1.44,4.96,7.04,1.51,5.5,7.2,1.42,4.91,6.49,,,,,,
SWZ,Super League,2021/2022,05/12/2021,13:15,Basel,Lausanne,1,1,D,1.59,4.42,5.47,1.6,4.75,5.8,1.56,4.35,5.15,,,,,,
SWZ,Super League,2021/2022,05/12/2021,15:30,Lugano,Sion,2,0,H,1.76,3.71,5.06,1.8,3.85,5.13,1.74,3.61,4.7,,,,,,
SWZ,Super League,2021/2022,05/12/2021,15:30,St. Gallen,Grasshoppers,0,4,A,2.32,3.81,2.95,2.4,3.82,3,2.31,3.58,2.85,,,,,,
SWZ,Super League,2021/2022,11/12/2021,17:00,Lausanne,Zurich,1,3,A,2.86,3.55,2.48,3,3.76,2.48,2.82,3.52,2.33,,,,,,
SWZ,Super League,2021/2022,11/12/2021,19:30,St. Gallen,Lugano,1,1,D,2.63,3.44,2.76,2.69,3.52,2.8,2.58,3.29,2.65,,,,,,
SWZ,Super League,2021/2022,12/12/2021,13:15,Young Boys,Sion,4,3,H,1.26,6.34,10.76,1.3,6.6,12.04,1.25,6.05,10.19,,,,,,
SWZ,Super League,2021/2022,12/12/2021,15:30,Grasshoppers,Luzern,1,1,D,2.14,3.59,3.47,2.21,3.76,3.85,2.12,3.52,3.23,,,,,,
SWZ,Super League,2021/2022,12/12/2021,15:30,Servette,Basel,2,2,D,2.17,4.06,3.06,2.3,4.13,3.11,2.15,3.81,2.94,,,,,,
SWZ,Super League,2021/2022,15/12/2021,19:30,Young Boys,Basel,1,1,D,1.6,4.53,5.23,1.63,4.79,5.5,1.55,4.52,5.02,,,,,,
SWZ,Super League,2021/2022,18/12/2021,17:00,Zurich,St. Gallen,3,1,H,1.56,4.5,5.66,1.57,4.84,6,1.51,4.56,5.38,,,,,,
SWZ,Super League,2021/2022,18/12/2021,19:30,Luzern,Servette,0,2,A,2.54,3.65,2.74,2.67,4,2.74,2.55,3.5,2.58,,,,,,
SWZ,Super League,2021/2022,19/12/2021,13:15,Lugano,Young Boys,0,5,A,3.96,3.56,2,4.04,3.65,2,3.79,3.45,1.95,,,,,,
SWZ,Super League,2021/2022,19/12/2021,15:30,Basel,Grasshoppers,2,2,D,1.81,4.16,4.14,1.83,4.26,4.33,1.78,3.97,3.99,,,,,,
SWZ,Super League,2021/2022,19/12/2021,15:30,Sion,Lausanne,2,0,H,2.61,3.55,2.71,2.7,3.75,2.71,2.57,3.43,2.6,,,,,,
SWZ,Super League,2021/2022,29/01/2022,17:00,Zurich,Servette,1,0,H,2.17,3.56,3.41,2.23,3.76,3.41,2.15,3.48,3.19,,,,,,
SWZ,Super League,2021/2022,29/01/2022,19:30,Young Boys,Lugano,1,0,H,1.35,5.41,8.77,1.38,5.5,8.8,1.34,5.12,8.11,,,,,,
SWZ,Super League,2021/2022,30/01/2022,13:15,Lausanne,St. Gallen,1,5,A,2.36,3.81,2.88,2.57,3.84,2.95,2.38,3.62,2.72,,,,,,
SWZ,Super League,2021/2022,30/01/2022,15:30,Luzern,Basel,0,3,A,2.99,3.73,2.32,3.15,3.81,2.33,2.94,3.6,2.23,,,,,,
SWZ,Super League,2021/2022,30/01/2022,15:30,Sion,Grasshoppers,2,0,H,2.38,3.54,3.02,2.88,3.6,3.1,2.36,3.36,2.9,,,,,,
SWZ,Super League,2021/2022,05/02/2022,17:00,Servette,Lausanne,1,0,H,1.7,3.97,5.08,1.73,4.3,5.5,1.64,3.97,4.94,,,,,,
SWZ,Super League,2021/2022,05/02/2022,19:30,Grasshoppers,Zurich,1,3,A,3.66,3.68,2.04,4,3.84,2.2,3.6,3.59,1.97,,,,,,
SWZ,Super League,2021/2022,06/02/2022,13:15,Basel,Sion,3,3,D,1.65,4.25,5.08,1.68,4.5,6,1.62,4.16,4.86,,,,,,
SWZ,Super League,2021/2022,06/02/2022,15:30,Lugano,Luzern,2,1,H,1.96,3.55,4.12,2,3.7,4.5,1.94,3.4,3.94,,,,,,
SWZ,Super League,2021/2022,06/02/2022,15:30,St. Gallen,Young Boys,3,3,D,3.46,3.64,2.13,4.3,4,2.25,3.24,3.67,2.09,,,,,,
SWZ,Super League,2021/2022,12/02/2022,17:00,Lausanne,Grasshoppers,0,2,A,2.8,3.47,2.58,2.95,3.58,2.65,2.73,3.33,2.51,,,,,,
SWZ,Super League,2021/2022,12/02/2022,19:30,St. Gallen,Servette,5,1,H,2.25,3.77,3.09,2.4,3.77,3.15,2.24,3.55,2.96,,,,,,
SWZ,Super League,2021/2022,13/02/2022,13:15,Young Boys,Basel,3,1,H,1.55,4.8,5.42,1.61,4.85,5.6,1.53,4.6,5.2,,,,,,
SWZ,Super League,2021/2022,13/02/2022,15:30,Luzern,Sion,1,0,H,2.16,3.55,3.47,2.16,3.7,3.5,2.1,3.48,3.34,,,,,,
SWZ,Super League,2021/2022,13/02/2022,15:30,Zurich,Lugano,3,0,H,1.91,3.49,4.43,1.97,3.68,4.51,1.89,3.45,4.13,,,,,,
SWZ,Super League,2021/2022,19/02/2022,17:00,Lugano,St. Gallen,0,2,A,2.43,3.52,2.97,2.55,3.6,2.97,2.43,3.38,2.8,,,,,,
SWZ,Super League,2021/2022,19/02/2022,19:30,Basel,Lausanne,3,0,H,1.65,4.15,5.26,1.65,4.8,7.1,1.53,4.35,5.67,,,,,,
SWZ,Super League,2021/2022,20/02/2022,13:15,Sion,Zurich,1,1,D,3.62,3.8,2.02,3.7,3.85,2.07,3.51,3.59,2,,,,,,
SWZ,Super League,2021/2022,20/02/2022,15:30,Grasshoppers,Young Boys,2,2,D,4.66,3.8,1.79,4.8,4.04,1.81,4.36,3.77,1.76,,,,,,
SWZ,Super League,2021/2022,20/02/2022,15:30,Servette,Luzern,1,1,D,1.89,3.89,4,1.96,3.9,4.1,1.87,3.69,3.89,,,,,,
SWZ,Super League,2021/2022,26/02/2022,17:00,Young Boys,Sion,3,1,H,1.36,5.33,8.53,1.37,5.36,9.75,1.33,5.12,8.33,,,,,,
SWZ,Super League,2021/2022,26/02/2022,19:30,Lugano,Servette,2,0,H,2.62,3.14,3.01,2.65,3.4,3.1,2.5,3.14,2.9,,,,,,
SWZ,Super League,2021/2022,27/02/2022,13:15,St. Gallen,Grasshoppers,2,0,H,2.19,3.57,3.38,2.2,3.76,3.41,2.12,3.47,3.28,,,,,,
SWZ,Super League,2021/2022,27/02/2022,15:30,Lausanne,Luzern,1,2,A,3.1,3.39,2.41,3.1,3.5,2.51,2.91,3.29,2.39,,,,,,
SWZ,Super League,2021/2022,27/02/2022,15:30,Zurich,Basel,4,2,H,2.32,3.85,2.92,2.35,3.88,3,2.27,3.58,2.91,,,,,,
SWZ,Super League,2021/2022,01/03/2022,19:30,Servette,Young Boys,1,0,H,3.33,3.6,2.19,3.5,3.87,2.27,3.19,3.59,2.12,,,,,,
SWZ,Super League,2021/2022,02/03/2022,17:00,Sion,Lausanne,1,0,H,1.94,3.42,4.37,2,3.6,4.37,1.93,3.39,3.97,,,,,,
SWZ,Super League,2021/2022,02/03/2022,19:30,Luzern,Zurich,0,2,A,2.96,3.52,2.43,3.4,3.75,2.45,2.85,3.54,2.34,,,,,,
SWZ,Super League,2021/2022,03/03/2022,19:30,Basel,St. Gallen,2,2,D,2.05,3.83,3.51,2.12,4.09,3.7,2,3.76,3.36,,,,,,
SWZ,Super League,2021/2022,03/03/2022,19:30,Grasshoppers,Lugano,1,2,A,2.58,3.16,3.05,2.65,3.29,3.07,2.53,3.07,2.92,,,,,,
SWZ,Super League,2021/2022,05/03/2022,17:00,Young Boys,Luzern,2,2,D,1.45,4.8,7.01,1.46,5.2,7.56,1.42,4.78,6.55,,,,,,
SWZ,Super League,2021/2022,05/03/2022,19:30,Lausanne,Zurich,0,2,A,4.19,3.79,1.88,4.5,4.04,1.9,3.97,3.76,1.82,,,,,,
SWZ,Super League,2021/2022,06/03/2022,13:15,Lugano,Basel,0,2,A,2.52,3.49,2.85,2.8,3.64,2.88,2.46,3.35,2.78,,,,,,
SWZ,Super League,2021/2022,06/03/2022,15:30,Grasshoppers,Servette,2,4,A,2.94,3.47,2.47,2.96,3.6,2.7,2.79,3.33,2.48,,,,,,
SWZ,Super League,2021/2022,06/03/2022,15:30,St. Gallen,Sion,1,1,D,1.6,4.4,5.46,1.68,4.5,5.6,1.59,4.18,5.15,,,,,,
SWZ,Super League,2021/2022,12/03/2022,17:00,Zurich,St. Gallen,0,3,A,1.97,3.84,3.74,2.01,4.03,3.93,1.93,3.79,3.57,,,,,,
SWZ,Super League,2021/2022,12/03/2022,19:30,Sion,Lugano,0,3,A,3.03,3.22,2.55,3.05,3.4,2.55,2.94,3.16,2.46,,,,,,
SWZ,Super League,2021/2022,13/03/2022,13:15,Lausanne,Young Boys,2,2,D,6.73,4.7,1.48,7.1,4.85,1.5,6.34,4.6,1.45,,,,,,
SWZ,Super League,2021/2022,13/03/2022,15:30,Basel,Servette,2,0,H,2.38,3.75,2.89,2.47,3.92,2.95,2.36,3.6,2.77,,,,,,
SWZ,Super League,2021/2022,13/03/2022,15:30,Luzern,Grasshoppers,1,0,H,2.15,3.57,3.46,2.3,3.76,3.47,2.15,3.49,3.22,,,,,,
SWZ,Super League,2021/2022,19/03/2022,17:00,St. Gallen,Luzern,3,2,H,1.97,3.83,3.74,1.97,4.05,4,1.92,3.75,3.63,,,,,,
SWZ,Super League,2021/2022,19/03/2022,19:30,Young Boys,Zurich,1,2,A,1.61,4.38,5.31,1.7,4.5,5.5,1.59,4.24,4.98,,,,,,
SWZ,Super League,2021/2022,20/03/2022,13:15,Servette,Sion,2,1,H,1.85,3.97,4.26,1.87,3.97,4.5,1.82,3.72,4.08,,,,,,
SWZ,Super League,2021/2022,20/03/2022,15:30,Grasshoppers,Basel,2,4,A,3.06,3.5,2.38,3.15,3.77,2.38,3,3.55,2.23,,,,,,
SWZ,Super League,2021/2022,20/03/2022,15:30,Lugano,Lausanne,3,1,H,1.85,3.36,5.09,1.87,3.8,5.25,1.8,3.35,4.81,,,,,,
SWZ,Super League,2021/2022,02/04/2022,16:30,Zurich,Grasshoppers,1,1,D,1.68,4.18,4.97,1.73,4.18,4.97,1.69,3.92,4.6,,,,,,
SWZ,Super League,2021/2022,02/04/2022,19:30,Sion,St. Gallen,0,3,A,3.82,4.09,1.89,3.85,4.1,2.05,3.59,3.76,1.93,,,,,,
SWZ,Super League,2021/2022,03/04/2022,13:15,Luzern,Lugano,2,2,D,2.37,3.25,3.29,2.45,3.35,3.3,2.36,3.17,3.08,,,,,,
SWZ,Super League,2021/2022,03/04/2022,15:30,Basel,Young Boys,2,2,D,3.17,3.88,2.17,3.3,4,2.35,3.1,3.66,2.14,,,,,,
SWZ,Super League,2021/2022,03/04/2022,15:30,Lausanne,Servette,4,1,H,3.77,3.56,2.05,3.9,3.66,2.08,3.61,3.47,2,,,,,,
SWZ,Super League,2021/2022,09/04/2022,17:00,Young Boys,Lausanne,2,2,D,1.38,5.41,7.83,1.42,6,8.5,1.37,5.24,7.21,,,,,,
SWZ,Super League,2021/2022,09/04/2022,19:30,Grasshoppers,Luzern,2,2,D,3.13,3.57,2.31,3.25,3.7,2.44,3.05,3.44,2.24,,,,,,
SWZ,Super League,2021/2022,10/04/2022,13:15,Servette,Zurich,1,0,H,2.32,3.66,3.03,2.7,3.7,3.03,2.37,3.51,2.8,,,,,,
SWZ,Super League,2021/2022,10/04/2022,15:30,Lugano,Sion,1,3,A,1.7,3.79,5.43,1.8,3.79,5.43,1.7,3.6,5.04,,,,,,
SWZ,Super League,2021/2022,10/04/2022,15:30,St. Gallen,Basel,2,2,D,1.99,4.19,3.42,2.1,4.19,3.5,2,3.84,3.3,,,,,,
SWZ,Super League,2021/2022,16/04/2022,16:30,Zurich,Young Boys,2,1,H,2.75,3.63,2.53,2.79,3.75,2.66,2.61,3.48,2.54,,,,,,
SWZ,Super League,2021/2022,16/04/2022,19:30,Servette,Grasshoppers,0,1,A,1.81,4.08,4.22,1.82,4.27,4.45,1.75,3.98,4.13,,,,,,
SWZ,Super League,2021/2022,18/04/2022,13:15,Luzern,St. Gallen,3,2,H,2.58,3.78,2.7,2.65,4,2.7,2.5,3.64,2.56,,,,,,
SWZ,Super League,2021/2022,18/04/2022,15:30,Lausanne,Lugano,4,1,H,2.51,3.24,3.07,2.71,3.55,3.07,2.45,3.32,2.83,,,,,,
SWZ,Super League,2021/2022,18/04/2022,15:30,Sion,Basel,0,0,D,3.62,3.81,2.02,3.85,3.89,2.04,3.48,3.66,1.99,,,,,,
SWZ,Super League,2021/2022,23/04/2022,16:30,Zurich,Sion,5,1,H,1.5,4.75,6.16,1.53,4.75,6.5,1.48,4.45,6.04,,,,,,
SWZ,Super League,2021/2022,23/04/2022,19:30,Young Boys,Servette,3,1,H,1.48,4.94,6.32,1.55,5,6.5,1.48,4.57,5.95,,,,,,
SWZ,Super League,2021/2022,24/04/2022,13:15,St. Gallen,Lugano,3,0,H,1.89,3.74,4.18,1.92,3.86,4.32,1.84,3.72,4.01,,,,,,
SWZ,Super League,2021/2022,24/04/2022,15:30,Basel,Luzern,3,0,H,1.93,3.86,3.87,1.98,4,3.98,1.89,3.77,3.69,,,,,,
SWZ,Super League,2021/2022,24/04/2022,15:30,Grasshoppers,Lausanne,3,1,H,2.14,3.61,3.45,2.16,3.68,3.5,2.11,3.47,3.32,,,,,,
SWZ,Super League,2021/2022,30/04/2022,17:00,Lugano,Grasshoppers,1,1,D,2.03,3.58,3.81,2.16,3.75,3.81,2.05,3.48,3.48,,,,,,
SWZ,Super League,2021/2022,30/04/2022,19:30,Servette,St. Gallen,0,2,A,2.48,3.97,2.65,2.55,3.98,2.7,2.42,3.71,2.62,,,,,,
SWZ,Super League,2021/2022,01/05/2022,13:15,Sion,Young Boys,1,2,A,6.56,4.83,1.47,7,5.1,1.5,6.32,4.67,1.44,,,,,,
SWZ,Super League,2021/2022,01/05/2022,15:30,Basel,Zurich,0,2,A,2.18,3.88,3.16,2.38,3.94,3.16,2.17,3.74,2.98,,,,,,
SWZ,Super League,2021/2022,01/05/2022,15:30,Luzern,Lausanne,3,0,H,1.65,4.39,4.95,1.7,4.4,5.25,1.63,4.13,4.81,,,,,,
SWZ,Super League,2021/2022,07/05/2022,17:00,Lugano,Young Boys,3,1,H,4.27,3.65,1.89,4.75,3.92,1.94,4.02,3.7,1.84,,,,,,
SWZ,Super League,2021/2022,07/05/2022,19:30,St. Gallen,Zurich,1,2,A,1.91,4.25,3.63,2.15,4.25,3.75,1.93,3.94,3.42,,,,,,
SWZ,Super League,2021/2022,08/05/2022,13:15,Grasshoppers,Sion,0,1,A,1.97,3.56,4.06,2,3.88,4.1,1.92,3.58,3.78,,,,,,
SWZ,Super League,2021/2022,08/05/2022,15:30,Lausanne,Basel,0,0,D,4.32,4.02,1.8,4.33,4.2,1.89,4.09,3.92,1.77,,,,,,
SWZ,Super League,2021/2022,08/05/2022,15:30,Luzern,Servette,4,0,H,1.89,4.12,3.79,2,4.2,4.06,1.86,3.85,3.76,,,,,,
SWZ,Super League,2021/2022,10/05/2022,19:30,Young Boys,St. Gallen,4,1,H,1.58,4.74,5.2,1.7,4.8,5.2,1.59,4.55,4.69,,,,,,
SWZ,Super League,2021/2022,11/05/2022,19:30,Servette,Lugano,2,2,D,2.1,3.64,3.55,2.2,3.7,3.55,2.07,3.54,3.34,,,,,,
SWZ,Super League,2021/2022,11/05/2022,19:30,Sion,Luzern,1,3,A,2.82,3.66,2.47,3.16,3.75,2.51,2.76,3.58,2.37,,,,,,
SWZ,Super League,2021/2022,12/05/2022,19:30,Basel,Grasshoppers,1,1,D,1.93,3.76,4.02,1.96,4.12,4.2,1.84,3.86,3.83,,,,,,
SWZ,Super League,2021/2022,12/05/2022,19:30,Zurich,Lausanne,2,2,D,1.71,4.29,4.55,1.74,4.4,4.8,1.66,4.24,4.49,,,,,,
SWZ,Super League,2021/2022,19/05/2022,19:30,Grasshoppers,St. Gallen,3,2,H,1.83,4.27,3.95,1.9,4.35,3.95,1.8,4.16,3.72,,,,,,
SWZ,Super League,2021/2022,19/05/2022,19:30,Lausanne,Sion,1,2,A,3.29,3.66,2.19,3.35,3.77,2.3,3.13,3.52,2.17,,,,,,
SWZ,Super League,2021/2022,19/05/2022,19:30,Lugano,Zurich,2,1,H,2.01,3.97,3.52,2.1,3.97,3.6,2,3.73,3.35,,,,,,
SWZ,Super League,2021/2022,19/05/2022,19:30,Luzern,Young Boys,2,2,D,2.64,3.8,2.55,2.85,3.85,2.6,2.64,3.58,2.46,,,,,,
SWZ,Super League,2021/2022,19/05/2022,19:30,Servette,Basel,0,0,D,1.96,3.98,3.65,2.3,4,3.75,2.02,3.79,3.32,,,,,,
SWZ,Super League,2021/2022,22/05/2022,15:30,Basel,Lugano,2,1,H,1.58,4.92,5,1.62,4.92,5.5,1.56,4.53,4.93,,,,,,
SWZ,Super League,2021/2022,22/05/2022,15:30,Sion,Servette,3,3,D,1.8,3.75,4.67,1.91,4,4.9,1.75,3.76,4.41,,,,,,
SWZ,Super League,2021/2022,22/05/2022,15:30,St. Gallen,Lausanne,4,0,H,1.41,5.34,7.12,1.5,5.9,7.5,1.38,5.35,6.47,,,,,,
SWZ,Super League,2021/2022,22/05/2022,15:30,Young Boys,Grasshoppers,3,0,H,1.31,6.66,7.75,1.35,7,9.5,1.28,6.17,8.13,,,,,,
SWZ,Super League,2021/2022,22/05/2022,15:30,Zurich,Luzern,2,3,A,2.32,4.1,2.8,2.34,4.2,2.91,2.25,3.97,2.71,,,,,,
SWZ,Super League,2021/2022,29/05/2022,15:30,Luzern,Schaffhausen,2,0,H,1.72,4.29,4.49,1.73,4.61,4.79,1.69,4.11,4.29,,,,,,
SWZ,Super League,2022/2023,16/07/2022,17:00,Young Boys,Zurich,4,0,H,1.65,4.41,4.9,1.76,4.57,5.2,1.63,4.26,4.63,,,,,,
SWZ,Super League,2022/2023,16/07/2022,19:30,Winterthur,Basel,1,1,D,3.05,3.57,2.35,3.1,3.76,2.45,2.88,3.5,2.3,,,,,,
SWZ,Super League,2022/2023,17/07/2022,15:30,Lugano,Sion,2,3,A,1.85,3.75,4.36,1.95,3.81,4.36,1.87,3.63,3.89,,,,,,
SWZ,Super League,2022/2023,17/07/2022,15:30,Servette,St. Gallen,1,0,H,2.41,3.87,2.78,2.45,4,2.85,2.34,3.71,2.7,,,,,,
SWZ,Super League,2022/2023,23/07/2022,17:00,Zurich,Luzern,0,0,D,2.11,3.95,3.25,2.17,4,3.5,2.09,3.73,3.13,,,,,,
SWZ,Super League,2022/2023,23/07/2022,19:30,St. Gallen,Winterthur,2,0,H,1.71,4.38,4.45,1.8,4.42,4.5,1.7,4.18,4.2,,,,,,
SWZ,Super League,2022/2023,24/07/2022,13:15,Basel,Servette,1,1,D,1.94,3.96,3.74,1.96,4,3.95,1.89,3.76,3.68,,,,,,
SWZ,Super League,2022/2023,24/07/2022,15:30,Grasshoppers,Lugano,2,1,H,2.57,3.38,2.87,2.57,3.6,3.35,2.35,3.41,2.88,,,,,,
SWZ,Super League,2022/2023,24/07/2022,15:30,Sion,Young Boys,0,3,A,4.29,4.01,1.81,4.5,4.25,1.83,4.06,3.97,1.76,,,,,,
SWZ,Super League,2022/2023,30/07/2022,17:00,St. Gallen,Zurich,2,0,H,2.18,3.98,3.09,2.18,4.25,3.32,2.07,3.9,3.06,,,,,,
SWZ,Super League,2022/2023,30/07/2022,19:30,Sion,Servette,0,0,D,2.72,3.46,2.66,2.72,3.66,2.66,2.58,3.47,2.55,,,,,,
SWZ,Super League,2022/2023,31/07/2022,15:30,Winterthur,Lugano,1,4,A,2.68,3.35,2.77,2.68,3.55,2.77,2.54,3.31,2.67,,,,,,
SWZ,Super League,2022/2023,31/07/2022,15:30,Young Boys,Grasshoppers,1,1,D,1.35,5.92,7.88,1.35,6,9.5,1.3,5.65,8.2,,,,,,
SWZ,Super League,2022/2023,06/08/2022,17:00,Servette,Winterthur,1,0,H,1.72,3.99,4.85,1.9,4,4.85,1.75,3.81,4.31,,,,,,
SWZ,Super League,2022/2023,06/08/2022,19:30,Grasshoppers,St. Gallen,3,2,H,2.97,3.69,2.35,2.97,3.86,2.5,2.79,3.58,2.32,,,,,,
SWZ,Super League,2022/2023,07/08/2022,13:15,Zurich,Sion,0,3,A,1.81,4.07,4.23,1.9,4.15,4.5,1.8,3.83,3.98,,,,,,
SWZ,Super League,2022/2023,07/08/2022,15:30,Basel,Young Boys,0,0,D,3.04,3.8,2.26,3.25,3.93,2.26,2.95,3.68,2.18,,,,,,
SWZ,Super League,2022/2023,07/08/2022,15:30,Lugano,Luzern,1,2,A,2.3,3.61,3.1,2.35,3.76,3.1,2.27,3.52,2.91,,,,,,
SWZ,Super League,2022/2023,10/08/2022,18:00,Luzern,Grasshoppers,1,1,D,1.75,4.04,4.55,1.8,4.26,4.6,1.73,3.94,4.26,,,,,,
SWZ,Super League,2022/2023,13/08/2022,17:00,Sion,Grasshoppers,2,2,D,1.97,3.75,3.85,2.15,3.95,4,1.95,3.62,3.63,,,,,,
SWZ,Super League,2022/2023,13/08/2022,19:30,St. Gallen,Luzern,4,1,H,2.2,4.06,3.01,2.28,4.06,3.4,2.17,3.82,2.92,,,,,,
SWZ,Super League,2022/2023,14/08/2022,13:15,Winterthur,Zurich,1,1,D,3.27,3.78,2.16,3.39,3.81,2.2,3.15,3.59,2.13,,,,,,
SWZ,Super League,2022/2023,14/08/2022,15:30,Basel,Lugano,0,2,A,1.88,3.97,3.98,1.9,4,4.2,1.85,3.78,3.82,,,,,,
SWZ,Super League,2022/2023,14/08/2022,15:30,Young Boys,Servette,3,0,H,1.44,5.04,6.93,1.48,5.1,7.5,1.41,4.83,6.65,,,,,,
SWZ,Super League,2022/2023,27/08/2022,17:00,Luzern,Sion,2,0,H,2.07,3.91,3.38,2.1,3.95,3.64,2,3.72,3.38,,,,,,
SWZ,Super League,2022/2023,27/08/2022,19:30,Servette,Grasshoppers,3,1,H,1.9,3.76,4.12,1.9,3.96,4.2,1.86,3.68,3.89,,,,,,
SWZ,Super League,2022/2023,28/08/2022,13:15,Lugano,St. Gallen,2,3,A,2.67,3.99,2.45,2.8,4,2.45,2.66,3.76,2.35,,,,,,
SWZ,Super League,2022/2023,28/08/2022,15:30,Winterthur,Young Boys,1,5,A,5.31,4.24,1.63,6,4.5,1.63,5.27,4.15,1.57,,,,,,
SWZ,Super League,2022/2023,28/08/2022,15:30,Zurich,Basel,2,4,A,2.49,3.64,2.8,2.55,3.72,2.8,2.44,3.47,2.7,,,,,,
SWZ,Super League,2022/2023,03/09/2022,17:00,Sion,Basel,2,1,H,3.15,4.01,2.14,3.35,4.01,2.24,3.15,3.63,2.12,,,,,,
SWZ,Super League,2022/2023,03/09/2022,19:30,Zurich,Lugano,1,2,A,2.24,3.8,3.09,2.27,3.9,3.15,2.19,3.62,3.01,,,,,,
SWZ,Super League,2022/2023,04/09/2022,13:15,Luzern,Servette,0,2,A,2.62,3.66,2.65,2.62,3.72,2.8,2.52,3.48,2.61,,,,,,
SWZ,Super League,2022/2023,04/09/2022,15:30,Grasshoppers,Winterthur,3,0,H,2.26,3.72,3.1,2.38,3.72,3.2,2.25,3.51,2.97,,,,,,
SWZ,Super League,2022/2023,04/09/2022,15:30,St. Gallen,Young Boys,2,1,H,3.47,3.86,2.05,3.56,3.95,2.08,3.37,3.67,2.01,,,,,,
SWZ,Super League,2022/2023,10/09/2022,17:00,St. Gallen,Sion,1,2,A,1.64,4.39,5.02,1.7,4.57,5.02,1.62,4.3,4.65,,,,,,
SWZ,Super League,2022/2023,10/09/2022,19:30,Winterthur,Luzern,0,6,A,3.15,3.68,2.25,3.15,3.82,2.3,3.02,3.58,2.2,,,,,,
SWZ,Super League,2022/2023,11/09/2022,13:15,Servette,Zurich,3,2,H,1.91,3.86,3.96,2,4,4.2,1.86,3.75,3.82,,,,,,
SWZ,Super League,2022/2023,11/09/2022,15:30,Basel,Grasshoppers,5,1,H,1.74,3.97,4.79,1.75,4.5,5.1,1.7,3.94,4.5,,,,,,
SWZ,Super League,2022/2023,11/09/2022,15:30,Young Boys,Lugano,3,0,H,1.57,4.64,5.4,1.6,4.75,6.2,1.55,4.42,5.16,,,,,,
SWZ,Super League,2022/2023,01/10/2022,17:00,Basel,St. Gallen,3,2,H,2.22,3.97,3,2.22,4.02,3.3,2.16,3.79,2.97,,,,,,
SWZ,Super League,2022/2023,01/10/2022,19:30,Grasshoppers,Zurich,1,1,D,3.77,4,1.92,3.8,4.1,2.05,3.61,3.79,1.91,,,,,,
SWZ,Super League,2022/2023,02/10/2022,13:15,Sion,Winterthur,1,3,A,1.56,4.45,6.05,1.65,4.45,6.05,1.54,4.24,5.52,,,,,,
SWZ,Super League,2022/2023,02/10/2022,15:30,Lugano,Servette,1,0,H,2.47,3.53,2.95,2.6,3.67,3.1,2.4,3.4,2.84,,,,,,
SWZ,Super League,2022/2023,02/10/2022,15:30,Luzern,Young Boys,1,2,A,3.73,3.92,1.98,3.85,4,2,3.54,3.76,1.94,,,,,,
SWZ,Super League,2022/2023,08/10/2022,17:00,Grasshoppers,Sion,4,4,D,3.13,3.9,2.18,3.13,3.93,2.23,2.99,3.7,2.16,,,,,,
SWZ,Super League,2022/2023,08/10/2022,19:30,Young Boys,St. Gallen,2,1,H,1.64,4.51,4.86,1.62,4.6,5.25,1.58,4.38,4.84,,,,,,
SWZ,Super League,2022/2023,09/10/2022,13:15,Servette,Luzern,1,1,D,2.18,3.96,3.1,2.2,3.96,3.1,2.16,3.61,3.03,,,,,,
SWZ,Super League,2022/2023,09/10/2022,15:30,Lugano,Basel,1,0,H,2.52,3.45,2.88,2.7,3.63,2.95,2.46,3.39,2.75,,,,,,
SWZ,Super League,2022/2023,09/10/2022,15:30,Zurich,Winterthur,0,0,D,1.63,4.32,5.17,1.66,4.28,5,1.63,4.05,4.74,,,,,,
SWZ,Super League,2022/2023,15/10/2022,17:00,Sion,Luzern,2,0,H,2.65,3.77,2.56,2.63,3.9,2.6,2.54,3.64,2.5,,,,,,
SWZ,Super League,2022/2023,15/10/2022,19:30,Winterthur,Grasshoppers,1,0,H,2.33,3.61,3.06,2.4,3.75,3,2.26,3.47,2.93,,,,,,
SWZ,Super League,2022/2023,16/10/2022,13:15,St. Gallen,Lugano,1,1,D,1.94,4.13,3.6,1.95,4.1,3.75,1.89,3.86,3.56,,,,,,
SWZ,Super League,2022/2023,16/10/2022,15:30,Servette,Basel,0,0,D,2.28,3.9,2.96,2.3,3.76,3.03,2.24,3.61,2.91,,,,,,
SWZ,Super League,2022/2023,16/10/2022,15:30,Zurich,Young Boys,0,0,D,3.56,4.15,1.95,3.75,4.15,1.96,3.44,3.85,1.93,,,,,,
SWZ,Super League,2022/2023,18/10/2022,19:30,Winterthur,Sion,1,0,H,3.13,3.81,2.21,3.13,3.77,2.28,3.02,3.57,2.2,,,,,,
SWZ,Super League,2022/2023,19/10/2022,19:30,Luzern,St. Gallen,3,3,D,2.3,3.89,2.93,2.55,4,2.93,2.35,3.71,2.73,,,,,,
SWZ,Super League,2022/2023,19/10/2022,19:30,Lugano,Young Boys,1,4,A,3.76,3.71,2,3.8,3.86,2.01,3.61,3.64,1.95,,,,,,
SWZ,Super League,2022/2023,20/10/2022,19:30,Grasshoppers,Servette,2,3,A,3.14,3.81,2.15,3.25,3.81,2.25,3.07,3.55,2.16,,,,,,
SWZ,Super League,2022/2023,20/10/2022,19:30,Basel,Zurich,0,0,D,1.89,4.03,3.71,1.91,4,4,1.87,3.73,3.73,,,,,,
SWZ,Super League,2022/2023,22/10/2022,17:00,Young Boys,Sion,1,1,D,1.5,4.79,6.21,1.5,5,8,1.46,4.68,6.07,,,,,,
SWZ,Super League,2022/2023,22/10/2022,19:30,Luzern,Lugano,3,1,H,2.01,3.85,3.61,2.05,3.81,3.6,1.97,3.66,3.49,,,,,,
SWZ,Super League,2022/2023,23/10/2022,13:15,Basel,Winterthur,3,1,H,1.49,4.75,6.47,1.48,4.77,7,1.43,4.58,6.52,,,,,,
SWZ,Super League,2022/2023,23/10/2022,15:30,St. Gallen,Servette,1,1,D,2.01,3.88,3.58,2.1,3.97,3.53,2,3.71,3.32,,,,,,
SWZ,Super League,2022/2023,23/10/2022,15:30,Zurich,Grasshoppers,1,4,A,1.81,4.06,4.2,1.8,4.05,4.5,1.75,3.87,4.18,,,,,,
SWZ,Super League,2022/2023,29/10/2022,17:00,Grasshoppers,Luzern,1,3,A,3.36,3.91,2.08,3.4,3.93,2.15,3.23,3.71,2.05,,,,,,
SWZ,Super League,2022/2023,29/10/2022,19:30,Servette,Lugano,2,2,D,1.96,3.75,3.86,2,3.83,4,1.92,3.61,3.73,,,,,,
SWZ,Super League,2022/2023,30/10/2022,13:15,Sion,Zurich,0,1,A,2.21,3.88,3.09,2.4,3.85,3.1,2.22,3.56,2.96,,,,,,
SWZ,Super League,2022/2023,30/10/2022,15:30,Winterthur,St. Gallen,1,0,H,3.76,4.24,1.88,4.2,4.1,1.89,3.74,3.83,1.85,,,,,,
SWZ,Super League,2022/2023,30/10/2022,15:30,Young Boys,Basel,3,1,H,1.66,4.1,5.21,1.67,4.31,5.2,1.64,4.02,4.83,,,,,,
SWZ,Super League,2022/2023,05/11/2022,17:00,St. Gallen,Grasshoppers,2,1,H,1.62,4.61,4.91,1.7,4.55,5,1.59,4.36,4.77,,,,,,
SWZ,Super League,2022/2023,05/11/2022,19:30,Luzern,Winterthur,1,1,D,1.67,4.2,5.01,1.67,4.33,5.5,1.62,4.04,4.95,,,,,,
SWZ,Super League,2022/2023,06/11/2022,13:15,Servette,Young Boys,0,0,D,,,,4,3.8,2,3.61,3.61,1.94,,,,,,
SWZ,Super League,2022/2023,06/11/2022,15:30,Basel,Sion,0,0,D,1.82,4.07,4.15,1.85,4,4.33,1.78,3.82,4.07,,,,,,
SWZ,Super League,2022/2023,06/11/2022,15:30,Lugano,Zurich,2,0,H,2.34,3.46,3.15,2.3,3.44,3.35,2.26,3.33,3.06,,,,,,
SWZ,Super League,2022/2023,09/11/2022,19:30,Luzern,Basel,0,2,A,2.23,3.68,3.18,2.35,3.8,3.2,2.2,3.58,3.02,,,,,,
SWZ,Super League,2022/2023,12/11/2022,17:00,Sion,St. Gallen,2,7,A,2.7,3.7,2.55,2.7,3.77,2.6,2.61,3.57,2.48,,,,,,
SWZ,Super League,2022/2023,12/11/2022,19:30,Grasshoppers,Basel,1,0,H,3.56,3.96,1.99,3.6,3.96,2.05,3.42,3.71,1.98,,,,,,
SWZ,Super League,2022/2023,13/11/2022,13:15,Zurich,Servette,4,1,H,2,3.53,3.98,2.4,3.6,4,2.2,3.39,3.2,,,,,,
SWZ,Super League,2022/2023,13/11/2022,15:30,Lugano,Winterthur,3,1,H,1.8,3.9,4.45,1.8,4,4.41,1.75,3.79,4.29,,,,,,
SWZ,Super League,2022/2023,13/11/2022,15:30,Young Boys,Luzern,3,0,H,1.56,4.48,5.78,1.55,4.75,6.4,1.5,4.48,5.68,,,,,,
SWZ,Super League,2022/2023,21/01/2023,17:00,Luzern,Zurich,2,2,D,2.34,3.6,3.05,2.35,3.65,3.25,2.24,3.49,2.99,,,,,,
SWZ,Super League,2022/2023,21/01/2023,19:30,Grasshoppers,Young Boys,1,2,A,4.28,4.04,1.8,5,4.55,1.81,4.25,3.95,1.73,,,,,,
SWZ,Super League,2022/2023,22/01/2023,13:15,Sion,Lugano,2,3,A,2.68,3.37,2.75,2.69,3.5,2.78,2.56,3.33,2.67,,,,,,
SWZ,Super League,2022/2023,22/01/2023,15:30,St. Gallen,Basel,1,1,D,2.35,3.78,2.91,2.35,3.9,3.1,2.27,3.65,2.85,,,,,,
SWZ,Super League,2022/2023,28/01/2023,17:00,Lugano,Grasshoppers,1,1,D,1.84,3.84,4.31,1.86,3.9,4.36,1.81,3.74,4.1,,,,,,
SWZ,Super League,2022/2023,28/01/2023,19:30,Basel,Luzern,2,3,A,2.21,3.54,3.34,2.33,3.76,3.47,2.19,3.48,3.11,,,,,,
SWZ,Super League,2022/2023,29/01/2023,13:15,Young Boys,Winterthur,5,1,H,1.28,5.58,11.71,1.3,5.8,12,1.28,5.44,10.28,,,,,,
SWZ,Super League,2022/2023,29/01/2023,15:30,Servette,Sion,2,2,D,2.09,3.49,3.71,2.12,3.51,3.93,2.06,3.34,3.57,,,,,,
SWZ,Super League,2022/2023,29/01/2023,15:30,Zurich,St. Gallen,1,0,H,2.33,3.66,3.02,2.4,3.72,3.15,2.26,3.54,2.93,,,,,,
SWZ,Super League,2022/2023,04/02/2023,17:00,Grasshoppers,Basel,1,0,H,3.37,3.85,2.09,3.64,3.91,2.1,3.43,3.68,2,,,,,,
SWZ,Super League,2022/2023,04/02/2023,19:30,St. Gallen,Servette,3,0,H,2.12,3.53,3.59,2.12,3.77,3.72,2.02,3.58,3.44,,,,,,
SWZ,Super League,2022/2023,05/02/2023,13:15,Sion,Zurich,0,1,A,3.29,3.65,2.19,3.35,3.68,2.25,3.13,3.51,2.17,,,,,,
SWZ,Super League,2022/2023,05/02/2023,15:30,Luzern,Young Boys,1,1,D,4.17,3.88,1.86,4.33,3.94,1.92,3.86,3.76,1.86,,,,,,
SWZ,Super League,2022/2023,05/02/2023,15:30,Winterthur,Lugano,1,0,H,3.19,3.57,2.27,3.19,3.6,2.41,3.01,3.41,2.28,,,,,,
SWZ,Super League,2022/2023,11/02/2023,17:00,Servette,Grasshoppers,2,1,H,1.75,4.02,4.64,1.75,4.1,4.7,1.72,3.86,4.45,,,,,,
SWZ,Super League,2022/2023,11/02/2023,19:30,Basel,Sion,3,1,H,1.6,4.39,5.48,1.61,4.6,5.75,1.56,4.25,5.29,,,,,,
SWZ,Super League,2022/2023,12/02/2023,13:15,Lugano,Luzern,1,1,D,2.56,3.76,2.65,2.58,3.76,2.75,2.49,3.53,2.65,,,,,,
SWZ,Super League,2022/2023,12/02/2023,15:30,Young Boys,St. Gallen,5,1,H,1.68,4.48,4.53,1.74,4.7,5,1.66,4.26,4.45,,,,,,
SWZ,Super League,2022/2023,12/02/2023,15:30,Zurich,Winterthur,1,1,D,1.57,3.95,6.71,1.58,4.1,7,1.55,3.91,6.12,,,,,,
SWZ,Super League,2022/2023,15/02/2023,17:45,Winterthur,Servette,1,2,A,2.95,3.29,2.57,3.05,3.35,2.57,2.93,3.22,2.42,,,,,,
SWZ,Super League,2022/2023,18/02/2023,17:00,Winterthur,Sion,1,1,D,2.52,3.42,2.9,2.54,3.48,2.96,2.44,3.33,2.83,,,,,,
SWZ,Super League,2022/2023,18/02/2023,19:30,Young Boys,Lugano,1,1,D,1.49,4.53,6.94,1.5,4.8,7.3,1.46,4.46,6.44,,,,,,
SWZ,Super League,2022/2023,19/02/2023,13:15,St. Gallen,Luzern,2,2,D,2,4.02,3.49,2.11,4.02,3.5,2,3.8,3.32,,,,,,
SWZ,Super League,2022/2023,19/02/2023,15:30,Basel,Servette,2,2,D,1.83,3.84,4.41,1.87,3.94,4.5,1.82,3.68,4.11,,,,,,
SWZ,Super League,2022/2023,19/02/2023,15:30,Grasshoppers,Zurich,1,2,A,4.18,3.8,1.88,4.22,3.8,1.91,3.94,3.64,1.86,,,,,,
SWZ,Super League,2022/2023,25/02/2023,17:00,Sion,St. Gallen,0,4,A,3.02,3.89,2.24,3.2,3.9,2.31,2.9,3.74,2.21,,,,,,
SWZ,Super League,2022/2023,25/02/2023,19:30,Zurich,Young Boys,2,2,D,2.7,3.44,2.68,2.88,3.49,2.76,2.62,3.33,2.6,,,,,,
SWZ,Super League,2022/2023,26/02/2023,13:15,Luzern,Grasshoppers,1,0,H,1.7,4.12,4.87,1.72,4.25,4.9,1.68,4.02,4.54,,,,,,
SWZ,Super League,2022/2023,26/02/2023,15:30,Lugano,Basel,2,2,D,2.67,3.56,2.63,2.8,3.65,2.64,2.6,3.48,2.54,,,,,,
SWZ,Super League,2022/2023,26/02/2023,15:30,Servette,Winterthur,1,1,D,1.72,3.64,5.56,1.72,3.8,5.68,1.68,3.64,5.08,,,,,,
SWZ,Super League,2022/2023,04/03/2023,17:00,Winterthur,Young Boys,1,1,D,6.42,4.55,1.51,6.6,4.55,1.62,5.74,4.21,1.53,,,,,,
SWZ,Super League,2022/2023,04/03/2023,19:30,Luzern,Basel,0,1,A,2.41,3.61,2.93,2.51,3.68,2.93,2.4,3.49,2.75,,,,,,
SWZ,Super League,2022/2023,05/03/2023,13:15,St. Gallen,Grasshoppers,1,1,D,1.76,4.1,4.44,1.78,4.2,4.58,1.73,4,4.14,,,,,,
SWZ,Super League,2022/2023,05/03/2023,15:30,Sion,Lugano,1,1,D,2.89,3.4,2.54,2.89,3.55,2.54,2.76,3.34,2.45,,,,,,
SWZ,Super League,2022/2023,05/03/2023,15:30,Zurich,Servette,1,1,D,2.14,3.52,3.53,2.18,3.64,3.69,2.07,3.41,3.44,,,,,,
SWZ,Super League,2022/2023,11/03/2023,17:00,Young Boys,Sion,4,0,H,1.32,5.59,9.95,1.33,5.7,10,1.31,5.36,8.63,,,,,,
SWZ,Super League,2022/2023,11/03/2023,19:30,Lugano,Zurich,2,0,H,2.41,3.32,3.15,2.46,3.4,3.17,2.35,3.23,3.01,,,,,,
SWZ,Super League,2022/2023,12/03/2023,13:15,Servette,Luzern,0,1,A,2.1,3.72,3.45,2.12,3.75,3.51,2.06,3.57,3.32,,,,,,
SWZ,Super League,2022/2023,12/03/2023,15:30,Basel,St. Gallen,1,1,D,1.83,4.17,4.03,1.93,4.2,4.03,1.84,3.91,3.73,,,,,,
SWZ,Super League,2022/2023,12/03/2023,15:30,Grasshoppers,Winterthur,2,1,H,2.07,3.53,3.73,2.15,3.6,3.75,2.07,3.41,3.43,,,,,,
SWZ,Super League,2022/2023,18/03/2023,17:00,Zurich,Luzern,2,1,H,2.02,3.64,3.77,2.1,3.7,3.86,1.97,3.51,3.61,,,,,,
SWZ,Super League,2022/2023,18/03/2023,19:30,Sion,Grasshoppers,1,2,A,2.51,3.5,2.87,2.51,3.58,2.95,2.41,3.4,2.78,,,,,,
SWZ,Super League,2022/2023,19/03/2023,13:15,Winterthur,St. Gallen,1,0,H,3.92,3.92,1.91,4,3.94,1.95,3.7,3.69,1.9,,,,,,
SWZ,Super League,2022/2023,19/03/2023,15:30,Lugano,Servette,1,1,D,2.23,3.48,3.35,2.34,3.54,3.45,2.19,3.36,3.18,,,,,,
SWZ,Super League,2022/2023,19/03/2023,15:30,Young Boys,Basel,3,0,H,1.65,4.26,5.14,1.72,4.4,5.4,1.61,4.12,4.92,,,,,,
SWZ,Super League,2022/2023,01/04/2023,17:00,Servette,Young Boys,2,1,H,3.43,3.53,2.18,3.8,3.9,2.2,3.37,3.5,2.07,,,,,,
SWZ,Super League,2022/2023,01/04/2023,19:30,Basel,Winterthur,2,0,H,1.52,4.51,6.31,1.53,4.6,6.5,1.5,4.27,6,,,,,,
SWZ,Super League,2022/2023,02/04/2023,13:15,Grasshoppers,Lugano,2,1,H,3,3.45,2.44,3.07,3.54,2.6,2.87,3.38,2.38,,,,,,
SWZ,Super League,2022/2023,02/04/2023,15:30,Luzern,Sion,1,2,A,1.51,4.53,6.42,1.77,4.75,6.7,1.49,4.43,5.88,,,,,,
SWZ,Super League,2022/2023,02/04/2023,15:30,St. Gallen,Zurich,2,2,D,2.22,3.79,3.13,2.3,3.83,3.25,2.19,3.6,3.01,,,,,,
SWZ,Super League,2022/2023,08/04/2023,17:00,Zurich,Basel,1,1,D,2.23,3.49,3.36,2.25,3.58,3.36,2.17,3.4,3.21,,,,,,
SWZ,Super League,2022/2023,08/04/2023,19:30,Sion,Servette,2,2,D,4.31,3.84,1.84,4.5,3.85,1.89,4.13,3.66,1.82,,,,,,
SWZ,Super League,2022/2023,10/04/2023,13:15,Lugano,St. Gallen,1,1,D,2.57,3.57,2.75,2.65,4,4.75,2.4,3.48,2.89,,,,,,
SWZ,Super League,2022/2023,10/04/2023,15:30,Winterthur,Luzern,1,2,A,3.73,3.53,2.07,3.75,3.81,2.15,3.48,3.43,2.06,,,,,,
SWZ,Super League,2022/2023,10/04/2023,15:30,Young Boys,Grasshoppers,2,0,H,1.27,6.46,9.94,1.35,6.46,11.5,1.27,5.82,9.3,,,,,,
SWZ,Super League,2022/2023,15/04/2023,17:00,Servette,Lugano,0,0,D,2.02,3.61,3.8,2.06,3.64,3.84,1.99,3.45,3.63,,,,,,
SWZ,Super League,2022/2023,15/04/2023,19:30,Luzern,Zurich,4,1,H,2.46,3.47,2.96,2.46,3.65,2.96,2.38,3.4,2.83,,,,,,
SWZ,Super League,2022/2023,16/04/2023,13:15,St. Gallen,Winterthur,2,3,A,1.52,4.67,6.07,1.53,4.79,6.5,1.48,4.47,5.96,,,,,,
SWZ,Super League,2022/2023,16/04/2023,15:30,Basel,Young Boys,1,1,D,4.05,3.86,1.89,4.29,3.98,1.91,3.92,3.79,1.82,,,,,,
SWZ,Super League,2022/2023,16/04/2023,15:30,Grasshoppers,Sion,1,3,A,1.92,3.87,3.92,1.96,3.87,3.92,1.9,3.65,3.73,,,,,,
SWZ,Super League,2022/2023,22/04/2023,17:00,Winterthur,Grasshoppers,1,2,A,2.8,3.35,2.65,2.86,3.45,2.75,2.69,3.28,2.56,,,,,,
SWZ,Super League,2022/2023,22/04/2023,19:30,Young Boys,Servette,6,1,H,1.49,4.74,6.49,1.55,4.8,6.49,1.49,4.47,5.73,,,,,,
SWZ,Super League,2022/2023,23/04/2023,13:15,Basel,Luzern,0,2,A,2.51,3.65,2.78,2.65,3.72,3,2.4,3.48,2.74,,,,,,
SWZ,Super League,2022/2023,23/04/2023,15:30,Lugano,Sion,2,0,H,1.6,4.19,5.75,1.71,4.4,6,1.57,4.1,5.45,,,,,,
SWZ,Super League,2022/2023,23/04/2023,15:30,Zurich,St. Gallen,1,0,H,2.17,3.8,3.23,2.22,3.82,3.4,2.14,3.58,3.14,,,,,,
SWZ,Super League,2022/2023,25/04/2023,19:30,Grasshoppers,Young Boys,4,1,H,5.55,4.67,1.56,6,4.75,1.57,5.47,4.48,1.52,,,,,,
SWZ,Super League,2022/2023,26/04/2023,19:30,Servette,Zurich,4,0,H,2.08,3.58,3.65,2.2,3.6,3.66,2.09,3.39,3.42,,,,,,
SWZ,Super League,2022/2023,26/04/2023,19:30,St. Gallen,Lugano,1,2,A,1.93,3.88,3.84,1.95,3.9,3.86,1.91,3.7,3.66,,,,,,
SWZ,Super League,2022/2023,27/04/2023,19:30,Luzern,Winterthur,3,1,H,1.43,4.84,7.43,1.49,4.84,7.43,1.43,4.59,6.61,,,,,,
SWZ,Super League,2022/2023,27/04/2023,19:30,Sion,Basel,1,2,A,4.16,3.81,1.88,4.16,3.84,1.95,3.84,3.61,1.89,,,,,,
SWZ,Super League,2022/2023,29/04/2023,19:30,Lugano,Grasshoppers,5,1,H,1.87,3.84,4.16,1.91,4.1,4.3,1.83,3.74,3.95,,,,,,
SWZ,Super League,2022/2023,29/04/2023,19:30,Servette,St. Gallen,1,1,D,2.11,4.11,3.16,2.12,4.11,3.59,2.02,3.82,3.22,,,,,,
SWZ,Super League,2022/2023,30/04/2023,13:15,Zurich,Sion,2,2,D,1.47,4.44,7.51,1.63,4.6,7.6,1.45,4.33,6.85,,,,,,
SWZ,Super League,2022/2023,30/04/2023,15:30,Winterthur,Basel,1,4,A,3.24,3.64,2.22,3.35,3.65,2.25,3.1,3.5,2.18,,,,,,
SWZ,Super League,2022/2023,30/04/2023,15:30,Young Boys,Luzern,5,1,H,1.63,4.5,4.95,1.67,4.8,5.3,1.61,4.38,4.61,,,,,,
SWZ,Super League,2022/2023,06/05/2023,17:00,Sion,Winterthur,0,1,A,2.26,3.53,3.24,2.27,3.6,3.35,2.19,3.41,3.17,,,,,,
SWZ,Super League,2022/2023,06/05/2023,19:30,St. Gallen,Young Boys,0,2,A,2.78,3.9,2.4,2.8,3.95,2.45,2.68,3.74,2.35,,,,,,
SWZ,Super League,2022/2023,07/05/2023,13:15,Luzern,Lugano,2,2,D,1.79,4.12,4.23,1.82,4.2,4.4,1.76,3.97,4.05,,,,,,
SWZ,Super League,2022/2023,07/05/2023,15:30,Basel,Zurich,0,2,A,2,3.68,3.9,2.05,3.85,3.9,1.96,3.54,3.67,,,,,,
SWZ,Super League,2022/2023,07/05/2023,15:30,Grasshoppers,Servette,2,3,A,3.74,3.82,1.99,3.8,3.84,2.05,3.57,3.66,1.95,,,,,,
SWZ,Super League,2022/2023,13/05/2023,17:00,Grasshoppers,Luzern,2,0,H,4.21,4.27,1.77,4.45,4.3,1.8,4.1,3.98,1.75,,,,,,
SWZ,Super League,2022/2023,13/05/2023,19:30,Servette,Sion,5,0,H,1.33,5.78,8.73,1.35,6,8.8,1.32,5.5,7.93,,,,,,
SWZ,Super League,2022/2023,14/05/2023,13:15,Young Boys,Zurich,1,1,D,1.49,4.6,6.72,1.53,4.75,6.74,1.47,4.46,6.17,,,,,,
SWZ,Super League,2022/2023,14/05/2023,15:30,Lugano,Winterthur,2,1,H,1.74,3.9,4.95,1.74,4,5,1.7,3.83,4.63,,,,,,
SWZ,Super League,2022/2023,14/05/2023,15:30,St. Gallen,Basel,6,1,H,1.65,4.53,4.8,1.8,4.6,5,1.63,4.3,4.57,,,,,,
SWZ,Super League,2022/2023,20/05/2023,17:00,Winterthur,Servette,0,1,A,5.16,4.11,1.67,5.6,4.2,1.73,4.95,3.91,1.64,,,,,,
SWZ,Super League,2022/2023,20/05/2023,19:30,Luzern,St. Gallen,1,1,D,2.37,3.93,2.8,2.47,4,2.82,2.32,3.82,2.68,,,,,,
SWZ,Super League,2022/2023,21/05/2023,13:15,Sion,Young Boys,0,2,A,5.1,4.72,1.59,5.3,4.8,1.6,5,4.44,1.56,,,,,,
SWZ,Super League,2022/2023,21/05/2023,15:30,Basel,Lugano,1,1,D,3.12,3.71,2.25,3.13,3.74,2.4,2.97,3.54,2.24,,,,,,
SWZ,Super League,2022/2023,21/05/2023,15:30,Zurich,Grasshoppers,2,1,H,1.98,3.71,3.85,2.06,3.75,3.87,1.97,3.57,3.59,,,,,,
SWZ,Super League,2022/2023,25/05/2023,19:30,Grasshoppers,St. Gallen,2,2,D,3.61,4.38,1.88,3.61,4.43,2,3.39,4.17,1.88,,,,,,
SWZ,Super League,2022/2023,25/05/2023,19:30,Lugano,Young Boys,2,0,H,2.69,3.85,2.49,2.71,4,2.51,2.63,3.71,2.41,,,,,,
SWZ,Super League,2022/2023,25/05/2023,19:30,Servette,Basel,3,3,D,1.76,4.25,4.32,1.79,4.33,4.45,1.73,3.99,4.19,,,,,,
SWZ,Super League,2022/2023,25/05/2023,19:30,Sion,Luzern,1,2,A,3.51,4.01,2,3.51,4.01,2.27,3.12,3.76,2.09,,,,,,
SWZ,Super League,2022/2023,25/05/2023,19:30,Winterthur,Zurich,0,2,A,3.23,3.5,2.28,3.23,3.5,2.4,3.02,3.36,2.28,,,,,,
SWZ,Super League,2022/2023,29/05/2023,15:30,Basel,Grasshoppers,3,1,H,1.7,4.57,4.37,1.72,4.7,4.8,1.64,4.34,4.42,,,,,,
SWZ,Super League,2022/2023,29/05/2023,15:30,Luzern,Servette,0,1,A,3.16,4.23,2.08,3.55,4.23,2.14,3.26,3.94,1.98,,,,,,
SWZ,Super League,2022/2023,29/05/2023,15:30,St. Gallen,Sion,4,0,H,1.49,5.16,6.14,1.53,5.3,6.14,1.44,4.99,5.73,,,,,,
SWZ,Super League,2022/2023,29/05/2023,15:30,Young Boys,Winterthur,2,1,H,1.28,6.79,8.55,1.3,6.8,10,1.27,6.27,8.46,,,,,,
SWZ,Super League,2022/2023,29/05/2023,15:30,Zurich,Lugano,2,3,A,2.39,3.6,2.97,2.72,3.65,2.97,2.36,3.48,2.81,,,,,,
SWZ,Super League,2022/2023,03/06/2023,17:00,Sion,Lausanne Ouchy,0,2,A,2.23,3.98,2.99,2.26,3.98,3.13,2.18,3.66,2.97,,,,,,
SWZ,Super League,2022/2023,06/06/2023,19:30,Lausanne Ouchy,Sion,4,2,H,1.93,4.17,3.63,1.94,4.2,4,1.86,3.95,3.61,,,,,,
SWZ,Super League,2023/2024,22/07/2023,17:00,Grasshoppers,Servette,1,3,A,3.64,3.81,2.01,3.64,3.81,2.1,3.41,3.64,2.01,,,,,,
SWZ,Super League,2023/2024,22/07/2023,17:00,St. Gallen,Basel,2,1,H,1.81,4.05,4.26,2,4.12,4.26,1.83,3.89,3.84,,,,,,
SWZ,Super League,2023/2024,22/07/2023,19:30,Winterthur,Luzern,0,0,D,4.04,3.67,1.94,4.04,3.76,2.1,3.73,3.56,1.94,,,,,,
SWZ,Super League,2023/2024,23/07/2023,15:30,Young Boys,Lausanne,2,1,H,1.4,5.32,7.2,1.41,6.13,9.33,1.36,5.2,7.37,,,,,,
SWZ,Super League,2023/2024,23/07/2023,15:30,Zurich,Yverdon,2,0,H,1.48,4.62,6.95,1.55,4.62,7,1.46,4.44,6.42,,,,,,
SWZ,Super League,2023/2024,26/07/2023,19:30,Lausanne Ouchy,Lugano,0,3,A,3.89,3.88,1.92,3.95,3.94,1.96,3.7,3.75,1.9,,,,,,
SWZ,Super League,2023/2024,29/07/2023,17:00,Lausanne,Grasshoppers,1,1,D,1.73,4.2,4.56,1.87,4.25,5.25,1.69,3.97,4.47,,,,,,
SWZ,Super League,2023/2024,29/07/2023,17:00,Lugano,St. Gallen,1,0,H,2.42,3.88,2.76,2.42,3.93,3.02,2.3,3.68,2.77,,,,,,
SWZ,Super League,2023/2024,29/07/2023,19:30,Servette,Zurich,2,2,D,2.13,3.72,3.39,2.15,3.9,3.51,2.07,3.61,3.25,,,,,,
SWZ,Super League,2023/2024,30/07/2023,13:15,Luzern,Lausanne Ouchy,2,1,H,1.56,4.41,5.88,1.58,4.6,6.2,1.52,4.36,5.47,,,,,,
SWZ,Super League,2023/2024,30/07/2023,15:30,Basel,Winterthur,5,2,H,2.13,3.67,3.42,2.21,3.9,3.99,2.08,3.58,3.32,,,,,,
SWZ,Super League,2023/2024,30/07/2023,15:30,Yverdon,Young Boys,2,2,D,8.53,5.7,1.34,9,5.8,1.37,8.02,5.45,1.32,,,,,,
SWZ,Super League,2023/2024,05/08/2023,17:00,Lausanne Ouchy,Servette,1,1,D,3.42,3.75,2.1,3.66,3.88,2.14,3.25,3.66,2.05,,,,,,
SWZ,Super League,2023/2024,05/08/2023,17:00,Young Boys,Winterthur,5,2,H,1.39,5.57,7.23,1.43,6,9,1.38,5.13,6.87,,,,,,
SWZ,Super League,2023/2024,05/08/2023,19:30,Zurich,Lugano,3,0,H,2.42,3.5,3,2.42,3.62,3.14,2.26,3.49,2.95,,,,,,
SWZ,Super League,2023/2024,06/08/2023,13:15,Lausanne,Yverdon,1,2,A,1.58,4.38,5.67,1.59,4.6,5.67,1.55,4.34,5.19,,,,,,
SWZ,Super League,2023/2024,06/08/2023,15:30,Grasshoppers,Basel,3,1,H,2.92,3.66,2.39,3.05,3.8,2.55,2.73,3.47,2.42,,,,,,
SWZ,Super League,2023/2024,06/08/2023,15:30,St. Gallen,Luzern,2,1,H,1.73,4.2,4.53,1.76,4.33,4.6,1.71,4.09,4.17,,,,,,
SWZ,Super League,2023/2024,12/08/2023,17:00,Lausanne Ouchy,Zurich,0,3,A,3.72,3.91,1.96,3.95,4,1.97,3.7,3.73,1.88,,,,,,
SWZ,Super League,2023/2024,12/08/2023,17:00,Winterthur,Grasshoppers,3,1,H,2.25,3.69,3.14,2.34,3.69,3.3,2.23,3.49,2.98,,,,,,
SWZ,Super League,2023/2024,12/08/2023,19:30,Servette,St. Gallen,1,1,D,2.91,4.02,2.26,3,4.02,2.35,2.83,3.69,2.25,,,,,,
SWZ,Super League,2023/2024,13/08/2023,13:15,Basel,Lausanne,1,2,A,2.32,3.87,2.91,2.4,3.88,3.22,2.2,3.66,2.93,,,,,,
SWZ,Super League,2023/2024,13/08/2023,15:30,Lugano,Yverdon,6,1,H,1.43,5.15,6.98,1.44,5.3,7.5,1.41,4.82,6.66,,,,,,
SWZ,Super League,2023/2024,13/08/2023,15:30,Luzern,Young Boys,1,1,D,2.93,3.67,2.38,3.2,3.77,2.45,2.93,3.52,2.25,,,,,,
SWZ,Super League,2023/2024,26/08/2023,17:00,Yverdon,Servette,4,1,H,4.9,4.46,1.64,5.26,4.6,1.8,4.73,4.24,1.62,,,,,,
SWZ,Super League,2023/2024,26/08/2023,17:00,Zurich,St. Gallen,1,1,D,2.32,3.62,3.07,2.5,3.84,3.34,2.28,3.57,2.88,,,,,,
SWZ,Super League,2023/2024,27/08/2023,15:30,Grasshoppers,Luzern,0,1,A,3.76,3.97,1.93,4,4,2,3.65,3.81,1.89,,,,,,
SWZ,Super League,2023/2024,27/08/2023,15:30,Lausanne,Winterthur,2,5,A,1.79,4,4.4,1.79,4.2,4.5,1.72,4,4.24,,,,,,
SWZ,Super League,2023/2024,02/09/2023,17:00,Lausanne Ouchy,Grasshoppers,2,1,H,2.22,3.79,3.14,2.27,3.81,3.14,2.2,3.64,2.96,,,,,,
SWZ,Super League,2023/2024,02/09/2023,17:00,St. Gallen,Lausanne,2,1,H,1.67,4.3,4.9,1.7,4.5,4.9,1.65,4.12,4.59,,,,,,
SWZ,Super League,2023/2024,02/09/2023,19:30,Winterthur,Yverdon,1,1,D,1.86,3.84,4.19,1.9,4.05,4.33,1.82,3.79,3.98,,,,,,
SWZ,Super League,2023/2024,03/09/2023,13:15,Servette,Young Boys,0,1,A,3.09,3.86,2.21,3.22,3.86,2.3,3,3.6,2.19,,,,,,
SWZ,Super League,2023/2024,03/09/2023,15:30,Basel,Zurich,2,2,D,2.69,3.5,2.52,2.74,3.67,2.63,2.63,3.48,2.5,,,,,,
SWZ,Super League,2023/2024,03/09/2023,15:30,Luzern,Lugano,3,2,H,1.99,3.76,3.75,2.1,3.9,3.8,1.94,3.71,3.55,,,,,,
SWZ,Super League,2023/2024,23/09/2023,17:00,Lausanne,Zurich,0,0,D,2.66,3.7,2.58,2.75,3.71,2.7,2.58,3.49,2.56,,,,,,
SWZ,Super League,2023/2024,23/09/2023,17:00,Winterthur,Lausanne Ouchy,2,1,H,2.01,3.79,3.65,2.06,3.85,3.73,1.97,3.7,3.44,,,,,,
SWZ,Super League,2023/2024,23/09/2023,19:30,Grasshoppers,St. Gallen,1,1,D,4.57,4.34,1.7,4.8,4.4,1.74,4.36,4.14,1.68,,,,,,
SWZ,Super League,2023/2024,24/09/2023,13:15,Yverdon,Basel,3,2,H,3.42,3.99,2.04,3.65,4,2.1,3.33,3.79,2,,,,,,
SWZ,Super League,2023/2024,24/09/2023,15:30,Luzern,Servette,2,0,H,2.16,3.76,3.29,2.22,3.8,3.29,2.15,3.66,3.05,,,,,,
SWZ,Super League,2023/2024,24/09/2023,15:30,Young Boys,Lugano,4,1,H,1.67,4.45,4.68,1.68,4.6,4.95,1.63,4.28,4.57,,,,,,
SWZ,Super League,2023/2024,26/09/2023,19:30,Zurich,Grasshoppers,2,1,H,1.58,4.28,5.83,1.62,4.3,6,1.58,4.12,5.31,,,,,,
SWZ,Super League,2023/2024,27/09/2023,19:30,Lugano,Lausanne,2,1,H,2.2,3.84,3.13,2.25,3.9,3.3,2.15,3.65,3.08,,,,,,
SWZ,Super League,2023/2024,27/09/2023,19:30,Servette,Winterthur,2,2,D,1.56,4.44,5.75,1.82,4.5,5.8,1.6,4.2,4.95,,,,,,
SWZ,Super League,2023/2024,27/09/2023,19:30,St. Gallen,Young Boys,2,1,H,2.38,3.68,2.93,2.54,3.79,2.95,2.37,3.61,2.74,,,,,,
SWZ,Super League,2023/2024,28/09/2023,19:30,Basel,Luzern,1,1,D,2.57,3.82,2.62,2.6,3.82,2.7,2.49,3.64,2.56,,,,,,
SWZ,Super League,2023/2024,28/09/2023,19:30,Lausanne Ouchy,Yverdon,1,1,D,2.23,3.76,3.13,2.25,3.95,3.13,2.16,3.69,3.02,,,,,,
SWZ,Super League,2023/2024,30/09/2023,17:00,Servette,Lausanne,2,1,H,1.88,3.95,3.97,1.95,3.96,4,1.88,3.73,3.79,,,,,,
SWZ,Super League,2023/2024,30/09/2023,17:00,Winterthur,Lugano,2,3,A,2.58,3.68,2.68,3.02,3.75,2.7,2.61,3.56,2.5,,,,,,
SWZ,Super League,2023/2024,30/09/2023,19:30,Grasshoppers,Young Boys,0,1,A,4.3,4.28,1.75,4.59,4.33,1.76,4.26,4.11,1.71,,,,,,
SWZ,Super League,2023/2024,01/10/2023,13:15,Yverdon,St. Gallen,1,0,H,4.98,4.47,1.63,5.2,4.5,1.67,4.74,4.26,1.61,,,,,,
SWZ,Super League,2023/2024,01/10/2023,15:30,Basel,Lausanne Ouchy,0,3,A,1.78,4.12,4.3,1.84,4.2,4.5,1.76,3.93,4.12,,,,,,
SWZ,Super League,2023/2024,01/10/2023,15:30,Luzern,Zurich,1,4,A,2.42,3.61,2.92,2.44,3.66,2.93,2.33,3.55,2.83,,,,,,
SWZ,Super League,2023/2024,07/10/2023,17:00,Yverdon,Grasshoppers,0,3,A,2.61,3.53,2.73,2.61,3.63,3,2.43,3.51,2.71,,,,,,
SWZ,Super League,2023/2024,07/10/2023,17:00,Zurich,Winterthur,3,2,H,1.63,4.38,5.17,1.65,4.51,5.25,1.59,4.25,4.96,,,,,,
SWZ,Super League,2023/2024,07/10/2023,19:30,St. Gallen,Lausanne Ouchy,4,0,H,1.56,4.66,5.5,1.57,4.9,6,1.5,4.59,5.51,,,,,,
SWZ,Super League,2023/2024,08/10/2023,13:15,Lugano,Servette,0,1,A,2.37,3.73,2.91,2.4,3.73,3,2.31,3.58,2.82,,,,,,
SWZ,Super League,2023/2024,08/10/2023,15:30,Lausanne,Luzern,3,1,H,2.67,3.54,2.66,2.67,3.64,2.73,2.51,3.5,2.61,,,,,,
SWZ,Super League,2023/2024,08/10/2023,15:30,Young Boys,Basel,3,0,H,1.51,4.89,5.82,1.53,5.1,6,1.48,4.73,5.58,,,,,,
SWZ,Super League,2023/2024,21/10/2023,17:00,Lausanne Ouchy,Lausanne,2,2,D,2.88,3.48,2.51,3.03,3.75,2.51,2.8,3.52,2.36,,,,,,
SWZ,Super League,2023/2024,21/10/2023,17:00,Young Boys,Zurich,0,0,D,2.03,3.7,3.69,2.04,3.89,4.09,1.95,3.68,3.56,,,,,,
SWZ,Super League,2023/2024,21/10/2023,19:30,Basel,Servette,0,1,A,3.14,3.69,2.25,3.2,3.69,2.29,3.03,3.5,2.22,,,,,,
SWZ,Super League,2023/2024,22/10/2023,13:15,Winterthur,St. Gallen,2,1,H,3.21,3.95,2.13,3.5,3.95,2.16,3.14,3.73,2.09,,,,,,
SWZ,Super League,2023/2024,22/10/2023,15:30,Grasshoppers,Lugano,2,1,H,2.71,3.7,2.54,2.71,4,2.58,2.6,3.67,2.45,,,,,,
SWZ,Super League,2023/2024,22/10/2023,15:30,Luzern,Yverdon,2,1,H,1.68,4.33,4.77,1.68,4.55,5.5,1.62,4.25,4.69,,,,,,
SWZ,Super League,2023/2024,28/10/2023,17:00,St. Gallen,Grasshoppers,3,1,H,1.62,4.56,5.02,1.65,4.6,5.09,1.59,4.37,4.73,,,,,,
SWZ,Super League,2023/2024,28/10/2023,17:00,Yverdon,Winterthur,1,1,D,2.47,3.73,2.78,2.78,3.76,2.78,2.53,3.57,2.55,,,,,,
SWZ,Super League,2023/2024,28/10/2023,19:30,Zurich,Lausanne Ouchy,1,1,D,1.51,4.53,6.41,1.53,4.8,6.41,1.49,4.4,5.91,,,,,,
SWZ,Super League,2023/2024,29/10/2023,13:15,Lausanne,Basel,3,0,H,2.09,3.78,3.44,2.15,3.84,3.5,2.03,3.67,3.32,,,,,,
SWZ,Super League,2023/2024,29/10/2023,15:30,Lugano,Young Boys,1,1,D,2.73,3.66,2.53,2.88,3.69,2.55,2.72,3.52,2.41,,,,,,
SWZ,Super League,2023/2024,29/10/2023,15:30,Servette,Luzern,4,2,H,1.93,3.87,3.9,2,3.98,3.9,1.89,3.78,3.66,,,,,,
SWZ,Super League,2023/2024,04/11/2023,17:00,Lausanne,Lugano,3,1,H,2.34,3.67,3,2.43,3.67,3,2.33,3.49,2.85,,,,,,
SWZ,Super League,2023/2024,04/11/2023,17:00,Winterthur,Young Boys,1,4,A,3.47,3.89,2.04,3.6,3.91,2.11,3.42,3.73,1.99,,,,,,
SWZ,Super League,2023/2024,04/11/2023,19:30,Zurich,Servette,0,2,A,2.58,3.46,2.81,2.58,3.5,2.88,2.48,3.37,2.74,,,,,,
SWZ,Super League,2023/2024,05/11/2023,13:15,Luzern,Grasshoppers,2,0,H,1.91,3.96,3.87,1.93,3.96,3.9,1.89,3.79,3.67,,,,,,
SWZ,Super League,2023/2024,05/11/2023,15:30,Basel,Yverdon,2,1,H,1.83,4.06,4.11,1.84,4.06,4.4,1.79,3.85,4.07,,,,,,
SWZ,Super League,2023/2024,05/11/2023,15:30,Lausanne Ouchy,St. Gallen,2,5,A,4.03,4.08,1.85,4.2,4.2,1.95,3.8,3.95,1.82,,,,,,
SWZ,Super League,2023/2024,11/11/2023,17:00,St. Gallen,Winterthur,4,2,H,1.53,4.93,5.57,1.53,5,5.8,1.5,4.69,5.33,,,,,,
SWZ,Super League,2023/2024,11/11/2023,17:00,Yverdon,Lausanne,2,2,D,3.74,3.87,1.96,3.85,3.87,2.1,3.54,3.65,1.96,,,,,,
SWZ,Super League,2023/2024,11/11/2023,19:30,Young Boys,Luzern,6,1,H,1.86,4.08,3.94,1.9,4.2,4.16,1.81,4,3.77,,,,,,
SWZ,Super League,2023/2024,12/11/2023,13:15,Grasshoppers,Lausanne Ouchy,5,2,H,2.23,3.8,3.1,2.24,3.87,3.39,2.13,3.67,3.1,,,,,,
SWZ,Super League,2023/2024,12/11/2023,15:30,Lugano,Zurich,0,3,A,2.93,3.26,2.59,2.94,3.44,2.59,2.81,3.28,2.46,,,,,,
SWZ,Super League,2023/2024,12/11/2023,15:30,Servette,Basel,4,1,H,1.62,4.37,5.27,1.65,4.4,5.3,1.61,4.14,4.89,,,,,,
SWZ,Super League,2023/2024,25/11/2023,17:00,Luzern,Winterthur,3,1,H,1.87,4.34,3.56,1.9,4.4,3.85,1.83,4.08,3.62,,,,,,
SWZ,Super League,2023/2024,25/11/2023,17:00,Zurich,Young Boys,3,1,H,2.5,3.42,2.93,2.5,3.55,2.94,2.42,3.43,2.76,,,,,,
SWZ,Super League,2023/2024,25/11/2023,19:30,Yverdon,Lugano,0,5,A,3.75,3.75,1.99,3.75,3.83,2.19,3.49,3.62,1.98,,,,,,
SWZ,Super League,2023/2024,26/11/2023,13:15,Lausanne,Lausanne Ouchy,1,0,H,1.8,3.99,4.36,1.86,4.01,4.48,1.78,3.82,4.17,,,,,,
SWZ,Super League,2023/2024,26/11/2023,15:30,Basel,St. Gallen,2,0,H,3.19,3.85,2.17,3.34,3.9,2.21,3.08,3.74,2.11,,,,,,
SWZ,Super League,2023/2024,26/11/2023,15:30,Servette,Grasshoppers,2,0,H,1.56,4.35,5.57,1.6,4.5,5.8,1.55,4.26,5.34,,,,,,
SWZ,Super League,2023/2024,02/12/2023,17:00,Grasshoppers,Lausanne,5,0,H,2.98,3.67,2.35,3.06,3.7,2.5,2.87,3.56,2.3,,,,,,
SWZ,Super League,2023/2024,02/12/2023,17:00,Lausanne Ouchy,Basel,1,1,D,2.66,3.55,2.66,2.75,3.56,2.66,2.62,3.42,2.54,,,,,,
SWZ,Super League,2023/2024,03/12/2023,15:30,Lugano,Luzern,1,0,H,2.23,3.71,3.18,2.28,3.75,3.25,2.19,3.61,2.99,,,,,,
SWZ,Super League,2023/2024,03/12/2023,15:30,Young Boys,Servette,1,1,D,2.16,3.98,3.13,2.36,4,3.25,2.14,3.77,2.99,,,,,,
SWZ,Super League,2023/2024,06/12/2023,17:30,St. Gallen,Yverdon,4,0,H,1.24,6.47,11.82,1.33,6.5,13,1.25,5.87,10.42,,,,,,
SWZ,Super League,2023/2024,06/12/2023,19:30,Lugano,Basel,1,3,A,1.88,3.8,4.15,1.93,3.86,4.2,1.87,3.68,3.87,,,,,,
SWZ,Super League,2023/2024,06/12/2023,19:30,Young Boys,Lausanne Ouchy,1,0,H,1.49,4.81,6.29,1.52,5.15,6.64,1.46,4.69,5.97,,,,,,
SWZ,Super League,2023/2024,09/12/2023,17:00,Basel,Grasshoppers,0,1,A,1.85,3.95,4.14,2.06,3.96,4.25,1.84,3.74,3.91,,,,,,
SWZ,Super League,2023/2024,09/12/2023,17:00,Young Boys,St. Gallen,3,0,H,2.38,4.01,2.75,2.43,4.01,3.03,2.29,3.86,2.71,,,,,,
SWZ,Super League,2023/2024,09/12/2023,19:30,Lausanne,Servette,1,1,D,3.01,3.67,2.34,3.04,3.68,2.35,2.91,3.54,2.27,,,,,,
SWZ,Super League,2023/2024,10/12/2023,13:15,Lugano,Winterthur,2,1,H,1.74,4.29,4.39,1.91,4.3,4.5,1.72,4.06,4.18,,,,,,
SWZ,Super League,2023/2024,10/12/2023,15:30,Yverdon,Lausanne Ouchy,2,1,H,3.04,3.49,2.39,3.15,3.53,2.62,2.98,3.4,2.29,,,,,,
SWZ,Super League,2023/2024,10/12/2023,15:30,Zurich,Luzern,1,1,D,1.78,3.81,4.78,1.87,3.94,4.78,1.75,3.74,4.41,,,,,,
SWZ,Super League,2023/2024,13/12/2023,19:30,Winterthur,Zurich,2,1,H,4.17,3.73,1.89,4.2,3.84,1.91,3.91,3.67,1.86,,,,,,
SWZ,Super League,2023/2024,16/12/2023,17:00,Lausanne Ouchy,Young Boys,1,3,A,3.86,3.76,1.96,4.61,4.13,1.97,3.72,3.75,1.89,,,,,,
SWZ,Super League,2023/2024,16/12/2023,17:00,St. Gallen,Zurich,1,0,H,2.02,3.9,3.54,2.25,3.92,3.75,2.02,3.68,3.35,,,,,,
SWZ,Super League,2023/2024,16/12/2023,19:30,Grasshoppers,Yverdon,1,1,D,1.87,3.85,4.14,1.89,3.93,4.35,1.83,3.75,3.94,,,,,,
SWZ,Super League,2023/2024,17/12/2023,13:15,Winterthur,Lausanne,1,0,H,2.65,3.55,2.67,2.65,3.61,2.71,2.54,3.43,2.61,,,,,,
SWZ,Super League,2023/2024,17/12/2023,15:30,Luzern,Basel,0,1,A,1.7,4.15,4.81,1.75,4.15,5.25,1.69,3.93,4.49,,,,,,
SWZ,Super League,2023/2024,17/12/2023,15:30,Servette,Lugano,2,2,D,1.78,4.03,4.42,1.88,4.1,4.45,1.77,3.82,4.15,,,,,,
SWZ,Super League,2023/2024,20/01/2024,17:00,Young Boys,Grasshoppers,1,0,H,1.49,4.94,6.12,1.52,5,6.5,1.46,4.66,5.74,,,,,,
SWZ,Super League,2023/2024,20/01/2024,19:30,Lausanne,St. Gallen,0,1,A,2.76,3.67,2.51,2.79,3.76,2.51,2.66,3.54,2.44,,,,,,
SWZ,Super League,2023/2024,21/01/2024,15:30,Lugano,Lausanne Ouchy,2,3,A,1.68,4.04,5.1,1.71,4.05,5.25,1.65,3.91,4.81,,,,,,
SWZ,Super League,2023/2024,21/01/2024,15:30,Zurich,Basel,0,0,D,1.76,3.84,4.84,1.77,4.2,4.85,1.72,3.8,4.44,,,,,,
SWZ,Super League,2023/2024,23/01/2024,18:00,Winterthur,Servette,3,3,D,3.25,3.7,2.19,3.42,3.78,2.21,3.14,3.58,2.11,,,,,,
SWZ,Super League,2023/2024,23/01/2024,18:00,Yverdon,Luzern,2,1,H,3.4,3.64,2.15,3.4,3.82,2.21,3.09,3.64,2.12,,,,,,
SWZ,Super League,2023/2024,27/01/2024,17:00,Lausanne Ouchy,Winterthur,1,3,A,2.7,3.51,2.65,2.78,3.6,2.7,2.62,3.42,2.54,,,,,,
SWZ,Super League,2023/2024,27/01/2024,17:00,Servette,Yverdon,1,0,H,1.49,4.56,6.82,1.49,4.8,7.5,1.44,4.47,6.55,,,,,,
SWZ,Super League,2023/2024,27/01/2024,19:30,Basel,Young Boys,1,0,H,3.07,3.42,2.41,3.07,3.61,2.55,2.83,3.38,2.39,,,,,,
SWZ,Super League,2023/2024,28/01/2024,13:15,St. Gallen,Lugano,1,4,A,1.76,4.21,4.33,1.8,4.3,4.53,1.73,4.03,4.12,,,,,,
SWZ,Super League,2023/2024,28/01/2024,15:30,Grasshoppers,Zurich,2,1,H,4.06,3.67,1.93,4.09,3.8,2.01,3.71,3.56,1.93,,,,,,
SWZ,Super League,2023/2024,28/01/2024,15:30,Luzern,Lausanne,2,1,H,2.07,3.67,3.59,2.21,3.75,3.59,2.05,3.58,3.35,,,,,,
SWZ,Super League,2023/2024,30/01/2024,19:30,Winterthur,Basel,1,3,A,2.26,3.56,3.22,2.33,3.68,3.22,2.23,3.49,2.99,,,,,,
SWZ,Super League,2023/2024,30/01/2024,19:30,Young Boys,Yverdon,5,1,H,1.32,5.65,9.72,1.4,5.8,9.72,1.35,5.18,7.48,,,,,,
SWZ,Super League,2023/2024,31/01/2024,19:30,Lugano,Grasshoppers,0,0,D,1.85,3.87,4.2,1.87,4,4.25,1.82,3.75,3.95,,,,,,
SWZ,Super League,2023/2024,31/01/2024,19:30,St. Gallen,Servette,0,2,A,2.54,3.44,2.86,2.59,3.55,2.95,2.45,3.36,2.76,,,,,,
SWZ,Super League,2023/2024,31/01/2024,19:30,Zurich,Lausanne,2,2,D,1.91,3.4,4.6,1.99,3.8,4.6,1.85,3.47,4.2,,,,,,
SWZ,Super League,2023/2024,01/02/2024,19:30,Lausanne Ouchy,Luzern,0,3,A,3.6,3.77,2.03,3.75,4.04,2.08,3.41,3.64,2,,,,,,
SWZ,Super League,2023/2024,03/02/2024,17:00,Grasshoppers,Winterthur,0,1,A,2.47,3.59,2.86,2.5,3.8,2.94,2.37,3.54,2.73,,,,,,
SWZ,Super League,2023/2024,03/02/2024,17:00,Lausanne,Young Boys,0,1,A,2.94,3.64,2.39,2.96,3.75,2.4,2.8,3.55,2.31,,,,,,
SWZ,Super League,2023/2024,03/02/2024,19:30,Basel,Lugano,0,1,A,2.39,3.38,3.14,2.39,3.5,3.14,2.29,3.36,3,,,,,,
SWZ,Super League,2023/2024,04/02/2024,13:15,Yverdon,Zurich,3,0,H,4.74,3.81,1.78,4.74,4,1.9,4.26,3.75,1.76,,,,,,
SWZ,Super League,2023/2024,04/02/2024,15:30,Luzern,St. Gallen,1,0,H,2.72,3.84,2.47,2.74,3.87,2.74,2.55,3.66,2.48,,,,,,
SWZ,Super League,2023/2024,04/02/2024,15:30,Servette,Lausanne Ouchy,3,1,H,1.34,5.62,8.9,1.37,5.7,9.3,1.32,5.21,8.41,,,,,,
SWZ,Super League,2023/2024,10/02/2024,17:00,Lausanne Ouchy,Lausanne,1,1,D,4.57,3.75,1.82,4.57,3.77,1.94,4.11,3.61,1.82,,,,,,
SWZ,Super League,2023/2024,10/02/2024,17:00,Zurich,Grasshoppers,1,0,H,1.94,3.42,4.37,1.98,3.8,4.5,1.87,3.42,4.14,,,,,,
SWZ,Super League,2023/2024,10/02/2024,19:30,Lugano,Young Boys,3,3,D,2.96,3.43,2.47,2.96,3.65,2.47,2.77,3.48,2.37,,,,,,
SWZ,Super League,2023/2024,11/02/2024,13:15,Winterthur,Luzern,2,1,H,2.67,3.59,2.63,2.77,3.6,2.63,2.61,3.5,2.5,,,,,,
SWZ,Super League,2023/2024,11/02/2024,15:30,Basel,St. Gallen,1,0,H,2.34,3.58,3.06,2.42,3.64,3.06,2.31,3.46,2.87,,,,,,
SWZ,Super League,2023/2024,11/02/2024,15:30,Yverdon,Servette,2,1,H,4.18,3.72,1.9,5,4.15,1.9,4.1,3.64,1.82,,,,,,
SWZ,Super League,2023/2024,17/02/2024,17:00,Lausanne,Yverdon,3,1,H,1.78,4.07,4.42,1.88,4.07,4.59,1.77,3.78,4.18,,,,,,
SWZ,Super League,2023/2024,17/02/2024,17:00,St. Gallen,Winterthur,2,2,D,2.05,3.93,3.43,2.06,4.5,4.33,1.92,3.9,3.47,,,,,,
SWZ,Super League,2023/2024,17/02/2024,19:30,Grasshoppers,Basel,2,1,H,2.95,3.21,2.61,3,3.25,2.61,2.86,3.14,2.5,,,,,,
SWZ,Super League,2023/2024,18/02/2024,13:15,Young Boys,Lausanne Ouchy,1,0,H,1.33,5.72,9.16,1.36,5.8,9.2,1.31,5.44,8.16,,,,,,
SWZ,Super League,2023/2024,18/02/2024,15:30,Luzern,Zurich,0,1,A,2.52,3.42,2.91,2.52,3.6,2.91,2.41,3.37,2.79,,,,,,
SWZ,Super League,2023/2024,18/02/2024,15:30,Servette,Lugano,2,1,H,1.85,3.8,4.29,1.9,4,4.4,1.82,3.66,4.04,,,,,,
SWZ,Super League,2023/2024,24/02/2024,17:00,St. Gallen,Lausanne Ouchy,1,0,H,1.49,4.95,6.04,1.5,5.3,7.5,1.43,4.78,6.29,,,,,,
SWZ,Super League,2023/2024,24/02/2024,17:00,Yverdon,Basel,0,2,A,3.27,3.35,2.33,3.27,3.45,2.36,3.07,3.32,2.26,,,,,,
SWZ,Super League,2023/2024,24/02/2024,19:30,Grasshoppers,Luzern,0,1,A,3.75,3.52,2.07,3.75,3.6,2.2,3.35,3.39,2.1,,,,,,
SWZ,Super League,2023/2024,25/02/2024,13:15,Lugano,Zurich,2,0,H,2.28,3.4,3.32,2.6,3.45,3.32,2.31,3.28,3.05,,,,,,
SWZ,Super League,2023/2024,25/02/2024,15:30,Lausanne,Winterthur,1,1,D,2.11,3.62,3.52,2.12,3.65,3.6,2.02,3.52,3.42,,,,,,
SWZ,Super League,2023/2024,25/02/2024,15:30,Young Boys,Servette,0,1,A,2.43,3.58,2.91,2.43,3.75,3.07,2.3,3.55,2.83,,,,,,
SWZ,Super League,2023/2024,02/03/2024,17:00,Lausanne Ouchy,Grasshoppers,1,1,D,3.3,3.42,2.28,3.31,3.42,2.5,3.13,3.27,2.26,,,,,,
SWZ,Super League,2023/2024,02/03/2024,17:00,Servette,St. Gallen,2,0,H,1.9,3.9,3.95,1.93,4,3.95,1.87,3.74,3.69,,,,,,
SWZ,Super League,2023/2024,02/03/2024,19:30,Basel,Lausanne,1,2,A,2.22,3.37,3.49,2.31,3.5,3.49,2.19,3.3,3.23,,,,,,
SWZ,Super League,2023/2024,03/03/2024,13:15,Luzern,Lugano,0,1,A,2.01,3.66,3.79,2.1,4,3.79,1.98,3.64,3.44,,,,,,
SWZ,Super League,2023/2024,03/03/2024,15:30,Winterthur,Yverdon,2,1,H,1.85,4.01,4.08,1.91,4.01,4.33,1.83,3.76,3.88,,,,,,
SWZ,Super League,2023/2024,03/03/2024,15:30,Zurich,Young Boys,1,0,H,2.5,3.38,2.96,2.6,3.5,2.96,2.45,3.34,2.76,,,,,,
SWZ,Super League,2023/2024,09/03/2024,17:00,Winterthur,Grasshoppers,2,0,H,2.11,3.42,3.73,2.17,3.42,3.73,2.09,3.3,3.46,,,,,,
SWZ,Super League,2023/2024,09/03/2024,17:00,Yverdon,Zurich,3,2,H,4.89,3.88,1.74,5,3.9,1.82,4.44,3.63,1.75,,,,,,
SWZ,Super League,2023/2024,09/03/2024,19:30,St. Gallen,Lugano,2,3,A,2.01,3.78,3.67,2.05,3.85,3.67,1.96,3.7,3.44,,,,,,
SWZ,Super League,2023/2024,10/03/2024,13:15,Servette,Lausanne,3,1,H,1.73,3.92,4.93,1.76,3.97,5,1.72,3.74,4.54,,,,,,
SWZ,Super League,2023/2024,10/03/2024,15:30,Lausanne Ouchy,Luzern,2,1,H,5.24,4.32,1.63,5.34,4.32,1.65,4.86,4.09,1.61,,,,,,
SWZ,Super League,2023/2024,10/03/2024,15:30,Young Boys,Basel,5,1,H,1.85,3.82,4.28,1.87,3.9,4.4,1.79,3.72,4.11,,,,,,
SWZ,Super League,2023/2024,16/03/2024,17:00,Basel,Winterthur,1,1,D,1.96,3.75,3.87,2,3.78,3.9,1.92,3.53,3.75,,,,,,
SWZ,Super League,2023/2024,16/03/2024,17:00,Grasshoppers,St. Gallen,1,1,D,3.42,3.65,2.14,3.45,3.69,2.2,3.21,3.46,2.13,,,,,,
SWZ,Super League,2023/2024,16/03/2024,19:30,Lugano,Yverdon,2,0,H,1.45,4.88,6.91,1.46,4.96,7.21,1.42,4.68,6.63,,,,,,
SWZ,Super League,2023/2024,17/03/2024,13:15,Zurich,Lausanne Ouchy,2,2,D,1.36,5.09,9.24,1.38,5.14,9.27,1.34,4.82,8.44,,,,,,
SWZ,Super League,2023/2024,17/03/2024,15:30,Lausanne,Young Boys,2,0,H,3.26,3.73,2.18,3.34,3.8,2.18,3.18,3.65,2.07,,,,,,
SWZ,Super League,2023/2024,17/03/2024,15:30,Luzern,Servette,2,2,D,2.63,3.52,2.71,2.65,3.6,2.75,2.56,3.45,2.58,,,,,,
SWZ,Super League,2023/2024,30/03/2024,17:00,Lausanne Ouchy,Lugano,1,3,A,4.58,3.85,1.78,4.58,4,1.84,4.25,3.77,1.76,,,,,,
SWZ,Super League,2023/2024,30/03/2024,17:00,Winterthur,Servette,1,0,H,4.34,3.95,1.79,4.75,3.98,1.91,4.22,3.79,1.76,,,,,,
SWZ,Super League,2023/2024,30/03/2024,19:30,Basel,Zurich,2,2,D,2.69,3.35,2.72,2.7,3.35,2.77,2.59,3.22,2.68,,,,,,
SWZ,Super League,2023/2024,01/04/2024,13:15,Yverdon,Young Boys,0,0,D,5.03,4.35,1.63,5.1,4.4,1.67,4.78,4.19,1.6,,,,,,
SWZ,Super League,2023/2024,01/04/2024,15:30,Grasshoppers,Lausanne,0,1,A,2.52,3.37,2.89,2.6,3.45,2.89,2.49,3.28,2.75,,,,,,
SWZ,Super League,2023/2024,01/04/2024,15:30,St. Gallen,Luzern,1,1,D,2,3.86,3.56,2.05,4.02,3.56,1.99,3.81,3.26,,,,,,
SWZ,Super League,2023/2024,02/04/2024,19:30,Lugano,Basel,2,0,H,1.85,3.94,4.05,1.95,3.96,4.25,1.85,3.74,3.88,,,,,,
SWZ,Super League,2023/2024,03/04/2024,19:30,Servette,Lausanne Ouchy,1,2,A,1.28,5.97,9.85,1.31,6.3,11,1.27,5.66,9.27,,,,,,
SWZ,Super League,2023/2024,03/04/2024,19:30,Zurich,Winterthur,0,0,D,1.75,3.66,5.1,1.78,3.75,5.29,1.72,3.61,4.74,,,,,,
SWZ,Super League,2023/2024,04/04/2024,19:30,Lausanne,St. Gallen,3,3,D,2.53,3.49,2.8,2.57,3.6,2.8,2.47,3.46,2.67,,,,,,
SWZ,Super League,2023/2024,04/04/2024,19:30,Luzern,Yverdon,1,0,H,1.52,4.57,5.93,1.55,4.75,6.2,1.49,4.45,5.7,,,,,,
SWZ,Super League,2023/2024,04/04/2024,19:30,Young Boys,Grasshoppers,3,0,H,1.61,3.96,5.83,1.65,4.33,6.5,1.59,3.98,5.36,,,,,,
SWZ,Super League,2023/2024,06/04/2024,17:00,Lausanne Ouchy,Basel,0,2,A,3.25,3.71,2.16,3.57,3.71,2.21,3.29,3.54,2.07,,,,,,
SWZ,Super League,2023/2024,06/04/2024,17:00,Winterthur,Lugano,2,2,D,3.13,3.5,2.31,3.13,3.56,2.41,2.94,3.41,2.3,,,,,,
SWZ,Super League,2023/2024,06/04/2024,19:30,Servette,Zurich,0,1,A,1.93,3.54,4.16,1.94,3.75,4.22,1.89,3.51,3.91,,,,,,
SWZ,Super League,2023/2024,07/04/2024,13:15,Luzern,Lausanne,0,0,D,1.95,3.92,3.65,2,3.96,3.76,1.92,3.76,3.54,,,,,,
SWZ,Super League,2023/2024,07/04/2024,15:30,St. Gallen,Young Boys,2,2,D,2.27,3.84,2.95,2.35,3.9,2.96,2.25,3.73,2.8,,,,,,
SWZ,Super League,2023/2024,07/04/2024,15:30,Yverdon,Grasshoppers,3,2,H,2.91,3.39,2.5,2.91,3.5,2.6,2.73,3.35,2.47,,,,,,
SWZ,Super League,2023/2024,13/04/2024,17:00,Grasshoppers,Lugano,0,1,A,3.57,3.62,2.07,3.75,3.62,2.1,3.47,3.41,2.04,,,,,,
SWZ,Super League,2023/2024,13/04/2024,17:00,Lausanne,Zurich,1,0,H,2.47,3.26,3.06,2.47,3.4,3.09,2.36,3.29,2.91,,,,,,
SWZ,Super League,2023/2024,13/04/2024,19:30,St. Gallen,Yverdon,5,1,H,1.39,5.39,7.21,1.42,5.5,7.21,1.38,5.06,6.64,,,,,,
SWZ,Super League,2023/2024,14/04/2024,13:15,Basel,Servette,2,1,H,3.45,3.55,2.14,3.47,3.6,2.15,3.31,3.48,2.08,,,,,,
SWZ,Super League,2023/2024,14/04/2024,15:30,Lausanne Ouchy,Winterthur,0,1,A,3.87,3.71,1.95,3.89,3.71,2.05,3.63,3.57,1.94,,,,,,
SWZ,Super League,2023/2024,14/04/2024,15:30,Young Boys,Luzern,4,2,H,1.76,4.15,4.26,1.76,4.2,4.4,1.72,4.08,4.11,,,,,,
SWZ,Super League,2023/2024,20/04/2024,17:00,Servette,Grasshoppers,1,0,H,1.47,4.68,6.58,1.53,4.7,7,1.46,4.44,6.15,,,,,,
SWZ,Super League,2023/2024,20/04/2024,17:00,Yverdon,Lausanne Ouchy,3,0,H,1.92,3.72,3.99,2,3.72,4,1.91,3.58,3.73,,,,,,
SWZ,Super League,2023/2024,20/04/2024,19:30,Lugano,Lausanne,2,0,H,1.92,3.84,3.85,1.97,3.88,3.85,1.9,3.74,3.6,,,,,,
SWZ,Super League,2023/2024,21/04/2024,15:30,Luzern,Basel,1,1,D,2.34,3.72,2.92,2.38,3.8,2.92,2.28,3.61,2.82,,,,,,
SWZ,Super League,2023/2024,21/04/2024,15:30,Winterthur,Young Boys,1,2,A,2.97,3.74,2.3,3.07,3.78,2.3,2.94,3.64,2.19,,,,,,
SWZ,Super League,2023/2024,21/04/2024,15:30,Zurich,St. Gallen,0,1,A,2.28,3.48,3.18,2.38,3.6,3.27,2.23,3.49,3,,,,,,
SWZ,Super League,2023/2024,04/05/2024,17:00,Grasshoppers,Lausanne Ouchy,3,2,H,1.75,3.84,4.78,1.76,3.95,5,1.71,3.72,4.55,,,,,,
SWZ,Super League,2023/2024,04/05/2024,17:00,Servette,Winterthur,2,1,H,1.44,4.88,6.93,1.49,5,6.93,1.43,4.64,6.15,,,,,,
SWZ,Super League,2023/2024,04/05/2024,19:30,Lugano,St. Gallen,0,1,A,2.57,3.71,2.63,2.62,3.79,2.74,2.45,3.66,2.56,,,,,,
SWZ,Super League,2023/2024,05/05/2024,13:15,Basel,Luzern,1,1,D,2.11,3.61,3.46,2.17,3.83,3.5,2.11,3.55,3.16,,,,,,
SWZ,Super League,2023/2024,05/05/2024,15:30,Yverdon,Lausanne,3,1,H,3.31,3.42,2.25,3.35,3.52,2.28,3.18,3.32,2.17,,,,,,
SWZ,Super League,2023/2024,05/05/2024,15:30,Zurich,Young Boys,0,2,A,2.64,3.48,2.69,2.64,3.59,2.72,2.53,3.42,2.57,,,,,,
SWZ,Super League,2023/2024,10/05/2024,19:30,Lausanne,Basel,0,0,D,2.28,3.45,3.22,2.38,3.6,3.22,2.25,3.39,3.02,,,,,,
SWZ,Super League,2023/2024,10/05/2024,19:30,Luzern,Grasshoppers,1,1,D,1.98,3.63,3.86,2,3.8,3.9,1.92,3.64,3.63,,,,,,
SWZ,Super League,2023/2024,11/05/2024,19:30,Lausanne Ouchy,Yverdon,3,1,H,3.17,3.6,2.24,3.17,3.65,2.67,3,3.52,2.21,,,,,,
SWZ,Super League,2023/2024,11/05/2024,19:30,Young Boys,Lugano,0,1,A,2.08,3.7,3.46,2.08,3.99,3.83,1.98,3.74,3.33,,,,,,
SWZ,Super League,2023/2024,12/05/2024,13:15,Winterthur,Zurich,1,3,A,2.71,3.42,2.66,3,3.55,2.66,2.61,3.33,2.57,,,,,,
SWZ,Super League,2023/2024,12/05/2024,15:30,St. Gallen,Servette,1,1,D,2.4,3.61,2.89,2.43,3.9,2.89,2.3,3.66,2.74,,,,,,
SWZ,Super League,2023/2024,14/05/2024,19:30,Basel,Lausanne Ouchy,2,0,H,1.38,5.41,7.51,1.39,5.5,8,1.36,5.17,7.06,,,,,,
SWZ,Super League,2023/2024,14/05/2024,19:30,Grasshoppers,Yverdon,2,0,H,1.83,3.89,4.24,1.85,4,4.3,1.79,3.79,4.01,,,,,,
SWZ,Super League,2023/2024,15/05/2024,19:30,Lausanne,Luzern,0,2,A,2.11,3.96,3.19,2.11,4,3.57,1.98,3.82,3.29,,,,,,
SWZ,Super League,2023/2024,15/05/2024,19:30,Zurich,Servette,2,1,H,2.83,3.47,2.51,2.83,3.55,2.52,2.73,3.39,2.43,,,,,,
SWZ,Super League,2023/2024,16/05/2024,19:30,Lugano,Winterthur,4,2,H,1.57,4.45,5.47,1.6,4.5,5.6,1.55,4.28,5.16,,,,,,
SWZ,Super League,2023/2024,16/05/2024,19:30,Young Boys,St. Gallen,3,1,H,1.72,4.39,4.27,1.81,4.5,4.27,1.73,4.21,3.89,,,,,,
SWZ,Super League,2023/2024,18/05/2024,17:00,Grasshoppers,Basel,0,1,A,1.91,3.84,3.9,2.2,3.85,3.95,1.91,3.65,3.67,,,,,,
SWZ,Super League,2023/2024,18/05/2024,17:00,Lausanne Ouchy,Lausanne,0,4,A,6.46,4.85,1.46,6.5,5,1.51,5.94,4.69,1.44,,,,,,
SWZ,Super League,2023/2024,18/05/2024,17:00,Yverdon,Luzern,3,1,H,2.82,3.72,2.41,3,3.92,2.47,2.73,3.73,2.28,,,,,,
SWZ,Super League,2023/2024,20/05/2024,17:00,Servette,Young Boys,0,1,A,1.95,4.11,3.52,2,4.11,3.6,1.91,3.93,3.42,,,,,,
SWZ,Super League,2023/2024,20/05/2024,17:00,Winterthur,St. Gallen,1,3,A,3.42,4.18,1.96,3.42,4.2,2.01,3.24,3.98,1.95,,,,,,
SWZ,Super League,2023/2024,20/05/2024,17:00,Zurich,Lugano,2,1,H,2.4,3.48,3,2.44,3.5,3.1,2.33,3.4,2.88,,,,,,
SWZ,Super League,2023/2024,21/05/2024,19:30,Basel,Yverdon,0,0,D,1.47,4.85,6.35,1.47,5.01,6.6,1.42,4.8,6.08,,,,,,
SWZ,Super League,2023/2024,21/05/2024,19:30,Lausanne,Grasshoppers,0,0,D,1.65,4.48,4.68,1.72,4.5,4.75,1.66,4.18,4.34,,,,,,
SWZ,Super League,2023/2024,21/05/2024,19:30,Luzern,Lausanne Ouchy,1,2,A,1.33,5.69,8.03,1.35,6,8.3,1.3,5.62,7.53,,,,,,
SWZ,Super League,2023/2024,25/05/2024,19:30,Lugano,Servette,0,2,A,3,3.9,2.23,3,3.97,2.25,2.87,3.77,2.19,,,,,,
SWZ,Super League,2023/2024,25/05/2024,19:30,St. Gallen,Zurich,1,2,A,1.79,4.35,3.96,1.91,4.35,4,1.79,4.06,3.73,,,,,,
SWZ,Super League,2023/2024,25/05/2024,19:30,Young Boys,Winterthur,3,0,H,1.38,5.67,6.85,1.41,5.7,7,1.38,5.25,6.43,,,,,,
SWZ,Super League,2023/2024,26/05/2024,15:30,Grasshoppers,Thun,1,1,D,,,,2.2,3.61,3.6,2.09,3.38,3.29,,,,,,
SWZ,Super League,2023/2024,31/05/2024,19:30,Thun,Grasshoppers,1,2,A,2.42,3.37,2.94,2.45,3.6,3.18,2.27,3.41,2.95,,,,,,
SWZ,Super League,2024/2025,20/07/2024,17:00,Lugano,Grasshoppers,2,1,H,1.83,3.54,4.72,1.86,3.61,4.75,1.79,3.5,4.44,1.89,3.65,4.8,,,
SWZ,Super League,2024/2025,20/07/2024,17:00,Yverdon,Zurich,0,2,A,3.85,3.68,1.97,3.89,3.7,2.02,3.67,3.58,1.94,4,3.8,2.02,,,
SWZ,Super League,2024/2025,20/07/2024,19:30,Winterthur,St. Gallen,1,0,H,3.11,3.84,2.18,3.2,3.96,2.21,2.99,3.77,2.14,3.4,3.9,2.2,,,
SWZ,Super League,2024/2025,21/07/2024,13:15,Young Boys,Sion,1,2,A,1.58,4.45,5.33,1.6,5,6.6,1.53,4.41,5.37,1.61,4.6,6,,,
SWZ,Super League,2024/2025,21/07/2024,15:30,Lausanne,Basel,3,2,H,2.08,3.54,3.61,2.42,3.65,3.61,2.13,3.49,3.23,2.16,3.65,3.7,,,
SWZ,Super League,2024/2025,21/07/2024,15:30,Luzern,Servette,1,2,A,3.17,3.65,2.22,3.26,3.74,2.25,3.06,3.55,2.18,3.3,3.8,2.26,,,
SWZ,Super League,2024/2025,24/07/2024,19:30,Servette,Young Boys,3,1,H,2.07,3.84,3.38,2.1,3.91,3.38,2.03,3.74,3.23,2.12,3.9,3.55,,,
SWZ,Super League,2024/2025,27/07/2024,17:00,Grasshoppers,Luzern,2,2,D,2.73,3.39,2.66,2.74,3.5,2.67,2.62,3.37,2.56,2.76,3.55,2.74,,,
SWZ,Super League,2024/2025,27/07/2024,17:00,Sion,Lausanne,4,0,H,2.6,3.36,2.81,2.6,3.55,2.81,2.49,3.4,2.68,2.6,3.55,2.94,,,
SWZ,Super League,2024/2025,27/07/2024,19:30,Basel,Lugano,1,2,A,2.51,3.26,3,2.51,3.4,3.2,2.36,3.25,2.98,2.52,3.35,3.2,,,
SWZ,Super League,2024/2025,28/07/2024,13:15,Servette,Yverdon,3,2,H,1.28,6.1,9.89,1.29,6.3,11,1.26,5.81,9.72,1.31,6.4,11,,,
SWZ,Super League,2024/2025,28/07/2024,15:30,St. Gallen,Young Boys,4,0,H,2.48,3.86,2.66,2.51,4,2.68,2.4,3.75,2.59,2.52,3.95,2.82,,,
SWZ,Super League,2024/2025,28/07/2024,15:30,Zurich,Winterthur,4,2,H,1.69,3.93,5.06,1.72,4.15,5.1,1.67,3.86,4.73,1.72,4.2,5.4,,,
SWZ,Super League,2024/2025,03/08/2024,17:00,Grasshoppers,Basel,0,3,A,3.02,3.48,2.38,3.02,3.53,2.39,2.9,3.41,2.32,3.15,3.55,2.46,,,
SWZ,Super League,2024/2025,03/08/2024,17:00,Lugano,Servette,3,1,H,2.61,3.49,2.71,2.8,3.7,2.72,2.56,3.47,2.57,2.68,3.6,2.82,,,
SWZ,Super League,2024/2025,03/08/2024,19:30,Luzern,Sion,1,0,H,2.34,3.71,2.92,2.42,3.72,2.99,2.29,3.58,2.84,2.42,3.85,3,,,
SWZ,Super League,2024/2025,04/08/2024,13:15,Lausanne,St. Gallen,3,4,A,2.69,3.67,2.54,2.69,3.7,2.64,2.56,3.58,2.5,2.76,3.75,2.62,,,
SWZ,Super League,2024/2025,04/08/2024,15:30,Winterthur,Yverdon,0,0,D,2.2,3.69,3.19,2.26,3.73,3.5,2.16,3.59,3.09,2.24,3.75,3.35,,,
SWZ,Super League,2024/2025,04/08/2024,15:30,Young Boys,Zurich,2,2,D,2.15,3.74,3.26,2.23,3.8,3.26,2.15,3.64,3.06,2.2,3.85,3.4,,,
SWZ,Super League,2024/2025,10/08/2024,17:00,Sion,Winterthur,2,0,H,1.57,4.51,5.43,1.71,4.51,5.43,1.59,4.28,4.83,1.63,4.6,5.7,,,
SWZ,Super League,2024/2025,10/08/2024,19:30,Yverdon,Young Boys,2,2,D,4.74,4.26,1.68,4.75,4.34,1.81,4.48,4.07,1.66,5.2,4.4,1.7,,,
SWZ,Super League,2024/2025,11/08/2024,13:15,St. Gallen,Grasshoppers,1,0,H,1.6,4.39,5.24,1.64,4.5,5.5,1.57,4.27,5,1.63,4.7,5.7,,,
SWZ,Super League,2024/2025,11/08/2024,15:30,Lugano,Luzern,2,3,A,1.89,3.85,3.96,2.06,3.85,3.96,1.88,3.74,3.71,1.93,3.9,4.3,,,
SWZ,Super League,2024/2025,11/08/2024,15:30,Servette,Basel,0,6,A,2.07,3.62,3.42,2.2,3.94,4.2,2.07,3.51,3.32,2.2,3.55,3.65,,,
SWZ,Super League,2024/2025,11/08/2024,15:30,Zurich,Lausanne,2,0,H,2.04,3.66,3.63,2.04,3.83,3.75,1.97,3.61,3.49,2.08,3.75,3.8,,,
SWZ,Super League,2024/2025,24/08/2024,17:00,Luzern,Winterthur,3,0,H,1.65,4.33,4.9,1.65,4.5,5,1.6,4.28,4.74,1.61,4.7,5.5,,,
SWZ,Super League,2024/2025,24/08/2024,19:30,Grasshoppers,Sion,3,1,H,2.93,3.34,2.51,2.93,3.52,2.52,2.83,3.33,2.41,3.05,3.5,2.56,,,
SWZ,Super League,2024/2025,25/08/2024,15:30,Basel,Yverdon,2,0,H,1.47,4.76,6.17,1.49,4.9,6.4,1.45,4.67,5.9,1.52,4.8,7.2,,,
SWZ,Super League,2024/2025,31/08/2024,17:00,Sion,Basel,1,1,D,3.07,3.45,2.36,3.07,3.47,2.51,2.9,3.33,2.35,3.2,3.45,2.48,,,
SWZ,Super League,2024/2025,31/08/2024,17:00,Yverdon,Grasshoppers,2,1,H,3.39,3.51,2.18,3.39,3.6,2.31,3.08,3.42,2.21,3.3,3.6,2.34,,,
SWZ,Super League,2024/2025,31/08/2024,19:30,Young Boys,Lausanne,1,1,D,1.76,4.22,4.25,1.81,4.22,4.25,1.74,4.06,3.99,1.8,4.3,4.6,,,
SWZ,Super League,2024/2025,01/09/2024,13:15,Winterthur,Servette,0,1,A,4.62,4.01,1.74,4.62,4.01,1.79,4.31,3.82,1.73,4.9,4.1,1.78,,,
SWZ,Super League,2024/2025,01/09/2024,15:30,Lugano,St. Gallen,1,1,D,2.09,3.68,3.44,2.14,3.8,3.44,2.05,3.64,3.21,2.18,3.85,3.45,,,
SWZ,Super League,2024/2025,01/09/2024,15:30,Zurich,Luzern,1,1,D,2.15,3.8,3.2,2.2,3.88,3.6,2.03,3.7,3.26,2.12,3.85,3.6,,,
SWZ,Super League,2024/2025,18/09/2024,18:30,Lausanne,Lugano,1,2,A,2.23,3.62,3.17,2.33,3.67,3.35,2.2,3.51,3.03,2.36,3.7,3.2,,,
SWZ,Super League,2024/2025,21/09/2024,17:00,Grasshoppers,Servette,2,2,D,3.21,3.38,2.32,3.45,3.63,2.32,3.12,3.46,2.19,3.35,3.5,2.34,,,
SWZ,Super League,2024/2025,21/09/2024,17:00,St. Gallen,Luzern,2,3,A,1.96,3.93,3.61,2,4.05,4.1,1.91,3.84,3.53,2.02,4.1,3.7,,,
SWZ,Super League,2024/2025,21/09/2024,19:30,Basel,Zurich,0,2,A,2.14,3.55,3.43,2.23,3.65,3.55,2.08,3.5,3.29,2.16,3.65,3.6,,,
SWZ,Super League,2024/2025,22/09/2024,13:15,Lausanne,Yverdon,3,1,H,1.51,4.58,6.18,1.54,4.6,6.25,1.5,4.39,5.72,1.57,4.7,6.4,,,
SWZ,Super League,2024/2025,22/09/2024,15:30,Sion,Lugano,0,0,D,2.66,3.4,2.71,2.67,3.55,2.71,2.58,3.33,2.62,2.8,3.55,2.76,,,
SWZ,Super League,2024/2025,22/09/2024,15:30,Winterthur,Young Boys,1,4,A,4.78,4.19,1.68,4.9,4.2,1.71,4.53,4.05,1.66,5,4.4,1.72,,,
SWZ,Super League,2024/2025,24/09/2024,19:30,St. Gallen,Zurich,4,1,H,2.34,3.64,2.97,2.4,3.65,3.05,2.29,3.52,2.87,2.44,3.65,3.1,,,
SWZ,Super League,2024/2025,28/09/2024,17:00,Servette,Lausanne,1,0,H,1.85,3.96,4.04,1.88,3.96,4.04,1.84,3.81,3.79,1.89,4,4.2,,,
SWZ,Super League,2024/2025,28/09/2024,17:00,Yverdon,St. Gallen,1,0,H,4.61,4.18,1.7,4.7,4.3,1.71,4.38,4.11,1.68,4.8,4.3,1.76,,,
SWZ,Super League,2024/2025,28/09/2024,19:30,Young Boys,Grasshoppers,0,1,A,1.63,4.34,5.08,1.63,4.5,5.5,1.58,4.23,4.97,1.67,4.4,5.6,,,
SWZ,Super League,2024/2025,29/09/2024,13:15,Zurich,Sion,1,0,H,2.12,3.35,3.73,2.2,3.35,3.83,2.08,3.21,3.63,2.24,3.35,3.85,,,
SWZ,Super League,2024/2025,29/09/2024,15:30,Lugano,Winterthur,2,1,H,1.43,4.84,7.2,1.46,4.9,7.5,1.41,4.67,6.65,1.46,5.1,8,,,
SWZ,Super League,2024/2025,29/09/2024,15:30,Luzern,Basel,1,0,H,2.54,3.54,2.75,2.58,3.57,2.8,2.49,3.42,2.65,2.54,3.7,2.9,,,
SWZ,Super League,2024/2025,05/10/2024,17:00,Luzern,Lausanne,2,2,D,1.9,3.86,3.91,1.95,3.89,3.91,1.89,3.75,3.62,1.96,3.95,4.1,,,
SWZ,Super League,2024/2025,05/10/2024,17:00,Sion,Yverdon,1,1,D,1.48,4.49,6.83,1.5,4.6,6.9,1.47,4.31,6.32,1.52,4.6,7.6,,,
SWZ,Super League,2024/2025,05/10/2024,19:30,Winterthur,Grasshoppers,1,0,H,3.26,3.45,2.26,3.27,3.5,2.28,3.17,3.39,2.18,3.45,3.65,2.28,,,
SWZ,Super League,2024/2025,06/10/2024,13:15,Zurich,Lugano,1,1,D,2.44,3.41,2.98,2.44,3.43,3.1,2.34,3.3,2.96,2.48,3.45,3.15,,,
SWZ,Super League,2024/2025,06/10/2024,15:30,Basel,Young Boys,1,0,H,2.43,3.58,2.88,2.45,3.63,2.88,2.35,3.5,2.77,2.48,3.65,3,,,
SWZ,Super League,2024/2025,06/10/2024,15:30,St. Gallen,Servette,1,1,D,2.61,3.81,2.54,2.66,3.82,2.55,2.54,3.64,2.48,2.72,3.9,2.62,,,
SWZ,Super League,2024/2025,19/10/2024,17:00,Grasshoppers,Zurich,1,2,A,2.97,3.28,2.52,3,3.42,2.52,2.87,3.27,2.42,3.1,3.3,2.64,,,
SWZ,Super League,2024/2025,19/10/2024,17:00,Young Boys,Luzern,2,1,H,2.02,3.89,3.47,2.08,3.95,3.64,1.97,3.8,3.38,2.06,4,3.65,,,
SWZ,Super League,2024/2025,19/10/2024,19:30,Servette,Sion,3,0,H,1.92,3.66,4.07,1.94,3.78,4.07,1.87,3.64,3.84,1.94,3.85,4.3,,,
SWZ,Super League,2024/2025,20/10/2024,15:30,Basel,St. Gallen,2,1,H,1.99,3.73,3.71,2,3.75,3.73,1.95,3.67,3.52,2.02,3.95,3.85,,,
SWZ,Super League,2024/2025,20/10/2024,15:30,Lausanne,Winterthur,2,0,H,1.49,4.65,6.4,1.5,4.75,6.6,1.46,4.5,6.14,1.51,5,6.8,,,
SWZ,Super League,2024/2025,20/10/2024,15:30,Yverdon,Lugano,2,0,H,5.49,4.22,1.6,5.74,4.3,1.63,5.21,4.07,1.58,5.7,4.4,1.65,,,
SWZ,Super League,2024/2025,26/10/2024,17:00,Lausanne,Grasshoppers,3,0,H,1.81,3.79,4.47,1.84,3.85,4.5,1.77,3.75,4.2,1.83,4,4.7,,,
SWZ,Super League,2024/2025,26/10/2024,17:00,Winterthur,Basel,1,6,A,4.79,3.98,1.72,5,3.98,1.75,4.57,3.81,1.7,5.1,4,1.78,,,
SWZ,Super League,2024/2025,26/10/2024,19:30,Luzern,Yverdon,2,3,A,1.5,4.67,6.18,1.52,4.8,6.3,1.48,4.55,5.73,1.54,4.9,6.4,,,
SWZ,Super League,2024/2025,27/10/2024,13:15,Sion,St. Gallen,2,2,D,2.1,3.62,3.49,2.1,3.71,3.51,2.04,3.58,3.33,2.12,3.8,3.65,,,
SWZ,Super League,2024/2025,27/10/2024,15:30,Lugano,Young Boys,2,0,H,2.09,3.71,3.44,2.1,3.74,3.53,2.02,3.62,3.34,2.1,3.85,3.7,,,
SWZ,Super League,2024/2025,27/10/2024,15:30,Zurich,Servette,1,3,A,3.04,3.22,2.5,3.07,3.6,2.53,2.88,3.26,2.41,3.05,3.4,2.58,,,
SWZ,Super League,2024/2025,29/10/2024,19:30,Yverdon,Lausanne,0,3,A,4.53,3.91,1.77,4.6,3.92,1.87,4.19,3.74,1.78,4.6,3.9,1.87,,,
SWZ,Super League,2024/2025,30/10/2024,19:30,Sion,Zurich,0,2,A,2.24,3.23,3.54,2.28,3.4,3.56,2.17,3.23,3.34,2.3,3.3,3.7,,,
SWZ,Super League,2024/2025,30/10/2024,19:30,St. Gallen,Winterthur,2,2,D,1.4,5.28,7.06,1.43,5.5,7.1,1.4,5.07,6.45,1.44,5.6,7.6,,,
SWZ,Super League,2024/2025,30/10/2024,19:30,Young Boys,Basel,3,2,H,2.03,3.79,3.53,2.1,3.82,3.53,2,3.69,3.35,2.08,3.85,3.7,,,
SWZ,Super League,2024/2025,31/10/2024,19:30,Grasshoppers,Lugano,1,1,D,3.46,3.44,2.18,3.5,3.5,2.2,3.32,3.4,2.11,3.6,3.6,2.2,,,
SWZ,Super League,2024/2025,31/10/2024,19:30,Servette,Luzern,2,2,D,1.83,3.83,4.3,1.85,3.85,4.33,1.81,3.73,4.04,1.88,4,4.4,,,
SWZ,Super League,2024/2025,02/11/2024,17:00,Basel,Winterthur,5,0,H,1.32,5.67,8.86,1.44,5.75,9.5,1.32,5.37,8.21,1.34,6,10.5,,,
SWZ,Super League,2024/2025,02/11/2024,17:00,Zurich,Young Boys,0,0,D,2.47,3.52,2.86,2.49,3.61,2.86,2.4,3.43,2.78,2.52,3.65,3,,,
SWZ,Super League,2024/2025,02/11/2024,19:30,St. Gallen,Sion,1,1,D,1.96,3.66,3.9,1.98,3.7,4.01,1.92,3.58,3.74,2.02,3.75,4.1,,,
SWZ,Super League,2024/2025,03/11/2024,13:15,Lausanne,Servette,1,0,H,2.5,3.61,2.76,2.5,3.7,2.81,2.42,3.53,2.68,2.62,3.7,2.8,,,
SWZ,Super League,2024/2025,03/11/2024,15:30,Lugano,Yverdon,2,0,H,1.35,5.34,8.43,1.4,5.34,8.43,1.36,5,7.52,1.38,5.6,9.4,,,
SWZ,Super League,2024/2025,03/11/2024,15:30,Luzern,Grasshoppers,2,0,H,1.93,3.76,3.88,1.99,3.81,3.97,1.9,3.69,3.7,2,3.85,4,,,
SWZ,Super League,2024/2025,09/11/2024,17:00,Winterthur,Lausanne,1,0,H,5.21,4.29,1.62,5.4,4.4,1.64,4.99,4.18,1.59,5.5,4.5,1.64,,,
SWZ,Super League,2024/2025,09/11/2024,17:00,Yverdon,Basel,1,4,A,6.45,4.7,1.48,6.45,4.75,1.54,5.9,4.51,1.48,7,4.8,1.53,,,
SWZ,Super League,2024/2025,09/11/2024,19:30,Servette,Zurich,1,1,D,1.85,3.67,4.38,1.88,3.9,4.38,1.84,3.62,4.02,1.93,3.7,4.5,,,
SWZ,Super League,2024/2025,10/11/2024,13:15,Sion,Luzern,4,2,H,2.67,3.19,2.86,2.67,3.3,3,2.52,3.18,2.8,2.66,3.35,2.96,,,
SWZ,Super League,2024/2025,10/11/2024,15:30,Grasshoppers,St. Gallen,1,2,A,2.28,3.6,3.11,2.33,3.65,3.13,2.24,3.54,2.94,2.5,3.8,2.94,,,
SWZ,Super League,2024/2025,10/11/2024,15:30,Young Boys,Lugano,2,1,H,2.45,3.55,2.87,2.45,3.6,2.9,2.38,3.46,2.79,2.52,3.65,2.96,,,
SWZ,Super League,2024/2025,23/11/2024,17:00,Grasshoppers,Winterthur,1,1,D,1.83,3.73,4.38,1.92,4.04,5,1.8,3.66,4.24,1.95,3.7,4.4,,,
SWZ,Super League,2024/2025,23/11/2024,17:00,Luzern,Young Boys,1,1,D,3.34,3.98,2.05,3.34,3.98,2.65,3.1,3.75,2.09,3.4,3.95,2.14,,,
SWZ,Super League,2024/2025,23/11/2024,19:30,Lausanne,Sion,1,0,H,2,3.53,3.88,2.02,3.75,4.04,1.93,3.51,3.76,1.98,3.7,4.2,,,
SWZ,Super League,2024/2025,24/11/2024,13:15,Lugano,Zurich,4,1,H,2.13,3.35,3.69,2.16,3.55,3.72,2.07,3.37,3.46,2.22,3.45,3.75,,,
SWZ,Super League,2024/2025,24/11/2024,15:30,Basel,Servette,3,1,H,2.27,3.56,3.16,2.31,3.81,3.51,2.17,3.57,3.06,2.32,3.75,3.15,,,
SWZ,Super League,2024/2025,24/11/2024,15:30,St. Gallen,Yverdon,0,0,D,1.41,5.06,7.36,1.46,5.36,8.2,1.39,4.86,6.9,1.44,5.2,8,,,
SWZ,Super League,2024/2025,30/11/2024,17:00,Basel,Lausanne,1,1,D,1.89,3.81,4,1.93,3.9,4,1.88,3.72,3.72,1.98,3.9,4.1,,,
SWZ,Super League,2024/2025,30/11/2024,17:00,Yverdon,Luzern,0,1,A,3.87,3.84,1.92,3.89,3.87,1.95,3.69,3.74,1.88,4.1,4,1.95,,,
SWZ,Super League,2024/2025,30/11/2024,19:30,Zurich,Grasshoppers,1,1,D,2.22,3.29,3.52,2.36,3.3,3.6,2.19,3.2,3.36,2.26,3.35,3.8,,,
SWZ,Super League,2024/2025,01/12/2024,13:15,Winterthur,Sion,1,3,A,3.23,3.24,2.38,3.32,3.27,2.42,3.09,3.19,2.32,3.3,3.35,2.46,,,
SWZ,Super League,2024/2025,01/12/2024,15:30,Servette,Lugano,3,0,H,1.88,3.8,4.05,1.93,3.84,4.05,1.87,3.67,3.84,1.92,3.85,4.4,,,
SWZ,Super League,2024/2025,01/12/2024,15:30,Young Boys,St. Gallen,3,1,H,1.83,4.02,4.03,1.92,4.05,4.1,1.83,3.87,3.81,1.88,4.1,4.3,,,
SWZ,Super League,2024/2025,07/12/2024,17:00,Grasshoppers,Yverdon,1,1,D,1.6,4.19,5.55,1.63,4.4,5.64,1.58,4.11,5.22,1.64,4.3,5.9,,,
SWZ,Super League,2024/2025,07/12/2024,17:00,Sion,Young Boys,3,1,H,3.37,3.42,2.22,3.45,3.42,2.33,3.22,3.3,2.2,3.55,3.5,2.28,,,
SWZ,Super League,2024/2025,07/12/2024,19:30,Luzern,Lugano,1,4,A,2.57,3.51,2.74,2.62,3.6,2.75,2.51,3.41,2.64,2.68,3.7,2.78,,,
SWZ,Super League,2024/2025,08/12/2024,13:15,Lausanne,Zurich,3,0,H,1.97,3.58,3.96,2.05,3.61,4,1.94,3.46,3.77,2.04,3.6,4.1,,,
SWZ,Super League,2024/2025,08/12/2024,15:30,Servette,Winterthur,1,1,D,1.3,5.83,9.77,1.34,6,9.77,1.3,5.5,8.41,1.33,6.4,10.5,,,
SWZ,Super League,2024/2025,08/12/2024,15:30,St. Gallen,Basel,1,1,D,2.96,3.6,2.37,2.96,3.65,2.4,2.83,3.53,2.31,3,3.8,2.42,,,
SWZ,Super League,2024/2025,14/12/2024,17:00,Winterthur,Luzern,3,4,A,3.57,3.91,1.98,3.6,3.91,2.15,3.42,3.72,1.98,3.6,4,2.06,,,
SWZ,Super League,2024/2025,14/12/2024,17:00,Yverdon,Sion,0,1,A,4.44,3.56,1.87,4.44,3.63,1.91,4.12,3.49,1.86,4.8,3.65,1.91,,,
SWZ,Super League,2024/2025,14/12/2024,19:30,Basel,Grasshoppers,0,1,A,1.61,4,5.84,1.64,4.1,5.84,1.61,3.93,5.25,1.66,4.2,6,,,
SWZ,Super League,2024/2025,15/12/2024,13:15,Young Boys,Servette,2,1,H,2.26,3.63,3.11,2.26,3.7,3.11,2.19,3.5,3.02,2.3,3.7,3.3,,,
SWZ,Super League,2024/2025,15/12/2024,15:30,Lugano,Lausanne,1,4,A,2.24,3.49,3.26,2.31,3.6,3.26,2.21,3.42,3.07,2.34,3.5,3.4,,,
SWZ,Super League,2024/2025,15/12/2024,15:30,Zurich,St. Gallen,0,2,A,2.22,3.49,3.31,2.26,3.5,3.31,2.19,3.41,3.13,2.32,3.55,3.35,,,
SWZ,Super League,2024/2025,18/01/2025,17:00,Sion,Grasshoppers,0,1,A,2.26,3.07,3.68,2.27,3.26,3.68,2.22,3.09,3.42,2.36,3.15,3.7,,,
SWZ,Super League,2024/2025,18/01/2025,17:00,Young Boys,Winterthur,0,0,D,1.28,6.11,9.27,1.31,6.2,10,1.27,5.83,9.04,1.33,6.2,10.5,,,
SWZ,Super League,2024/2025,18/01/2025,19:30,Servette,St. Gallen,1,1,D,1.7,4.22,4.56,1.78,4.22,4.56,1.69,4.06,4.31,1.75,4.3,5,,,
SWZ,Super League,2024/2025,19/01/2025,13:15,Zurich,Yverdon,1,0,H,1.8,3.75,4.55,1.85,3.81,4.87,1.77,3.68,4.31,1.87,3.75,5,,,
SWZ,Super League,2024/2025,19/01/2025,15:30,Lausanne,Luzern,0,0,D,1.87,3.77,4.14,1.9,3.85,4.2,1.84,3.72,3.91,1.92,3.9,4.3,,,
SWZ,Super League,2024/2025,19/01/2025,15:30,Lugano,Basel,2,2,D,2.68,3.52,2.62,2.79,3.59,2.8,2.63,3.41,2.54,2.74,3.6,2.72,,,
SWZ,Super League,2024/2025,25/01/2025,17:00,Grasshoppers,Young Boys,0,0,D,3.38,3.62,2.14,3.45,3.71,2.19,3.28,3.54,2.09,3.55,3.6,2.2,,,
SWZ,Super League,2024/2025,25/01/2025,17:00,Yverdon,Servette,0,0,D,6.28,4.57,1.5,6.5,4.57,1.62,5.89,4.39,1.5,6.8,4.8,1.53,,,
SWZ,Super League,2024/2025,25/01/2025,19:30,Winterthur,Lugano,2,3,A,5.06,4.26,1.64,5.06,4.26,1.69,4.74,4.03,1.64,5.3,4.3,1.7,,,
SWZ,Super League,2024/2025,26/01/2025,13:15,St. Gallen,Lausanne,3,2,H,2.76,3.43,2.6,2.76,3.5,2.6,2.66,3.39,2.52,2.88,3.55,2.62,,,
SWZ,Super League,2024/2025,26/01/2025,15:30,Basel,Sion,4,1,H,1.68,3.9,5.22,1.73,4,5.23,1.68,3.81,4.8,1.7,4.1,5.6,,,
SWZ,Super League,2024/2025,26/01/2025,15:30,Luzern,Zurich,3,1,H,2.19,3.41,3.45,2.21,3.6,3.54,2.14,3.42,3.26,2.24,3.6,3.55,,,
SWZ,Super League,2024/2025,01/02/2025,17:00,Lausanne,Young Boys,1,2,A,2.49,3.48,2.86,2.49,3.48,3.32,2.34,3.39,2.93,2.4,3.6,3.15,,,
SWZ,Super League,2024/2025,01/02/2025,17:00,Lugano,Sion,3,2,H,2.06,3.31,3.97,2.08,3.6,4.4,1.94,3.38,3.95,1.9,3.65,4.6,,,
SWZ,Super League,2024/2025,01/02/2025,19:30,Servette,Grasshoppers,1,1,D,1.59,3.99,6.09,1.62,4.1,6.09,1.58,3.96,5.59,1.63,4.2,6.6,,,
SWZ,Super League,2024/2025,02/02/2025,13:15,Luzern,St. Gallen,2,0,H,2.33,3.62,2.99,2.4,3.7,3.07,2.3,3.56,2.87,2.4,3.75,3.05,,,
SWZ,Super League,2024/2025,02/02/2025,15:30,Yverdon,Winterthur,3,0,H,2.35,3.24,3.28,2.38,3.33,3.53,2.29,3.23,3.11,2.38,3.35,3.35,,,
SWZ,Super League,2024/2025,02/02/2025,15:30,Zurich,Basel,0,1,A,3.68,3.78,1.99,3.81,3.8,2,3.6,3.65,1.95,3.9,3.75,2.06,,,
SWZ,Super League,2024/2025,04/02/2025,19:30,Grasshoppers,Lausanne,2,2,D,3.29,3.35,2.29,3.36,3.4,2.31,3.17,3.28,2.24,3.45,3.4,2.36,,,
SWZ,Super League,2024/2025,04/02/2025,19:30,Sion,Servette,3,3,D,2.86,3.27,2.61,3.26,3.4,2.61,2.83,3.23,2.48,2.92,3.4,2.7,,,
SWZ,Super League,2024/2025,05/02/2025,19:30,St. Gallen,Lugano,2,1,H,2.44,3.34,3.04,2.56,3.6,3.04,2.42,3.31,2.84,2.48,3.5,3.15,,,
SWZ,Super League,2024/2025,05/02/2025,19:30,Young Boys,Yverdon,6,1,H,1.39,5.09,7.77,1.4,6.1,8.08,1.36,4.99,7.38,1.41,5.5,8.8,,,
SWZ,Super League,2024/2025,06/02/2025,19:30,Basel,Luzern,2,1,H,1.76,4.02,4.47,1.76,4.3,4.6,1.71,3.94,4.26,1.78,4.1,4.9,,,
SWZ,Super League,2024/2025,06/02/2025,19:30,Winterthur,Zurich,0,2,A,3.59,3.57,2.08,3.75,3.76,2.08,3.45,3.55,1.99,3.75,3.75,2.12,,,
SWZ,Super League,2024/2025,08/02/2025,17:00,Lausanne,Yverdon,4,1,H,1.38,4.94,8.47,1.39,5.25,8.5,1.36,4.8,7.57,1.41,5.2,9.2,,,
SWZ,Super League,2024/2025,08/02/2025,17:00,Lugano,Grasshoppers,1,1,D,1.88,3.45,4.53,1.95,3.56,4.53,1.88,3.41,4.07,1.98,3.55,4.6,,,
SWZ,Super League,2024/2025,08/02/2025,19:30,Young Boys,Sion,5,1,H,1.73,3.88,4.85,1.76,3.88,4.85,1.72,3.68,4.56,1.79,3.85,5.3,,,
SWZ,Super League,2024/2025,09/02/2025,13:15,Servette,Basel,2,1,H,2.23,3.66,3.15,2.38,3.75,3.15,2.23,3.56,2.91,2.34,3.7,3.2,,,
SWZ,Super League,2024/2025,09/02/2025,15:30,Luzern,Winterthur,3,2,H,1.53,4.31,6.24,1.55,4.5,6.24,1.52,4.24,5.55,1.54,4.7,6.6,,,
SWZ,Super League,2024/2025,09/02/2025,15:30,Zurich,St. Gallen,1,2,A,2.41,3.75,2.8,2.44,3.77,2.97,2.33,3.58,2.74,2.5,3.7,2.9,,,
SWZ,Super League,2024/2025,15/02/2025,17:00,Lugano,Luzern,2,0,H,2.03,3.7,3.6,2.06,3.75,3.91,1.95,3.61,3.56,2.02,3.85,4,,,
SWZ,Super League,2024/2025,15/02/2025,17:00,Sion,Zurich,2,1,H,2.59,3.26,2.9,2.59,3.53,3,2.44,3.3,2.8,2.58,3.45,3,,,
SWZ,Super League,2024/2025,15/02/2025,19:30,Winterthur,Young Boys,1,0,H,7.05,4.85,1.43,7.05,4.85,1.49,6.2,4.53,1.45,7.2,5,1.49,,,
SWZ,Super League,2024/2025,16/02/2025,13:15,Yverdon,St. Gallen,1,0,H,4.12,3.82,1.86,4.15,3.9,1.94,3.9,3.69,1.84,4.4,3.95,1.9,,,
SWZ,Super League,2024/2025,16/02/2025,15:30,Basel,Lausanne,1,1,D,2.08,3.6,3.56,2.09,3.71,3.56,2.03,3.53,3.38,2.1,3.75,3.75,,,
SWZ,Super League,2024/2025,16/02/2025,15:30,Grasshoppers,Servette,1,2,A,3.28,3.42,2.26,3.28,3.6,2.31,3.06,3.36,2.23,3.35,3.55,2.3,,,
SWZ,Super League,2024/2025,22/02/2025,17:00,Lausanne,Grasshoppers,2,2,D,1.71,3.95,4.91,1.75,3.95,5,1.7,3.76,4.66,1.74,4,5.6,,,
SWZ,Super League,2024/2025,22/02/2025,17:00,Zurich,Yverdon,2,1,H,1.57,4.2,5.95,1.68,4.33,6.1,1.57,4.04,5.35,1.63,4.2,6.4,,,
SWZ,Super League,2024/2025,22/02/2025,19:30,St. Gallen,Basel,2,2,D,3.32,3.89,2.08,3.33,3.9,2.12,3.17,3.73,2.05,3.45,3.95,2.16,,,
SWZ,Super League,2024/2025,23/02/2025,13:15,Luzern,Sion,2,1,H,2.19,3.47,3.4,2.26,3.55,3.6,2.12,3.37,3.3,2.26,3.6,3.5,,,
SWZ,Super League,2024/2025,23/02/2025,15:30,Servette,Winterthur,3,1,H,1.4,4.9,7.92,1.44,4.9,7.92,1.39,4.65,7.15,1.43,5.2,8.8,,,
SWZ,Super League,2024/2025,23/02/2025,15:30,Young Boys,Lugano,1,0,H,2.02,3.6,3.74,2.06,3.71,3.74,1.98,3.53,3.54,2.06,3.8,3.9,,,
SWZ,Super League,2024/2025,01/03/2025,17:00,Basel,Sion,2,0,H,1.64,4.2,5.16,1.66,4.37,5.16,1.63,4.03,4.84,1.67,4.3,5.7,,,
SWZ,Super League,2024/2025,01/03/2025,17:00,Winterthur,St. Gallen,4,0,H,5.19,4.2,1.63,5.19,4.34,1.71,4.71,4.09,1.63,5.4,4.5,1.67,,,
SWZ,Super League,2024/2025,01/03/2025,19:30,Lausanne,Servette,0,1,A,2.56,3.44,2.8,2.56,3.5,2.95,2.42,3.38,2.78,2.56,3.55,3,,,
SWZ,Super League,2024/2025,02/03/2025,13:15,Lugano,Zurich,0,3,A,1.95,3.58,4.02,2.01,3.66,4.02,1.93,3.5,3.72,2,3.65,4.2,,,
SWZ,Super League,2024/2025,02/03/2025,15:30,Grasshoppers,Young Boys,1,0,H,3.77,3.67,1.99,3.77,3.67,2.11,3.48,3.45,2.02,3.85,3.75,2.08,,,
SWZ,Super League,2024/2025,02/03/2025,15:30,Yverdon,Luzern,2,2,D,3.2,3.51,2.27,3.2,3.52,2.36,3.07,3.36,2.23,3.35,3.55,2.36,,,
SWZ,Super League,2024/2025,08/03/2025,17:00,Young Boys,Lausanne,3,0,H,2.02,3.74,3.59,2.09,3.75,3.75,1.98,3.64,3.5,2.06,3.7,3.85,,,
SWZ,Super League,2024/2025,08/03/2025,17:00,Yverdon,Winterthur,2,1,H,2.08,3.53,3.62,2.29,3.57,3.62,2.05,3.46,3.44,2.12,3.65,3.8,,,
SWZ,Super League,2024/2025,08/03/2025,19:30,St. Gallen,Grasshoppers,3,1,H,1.84,3.77,4.31,1.95,3.8,4.31,1.85,3.64,3.95,1.9,3.8,4.5,,,
SWZ,Super League,2024/2025,09/03/2025,13:15,Zurich,Servette,1,3,A,2.96,3.32,2.51,2.96,3.5,2.52,2.81,3.4,2.4,3,3.5,2.54,,,
SWZ,Super League,2024/2025,09/03/2025,15:30,Luzern,Basel,1,1,D,3.47,3.9,2.02,3.5,3.9,2.1,3.26,3.73,2.03,3.65,4,2.08,,,
SWZ,Super League,2024/2025,09/03/2025,15:30,Sion,Lugano,2,1,H,3.03,3.3,2.46,3.03,3.32,2.51,2.89,3.24,2.42,3.1,3.35,2.56,,,
SWZ,Super League,2024/2025,15/03/2025,17:00,Servette,Yverdon,2,3,A,1.45,4.67,7.06,1.48,4.7,7.06,1.44,4.53,6.54,1.47,4.9,8.4,,,
SWZ,Super League,2024/2025,15/03/2025,17:00,St. Gallen,Lausanne,0,2,A,2.28,3.47,3.21,2.47,3.5,3.21,2.27,3.39,2.99,2.36,3.65,3.2,,,
SWZ,Super League,2024/2025,15/03/2025,19:30,Zurich,Luzern,3,2,H,2.36,3.47,3.06,2.36,3.59,3.1,2.27,3.46,2.96,2.36,3.65,3.2,,,
SWZ,Super League,2024/2025,16/03/2025,13:15,Grasshoppers,Sion,1,1,D,2.92,3.23,2.58,2.92,3.3,2.58,2.85,3.14,2.51,3,3.35,2.68,,,
SWZ,Super League,2024/2025,16/03/2025,15:30,Basel,Young Boys,1,2,A,2.19,3.72,3.18,2.23,3.77,3.18,2.17,3.61,3.01,2.24,3.8,3.35,,,
SWZ,Super League,2024/2025,16/03/2025,15:30,Lugano,Winterthur,2,1,H,1.34,5.41,8.92,1.37,5.41,8.92,1.34,5.07,7.96,1.37,5.8,9.6,,,
SWZ,Super League,2024/2025,29/03/2025,17:00,Sion,Yverdon,1,1,D,1.93,3.62,4.07,1.96,3.7,4.2,1.9,3.55,3.92,1.98,3.65,4.4,,,
SWZ,Super League,2024/2025,29/03/2025,17:00,Young Boys,St. Gallen,1,0,H,1.67,4.26,4.8,1.7,4.4,5.4,1.65,4.23,4.53,1.71,4.4,5,,,
SWZ,Super League,2024/2025,29/03/2025,19:30,Lugano,Servette,0,2,A,2.43,3.29,3.09,2.43,3.45,3.09,2.34,3.32,2.98,2.44,3.55,3.2,,,
SWZ,Super League,2024/2025,30/03/2025,13:15,Winterthur,Basel,0,2,A,6.14,4.71,1.5,6.75,5.05,1.5,5.76,4.71,1.47,6.6,5.2,1.51,,,
SWZ,Super League,2024/2025,30/03/2025,15:30,Grasshoppers,Zurich,1,2,A,3.19,3.47,2.31,3.19,3.5,2.4,2.96,3.37,2.31,3.2,3.5,2.44,,,
SWZ,Super League,2024/2025,30/03/2025,15:30,Lausanne,Luzern,1,4,A,1.99,3.67,3.78,2.1,3.7,3.78,1.98,3.58,3.59,2.04,3.65,4,,,
SWZ,Super League,2024/2025,01/04/2025,19:30,Servette,Young Boys,0,1,A,2.54,3.37,2.87,2.55,3.55,2.87,2.48,3.38,2.75,2.64,3.55,2.9,,,
SWZ,Super League,2024/2025,01/04/2025,19:30,Yverdon,Lugano,0,2,A,4.69,3.76,1.78,4.7,3.84,1.85,4.35,3.69,1.77,5,3.9,1.83,,,
SWZ,Super League,2024/2025,02/04/2025,19:30,Sion,Winterthur,1,2,A,1.58,4.09,6.04,1.62,4.33,6.04,1.58,4.09,5.38,1.62,4.3,6.4,,,
SWZ,Super League,2024/2025,02/04/2025,19:30,Zurich,Lausanne,2,2,D,2.04,3.59,3.67,2.11,3.6,3.75,2.04,3.48,3.52,2.14,3.55,3.85,,,
SWZ,Super League,2024/2025,03/04/2025,19:30,Basel,Grasshoppers,2,1,H,1.39,4.95,8.13,1.43,5.4,8.13,1.38,4.95,7.52,1.4,5.8,8.2,,,
SWZ,Super League,2024/2025,03/04/2025,19:30,Luzern,St. Gallen,1,1,D,2.42,3.59,2.89,2.42,3.75,3.01,2.34,3.53,2.84,2.48,3.75,3,,,
SWZ,Super League,2024/2025,05/04/2025,17:00,Lausanne,Sion,2,0,H,1.85,3.74,4.32,1.96,3.74,4.33,1.87,3.54,4.08,1.94,3.75,4.5,,,
SWZ,Super League,2024/2025,05/04/2025,17:00,Winterthur,Zurich,0,0,D,4.13,4,1.82,4.7,4.05,1.85,4.07,3.86,1.79,4.4,4.1,1.85,,,
SWZ,Super League,2024/2025,05/04/2025,19:30,Young Boys,Yverdon,1,1,D,1.38,5.12,8.13,1.38,5.2,8.5,1.36,4.96,7.84,1.41,5.3,9.2,,,
SWZ,Super League,2024/2025,06/04/2025,13:15,St. Gallen,Servette,1,0,H,2.56,3.52,2.75,2.8,3.55,2.8,2.53,3.46,2.63,2.64,3.6,2.88,,,
SWZ,Super League,2024/2025,06/04/2025,15:30,Basel,Lugano,2,0,H,2.15,3.65,3.32,2.15,3.7,3.6,2.06,3.58,3.34,2.18,3.75,3.55,,,
SWZ,Super League,2024/2025,06/04/2025,15:30,Grasshoppers,Luzern,3,1,H,2.69,3.4,2.68,3.2,3.46,2.68,2.69,3.32,2.56,2.8,3.55,2.74,,,
SWZ,Super League,2024/2025,12/04/2025,17:00,Winterthur,Lausanne,1,0,H,4.11,3.88,1.85,4.25,3.88,1.89,3.98,3.66,1.85,4.1,3.95,1.94,,,
SWZ,Super League,2024/2025,12/04/2025,17:00,Yverdon,Grasshoppers,1,2,A,2.04,3.43,3.87,2.13,3.45,3.9,2.03,3.33,3.65,2.14,3.4,4,,,
SWZ,Super League,2024/2025,12/04/2025,19:30,Zurich,Basel,0,4,A,2.97,3.76,2.29,2.97,3.85,2.3,2.88,3.63,2.26,3.1,3.85,2.34,,,
SWZ,Super League,2024/2025,13/04/2025,13:15,Lugano,St. Gallen,1,1,D,2.02,3.68,3.66,2.05,3.8,3.66,1.98,3.66,3.48,2.08,3.85,3.8,,,
SWZ,Super League,2024/2025,13/04/2025,15:30,Luzern,Young Boys,5,0,H,3.2,3.62,2.22,3.2,3.65,2.28,3.08,3.48,2.21,3.35,3.7,2.28,,,
SWZ,Super League,2024/2025,13/04/2025,15:30,Sion,Servette,1,1,D,2.62,3.47,2.72,2.75,3.47,2.72,2.58,3.4,2.61,2.66,3.55,2.82,,,
SWZ,Super League,2024/2025,19/04/2025,17:00,Grasshoppers,Winterthur,0,1,A,1.78,3.82,4.62,1.9,3.82,4.62,1.79,3.73,4.23,1.83,3.95,4.8,,,
SWZ,Super League,2024/2025,21/04/2025,15:30,Basel,Yverdon,5,0,H,1.46,5.07,6.21,1.46,5.4,7.5,1.4,5.09,6.36,1.47,5.3,7.2,,,
SWZ,Super League,2024/2025,21/04/2025,15:30,Lausanne,Lugano,2,0,H,2.37,3.42,3.09,2.51,3.5,3.09,2.34,3.38,2.92,2.42,3.6,3.2,,,
SWZ,Super League,2024/2025,21/04/2025,15:30,Servette,Luzern,2,1,H,1.93,3.91,3.73,2.02,3.91,3.73,1.93,3.77,3.57,1.95,4,4,,,
SWZ,Super League,2024/2025,21/04/2025,15:30,St. Gallen,Sion,1,0,H,1.74,4.06,4.53,1.85,4.06,4.53,1.76,3.91,4.17,1.8,4.2,4.7,,,
SWZ,Super League,2024/2025,21/04/2025,15:30,Young Boys,Zurich,2,1,H,1.9,3.95,3.81,1.9,4.1,4.1,1.83,3.89,3.81,1.92,4,4.1,,,
SWZ,Super League,2024/2025,03/05/2025,17:00,Winterthur,Grasshoppers,2,0,H,2.96,3.26,2.54,2.96,3.5,2.55,2.74,3.35,2.49,2.92,3.45,2.66,,,
SWZ,Super League,2024/2025,03/05/2025,19:30,Lausanne,Young Boys,3,2,H,2.38,3.51,2.99,2.43,3.75,2.99,2.37,3.54,2.77,2.52,3.7,3,,,
SWZ,Super League,2024/2025,04/05/2025,13:15,Sion,Zurich,2,1,H,2.07,3.68,3.51,2.11,3.68,3.51,2.06,3.53,3.36,2.16,3.7,3.55,,,
SWZ,Super League,2024/2025,04/05/2025,15:30,Basel,Servette,5,1,H,1.83,4.1,3.97,1.89,4.15,3.97,1.83,4.04,3.69,1.91,4.3,4,,,
SWZ,Super League,2024/2025,04/05/2025,15:30,Luzern,Lugano,0,2,A,2.56,3.7,2.64,2.8,3.7,2.64,2.63,3.57,2.47,2.66,3.7,2.74,,,
SWZ,Super League,2024/2025,06/05/2025,18:00,Yverdon,St. Gallen,1,1,D,2.71,3.3,2.73,2.71,3.6,2.73,2.61,3.43,2.56,2.72,3.55,2.78,,,
SWZ,Super League,2024/2025,10/05/2025,17:00,St. Gallen,Winterthur,1,4,A,1.72,4.25,4.42,1.75,4.25,4.5,1.7,4.1,4.3,1.77,4.3,4.8,,,
SWZ,Super League,2024/2025,10/05/2025,17:00,Yverdon,Sion,1,1,D,2.27,3.33,3.37,2.31,3.4,3.37,2.25,3.27,3.2,2.32,3.5,3.45,,,
SWZ,Super League,2024/2025,10/05/2025,17:00,Zurich,Grasshoppers,3,0,H,2.14,3.62,3.38,2.15,3.7,3.39,2.08,3.63,3.24,2.18,3.7,3.55,,,
SWZ,Super League,2024/2025,10/05/2025,19:30,Lugano,Basel,2,5,A,2.98,4.09,2.18,3.04,4.09,2.25,2.93,3.84,2.17,3.2,4,2.24,,,
SWZ,Super League,2024/2025,11/05/2025,13:15,Luzern,Lausanne,1,1,D,2.44,3.7,2.79,2.47,3.75,2.83,2.4,3.55,2.72,2.48,3.85,2.92,,,
SWZ,Super League,2024/2025,11/05/2025,15:30,Servette,Young Boys,0,0,D,2.52,3.74,2.67,2.55,3.9,2.8,2.38,3.68,2.69,2.56,3.8,2.8,,,
SWZ,Super League,2024/2025,13/05/2025,19:30,Sion,St. Gallen,1,1,D,1.77,3.71,4.82,1.77,3.9,4.82,1.75,3.79,4.43,1.83,4,4.7,,,
SWZ,Super League,2024/2025,13/05/2025,19:30,Zurich,Winterthur,4,1,H,2.49,3.52,2.84,2.49,3.89,3.1,2.26,3.7,2.87,2.34,3.75,3.2,,,
SWZ,Super League,2024/2025,14/05/2025,19:30,Grasshoppers,Yverdon,5,0,H,2.31,3.2,3.4,2.35,3.35,3.4,2.29,3.24,3.15,2.38,3.4,3.4,,,
SWZ,Super League,2024/2025,14/05/2025,19:30,Lausanne,Basel,2,3,A,2.02,3.86,3.48,2.06,3.95,3.48,2,3.87,3.29,2.08,4,3.55,,,
SWZ,Super League,2024/2025,15/05/2025,19:30,Servette,Lugano,4,1,H,2.01,3.73,3.64,2.02,3.85,3.64,1.99,3.74,3.45,2.06,3.9,3.8,,,
SWZ,Super League,2024/2025,15/05/2025,19:30,Young Boys,Luzern,2,1,H,1.64,4.35,4.91,1.64,4.75,4.91,1.61,4.49,4.59,1.69,4.6,5.1,,,
SWZ,Super League,2024/2025,17/05/2025,17:00,St. Gallen,Zurich,3,2,H,2.42,3.88,2.72,2.42,3.9,2.8,2.32,3.82,2.68,2.46,3.9,2.92,,,
SWZ,Super League,2024/2025,17/05/2025,17:00,Winterthur,Yverdon,2,2,D,2.28,3.46,3.22,2.29,3.65,3.22,2.23,3.48,3.05,2.3,3.6,3.35,,,
SWZ,Super League,2024/2025,17/05/2025,19:30,Sion,Grasshoppers,2,1,H,2.5,3.23,3.04,2.55,3.35,3.3,2.4,3.22,3.01,2.46,3.35,3.3,,,
SWZ,Super League,2024/2025,18/05/2025,13:15,Young Boys,Basel,6,2,H,1.84,4.1,3.93,1.96,4.5,3.93,1.89,4.17,3.42,1.87,4.3,3.95,,,
SWZ,Super League,2024/2025,18/05/2025,15:30,Lausanne,Lugano,1,1,D,1.85,3.96,4.03,1.85,4.15,4.55,1.78,3.94,4.08,1.91,4,4.1,,,
SWZ,Super League,2024/2025,18/05/2025,15:30,Luzern,Servette,3,4,A,2.27,3.92,2.92,2.27,4,2.92,2.2,3.92,2.83,2.32,4.1,2.96,,,
SWZ,Super League,2024/2025,22/05/2025,19:30,Grasshoppers,St. Gallen,2,0,H,1.92,3.73,3.81,1.92,4.1,4,1.85,3.9,3.75,1.95,4,4,,,
SWZ,Super League,2024/2025,22/05/2025,19:30,Winterthur,Sion,2,0,H,1.93,3.67,3.82,1.95,3.85,3.95,1.9,3.66,3.78,2,3.85,4,,,
SWZ,Super League,2024/2025,22/05/2025,19:30,Yverdon,Zurich,3,2,H,2.35,3.62,2.83,2.38,3.95,2.83,2.31,3.76,2.74,2.46,3.85,2.92,,,
SWZ,Super League,2024/2025,24/05/2025,17:00,Basel,Luzern,4,0,H,1.74,4.56,3.84,1.83,4.75,3.86,1.74,4.48,3.74,1.79,4.6,4.3,,,
SWZ,Super League,2024/2025,24/05/2025,17:00,Lugano,Young Boys,1,1,D,2.4,4,2.68,2.49,4.01,2.68,2.37,3.92,2.6,2.5,4.1,2.74,,,
SWZ,Super League,2024/2025,24/05/2025,17:00,Servette,Lausanne,3,3,D,1.52,4.7,5.84,1.73,4.75,5.84,1.53,4.56,5.26,1.6,4.8,5.6,,,
SWZ,Super League,2025/2026,25/07/2025,19:30,Zurich,Sion,2,3,A,2.4,3.51,3.02,2.4,3.65,3.05,2.26,3.42,2.86,2.46,3.7,3.05,,,
SWZ,Super League,2025/2026,26/07/2025,17:00,Grasshoppers,Luzern,2,3,A,2.72,3.4,2.69,2.8,3.45,2.69,2.7,3.31,2.43,2.96,3.55,2.56,,,
SWZ,Super League,2025/2026,26/07/2025,17:00,St. Gallen,Basel,2,1,H,4.7,4.32,1.69,4.7,4.33,1.7,4.34,4.06,1.64,4.9,4.6,1.69,,,
SWZ,Super League,2025/2026,26/07/2025,19:30,Young Boys,Servette,3,1,H,1.95,3.93,3.74,1.95,4.2,4.9,1.68,3.95,4.27,1.79,4.2,4.7,,,
SWZ,Super League,2025/2026,27/07/2025,15:00,Lausanne,Winterthur,3,2,H,1.84,4.15,3.98,1.84,4.2,4.75,1.67,4.03,4.28,1.72,4.3,5.1,,,
SWZ,Super League,2025/2026,27/07/2025,15:00,Lugano,Thun,1,2,A,1.77,3.97,4.57,1.95,3.97,4.57,1.86,3.6,3.73,2.02,3.8,4,,,
SWZ,Super League,2025/2026,02/08/2025,17:00,Servette,St. Gallen,1,4,A,1.96,3.76,3.84,1.96,4,3.84,1.85,3.75,3.64,1.93,3.9,4.2,,,
SWZ,Super League,2025/2026,02/08/2025,17:00,Winterthur,Young Boys,1,1,D,5.17,4.14,1.66,5.25,4.3,1.66,4.9,4.12,1.58,5.7,4.4,1.66,,,
SWZ,Super League,2025/2026,02/08/2025,19:30,Basel,Grasshoppers,2,1,H,1.28,6.07,10.46,1.28,6.4,10.46,1.25,5.97,8.86,1.29,6.6,12,,,
SWZ,Super League,2025/2026,03/08/2025,13:00,Thun,Lausanne,2,1,H,2.59,3.71,2.65,2.59,3.71,2.7,2.42,3.55,2.58,2.54,3.75,2.88,,,
SWZ,Super League,2025/2026,03/08/2025,15:30,Luzern,Zurich,1,1,D,2.15,3.78,3.29,2.15,3.85,3.29,2.11,3.57,3.05,2.24,3.7,3.4,,,
SWZ,Super League,2025/2026,03/08/2025,15:30,Sion,Lugano,4,0,H,2.77,3.17,2.8,3.5,3.3,2.8,3.2,3.21,2.19,3.4,3.35,2.34,,,
SWZ,Super League,2025/2026,06/08/2025,19:30,Basel,Young Boys,4,1,H,1.94,4.05,3.65,1.94,4.2,4.33,1.71,4.01,3.83,1.81,4.4,4.4,,,
SWZ,Super League,2025/2026,09/08/2025,17:00,St. Gallen,Winterthur,5,0,H,1.88,3.92,4.02,1.79,3.95,4.33,1.73,3.83,3.97,1.82,4,4.8,,,
SWZ,Super League,2025/2026,09/08/2025,19:30,Luzern,Thun,1,2,A,2.21,3.55,3.34,2.22,3.6,3.4,2.12,3.48,2.98,2.26,3.65,3.35,,,
SWZ,Super League,2025/2026,10/08/2025,13:00,Young Boys,Sion,0,0,D,1.68,4.18,4.99,1.62,4.4,5.25,1.57,4.17,4.84,1.64,4.3,6,,,
SWZ,Super League,2025/2026,10/08/2025,15:30,Lausanne,Zurich,1,2,A,1.91,3.85,3.98,1.93,3.85,3.8,1.87,3.59,3.59,1.95,4,4,,,
SWZ,Super League,2025/2026,10/08/2025,15:30,Lugano,Basel,3,1,H,3.5,3.9,2.03,3.4,3.8,2.05,3.28,3.67,1.94,3.55,3.95,2.08,,,
SWZ,Super League,2025/2026,10/08/2025,15:30,Servette,Grasshoppers,1,1,D,1.76,4.06,4.54,1.79,3.95,4.25,1.74,3.74,3.97,1.85,4,4.6,,,
SWZ,Super League,2025/2026,23/08/2025,17:00,Zurich,Thun,0,4,A,2.11,3.54,3.6,2.28,3.55,3.3,2.2,3.43,2.96,2.36,3.6,3.2,2.2,3.5,3
SWZ,Super League,2025/2026,24/08/2025,13:00,Grasshoppers,Winterthur,2,2,D,2.08,3.53,3.71,2.05,3.6,3.6,2.01,3.46,3.28,2.16,3.6,3.6,2.05,3.5,3.4
SWZ,Super League,2025/2026,24/08/2025,15:30,St. Gallen,Luzern,0,1,A,2.16,3.65,3.37,2.1,3.75,3.5,1.98,3.58,3.23,2.14,3.85,3.55,2,3.6,3.5
SWZ,Super League,2025/2026,30/08/2025,17:00,Thun,Grasshoppers,1,1,D,1.88,3.94,3.98,1.88,3.95,4.2,1.8,3.76,3.82,1.84,4.1,4.5,1.76,3.8,4.1
SWZ,Super League,2025/2026,30/08/2025,17:00,Winterthur,Zurich,1,3,A,3.34,3.68,2.16,3.4,3.85,2.16,3.16,3.59,2.04,3.4,3.75,2.2,3.4,3.7,2.01
SWZ,Super League,2025/2026,30/08/2025,19:30,Sion,Basel,0,1,A,4.04,4.1,1.84,4,3.95,2.1,3.22,3.66,2,3.5,3.75,2.16,3.2,3.7,2.05
SWZ,Super League,2025/2026,31/08/2025,13:00,Lausanne,St. Gallen,1,2,A,2.36,3.6,3.02,2.25,3.75,3.14,2.15,3.48,2.96,2.26,3.65,3.45,2.1,3.5,3.1
SWZ,Super League,2025/2026,31/08/2025,15:30,Servette,Luzern,2,2,D,2.36,3.77,2.9,2.45,3.75,2.7,2.39,3.55,2.58,2.62,3.75,2.82,2.4,3.6,2.57
SWZ,Super League,2025/2026,31/08/2025,15:30,Young Boys,Lugano,3,1,H,1.99,3.68,3.86,2.05,3.9,3.6,1.98,3.61,3.3,2.12,3.75,3.75,1.96,3.6,3.4
SWZ,Super League,2025/2026,13/09/2025,17:00,Thun,Basel,1,3,A,3.51,3.94,2.02,3.25,3.85,2.12,3.04,3.73,2.03,3.35,4,2.14,3.25,3.8,1.96
SWZ,Super League,2025/2026,13/09/2025,17:00,Zurich,Servette,2,1,H,2.34,3.76,2.94,2.5,3.7,3,2.26,3.59,2.73,2.6,3.8,2.72,2.1,3.7,3
SWZ,Super League,2025/2026,13/09/2025,19:30,St. Gallen,Lugano,1,0,H,2.21,3.54,3.35,2.45,3.55,3.05,2.33,3.34,2.78,2.52,3.5,3.05,2.45,3.4,2.57
SWZ,Super League,2025/2026,14/09/2025,13:00,Winterthur,Sion,2,3,A,3.93,3.59,1.99,3.75,3.55,2,3.48,3.43,1.96,3.9,3.55,2.12,3.6,3.5,1.96
SWZ,Super League,2025/2026,14/09/2025,15:30,Grasshoppers,Lausanne,3,1,H,2.82,3.44,2.58,2.83,3.55,2.4,2.74,3.4,2.33,2.94,3.55,2.54,2.82,3.4,2.32
SWZ,Super League,2025/2026,14/09/2025,15:30,Luzern,Young Boys,1,2,A,2.97,3.71,2.34,3,3.65,2.33,2.74,3.51,2.28,2.98,3.7,2.42,2.82,3.5,2.3
SWZ,Super League,2025/2026,17/09/2025,18:00,Lugano,Lausanne,1,1,D,1.87,3.91,4.08,1.91,3.9,4,1.85,3.62,3.7,1.92,3.9,4.1,1.81,3.6,4
SWZ,Super League,2025/2026,17/09/2025,18:00,Sion,Servette,0,2,A,2.35,3.69,2.97,2.35,3.55,2.9,2.29,3.42,2.77,2.4,3.65,3.1,2.3,3.4,2.85
SWZ,Super League,2025/2026,27/09/2025,17:00,Lugano,Grasshoppers,2,1,H,1.73,4.03,4.74,1.67,4.2,5.75,1.58,4.01,4.93,1.67,4.2,5.6,1.49,4.2,5.75
SWZ,Super League,2025/2026,27/09/2025,17:00,Servette,Winterthur,4,0,H,1.47,4.96,6.34,1.5,4.8,6,1.45,4.55,5.63,1.5,5.2,6.6,1.41,4.75,5.75
SWZ,Super League,2025/2026,27/09/2025,19:30,Zurich,St. Gallen,3,1,H,2.6,3.6,2.69,2.62,3.55,2.6,2.48,3.45,2.52,2.72,3.7,2.68,2.5,3.5,2.5
SWZ,Super League,2025/2026,28/09/2025,13:00,Young Boys,Thun,4,2,H,1.83,4.24,3.93,1.83,4.2,3.9,1.78,3.94,3.68,1.94,4.2,3.85,1.71,4.2,3.9
SWZ,Super League,2025/2026,28/09/2025,15:30,Basel,Luzern,1,2,A,1.57,4.65,5.4,1.58,4.75,5.25,1.53,4.3,4.88,1.58,4.8,5.9,1.51,4.33,5
SWZ,Super League,2025/2026,28/09/2025,15:30,Sion,Lausanne,0,0,D,2.17,3.63,3.36,2.2,3.55,3.4,2.12,3.4,3.1,2.22,3.7,3.5,2.1,3.4,3.4
SWZ,Super League,2025/2026,04/10/2025,17:00,Luzern,Sion,3,3,D,2.4,3.44,3.08,2.45,3.45,2.9,2.33,3.32,2.78,2.5,3.55,3.05,2.4,3.4,2.7
SWZ,Super League,2025/2026,04/10/2025,17:00,St. Gallen,Thun,1,2,A,2.39,3.63,2.95,2.3,3.65,2.95,2.23,3.5,2.84,2.38,3.75,3.1,2.3,3.4,2.85
SWZ,Super League,2025/2026,04/10/2025,19:30,Grasshoppers,Zurich,3,0,H,3.32,3.6,2.2,3.7,3.6,2.08,3.31,3.48,1.99,3.85,3.7,2.08,3.7,3.5,1.91
SWZ,Super League,2025/2026,05/10/2025,13:00,Lausanne,Young Boys,5,0,H,3.05,3.86,2.24,3.1,3.8,2.25,2.84,3.67,2.16,3.15,3.9,2.28,3.1,3.7,2.1
SWZ,Super League,2025/2026,05/10/2025,15:30,Servette,Basel,0,3,A,3.11,3.78,2.24,3.1,3.85,2.2,2.9,3.67,2.12,3.1,3.8,2.32,3,3.7,2.15
SWZ,Super League,2025/2026,05/10/2025,15:30,Winterthur,Lugano,2,4,A,4.38,4.1,1.78,4.4,4.1,1.8,4.12,3.77,1.73,4.7,4,1.81,4.33,4.1,1.66
SWZ,Super League,2025/2026,18/10/2025,17:00,Basel,Winterthur,3,0,H,1.26,7.04,9.33,1.27,6.5,9,1.25,6.07,8.36,1.29,7.2,10.5,1.24,6.5,8
SWZ,Super League,2025/2026,18/10/2025,17:00,Thun,Servette,3,1,H,2.37,3.82,2.87,2.45,3.9,2.66,2.37,3.6,2.57,2.56,3.95,2.76,2.4,3.9,2.45
SWZ,Super League,2025/2026,18/10/2025,19:30,Lugano,Zurich,1,0,H,1.86,3.95,4.07,1.91,4.1,4,1.84,3.74,3.63,1.88,4,4.4,1.81,4.1,3.6
SWZ,Super League,2025/2026,19/10/2025,13:00,Grasshoppers,Sion,0,1,A,2.57,3.49,2.79,2.63,3.45,2.63,2.53,3.3,2.56,2.86,3.4,2.72,2.55,3.3,2.55
SWZ,Super League,2025/2026,19/10/2025,15:30,Luzern,Lausanne,2,2,D,2.38,3.73,2.9,2.43,3.9,2.75,2.33,3.57,2.63,2.42,3.85,2.92,2.3,3.9,2.57
SWZ,Super League,2025/2026,19/10/2025,15:30,Young Boys,St. Gallen,1,2,A,1.76,4.14,4.4,1.78,4.1,4.33,1.72,3.93,3.94,1.81,4.2,4.6,1.68,4.1,4.1
SWZ,Super League,2025/2026,25/10/2025,17:00,Sion,Thun,0,1,A,2.25,3.31,3.28,2.2,3.5,3.33,2.13,3.4,3.09,2.26,3.65,3.3,2.1,3.4,3.25
SWZ,Super League,2025/2026,25/10/2025,17:00,St. Gallen,Grasshoppers,5,0,H,1.76,3.99,4.24,1.87,3.9,4,1.82,3.71,3.74,1.93,3.9,4.3,1.81,3.6,4
SWZ,Super League,2025/2026,25/10/2025,19:30,Winterthur,Luzern,2,2,D,3.2,3.87,2.08,3.35,3.9,2.01,3.2,3.67,1.99,3.6,3.95,2.12,3.05,3.9,2.01
SWZ,Super League,2025/2026,26/10/2025,13:00,Zurich,Young Boys,2,3,A,2.68,3.55,2.53,2.55,3.7,2.65,2.47,3.49,2.53,2.68,3.7,2.74,2.45,3.4,2.65
SWZ,Super League,2025/2026,26/10/2025,15:30,Lausanne,Basel,5,1,H,3.49,3.88,1.97,3.2,3.8,2.12,3.01,3.72,2.05,3.3,3.95,2.2,3.05,3.7,2.05
SWZ,Super League,2025/2026,26/10/2025,15:30,Servette,Lugano,2,1,H,2.51,3.53,2.71,2.45,3.8,2.7,2.37,3.52,2.61,2.56,3.75,2.86,2.45,3.5,2.57
SWZ,Super League,2025/2026,28/10/2025,19:30,Sion,St. Gallen,3,2,H,,,,2.57,3.6,2.7,2.42,3.41,2.63,2.58,3.7,2.88,2.57,3.2,2.65
SWZ,Super League,2025/2026,28/10/2025,19:30,Thun,Winterthur,3,0,H,,,,1.48,5.1,6.5,1.41,4.69,6.01,1.47,5.3,7,1.45,4.5,5.75
SWZ,Super League,2025/2026,29/10/2025,19:30,Basel,Zurich,2,0,H,,,,1.53,5,6,1.45,4.66,5.52,1.49,5.3,6.6,1.42,5,5.5
SWZ,Super League,2025/2026,29/10/2025,19:30,Lausanne,Servette,1,3,A,,,,2.25,3.75,2.95,2.19,3.58,2.84,2.28,3.85,3.25,2.15,3.6,2.95
SWZ,Super League,2025/2026,30/10/2025,19:30,Grasshoppers,Young Boys,3,3,D,,,,3,3.6,2.45,2.86,3.46,2.23,3.15,3.75,2.34,2.85,3.6,2.2
SWZ,Super League,2025/2026,30/10/2025,19:30,Lugano,Luzern,2,0,H,,,,1.78,3.9,4.5,1.74,3.75,4.06,1.85,3.95,4.7,1.68,3.9,4.2
SWZ,Super League,2025/2026,01/11/2025,17:00,Thun,Sion,2,1,H,,,,2,3.6,3.7,1.97,3.54,3.37,2.02,3.75,4,1.91,3.6,3.7
SWZ,Super League,2025/2026,01/11/2025,17:00,Winterthur,Servette,4,2,H,,,,5.5,4.25,1.68,4.4,4.01,1.64,4.7,4.3,1.75,4.5,3.9,1.68
SWZ,Super League,2025/2026,01/11/2025,19:30,Zurich,Lausanne,1,2,A,,,,2.25,3.75,2.95,2.18,3.65,2.83,2.4,3.8,3,2.1,3.7,2.95
SWZ,Super League,2025/2026,02/11/2025,15:30,Luzern,Grasshoppers,6,0,H,,,,1.83,4,4.25,1.76,3.76,3.94,1.86,3.95,4.5,1.76,3.9,4
SWZ,Super League,2025/2026,02/11/2025,15:30,Young Boys,Basel,0,0,D,,,,2.6,3.9,2.5,2.44,3.74,2.43,2.66,3.95,2.64,2.45,3.8,2.4
SWZ,Super League,2025/2026,08/11/2025,17:00,Winterthur,Grasshoppers,0,1,A,,,,3.14,3.7,2.25,2.9,3.49,2.18,3.2,3.7,2.34,3.05,3.5,2.15
SWZ,Super League,2025/2026,08/11/2025,17:00,Zurich,Luzern,3,2,H,,,,2.63,3.6,2.63,2.48,3.42,2.56,2.8,3.5,2.68,2.5,3.5,2.57
SWZ,Super League,2025/2026,08/11/2025,19:30,Servette,Thun,0,1,A,,,,1.97,3.9,3.9,1.86,3.73,3.56,1.93,4,4.2,1.79,3.9,3.75
SWZ,Super League,2025/2026,09/11/2025,13:00,Basel,Lugano,0,1,A,,,,1.8,4.1,4.2,1.73,3.93,3.9,1.78,4.3,4.7,1.68,4.1,4.2
SWZ,Super League,2025/2026,09/11/2025,15:30,Lausanne,Sion,2,2,D,,,,2.05,3.7,3.5,1.98,3.6,3.3,2.06,3.8,3.8,1.91,3.6,3.5
SWZ,Super League,2025/2026,09/11/2025,15:30,St. Gallen,Young Boys,1,4,A,,,,2.3,3.7,2.88,2.23,3.6,2.77,2.4,3.85,3,2.2,3.6,2.85
SWZ,Super League,2025/2026,22/11/2025,17:00,Luzern,Servette,2,2,D,,,,2.5,3.5,2.8,2.4,3.35,2.67,2.58,3.55,2.94,2.35,3.5,2.7
SWZ,Super League,2025/2026,22/11/2025,17:00,Young Boys,Winterthur,5,0,H,,,,1.37,6,7.5,1.32,5.39,6.93,1.35,6.4,8.8,1.3,6,7
SWZ,Super League,2025/2026,22/11/2025,19:30,Thun,Lugano,0,1,A,,,,2.5,3.6,2.75,2.36,3.51,2.64,2.64,3.65,2.82,2.25,3.6,2.75
SWZ,Super League,2025/2026,23/11/2025,13:00,Sion,Zurich,2,2,D,,,,2.1,3.5,3.7,2.04,3.39,3.32,2.12,3.7,3.8,1.96,3.5,3.7
SWZ,Super League,2025/2026,23/11/2025,15:30,Grasshoppers,Basel,1,1,D,,,,5,3.9,1.71,4.45,3.82,1.67,5.3,4.1,1.72,5,3.8,1.62
SWZ,Super League,2025/2026,23/11/2025,15:30,St. Gallen,Lausanne,1,0,H,,,,2.55,3.6,2.71,2.42,3.43,2.61,2.56,3.65,2.86,2.5,3.4,2.57
SWZ,Super League,2025/2026,26/11/2025,18:00,Lugano,St. Gallen,1,3,A,,,,1.9,3.66,4.1,1.85,3.56,3.74,1.97,3.8,4.3,1.81,3.6,4.1
SWZ,Super League,2025/2026,29/11/2025,17:00,Lugano,Sion,1,1,D,,,,2.3,3.3,3.25,2.22,3.18,3.08,2.34,3.4,3.4,2.15,3.25,3.25
SWZ,Super League,2025/2026,29/11/2025,17:00,Zurich,Grasshoppers,1,0,H,,,,2.02,3.75,3.5,1.97,3.55,3.37,2.08,3.75,3.8,1.96,3.6,3.5
SWZ,Super League,2025/2026,29/11/2025,19:30,Luzern,Winterthur,1,3,A,,,,1.46,5,7.75,1.39,4.63,6.58,1.45,5.5,7.4,1.37,4.75,7.5
SWZ,Super League,2025/2026,30/11/2025,13:00,Servette,Young Boys,4,4,D,,,,2.62,3.7,2.5,2.54,3.49,2.45,2.74,3.85,2.62,2.55,3.5,2.45
SWZ,Super League,2025/2026,30/11/2025,15:30,Basel,St. Gallen,0,0,D,,,,1.56,4.75,5.5,1.51,4.4,5,1.57,4.8,5.9,1.49,4.5,5.5
SWZ,Super League,2025/2026,30/11/2025,15:30,Lausanne,Thun,2,1,H,,,,2.2,3.9,2.95,2.13,3.79,2.82,2.26,4,3.05,2.15,3.9,2.75
SWZ,Super League,2025/2026,06/12/2025,17:00,Grasshoppers,Servette,0,1,A,,,,3.3,3.6,2.15,3.14,3.51,2.06,3.45,3.8,2.16,3.25,3.6,2.01
SWZ,Super League,2025/2026,06/12/2025,17:00,Thun,Luzern,4,1,H,,,,2.25,3.6,3.2,2.15,3.45,3.02,2.3,3.65,3.3,2.1,3.5,3.2
SWZ,Super League,2025/2026,06/12/2025,19:30,St. Gallen,Zurich,1,2,A,,,,1.88,3.9,4.33,1.8,3.73,3.82,1.88,4,4.3,1.76,3.7,4.33
SWZ,Super League,2025/2026,07/12/2025,13:00,Winterthur,Basel,1,2,A,,,,8.2,5.5,1.38,6.67,5.06,1.35,8.2,5.6,1.4,7,5,1.33
SWZ,Super League,2025/2026,07/12/2025,15:30,Lausanne,Lugano,0,0,D,,,,2.65,3.75,2.48,2.55,3.57,2.4,2.74,3.85,2.54,2.57,3.7,2.4
SWZ,Super League,2025/2026,07/12/2025,15:30,Sion,Young Boys,2,0,H,,,,2.6,3.6,2.62,2.49,3.45,2.52,2.68,3.7,2.72,2.4,3.6,2.57
SWZ,Super League,2025/2026,13/12/2025,17:00,Sion,Grasshoppers,1,0,H,,,,1.72,4,5,1.68,3.72,4.4,1.74,4.1,5.3,1.66,3.8,4.75
SWZ,Super League,2025/2026,13/12/2025,17:00,Zurich,Winterthur,2,2,D,,,,1.62,4.5,5.1,1.55,4.25,4.82,1.6,4.8,5.7,1.56,4.5,4.75
SWZ,Super League,2025/2026,13/12/2025,19:30,Thun,St. Gallen,0,2,A,,,,2.05,3.7,3.5,1.99,3.54,3.29,2.14,3.75,3.7,2.05,3.4,3.4
SWZ,Super League,2025/2026,14/12/2025,13:00,Young Boys,Luzern,2,0,H,,,,1.78,4.33,4.33,1.69,4.07,4.04,1.76,4.4,4.6,1.62,4.33,4.2
SWZ,Super League,2025/2026,14/12/2025,15:30,Basel,Lausanne,0,0,D,,,,1.81,4.2,4.33,1.74,3.88,3.92,1.85,4,4.4,1.68,3.9,4.33
SWZ,Super League,2025/2026,14/12/2025,15:30,Lugano,Servette,4,2,H,,,,2.15,3.5,3.25,2.11,3.4,3.12,2.2,3.7,3.55,2.1,3.3,3.25
SWZ,Super League,2025/2026,17/12/2025,19:30,Luzern,Basel,1,2,A,,,,3.75,4.2,1.9,3.63,3.89,1.8,4.1,4.3,1.88,3.7,4.2,1.79
SWZ,Super League,2025/2026,17/12/2025,19:30,Young Boys,Grasshoppers,2,6,A,,,,1.57,4.35,5.8,1.53,4.19,5.09,1.58,4.7,6,1.51,4.33,5.25
SWZ,Super League,2025/2026,17/12/2025,19:30,Zurich,Lugano,0,1,A,,,,2.75,3.75,2.4,2.69,3.52,2.32,2.92,3.85,2.46,2.7,3.75,2.25
SWZ,Super League,2025/2026,16/12/2025,19:30,St. Gallen,Sion,3,1,H,,,,2.3,3.5,3,2.25,3.38,2.87,2.44,3.65,3.05,2.25,3.5,2.95
SWZ,Super League,2025/2026,16/12/2025,19:30,Winterthur,Thun,1,4,A,,,,4.33,4.4,1.7,4.23,4.05,1.66,4.6,4.7,1.74,4.33,4.2,1.62
SWZ,Super League,2025/2026,20/12/2025,17:00,Thun,Zurich,4,2,H,,,,1.81,4,4.1,1.75,3.85,3.87,1.87,4.1,4.4,1.71,4,4
SWZ,Super League,2025/2026,20/12/2025,19:30,Basel,Servette,1,1,D,,,,1.7,4.2,4.5,1.64,3.96,4.34,1.72,4.4,5,1.62,4,4.33
SWZ,Super League,2025/2026,21/12/2025,13:00,Lausanne,Luzern,0,4,A,,,,2.15,3.75,3.1,2.1,3.65,2.96,2.26,4,3.15,2.15,3.75,2.95
SWZ,Super League,2025/2026,21/12/2025,15:30,Grasshoppers,St. Gallen,1,2,A,,,,2.8,3.5,2.45,2.72,3.41,2.34,2.92,3.7,2.54,2.7,3.5,2.35
SWZ,Super League,2025/2026,21/12/2025,15:30,Lugano,Young Boys,3,0,H,,,,2.1,3.7,3.5,2.03,3.53,3.19,2.14,3.8,3.6,2.01,3.7,3.25
SWZ,Super League,2025/2026,14/01/2026,19:30,Servette,Lausanne,0,1,A,,,,2,3.7,4.2,1.87,3.52,3.69,1.94,3.8,4.3,1.79,3.7,4.1
SWZ,Super League,2025/2026,14/01/2026,19:30,Sion,Winterthur,2,0,H,,,,1.36,5.25,9,1.32,4.98,7.88,1.37,5.8,9.6,1.3,5.25,8.5
SWZ,Super League,2025/2026,17/01/2026,17:00,Luzern,Lugano,2,5,A,,,,2.71,3.45,2.57,2.63,3.31,2.46,2.8,3.6,2.7,2.7,3.25,2.5
SWZ,Super League,2025/2026,17/01/2026,19:30,Young Boys,Lausanne,1,3,A,,,,2.15,3.5,3.55,2.08,3.41,3.18,2.14,3.65,3.65,2.15,3.3,3.3
SWZ,Super League,2025/2026,18/01/2026,13:00,Servette,Zurich,1,1,D,,,,1.7,4,5,1.66,3.82,4.5,1.71,4.3,5.2,1.61,3.8,5
SWZ,Super League,2025/2026,18/01/2026,15:30,Basel,Sion,1,1,D,,,,1.86,3.8,5.1,1.78,3.66,4.01,1.94,3.8,4.3,1.86,3.7,3.8
SWZ,Super League,2025/2026,18/01/2026,15:30,Grasshoppers,Thun,1,3,A,,,,3.1,3.5,2.33,2.91,3.35,2.24,3.15,3.6,2.38,3.1,3.25,2.3
SWZ,Super League,2025/2026,24/01/2026,17:00,Lausanne,Grasshoppers,1,1,D,,,,1.81,3.8,4.75,1.75,3.61,4.22,1.82,4,4.8,1.76,3.6,4.2
SWZ,Super League,2025/2026,24/01/2026,17:00,Lugano,Winterthur,4,1,H,,,,1.33,5.66,9,1.3,5.22,8.34,1.35,6,10,1.3,5.25,9
SWZ,Super League,2025/2026,24/01/2026,19:30,Sion,Luzern,1,1,D,,,,2,3.7,3.6,1.95,3.54,3.47,2.08,3.85,3.8,1.96,3.7,3.5
SWZ,Super League,2025/2026,25/01/2026,13:00,Thun,Young Boys,4,1,H,,,,1.91,4,3.8,1.86,3.8,3.56,1.96,4.1,3.9,1.81,3.9,3.8
SWZ,Super League,2025/2026,25/01/2026,15:30,St. Gallen,Servette,2,4,A,,,,2.32,3.6,3.1,2.23,3.4,2.94,2.4,3.6,3.15,2.15,3.6,3.1
SWZ,Super League,2025/2026,25/01/2026,15:30,Zurich,Basel,3,4,A,,,,3.6,3.8,2,3.42,3.66,1.93,3.75,4,2.02,3.6,3.8,1.86
SWZ,Super League,2025/2026,31/01/2026,17:00,Servette,Sion,3,3,D,,,,2.08,3.5,3.75,1.98,3.37,3.55,2.1,3.6,3.9,1.91,3.5,3.75
SWZ,Super League,2025/2026,31/01/2026,17:00,Winterthur,Lausanne,2,1,H,,,,4.75,4.25,1.71,4.59,3.94,1.64,4.9,4.3,1.74,4.5,3.9,1.66
SWZ,Super League,2025/2026,31/01/2026,19:30,Grasshoppers,Lugano,1,1,D,,,,3.55,3.6,2.01,3.39,3.5,1.99,3.65,3.8,2.1,3.4,3.6,2.01
SWZ,Super League,2025/2026,01/02/2026,13:00,Luzern,St. Gallen,2,2,D,,,,2.45,3.75,2.75,2.35,3.54,2.65,2.5,3.9,2.82,2.35,3.75,2.55
SWZ,Super League,2025/2026,01/02/2026,15:30,Basel,Thun,1,2,A,,,,2.42,3.8,2.88,2.32,3.53,2.71,2.5,3.75,2.88,2.3,3.8,2.65
SWZ,Super League,2025/2026,01/02/2026,15:30,Young Boys,Zurich,3,0,H,,,,1.58,4.75,5.66,1.52,4.34,5.17,1.55,4.9,6.2,1.46,4.75,5.5
SWZ,Super League,2025/2026,07/02/2026,17:00,Sion,Luzern,0,0,D,,,,2.3,3.5,3.2,2.19,3.41,2.94,2.36,3.6,3.2,2.2,3.5,3
SWZ,Super League,2025/2026,07/02/2026,17:00,Winterthur,Lugano,1,1,D,,,,5.4,4.5,1.64,4.71,4.17,1.57,5.4,4.9,1.61,5.25,4.2,1.53
SWZ,Super League,2025/2026,07/02/2026,19:30,Grasshoppers,Young Boys,1,1,D,,,,4.2,3.8,1.84,3.84,3.73,1.78,4.3,4.1,1.88,4.2,3.8,1.71
SWZ,Super League,2025/2026,08/02/2026,13:00,Servette,Thun,1,3,A,,,,2.17,3.8,3.3,2.08,3.5,3.08,2.22,3.9,3.35,1.96,3.8,3.3
SWZ,Super League,2025/2026,08/02/2026,15:30,Basel,Zurich,2,1,H,,,,1.52,4.75,5.75,1.48,4.46,5.33,1.54,5.1,6,1.45,4.75,5.5
SWZ,Super League,2025/2026,08/02/2026,15:30,Lausanne,St. Gallen,1,1,D,,,,2.1,3.6,3.5,2.07,3.41,3.21,2.18,3.7,3.55,2.1,3.4,3.4
SWZ,Super League,2025/2026,10/02/2026,19:30,Luzern,Grasshoppers,4,3,H,,,,1.8,4,4.2,1.74,3.83,4.02,1.84,4.1,4.5,1.68,4,4.2
SWZ,Super League,2025/2026,11/02/2026,19:30,Lugano,Servette,1,1,D,,,,2.35,3.4,3.4,2.23,3.2,3.1,2.44,3.4,3.35,2.25,3,3.4
SWZ,Super League,2025/2026,11/02/2026,19:30,St. Gallen,Young Boys,2,1,H,,,,2.02,3.8,3.5,1.93,3.77,3.32,2,4.1,3.7,1.86,3.8,3.5
SWZ,Super League,2025/2026,11/02/2026,19:30,Zurich,Winterthur,3,0,H,,,,2,4,3.7,1.9,3.71,3.48,1.97,4.1,3.9,1.86,3.7,3.7
SWZ,Super League,2025/2026,12/02/2026,19:30,Sion,Basel,2,0,H,,,,2.43,3.5,3.2,2.27,3.37,2.9,2.4,3.5,3.25,2.2,3.4,3
SWZ,Super League,2025/2026,12/02/2026,19:30,Thun,Lausanne,5,1,H,,,,1.9,3.8,4,1.83,3.69,3.73,1.95,4,4.1,1.81,3.75,3.7
SWZ,Super League,2025/2026,14/02/2026,17:00,St. Gallen,Grasshoppers,0,0,D,,,,1.55,4.75,5.5,1.51,4.34,5.19,1.57,4.8,6,1.45,4.75,5.5
SWZ,Super League,2025/2026,14/02/2026,17:00,Zurich,Luzern,1,4,A,,,,3,3.5,2.38,2.9,3.36,2.24,3.2,3.7,2.28,3,3.4,2.2
SWZ,Super League,2025/2026,14/02/2026,19:30,Young Boys,Winterthur,6,1,H,,,,1.33,6,8,1.3,5.37,7.51,1.35,6.4,9.4,1.3,5.5,7.5
SWZ,Super League,2025/2026,15/02/2026,13:00,Thun,Sion,1,0,H,,,,1.85,3.8,4.2,1.77,3.69,3.96,1.86,4.1,4.4,1.76,3.8,4.1
SWZ,Super League,2025/2026,15/02/2026,15:30,Basel,Lugano,1,1,D,,,,2.38,3.6,2.85,2.31,3.51,2.7,2.54,3.75,2.86,2.35,3.6,2.65
SWZ,Super League,2025/2026,15/02/2026,15:30,Lausanne,Servette,3,3,D,,,,2.63,3.5,2.7,2.48,3.34,2.57,2.78,3.55,2.7,2.5,3.4,2.57
SWZ,Super League,2025/2026,18/02/2026,18:00,Winterthur,St. Gallen,1,5,A,,,,5.1,4.33,1.63,4.64,4.14,1.6,5.2,4.6,1.67,4.75,4.33,1.57
SWZ,Super League,2025/2026,21/02/2026,17:00,Servette,St. Gallen,1,1,D,,,,2.2,3.7,3,2.15,3.52,2.97,2.28,3.75,3.25,2.1,3.7,3
SWZ,Super League,2025/2026,21/02/2026,19:30,Grasshoppers,Zurich,1,2,A,,,,2.6,3.35,2.71,2.52,3.25,2.65,2.7,3.5,2.86,2.55,3.3,2.65
SWZ,Super League,2025/2026,22/02/2026,13:00,Sion,Young Boys,3,1,H,,,,2.55,3.6,2.8,2.36,3.46,2.69,2.5,3.8,2.88,2.55,3.5,2.55
SWZ,Super League,2025/2026,22/02/2026,15:30,Lugano,Lausanne,2,1,H,,,,1.91,3.8,4.2,1.82,3.6,3.87,1.95,3.8,4.2,1.81,3.6,4
SWZ,Super League,2025/2026,22/02/2026,15:30,Luzern,Basel,4,2,H,,,,2.3,3.8,2.83,2.24,3.68,2.73,2.36,4,2.94,2.2,3.75,2.82
SWZ,Super League,2025/2026,25/02/2026,18:00,Winterthur,Thun,0,3,A,,,,7,5,1.48,5.98,4.66,1.42,6.6,5.2,1.52,6.25,4.75,1.42
SWZ,Super League,2025/2026,28/02/2026,17:00,St. Gallen,Winterthur,2,1,H,,,,1.25,7,13,1.21,6.2,9.95,1.26,7,13.5,1.19,7,10
SWZ,Super League,2025/2026,28/02/2026,17:00,Thun,Luzern,2,1,H,,,,1.85,4.2,4,1.78,3.92,3.67,1.94,4.2,3.9,1.79,3.9,3.8
SWZ,Super League,2025/2026,28/02/2026,19:30,Servette,Sion,0,0,D,,,,2.05,3.4,3.75,2,3.28,3.5,2.14,3.45,3.95,1.96,3.4,3.7
SWZ,Super League,2025/2026,01/03/2026,13:00,Lausanne,Basel,1,2,A,,,,2.48,3.7,2.66,2.36,3.56,2.6,2.48,3.9,2.84,2.32,3.7,2.65
SWZ,Super League,2025/2026,01/03/2026,15:30,Grasshoppers,Lugano,1,0,H,,,,3.3,3.4,2.2,3.18,3.26,2.13,3.45,3.5,2.3,3.25,3.3,2.15
SWZ,Super League,2025/2026,01/03/2026,15:30,Young Boys,Zurich,3,0,H,,,,1.58,4.5,5.2,1.54,4.25,4.78,1.6,4.9,5.7,1.53,4.33,5
SWZ,Super League,2025/2026,03/03/2026,19:30,Winterthur,Servette,1,1,D,,,,4.5,4,1.75,4.14,3.85,1.71,4.5,4.2,1.84,4.1,3.9,1.71
SWZ,Super League,2025/2026,04/03/2026,19:30,Lugano,Sion,2,1,H,,,,2.2,3.6,3.5,2.05,3.39,3.27,2.2,3.65,3.55,2.05,3.3,3.5
SWZ,Super League,2025/2026,04/03/2026,19:30,Luzern,Young Boys,1,2,A,,,,2.2,3.8,3.1,2.11,3.73,2.88,2.28,4,3.15,2.05,3.75,3
SWZ,Super League,2025/2026,04/03/2026,19:30,Zurich,Lausanne,1,2,A,,,,3.8,3.8,1.91,3.63,3.7,1.84,4.1,4,1.94,3.7,3.8,1.81
SWZ,Super League,2025/2026,05/03/2026,19:30,Basel,Grasshoppers,1,0,H,,,,1.77,3.75,4.5,1.71,3.67,4.37,1.83,4,4.8,1.68,3.75,4.5
SWZ,Super League,2025/2026,05/03/2026,19:30,Thun,St. Gallen,2,2,D,,,,1.9,4,3.75,1.86,3.83,3.46,1.96,4.2,3.85,1.81,4,3.6
SWZ,Super League,2025/2026,07/03/2026,17:00,Servette,Zurich,2,1,H,,,,1.6,4.33,5.8,1.53,4.13,5.22,1.59,4.6,6.2,1.49,4.33,5.75
SWZ,Super League,2025/2026,07/03/2026,17:00,Sion,Winterthur,1,1,D,,,,1.3,5.66,10.5,1.27,5.4,9.02,1.33,6.2,10.5,1.25,5.25,10
SWZ,Super League,2025/2026,07/03/2026,19:30,Lugano,Luzern,1,3,A,,,,2.15,3.65,3.55,2.08,3.52,3.09,2.24,3.85,3.35,2.1,3.6,3.1
SWZ,Super League,2025/2026,08/03/2026,13:00,St. Gallen,Basel,3,0,H,,,,2.02,3.8,3.7,1.95,3.72,3.28,2.04,4,3.7,1.86,3.7,3.7
SWZ,Super League,2025/2026,08/03/2026,15:30,Grasshoppers,Lausanne,2,3,A,,,,2.71,3.4,2.57,2.61,3.3,2.48,2.82,3.55,2.66,2.57,3.4,2.5
SWZ,Super League,2025/2026,08/03/2026,15:30,Young Boys,Thun,1,2,A,,,,2.25,3.9,2.9,2.14,3.77,2.8,2.2,4.1,3.2,2.1,3.8,2.85
SWZ,Super League,2025/2026,14/03/2026,17:00,Thun,Grasshoppers,5,1,H,,,,1.55,4.33,6.5,1.5,4.07,5.67,1.55,4.6,6.8,1.49,3.9,6.25
SWZ,Super League,2025/2026,14/03/2026,17:00,Zurich,Sion,1,2,A,,,,3.6,3.8,1.96,3.42,3.63,1.92,3.8,3.9,2.04,3.5,3.75,1.91
SWZ,Super League,2025/2026,15/03/2026,13:00,Lausanne,Young Boys,0,2,A,,,,2.3,3.85,2.9,2.23,3.68,2.72,2.42,3.95,2.9,2.2,3.8,2.75
SWZ,Super League,2025/2026,15/03/2026,15:30,Basel,Servette,3,1,H,,,,2.2,3.75,3,2.16,3.59,2.89,2.28,3.9,3.2,2.2,3.75,2.82
SWZ,Super League,2025/2026,15/03/2026,15:30,Luzern,Winterthur,1,2,A,,,,1.32,5.75,9,1.29,5.55,7.67,1.35,6.4,8.8,1.27,5.5,8
SWZ,Super League,2025/2026,17/03/2026,18:00,St. Gallen,Lugano,1,1,D,,,,2.01,3.6,3.6,1.97,3.5,3.36,2.1,3.75,3.7,2.01,3.5,3.4
SWZ,Super League,2025/2026,21/03/2026,17:00,Servette,Grasshoppers,5,0,H,,,,1.83,3.75,4.5,1.76,3.57,4.17,1.89,3.75,4.6,1.76,3.5,4.5
SWZ,Super League,2025/2026,21/03/2026,17:00,Zurich,Thun,2,1,H,,,,6,4.2,1.6,5.06,4.11,1.55,6,4.6,1.61,5.5,4.1,1.53
SWZ,Super League,2025/2026,21/03/2026,19:30,Sion,St. Gallen,1,1,D,,,,2.28,3.5,3.1,2.22,3.43,2.91,2.38,3.6,3.2,2.2,3.5,3
SWZ,Super League,2025/2026,22/03/2026,13:00,Winterthur,Basel,0,2,A,,,,4.25,4.1,1.75,4.05,3.99,1.7,4.5,4.3,1.8,4.2,4.1,1.68
SWZ,Super League,2025/2026,22/03/2026,15:30,Luzern,Lausanne,4,0,H,,,,1.86,4.1,4.1,1.74,3.99,3.79,1.83,4.4,4.3,1.68,4.1,4.1
SWZ,Super League,2025/2026,22/03/2026,15:30,Young Boys,Lugano,1,1,D,,,,1.93,3.9,3.9,1.83,3.73,3.64,1.9,4,4.2,1.76,3.9,3.9
SWZ,Super League,2025/2026,04/04/2026,17:00,Lausanne,Winterthur,2,1,H,,,,1.51,4.6,6.25,1.46,4.43,5.49,1.57,4.7,6.2,1.49,4.2,6.25
SWZ,Super League,2025/2026,04/04/2026,17:00,Lugano,Thun,1,0,H,,,,2.57,3.65,2.57,2.49,3.51,2.46,2.68,3.8,2.66,2.5,3.6,2.45
SWZ,Super League,2025/2026,04/04/2026,19:30,Basel,Young Boys,3,3,D,,,,2.25,3.8,3,2.16,3.62,2.84,2.32,3.85,3.15,2.1,3.7,3
SWZ,Super League,2025/2026,06/04/2026,13:00,Grasshoppers,Sion,0,4,A,,,,3.1,3.6,2.35,2.89,3.4,2.21,3.3,3.6,2.34,2.85,3.3,2.1
SWZ,Super League,2025/2026,06/04/2026,15:30,Servette,Luzern,3,0,H,,,,2.15,3.8,3.2,2.06,3.7,2.99,2.2,4,3.2,2.05,3.8,3
SWZ,Super League,2025/2026,06/04/2026,15:30,St. Gallen,Zurich,2,1,H,,,,1.5,4.8,6,1.45,4.61,5.44,1.5,5.2,6.6,1.45,4.75,5.75
SWZ,Super League,2025/2026,11/04/2026,17:00,Winterthur,Grasshoppers,0,2,A,,,,67,11,2.5,7.62,4.04,2.27,2.8,3.6,2.62,2.55,3.5,2.5
SWZ,Super League,2025/2026,11/04/2026,17:00,Zurich,Lugano,0,1,A,,,,3.75,4,2.1,3.56,3.73,1.87,4,4,1.95,3.7,3.9,1.81
SWZ,Super League,2025/2026,12/04/2026,15:30,Luzern,St. Gallen,2,2,D,,,,2.25,4,3.33,2,3.85,3.1,2.1,4.2,3.35,1.96,4,3.2
SWZ,Super League,2025/2026,12/04/2026,15:30,Sion,Lausanne,3,0,H,,,,2.1,3.6,4.33,1.87,3.42,3.88,1.92,3.7,4.4,1.81,3.4,4.33
SWZ,Super League,2025/2026,12/04/2026,15:30,Young Boys,Servette,1,1,D,,,,7.5,3.85,21,2.44,3.51,4.5,2.14,3.9,3.4,1.96,3.8,3.3
SWZ,Super League,2025/2026,18/04/2026,19:30,Thun,Basel,3,1,H,,,,1.83,4.2,3.9,1.77,4.01,3.66,,,,1.71,4.1,3.9
SWZ,Super League,2025/2026,25/04/2026,17:00,Grasshoppers,Luzern,1,2,A,,,,4,4,1.92,3.64,3.77,1.82,,,,3.6,4,1.81
SWZ,Super League,2025/2026,25/04/2026,17:00,Lausanne,Zurich,3,0,H,,,,1.73,4.2,4.2,1.69,3.95,4.01,,,,1.61,3.8,4
SWZ,Super League,2025/2026,25/04/2026,19:30,Thun,Lugano,0,1,A,,,,2,3.8,3.45,1.92,3.67,3.31,,,,1.86,3.5,3.3
SWZ,Super League,2025/2026,26/04/2026,13:00,Basel,Sion,0,2,A,,,,2.8,3.7,2.5,2.68,3.45,2.33,,,,2.7,3.7,2.25
SWZ,Super League,2025/2026,26/04/2026,15:30,Servette,Winterthur,5,3,H,,,,1.44,5.25,7,1.39,4.82,6.14,,,,1.41,5.25,5.75
SWZ,Super League,2025/2026,26/04/2026,15:30,Young Boys,St. Gallen,1,2,A,,,,1.9,4.33,3.5,1.84,3.99,3.36,,,,1.81,4.2,3.3
SWZ,Super League,2025/2026,02/05/2026,17:00,Lausanne,Luzern,1,3,A,,,,2.62,3.8,2.6,2.47,3.66,2.42,,,,2.55,3.75,2.35
SWZ,Super League,2025/2026,02/05/2026,17:00,Winterthur,Zurich,2,2,D,,,,2.35,3.8,2.8,2.28,3.57,2.67,,,,2.32,3.6,2.65
SWZ,Super League,2025/2026,02/05/2026,19:30,Basel,Thun,3,1,H,,,,2.75,3.9,2.45,2.58,3.64,2.33,,,,2.75,3.6,2.25
SWZ,Super League,2025/2026,03/05/2026,13:00,St. Gallen,Sion,0,3,A,,,,2.25,3.8,3,2.17,3.59,2.8,,,,2.1,3.5,2.7
SWZ,Super League,2025/2026,03/05/2026,15:30,Grasshoppers,Servette,0,2,A,,,,3.1,3.7,2.28,2.87,3.52,2.18,,,,2.82,3.7,2.2
SWZ,Super League,2025/2026,03/05/2026,15:30,Lugano,Young Boys,1,0,H,,,,2.3,4,3.2,2.06,3.7,3.01,,,,2.01,3.9,3.1
SWZ,Super League,2025/2026,09/05/2026,17:00,Winterthur,Lausanne,2,1,H,,,,2.75,3.7,2.5,2.53,3.57,2.4,2.66,3.85,2.64,2.5,3.6,2.5
SWZ,Super League,2025/2026,09/05/2026,17:00,Zurich,Grasshoppers,2,1,H,,,,2.71,3.5,2.75,2.52,3.33,2.54,2.78,3.45,2.74,2.65,3.4,2.45
SWZ,Super League,2025/2026,09/05/2026,19:30,Luzern,Servette,3,3,D,,,,2.25,3.8,3.05,2.14,3.64,2.85,2.32,3.95,3.1,2.15,3.8,2.85
SWZ,Super League,2025/2026,10/05/2026,13:00,Lugano,St. Gallen,1,2,A,,,,2.25,3.7,3,2.17,3.54,2.87,2.3,3.8,3.2,2.15,3.7,2.85
SWZ,Super League,2025/2026,10/05/2026,15:30,Sion,Thun,2,0,H,,,,1.56,4.5,5.66,1.51,4.29,5.17,1.58,4.7,6,1.49,4.5,5.25
SWZ,Super League,2025/2026,10/05/2026,15:30,Young Boys,Basel,3,0,H,,,,1.93,4.33,3.75,1.8,4.08,3.46,1.85,4.5,3.9,1.76,4.33,3.6
SWZ,Super League,2025/2026,12/05/2026,19:30,Grasshoppers,Winterthur,3,2,H,,,,2.2,3.65,3.3,2.12,3.52,3.01,2.3,3.75,3.25,2.15,3.6,3
SWZ,Super League,2025/2026,12/05/2026,19:30,Luzern,Zurich,1,0,H,,,,1.5,5.25,6.75,1.42,4.77,5.72,1.52,5.2,6.4,1.37,5.25,6.25
SWZ,Super League,2025/2026,12/05/2026,19:30,Servette,Lausanne,2,0,H,,,,1.87,4,4,1.8,3.8,3.68,1.88,4.1,4.3,1.71,3.7,3.6
SWZ,Super League,2025/2026,14/05/2026,15:30,Basel,St. Gallen,1,3,A,,,,2.12,4.2,3.5,1.99,3.87,3.07,2.04,4.3,3.35,1.91,3.8,3.5
SWZ,Super League,2025/2026,14/05/2026,15:30,Sion,Lugano,2,2,D,,,,2.05,3.5,3.75,1.98,3.35,3.48,2.14,3.55,3.8,1.96,3.4,3.7
SWZ,Super League,2025/2026,14/05/2026,15:30,Thun,Young Boys,3,8,A,,,,2.2,4,3,2.12,3.87,2.77,2.28,4.2,3,2.15,3.8,2.82
SWZ,Super League,2025/2026,16/05/2026,17:00,Lausanne,Grasshoppers,1,3,A,,,,1.29,7.5,12,1.23,6.13,9.34,1.24,8.4,13,1.22,6.25,9
SWZ,Super League,2025/2026,16/05/2026,17:00,Winterthur,Luzern,0,3,A,,,,7.2,5.75,1.38,6.28,5.3,1.35,7.8,6,1.4,6.5,5.5,1.35
SWZ,Super League,2025/2026,16/05/2026,17:00,Zurich,Servette,0,2,A,,,,3.5,4.2,2.08,3.12,3.85,1.96,3.4,4.1,2.1,3.5,3.9,1.91
SWZ,Super League,2025/2026,17/05/2026,15:30,Lugano,Basel,4,0,H,,,,1.51,4.75,6,1.48,4.54,5.12,1.57,5.2,5.6,1.46,4.75,5
SWZ,Super League,2025/2026,17/05/2026,15:30,St. Gallen,Thun,1,1,D,,,,1.8,4.75,4,1.71,4.28,3.69,1.81,4.7,4.1,1.66,4.5,3.9
SWZ,Super League,2025/2026,17/05/2026,15:30,Young Boys,Sion,3,3,D,,,,2.45,4.2,2.54,2.3,3.96,2.46,2.4,4.3,2.7,2.25,4.2,2.45
SWZ,Super League,2026/2027,25/07/2026,17:00,Lausanne,Grasshoppers,1,1,D,,,,1.68,4.33,4.8,1.62,3.97,4.47,1.71,4.5,5,1.57,4.33,4.75
SWZ,Super League,2026/2027,25/07/2026,17:00,Servette,Basel,0,1,A,,,,1.92,4,4,1.84,3.76,3.48,1.92,4.1,4,1.76,3.9,4
SWZ,Super League,2026/2027,25/07/2026,19:30,Luzern,Thun,1,3,A,,,,1.85,4.2,4.33,1.76,3.87,3.78,1.86,4.4,4.2,1.71,3.9,4.33
SWZ,Super League,2026/2027,26/07/2026,13:00,Young Boys,Sion,4,2,H,,,,1.8,4.2,4,1.76,4.02,3.61,1.85,4.4,4.2,1.76,4.2,3.7
SWZ,Super League,2026/2027,26/07/2026,15:30,Lugano,Vaduz,2,1,H,,,,1.62,4.33,5.75,1.55,4.06,4.91,1.64,4.4,5.8,1.57,4.33,4.5
SWZ,Super League,2026/2027,26/07/2026,15:30,St. Gallen,Zurich,2,1,H,,,,1.57,4.75,5.5,1.49,4.43,5.09,1.55,5,6,1.46,4.5,5.5
SWZ,Super League,2026/2027,01/08/2026,17:00,Basel,Lausanne,0,1,A,,,,1.93,3.9,3.75,1.84,3.75,3.54,1.93,3.95,4.2,1.81,3.8,3.75
SWZ,Super League,2026/2027,01/08/2026,17:00,Zurich,Servette,2,1,H,,,,3.9,4,1.87,3.65,3.76,1.81,4.2,4.1,1.88,3.9,3.9,1.76
SWZ,Super League,2026/2027,01/08/2026,19:30,Thun,Young Boys,0,6,A,,,,3.7,4.33,1.93,3.41,4.12,1.8,4,4.4,1.87,3.7,4.2,1.76
SWZ,Super League,2026/2027,02/08/2026,13:00,Vaduz,St. Gallen,2,3,A,,,,3.5,4,1.98,3.31,3.83,1.9,3.7,4.2,1.99,3.4,3.9,1.91
SWZ,Super League,2026/2027,02/08/2026,15:30,Grasshoppers,Lugano,1,4,A,,,,4.2,3.8,1.85,3.97,3.7,1.76,4.5,4,1.85,4.2,3.8,1.71
SWZ,Super League,2026/2027,02/08/2026,15:30,Sion,Luzern,3,0,H,,,,1.8,4.25,4.2,1.72,4.05,3.8,1.78,4.4,4.4,1.66,4.2,4.2
SWZ,Super League,2026/2027,08/08/2026,17:00,Lausanne,Young Boys,2,2,D,,,,4.2,4.75,1.7,4.04,4.31,1.65,4.5,4.7,1.74,4.1,4.75,1.62
SWZ,Super League,2026/2027,08/08/2026,19:30,Servette,Grasshoppers,2,1,H,,,,1.5,4.5,6.33,1.46,4.26,5.85,1.56,4.6,6.6,1.49,4.1,6.25
SWZ,Super League,2026/2027,09/08/2026,13:00,Lugano,Zurich,5,0,H,,,,1.46,4.75,6.8,1.42,4.56,6.3,1.49,5.1,7.2,1.41,4.75,6.5
SWZ,Super League,2026/2027,09/08/2026,15:30,Basel,Thun,4,2,H,,,,2.15,3.75,3.5,2.04,3.61,3.14,2.22,3.8,3.3,2.1,3.6,3.2
SWZ,Super League,2026/2027,09/08/2026,15:30,Sion,Vaduz,3,2,H,,,,1.55,4.75,6,1.48,4.47,5.34,1.57,4.7,6.2,1.46,4.75,5.5
SWZ,Super League,2026/2027,09/08/2026,15:30,St. Gallen,Luzern,2,2,D,,,,1.85,4.2,3.75,1.8,4.03,3.51,1.9,4.4,3.95,1.81,4.2,3.5
SWZ,Super League,2026/2027,22/08/2026,17:00,Luzern,Lausanne,1,0,H,,,,1.95,3.85,3.5,1.92,3.72,3.35,2.04,3.9,3.8,1.91,3.75,3.5
SWZ,Super League,2026/2027,22/08/2026,19:30,Zurich,Basel,1,2,A,,,,2.8,3.7,2.4,2.66,3.55,2.32,2.94,3.7,2.52,2.65,3.6,2.35
SWZ,Super League,2026/2027,23/08/2026,13:00,Young Boys,Vaduz,4,2,H,,,,1.3,6.25,8.5,1.27,5.92,7.76,1.32,6.6,9.8,1.27,5.75,8.5
SWZ,Super League,2026/2027,29/08/2026,17:00,Lausanne,Zurich,2,3,A,,,,2.05,3.7,3.66,1.97,3.46,3.37,2.1,3.65,3.75,2.05,3.7,3.2
SWZ,Super League,2026/2027,29/08/2026,17:00,Servette,Luzern,1,1,D,,,,1.9,3.85,3.75,1.84,3.71,3.59,1.94,4,4,1.86,3.8,3.7
SWZ,Super League,2026/2027,29/08/2026,19:30,Young Boys,Basel,3,3,D,,,,1.5,5,5.75,1.46,4.67,5.25,1.53,5.2,6.2,1.42,4.75,5.75
SWZ,Super League,2026/2027,30/08/2026,13:00,Sion,Lugano,1,2,A,,,,2.35,3.6,2.9,2.27,3.43,2.8,2.46,3.65,3.05,2.25,3.6,2.82
SWZ,Super League,2026/2027,30/08/2026,15:30,St. Gallen,Thun,3,4,A,,,,1.67,4.5,4.8,1.62,4.23,4.26,1.73,4.5,4.7,1.62,4.1,4.5
SWZ,Super League,2026/2027,30/08/2026,15:30,Vaduz,Grasshoppers,5,2,H,,,,2.08,3.75,3.4,1.99,3.64,3.18,2.12,4,3.45,1.96,3.7,3.4
SWZ,Super League,2026/2027,01/09/2026,19:30,Zurich,Young Boys,2,4,A,,,,4.6,4.75,1.63,4.37,4.53,1.57,5,4.9,1.65,4.5,4.5,1.56
SWZ,Super League,2026/2027,02/09/2026,19:30,Grasshoppers,St. Gallen,2,0,H,,,,5,4.5,1.61,4.64,4.34,1.56,5.3,4.7,1.65,4.75,4.33,1.53
SWZ,Super League,2026/2027,02/09/2026,19:30,Luzern,Vaduz,2,1,H,,,,1.91,4.2,3.6,1.85,3.98,3.39,2,4.2,3.7,1.91,3.9,3.4
SWZ,Super League,2026/2027,02/09/2026,19:30,Thun,Lausanne,0,0,D,,,,2,3.75,3.6,1.93,3.65,3.42,2.04,3.9,3.9,1.86,3.75,3.6
SWZ,Super League,2026/2027,03/09/2026,19:30,Basel,Sion,1,2,A,,,,2.45,3.65,2.7,2.37,3.57,2.6,2.48,3.95,2.84,2.4,3.5,2.57
SWZ,Super League,2026/2027,03/09/2026,19:30,Lugano,Servette,1,0,H,,,,2.5,3.55,2.7,2.41,3.45,2.62,2.62,3.65,2.88,2.4,3.5,2.65
SWZ,Super League,2026/2027,05/09/2026,17:00,Vaduz,Lausanne,3,1,H,,,,2.2,3.8,3.1,2.13,3.7,2.91,2.22,4,3.2,2.05,3.75,3.1
SWZ,Super League,2026/2027,05/09/2026,17:00,Young Boys,Luzern,3,3,D,,,,1.44,5.5,6.25,1.4,5.17,5.65,1.49,5.7,6.2,1.37,5.25,6.25
SWZ,Super League,2026/2027,05/09/2026,19:30,Grasshoppers,Zurich,2,2,D,,,,2.55,3.7,2.6,2.48,3.52,2.52,2.68,3.65,2.76,2.45,3.7,2.5
SWZ,Super League,2026/2027,06/09/2026,13:00,Servette,St. Gallen,0,2,A,,,,2.25,3.75,2.9,2.22,3.6,2.8,2.34,3.8,3.1,2.2,3.6,2.85
SWZ,Super League,2026/2027,06/09/2026,15:30,Basel,Lugano,1,3,A,,,,3,3.75,2.2,2.9,3.59,2.16,3.15,3.75,2.36,3,3.7,2.15
SWZ,Super League,2026/2027,06/09/2026,15:30,Sion,Thun,3,2,H,,,,1.68,4.5,4.75,1.63,4.2,4.31,1.73,4.4,4.9,1.57,4.5,4.75
SWZ,Super League,2026/2027,12/09/2026,17:00,St. Gallen,Sion,0,3,A,,,,2.35,3.9,2.88,2.22,3.74,2.69,2.34,3.95,3,2.35,3.75,2.57
SWZ,Super League,2026/2027,12/09/2026,17:00,Thun,Grasshoppers,0,1,A,,,,1.82,4.2,3.8,1.76,4,3.67,1.86,4.4,4.1,1.76,4,3.8
SWZ,Super League,2026/2027,12/09/2026,18:00,Lugano,Young Boys,2,2,D,,,,2.1,4,3.2,2.02,3.89,2.95,2.14,4.2,3.25,2.01,3.9,3.1
SWZ,Super League,2026/2027,13/09/2026,13:00,Zurich,Vaduz,2,1,H,,,,2.55,4,2.4,2.49,3.76,2.36,2.68,4,2.6,2.5,3.6,2.4
SWZ,Super League,2026/2027,13/09/2026,15:30,Lausanne,Servette,0,1,A,,,,3.5,3.5,2.1,3.32,3.37,2.04,3.7,3.7,2.14,3.5,3.3,2.05
SWZ,Super League,2026/2027,13/09/2026,15:30,Luzern,Basel,2,4,A,,,,2.15,4,3.1,2.08,3.75,2.94,2.22,4.1,3.15,2.1,3.7,3.1
SWZ,Super League,2026/2027,15/09/2026,18:00,Grasshoppers,Sion,2,5,A,,,,4.1,4.1,1.8,3.81,3.93,1.76,4.3,4.1,1.86,4.1,4.1,1.68
SWZ,Super League,2026/2027,16/09/2026,18:00,Lugano,St. Gallen,4,1,H,,,,2.2,3.9,3,2.15,3.71,2.83,2.3,3.85,3.15,2.15,3.9,2.82
SWZ,Super League,2026/2027,16/09/2026,18:00,Thun,Servette,2,4,A,,,,2.22,3.65,3.1,2.17,3.55,2.92,2.3,3.85,3.2,2.15,3.5,3.1
SWZ,Super League,2026/2027,19/09/2026,17:00,Luzern,Grasshoppers,5,1,H,,,,1.7,4.5,4.2,1.65,4.34,3.98,1.74,4.7,4.5,1.62,4.5,4.2
SWZ,Super League,2026/2027,19/09/2026,17:00,Sion,Zurich,1,1,D,,,,1.4,5.25,6.5,1.37,5.02,6.31,1.44,5.5,7.2,1.37,5.25,6.5
SWZ,Super League,2026/2027,19/09/2026,17:00,Young Boys,Servette,3,2,H,,,,1.57,4.75,4.8,1.53,4.51,4.73,1.61,4.9,5.4,1.49,4.75,4.75
SWZ,Super League,2026/2027,20/09/2026,13:00,Vaduz,Thun,1,2,A,,,,2.45,4.2,2.45,2.41,3.97,2.38,2.58,4.3,2.58,2.45,4.1,2.32
SWZ,Super League,2026/2027,20/09/2026,15:30,Basel,St. Gallen,1,3,A,,,,2.55,4.1,2.4,2.49,3.83,2.33,2.68,4.1,2.56,2.5,4.1,2.3
SWZ,Super League,2026/2027,20/09/2026,15:30,Lausanne,Lugano,0,4,A,,,,3.75,3.6,1.98,3.58,3.53,1.92,4,3.8,2.04,3.75,3.5,1.91
