Country,League,Season,Date,Time,Home,Away,HG,AG,Res,PSCH,PSCD,PSCA,MaxCH,MaxCD,MaxCA,AvgCH,AvgCD,AvgCA,BFECH,BFECD,BFECA,B365CH,B365CD,B365CA
FIN,Veikkausliiga,2020,01/07/2020,16:30,Haka,Honka,1,1,D,3.5,3.28,2.27,3.5,3.3,2.31,3.29,3.2,2.21,,,,,,
FIN,Veikkausliiga,2020,01/07/2020,16:30,HIFK,KuPS,0,3,A,3.95,3.57,2.01,4.2,3.57,2.04,3.88,3.4,1.94,,,,,,
FIN,Veikkausliiga,2020,01/07/2020,16:30,Ilves,Mariehamn,4,3,H,1.57,4.09,6.45,1.59,4.1,7,1.55,3.86,6.16,,,,,,
FIN,Veikkausliiga,2020,01/07/2020,16:30,Lahti,HJK,0,4,A,8.5,4.47,1.44,8.51,4.7,1.44,7.8,4.36,1.41,,,,,,
FIN,Veikkausliiga,2020,01/07/2020,16:30,SJK,TPS,1,0,H,2.39,3.29,3.25,2.4,3.35,3.25,2.31,3.2,3.09,,,,,,
FIN,Veikkausliiga,2020,02/07/2020,16:00,Inter Turku,Rovaniemi,3,1,H,1.39,4.78,8.97,1.41,4.9,9.2,1.37,4.53,8.31,,,,,,
FIN,Veikkausliiga,2020,07/07/2020,16:30,KuPS,Inter Turku,1,0,H,2.18,3.53,3.34,2.23,3.58,3.75,2.08,3.41,3.37,,,,,,
FIN,Veikkausliiga,2020,07/07/2020,16:30,TPS,Ilves,0,1,A,4.18,3.34,2,4.31,3.48,2.06,3.96,3.27,1.95,,,,,,
FIN,Veikkausliiga,2020,08/07/2020,16:30,HJK,Haka,3,1,H,1.38,5.29,7.59,1.4,5.5,9.5,1.34,4.99,8.09,,,,,,
FIN,Veikkausliiga,2020,08/07/2020,16:30,Lahti,SJK,0,0,D,2.62,3.15,2.94,2.84,3.3,2.95,2.63,3.13,2.7,,,,,,
FIN,Veikkausliiga,2020,08/07/2020,16:30,Mariehamn,Honka,0,0,D,4.51,3.57,1.86,4.75,3.65,1.88,4.35,3.53,1.8,,,,,,
FIN,Veikkausliiga,2020,08/07/2020,16:30,Rovaniemi,HIFK,0,1,A,3.84,3.26,2.12,3.85,3.33,2.16,3.67,3.2,2.06,,,,,,
FIN,Veikkausliiga,2020,11/07/2020,15:00,Inter Turku,Ilves,5,1,H,2.74,3.29,2.69,2.8,3.36,2.83,2.62,3.21,2.66,,,,,,
FIN,Veikkausliiga,2020,12/07/2020,16:30,Honka,KuPS,1,1,D,2.75,3.28,2.7,2.79,3.37,2.7,2.67,3.2,2.62,,,,,,
FIN,Veikkausliiga,2020,17/07/2020,16:30,Ilves,KuPS,0,0,D,2.96,3.17,2.59,3,3.34,2.61,2.86,3.12,2.5,,,,,,
FIN,Veikkausliiga,2020,17/07/2020,16:30,Inter Turku,HJK,1,0,H,3.98,3.57,1.98,4.25,3.6,2.02,3.84,3.45,1.93,,,,,,
FIN,Veikkausliiga,2020,17/07/2020,16:30,Rovaniemi,Haka,2,2,D,4.02,3.6,1.96,4.33,3.62,1.96,3.92,3.45,1.91,,,,,,
FIN,Veikkausliiga,2020,17/07/2020,16:30,SJK,Mariehamn,1,2,A,2.01,3.54,3.89,2.05,3.6,3.9,1.95,3.46,3.72,,,,,,
FIN,Veikkausliiga,2020,18/07/2020,11:00,Honka,TPS,3,1,H,1.48,4.27,7.63,1.53,4.5,7.63,1.49,4.09,6.54,,,,,,
FIN,Veikkausliiga,2020,18/07/2020,15:00,HIFK,Lahti,0,3,A,2.36,3.26,3.22,2.4,3.26,3.4,2.3,3.14,3.15,,,,,,
FIN,Veikkausliiga,2020,21/07/2020,16:30,Rovaniemi,Ilves,1,1,D,5.59,4.01,1.63,6,4.01,1.66,5.42,3.8,1.61,,,,,,
FIN,Veikkausliiga,2020,22/07/2020,16:30,HIFK,SJK,2,1,H,2.48,3.09,3.2,2.53,3.15,3.25,2.43,3.02,3.04,,,,,,
FIN,Veikkausliiga,2020,22/07/2020,16:30,Honka,Inter Turku,1,1,D,2.38,3.26,3.19,2.38,3.3,3.4,2.29,3.16,3.14,,,,,,
FIN,Veikkausliiga,2020,22/07/2020,16:30,KuPS,Lahti,3,0,H,1.52,4.19,6.87,1.55,4.25,7.07,1.5,4.01,6.38,,,,,,
FIN,Veikkausliiga,2020,22/07/2020,16:30,Mariehamn,Haka,2,2,D,2.54,3.52,2.76,2.64,3.6,2.8,2.52,3.36,2.66,,,,,,
FIN,Veikkausliiga,2020,22/07/2020,16:30,TPS,HJK,0,2,A,9.25,4.33,1.42,9.29,4.6,1.45,8.03,4.27,1.4,,,,,,
FIN,Veikkausliiga,2020,25/07/2020,15:00,TPS,Lahti,1,3,A,2.78,3.16,2.75,2.95,3.2,2.88,2.75,3.06,2.66,,,,,,
FIN,Veikkausliiga,2020,25/07/2020,16:30,HJK,Ilves,2,0,H,1.56,4.29,6.02,1.61,4.32,7,1.53,4.07,5.98,,,,,,
FIN,Veikkausliiga,2020,26/07/2020,15:00,Honka,Rovaniemi,1,0,H,1.4,4.65,8.84,1.44,4.9,9.5,1.38,4.53,8.37,,,,,,
FIN,Veikkausliiga,2020,26/07/2020,16:30,Haka,Inter Turku,0,2,A,3.33,3.51,2.2,3.6,3.64,2.23,3.29,3.42,2.13,,,,,,
FIN,Veikkausliiga,2020,26/07/2020,16:30,KuPS,SJK,2,1,H,1.43,4.78,7.53,1.48,5,8.2,1.41,4.57,7.3,,,,,,
FIN,Veikkausliiga,2020,26/07/2020,16:30,Mariehamn,HIFK,0,3,A,2.79,3.36,2.6,2.89,3.5,2.76,2.69,3.27,2.55,,,,,,
FIN,Veikkausliiga,2020,01/08/2020,15:00,HJK,KuPS,2,2,D,1.82,3.66,4.6,1.88,3.8,5.15,1.79,3.53,4.46,,,,,,
FIN,Veikkausliiga,2020,01/08/2020,15:00,Ilves,HIFK,2,2,D,2.14,3.39,3.61,2.3,3.39,3.94,2.09,3.26,3.55,,,,,,
FIN,Veikkausliiga,2020,01/08/2020,15:00,Inter Turku,Mariehamn,2,1,H,1.33,5.5,9.29,1.36,5.7,10.75,1.32,5.2,8.75,,,,,,
FIN,Veikkausliiga,2020,01/08/2020,15:00,Rovaniemi,TPS,2,3,A,2.95,3.25,2.54,3.1,3.38,2.71,2.84,3.14,2.52,,,,,,
FIN,Veikkausliiga,2020,01/08/2020,15:00,SJK,Haka,1,1,D,2.15,3.58,3.39,2.23,3.68,3.64,2.11,3.41,3.33,,,,,,
FIN,Veikkausliiga,2020,03/08/2020,16:30,Lahti,Honka,0,0,D,4.38,3.44,1.93,4.5,3.62,1.98,4.13,3.36,1.9,,,,,,
FIN,Veikkausliiga,2020,05/08/2020,16:30,Haka,HIFK,0,2,A,2.5,3.35,2.92,2.62,3.46,3.08,2.43,3.26,2.85,,,,,,
FIN,Veikkausliiga,2020,05/08/2020,16:30,Ilves,Rovaniemi,1,0,H,1.38,4.83,8.84,1.44,5.1,9,1.37,4.65,8.08,,,,,,
FIN,Veikkausliiga,2020,05/08/2020,16:30,Mariehamn,Inter Turku,2,0,H,6.6,4.76,1.47,7.06,5.05,1.51,6.33,4.6,1.44,,,,,,
FIN,Veikkausliiga,2020,05/08/2020,16:30,SJK,KuPS,1,1,D,4.14,3.6,1.93,4.79,3.66,1.96,4.17,3.48,1.85,,,,,,
FIN,Veikkausliiga,2020,06/08/2020,16:30,HJK,Lahti,1,1,D,1.27,5.89,11.38,1.3,6.4,13,1.25,5.7,10.84,,,,,,
FIN,Veikkausliiga,2020,06/08/2020,16:30,TPS,Honka,0,2,A,4.11,3.31,2.03,4.2,3.52,2.08,3.86,3.25,2,,,,,,
FIN,Veikkausliiga,2020,09/08/2020,15:00,Rovaniemi,Mariehamn,2,3,A,2.81,3.33,2.61,2.95,3.52,2.7,2.74,3.26,2.53,,,,,,
FIN,Veikkausliiga,2020,09/08/2020,16:30,Inter Turku,Haka,2,0,H,1.44,4.67,7.38,1.48,4.95,8,1.44,4.46,6.8,,,,,,
FIN,Veikkausliiga,2020,09/08/2020,16:30,KuPS,HJK,0,3,A,2.9,3.35,2.53,3.14,3.44,2.6,2.83,3.26,2.46,,,,,,
FIN,Veikkausliiga,2020,09/08/2020,16:30,Lahti,Ilves,3,2,H,3.15,3.19,2.45,3.38,3.25,2.51,3.12,3.12,2.35,,,,,,
FIN,Veikkausliiga,2020,10/08/2020,16:30,HIFK,TPS,2,0,H,2,3.49,3.99,2.06,3.64,4.4,1.93,3.41,3.9,,,,,,
FIN,Veikkausliiga,2020,10/08/2020,16:30,Honka,SJK,0,0,D,1.81,3.59,4.75,1.85,3.65,5.3,1.78,3.42,4.71,,,,,,
FIN,Veikkausliiga,2020,14/08/2020,16:30,Haka,KuPS,2,4,A,4.63,4.04,1.74,5,4.33,1.78,4.52,3.94,1.69,,,,,,
FIN,Veikkausliiga,2020,14/08/2020,16:30,Inter Turku,HIFK,3,2,H,1.78,3.58,5.07,1.79,3.92,5.3,1.71,3.58,4.87,,,,,,
FIN,Veikkausliiga,2020,14/08/2020,16:30,Lahti,Rovaniemi,3,0,H,1.5,4.3,6.93,1.57,4.5,7,1.5,4.12,6.38,,,,,,
FIN,Veikkausliiga,2020,15/08/2020,15:00,HJK,Honka,1,1,D,1.8,3.56,4.88,1.87,3.8,5.45,1.76,3.46,4.75,,,,,,
FIN,Veikkausliiga,2020,15/08/2020,15:00,Ilves,SJK,0,0,D,1.98,3.36,4.25,2.02,3.62,4.33,1.94,3.29,4.05,,,,,,
FIN,Veikkausliiga,2020,16/08/2020,16:30,Mariehamn,TPS,1,0,H,2.41,3.39,3.03,2.5,3.58,3.2,2.38,3.34,2.9,,,,,,
FIN,Veikkausliiga,2020,18/08/2020,16:30,Haka,HJK,1,4,A,6.5,4.48,1.5,7.2,4.65,1.54,6.06,4.42,1.48,,,,,,
FIN,Veikkausliiga,2020,18/08/2020,16:30,Rovaniemi,Inter Turku,0,2,A,9.39,5.07,1.35,10.5,5.7,1.36,8.79,5.02,1.32,,,,,,
FIN,Veikkausliiga,2020,21/08/2020,16:30,SJK,Honka,0,2,A,4.25,3.2,2.04,4.45,3.4,2.1,4.05,3.19,1.97,,,,,,
FIN,Veikkausliiga,2020,22/08/2020,13:00,TPS,Inter Turku,1,0,H,8.59,4.39,1.43,11,4.65,1.45,8.53,4.27,1.39,,,,,,
FIN,Veikkausliiga,2020,22/08/2020,15:00,Ilves,Lahti,3,1,H,2.16,3.24,3.72,2.25,3.45,3.82,2.13,3.22,3.5,,,,,,
FIN,Veikkausliiga,2020,22/08/2020,15:00,KuPS,Mariehamn,2,1,H,1.4,5.02,7.73,1.43,5.6,8,1.37,4.94,7.46,,,,,,
FIN,Veikkausliiga,2020,22/08/2020,15:00,Rovaniemi,HJK,0,1,A,16.58,6.83,1.19,20,8.1,1.21,15.62,6.81,1.17,,,,,,
FIN,Veikkausliiga,2020,23/08/2020,16:30,HIFK,Haka,0,1,A,2.09,3.72,3.41,2.19,3.88,4.01,2.05,3.6,3.32,,,,,,
FIN,Veikkausliiga,2020,26/08/2020,16:30,Haka,Lahti,2,2,D,2.91,3.47,2.42,3.05,3.78,2.47,2.86,3.39,2.37,,,,,,
FIN,Veikkausliiga,2020,26/08/2020,16:30,HJK,SJK,2,0,H,1.32,5.26,10.28,1.35,5.55,12.25,1.31,5.03,9.8,,,,,,
FIN,Veikkausliiga,2020,26/08/2020,16:30,Mariehamn,Rovaniemi,4,0,H,1.68,4.06,4.9,1.72,4.25,5.9,1.64,3.93,4.95,,,,,,
FIN,Veikkausliiga,2020,26/08/2020,16:30,TPS,HIFK,1,0,H,3.33,3.16,2.34,3.48,3.24,2.46,3.24,3.09,2.3,,,,,,
FIN,Veikkausliiga,2020,29/08/2020,15:00,SJK,Rovaniemi,2,1,H,1.61,3.87,6.07,1.63,4.3,7.1,1.55,3.9,6.15,,,,,,
FIN,Veikkausliiga,2020,29/08/2020,16:30,KuPS,TPS,3,1,H,1.36,5.04,9.24,1.36,5.65,10.75,1.33,4.99,9.03,,,,,,
FIN,Veikkausliiga,2020,30/08/2020,16:30,HJK,Mariehamn,6,1,H,1.24,6.25,12.9,1.28,6.7,14,1.23,6.01,11.06,,,,,,
FIN,Veikkausliiga,2020,31/08/2020,16:30,Lahti,Inter Turku,2,2,D,4.32,3.6,1.87,4.7,3.82,1.89,4.23,3.57,1.82,,,,,,
FIN,Veikkausliiga,2020,01/09/2020,16:30,Haka,Ilves,0,2,A,3.62,3.43,2.12,3.9,3.5,2.25,3.5,3.35,2.07,,,,,,
FIN,Veikkausliiga,2020,01/09/2020,16:30,Honka,HIFK,0,1,A,1.72,3.62,5.46,1.9,3.62,5.85,1.71,3.45,5.21,,,,,,
FIN,Veikkausliiga,2020,09/09/2020,16:30,Honka,Ilves,3,2,H,2.02,3.35,4.14,2.02,3.45,4.14,1.98,3.29,3.85,,,,,,
FIN,Veikkausliiga,2020,09/09/2020,16:30,KuPS,Rovaniemi,3,0,H,1.16,7.97,17.53,1.18,8.88,19,1.15,7.54,15.37,,,,,,
FIN,Veikkausliiga,2020,09/09/2020,16:30,Mariehamn,Lahti,2,2,D,2.47,3.67,2.81,2.5,3.8,2.86,2.4,3.54,2.7,,,,,,
FIN,Veikkausliiga,2020,09/09/2020,16:30,SJK,Inter Turku,3,2,H,4.68,3.79,1.79,5,3.79,1.8,4.62,3.62,1.73,,,,,,
FIN,Veikkausliiga,2020,09/09/2020,16:30,TPS,Haka,2,3,A,2.61,3.27,2.91,2.75,3.33,2.91,2.54,3.18,2.77,,,,,,
FIN,Veikkausliiga,2020,10/09/2020,16:30,HIFK,HJK,4,3,H,5.53,3.79,1.69,5.85,3.9,1.72,5.23,3.66,1.65,,,,,,
FIN,Veikkausliiga,2020,12/09/2020,15:00,Haka,SJK,1,4,A,2.6,3.48,2.81,2.74,3.48,2.87,2.52,3.33,2.71,,,,,,
FIN,Veikkausliiga,2020,12/09/2020,15:00,Rovaniemi,Honka,1,3,A,9.14,4.44,1.43,10,4.8,1.51,8.26,4.33,1.4,,,,,,
FIN,Veikkausliiga,2020,13/09/2020,16:30,Ilves,HJK,1,2,A,6,4.05,1.62,6.1,4.3,1.69,5.58,3.93,1.58,,,,,,
FIN,Veikkausliiga,2020,14/09/2020,16:00,TPS,Mariehamn,1,1,D,2.35,3.54,3.13,2.5,3.62,3.13,2.32,3.41,2.94,,,,,,
FIN,Veikkausliiga,2020,14/09/2020,16:30,HIFK,Inter Turku,0,0,D,4.02,3.69,1.96,4.02,3.69,2.05,3.8,3.41,1.97,,,,,,
FIN,Veikkausliiga,2020,14/09/2020,16:30,Lahti,KuPS,1,2,A,4.62,4.05,1.76,4.85,4.05,1.78,4.48,3.89,1.71,,,,,,
FIN,Veikkausliiga,2020,17/09/2020,16:30,Lahti,TPS,1,1,D,1.79,3.89,4.66,1.82,3.89,4.8,1.77,3.69,4.38,,,,,,
FIN,Veikkausliiga,2020,19/09/2020,15:00,HIFK,Mariehamn,2,2,D,2.35,3.52,3.14,2.36,3.62,3.47,2.24,3.39,3.1,,,,,,
FIN,Veikkausliiga,2020,19/09/2020,15:00,Ilves,Haka,1,1,D,1.58,4.32,5.67,1.65,4.33,6,1.58,4.1,5.31,,,,,,
FIN,Veikkausliiga,2020,19/09/2020,15:00,Inter Turku,SJK,0,1,A,1.54,4.44,6.31,1.56,4.44,6.57,1.52,4.16,5.93,,,,,,
FIN,Veikkausliiga,2020,20/09/2020,11:00,Honka,HJK,0,0,D,4.19,3.59,1.95,4.19,3.6,2.1,3.89,3.44,1.93,,,,,,
FIN,Veikkausliiga,2020,20/09/2020,16:30,Rovaniemi,KuPS,0,2,A,7.04,4.71,1.48,7.5,4.76,1.52,6.44,4.46,1.46,,,,,,
FIN,Veikkausliiga,2020,23/09/2020,16:30,Haka,Rovaniemi,0,2,A,1.56,4.56,5.79,1.58,4.56,6.18,1.54,4.25,5.52,,,,,,
FIN,Veikkausliiga,2020,23/09/2020,16:30,Inter Turku,Honka,0,0,D,2.1,3.49,3.76,2.13,3.51,3.76,2.05,3.36,3.58,,,,,,
FIN,Veikkausliiga,2020,23/09/2020,16:30,Mariehamn,Ilves,0,2,A,3.64,3.79,2.04,3.75,3.8,2.07,3.53,3.65,1.97,,,,,,
FIN,Veikkausliiga,2020,23/09/2020,16:30,SJK,Lahti,0,1,A,2.28,3.55,3.25,2.28,3.55,3.5,2.18,3.41,3.18,,,,,,
FIN,Veikkausliiga,2020,24/09/2020,16:30,HJK,TPS,2,2,D,1.2,7.11,15.35,1.24,7.11,17,1.2,6.53,12.91,,,,,,
FIN,Veikkausliiga,2020,27/09/2020,16:30,Honka,Haka,1,2,A,1.52,4.41,6.89,1.56,4.41,7,1.5,4.17,6.28,,,,,,
FIN,Veikkausliiga,2020,27/09/2020,16:30,Ilves,TPS,4,0,H,1.51,4.18,7.63,1.54,4.35,7.63,1.48,4.08,6.8,,,,,,
FIN,Veikkausliiga,2020,27/09/2020,16:30,Mariehamn,KuPS,0,2,A,4.25,4.14,1.81,4.33,4.2,1.86,4.03,3.89,1.79,,,,,,
FIN,Veikkausliiga,2020,28/09/2020,16:30,HJK,Rovaniemi,4,0,H,1.09,12.58,24.49,1.1,12.62,36,1.08,10.65,25.07,,,,,,
FIN,Veikkausliiga,2020,28/09/2020,16:30,Inter Turku,Lahti,3,0,H,1.68,4.16,5.11,1.69,4.16,5.25,1.64,3.92,4.91,,,,,,
FIN,Veikkausliiga,2020,28/09/2020,16:30,SJK,HIFK,3,2,H,2.22,3.26,3.69,2.26,3.31,3.96,2.15,3.16,3.52,,,,,,
FIN,Veikkausliiga,2020,02/10/2020,16:30,HIFK,Honka,1,1,D,4.53,3.57,1.89,4.53,3.57,2,4.24,3.38,1.87,,,,,,
FIN,Veikkausliiga,2020,02/10/2020,16:30,Lahti,Mariehamn,3,1,H,1.99,3.78,3.82,2.03,3.84,3.85,1.94,3.62,3.62,,,,,,
FIN,Veikkausliiga,2020,05/10/2020,16:30,KuPS,Ilves,1,1,D,2.05,3.57,3.84,2.07,3.64,4,1.96,3.46,3.73,,,,,,
FIN,Veikkausliiga,2020,08/10/2020,16:30,KuPS,HIFK,3,2,H,1.41,4.98,8.06,1.48,5,9.5,1.39,4.65,7.3,,,,,,
FIN,Veikkausliiga,2020,15/10/2020,16:00,Rovaniemi,Lahti,0,4,A,4.59,3.9,1.8,4.75,3.95,1.86,4.29,3.76,1.76,,,,,,
FIN,Veikkausliiga,2020,15/10/2020,16:30,HIFK,Ilves,1,2,A,3.74,3.51,2.1,3.9,3.56,2.11,3.63,3.37,2.03,,,,,,
FIN,Veikkausliiga,2020,15/10/2020,16:30,Honka,Mariehamn,1,0,H,1.35,5.44,9.18,1.38,5.47,9.2,1.34,5.06,8.16,,,,,,
FIN,Veikkausliiga,2020,15/10/2020,16:30,Inter Turku,KuPS,2,0,H,2.19,3.46,3.53,2.37,3.5,3.53,2.21,3.36,3.15,,,,,,
FIN,Veikkausliiga,2020,15/10/2020,16:30,SJK,HJK,1,2,A,5.71,4.17,1.62,5.82,4.17,1.68,5.17,3.88,1.62,,,,,,
FIN,Veikkausliiga,2020,16/10/2020,16:30,Haka,TPS,2,1,H,2.25,3.53,3.32,2.25,3.6,3.55,2.16,3.42,3.2,,,,,,
FIN,Veikkausliiga,2020,18/10/2020,14:00,HJK,HIFK,3,0,H,1.2,7.17,16.11,1.25,7.3,18,1.19,6.58,13.69,,,,,,
FIN,Veikkausliiga,2020,18/10/2020,14:00,Ilves,Inter Turku,0,2,A,2.98,3.29,2.57,3.04,3.35,2.65,2.84,3.19,2.48,,,,,,
FIN,Veikkausliiga,2020,18/10/2020,14:00,KuPS,Honka,0,2,A,2.05,3.47,3.96,2.1,3.6,4,1.98,3.38,3.74,,,,,,
FIN,Veikkausliiga,2020,18/10/2020,14:00,Mariehamn,SJK,2,3,A,3.35,3.58,2.22,3.35,3.7,2.25,3.18,3.46,2.15,,,,,,
FIN,Veikkausliiga,2020,19/10/2020,16:30,Lahti,Haka,0,0,D,1.74,4.08,4.72,1.76,4.15,4.72,1.7,3.94,4.39,,,,,,
FIN,Veikkausliiga,2020,19/10/2020,16:30,TPS,Rovaniemi,4,1,H,1.78,3.71,5.05,1.8,3.72,5.05,1.74,3.58,4.66,,,,,,
FIN,Veikkausliiga,2020,22/10/2020,16:00,HIFK,Rovaniemi,1,0,H,1.52,4.43,6.84,1.52,4.5,7,1.47,4.28,6.45,,,,,,
FIN,Veikkausliiga,2020,22/10/2020,16:30,Honka,Lahti,2,1,H,1.62,4,6.11,1.66,4.05,6.16,1.59,3.83,5.67,,,,,,
FIN,Veikkausliiga,2020,22/10/2020,16:30,Inter Turku,TPS,3,0,H,1.38,4.8,9.88,1.41,5,9.88,1.37,4.75,8.02,,,,,,
FIN,Veikkausliiga,2020,22/10/2020,16:30,KuPS,Haka,2,3,A,1.3,5.97,9.96,1.33,6,11,1.29,5.61,9.15,,,,,,
FIN,Veikkausliiga,2020,22/10/2020,16:30,SJK,Ilves,1,3,A,2.97,3.25,2.61,3.05,3.42,2.61,2.83,3.21,2.48,,,,,,
FIN,Veikkausliiga,2020,31/10/2020,14:00,TPS,SJK,1,0,H,2.85,3.52,2.54,2.89,3.6,2.56,2.75,3.35,2.48,,,,,,
FIN,Veikkausliiga,2020,01/11/2020,15:30,Mariehamn,HJK,0,5,A,9.95,5.57,1.33,12,5.95,1.33,9.28,5.53,1.29,,,,,,
FIN,Veikkausliiga,2020,04/11/2020,16:30,Haka,Mariehamn,0,1,A,3.05,3.66,2.35,3.05,3.66,2.52,2.88,3.48,2.32,,,,,,
FIN,Veikkausliiga,2020,04/11/2020,16:30,HJK,Inter Turku,1,1,D,1.88,3.96,4.09,1.91,3.96,4.25,1.83,3.76,3.93,,,,,,
FIN,Veikkausliiga,2020,04/11/2020,16:30,Ilves,Honka,4,1,H,3.41,3.49,2.23,3.42,3.55,2.23,3.23,3.38,2.16,,,,,,
FIN,Veikkausliiga,2020,04/11/2020,16:30,Lahti,HIFK,2,1,H,2.11,3.62,3.58,2.11,3.7,3.61,2.04,3.53,3.43,,,,,,
FIN,Veikkausliiga,2020,04/11/2020,16:30,Rovaniemi,SJK,2,3,A,5.1,4.2,1.68,5.25,4.2,1.69,4.75,4.04,1.64,,,,,,
FIN,Veikkausliiga,2020,04/11/2020,16:30,TPS,KuPS,3,2,H,3.91,4.01,1.91,4.06,4.05,1.91,3.8,3.8,1.85,,,,,,
FIN,Veikkausliiga,2020,11/11/2020,16:30,KTP,TPS,0,0,D,3.69,3.33,2.19,3.75,3.45,2.19,3.42,3.22,2.12,,,,,,
FIN,Veikkausliiga,2020,14/11/2020,14:00,TPS,KTP,1,1,D,1.73,3.84,5.19,1.83,3.84,5.21,1.7,3.6,4.81,,,,,,
FIN,Veikkausliiga,2021,24/04/2021,13:00,HJK,Honka,4,2,H,1.56,4.27,6.37,1.59,4.52,6.75,1.54,4.05,5.89,,,,,,
FIN,Veikkausliiga,2021,24/04/2021,15:00,Inter Turku,KuPS,1,0,H,3.25,3.28,2.41,3.37,3.38,2.41,3.16,3.18,2.29,,,,,,
FIN,Veikkausliiga,2021,02/05/2021,16:30,KuPS,HJK,0,0,D,3.33,3.6,2.22,3.5,3.6,2.3,3.15,3.39,2.2,,,,,,
FIN,Veikkausliiga,2021,03/05/2021,16:30,AC Oulu,Ilves,0,2,A,3.43,3.13,2.4,3.46,3.2,2.4,3.27,3.06,2.3,,,,,,
FIN,Veikkausliiga,2021,03/05/2021,16:30,HIFK,Haka,2,0,H,2.71,3.16,2.92,2.71,3.25,2.97,2.57,3.05,2.85,,,,,,
FIN,Veikkausliiga,2021,03/05/2021,16:30,Honka,Mariehamn,0,2,A,1.79,3.82,4.72,1.81,3.82,5.25,1.77,3.6,4.47,,,,,,
FIN,Veikkausliiga,2021,03/05/2021,16:30,Lahti,Inter Turku,2,1,H,3.5,3.23,2.31,3.58,3.36,2.32,3.29,3.16,2.23,,,,,,
FIN,Veikkausliiga,2021,03/05/2021,16:30,SJK,KTP,1,1,D,1.39,4.94,9.05,1.41,4.94,9.2,1.37,4.63,8.12,,,,,,
FIN,Veikkausliiga,2021,07/05/2021,16:30,KTP,Honka,1,3,A,5.55,4.09,1.65,5.67,4.09,1.77,5.29,3.83,1.62,,,,,,
FIN,Veikkausliiga,2021,07/05/2021,16:30,SJK,HIFK,1,1,D,2.17,3.28,3.81,2.21,3.34,3.82,2.13,3.17,3.55,,,,,,
FIN,Veikkausliiga,2021,09/05/2021,14:00,Inter Turku,Haka,2,1,H,1.63,3.8,6.42,1.65,4,6.44,1.59,3.68,5.92,,,,,,
FIN,Veikkausliiga,2021,09/05/2021,16:30,Mariehamn,AC Oulu,3,1,H,1.99,3.55,4.07,2.01,3.72,4.19,1.91,3.46,3.92,,,,,,
FIN,Veikkausliiga,2021,11/05/2021,16:30,Ilves,HJK,0,3,A,4.78,3.43,1.89,4.9,3.6,1.91,4.46,3.38,1.82,,,,,,
FIN,Veikkausliiga,2021,11/05/2021,16:30,Lahti,KuPS,2,4,A,3.82,3.24,2.18,3.82,3.4,2.25,3.59,3.14,2.12,,,,,,
FIN,Veikkausliiga,2021,14/05/2021,16:30,Haka,KTP,0,3,A,1.74,3.81,5.07,1.77,3.81,5.5,1.7,3.61,4.92,,,,,,
FIN,Veikkausliiga,2021,14/05/2021,16:30,Honka,Inter Turku,1,2,A,3.37,3.09,2.4,3.45,3.25,2.4,3.24,3.1,2.28,,,,,,
FIN,Veikkausliiga,2021,14/05/2021,16:30,KuPS,Mariehamn,2,0,H,1.47,4.61,7.58,1.5,4.62,8.5,1.44,4.25,7.27,,,,,,
FIN,Veikkausliiga,2021,15/05/2021,15:00,AC Oulu,SJK,0,2,A,4.2,3.12,2.09,4.45,3.25,2.1,4.05,3.09,2.01,,,,,,
FIN,Veikkausliiga,2021,15/05/2021,15:00,HIFK,Ilves,1,1,D,3.42,3.2,2.32,3.45,3.25,2.5,3.19,3.04,2.35,,,,,,
FIN,Veikkausliiga,2021,17/05/2021,16:30,HJK,Lahti,2,0,H,1.42,4.8,8.13,1.43,5.15,8.3,1.38,4.72,7.49,,,,,,
FIN,Veikkausliiga,2021,22/05/2021,13:00,Inter Turku,KTP,2,1,H,1.3,5.45,12.04,1.31,5.75,13,1.28,5.35,10.52,,,,,,
FIN,Veikkausliiga,2021,22/05/2021,15:00,Lahti,Honka,1,0,H,3,3.24,2.59,3,3.35,2.62,2.84,3.13,2.52,,,,,,
FIN,Veikkausliiga,2021,22/05/2021,15:00,SJK,HJK,0,2,A,5.83,3.87,1.66,6.5,4.15,1.69,5.5,3.79,1.61,,,,,,
FIN,Veikkausliiga,2021,22/05/2021,17:00,Ilves,KuPS,3,2,H,3.92,3.21,2.17,4.25,3.6,2.22,3.74,3.16,2.07,,,,,,
FIN,Veikkausliiga,2021,23/05/2021,16:30,AC Oulu,HIFK,1,2,A,3.64,3.07,2.34,3.78,3.1,2.38,3.47,2.94,2.28,,,,,,
FIN,Veikkausliiga,2021,23/05/2021,16:30,Mariehamn,Haka,0,3,A,2.42,3.41,3.12,2.44,3.53,3.12,2.34,3.3,2.97,,,,,,
FIN,Veikkausliiga,2021,28/05/2021,16:00,HJK,AC Oulu,3,1,H,1.17,8.65,16.2,1.18,9.2,19,1.15,7.74,14.97,,,,,,
FIN,Veikkausliiga,2021,28/05/2021,16:30,Ilves,KTP,2,0,H,1.53,4.19,7.22,1.55,4.19,7.7,1.5,3.96,6.67,,,,,,
FIN,Veikkausliiga,2021,29/05/2021,13:00,Honka,SJK,0,1,A,2.46,3.15,3.29,2.5,3.25,3.3,2.38,3.06,3.13,,,,,,
FIN,Veikkausliiga,2021,29/05/2021,15:00,HIFK,Inter Turku,1,4,A,4.01,3.08,2.2,4.15,3.25,2.25,3.72,3.03,2.13,,,,,,
FIN,Veikkausliiga,2021,29/05/2021,15:00,KuPS,Haka,1,2,A,1.43,4.55,8.7,1.46,4.65,9,1.41,4.42,7.57,,,,,,
FIN,Veikkausliiga,2021,30/05/2021,16:30,Mariehamn,Lahti,0,3,A,2.94,3.4,2.54,3,3.44,2.54,2.83,3.28,2.44,,,,,,
FIN,Veikkausliiga,2021,10/06/2021,16:30,SJK,KuPS,0,1,A,3.72,3.33,2.18,3.85,3.4,2.21,3.53,3.22,2.11,,,,,,
FIN,Veikkausliiga,2021,10/06/2021,16:30,Lahti,Ilves,3,1,H,2.74,3.35,2.75,2.76,3.4,2.85,2.64,3.18,2.66,,,,,,
FIN,Veikkausliiga,2021,10/06/2021,16:30,KTP,HIFK,0,2,A,3.68,3.27,2.22,3.82,3.35,2.22,3.49,3.16,2.15,,,,,,
FIN,Veikkausliiga,2021,10/06/2021,16:00,Inter Turku,Mariehamn,3,0,H,1.53,4.27,6.9,1.53,4.5,7.1,1.5,4.16,6.21,,,,,,
FIN,Veikkausliiga,2021,10/06/2021,16:30,Haka,HJK,1,2,A,8.38,4.83,1.42,10,5,1.44,7.65,4.62,1.39,,,,,,
FIN,Veikkausliiga,2021,11/06/2021,16:30,AC Oulu,Honka,0,2,A,4.99,3.49,1.84,5,3.6,1.88,4.61,3.34,1.81,,,,,,
FIN,Veikkausliiga,2021,14/06/2021,16:30,KuPS,Inter Turku,1,0,H,2.17,3.34,3.74,2.26,3.34,3.75,2.15,3.16,3.52,,,,,,
FIN,Veikkausliiga,2021,14/06/2021,16:30,Mariehamn,HJK,0,1,A,8.47,5.28,1.38,9.4,5.5,1.39,7.89,4.97,1.35,,,,,,
FIN,Veikkausliiga,2021,14/06/2021,16:30,SJK,Ilves,1,0,H,2.46,3.26,3.18,2.55,3.3,3.2,2.44,3.1,2.99,,,,,,
FIN,Veikkausliiga,2021,15/06/2021,16:00,HIFK,Honka,1,0,H,3.16,3.26,2.47,3.3,3.26,2.65,3.02,3.06,2.44,,,,,,
FIN,Veikkausliiga,2021,15/06/2021,16:30,Haka,Lahti,1,1,D,2.72,3.38,2.75,2.73,3.5,2.77,2.62,3.27,2.63,,,,,,
FIN,Veikkausliiga,2021,15/06/2021,16:30,KTP,AC Oulu,1,3,A,2.69,3.21,2.91,2.72,3.21,3.2,2.52,3.06,2.9,,,,,,
FIN,Veikkausliiga,2021,18/06/2021,16:00,HJK,Ilves,2,1,H,1.44,4.64,8.08,1.47,5,9.6,1.41,4.53,7.43,,,,,,
FIN,Veikkausliiga,2021,18/06/2021,16:30,Inter Turku,SJK,2,0,H,1.89,3.46,4.72,1.91,3.58,4.77,1.84,3.33,4.51,,,,,,
FIN,Veikkausliiga,2021,19/06/2021,15:00,KuPS,Honka,2,1,H,1.65,3.83,6.08,1.67,3.94,6.25,1.61,3.69,5.78,,,,,,
FIN,Veikkausliiga,2021,23/06/2021,16:30,Ilves,Inter Turku,2,1,H,3.73,3.34,2.17,3.75,3.52,2.2,3.55,3.28,2.09,,,,,,
FIN,Veikkausliiga,2021,23/06/2021,16:30,Lahti,HIFK,0,0,D,2.26,3.2,3.65,2.29,3.35,3.85,2.18,3.12,3.48,,,,,,
FIN,Veikkausliiga,2021,24/06/2021,16:30,AC Oulu,KuPS,0,2,A,10.09,4.68,1.39,10.2,4.75,1.42,8.91,4.5,1.37,,,,,,
FIN,Veikkausliiga,2021,24/06/2021,16:30,HJK,KTP,2,0,H,1.12,10.27,26.23,1.13,11,36,1.09,9.54,23.57,,,,,,
FIN,Veikkausliiga,2021,24/06/2021,16:30,Honka,Haka,2,1,H,2.03,3.37,4.17,2.1,3.5,4.35,1.99,3.29,3.88,,,,,,
FIN,Veikkausliiga,2021,24/06/2021,16:30,Mariehamn,SJK,0,1,A,3.37,3.29,2.34,3.4,3.4,2.36,3.24,3.21,2.25,,,,,,
FIN,Veikkausliiga,2021,30/06/2021,16:30,Haka,Honka,1,1,D,3.09,3.4,2.44,3.13,3.45,2.55,2.96,3.23,2.38,,,,,,
FIN,Veikkausliiga,2021,30/06/2021,16:30,HIFK,HJK,0,1,A,8.78,4.64,1.42,9.28,5,1.43,8.1,4.46,1.39,,,,,,
FIN,Veikkausliiga,2021,30/06/2021,16:30,Inter Turku,Lahti,1,1,D,2.04,3.38,4.12,2.1,3.58,4.9,1.95,3.35,3.97,,,,,,
FIN,Veikkausliiga,2021,30/06/2021,16:30,KTP,Ilves,1,1,D,6.72,4.45,1.52,6.75,4.65,1.63,6.3,4.27,1.49,,,,,,
FIN,Veikkausliiga,2021,30/06/2021,16:30,KuPS,AC Oulu,2,0,H,1.2,7.12,16.78,1.22,7.55,19,1.17,6.84,15.24,,,,,,
FIN,Veikkausliiga,2021,30/06/2021,16:30,SJK,Mariehamn,3,0,H,1.7,3.92,5.3,1.72,4,5.5,1.67,3.68,5.08,,,,,,
FIN,Veikkausliiga,2021,04/07/2021,16:30,Lahti,SJK,2,1,H,2.74,3.27,2.8,2.81,3.3,2.94,2.62,3.07,2.79,,,,,,
FIN,Veikkausliiga,2021,04/07/2021,16:30,Mariehamn,HIFK,0,0,D,3.04,3.2,2.59,3.2,3.2,2.62,2.99,3.09,2.45,,,,,,
FIN,Veikkausliiga,2021,05/07/2021,16:30,AC Oulu,KTP,1,1,D,2.04,3.36,4.16,2.06,3.36,4.25,2,3.22,3.93,,,,,,
FIN,Veikkausliiga,2021,05/07/2021,16:30,Ilves,Haka,1,0,H,2.04,3.65,3.78,2.05,3.75,4,1.97,3.51,3.66,,,,,,
FIN,Veikkausliiga,2021,11/07/2021,16:30,Haka,KuPS,0,1,A,4.72,3.56,1.86,5,3.6,1.88,4.47,3.44,1.82,,,,,,
FIN,Veikkausliiga,2021,11/07/2021,16:30,Honka,AC Oulu,1,0,H,1.65,3.68,6.48,1.69,3.74,6.5,1.62,3.56,5.98,,,,,,
FIN,Veikkausliiga,2021,12/07/2021,16:30,HIFK,Lahti,0,1,A,2.94,3.13,2.72,3,3.2,2.75,2.83,3.01,2.63,,,,,,
FIN,Veikkausliiga,2021,12/07/2021,16:30,KTP,Mariehamn,1,3,A,3.72,3.4,2.15,3.75,3.5,2.17,3.53,3.29,2.1,,,,,,
FIN,Veikkausliiga,2021,16/07/2021,16:30,Ilves,SJK,0,1,A,2.68,3.24,2.9,2.69,3.24,2.92,2.58,3.11,2.81,,,,,,
FIN,Veikkausliiga,2021,16/07/2021,16:30,Lahti,Mariehamn,1,1,D,1.74,3.92,4.98,1.83,4,5.09,1.72,3.71,4.68,,,,,,
FIN,Veikkausliiga,2021,17/07/2021,16:30,AC Oulu,HJK,2,1,H,8.35,4.09,1.5,9.9,4.45,1.52,7.43,4.07,1.47,,,,,,
FIN,Veikkausliiga,2021,19/07/2021,16:30,Inter Turku,HIFK,0,1,A,1.77,3.43,5.77,1.78,3.75,5.8,1.71,3.38,5.47,,,,,,
FIN,Veikkausliiga,2021,19/07/2021,16:30,KTP,Haka,0,0,D,5.01,3.45,1.85,5.1,3.65,1.88,4.63,3.44,1.8,,,,,,
FIN,Veikkausliiga,2021,23/07/2021,16:30,HIFK,KTP,2,2,D,1.48,4.3,8.22,1.48,4.35,8.75,1.44,4.13,7.77,,,,,,
FIN,Veikkausliiga,2021,24/07/2021,15:00,HJK,Haka,2,0,H,1.37,4.91,10.18,1.38,5,10.23,1.34,4.73,9.32,,,,,,
FIN,Veikkausliiga,2021,24/07/2021,15:00,SJK,AC Oulu,3,2,H,1.66,3.71,6.29,1.69,4,6.3,1.63,3.64,5.76,,,,,,
FIN,Veikkausliiga,2021,25/07/2021,14:30,Mariehamn,Inter Turku,0,2,A,5.22,3.97,1.7,5.25,4,1.88,4.94,3.83,1.66,,,,,,
FIN,Veikkausliiga,2021,25/07/2021,16:30,Honka,Lahti,1,1,D,2.63,3.31,2.89,2.65,3.31,3.08,2.55,3.17,2.81,,,,,,
FIN,Veikkausliiga,2021,25/07/2021,16:30,KuPS,Ilves,1,0,H,1.56,4.42,6.15,1.84,4.42,6.5,1.54,4.16,5.73,,,,,,
FIN,Veikkausliiga,2021,30/07/2021,16:30,Ilves,AC Oulu,1,0,H,1.93,3.52,4.42,1.93,3.8,4.56,1.87,3.43,4.21,,,,,,
FIN,Veikkausliiga,2021,30/07/2021,16:30,Lahti,KTP,3,0,H,1.49,4.35,7.59,1.51,4.5,7.59,1.46,4.21,7,,,,,,
FIN,Veikkausliiga,2021,31/07/2021,15:00,HJK,SJK,0,0,D,1.61,4.04,6.23,1.61,4.06,6.5,1.57,3.85,5.89,,,,,,
FIN,Veikkausliiga,2021,02/08/2021,16:30,Inter Turku,Honka,2,2,D,2.06,3.45,3.93,2.12,3.58,3.93,2.01,3.34,3.68,,,,,,
FIN,Veikkausliiga,2021,07/08/2021,13:00,AC Oulu,Mariehamn,1,0,H,2.1,3.5,3.76,2.11,3.65,3.76,2.05,3.38,3.56,,,,,,
FIN,Veikkausliiga,2021,07/08/2021,15:00,KTP,HJK,0,1,A,12.19,6.28,1.26,15,6.5,1.28,12.05,5.93,1.23,,,,,,
FIN,Veikkausliiga,2021,08/08/2021,14:00,Haka,Inter Turku,1,0,H,4.06,3.6,1.98,4.06,3.6,2.03,3.8,3.43,1.96,,,,,,
FIN,Veikkausliiga,2021,08/08/2021,16:30,Honka,Ilves,4,1,H,2.45,3.21,3.25,2.45,3.5,3.35,2.32,3.21,3.11,,,,,,
FIN,Veikkausliiga,2021,08/08/2021,16:30,KuPS,Lahti,2,2,D,1.65,4.16,5.42,1.75,4.16,5.58,1.68,3.8,4.91,,,,,,
FIN,Veikkausliiga,2021,13/08/2021,16:30,Lahti,Haka,0,2,A,2.58,3.35,2.93,2.58,3.5,3.5,2.44,3.2,2.9,,,,,,
FIN,Veikkausliiga,2021,14/08/2021,15:00,AC Oulu,Inter Turku,2,0,H,5,3.62,1.81,5.01,3.64,1.88,4.5,3.44,1.81,,,,,,
FIN,Veikkausliiga,2021,15/08/2021,13:00,HJK,Mariehamn,1,0,H,1.23,6.87,12.41,1.24,7,13.25,1.21,6.37,12.03,,,,,,
FIN,Veikkausliiga,2021,15/08/2021,16:30,KuPS,KTP,4,0,H,1.23,6.92,12.72,1.23,6.92,17,1.21,6.34,12.75,,,,,,
FIN,Veikkausliiga,2021,16/08/2021,16:30,SJK,Honka,3,2,H,2.16,3.33,3.76,2.17,3.45,3.76,2.11,3.25,3.53,,,,,,
FIN,Veikkausliiga,2021,20/08/2021,16:30,Haka,AC Oulu,0,1,A,1.92,3.52,4.47,2.15,3.53,4.55,1.91,3.32,4.17,,,,,,
FIN,Veikkausliiga,2021,21/08/2021,13:00,Inter Turku,Ilves,2,0,H,1.7,3.89,5.33,1.74,4.04,5.9,1.67,3.77,5.02,,,,,,
FIN,Veikkausliiga,2021,22/08/2021,16:30,HIFK,KuPS,1,5,A,4.51,3.44,1.93,4.51,3.5,2,4.2,3.29,1.92,,,,,,
FIN,Veikkausliiga,2021,22/08/2021,16:30,Mariehamn,Honka,1,3,A,4,3.56,2.01,4.06,3.61,2.06,3.77,3.38,1.99,,,,,,
FIN,Veikkausliiga,2021,23/08/2021,16:30,Lahti,HJK,0,1,A,4.3,3.29,2.03,4.33,3.5,2.05,4.1,3.26,1.94,,,,,,
FIN,Veikkausliiga,2021,27/08/2021,16:30,SJK,Haka,4,0,H,1.93,3.45,4.5,1.98,3.45,4.6,1.9,3.34,4.19,,,,,,
FIN,Veikkausliiga,2021,28/08/2021,11:00,Honka,HIFK,0,3,A,2.11,3.28,3.99,2.13,3.5,4.4,2,3.27,3.89,,,,,,
FIN,Veikkausliiga,2021,28/08/2021,15:00,AC Oulu,Lahti,1,1,D,2.89,3.14,2.76,3.11,3.31,2.76,2.94,3.05,2.52,,,,,,
FIN,Veikkausliiga,2021,29/08/2021,16:30,HJK,KuPS,1,1,D,2.19,3.42,3.59,2.2,3.5,3.84,2.1,3.29,3.52,,,,,,
FIN,Veikkausliiga,2021,29/08/2021,16:30,Mariehamn,Ilves,1,0,H,3.05,3.36,2.48,3.1,3.36,2.65,2.95,3.17,2.44,,,,,,
FIN,Veikkausliiga,2021,31/08/2021,16:30,KTP,Inter Turku,1,3,A,11.1,6.03,1.28,12,6.05,1.29,10.91,5.74,1.75,,,,,,
FIN,Veikkausliiga,2021,05/09/2021,16:30,Mariehamn,KuPS,0,1,A,5.26,3.95,1.7,5.6,4.1,1.7,5.07,3.85,1.64,,,,,,
FIN,Veikkausliiga,2021,07/09/2021,16:30,HIFK,SJK,1,0,H,3.14,3.23,2.5,3.14,3.3,2.51,3,3.13,2.42,,,,,,
FIN,Veikkausliiga,2021,11/09/2021,15:00,Haka,Mariehamn,1,2,A,2.19,3.24,3.79,2.19,3.4,3.95,2.08,3.23,3.64,,,,,,
FIN,Veikkausliiga,2021,11/09/2021,15:00,HIFK,AC Oulu,3,1,H,1.95,3.46,4.39,2.01,3.46,4.4,1.93,3.29,4.11,,,,,,
FIN,Veikkausliiga,2021,11/09/2021,15:00,Honka,KTP,3,1,H,1.35,5.09,10.6,1.36,5.5,12,1.3,5.1,10.14,,,,,,
FIN,Veikkausliiga,2021,11/09/2021,15:00,Ilves,Lahti,1,0,H,2.44,3.37,3.11,2.57,3.4,3.22,2.39,3.22,2.98,,,,,,
FIN,Veikkausliiga,2021,11/09/2021,15:00,Inter Turku,HJK,1,3,A,3.56,3.2,2.3,3.6,3.3,2.35,3.31,3.1,2.27,,,,,,
FIN,Veikkausliiga,2021,11/09/2021,15:00,KuPS,SJK,3,0,H,1.83,3.91,4.39,1.83,4,4.95,1.77,3.73,4.34,,,,,,
FIN,Veikkausliiga,2021,14/09/2021,16:30,Ilves,HIFK,1,0,H,2.5,3.33,3.06,2.55,3.34,3.25,2.43,3.14,2.99,,,,,,
FIN,Veikkausliiga,2021,14/09/2021,16:30,KTP,SJK,0,1,A,7.08,4.17,1.54,7.08,4.3,1.55,6.54,4.06,1.5,,,,,,
FIN,Veikkausliiga,2021,18/09/2021,13:00,HIFK,Mariehamn,0,3,A,2.31,3.31,3.41,2.35,3.43,3.74,2.21,3.23,3.3,,,,,,
FIN,Veikkausliiga,2021,18/09/2021,15:00,Haka,Ilves,0,1,A,2.85,3.04,2.88,2.85,3.27,2.9,2.72,2.99,2.75,,,,,,
FIN,Veikkausliiga,2021,18/09/2021,15:00,KTP,KuPS,1,2,A,15.7,6.54,1.22,17,6.9,1.23,14.16,6.39,1.2,,,,,,
FIN,Veikkausliiga,2021,18/09/2021,15:00,Lahti,AC Oulu,0,0,D,2.14,3.37,3.79,2.26,3.48,3.97,2.09,3.25,3.6,,,,,,
FIN,Veikkausliiga,2021,18/09/2021,15:00,SJK,Inter Turku,2,2,D,2.86,3.21,2.73,3.03,3.41,2.76,2.8,3.12,2.58,,,,,,
FIN,Veikkausliiga,2021,19/09/2021,13:00,Honka,HJK,0,0,D,4.41,3.43,1.96,4.5,3.56,1.99,4.14,3.31,1.92,,,,,,
FIN,Veikkausliiga,2021,22/09/2021,16:30,Haka,SJK,4,0,H,3.41,3.36,2.29,3.41,3.43,2.4,3.21,3.21,2.25,,,,,,
FIN,Veikkausliiga,2021,22/09/2021,16:30,HJK,HIFK,0,2,A,1.5,4.16,7.91,1.55,4.2,8.4,1.49,4,7.02,,,,,,
FIN,Veikkausliiga,2021,22/09/2021,16:30,Honka,KuPS,0,1,A,4.27,3.53,1.95,4.27,3.6,2,4,3.39,1.92,,,,,,
FIN,Veikkausliiga,2021,22/09/2021,16:30,Ilves,Mariehamn,2,0,H,2.27,3.46,3.34,2.29,3.47,3.41,2.18,3.28,3.29,,,,,,
FIN,Veikkausliiga,2021,22/09/2021,16:30,Inter Turku,AC Oulu,4,0,H,1.4,5.14,7.97,1.41,5.14,8.5,1.39,4.79,7.4,,,,,,
FIN,Veikkausliiga,2021,22/09/2021,16:30,KTP,Lahti,1,2,A,5.02,4.03,1.71,5.25,4.03,1.78,4.76,3.77,1.7,,,,,,
FIN,Veikkausliiga,2021,26/09/2021,16:30,AC Oulu,Haka,0,1,A,2.98,3.2,2.64,3.05,3.25,2.67,2.88,3.06,2.56,,,,,,
FIN,Veikkausliiga,2021,26/09/2021,16:30,HJK,Inter Turku,0,1,A,1.86,3.84,4.29,1.95,3.84,4.35,1.84,3.61,4.07,,,,,,
FIN,Veikkausliiga,2021,26/09/2021,16:30,Ilves,Honka,0,0,D,2.68,3.18,2.95,2.69,3.26,3.1,2.57,3.08,2.83,,,,,,
FIN,Veikkausliiga,2021,26/09/2021,16:30,KuPS,HIFK,0,0,D,1.49,4.54,7.14,1.51,4.54,7.5,1.46,4.34,6.62,,,,,,
FIN,Veikkausliiga,2021,26/09/2021,16:30,Mariehamn,KTP,4,2,H,1.43,4.95,7.68,1.45,5.2,8.5,1.4,4.75,7.29,,,,,,
FIN,Veikkausliiga,2021,26/09/2021,16:30,SJK,Lahti,4,1,H,1.8,3.83,4.68,1.83,3.83,4.85,1.78,3.63,4.42,,,,,,
FIN,Veikkausliiga,2021,30/09/2021,16:30,Haka,HIFK,2,0,H,2.88,3.02,2.87,2.89,3.22,2.87,2.77,2.96,2.71,,,,,,
FIN,Veikkausliiga,2021,02/10/2021,13:00,Honka,Mariehamn,1,1,D,2.01,3.43,4.15,2.04,3.65,4.6,1.94,3.37,4.02,,,,,,
FIN,Veikkausliiga,2021,02/10/2021,15:00,KuPS,Ilves,2,1,H,1.59,4.02,6.52,1.61,4.33,7.1,1.56,3.95,5.99,,,,,,
FIN,Veikkausliiga,2021,03/10/2021,13:00,Lahti,KTP,2,1,H,1.66,4.11,5.23,1.69,4.5,5.5,1.65,4,4.85,,,,,,
FIN,Veikkausliiga,2021,03/10/2021,15:00,Haka,AC Oulu,0,0,D,1.97,3.57,4.12,2.05,3.6,4.22,1.94,3.39,3.95,,,,,,
FIN,Veikkausliiga,2021,03/10/2021,15:00,Inter Turku,HIFK,2,0,H,1.61,3.99,6.33,1.66,4.01,6.33,1.6,3.84,5.7,,,,,,
FIN,Veikkausliiga,2021,03/10/2021,16:30,HJK,SJK,2,3,A,1.53,4.51,6.44,1.55,4.53,7,1.5,4.21,6.27,,,,,,
FIN,Veikkausliiga,2021,16/10/2021,13:00,Ilves,HJK,2,3,A,5.87,3.96,1.65,6,4,1.65,5.64,3.81,1.6,,,,,,
FIN,Veikkausliiga,2021,16/10/2021,15:00,AC Oulu,Mariehamn,1,2,A,3.24,3.3,2.41,3.24,3.43,2.6,3.04,3.23,2.34,,,,,,
FIN,Veikkausliiga,2021,16/10/2021,15:00,Haka,Lahti,1,1,D,1.81,3.85,4.57,2,3.85,5,1.8,3.56,4.39,,,,,,
FIN,Veikkausliiga,2021,16/10/2021,15:00,HIFK,SJK,2,2,D,2.94,3.29,2.61,3,3.4,2.63,2.81,3.19,2.5,,,,,,
FIN,Veikkausliiga,2021,16/10/2021,15:00,Inter Turku,KuPS,2,3,A,2.61,3.38,2.87,2.61,3.47,2.94,2.51,3.24,2.76,,,,,,
FIN,Veikkausliiga,2021,16/10/2021,15:00,KTP,Honka,2,0,H,7.52,4.79,1.45,9,4.83,1.5,7.15,4.53,1.42,,,,,,
FIN,Veikkausliiga,2021,22/10/2021,15:30,Lahti,AC Oulu,0,0,D,2.41,3.47,3.08,2.5,3.6,3.11,2.36,3.34,2.92,,,,,,
FIN,Veikkausliiga,2021,22/10/2021,16:30,SJK,Ilves,4,2,H,1.91,3.66,4.3,1.94,3.9,4.5,1.85,3.56,4.08,,,,,,
FIN,Veikkausliiga,2021,23/10/2021,13:00,Honka,Haka,0,2,A,2.42,3.12,3.39,2.45,3.3,3.4,2.32,3.1,3.2,,,,,,
FIN,Veikkausliiga,2021,23/10/2021,15:00,KuPS,HIFK,0,0,D,1.29,5.82,12.13,1.31,6,13,1.27,5.49,10.8,,,,,,
FIN,Veikkausliiga,2021,23/10/2021,15:00,Mariehamn,KTP,5,1,H,1.58,4.4,5.85,1.59,5.1,7.15,1.52,4.36,5.58,,,,,,
FIN,Veikkausliiga,2021,24/10/2021,16:30,HJK,Inter Turku,2,1,H,1.67,4.17,5.18,1.68,4.35,5.8,1.62,3.95,5.14,,,,,,
FIN,Veikkausliiga,2021,27/10/2021,16:30,HJK,HIFK,1,0,H,1.36,5.11,9.8,1.36,5.5,11,1.32,5.05,9.32,,,,,,
FIN,Veikkausliiga,2021,27/10/2021,16:30,Honka,AC Oulu,6,1,H,1.8,3.79,4.76,1.84,3.79,4.95,1.77,3.55,4.59,,,,,,
FIN,Veikkausliiga,2021,27/10/2021,16:30,Ilves,Inter Turku,0,2,A,3.5,3.43,2.22,3.75,3.65,2.22,3.37,3.38,2.12,,,,,,
FIN,Veikkausliiga,2021,27/10/2021,16:30,KTP,Haka,2,4,A,6.29,4.33,1.56,6.5,4.5,1.57,5.82,4.19,1.53,,,,,,
FIN,Veikkausliiga,2021,27/10/2021,16:30,Mariehamn,Lahti,0,3,A,2.19,3.63,3.39,2.19,3.91,4.1,2.09,3.59,3.25,,,,,,
FIN,Veikkausliiga,2021,27/10/2021,16:30,SJK,KuPS,2,2,D,3.83,4.04,1.93,4.2,4.04,2.05,3.9,3.7,1.86,,,,,,
FIN,Veikkausliiga,2021,31/10/2021,13:00,AC Oulu,KTP,2,1,H,2.33,3.82,2.97,2.4,3.85,3.05,2.27,3.66,2.85,,,,,,
FIN,Veikkausliiga,2021,31/10/2021,13:00,Haka,Mariehamn,2,0,H,1.84,4.08,4.16,1.9,4.15,4.16,1.83,3.89,3.86,,,,,,
FIN,Veikkausliiga,2021,31/10/2021,13:00,Lahti,Honka,2,3,A,3.02,3.6,2.39,3.02,3.66,2.45,2.9,3.46,2.32,,,,,,
FIN,Veikkausliiga,2021,31/10/2021,15:00,HIFK,Ilves,0,3,A,2.24,3.62,3.27,2.26,3.65,3.27,2.19,3.46,3.11,,,,,,
FIN,Veikkausliiga,2021,31/10/2021,15:00,Inter Turku,SJK,2,5,A,1.97,4.12,3.6,1.98,4.16,4,1.85,3.89,3.76,,,,,,
FIN,Veikkausliiga,2021,31/10/2021,15:00,KuPS,HJK,1,1,D,2.56,3.36,2.96,2.6,3.4,2.98,2.51,3.2,2.82,,,,,,
FIN,Veikkausliiga,2021,03/11/2021,16:30,Rovaniemi,AC Oulu,2,1,H,3.46,3.07,2.43,3.75,3.19,2.45,3.37,2.99,2.28,,,,,,
FIN,Veikkausliiga,2021,07/11/2021,14:00,AC Oulu,Rovaniemi,2,0,H,1.83,3.76,4.57,1.86,3.85,4.6,1.79,3.61,4.28,,,,,,
FIN,Veikkausliiga,2022,02/04/2022,13:00,HJK,Honka,1,0,H,2,3.17,4.68,2.04,3.48,5,1.89,3.18,4.48,,,,,,
FIN,Veikkausliiga,2022,02/04/2022,15:00,Haka,Ilves,2,1,H,2.59,3.04,3.2,2.6,3.16,3.2,2.48,2.99,3.04,,,,,,
FIN,Veikkausliiga,2022,02/04/2022,15:00,KuPS,Inter Turku,2,1,H,2.11,3.33,3.94,2.16,3.5,4.2,2.03,3.29,3.73,,,,,,
FIN,Veikkausliiga,2022,02/04/2022,15:00,SJK,HIFK,2,1,H,1.71,3.7,5.66,1.75,4.01,5.66,1.71,3.51,5.1,,,,,,
FIN,Veikkausliiga,2022,02/04/2022,15:00,VPS,AC Oulu,2,2,D,2.51,3.14,3.22,2.55,3.3,3.28,2.38,3.13,3.06,,,,,,
FIN,Veikkausliiga,2022,02/04/2022,16:30,Mariehamn,Lahti,0,0,D,2.45,3.61,2.91,2.57,3.61,2.96,2.36,3.43,2.83,,,,,,
FIN,Veikkausliiga,2022,07/04/2022,16:00,Honka,Haka,3,2,H,2.25,3.08,3.85,2.3,3.17,3.85,2.22,3,3.56,,,,,,
FIN,Veikkausliiga,2022,08/04/2022,16:00,Lahti,VPS,0,5,A,2.3,3.61,2.98,2.47,3.61,3.15,2.32,3.38,2.91,,,,,,
FIN,Veikkausliiga,2022,08/04/2022,16:00,SJK,HJK,0,1,A,3.87,3.22,2.18,4,3.34,2.19,3.73,3.16,2.07,,,,,,
FIN,Veikkausliiga,2022,09/04/2022,13:00,Inter Turku,AC Oulu,2,1,H,1.64,3.99,5.83,1.69,4.05,6,1.61,3.81,5.44,,,,,,
FIN,Veikkausliiga,2022,09/04/2022,16:00,HIFK,Mariehamn,1,1,D,2.36,3.33,3.29,2.51,3.33,3.29,2.39,3.15,3.03,,,,,,
FIN,Veikkausliiga,2022,09/04/2022,17:00,Ilves,KuPS,1,2,A,4.79,3.42,1.89,5.09,3.52,2.02,4.33,3.32,1.87,,,,,,
FIN,Veikkausliiga,2022,15/04/2022,16:00,KuPS,SJK,2,0,H,1.73,3.73,5.45,1.83,3.75,6,1.68,3.55,5.32,,,,,,
FIN,Veikkausliiga,2022,17/04/2022,12:00,Inter Turku,Haka,0,2,A,2.44,3.31,3.17,2.44,3.47,3.81,2.3,3.18,3.17,,,,,,
FIN,Veikkausliiga,2022,17/04/2022,14:00,AC Oulu,Ilves,2,2,D,4.1,3.38,2.05,4.1,3.45,2.23,3.72,3.26,2.04,,,,,,
FIN,Veikkausliiga,2022,18/04/2022,16:00,HIFK,Lahti,0,3,A,2.29,3.29,3.47,2.36,3.4,3.47,2.25,3.21,3.22,,,,,,
FIN,Veikkausliiga,2022,18/04/2022,16:00,Mariehamn,Honka,1,1,D,3.96,3.52,2.03,3.99,3.55,2.2,3.51,3.35,2.08,,,,,,
FIN,Veikkausliiga,2022,18/04/2022,16:00,VPS,HJK,0,1,A,8.76,4.56,1.43,8.76,4.75,1.45,7.8,4.42,1.41,,,,,,
FIN,Veikkausliiga,2022,22/04/2022,16:00,Haka,HIFK,2,1,H,1.88,3.3,5.18,1.88,3.61,5.4,1.78,3.32,4.88,,,,,,
FIN,Veikkausliiga,2022,22/04/2022,16:00,Lahti,KuPS,0,1,A,5.89,4.04,1.63,5.89,4.2,1.63,5.45,3.97,1.59,,,,,,
FIN,Veikkausliiga,2022,23/04/2022,13:00,HJK,Inter Turku,1,4,A,1.83,3.56,4.94,1.86,3.68,5.04,1.78,3.47,4.64,,,,,,
FIN,Veikkausliiga,2022,23/04/2022,15:00,Ilves,VPS,3,2,H,1.96,3.54,4.23,2.05,3.56,4.38,1.93,3.38,3.96,,,,,,
FIN,Veikkausliiga,2022,24/04/2022,16:30,Mariehamn,AC Oulu,2,1,H,1.68,4.12,5.18,1.68,4.3,5.25,1.64,4.02,4.82,,,,,,
FIN,Veikkausliiga,2022,25/04/2022,16:00,Honka,SJK,5,1,H,2.26,3.26,3.57,2.26,3.35,3.6,2.19,3.17,3.38,,,,,,
FIN,Veikkausliiga,2022,28/04/2022,16:00,HIFK,HJK,0,2,A,9.42,4.17,1.46,10,4.5,1.46,8.4,4.18,1.42,,,,,,
FIN,Veikkausliiga,2022,29/04/2022,16:00,AC Oulu,Haka,3,0,H,4.52,3.45,1.93,4.58,3.54,1.93,4.33,3.36,1.86,,,,,,
FIN,Veikkausliiga,2022,29/04/2022,16:00,Ilves,SJK,3,1,H,2.73,3.33,2.77,2.75,3.45,2.85,2.58,3.25,2.7,,,,,,
FIN,Veikkausliiga,2022,29/04/2022,16:00,Inter Turku,Mariehamn,4,0,H,1.55,4.39,6.27,1.65,4.42,6.4,1.56,4.07,5.66,,,,,,
FIN,Veikkausliiga,2022,29/04/2022,16:00,KuPS,VPS,3,1,H,1.4,4.65,8.38,1.41,4.85,9.5,1.38,4.55,8.18,,,,,,
FIN,Veikkausliiga,2022,29/04/2022,16:00,Lahti,Honka,0,2,A,4.14,3.81,1.9,4.3,3.81,1.92,4,3.57,1.86,,,,,,
FIN,Veikkausliiga,2022,03/05/2022,16:00,Inter Turku,HJK,0,1,A,3.5,3.21,2.3,3.51,3.38,2.36,3.3,3.15,2.23,,,,,,
FIN,Veikkausliiga,2022,07/05/2022,13:00,SJK,Lahti,1,2,A,1.81,3.93,4.5,2.02,3.95,4.5,1.86,3.63,3.97,,,,,,
FIN,Veikkausliiga,2022,07/05/2022,15:00,AC Oulu,HIFK,1,1,D,2.26,3.12,3.77,2.31,3.4,3.77,2.25,3.12,3.33,,,,,,
FIN,Veikkausliiga,2022,07/05/2022,15:00,Haka,VPS,0,2,A,1.85,3.75,4.48,1.87,3.86,4.58,1.8,3.56,4.35,,,,,,
FIN,Veikkausliiga,2022,07/05/2022,15:00,Honka,Inter Turku,2,1,H,2.31,3.24,3.5,2.31,3.41,3.5,2.2,3.23,3.31,,,,,,
FIN,Veikkausliiga,2022,08/05/2022,16:30,HJK,Ilves,2,1,H,1.45,4.89,7.21,1.48,4.89,8,1.43,4.43,6.96,,,,,,
FIN,Veikkausliiga,2022,08/05/2022,16:30,Mariehamn,KuPS,1,1,D,5.85,4.18,1.61,6.5,4.35,1.62,5.55,3.93,1.58,,,,,,
FIN,Veikkausliiga,2022,12/05/2022,16:00,KuPS,Haka,2,1,H,1.79,3.53,5.25,1.84,3.65,5.3,1.77,3.39,4.89,,,,,,
FIN,Veikkausliiga,2022,12/05/2022,16:00,Lahti,HJK,1,1,D,6.35,4.27,1.56,6.9,4.55,1.56,6.16,4.1,1.52,,,,,,
FIN,Veikkausliiga,2022,13/05/2022,16:00,AC Oulu,Honka,2,1,H,5.2,3.84,1.73,5.2,3.86,1.78,4.89,3.69,1.7,,,,,,
FIN,Veikkausliiga,2022,13/05/2022,16:00,VPS,SJK,0,1,A,2.73,3.14,2.92,2.74,3.43,3.03,2.58,3.07,2.84,,,,,,
FIN,Veikkausliiga,2022,14/05/2022,15:00,Inter Turku,HIFK,2,2,D,1.4,4.81,9.26,1.42,4.81,9.6,1.38,4.51,8.46,,,,,,
FIN,Veikkausliiga,2022,15/05/2022,13:00,Ilves,Mariehamn,1,0,H,2.09,3.65,3.63,2.12,3.75,3.95,2,3.54,3.51,,,,,,
FIN,Veikkausliiga,2022,17/05/2022,16:00,AC Oulu,KuPS,0,3,A,6.06,3.55,1.71,6.06,3.66,1.77,5.37,3.48,1.69,,,,,,
FIN,Veikkausliiga,2022,17/05/2022,16:00,Haka,SJK,1,1,D,2.42,3.2,3.32,2.42,3.3,3.32,2.34,3.13,3.14,,,,,,
FIN,Veikkausliiga,2022,17/05/2022,16:00,HJK,Lahti,3,2,H,1.36,5.62,8.28,1.36,5.66,9.24,1.33,5.24,8.29,,,,,,
FIN,Veikkausliiga,2022,19/05/2022,16:00,VPS,Inter Turku,1,2,A,3.41,3.41,2.27,3.41,3.55,2.27,3.27,3.29,2.19,,,,,,
FIN,Veikkausliiga,2022,20/05/2022,16:00,Honka,Ilves,0,0,D,1.9,3.45,4.7,1.93,3.8,4.76,1.84,3.39,4.39,,,,,,
FIN,Veikkausliiga,2022,21/05/2022,15:00,SJK,Mariehamn,1,0,H,2.04,3.44,4.04,2.07,3.7,4.35,1.98,3.38,3.79,,,,,,
FIN,Veikkausliiga,2022,22/05/2022,14:00,Lahti,AC Oulu,0,2,A,2,3.62,3.95,2.09,3.62,4,1.99,3.38,3.74,,,,,,
FIN,Veikkausliiga,2022,22/05/2022,16:30,HJK,Haka,4,1,H,1.6,4.06,6.24,1.68,4.06,6.24,1.6,3.79,5.6,,,,,,
FIN,Veikkausliiga,2022,23/05/2022,16:00,HIFK,KuPS,0,1,A,7.84,3.83,1.56,8,4,1.56,6.99,3.8,1.52,,,,,,
FIN,Veikkausliiga,2022,28/05/2022,15:00,AC Oulu,SJK,1,0,H,3.19,3.41,2.38,3.2,3.42,2.44,3.01,3.24,2.35,,,,,,
FIN,Veikkausliiga,2022,28/05/2022,15:00,Haka,Lahti,1,1,D,1.88,3.86,4.22,1.91,3.9,4.29,1.83,3.67,4.02,,,,,,
FIN,Veikkausliiga,2022,28/05/2022,15:00,Inter Turku,Ilves,2,2,D,2.07,3.41,3.98,2.12,3.54,4.4,1.98,3.32,3.83,,,,,,
FIN,Veikkausliiga,2022,29/05/2022,14:00,HIFK,Honka,1,2,A,5.8,3.76,1.69,6,3.85,1.7,5.45,3.65,1.64,,,,,,
FIN,Veikkausliiga,2022,29/05/2022,14:00,KuPS,HJK,0,0,D,2.98,3.07,2.73,3,3.26,2.75,2.81,3.01,2.64,,,,,,
FIN,Veikkausliiga,2022,29/05/2022,16:30,Mariehamn,VPS,1,3,A,3.2,3.3,2.43,3.2,3.46,2.84,2.94,3.22,2.42,,,,,,
FIN,Veikkausliiga,2022,18/06/2022,13:00,Haka,Mariehamn,3,2,H,1.93,3.7,4.19,1.97,3.88,4.4,1.88,3.62,3.88,,,,,,
FIN,Veikkausliiga,2022,18/06/2022,13:00,Honka,KuPS,2,0,H,3.11,3.21,2.53,3.23,3.27,2.6,3.04,3.08,2.41,,,,,,
FIN,Veikkausliiga,2022,18/06/2022,15:00,HJK,AC Oulu,0,1,A,1.31,6.01,9.72,1.33,6.01,11,1.29,5.48,9.14,,,,,,
FIN,Veikkausliiga,2022,18/06/2022,15:00,Ilves,Lahti,3,2,H,1.93,3.89,3.92,1.98,3.9,4.05,1.88,3.64,3.82,,,,,,
FIN,Veikkausliiga,2022,18/06/2022,15:00,SJK,Inter Turku,1,1,D,3.23,3.4,2.37,3.23,3.47,2.38,3.04,3.26,2.32,,,,,,
FIN,Veikkausliiga,2022,18/06/2022,21:00,HIFK,VPS,1,5,A,3.67,3.4,2.17,3.67,3.42,2.2,3.47,3.28,2.11,,,,,,
FIN,Veikkausliiga,2022,22/06/2022,16:00,Ilves,HIFK,0,1,A,1.71,3.66,5.78,1.74,4.4,7,1.63,3.73,5.41,,,,,,
FIN,Veikkausliiga,2022,22/06/2022,16:00,Inter Turku,Lahti,5,1,H,1.57,4.58,5.58,1.58,4.59,6.1,1.53,4.36,5.4,,,,,,
FIN,Veikkausliiga,2022,22/06/2022,16:00,KuPS,AC Oulu,2,1,H,1.37,5.15,9.28,1.39,5.15,9.35,1.35,4.78,8.33,,,,,,
FIN,Veikkausliiga,2022,22/06/2022,16:00,SJK,Haka,2,2,D,2.57,3.39,2.91,2.61,3.54,2.93,2.47,3.28,2.78,,,,,,
FIN,Veikkausliiga,2022,22/06/2022,16:00,VPS,Honka,0,1,A,2.95,3.19,2.66,3.2,3.4,2.66,2.88,3.15,2.47,,,,,,
FIN,Veikkausliiga,2022,22/06/2022,17:00,Mariehamn,HJK,2,1,H,7.02,4.62,1.49,7.2,4.75,1.52,6.56,4.44,1.45,,,,,,
FIN,Veikkausliiga,2022,02/07/2022,13:00,Honka,Mariehamn,1,1,D,1.43,4.94,7.75,1.48,4.94,7.75,1.42,4.65,6.65,,,,,,
FIN,Veikkausliiga,2022,02/07/2022,15:00,AC Oulu,VPS,0,6,A,4.34,3.71,1.88,4.4,3.75,2.25,3.99,3.55,1.87,,,,,,
FIN,Veikkausliiga,2022,02/07/2022,15:00,HJK,KuPS,1,1,D,2.3,3.26,3.49,2.36,3.41,3.49,2.28,3.18,3.18,,,,,,
FIN,Veikkausliiga,2022,02/07/2022,16:00,Lahti,Inter Turku,2,1,H,4.03,3.97,1.89,4.2,4,1.9,3.93,3.74,1.83,,,,,,
FIN,Veikkausliiga,2022,04/07/2022,16:00,HIFK,Ilves,0,1,A,3.64,3.49,2.1,4,3.6,2.13,3.5,3.4,2.04,,,,,,
FIN,Veikkausliiga,2022,09/07/2022,15:00,HIFK,Haka,0,2,A,4.09,3.74,1.93,4.4,3.74,1.98,3.93,3.57,1.87,,,,,,
FIN,Veikkausliiga,2022,09/07/2022,15:30,VPS,Mariehamn,1,3,A,2.01,3.78,3.74,2.07,3.9,4.35,1.93,3.65,3.63,,,,,,
FIN,Veikkausliiga,2022,10/07/2022,14:00,KuPS,Lahti,4,0,H,1.45,4.95,7.21,1.5,4.95,7.6,1.44,4.51,6.51,,,,,,
FIN,Veikkausliiga,2022,10/07/2022,14:00,SJK,Honka,3,2,H,3.86,3.42,2.1,3.9,3.5,2.1,3.67,3.29,2.03,,,,,,
FIN,Veikkausliiga,2022,11/07/2022,16:00,Ilves,AC Oulu,0,2,A,1.76,3.97,4.78,1.77,4,5,1.73,3.74,4.5,,,,,,
FIN,Veikkausliiga,2022,15/07/2022,16:00,Honka,Lahti,5,0,H,1.57,4.22,6.41,1.58,4.75,6.95,1.52,4.19,5.8,,,,,,
FIN,Veikkausliiga,2022,16/07/2022,15:00,HJK,VPS,3,1,H,1.42,4.95,7.89,1.42,5,8.2,1.39,4.68,7.43,,,,,,
FIN,Veikkausliiga,2022,16/07/2022,16:30,Mariehamn,HIFK,1,1,D,1.67,4.24,5.14,1.67,4.3,5.7,1.61,4.05,4.94,,,,,,
FIN,Veikkausliiga,2022,17/07/2022,14:00,SJK,Ilves,3,3,D,2.49,3.39,3.02,2.51,3.44,3.1,2.41,3.21,2.9,,,,,,
FIN,Veikkausliiga,2022,18/07/2022,16:00,Haka,Inter Turku,3,2,H,2.2,3.47,3.5,2.21,3.56,3.5,2.14,3.34,3.3,,,,,,
FIN,Veikkausliiga,2022,23/07/2022,12:00,Ilves,HJK,1,2,A,4.48,3.86,1.83,4.83,3.92,1.84,4.33,3.66,1.77,,,,,,
FIN,Veikkausliiga,2022,23/07/2022,15:00,AC Oulu,Mariehamn,3,1,H,3.07,3.63,2.34,3.13,3.67,2.4,2.95,3.44,2.28,,,,,,
FIN,Veikkausliiga,2022,23/07/2022,15:00,VPS,Haka,3,3,D,2.65,3.49,2.75,2.65,3.54,2.8,2.53,3.33,2.67,,,,,,
FIN,Veikkausliiga,2022,24/07/2022,14:00,KuPS,HIFK,5,1,H,1.26,6.68,10.56,1.26,7.2,18,1.2,6.39,12.5,,,,,,
FIN,Veikkausliiga,2022,24/07/2022,14:00,Lahti,SJK,1,3,A,3.38,3.65,2.18,3.38,3.65,2.3,3.11,3.42,2.2,,,,,,
FIN,Veikkausliiga,2022,25/07/2022,16:00,Inter Turku,Honka,0,1,A,2.96,3.27,2.61,3.1,3.4,2.61,2.87,3.17,2.47,,,,,,
FIN,Veikkausliiga,2022,29/07/2022,16:00,Lahti,Ilves,1,1,D,3.08,3.72,2.31,3.6,3.8,2.31,3.14,3.56,2.13,,,,,,
FIN,Veikkausliiga,2022,30/07/2022,15:00,HJK,Mariehamn,1,0,H,1.34,5.84,8.87,1.36,6,9.5,1.31,5.54,8.22,,,,,,
FIN,Veikkausliiga,2022,30/07/2022,15:00,Honka,VPS,4,0,H,1.78,3.76,4.96,1.82,3.85,5.2,1.76,3.57,4.53,,,,,,
FIN,Veikkausliiga,2022,31/07/2022,13:00,Haka,KuPS,2,1,H,3.15,3.6,2.31,3.4,3.6,2.38,3.01,3.33,2.29,,,,,,
FIN,Veikkausliiga,2022,31/07/2022,14:00,SJK,AC Oulu,3,2,H,1.85,4.03,4.17,1.89,4.03,4.35,1.79,3.81,4.04,,,,,,
FIN,Veikkausliiga,2022,01/08/2022,16:00,HIFK,Inter Turku,0,3,A,5.41,4,1.68,5.41,4.05,1.69,4.95,3.88,1.64,,,,,,
FIN,Veikkausliiga,2022,06/08/2022,13:00,VPS,Ilves,3,0,H,2.32,3.73,3.04,2.35,3.8,3.04,2.28,3.48,2.9,,,,,,
FIN,Veikkausliiga,2022,06/08/2022,15:00,Inter Turku,SJK,1,0,H,2.12,3.68,3.5,2.16,3.7,3.5,2.09,3.45,3.33,,,,,,
FIN,Veikkausliiga,2022,06/08/2022,16:30,Mariehamn,Haka,2,0,H,2.63,3.62,2.69,2.63,3.75,2.69,2.53,3.52,2.57,,,,,,
FIN,Veikkausliiga,2022,07/08/2022,14:00,KuPS,Honka,1,1,D,1.97,3.53,4.2,2.1,3.53,4.2,1.98,3.3,3.82,,,,,,
FIN,Veikkausliiga,2022,07/08/2022,17:00,AC Oulu,HJK,1,1,D,6.94,4.85,1.47,7.5,4.85,1.49,6.47,4.46,1.45,,,,,,
FIN,Veikkausliiga,2022,08/08/2022,16:00,Lahti,HIFK,0,0,D,1.64,4.41,5.15,1.78,4.41,5.15,1.64,4.09,4.63,,,,,,
FIN,Veikkausliiga,2022,12/08/2022,16:00,Haka,AC Oulu,3,2,H,1.54,4.65,5.92,1.65,4.65,6,1.53,4.31,5.52,,,,,,
FIN,Veikkausliiga,2022,13/08/2022,15:00,Ilves,Honka,0,4,A,4.49,3.96,1.8,4.85,3.96,1.82,4.44,3.67,1.75,,,,,,
FIN,Veikkausliiga,2022,13/08/2022,15:00,Inter Turku,VPS,1,1,D,2.08,3.57,3.72,2.11,3.75,3.72,2.03,3.42,3.52,,,,,,
FIN,Veikkausliiga,2022,14/08/2022,14:00,KuPS,Mariehamn,1,0,H,1.47,5.11,6.57,1.47,5.11,6.8,1.44,4.76,6.14,,,,,,
FIN,Veikkausliiga,2022,15/08/2022,16:00,HIFK,SJK,0,2,A,5.33,4.52,1.61,5.5,4.52,1.73,4.92,4.15,1.61,,,,,,
FIN,Veikkausliiga,2022,20/08/2022,15:00,SJK,KuPS,2,1,H,4.01,3.65,1.98,4.2,3.76,1.98,3.84,3.57,1.9,,,,,,
FIN,Veikkausliiga,2022,20/08/2022,15:00,VPS,Lahti,2,3,A,1.65,4.41,5.02,1.66,4.5,5.3,1.61,4.13,4.92,,,,,,
FIN,Veikkausliiga,2022,21/08/2022,14:00,AC Oulu,Inter Turku,1,0,H,4.96,4.01,1.72,5,4.01,1.8,4.67,3.77,1.7,,,,,,
FIN,Veikkausliiga,2022,21/08/2022,14:00,Haka,HJK,0,3,A,3.66,3.69,2.07,3.95,3.75,2.08,3.51,3.54,2,,,,,,
FIN,Veikkausliiga,2022,21/08/2022,16:30,Mariehamn,Ilves,1,5,A,2.19,3.75,3.29,2.22,3.91,3.3,2.15,3.59,3.09,,,,,,
FIN,Veikkausliiga,2022,22/08/2022,16:00,Honka,HIFK,4,1,H,1.22,7.03,13.72,1.24,7.15,15,1.21,6.27,12.34,,,,,,
FIN,Veikkausliiga,2022,26/08/2022,16:00,Lahti,Mariehamn,0,2,A,2.74,3.71,2.55,2.8,3.71,2.62,2.65,3.48,2.47,,,,,,
FIN,Veikkausliiga,2022,27/08/2022,13:00,Honka,AC Oulu,2,2,D,1.29,5.93,11.27,1.3,6.05,12,1.26,5.53,10.53,,,,,,
FIN,Veikkausliiga,2022,27/08/2022,13:00,Ilves,Haka,2,3,A,2.85,3.42,2.6,2.85,3.7,2.61,2.68,3.36,2.52,,,,,,
FIN,Veikkausliiga,2022,27/08/2022,15:00,Inter Turku,KuPS,1,2,A,3.29,3.21,2.43,3.45,3.39,2.43,3.13,3.16,2.31,,,,,,
FIN,Veikkausliiga,2022,28/08/2022,16:00,VPS,HIFK,1,1,D,1.45,5.13,6.84,1.46,5.13,7,1.42,4.68,6.53,,,,,,
FIN,Veikkausliiga,2022,28/08/2022,16:30,HJK,SJK,1,0,H,1.55,4.58,5.99,1.57,4.58,6.5,1.51,4.31,5.73,,,,,,
FIN,Veikkausliiga,2022,01/09/2022,16:00,Haka,Honka,2,1,H,3.51,3.51,2.18,3.51,3.6,2.18,3.3,3.42,2.11,,,,,,
FIN,Veikkausliiga,2022,03/09/2022,15:00,KuPS,Ilves,0,0,D,1.43,4.96,7.7,1.46,4.96,8,1.41,4.61,6.97,,,,,,
FIN,Veikkausliiga,2022,03/09/2022,15:00,SJK,VPS,2,0,H,2.06,3.69,3.69,2.08,3.85,3.95,1.96,3.61,3.54,,,,,,
FIN,Veikkausliiga,2022,04/09/2022,14:00,AC Oulu,Lahti,0,0,D,2.21,3.86,3.16,2.21,3.9,3.35,2.11,3.67,3.11,,,,,,
FIN,Veikkausliiga,2022,04/09/2022,16:30,Mariehamn,Inter Turku,2,3,A,3.04,3.57,2.39,3.04,3.59,2.4,2.87,3.42,2.33,,,,,,
FIN,Veikkausliiga,2022,05/09/2022,16:00,HJK,HIFK,2,1,H,1.17,8.13,17.56,1.2,8.13,17.56,1.17,7.04,14.01,,,,,,
FIN,Veikkausliiga,2022,11/09/2022,14:00,HIFK,AC Oulu,1,6,A,3.01,3.64,2.38,3.01,3.72,2.42,2.85,3.49,2.33,,,,,,
FIN,Veikkausliiga,2022,11/09/2022,14:00,Honka,HJK,1,2,A,2.84,3.16,2.79,2.84,3.26,2.8,2.7,3.04,2.7,,,,,,
FIN,Veikkausliiga,2022,11/09/2022,14:00,Ilves,Inter Turku,1,1,D,2.89,3.5,2.52,2.89,3.56,2.52,2.78,3.35,2.43,,,,,,
FIN,Veikkausliiga,2022,11/09/2022,14:00,Lahti,Haka,0,1,A,3.99,4.11,1.87,4.22,4.11,1.87,3.83,3.84,1.83,,,,,,
FIN,Veikkausliiga,2022,11/09/2022,14:00,Mariehamn,SJK,2,0,H,2.76,3.78,2.49,2.76,3.8,2.55,2.6,3.61,2.46,,,,,,
FIN,Veikkausliiga,2022,11/09/2022,14:00,VPS,KuPS,0,1,A,4.85,3.69,1.81,4.85,3.85,1.82,4.44,3.6,1.77,,,,,,
FIN,Veikkausliiga,2022,18/09/2022,14:00,Ilves,VPS,2,3,A,2.32,3.71,3.05,2.34,3.71,3.3,2.19,3.51,3.07,,,,,,
FIN,Veikkausliiga,2022,18/09/2022,15:00,AC Oulu,HIFK,4,1,H,1.56,4.55,5.89,1.57,4.55,6,1.52,4.33,5.52,,,,,,
FIN,Veikkausliiga,2022,18/09/2022,16:30,HJK,SJK,2,1,H,1.54,4.55,6.2,1.54,4.55,6.5,1.5,4.33,5.91,,,,,,
FIN,Veikkausliiga,2022,18/09/2022,16:30,Mariehamn,Lahti,6,0,H,1.66,4.48,4.91,1.67,4.48,5.03,1.62,4.2,4.67,,,,,,
FIN,Veikkausliiga,2022,28/09/2022,16:00,HIFK,Ilves,1,5,A,4.19,4.09,1.83,4.56,4.37,1.83,4.11,4.01,1.74,,,,,,
FIN,Veikkausliiga,2022,28/09/2022,16:00,Inter Turku,Haka,0,1,A,2.68,3.35,2.81,2.78,3.47,2.86,2.59,3.23,2.68,,,,,,
FIN,Veikkausliiga,2022,28/09/2022,16:00,Lahti,VPS,0,2,A,3.13,3.69,2.28,3.25,3.75,2.28,3.05,3.55,2.17,,,,,,
FIN,Veikkausliiga,2022,28/09/2022,16:00,SJK,KuPS,3,1,H,3.8,3.66,2.03,3.9,3.66,2.05,3.71,3.48,1.96,,,,,,
FIN,Veikkausliiga,2022,28/09/2022,16:30,Mariehamn,AC Oulu,2,4,A,1.77,4.29,4.33,1.77,4.3,4.5,1.73,3.97,4.18,,,,,,
FIN,Veikkausliiga,2022,29/09/2022,16:00,Honka,HJK,3,1,H,3,3.13,2.67,3.02,3.2,2.67,2.92,3.02,2.54,,,,,,
FIN,Veikkausliiga,2022,02/10/2022,13:00,Ilves,Mariehamn,2,3,A,2.56,3.67,2.74,2.56,3.73,2.75,2.46,3.51,2.66,,,,,,
FIN,Veikkausliiga,2022,02/10/2022,14:00,AC Oulu,Lahti,2,1,H,1.99,3.91,3.71,2.04,3.95,4.2,1.93,3.73,3.58,,,,,,
FIN,Veikkausliiga,2022,02/10/2022,14:00,Haka,SJK,2,0,H,2.01,3.89,3.66,2.21,3.89,3.75,1.97,3.66,3.5,,,,,,
FIN,Veikkausliiga,2022,02/10/2022,14:00,KuPS,Honka,3,2,H,2.49,3.09,3.31,2.5,3.28,3.31,2.39,3.06,3.11,,,,,,
FIN,Veikkausliiga,2022,02/10/2022,14:00,VPS,HIFK,4,0,H,1.33,5.83,9.39,1.33,6.49,11.06,1.29,5.64,8.94,,,,,,
FIN,Veikkausliiga,2022,02/10/2022,16:30,HJK,Inter Turku,3,0,H,1.43,4.5,8.99,1.5,4.55,8.99,1.43,4.28,7.54,,,,,,
FIN,Veikkausliiga,2022,05/10/2022,16:00,KuPS,Haka,0,0,D,1.72,3.9,5.17,1.75,3.92,5.3,1.68,3.73,4.85,,,,,,
FIN,Veikkausliiga,2022,06/10/2022,15:45,Honka,Inter Turku,2,1,H,1.57,4.08,6.76,1.59,4.1,7.05,1.54,3.83,6.42,,,,,,
FIN,Veikkausliiga,2022,08/10/2022,13:00,HIFK,Mariehamn,2,3,A,7.46,5.33,1.41,8,5.5,1.42,6.8,5.11,1.38,,,,,,
FIN,Veikkausliiga,2022,08/10/2022,17:00,VPS,AC Oulu,2,1,H,1.82,4.11,4.21,1.85,4.25,4.24,1.76,3.92,4.06,,,,,,
FIN,Veikkausliiga,2022,09/10/2022,14:00,Ilves,Lahti,1,0,H,1.93,4.18,3.69,1.94,4.25,3.76,1.87,3.95,3.56,,,,,,
FIN,Veikkausliiga,2022,09/10/2022,14:00,KuPS,Inter Turku,2,0,H,1.41,4.74,8.87,1.44,4.75,8.87,1.4,4.45,7.75,,,,,,
FIN,Veikkausliiga,2022,09/10/2022,16:00,Haka,HJK,0,1,A,4.4,3.67,1.88,4.4,3.7,1.91,4.05,3.51,1.87,,,,,,
FIN,Veikkausliiga,2022,10/10/2022,16:00,SJK,Honka,0,0,D,2.77,3.52,2.61,2.77,3.67,2.65,2.64,3.39,2.54,,,,,,
FIN,Veikkausliiga,2022,16/10/2022,13:00,Lahti,HIFK,6,1,H,1.68,4.76,4.44,1.68,4.76,4.75,1.64,4.35,4.38,,,,,,
FIN,Veikkausliiga,2022,16/10/2022,13:00,AC Oulu,Ilves,0,2,A,2.95,3.87,2.32,2.95,3.9,2.32,2.82,3.68,2.25,,,,,,
FIN,Veikkausliiga,2022,16/10/2022,13:00,Mariehamn,VPS,2,2,D,2.48,3.71,2.81,2.54,3.71,3,2.42,3.48,2.72,,,,,,
FIN,Veikkausliiga,2022,16/10/2022,15:00,Honka,Haka,1,1,D,1.74,3.99,4.92,1.77,3.99,5.1,1.71,3.75,4.63,,,,,,
FIN,Veikkausliiga,2022,16/10/2022,15:00,HJK,KuPS,0,1,A,2.18,3.38,3.65,2.55,3.48,3.65,2.19,3.22,3.34,,,,,,
FIN,Veikkausliiga,2022,16/10/2022,15:00,Inter Turku,SJK,1,0,H,2.21,3.63,3.32,2.3,3.65,3.32,2.17,3.47,3.13,,,,,,
FIN,Veikkausliiga,2022,17/10/2022,16:30,TPS,Jaro,4,0,H,2.18,3.2,3.65,2.2,3.32,3.7,2.12,3.11,3.5,,,,,,
FIN,Veikkausliiga,2022,19/10/2022,16:00,SJK,AC Oulu,0,1,A,1.7,4.06,5.09,1.78,4.06,5.09,1.69,3.87,4.62,,,,,,
FIN,Veikkausliiga,2022,19/10/2022,16:00,Inter Turku,VPS,1,5,A,2.39,3.14,3.44,2.4,3.25,3.45,2.3,3.08,3.24,,,,,,
FIN,Veikkausliiga,2022,20/10/2022,16:30,TPS,Lahti,1,1,D,2.49,3.28,3.12,2.55,3.3,3.12,2.4,3.15,2.96,,,,,,
FIN,Veikkausliiga,2022,22/10/2022,15:00,AC Oulu,VPS,0,0,D,3.14,3.38,2.42,3.15,3.44,2.45,2.99,3.2,2.38,,,,,,
FIN,Veikkausliiga,2022,23/10/2022,15:00,Lahti,TPS,2,1,H,2.59,3.24,3.01,2.6,3.28,3.05,2.47,3.11,2.86,,,,,,
FIN,Veikkausliiga,2022,26/10/2022,16:00,VPS,Haka,0,3,A,2.65,3.19,2.98,2.77,3.35,3,2.58,3.09,2.83,,,,,,
FIN,Veikkausliiga,2022,30/10/2022,13:00,Haka,VPS,1,2,A,2.16,3.64,3.61,2.16,3.77,3.76,2.07,3.5,3.37,,,,,,
FIN,Veikkausliiga,2023,05/04/2023,16:00,KTP,AC Oulu,0,2,A,2.69,3.32,2.83,2.75,3.55,2.83,2.65,3.18,2.64,,,,,,
FIN,Veikkausliiga,2023,05/04/2023,16:00,KuPS,Inter Turku,1,2,A,2.01,3.31,4.34,2.02,3.41,4.34,1.94,3.27,4.01,,,,,,
FIN,Veikkausliiga,2023,05/04/2023,16:00,Mariehamn,Ilves,1,1,D,3.3,3.32,2.36,3.3,3.35,2.46,3.02,3.22,2.35,,,,,,
FIN,Veikkausliiga,2023,05/04/2023,16:00,SJK,Haka,2,1,H,2.58,3.29,2.98,2.58,3.32,3.1,2.45,3.17,2.88,,,,,,
FIN,Veikkausliiga,2023,05/04/2023,16:00,VPS,Lahti,0,0,D,2.25,3.51,3.36,2.31,3.52,3.36,2.19,3.29,3.24,,,,,,
FIN,Veikkausliiga,2023,05/04/2023,16:15,HJK,Honka,2,0,H,2,3.25,4.52,2.04,3.34,4.52,1.96,3.15,4.15,,,,,,
FIN,Veikkausliiga,2023,14/04/2023,16:00,Haka,AC Oulu,2,2,D,2.29,3.33,3.43,2.31,3.4,3.43,2.22,3.21,3.23,,,,,,
FIN,Veikkausliiga,2023,14/04/2023,16:00,KTP,KuPS,0,0,D,3.7,3.55,2.1,3.98,3.6,2.15,3.63,3.4,2,,,,,,
FIN,Veikkausliiga,2023,15/04/2023,11:00,Ilves,Inter Turku,2,1,H,2.8,3.35,2.7,2.9,3.35,2.7,2.76,3.19,2.53,,,,,,
FIN,Veikkausliiga,2023,15/04/2023,15:00,Honka,SJK,0,0,D,2.03,3.47,4.03,2.08,3.47,4.1,2,3.28,3.77,,,,,,
FIN,Veikkausliiga,2023,15/04/2023,16:30,VPS,HJK,0,1,A,5.45,3.45,1.79,5.48,3.6,1.81,4.9,3.37,1.76,,,,,,
FIN,Veikkausliiga,2023,16/04/2023,16:30,Mariehamn,Lahti,2,3,A,2.34,3.4,3.26,2.34,3.43,3.37,2.2,3.28,3.21,,,,,,
FIN,Veikkausliiga,2023,19/04/2023,16:00,HJK,VPS,4,0,H,1.47,4.39,8.13,1.49,4.6,8.13,1.44,4.19,7.29,,,,,,
FIN,Veikkausliiga,2023,19/04/2023,16:00,KuPS,Honka,0,1,A,2.25,3.17,3.74,2.26,3.35,3.75,2.17,3.04,3.53,,,,,,
FIN,Veikkausliiga,2023,22/04/2023,15:00,KTP,Mariehamn,2,1,H,2.52,3.47,2.93,2.63,3.5,2.93,2.49,3.33,2.72,,,,,,
FIN,Veikkausliiga,2023,22/04/2023,15:00,SJK,Lahti,0,0,D,1.71,4.08,4.93,1.79,4.1,5,1.68,3.82,4.68,,,,,,
FIN,Veikkausliiga,2023,23/04/2023,14:00,KuPS,Ilves,1,0,H,2.1,3.37,3.91,2.18,3.4,3.91,2.06,3.23,3.65,,,,,,
FIN,Veikkausliiga,2023,23/04/2023,16:30,HJK,AC Oulu,1,1,D,1.51,4.38,7.18,1.51,4.5,7.5,1.47,4.18,6.76,,,,,,
FIN,Veikkausliiga,2023,24/04/2023,16:00,Haka,Honka,1,1,D,3.51,3.19,2.33,3.53,3.25,2.38,3.26,3.09,2.26,,,,,,
FIN,Veikkausliiga,2023,29/04/2023,13:00,HJK,Haka,2,0,H,1.53,4.24,7.01,1.57,4.3,7.3,1.51,4.02,6.39,,,,,,
FIN,Veikkausliiga,2023,29/04/2023,15:00,AC Oulu,SJK,0,3,A,2.43,3.28,3.22,2.43,3.36,3.24,2.34,3.15,3.05,,,,,,
FIN,Veikkausliiga,2023,29/04/2023,15:00,Ilves,KTP,1,0,H,1.86,3.68,4.53,1.99,3.68,4.53,1.85,3.48,4.14,,,,,,
FIN,Veikkausliiga,2023,29/04/2023,15:00,VPS,Honka,0,0,D,4.15,3.19,2.11,4.15,3.3,2.14,3.76,3.15,2.05,,,,,,
FIN,Veikkausliiga,2023,30/04/2023,14:00,Mariehamn,KuPS,0,2,A,4,3.68,1.97,4,3.68,2.02,3.79,3.49,1.93,,,,,,
FIN,Veikkausliiga,2023,05/05/2023,16:00,Haka,KTP,4,2,H,1.79,3.85,4.73,1.85,3.85,4.8,1.76,3.59,4.43,,,,,,
FIN,Veikkausliiga,2023,05/05/2023,16:00,Honka,Lahti,3,0,H,1.67,3.87,5.76,1.67,4.05,6.4,1.6,3.7,5.75,,,,,,
FIN,Veikkausliiga,2023,05/05/2023,16:00,Ilves,AC Oulu,1,2,A,2.02,3.45,4.1,2.14,3.5,4.1,1.99,3.3,3.8,,,,,,
FIN,Veikkausliiga,2023,05/05/2023,16:00,SJK,Inter Turku,2,1,H,2.31,3.25,3.48,2.34,3.31,3.48,2.26,3.14,3.23,,,,,,
FIN,Veikkausliiga,2023,05/05/2023,16:00,VPS,Mariehamn,2,1,H,2.11,3.43,3.8,2.3,3.44,3.8,2.11,3.24,3.48,,,,,,
FIN,Veikkausliiga,2023,05/05/2023,16:15,KuPS,HJK,2,1,H,2.84,3.14,2.8,3.33,3.23,2.8,2.9,3.05,2.51,,,,,,
FIN,Veikkausliiga,2023,09/05/2023,16:00,AC Oulu,KuPS,0,2,A,3.43,3.27,2.32,3.43,3.36,2.35,3.2,3.21,2.25,,,,,,
FIN,Veikkausliiga,2023,09/05/2023,16:00,Honka,Haka,0,2,A,1.85,3.46,4.96,1.89,3.56,5,1.81,3.36,4.57,,,,,,
FIN,Veikkausliiga,2023,09/05/2023,16:00,KTP,HJK,3,3,D,6.22,4.22,1.58,6.95,4.25,1.6,5.84,4.01,1.54,,,,,,
FIN,Veikkausliiga,2023,13/05/2023,12:00,Lahti,KTP,0,0,D,2.27,3.61,3.22,2.3,3.61,3.3,2.2,3.37,3.14,,,,,,
FIN,Veikkausliiga,2023,13/05/2023,13:00,Honka,KuPS,0,1,A,2.8,2.97,2.99,2.8,3.07,2.99,2.66,2.89,2.87,,,,,,
FIN,Veikkausliiga,2023,13/05/2023,15:00,AC Oulu,VPS,2,1,H,2.03,3.45,4.07,2.12,3.45,4.07,2.02,3.26,3.72,,,,,,
FIN,Veikkausliiga,2023,13/05/2023,15:00,HJK,Inter Turku,4,1,H,1.71,3.8,5.44,1.75,3.83,5.5,1.69,3.62,5.03,,,,,,
FIN,Veikkausliiga,2023,13/05/2023,15:00,SJK,Ilves,1,0,H,1.86,3.58,4.68,1.88,3.6,4.75,1.82,3.4,4.41,,,,,,
FIN,Veikkausliiga,2023,13/05/2023,16:30,Mariehamn,Haka,2,1,H,3.99,3.72,1.96,4.05,3.72,2.05,3.79,3.46,1.93,,,,,,
FIN,Veikkausliiga,2023,20/05/2023,12:00,KuPS,Lahti,2,0,H,1.49,4.37,7.5,1.53,4.37,7.5,1.47,4.09,6.79,,,,,,
FIN,Veikkausliiga,2023,21/05/2023,14:00,Ilves,HJK,1,1,D,5.07,3.46,1.84,5.5,3.6,1.88,4.86,3.34,1.78,,,,,,
FIN,Veikkausliiga,2023,22/05/2023,16:00,AC Oulu,Honka,1,3,A,2.66,3.15,2.99,2.85,3.2,3.06,2.6,3,2.85,,,,,,
FIN,Veikkausliiga,2023,22/05/2023,16:00,Haka,VPS,2,2,D,2.05,3.46,3.95,2.06,3.6,4.23,1.97,3.35,3.77,,,,,,
FIN,Veikkausliiga,2023,22/05/2023,16:00,Inter Turku,Mariehamn,1,1,D,1.63,4.34,5.41,1.64,4.5,5.75,1.58,4.09,5.14,,,,,,
FIN,Veikkausliiga,2023,22/05/2023,16:00,KTP,SJK,0,2,A,4.1,3.86,1.9,4.19,3.87,1.92,3.89,3.63,1.86,,,,,,
FIN,Veikkausliiga,2023,26/05/2023,16:00,Honka,KTP,0,1,A,1.55,4.17,6.85,1.56,4.2,7.02,1.51,3.96,6.45,,,,,,
FIN,Veikkausliiga,2023,26/05/2023,16:00,Inter Turku,Haka,3,0,H,2.28,3.44,3.35,2.33,3.46,3.4,2.22,3.25,3.21,,,,,,
FIN,Veikkausliiga,2023,26/05/2023,16:00,Lahti,AC Oulu,1,2,A,3.08,3.38,2.46,3.29,3.47,2.46,3,3.28,2.32,,,,,,
FIN,Veikkausliiga,2023,26/05/2023,16:00,SJK,KuPS,1,0,H,2.62,3.11,3.08,2.68,3.23,3.08,2.53,3.02,2.9,,,,,,
FIN,Veikkausliiga,2023,26/05/2023,16:00,VPS,Ilves,0,2,A,2.48,3.22,3.19,2.5,3.3,3.21,2.38,3.11,3.04,,,,,,
FIN,Veikkausliiga,2023,27/05/2023,16:30,Mariehamn,HJK,0,0,D,5.12,3.92,1.72,6.46,4.17,1.76,4.78,3.69,1.7,,,,,,
FIN,Veikkausliiga,2023,03/06/2023,13:00,Inter Turku,Honka,2,0,H,2.29,3.25,3.52,2.54,3.32,3.52,2.23,3.15,3.3,,,,,,
FIN,Veikkausliiga,2023,03/06/2023,15:00,AC Oulu,Mariehamn,3,2,H,1.88,3.86,4.16,1.92,3.86,4.35,1.85,3.59,3.96,,,,,,
FIN,Veikkausliiga,2023,03/06/2023,15:00,HJK,SJK,0,0,D,1.93,3.41,4.57,2,3.42,4.57,1.91,3.25,4.21,,,,,,
FIN,Veikkausliiga,2023,03/06/2023,15:00,KTP,VPS,1,0,H,2.7,3.46,2.72,2.7,3.5,2.72,2.61,3.32,2.6,,,,,,
FIN,Veikkausliiga,2023,03/06/2023,15:00,KuPS,Haka,3,0,H,1.7,3.87,5.36,1.7,4.1,5.75,1.64,3.71,5.27,,,,,,
FIN,Veikkausliiga,2023,03/06/2023,16:00,Ilves,Lahti,2,2,D,1.81,3.66,4.87,1.85,3.69,4.88,1.78,3.47,4.55,,,,,,
FIN,Veikkausliiga,2023,07/06/2023,16:00,Haka,Ilves,1,1,D,2.85,3.17,2.77,2.85,3.39,2.77,2.68,3.14,2.64,,,,,,
FIN,Veikkausliiga,2023,07/06/2023,16:00,Honka,Mariehamn,2,1,H,1.56,4.28,6.32,1.62,4.3,6.6,1.52,3.99,6.11,,,,,,
FIN,Veikkausliiga,2023,07/06/2023,16:00,Inter Turku,KTP,2,1,H,1.57,4.61,5.59,1.59,4.62,6.23,1.53,4.29,5.39,,,,,,
FIN,Veikkausliiga,2023,07/06/2023,16:00,KuPS,AC Oulu,1,0,H,1.84,3.6,4.78,1.86,3.7,4.92,1.79,3.47,4.52,,,,,,
FIN,Veikkausliiga,2023,07/06/2023,16:00,Lahti,HJK,1,2,A,6,3.93,1.64,6.45,4.17,1.66,5.61,3.71,1.61,,,,,,
FIN,Veikkausliiga,2023,08/06/2023,16:15,SJK,VPS,2,1,H,1.97,3.59,4.1,1.99,3.84,5.85,1.85,3.5,4.11,,,,,,
FIN,Veikkausliiga,2023,11/06/2023,14:00,AC Oulu,Inter Turku,1,1,D,2.76,3.39,2.7,2.85,3.4,2.7,2.68,3.24,2.56,,,,,,
FIN,Veikkausliiga,2023,11/06/2023,14:00,Ilves,Honka,1,1,D,3.04,2.98,2.76,3.04,3.16,2.8,2.86,2.93,2.62,,,,,,
FIN,Veikkausliiga,2023,11/06/2023,16:30,HJK,KTP,1,0,H,1.35,5.4,9.36,1.38,5.45,9.5,1.32,5.06,8.62,,,,,,
FIN,Veikkausliiga,2023,11/06/2023,16:30,Lahti,Haka,1,0,H,3,3.39,2.5,3,3.4,2.52,2.89,3.27,2.39,,,,,,
FIN,Veikkausliiga,2023,11/06/2023,16:30,Mariehamn,SJK,0,2,A,3.66,3.48,2.14,4.15,3.6,2.19,3.55,3.34,2.05,,,,,,
FIN,Veikkausliiga,2023,11/06/2023,16:30,VPS,KuPS,0,2,A,4.32,3.39,1.99,4.65,3.52,2.02,4.02,3.3,1.93,,,,,,
FIN,Veikkausliiga,2023,27/06/2023,16:00,Haka,HJK,1,1,D,4.74,3.8,1.8,4.74,3.86,1.83,4.38,3.62,1.77,,,,,,
FIN,Veikkausliiga,2023,27/06/2023,16:00,Honka,VPS,1,0,H,1.93,3.51,4.39,1.97,3.63,4.73,1.85,3.42,4.23,,,,,,
FIN,Veikkausliiga,2023,27/06/2023,16:00,Inter Turku,Ilves,2,1,H,2.27,3.43,3.39,2.29,3.51,3.72,2.18,3.3,3.24,,,,,,
FIN,Veikkausliiga,2023,27/06/2023,16:00,KTP,Lahti,2,0,H,2.53,3.61,2.82,2.56,3.61,2.98,2.43,3.42,2.72,,,,,,
FIN,Veikkausliiga,2023,27/06/2023,16:00,KuPS,Mariehamn,0,1,A,1.37,5.06,9.34,1.4,5.06,9.5,1.36,4.73,8.19,,,,,,
FIN,Veikkausliiga,2023,27/06/2023,16:00,SJK,AC Oulu,1,4,A,1.93,3.74,4.12,1.96,3.8,4.3,1.87,3.54,3.95,,,,,,
FIN,Veikkausliiga,2023,01/07/2023,12:00,Honka,HJK,1,1,D,3.55,2.99,2.43,3.58,3.21,2.44,3.28,2.97,2.33,,,,,,
FIN,Veikkausliiga,2023,01/07/2023,15:00,AC Oulu,Haka,3,0,H,2.5,3.3,3.08,2.5,3.44,3.25,2.37,3.25,2.92,,,,,,
FIN,Veikkausliiga,2023,01/07/2023,15:00,Ilves,SJK,1,1,D,2.77,3.35,2.72,2.86,3.38,2.72,2.71,3.19,2.57,,,,,,
FIN,Veikkausliiga,2023,01/07/2023,15:00,VPS,Inter Turku,3,0,H,2.9,3.5,2.52,3.01,3.5,2.55,2.78,3.29,2.44,,,,,,
FIN,Veikkausliiga,2023,01/07/2023,16:30,Mariehamn,KTP,0,0,D,2.57,3.43,2.88,2.57,3.54,2.99,2.43,3.31,2.77,,,,,,
FIN,Veikkausliiga,2023,01/07/2023,17:00,Lahti,KuPS,3,4,A,5.73,3.91,1.66,6,3.91,1.71,5.28,3.63,1.65,,,,,,
FIN,Veikkausliiga,2023,08/07/2023,12:00,HJK,Lahti,0,1,A,1.32,5.67,10.18,1.36,5.67,10.5,1.3,5.18,9.18,,,,,,
FIN,Veikkausliiga,2023,08/07/2023,15:00,Haka,Inter Turku,2,2,D,2.57,3.61,2.77,2.7,3.61,2.82,2.48,3.37,2.69,,,,,,
FIN,Veikkausliiga,2023,08/07/2023,15:00,KTP,Ilves,0,0,D,3.25,3.5,2.3,3.25,3.5,2.5,2.96,3.32,2.32,,,,,,
FIN,Veikkausliiga,2023,08/07/2023,15:00,KuPS,VPS,0,1,A,1.98,3.29,4.53,2.02,3.58,4.94,1.88,3.24,4.36,,,,,,
FIN,Veikkausliiga,2023,08/07/2023,15:00,SJK,Honka,1,0,H,2.29,3.3,3.47,2.31,3.44,3.47,2.22,3.19,3.26,,,,,,
FIN,Veikkausliiga,2023,09/07/2023,16:30,Mariehamn,AC Oulu,1,2,A,3.08,3.54,2.38,3.37,3.56,2.4,2.98,3.38,2.27,,,,,,
FIN,Veikkausliiga,2023,12/07/2023,16:00,Inter Turku,VPS,0,2,A,2.21,3.65,3.31,2.23,3.67,3.33,2.14,3.5,3.13,,,,,,
FIN,Veikkausliiga,2023,15/07/2023,13:00,Ilves,Mariehamn,0,0,D,1.89,3.65,4.4,1.94,3.71,4.58,1.87,3.43,4.05,,,,,,
FIN,Veikkausliiga,2023,15/07/2023,15:00,VPS,AC Oulu,3,0,H,2.29,3.45,3.33,2.33,3.55,3.33,2.22,3.32,3.11,,,,,,
FIN,Veikkausliiga,2023,16/07/2023,16:30,Lahti,SJK,1,1,D,3.9,3.41,2.09,4.2,3.55,2.09,3.77,3.31,1.98,,,,,,
FIN,Veikkausliiga,2023,17/07/2023,16:00,Inter Turku,KuPS,1,1,D,3.37,3.29,2.34,3.37,3.4,2.34,3.18,3.19,2.25,,,,,,
FIN,Veikkausliiga,2023,22/07/2023,15:00,AC Oulu,KTP,3,1,H,1.85,3.76,4.5,1.85,3.95,5,1.76,3.68,4.29,,,,,,
FIN,Veikkausliiga,2023,22/07/2023,15:00,HJK,Ilves,1,0,H,1.78,3.65,5.18,1.8,3.65,5.25,1.74,3.48,4.81,,,,,,
FIN,Veikkausliiga,2023,22/07/2023,15:00,Inter Turku,SJK,1,2,A,3.04,3.43,2.46,3.04,3.43,2.54,2.87,3.27,2.39,,,,,,
FIN,Veikkausliiga,2023,23/07/2023,13:00,Lahti,Mariehamn,0,2,A,2.38,3.34,3.25,2.5,3.4,3.25,2.31,3.22,3.04,,,,,,
FIN,Veikkausliiga,2023,23/07/2023,16:30,VPS,Haka,4,1,H,2.05,3.64,3.77,2.09,3.68,3.94,1.96,3.48,3.65,,,,,,
FIN,Veikkausliiga,2023,28/07/2023,16:00,Ilves,VPS,0,2,A,2.86,3.33,2.64,2.88,3.33,2.7,2.68,3.18,2.58,,,,,,
FIN,Veikkausliiga,2023,29/07/2023,15:00,SJK,HJK,1,2,A,2.85,3.19,2.75,2.88,3.25,2.77,2.73,3,2.67,,,,,,
FIN,Veikkausliiga,2023,30/07/2023,13:00,Haka,Lahti,1,1,D,1.88,3.76,4.32,1.97,3.85,4.5,1.81,3.59,4.15,,,,,,
FIN,Veikkausliiga,2023,30/07/2023,14:00,Honka,AC Oulu,4,1,H,1.96,3.5,4.27,2,3.56,4.27,1.92,3.34,3.95,,,,,,
FIN,Veikkausliiga,2023,30/07/2023,14:00,KuPS,KTP,2,0,H,1.51,4.42,6.98,1.53,4.42,7,1.48,4.13,6.35,,,,,,
FIN,Veikkausliiga,2023,30/07/2023,16:30,Mariehamn,Inter Turku,0,2,A,2.92,3.53,2.49,3,3.53,2.49,2.85,3.3,2.39,,,,,,
FIN,Veikkausliiga,2023,04/08/2023,16:00,Ilves,Haka,1,2,A,2.5,3.34,3.05,2.6,3.41,3.05,2.4,3.23,2.88,,,,,,
FIN,Veikkausliiga,2023,05/08/2023,13:00,HJK,Mariehamn,4,2,H,1.65,4.16,5.42,1.68,4.16,6,1.62,3.84,5.15,,,,,,
FIN,Veikkausliiga,2023,07/08/2023,16:00,KTP,Inter Turku,1,4,A,3.17,3.54,2.32,3.22,3.63,2.33,3.02,3.44,2.22,,,,,,
FIN,Veikkausliiga,2023,07/08/2023,16:00,Lahti,Honka,1,0,H,3.98,3.37,2.08,4.02,3.5,2.1,3.68,3.25,2.02,,,,,,
FIN,Veikkausliiga,2023,09/08/2023,17:00,VPS,SJK,3,2,H,3.15,3.41,2.4,3.15,3.45,2.43,2.92,3.26,2.35,,,,,,
FIN,Veikkausliiga,2023,11/08/2023,16:00,Haka,Mariehamn,1,1,D,2,3.73,3.82,2.07,3.75,4.08,1.97,3.46,3.62,,,,,,
FIN,Veikkausliiga,2023,12/08/2023,15:00,AC Oulu,Lahti,1,1,D,2.2,3.34,3.66,2.27,3.34,3.66,2.15,3.18,3.38,,,,,,
FIN,Veikkausliiga,2023,13/08/2023,14:00,Honka,Inter Turku,1,0,H,2.02,3.59,3.91,2.05,3.6,4,1.96,3.42,3.66,,,,,,
FIN,Veikkausliiga,2023,13/08/2023,14:00,Ilves,KuPS,0,3,A,3.16,3.25,2.48,3.4,3.25,2.5,3.14,3.08,2.32,,,,,,
FIN,Veikkausliiga,2023,15/08/2023,16:00,SJK,KTP,2,3,A,1.46,4.85,7.15,1.49,4.9,7.6,1.42,4.47,6.76,,,,,,
FIN,Veikkausliiga,2023,18/08/2023,16:00,Lahti,VPS,0,2,A,4.14,3.5,2,4.2,3.51,2.06,3.79,3.28,1.98,,,,,,
FIN,Veikkausliiga,2023,18/08/2023,16:30,Mariehamn,Honka,0,1,A,4.18,3.41,2.02,4.23,3.42,2.02,3.87,3.27,1.96,,,,,,
FIN,Veikkausliiga,2023,19/08/2023,15:00,AC Oulu,Ilves,0,3,A,3.06,3.25,2.55,3.06,3.26,2.7,2.87,3.1,2.48,,,,,,
FIN,Veikkausliiga,2023,20/08/2023,12:00,Inter Turku,HJK,1,3,A,2.76,3.54,2.61,2.85,3.55,2.66,2.67,3.31,2.51,,,,,,
FIN,Veikkausliiga,2023,20/08/2023,14:00,KuPS,SJK,3,0,H,2.27,3.3,3.51,2.27,3.45,3.51,2.17,3.19,3.32,,,,,,
FIN,Veikkausliiga,2023,21/08/2023,16:00,KTP,Haka,1,2,A,2.75,3.48,2.66,2.76,3.65,2.66,2.65,3.35,2.51,,,,,,
FIN,Veikkausliiga,2023,25/08/2023,16:00,VPS,KTP,2,1,H,1.66,4.4,4.96,1.68,4.41,5.5,1.6,4.17,4.85,,,,,,
FIN,Veikkausliiga,2023,26/08/2023,13:00,Inter Turku,Lahti,2,1,H,1.93,3.57,4.37,1.97,3.81,4.37,1.86,3.5,4.11,,,,,,
FIN,Veikkausliiga,2023,26/08/2023,15:00,SJK,Mariehamn,3,2,H,1.54,4.51,6.2,1.54,4.51,6.6,1.5,4.18,6.02,,,,,,
FIN,Veikkausliiga,2023,27/08/2023,14:00,Haka,KuPS,2,2,D,3.62,3.55,2.13,3.8,3.6,2.23,3.41,3.41,2.07,,,,,,
FIN,Veikkausliiga,2023,27/08/2023,14:00,Honka,Ilves,2,0,H,2.11,3.38,3.86,2.17,3.5,4.25,2.01,3.32,3.71,,,,,,
FIN,Veikkausliiga,2023,27/08/2023,16:00,AC Oulu,HJK,1,3,A,4.03,3.48,2.03,4.2,3.51,2.03,3.89,3.37,1.94,,,,,,
FIN,Veikkausliiga,2023,30/08/2023,16:00,Lahti,Inter Turku,1,2,A,3.28,3.53,2.28,3.37,3.55,2.28,3.17,3.37,2.18,,,,,,
FIN,Veikkausliiga,2023,03/09/2023,14:00,Haka,SJK,1,0,H,3.18,3.61,2.29,3.18,3.61,2.44,3,3.44,2.24,,,,,,
FIN,Veikkausliiga,2023,03/09/2023,14:00,HJK,KuPS,2,2,D,2.26,3.23,3.64,2.27,3.26,3.64,2.2,3.15,3.36,,,,,,
FIN,Veikkausliiga,2023,03/09/2023,14:00,Inter Turku,AC Oulu,2,1,H,1.79,3.98,4.56,1.83,3.98,4.59,1.75,3.78,4.26,,,,,,
FIN,Veikkausliiga,2023,03/09/2023,14:00,KTP,Honka,1,2,A,4.17,3.7,1.93,4.17,3.75,1.93,3.9,3.56,1.88,,,,,,
FIN,Veikkausliiga,2023,03/09/2023,14:00,Lahti,Ilves,3,2,H,2.88,3.12,2.78,2.9,3.25,2.78,2.81,3.06,2.59,,,,,,
FIN,Veikkausliiga,2023,03/09/2023,14:00,Mariehamn,VPS,1,2,A,3.17,3.49,2.35,3.4,3.54,2.35,3.09,3.36,2.23,,,,,,
FIN,Veikkausliiga,2023,15/09/2023,16:00,Haka,Ilves,2,2,D,3.15,3.41,2.4,3.15,3.46,2.5,2.91,3.27,2.38,,,,,,
FIN,Veikkausliiga,2023,15/09/2023,16:00,Lahti,KTP,2,1,H,2.35,3.45,3.21,2.35,3.45,3.25,2.26,3.3,3.07,,,,,,
FIN,Veikkausliiga,2023,16/09/2023,15:00,AC Oulu,Mariehamn,3,2,H,2.15,3.74,3.39,2.15,3.75,3.5,2.06,3.56,3.3,,,,,,
FIN,Veikkausliiga,2023,16/09/2023,15:00,HJK,Inter Turku,2,0,H,1.86,3.77,4.41,1.88,3.77,4.41,1.81,3.61,4.1,,,,,,
FIN,Veikkausliiga,2023,16/09/2023,15:00,SJK,Honka,1,2,A,2.49,3.36,3.05,2.61,3.36,3.05,2.47,3.19,2.85,,,,,,
FIN,Veikkausliiga,2023,17/09/2023,14:00,KuPS,VPS,0,2,A,1.83,3.81,4.54,1.85,3.81,4.59,1.77,3.63,4.32,,,,,,
FIN,Veikkausliiga,2023,22/09/2023,16:00,Honka,VPS,0,3,A,2.28,3.36,3.42,2.35,3.55,3.42,2.23,3.28,3.19,,,,,,
FIN,Veikkausliiga,2023,22/09/2023,16:00,KTP,Ilves,0,3,A,3.1,3.49,2.39,3.1,3.5,2.42,2.94,3.37,2.32,,,,,,
FIN,Veikkausliiga,2023,22/09/2023,16:00,Lahti,AC Oulu,2,1,H,2.56,3.48,2.87,2.56,3.5,3,2.41,3.34,2.83,,,,,,
FIN,Veikkausliiga,2023,22/09/2023,16:30,Mariehamn,Haka,2,1,H,2.76,3.4,2.68,2.8,3.56,2.68,2.68,3.29,2.56,,,,,,
FIN,Veikkausliiga,2023,23/09/2023,12:00,Inter Turku,KuPS,0,1,A,3.31,3.46,2.29,3.31,3.5,2.34,3.13,3.32,2.23,,,,,,
FIN,Veikkausliiga,2023,24/09/2023,15:30,SJK,HJK,2,3,A,3.37,3.57,2.22,3.37,3.57,2.3,3.16,3.36,2.2,,,,,,
FIN,Veikkausliiga,2023,27/09/2023,16:00,HJK,Honka,3,0,H,1.81,3.7,4.85,1.83,3.8,5,1.76,3.59,4.5,,,,,,
FIN,Veikkausliiga,2023,27/09/2023,16:00,Ilves,Mariehamn,2,1,H,1.93,3.78,4.05,1.94,3.8,4.1,1.87,3.58,3.91,,,,,,
FIN,Veikkausliiga,2023,29/09/2023,16:00,AC Oulu,KTP,2,0,H,2.04,3.87,3.59,2.05,4,3.6,1.96,3.71,3.45,,,,,,
FIN,Veikkausliiga,2023,29/09/2023,16:00,VPS,Inter Turku,1,1,D,1.8,4.17,4.24,1.87,4.17,4.5,1.75,3.91,4.13,,,,,,
FIN,Veikkausliiga,2023,01/10/2023,14:00,Haka,Lahti,2,0,H,2.12,3.42,3.77,2.12,3.8,3.77,2.04,3.48,3.46,,,,,,
FIN,Veikkausliiga,2023,01/10/2023,16:00,KuPS,SJK,1,1,D,1.83,3.78,4.58,1.87,3.78,4.58,1.8,3.62,4.26,,,,,,
FIN,Veikkausliiga,2023,06/10/2023,16:00,Ilves,AC Oulu,3,2,H,2.2,3.61,3.37,2.24,3.65,3.37,2.14,3.44,3.18,,,,,,
FIN,Veikkausliiga,2023,07/10/2023,13:00,Inter Turku,SJK,1,2,A,2.58,3.73,2.69,2.63,3.73,2.85,2.47,3.52,2.62,,,,,,
FIN,Veikkausliiga,2023,07/10/2023,15:00,Haka,KTP,2,0,H,2.09,4.07,3.28,2.18,4.07,3.4,2.05,3.72,3.18,,,,,,
FIN,Veikkausliiga,2023,08/10/2023,13:00,Mariehamn,Lahti,0,0,D,1.88,3.9,4.16,2,3.9,4.33,1.83,3.69,3.97,,,,,,
FIN,Veikkausliiga,2023,08/10/2023,14:00,KuPS,Honka,3,1,H,1.88,3.55,4.64,1.97,3.6,4.64,1.87,3.4,4.17,,,,,,
FIN,Veikkausliiga,2023,08/10/2023,14:00,VPS,HJK,3,2,H,2.69,3.49,2.7,2.69,3.52,2.88,2.52,3.36,2.66,,,,,,
FIN,Veikkausliiga,2023,21/10/2023,13:00,AC Oulu,Haka,1,1,D,3.43,3.75,2.13,3.43,3.81,2.94,3.05,3.62,2.16,,,,,,
FIN,Veikkausliiga,2023,21/10/2023,13:00,KTP,Mariehamn,0,2,A,2.34,4,2.85,2.45,4.01,2.96,2.31,3.69,2.74,,,,,,
FIN,Veikkausliiga,2023,21/10/2023,13:00,Lahti,Ilves,1,5,A,2.6,3.91,2.59,2.63,3.91,2.63,2.51,3.64,2.51,,,,,,
FIN,Veikkausliiga,2023,21/10/2023,15:00,HJK,KuPS,1,2,A,2.32,3.58,3.15,2.32,3.58,3.3,2.21,3.39,3.1,,,,,,
FIN,Veikkausliiga,2023,21/10/2023,15:00,Honka,Inter Turku,3,0,H,1.66,4.33,5.1,1.66,4.34,5.18,1.61,4.1,4.88,,,,,,
FIN,Veikkausliiga,2023,21/10/2023,15:00,SJK,VPS,0,2,A,2.74,3.82,2.49,2.75,3.95,2.55,2.61,3.65,2.43,,,,,,
FIN,Veikkausliiga,2023,25/10/2023,16:00,Honka,Inter Turku,0,0,D,2.17,3.43,3.63,2.2,3.43,3.63,2.12,3.26,3.41,,,,,,
FIN,Veikkausliiga,2023,25/10/2023,16:00,SJK,AC Oulu,2,2,D,1.78,3.82,4.85,1.78,3.89,4.88,1.72,3.73,4.53,,,,,,
FIN,Veikkausliiga,2023,28/10/2023,15:00,Honka,AC Oulu,5,0,H,1.72,3.9,5.13,1.75,3.9,5.13,1.69,3.66,4.78,,,,,,
FIN,Veikkausliiga,2023,01/11/2023,16:00,Honka,VPS,0,1,A,2.92,3.03,2.82,2.92,3.13,2.82,2.71,2.99,2.69,,,,,,
FIN,Veikkausliiga,2023,05/11/2023,14:00,VPS,Honka,1,0,H,2.12,3.46,3.74,2.2,3.46,3.74,2.08,3.3,3.51,,,,,,
FIN,Veikkausliiga,2024,06/04/2024,13:00,Gnistan,Inter Turku,2,1,H,3.18,3.45,2.33,3.2,3.6,2.36,3.03,3.42,2.21,,,,,,
FIN,Veikkausliiga,2024,06/04/2024,15:00,Haka,VPS,1,2,A,2.25,3.3,3.51,2.33,3.33,3.65,2.17,3.18,3.33,,,,,,
FIN,Veikkausliiga,2024,06/04/2024,15:00,Ilves,Lahti,0,0,D,1.61,4.16,5.73,1.63,4.2,5.73,1.58,3.92,5.29,,,,,,
FIN,Veikkausliiga,2024,06/04/2024,15:00,Mariehamn,Ekenas,3,2,H,1.86,3.61,4.49,1.97,3.65,4.49,1.87,3.43,3.99,,,,,,
FIN,Veikkausliiga,2024,06/04/2024,15:00,SJK,AC Oulu,2,1,H,1.92,3.74,4.06,1.95,3.78,4.1,1.85,3.59,3.9,,,,,,
FIN,Veikkausliiga,2024,06/04/2024,17:00,KuPS,HJK,3,1,H,3.32,3.32,2.32,3.4,3.32,2.32,3.26,3.18,2.19,,,,,,
FIN,Veikkausliiga,2024,11/04/2024,16:00,HJK,Lahti,4,0,H,1.47,4.82,6.76,1.5,4.82,7.5,1.41,4.57,6.72,,,,,,
FIN,Veikkausliiga,2024,12/04/2024,16:00,Haka,Ekenas,2,1,H,1.7,3.88,5.26,1.74,4,5.3,1.66,3.69,4.93,,,,,,
FIN,Veikkausliiga,2024,12/04/2024,17:00,VPS,SJK,1,1,D,2.55,3.37,2.91,2.55,3.45,2.91,2.43,3.28,2.78,,,,,,
FIN,Veikkausliiga,2024,12/04/2024,18:00,Inter Turku,AC Oulu,3,3,D,1.91,3.74,4.11,1.96,3.75,4.11,1.86,3.56,3.88,,,,,,
FIN,Veikkausliiga,2024,13/04/2024,12:00,Ilves,Gnistan,4,6,A,1.68,3.92,5.31,1.7,4.05,5.31,1.64,3.81,4.91,,,,,,
FIN,Veikkausliiga,2024,13/04/2024,15:00,Mariehamn,KuPS,2,2,D,4.3,3.49,1.93,4.32,3.6,1.97,4.08,3.39,1.86,,,,,,
FIN,Veikkausliiga,2024,19/04/2024,16:00,Inter Turku,KuPS,1,1,D,2.86,3.17,2.72,2.86,3.25,2.72,2.72,3.12,2.58,,,,,,
FIN,Veikkausliiga,2024,19/04/2024,16:00,SJK,Ilves,1,0,H,2.64,3.65,2.63,2.76,3.66,2.63,2.61,3.49,2.47,,,,,,
FIN,Veikkausliiga,2024,20/04/2024,13:00,HJK,Mariehamn,2,1,H,1.36,5.27,8.96,1.4,5.27,9.05,1.35,4.78,7.86,,,,,,
FIN,Veikkausliiga,2024,20/04/2024,14:15,Lahti,Haka,1,1,D,3.05,3.32,2.48,3.25,3.4,2.48,2.91,3.23,2.37,,,,,,
FIN,Veikkausliiga,2024,20/04/2024,16:30,VPS,Gnistan,3,2,H,1.97,3.81,3.78,2.21,3.81,3.78,1.99,3.56,3.46,,,,,,
FIN,Veikkausliiga,2024,21/04/2024,16:30,Ekenas,AC Oulu,1,1,D,3.97,3.74,1.94,3.97,3.75,1.97,3.7,3.6,1.89,,,,,,
FIN,Veikkausliiga,2024,24/04/2024,17:00,SJK,HJK,3,3,D,3.45,3.63,2.13,4.1,3.7,2.16,3.44,3.5,2.01,,,,,,
FIN,Veikkausliiga,2024,26/04/2024,16:00,Inter Turku,Ekenas,2,1,H,1.53,4.17,6.93,1.53,4.9,7.35,1.47,4.05,6.4,,,,,,
FIN,Veikkausliiga,2024,27/04/2024,13:00,Haka,HJK,1,1,D,4.03,3.42,2.02,4.65,3.9,2.06,3.82,3.33,1.92,,,,,,
FIN,Veikkausliiga,2024,27/04/2024,15:00,Lahti,KuPS,0,1,A,4.48,3.4,1.93,4.48,3.7,1.96,4.09,3.28,1.87,,,,,,
FIN,Veikkausliiga,2024,27/04/2024,16:30,AC Oulu,VPS,1,2,A,3.01,3.44,2.44,3.15,3.5,2.44,2.93,3.3,2.27,,,,,,
FIN,Veikkausliiga,2024,28/04/2024,14:00,Gnistan,SJK,0,1,A,2.93,3.74,2.35,2.95,3.75,2.36,2.81,3.56,2.25,,,,,,
FIN,Veikkausliiga,2024,28/04/2024,16:30,Mariehamn,Ilves,0,1,A,4.52,3.9,1.79,4.75,3.9,1.86,4.33,3.64,1.74,,,,,,
FIN,Veikkausliiga,2024,03/05/2024,16:00,VPS,Lahti,3,0,H,1.6,4.36,5.5,1.61,4.36,5.95,1.56,4.1,5.19,,,,,,
FIN,Veikkausliiga,2024,04/05/2024,13:00,Ilves,AC Oulu,3,2,H,1.74,4.15,4.56,1.74,4.15,4.75,1.69,3.91,4.38,,,,,,
FIN,Veikkausliiga,2024,04/05/2024,15:00,HJK,Ekenas,0,0,D,1.18,7.57,16.46,1.19,7.57,17,1.17,6.8,14.01,,,,,,
FIN,Veikkausliiga,2024,04/05/2024,17:00,SJK,KuPS,1,1,D,2.97,3.36,2.51,3,3.46,2.53,2.86,3.24,2.39,,,,,,
FIN,Veikkausliiga,2024,05/05/2024,14:00,Gnistan,Haka,0,3,A,2.57,3.55,2.76,2.6,3.57,2.76,2.47,3.39,2.64,,,,,,
FIN,Veikkausliiga,2024,05/05/2024,16:30,Mariehamn,Inter Turku,3,1,H,3.99,3.44,2.05,4,3.5,2.06,3.74,3.31,1.97,,,,,,
FIN,Veikkausliiga,2024,10/05/2024,16:00,KuPS,VPS,2,1,H,2.14,3.33,3.76,2.18,3.4,3.8,2.1,3.19,3.53,,,,,,
FIN,Veikkausliiga,2024,11/05/2024,13:00,Haka,SJK,2,0,H,2.91,3.49,2.48,2.91,3.65,2.52,2.74,3.44,2.4,,,,,,
FIN,Veikkausliiga,2024,11/05/2024,15:00,AC Oulu,Gnistan,1,1,D,2.14,3.67,3.4,2.14,3.81,3.5,2.03,3.56,3.35,,,,,,
FIN,Veikkausliiga,2024,11/05/2024,17:00,Inter Turku,HJK,0,1,A,3.59,3.6,2.09,3.59,3.65,2.2,3.4,3.49,2.04,,,,,,
FIN,Veikkausliiga,2024,12/05/2024,16:30,Ekenas,Ilves,0,2,A,6.13,4.23,1.57,6.13,4.3,1.6,5.58,4.07,1.54,,,,,,
FIN,Veikkausliiga,2024,12/05/2024,16:30,Lahti,Mariehamn,3,0,H,2.61,3.12,3.04,2.61,3.3,3.11,2.48,3.1,2.87,,,,,,
FIN,Veikkausliiga,2024,17/05/2024,16:00,AC Oulu,Mariehamn,1,1,D,2.08,3.5,3.74,2.11,3.6,3.8,1.99,3.39,3.58,,,,,,
FIN,Veikkausliiga,2024,17/05/2024,16:00,HJK,VPS,1,2,A,1.88,3.68,4.33,1.93,3.68,4.33,1.85,3.5,3.98,,,,,,
FIN,Veikkausliiga,2024,17/05/2024,17:00,SJK,Inter Turku,3,1,H,2.56,3.58,2.75,2.56,3.65,2.85,2.45,3.46,2.63,,,,,,
FIN,Veikkausliiga,2024,17/05/2024,18:00,Ilves,Haka,5,0,H,2.11,3.72,3.42,2.2,3.81,3.7,2.05,3.58,3.24,,,,,,
FIN,Veikkausliiga,2024,19/05/2024,14:00,Gnistan,KuPS,0,0,D,4.83,3.81,1.76,4.91,3.85,1.81,4.56,3.66,1.72,,,,,,
FIN,Veikkausliiga,2024,19/05/2024,16:30,Ekenas,Lahti,1,1,D,3.26,3.36,2.33,3.26,3.36,2.37,3.04,3.22,2.29,,,,,,
FIN,Veikkausliiga,2024,22/05/2024,16:00,HJK,Gnistan,1,0,H,1.4,5.2,7.45,1.44,5.2,7.5,1.39,4.76,6.82,,,,,,
FIN,Veikkausliiga,2024,22/05/2024,16:00,VPS,KuPS,1,3,A,2.5,3.09,3.23,2.56,3.2,3.23,2.43,3.01,2.98,,,,,,
FIN,Veikkausliiga,2024,22/05/2024,18:00,Ilves,Inter Turku,3,0,H,1.75,3.96,4.71,1.77,4,4.71,1.72,3.78,4.33,,,,,,
FIN,Veikkausliiga,2024,24/05/2024,16:00,Haka,AC Oulu,4,3,H,2.26,3.7,3.12,2.27,3.71,3.2,2.15,3.52,3.04,,,,,,
FIN,Veikkausliiga,2024,25/05/2024,15:00,HJK,Ilves,1,1,D,2.46,3.56,2.9,2.46,3.65,3.03,2.27,3.45,2.86,,,,,,
FIN,Veikkausliiga,2024,26/05/2024,16:30,KuPS,Ekenas,4,1,H,1.3,5.5,11.21,1.37,5.5,11.21,1.29,4.97,9.71,,,,,,
FIN,Veikkausliiga,2024,26/05/2024,16:30,Mariehamn,Gnistan,1,1,D,2.48,3.32,3.05,2.5,3.38,3.1,2.39,3.19,2.87,,,,,,
FIN,Veikkausliiga,2024,27/05/2024,16:00,Lahti,SJK,0,4,A,4.18,3.69,1.9,4.25,3.77,1.94,3.97,3.57,1.83,,,,,,
FIN,Veikkausliiga,2024,27/05/2024,16:00,VPS,Inter Turku,3,1,H,2.06,3.58,3.71,2.08,3.7,3.85,1.97,3.46,3.56,,,,,,
FIN,Veikkausliiga,2024,31/05/2024,16:00,Ilves,KuPS,1,2,A,2.11,3.38,3.8,2.14,3.56,3.8,2.04,3.3,3.49,,,,,,
FIN,Veikkausliiga,2024,31/05/2024,16:00,Inter Turku,Haka,3,1,H,2.09,3.7,3.49,2.09,3.75,3.55,2,3.6,3.31,,,,,,
FIN,Veikkausliiga,2024,31/05/2024,16:00,SJK,Mariehamn,0,2,A,1.53,4.3,6.49,1.56,4.4,6.5,1.5,4.09,5.98,,,,,,
FIN,Veikkausliiga,2024,31/05/2024,18:00,AC Oulu,HJK,1,0,H,4.22,3.69,1.89,4.22,3.75,1.93,3.89,3.58,1.84,,,,,,
FIN,Veikkausliiga,2024,02/06/2024,14:00,Gnistan,Lahti,2,1,H,2.01,3.49,3.98,2.03,3.6,3.98,1.93,3.42,3.72,,,,,,
FIN,Veikkausliiga,2024,02/06/2024,16:30,Ekenas,VPS,1,2,A,4.86,4.02,1.72,5,4.2,1.75,4.56,3.89,1.66,,,,,,
FIN,Veikkausliiga,2024,07/06/2024,16:00,Haka,Mariehamn,2,0,H,1.78,3.75,4.69,1.81,3.85,4.72,1.74,3.67,4.36,,,,,,
FIN,Veikkausliiga,2024,07/06/2024,16:00,Lahti,Inter Turku,0,2,A,3.82,3.62,1.98,3.87,3.75,2.06,3.59,3.55,1.93,,,,,,
FIN,Veikkausliiga,2024,07/06/2024,16:00,VPS,Ilves,1,1,D,3.31,3.43,2.23,3.34,3.6,2.27,3.06,3.44,2.17,,,,,,
FIN,Veikkausliiga,2024,07/06/2024,18:00,HJK,SJK,4,1,H,2.1,3.52,3.54,2.13,3.6,3.6,2.01,3.43,3.44,,,,,,
FIN,Veikkausliiga,2024,08/06/2024,15:00,Ekenas,Gnistan,1,0,H,3.47,3.36,2.19,3.5,3.45,2.21,3.29,3.3,2.12,,,,,,
FIN,Veikkausliiga,2024,08/06/2024,15:00,KuPS,AC Oulu,4,1,H,1.63,4.13,5.35,1.65,4.16,5.5,1.58,3.96,5.13,,,,,,
FIN,Veikkausliiga,2024,12/06/2024,16:00,AC Oulu,Lahti,2,2,D,2.01,3.58,3.76,2.02,3.7,3.79,1.95,3.47,3.66,,,,,,
FIN,Veikkausliiga,2024,12/06/2024,16:00,Inter Turku,Ilves,0,2,A,3.1,3.68,2.24,3.2,3.75,2.27,3,3.56,2.17,,,,,,
FIN,Veikkausliiga,2024,12/06/2024,16:00,KuPS,Haka,0,1,A,1.61,4.27,5.33,1.64,4.35,5.33,1.59,4.12,4.92,,,,,,
FIN,Veikkausliiga,2024,12/06/2024,16:00,Mariehamn,VPS,0,0,D,3.93,3.46,2,3.96,3.6,2.02,3.73,3.4,1.95,,,,,,
FIN,Veikkausliiga,2024,12/06/2024,16:00,SJK,Ekenas,3,1,H,1.45,5.01,6.63,1.52,5.04,6.8,1.43,4.65,6.18,,,,,,
FIN,Veikkausliiga,2024,12/06/2024,17:00,Gnistan,HJK,0,4,A,3.77,3.56,2.01,4.2,3.6,2.04,3.73,3.44,1.93,,,,,,
FIN,Veikkausliiga,2024,19/06/2024,19:00,Ekenas,Mariehamn,1,2,A,2.98,3.2,2.6,2.98,3.2,2.6,2.86,3.1,2.48,,,,,,
FIN,Veikkausliiga,2024,19/06/2024,19:00,Haka,Inter Turku,0,0,D,2.57,3.67,2.69,2.57,3.75,2.75,2.43,3.58,2.61,,,,,,
FIN,Veikkausliiga,2024,19/06/2024,19:00,HJK,KuPS,3,1,H,2.37,3.31,3.24,2.47,3.31,3.24,2.34,3.16,3.01,,,,,,
FIN,Veikkausliiga,2024,19/06/2024,19:00,Ilves,SJK,2,2,D,1.76,4.15,4.38,1.79,4.15,4.38,1.73,3.92,4.11,,,,,,
FIN,Veikkausliiga,2024,19/06/2024,19:00,Lahti,Gnistan,3,3,D,3.03,3.38,2.46,3.25,3.4,2.46,2.99,3.25,2.3,,,,,,
FIN,Veikkausliiga,2024,19/06/2024,19:00,VPS,AC Oulu,1,1,D,1.56,4.4,5.94,1.56,4.5,6.2,1.5,4.28,5.75,,,,,,
FIN,Veikkausliiga,2024,28/06/2024,16:00,Inter Turku,VPS,3,1,H,2.36,3.59,3.02,2.47,3.6,3.05,2.28,3.44,2.9,,,,,,
FIN,Veikkausliiga,2024,28/06/2024,18:00,AC Oulu,KuPS,1,0,H,4,3.51,2,4,3.6,2.05,3.81,3.4,1.93,,,,,,
FIN,Veikkausliiga,2024,29/06/2024,10:00,SJK,Haka,2,1,H,1.51,4.9,5.91,1.52,5.05,6.05,1.48,4.57,5.55,,,,,,
FIN,Veikkausliiga,2024,29/06/2024,17:00,Lahti,Ilves,2,2,D,6.66,4.64,1.49,7,4.75,1.52,6.23,4.42,1.45,,,,,,
FIN,Veikkausliiga,2024,30/06/2024,14:00,Gnistan,Ekenas,1,2,A,1.66,4.28,5.01,1.67,4.28,5.2,1.61,4.02,4.91,,,,,,
FIN,Veikkausliiga,2024,30/06/2024,14:00,Mariehamn,HJK,1,2,A,5.16,3.73,1.74,5.16,3.75,1.76,4.85,3.58,1.7,,,,,,
FIN,Veikkausliiga,2024,06/07/2024,13:00,Ilves,HJK,3,0,H,2.27,3.58,3.18,2.36,3.65,3.18,2.22,3.46,2.94,,,,,,
FIN,Veikkausliiga,2024,06/07/2024,15:00,VPS,Ekenas,2,3,A,1.34,5.65,8.85,1.36,5.65,9.05,1.32,5.21,8.1,,,,,,
FIN,Veikkausliiga,2024,07/07/2024,16:30,KuPS,Gnistan,3,1,H,1.51,4.4,6.72,1.52,4.5,7,1.45,4.25,6.45,,,,,,
FIN,Veikkausliiga,2024,07/07/2024,16:30,Mariehamn,Haka,0,3,A,2.75,3.19,2.81,2.75,3.32,2.81,2.54,3.17,2.7,,,,,,
FIN,Veikkausliiga,2024,08/07/2024,16:00,AC Oulu,SJK,1,2,A,3.8,3.7,2,3.8,3.71,2.02,3.56,3.52,1.95,,,,,,
FIN,Veikkausliiga,2024,08/07/2024,16:00,Inter Turku,Lahti,3,0,H,1.59,4.42,5.53,1.6,4.5,5.53,1.54,4.24,5.18,,,,,,
FIN,Veikkausliiga,2024,14/07/2024,15:00,Ekenas,Inter Turku,0,7,A,5.47,4.49,1.58,5.5,4.49,1.63,5.12,4.18,1.56,6,4.5,1.61,,,
FIN,Veikkausliiga,2024,14/07/2024,16:30,Lahti,AC Oulu,1,2,A,3.2,3.53,2.28,3.25,3.53,2.35,3.04,3.35,2.24,3.25,3.65,2.34,,,
FIN,Veikkausliiga,2024,15/07/2024,17:00,Haka,Ilves,4,3,H,4.47,4.24,1.74,4.47,4.24,1.81,4.07,4.02,1.73,4.5,4.2,1.82,,,
FIN,Veikkausliiga,2024,20/07/2024,15:00,AC Oulu,Ekenas,2,0,H,1.55,4.42,5.96,1.56,4.42,6.3,1.51,4.18,5.74,1.57,4.5,6.4,,,
FIN,Veikkausliiga,2024,20/07/2024,15:00,HJK,Haka,2,0,H,1.65,4.31,5.05,1.67,4.33,5.2,1.62,4.02,4.86,1.66,4.4,5.6,,,
FIN,Veikkausliiga,2024,21/07/2024,13:00,Mariehamn,SJK,0,4,A,4.57,3.84,1.79,4.57,3.92,1.84,4.32,3.66,1.76,4.7,3.9,1.85,,,
FIN,Veikkausliiga,2024,21/07/2024,15:00,Ilves,VPS,3,2,H,1.55,4.68,5.61,1.7,4.75,5.61,1.54,4.39,5.16,1.6,4.8,5.7,,,
FIN,Veikkausliiga,2024,21/07/2024,16:30,KuPS,Lahti,1,0,H,1.47,4.55,7.3,1.49,5.33,9.73,1.44,4.33,6.75,1.52,4.5,7.8,,,
FIN,Veikkausliiga,2024,22/07/2024,16:00,Inter Turku,Gnistan,2,2,D,1.79,3.97,4.43,1.81,4.09,4.45,1.74,3.85,4.17,1.8,4.2,4.6,,,
FIN,Veikkausliiga,2024,27/07/2024,15:00,HJK,AC Oulu,3,0,H,1.43,4.83,7.46,1.45,5,7.5,1.41,4.61,6.97,1.44,5.3,8.2,,,
FIN,Veikkausliiga,2024,27/07/2024,15:00,SJK,Lahti,5,5,D,1.29,6.22,9.18,1.32,6.22,10,1.28,5.64,8.9,1.33,6.2,10.5,,,
FIN,Veikkausliiga,2024,28/07/2024,13:00,Haka,Gnistan,1,2,A,2.3,3.89,2.93,2.31,3.89,2.95,2.22,3.66,2.86,2.36,3.9,3.05,,,
FIN,Veikkausliiga,2024,28/07/2024,15:00,Ekenas,KuPS,1,2,A,6.1,4.26,1.57,6.4,4.35,1.57,5.99,4.08,1.51,6.8,4.3,1.6,,,
FIN,Veikkausliiga,2024,28/07/2024,16:30,VPS,Mariehamn,2,1,H,1.6,4.22,5.68,1.62,4.22,5.7,1.58,4,5.24,1.64,4.2,6,,,
FIN,Veikkausliiga,2024,02/08/2024,16:00,Inter Turku,Mariehamn,3,0,H,1.6,4.22,5.73,1.65,4.22,5.73,1.59,3.96,5.24,1.65,4.3,6,,,
FIN,Veikkausliiga,2024,03/08/2024,17:00,Lahti,HJK,2,1,H,5.98,4.49,1.54,6,4.5,1.56,5.67,4.31,1.5,6.2,4.7,1.58,,,
FIN,Veikkausliiga,2024,04/08/2024,14:00,AC Oulu,Ilves,0,1,A,3.8,3.74,1.98,3.91,3.8,1.99,3.73,3.63,1.89,4.2,3.95,1.95,,,
FIN,Veikkausliiga,2024,04/08/2024,16:30,Ekenas,Haka,1,2,A,3.77,3.99,1.93,4.3,4.2,1.96,3.73,3.84,1.85,4.1,4,1.96,,,
FIN,Veikkausliiga,2024,04/08/2024,16:30,Gnistan,VPS,3,0,H,2.95,3.57,2.41,2.96,3.65,2.47,2.81,3.5,2.32,3.05,3.75,2.46,,,
FIN,Veikkausliiga,2024,04/08/2024,16:30,KuPS,SJK,2,1,H,2.36,3.57,3.04,2.47,3.75,3.06,2.25,3.54,2.92,2.4,3.7,3.15,,,
FIN,Veikkausliiga,2024,09/08/2024,16:00,Lahti,Ekenas,4,0,H,1.97,3.65,3.96,2,3.8,3.96,1.92,3.55,3.7,1.99,3.8,4.1,,,
FIN,Veikkausliiga,2024,10/08/2024,15:00,AC Oulu,Inter Turku,1,0,H,3.78,3.51,2.06,4.05,3.67,2.06,3.6,3.4,1.99,4,3.6,2.1,,,
FIN,Veikkausliiga,2024,11/08/2024,13:00,Ilves,Mariehamn,2,0,H,1.51,4.74,6.15,1.54,5.21,7.8,1.47,4.42,5.92,1.53,4.8,6.8,,,
FIN,Veikkausliiga,2024,11/08/2024,15:00,Haka,KuPS,2,2,D,3.96,3.97,1.88,3.96,4,2,3.75,3.74,1.85,4.2,3.95,1.93,,,
FIN,Veikkausliiga,2024,12/08/2024,17:00,SJK,VPS,3,1,H,1.92,4.09,3.71,1.97,4.09,3.92,1.85,3.89,3.63,1.95,4,4,,,
FIN,Veikkausliiga,2024,16/08/2024,16:15,Inter Turku,SJK,3,0,H,2.46,3.85,2.82,2.5,4,2.82,2.36,3.71,2.65,2.48,3.9,2.86,,,
FIN,Veikkausliiga,2024,18/08/2024,14:00,Ekenas,HJK,0,3,A,6.3,4.77,1.5,6.3,4.77,1.56,5.48,4.41,1.51,6,4.6,1.61,,,
FIN,Veikkausliiga,2024,18/08/2024,14:00,Gnistan,AC Oulu,2,0,H,1.97,3.71,3.87,2.06,3.71,3.87,1.98,3.49,3.57,2.06,3.65,4,,,
FIN,Veikkausliiga,2024,18/08/2024,14:00,KuPS,Ilves,1,0,H,2.01,3.51,3.95,2.14,3.64,3.95,1.99,3.41,3.64,2.08,3.55,4,,,
FIN,Veikkausliiga,2024,18/08/2024,16:30,Mariehamn,Lahti,0,0,D,2.99,3.16,2.62,2.99,3.25,2.65,2.81,3.09,2.53,3,3.3,2.7,,,
FIN,Veikkausliiga,2024,18/08/2024,16:30,VPS,Haka,3,2,H,1.91,4.06,3.76,1.96,4.06,3.9,1.86,3.83,3.64,1.96,4,4.1,,,
FIN,Veikkausliiga,2024,21/08/2024,16:00,Gnistan,Mariehamn,2,1,H,1.87,3.69,4.37,1.91,3.85,4.46,1.8,3.66,4.16,1.88,3.8,4.8,,,
FIN,Veikkausliiga,2024,24/08/2024,15:00,AC Oulu,Haka,0,1,A,2.57,3.4,2.85,2.57,3.47,2.85,2.47,3.31,2.73,2.62,3.45,2.96,,,
FIN,Veikkausliiga,2024,24/08/2024,15:00,Ilves,Ekenas,5,0,H,1.21,7.14,12.89,1.22,7.55,13,1.19,6.76,11.77,1.24,7.4,15,,,
FIN,Veikkausliiga,2024,25/08/2024,14:00,HJK,Inter Turku,1,0,H,2.39,3.52,3.02,2.4,3.6,3.1,2.3,3.39,2.91,2.42,3.65,3.15,,,
FIN,Veikkausliiga,2024,25/08/2024,14:00,KuPS,Mariehamn,3,0,H,1.35,5.06,10.02,1.39,5.06,10.02,1.34,4.67,8.87,1.38,5.2,11,,,
FIN,Veikkausliiga,2024,25/08/2024,16:30,Lahti,VPS,0,0,D,3.19,3.58,2.27,3.2,3.6,2.29,3.04,3.45,2.2,3.25,3.6,2.36,,,
FIN,Veikkausliiga,2024,26/08/2024,17:00,SJK,Gnistan,0,1,A,1.85,4.14,3.92,1.91,4.15,3.92,1.85,3.91,3.65,1.93,4.3,3.9,,,
FIN,Veikkausliiga,2024,01/09/2024,14:00,Ekenas,SJK,1,1,D,6.14,5.44,1.45,6.55,5.44,1.46,5.82,4.99,1.42,6.4,5.5,1.48,,,
FIN,Veikkausliiga,2024,01/09/2024,14:00,Gnistan,Ilves,1,1,D,3.12,4.11,2.13,3.12,4.11,2.2,3.02,3.84,2.06,3.25,4.2,2.16,,,
FIN,Veikkausliiga,2024,01/09/2024,14:00,Haka,Lahti,1,1,D,2.06,3.9,3.43,2.08,3.9,3.6,1.97,3.68,3.37,2.06,3.95,3.65,,,
FIN,Veikkausliiga,2024,01/09/2024,14:00,KuPS,Inter Turku,1,2,A,1.78,4.01,4.44,1.84,4.01,4.44,1.74,3.83,4.2,1.82,4,4.7,,,
FIN,Veikkausliiga,2024,01/09/2024,14:00,Mariehamn,AC Oulu,2,1,H,2.64,3.34,2.82,2.64,3.34,2.82,2.53,3.2,2.71,2.72,3.4,2.9,,,
FIN,Veikkausliiga,2024,01/09/2024,14:00,VPS,HJK,1,3,A,3.23,3.58,2.25,3.23,3.6,2.27,3.07,3.45,2.17,3.25,3.65,2.32,,,
FIN,Veikkausliiga,2024,13/09/2024,16:00,Inter Turku,Ekenas,1,1,D,1.24,6.78,11.18,1.25,7,13,1.22,6.38,10.6,1.27,7,12.5,,,
FIN,Veikkausliiga,2024,14/09/2024,13:00,HJK,SJK,2,2,D,1.81,4.26,4.02,1.81,4.33,4.2,1.74,4.14,3.93,1.84,4.4,4.2,,,
FIN,Veikkausliiga,2024,14/09/2024,15:00,AC Oulu,Lahti,3,0,H,2.32,3.39,3.26,2.45,3.4,3.26,2.31,3.23,3.03,2.38,3.35,3.35,,,
FIN,Veikkausliiga,2024,14/09/2024,15:00,Ilves,Haka,3,2,H,1.63,4.41,5.09,1.64,4.5,5.09,1.6,4.3,4.74,1.65,4.6,5.3,,,
FIN,Veikkausliiga,2024,14/09/2024,17:00,KuPS,VPS,3,1,H,1.35,5.52,8.56,1.42,5.52,8.56,1.38,4.89,7.07,1.43,5.4,8,,,
FIN,Veikkausliiga,2024,15/09/2024,13:00,Gnistan,Mariehamn,2,1,H,1.74,4.18,4.54,1.77,4.2,4.55,1.68,4.03,4.34,1.76,4.2,4.9,,,
FIN,Veikkausliiga,2024,19/09/2024,16:00,Lahti,Mariehamn,2,1,H,2.59,3.4,2.84,2.59,3.4,2.9,2.48,3.28,2.77,2.62,3.45,3,,,
FIN,Veikkausliiga,2024,20/09/2024,16:00,Haka,SJK,0,3,A,3.54,4.32,1.92,3.7,4.33,1.96,3.37,4.09,1.89,3.6,4.4,2,,,
FIN,Veikkausliiga,2024,20/09/2024,18:00,VPS,HJK,1,1,D,4.53,4.13,1.74,4.7,4.13,1.78,4.22,3.93,1.73,4.5,4.1,1.84,,,
FIN,Veikkausliiga,2024,22/09/2024,14:00,Ekenas,Gnistan,3,1,H,5.42,4.61,1.57,5.5,4.61,1.58,5.15,4.36,1.54,5.6,4.7,1.61,,,
FIN,Veikkausliiga,2024,24/09/2024,16:00,AC Oulu,Inter Turku,1,0,H,3.25,3.5,2.31,3.25,3.5,2.31,3.07,3.35,2.24,3.35,3.5,2.36,,,
FIN,Veikkausliiga,2024,24/09/2024,17:00,Ilves,KuPS,1,0,H,2.25,3.6,3.21,2.25,3.6,3.21,2.18,3.49,3.07,2.32,3.6,3.4,,,
FIN,Veikkausliiga,2024,27/09/2024,16:00,Gnistan,AC Oulu,1,0,H,1.85,4.03,4.03,1.86,4.03,4.25,1.8,3.85,3.86,1.91,4.1,4.2,,,
FIN,Veikkausliiga,2024,28/09/2024,12:30,SJK,VPS,1,4,A,1.57,4.72,5.26,1.59,4.84,5.5,1.53,4.58,4.99,1.6,5,5.4,,,
FIN,Veikkausliiga,2024,28/09/2024,15:00,Mariehamn,Ekenas,3,0,H,1.68,4.13,4.99,1.68,4.2,4.99,1.64,3.99,4.73,1.71,4.2,5.2,,,
FIN,Veikkausliiga,2024,28/09/2024,17:30,HJK,Ilves,0,1,A,2.51,3.73,2.72,2.55,3.75,2.74,2.44,3.55,2.62,2.62,3.8,2.76,,,
FIN,Veikkausliiga,2024,29/09/2024,14:00,KuPS,Haka,2,0,H,1.38,5.18,8.09,1.38,5.4,9,1.33,4.97,8.13,1.39,5.6,9,,,
FIN,Veikkausliiga,2024,30/09/2024,16:00,Inter Turku,Lahti,3,1,H,1.6,4.36,5.44,1.61,4.36,5.5,1.57,4.18,5.11,1.65,4.4,5.8,,,
FIN,Veikkausliiga,2024,04/10/2024,16:00,VPS,Ilves,0,2,A,4.49,4.22,1.74,4.5,4.22,1.78,4.19,3.98,1.72,4.6,4.4,1.77,,,
FIN,Veikkausliiga,2024,05/10/2024,12:00,Gnistan,Lahti,2,2,D,1.7,4.13,4.8,1.75,4.2,4.8,1.7,3.95,4.33,1.79,4.2,4.7,,,
FIN,Veikkausliiga,2024,05/10/2024,15:00,Ekenas,AC Oulu,1,1,D,3.16,3.76,2.22,3.32,3.9,2.25,3.18,3.65,2.07,3.35,3.8,2.24,,,
FIN,Veikkausliiga,2024,05/10/2024,15:00,SJK,KuPS,0,1,A,2.77,3.82,2.44,2.85,3.82,2.46,2.69,3.64,2.34,2.86,3.9,2.5,,,
FIN,Veikkausliiga,2024,06/10/2024,14:30,Mariehamn,Inter Turku,0,1,A,2.66,3.54,2.67,2.7,3.55,2.67,2.63,3.39,2.51,2.86,3.6,2.62,,,
FIN,Veikkausliiga,2024,06/10/2024,16:30,HJK,Haka,0,1,A,1.55,5,5.2,1.55,5.01,5.5,1.51,4.67,5.06,1.56,5.1,5.8,,,
FIN,Veikkausliiga,2024,19/10/2024,12:00,AC Oulu,Mariehamn,1,2,A,3.04,3.68,2.31,3.1,3.68,2.31,2.95,3.47,2.24,3.1,3.8,2.38,,,
FIN,Veikkausliiga,2024,19/10/2024,12:00,Inter Turku,Gnistan,3,2,H,1.99,3.96,3.57,2.11,3.96,3.6,1.99,3.74,3.33,2.14,4.1,3.35,,,
FIN,Veikkausliiga,2024,19/10/2024,12:00,Lahti,Ekenas,0,0,D,1.4,5.51,6.99,1.42,5.51,7.5,1.39,5.04,6.48,1.44,5.5,7.4,,,
FIN,Veikkausliiga,2024,19/10/2024,16:00,Haka,VPS,2,3,A,2.36,4.12,2.73,2.39,4.12,2.8,2.26,3.9,2.67,2.38,4.1,2.88,,,
FIN,Veikkausliiga,2024,19/10/2024,16:00,Ilves,SJK,4,0,H,1.58,4.76,5.13,1.6,4.76,5.25,1.55,4.52,4.85,1.61,5,5.4,,,
FIN,Veikkausliiga,2024,19/10/2024,16:00,KuPS,HJK,1,0,H,1.6,4.74,4.94,1.6,4.75,5.5,1.55,4.47,4.94,1.63,4.7,5.5,,,
FIN,Veikkausliiga,2024,23/10/2024,16:00,Haka,Inter Turku,1,1,D,3.51,3.54,2.14,3.51,3.6,2.2,3.31,3.45,2.08,3.6,3.55,2.22,,,
FIN,Veikkausliiga,2024,23/10/2024,16:00,VPS,Gnistan,0,1,A,2.02,3.59,3.83,2.06,3.6,3.83,1.97,3.5,3.58,2.08,3.75,3.8,,,
FIN,Veikkausliiga,2024,23/10/2024,16:30,Jaro,Lahti,2,0,H,2.38,2.88,3.69,2.63,3.1,3.77,2.4,2.83,3.34,2.52,2.86,3.85,,,
FIN,Veikkausliiga,2024,26/10/2024,15:00,Haka,Gnistan,2,2,D,2.4,3.45,3.06,2.42,3.55,3.06,2.32,3.35,2.89,2.44,3.6,3.1,,,
FIN,Veikkausliiga,2024,27/10/2024,14:00,Lahti,Jaro,1,0,H,2.01,3.62,3.75,2.02,3.76,3.76,1.96,3.54,3.56,2.02,3.65,4.2,,,
FIN,Veikkausliiga,2024,30/10/2024,16:00,Haka,SJK,1,2,A,3.56,3.75,2.05,3.56,3.75,2.12,3.36,3.58,2.02,3.7,3.9,2.06,,,
FIN,Veikkausliiga,2024,02/11/2024,12:30,SJK,Haka,2,2,D,1.65,4.34,5.02,1.66,4.35,5.02,1.62,4.14,4.67,1.68,4.4,5.3,,,
FIN,Veikkausliiga,2025,05/04/2025,13:00,Ilves,HJK,3,2,H,2.54,3.32,2.95,2.65,3.35,3.05,2.49,3.26,2.8,2.66,3.45,2.94,,,
FIN,Veikkausliiga,2025,05/04/2025,15:00,Inter Turku,KuPS,1,1,D,2.68,3.41,2.72,2.72,3.41,2.72,2.63,3.29,2.62,2.74,3.4,2.84,,,
FIN,Veikkausliiga,2025,05/04/2025,15:00,KTP,SJK,0,1,A,4.01,3.76,1.93,4.13,4.04,1.97,3.83,3.68,1.88,4,4,1.97,,,
FIN,Veikkausliiga,2025,05/04/2025,15:00,Mariehamn,Jaro,0,2,A,2.38,3.19,3.35,2.38,3.25,3.44,2.28,3.16,3.24,2.44,3.2,3.5,,,
FIN,Veikkausliiga,2025,05/04/2025,15:00,VPS,AC Oulu,4,3,H,1.8,3.78,4.62,1.81,3.88,4.62,1.75,3.68,4.47,1.84,3.85,4.8,,,
FIN,Veikkausliiga,2025,05/04/2025,17:00,Haka,Gnistan,3,2,H,3.22,3.43,2.32,3.22,3.5,2.37,3.06,3.37,2.27,3.3,3.5,2.36,,,
FIN,Veikkausliiga,2025,11/04/2025,16:00,KTP,VPS,2,2,D,3.66,3.61,2.06,3.66,3.8,2.07,3.43,3.59,2.02,3.7,3.85,2.1,,,
FIN,Veikkausliiga,2025,11/04/2025,18:00,SJK,HJK,1,0,H,3.2,3.76,2.2,3.32,3.84,2.23,3.08,3.62,2.15,3.3,3.75,2.28,,,
FIN,Veikkausliiga,2025,12/04/2025,12:30,Ilves,Jaro,2,1,H,1.39,4.73,9.18,1.41,5.4,9.18,1.36,4.75,8.26,1.42,5.2,9,,,
FIN,Veikkausliiga,2025,12/04/2025,13:00,Haka,Mariehamn,0,1,A,1.88,3.72,4.24,1.88,3.88,4.49,1.82,3.62,4.15,1.94,3.8,4.4,,,
FIN,Veikkausliiga,2025,12/04/2025,15:00,Inter Turku,Gnistan,3,0,H,1.76,3.97,4.61,1.76,4,4.61,1.73,3.79,4.42,1.81,4,4.8,,,
FIN,Veikkausliiga,2025,12/04/2025,17:23,KuPS,AC Oulu,1,0,H,1.59,4.1,6.05,1.61,4.4,6.4,1.56,3.95,5.82,1.61,4.2,6.2,,,
FIN,Veikkausliiga,2025,19/04/2025,13:00,VPS,Inter Turku,0,2,A,3.11,3.68,2.27,3.11,3.68,2.32,2.97,3.49,2.25,3.15,3.75,2.34,,,
FIN,Veikkausliiga,2025,19/04/2025,15:00,Haka,AC Oulu,2,1,H,2.72,3.45,2.66,2.76,3.45,2.66,2.64,3.32,2.57,2.76,3.5,2.8,,,
FIN,Veikkausliiga,2025,19/04/2025,15:00,KTP,Ilves,0,5,A,4.55,4.14,1.74,4.75,4.2,1.76,4.44,3.98,1.7,4.6,4.2,1.79,,,
FIN,Veikkausliiga,2025,19/04/2025,15:00,Mariehamn,SJK,1,2,A,5.1,4.06,1.68,5.1,4.06,1.69,4.72,3.94,1.67,5.3,4.3,1.71,,,
FIN,Veikkausliiga,2025,19/04/2025,17:00,KuPS,Jaro,1,0,H,1.79,3.68,4.82,1.79,3.9,5.1,1.7,3.71,4.75,1.8,3.85,5.2,,,
FIN,Veikkausliiga,2025,22/04/2025,17:00,HJK,Gnistan,0,1,A,1.44,4.76,7.53,1.49,4.76,7.53,1.43,4.51,6.86,1.47,5.1,7.8,,,
FIN,Veikkausliiga,2025,23/04/2025,16:00,KuPS,Mariehamn,4,1,H,1.41,4.76,8.23,1.42,4.8,9.19,1.38,4.63,7.94,1.45,4.9,8.8,,,
FIN,Veikkausliiga,2025,23/04/2025,17:00,SJK,AC Oulu,3,1,H,1.73,4.04,4.74,1.78,4.1,4.75,1.7,3.92,4.54,1.75,4.1,5.2,,,
FIN,Veikkausliiga,2025,26/04/2025,13:00,AC Oulu,Inter Turku,1,4,A,4.35,3.72,1.86,4.5,3.75,1.87,4.21,3.6,1.82,4.6,3.85,1.9,,,
FIN,Veikkausliiga,2025,26/04/2025,15:00,Jaro,KTP,2,3,A,2.03,3.43,3.99,2.06,3.5,3.99,1.98,3.37,3.8,2.04,3.6,4.2,,,
FIN,Veikkausliiga,2025,26/04/2025,17:00,HJK,VPS,3,1,H,1.69,4.09,4.94,1.73,4.1,4.94,1.68,3.96,4.6,1.72,4.1,5.3,,,
FIN,Veikkausliiga,2025,27/04/2025,14:00,Gnistan,KuPS,1,2,A,3.75,3.58,2.05,3.75,3.58,2.11,3.52,3.41,2.05,3.75,3.6,2.14,,,
FIN,Veikkausliiga,2025,27/04/2025,16:30,Mariehamn,Ilves,3,2,H,7.81,4.48,1.46,7.82,4.6,1.48,6.97,4.36,1.44,8,4.8,1.48,,,
FIN,Veikkausliiga,2025,28/04/2025,17:00,SJK,Haka,2,2,D,1.61,4.29,5.48,1.62,4.5,5.6,1.57,4.23,5.24,1.64,4.5,5.7,,,
FIN,Veikkausliiga,2025,02/05/2025,16:00,Haka,Jaro,0,1,A,1.97,3.62,3.99,2,3.65,4,1.92,3.53,3.85,2.02,3.7,4.1,,,
FIN,Veikkausliiga,2025,02/05/2025,16:00,KTP,AC Oulu,1,3,A,2.47,3.38,3.01,2.47,3.55,3.05,2.37,3.38,2.86,2.5,3.65,3.05,,,
FIN,Veikkausliiga,2025,02/05/2025,16:00,VPS,Ilves,1,0,H,3.21,3.8,2.18,3.55,3.9,2.23,3.17,3.74,2.07,3.4,3.9,2.16,,,
FIN,Veikkausliiga,2025,02/05/2025,18:00,KuPS,SJK,1,0,H,1.87,4.02,3.99,1.91,4.02,4.2,1.84,3.84,3.83,1.91,4,4.3,,,
FIN,Veikkausliiga,2025,03/05/2025,13:00,Gnistan,Mariehamn,2,0,H,1.57,4.58,5.62,1.57,4.58,6.4,1.52,4.3,5.69,1.6,4.5,6.2,,,
FIN,Veikkausliiga,2025,03/05/2025,15:00,Inter Turku,HJK,1,1,D,2.35,3.46,3.13,2.36,3.55,3.13,2.3,3.37,2.98,2.46,3.6,3.1,,,
FIN,Veikkausliiga,2025,09/05/2025,17:31,Ilves,Haka,3,2,H,1.63,4.4,5.05,1.66,4.4,5.05,1.61,4.24,4.82,1.66,4.5,5.5,,,
FIN,Veikkausliiga,2025,10/05/2025,13:00,KuPS,KTP,3,0,H,1.45,4.92,6.96,1.5,4.92,7,1.44,4.64,6.32,1.5,5,7.2,,,
FIN,Veikkausliiga,2025,10/05/2025,15:00,Mariehamn,Inter Turku,2,2,D,8.05,5.25,1.38,8.5,5.25,1.41,7.73,4.8,1.37,8.8,5.3,1.41,,,
FIN,Veikkausliiga,2025,10/05/2025,17:00,AC Oulu,Gnistan,2,3,A,3.25,3.44,2.3,3.25,3.5,2.33,3.08,3.36,2.26,3.3,3.55,2.38,,,
FIN,Veikkausliiga,2025,11/05/2025,14:00,Jaro,HJK,0,3,A,5.25,3.92,1.69,5.3,4,1.7,5.03,3.75,1.66,5.3,4,1.74,,,
FIN,Veikkausliiga,2025,12/05/2025,17:00,SJK,VPS,2,3,A,2.26,3.75,3.09,2.27,3.75,3.1,2.18,3.66,2.99,2.26,3.9,3.25,,,
FIN,Veikkausliiga,2025,16/05/2025,16:00,Gnistan,SJK,2,2,D,2.43,3.63,2.89,2.43,3.8,2.89,2.34,3.62,2.77,2.48,3.8,2.96,,,
FIN,Veikkausliiga,2025,16/05/2025,18:00,Haka,KuPS,1,3,A,3.74,4,1.93,3.85,4,1.99,3.61,3.77,1.92,4,3.95,1.98,,,
FIN,Veikkausliiga,2025,17/05/2025,15:00,AC Oulu,Mariehamn,0,1,A,1.83,3.71,4.54,1.86,3.71,4.54,1.81,3.55,4.34,1.86,3.75,4.8,,,
FIN,Veikkausliiga,2025,17/05/2025,15:00,HJK,KTP,4,1,H,1.24,6.97,10.99,1.27,6.97,12.5,1.23,6.35,10.77,1.27,7,12.5,,,
FIN,Veikkausliiga,2025,17/05/2025,15:00,Inter Turku,Ilves,3,1,H,2.3,3.81,2.97,2.31,3.81,2.97,2.24,3.65,2.9,2.32,3.85,3.1,,,
FIN,Veikkausliiga,2025,17/05/2025,17:00,VPS,Jaro,0,0,D,1.71,4.05,4.83,1.73,4.05,5,1.68,3.86,4.74,1.75,4,5.3,,,
FIN,Veikkausliiga,2025,20/05/2025,16:00,HJK,SJK,4,2,H,1.43,5.15,6.96,1.44,5.15,7.24,1.41,4.96,6.55,1.45,5.3,7.6,,,
FIN,Veikkausliiga,2025,21/05/2025,16:00,Ilves,KuPS,3,0,H,2.55,3.47,2.83,2.6,3.5,2.83,2.48,3.39,2.7,2.6,3.5,2.98,,,
FIN,Veikkausliiga,2025,23/05/2025,16:00,KTP,Haka,0,0,D,3.08,3.95,2.19,3.11,4.1,2.33,2.94,3.88,2.15,3.15,4,2.28,,,
FIN,Veikkausliiga,2025,24/05/2025,13:00,Jaro,Gnistan,1,1,D,3.17,3.51,2.31,3.17,3.51,2.36,3.05,3.37,2.26,3.2,3.5,2.4,,,
FIN,Veikkausliiga,2025,24/05/2025,15:00,Ilves,AC Oulu,0,0,D,1.37,5.18,8.53,1.39,5.18,8.53,1.35,4.9,8.18,1.39,5.3,9.4,,,
FIN,Veikkausliiga,2025,24/05/2025,17:00,Mariehamn,HJK,0,4,A,7.16,4.88,1.44,8,5,1.45,7.16,4.69,1.41,8.2,5.1,1.45,,,
FIN,Veikkausliiga,2025,25/05/2025,14:00,KuPS,VPS,0,2,A,1.85,3.71,4.46,1.88,3.9,4.46,1.8,3.67,4.26,1.84,3.8,4.9,,,
FIN,Veikkausliiga,2025,25/05/2025,16:30,SJK,Inter Turku,0,1,A,3.44,3.96,2.03,3.45,4,2.06,3.34,3.84,1.97,3.55,4,2.06,,,
FIN,Veikkausliiga,2025,31/05/2025,13:00,KTP,Mariehamn,2,2,D,2.22,3.64,3.25,2.22,3.65,3.35,2.13,3.49,3.23,2.22,3.7,3.45,,,
FIN,Veikkausliiga,2025,31/05/2025,15:00,AC Oulu,SJK,2,2,D,3.34,3.64,2.18,3.34,3.67,2.22,3.17,3.56,2.13,3.35,3.75,2.22,,,
FIN,Veikkausliiga,2025,31/05/2025,15:00,Haka,VPS,2,1,H,2.51,3.57,2.82,2.51,3.6,2.82,2.43,3.5,2.72,2.56,3.7,2.86,,,
FIN,Veikkausliiga,2025,31/05/2025,17:00,HJK,KuPS,0,0,D,2,3.66,3.83,2.06,3.7,3.83,1.98,3.56,3.6,2.08,3.75,3.95,,,
FIN,Veikkausliiga,2025,01/06/2025,14:00,Gnistan,Ilves,0,2,A,4.78,3.88,1.76,4.78,3.88,1.83,4.49,3.67,1.76,4.8,4,1.82,,,
FIN,Veikkausliiga,2025,01/06/2025,16:30,Jaro,Inter Turku,0,1,A,5.4,3.96,1.67,5.4,4,1.68,5.23,3.81,1.64,5.9,4.1,1.69,,,
FIN,Veikkausliiga,2025,14/06/2025,12:00,Inter Turku,Haka,1,1,D,1.52,4.46,6.52,1.52,4.5,6.52,1.45,4.31,5.78,1.53,4.7,7,,,
FIN,Veikkausliiga,2025,14/06/2025,15:00,AC Oulu,HJK,0,4,A,4.74,3.95,1.75,4.74,3.95,1.75,4.38,3.73,1.68,5,4,1.8,,,
FIN,Veikkausliiga,2025,14/06/2025,17:00,Gnistan,KTP,2,1,H,1.83,4.25,3.94,1.83,4.35,4.3,1.72,3.98,3.94,1.86,4.3,4.3,,,
FIN,Veikkausliiga,2025,14/06/2025,17:00,KuPS,Ilves,0,3,A,2.58,3.5,2.79,2.58,3.5,2.9,2.38,3.32,2.72,2.62,3.6,2.9,,,
FIN,Veikkausliiga,2025,14/06/2025,17:00,Mariehamn,VPS,1,5,A,3.52,3.7,2.08,3.6,3.7,2.08,3.4,3.41,1.98,3.75,3.7,2.1,,,
FIN,Veikkausliiga,2025,14/06/2025,17:00,SJK,Jaro,3,1,H,1.48,4.8,6.52,1.48,4.8,6.75,1.43,4.47,6.04,1.51,5,6.6,,,
FIN,Veikkausliiga,2025,18/06/2025,15:00,Ilves,SJK,2,3,A,1.71,4.47,4.36,1.71,4.5,4.4,1.61,4.29,4.23,1.7,4.7,4.8,,,
FIN,Veikkausliiga,2025,18/06/2025,15:00,Mariehamn,KuPS,1,0,H,5.79,4.49,1.56,5.79,4.5,1.57,5.32,4.22,1.51,6.6,4.6,1.55,,,
FIN,Veikkausliiga,2025,18/06/2025,19:00,HJK,Haka,3,1,H,1.49,4.87,6.19,1.49,4.87,6.25,1.45,4.47,5.72,1.52,4.9,6.8,,,
FIN,Veikkausliiga,2025,18/06/2025,19:00,Jaro,AC Oulu,2,1,H,2.83,3.31,2.65,2.83,3.5,2.65,2.73,3.24,2.43,2.92,3.4,2.7,,,
FIN,Veikkausliiga,2025,18/06/2025,19:00,VPS,Gnistan,0,0,D,2.2,3.64,3.29,2.2,3.65,3.29,2.07,3.47,3.14,2.18,3.8,3.5,,,
FIN,Veikkausliiga,2025,19/06/2025,16:00,Inter Turku,KTP,5,0,H,1.24,6.89,11.19,1.28,7,12,1.2,6.24,10.36,1.27,7,12.5,,,
FIN,Veikkausliiga,2025,27/06/2025,16:00,Gnistan,Inter Turku,2,2,D,4.75,4.07,1.72,4.75,4.1,1.72,4.37,3.9,1.66,4.9,4.1,1.78,,,
FIN,Veikkausliiga,2025,27/06/2025,18:00,KuPS,HJK,3,0,H,2.68,3.72,2.56,2.68,3.8,2.6,2.51,3.45,2.51,2.68,3.75,2.74,,,
FIN,Veikkausliiga,2025,28/06/2025,10:00,SJK,Mariehamn,4,1,H,1.38,5.62,7.26,1.38,5.62,7.26,1.35,5.1,6.63,1.4,5.8,8,,,
FIN,Veikkausliiga,2025,28/06/2025,16:00,Haka,Ilves,0,4,A,4.84,4.42,1.66,4.84,4.42,1.7,4.25,4.07,1.65,4.9,4.4,1.75,,,
FIN,Veikkausliiga,2025,28/06/2025,18:00,KTP,Jaro,3,2,H,3.16,3.59,2.28,3.16,3.6,2.36,2.8,3.42,2.28,3.05,3.6,2.48,,,
FIN,Veikkausliiga,2025,28/06/2025,21:00,AC Oulu,VPS,2,1,H,2.86,3.42,2.56,2.86,3.42,2.56,2.77,3.2,2.41,2.96,3.45,2.66,,,
FIN,Veikkausliiga,2025,01/07/2025,16:00,KuPS,Gnistan,6,2,H,1.66,4.21,5.07,1.66,4.3,5.07,1.57,4.09,4.8,1.7,4.3,5.3,,,
FIN,Veikkausliiga,2025,02/07/2025,16:00,HJK,Jaro,2,3,A,1.33,5.89,8.54,1.33,6,10,1.26,5.55,8.79,1.33,6.2,10,,,
FIN,Veikkausliiga,2025,02/07/2025,16:00,Ilves,KTP,2,1,H,1.17,8.99,13.86,1.2,8.99,15,1.14,7.81,12.84,1.18,10,16.5,,,
FIN,Veikkausliiga,2025,02/07/2025,16:00,Inter Turku,Mariehamn,0,0,D,1.18,7.92,14.65,1.18,7.92,15,1.15,7.09,12.85,1.2,8.6,19,,,
FIN,Veikkausliiga,2025,02/07/2025,16:00,VPS,Haka,1,2,A,1.93,3.99,3.78,1.93,3.99,3.78,1.85,3.73,3.56,1.99,4,4,,,
FIN,Veikkausliiga,2025,04/07/2025,16:00,AC Oulu,KuPS,2,2,D,3.1,3.44,2.38,3.3,3.55,2.4,2.96,3.33,2.21,3.25,3.55,2.4,,,
FIN,Veikkausliiga,2025,05/07/2025,15:00,SJK,Ilves,1,1,D,3.03,3.99,2.21,3.03,3.99,2.22,2.85,3.72,2.12,3,4.1,2.34,,,
FIN,Veikkausliiga,2025,05/07/2025,17:00,VPS,HJK,0,2,A,3.52,4,2,3.65,4.1,2,3.43,3.79,1.88,3.75,4.1,2,,,
FIN,Veikkausliiga,2025,06/07/2025,14:00,Jaro,Mariehamn,1,1,D,1.75,3.78,4.97,1.75,3.85,4.97,1.7,3.66,4.38,1.76,4,5.4,,,
FIN,Veikkausliiga,2025,06/07/2025,16:30,Haka,Inter Turku,0,1,A,4.6,4.25,1.71,4.6,4.25,1.76,4.03,3.91,1.7,4.8,4.3,1.76,,,
FIN,Veikkausliiga,2025,07/07/2025,16:00,KTP,Gnistan,0,0,D,4.16,4.33,1.77,4.16,4.33,1.77,3.89,3.93,1.72,4.3,4.4,1.83,,,
FIN,Veikkausliiga,2025,12/07/2025,15:00,Inter Turku,Jaro,3,1,H,1.3,5.5,11.3,1.31,5.6,11.3,1.26,5.23,9.37,1.31,6,13,,,
FIN,Veikkausliiga,2025,13/07/2025,14:00,Gnistan,Haka,2,0,H,2.21,3.74,3.19,2.21,3.74,3.19,2.12,3.54,2.96,2.26,3.9,3.25,,,
FIN,Veikkausliiga,2025,13/07/2025,16:30,AC Oulu,KTP,3,2,H,1.77,4.07,4.46,1.77,4.07,4.46,1.73,3.75,4.05,1.81,4.2,4.6,,,
FIN,Veikkausliiga,2025,14/07/2025,16:00,Ilves,VPS,3,2,H,1.47,4.89,6.49,1.49,4.89,6.5,1.44,4.47,5.74,1.53,5,6.6,,,
FIN,Veikkausliiga,2025,18/07/2025,16:00,KTP,Inter Turku,2,2,D,9.39,5.86,1.31,12,6.25,1.31,8.73,5.54,1.26,10.5,6.4,1.33,,,
FIN,Veikkausliiga,2025,19/07/2025,15:00,VPS,KuPS,1,1,D,3.49,3.69,2.1,3.49,3.69,2.15,3.13,3.48,2.06,3.5,3.7,2.18,,,
FIN,Veikkausliiga,2025,20/07/2025,14:00,SJK,Gnistan,3,1,H,1.81,4.13,4.14,1.81,4.13,4.14,1.73,3.86,3.87,1.84,4.2,4.3,,,
FIN,Veikkausliiga,2025,20/07/2025,16:30,HJK,AC Oulu,3,1,H,1.63,4.25,5.33,1.63,4.6,5.5,1.57,4.11,4.81,1.62,4.5,5.9,,,
FIN,Veikkausliiga,2025,20/07/2025,16:30,Jaro,Ilves,0,1,A,5.6,4.52,1.57,5.6,4.52,1.57,5.26,4.2,1.5,6.2,4.8,1.57,,,
FIN,Veikkausliiga,2025,21/07/2025,16:00,Mariehamn,Haka,1,1,D,3.77,3.88,1.95,3.77,3.88,1.97,3.47,3.55,1.9,3.75,3.9,2.06,,,
FIN,Veikkausliiga,2025,25/07/2025,17:00,Jaro,VPS,2,2,D,3.73,3.48,2.09,3.73,3.48,2.1,3.38,3.3,2.02,3.85,3.65,2.12,,,
FIN,Veikkausliiga,2025,26/07/2025,13:00,Haka,KTP,2,3,A,1.97,3.95,3.67,2.01,3.95,3.67,1.95,3.6,3.32,2.1,4,3.55,,,
FIN,Veikkausliiga,2025,26/07/2025,14:00,Mariehamn,AC Oulu,0,1,A,3.01,3.61,2.36,3.1,3.61,2.36,2.92,3.31,2.23,3.15,3.7,2.36,,,
FIN,Veikkausliiga,2025,27/07/2025,15:00,Inter Turku,SJK,4,1,H,1.69,4.41,4.54,1.77,4.41,4.54,1.7,4.01,3.91,1.81,4.4,4.4,,,
FIN,Veikkausliiga,2025,28/07/2025,17:00,Gnistan,HJK,2,4,A,4.9,4.3,1.67,5,4.3,1.67,4.6,4.07,1.59,5.5,4.6,1.65,,,
FIN,Veikkausliiga,2025,01/08/2025,16:00,VPS,Mariehamn,1,1,D,1.58,4.55,5.39,1.62,4.55,5.39,1.54,4.18,4.91,1.62,4.6,5.9,,,
FIN,Veikkausliiga,2025,02/08/2025,15:00,KuPS,Haka,3,2,H,1.68,4.27,4.81,1.68,4.27,4.81,1.6,4.07,4.52,1.67,4.5,5.2,,,
FIN,Veikkausliiga,2025,02/08/2025,17:00,AC Oulu,Jaro,0,1,A,1.85,3.84,4.24,1.88,3.84,4.24,1.81,3.57,3.86,1.92,4,4.3,,,
FIN,Veikkausliiga,2025,03/08/2025,14:00,SJK,KTP,3,0,H,1.55,4.58,5.74,1.58,4.7,5.74,1.53,4.29,4.91,1.61,4.8,5.6,,,
FIN,Veikkausliiga,2025,04/08/2025,16:00,Ilves,Gnistan,2,2,D,1.38,5.61,7.5,1.38,5.61,7.5,1.33,5.23,6.79,1.41,5.8,7.8,,,
FIN,Veikkausliiga,2025,04/08/2025,17:00,HJK,Inter Turku,1,4,A,2.55,3.79,2.65,2.55,3.79,2.65,2.46,3.56,2.49,2.6,3.9,2.74,,,
FIN,Veikkausliiga,2025,08/08/2025,16:00,Inter Turku,AC Oulu,3,2,H,1.36,5.38,8.38,1.3,6.25,9.5,1.28,5.27,8.45,1.32,6.4,11,,,
FIN,Veikkausliiga,2025,09/08/2025,13:00,Jaro,Haka,2,1,H,2.37,3.94,2.79,2.35,3.85,2.75,2.26,3.7,2.64,2.42,3.85,2.98,,,
FIN,Veikkausliiga,2025,09/08/2025,14:00,KTP,KuPS,0,2,A,4.17,3.94,1.85,3.9,3.95,1.88,3.66,3.72,1.82,4.1,4,1.95,,,
FIN,Veikkausliiga,2025,09/08/2025,17:00,Mariehamn,Gnistan,2,5,A,3.38,3.78,2.11,3.3,3.9,2.1,3.16,3.54,2.03,3.5,3.85,2.14,,,
FIN,Veikkausliiga,2025,10/08/2025,16:30,VPS,SJK,1,2,A,2.79,3.52,2.56,2.71,3.65,2.45,2.62,3.44,2.38,2.88,3.8,2.54,,,
FIN,Veikkausliiga,2025,11/08/2025,17:00,HJK,Ilves,5,1,H,2.53,4.1,2.54,2.5,3.9,2.55,2.41,3.77,2.44,2.6,4.2,2.62,,,
FIN,Veikkausliiga,2025,15/08/2025,16:00,Gnistan,VPS,0,0,D,2.08,3.75,3.49,1.98,3.75,3.6,1.91,3.57,3.46,2.06,3.95,3.75,1.95,3.7,3.6
FIN,Veikkausliiga,2025,16/08/2025,15:00,AC Oulu,Ilves,0,4,A,4.41,4.25,1.74,4.2,4.25,1.75,4,4,1.69,4.5,4.4,1.8,3.8,4.2,1.73
FIN,Veikkausliiga,2025,16/08/2025,17:00,Mariehamn,KTP,3,0,H,2.58,3.59,2.73,2.5,3.75,2.65,2.39,3.55,2.55,2.58,3.75,2.84,2.45,3.7,2.55
FIN,Veikkausliiga,2025,17/08/2025,13:00,Haka,HJK,1,2,A,5.12,4.39,1.63,5.5,4.7,1.55,5.08,4.33,1.5,5.6,4.7,1.63,4.75,4.5,1.55
FIN,Veikkausliiga,2025,17/08/2025,15:00,KuPS,Inter Turku,2,1,H,3.51,3.61,2.12,3.65,3.7,1.98,3.48,3.55,1.9,4,4,1.98,3.6,3.7,1.91
FIN,Veikkausliiga,2025,18/08/2025,17:00,Jaro,SJK,0,4,A,3.47,4.1,1.99,3.3,4.2,1.98,3.23,3.89,1.91,3.55,4.2,2.04,3.3,4,1.95
FIN,Veikkausliiga,2025,22/08/2025,16:00,VPS,KTP,3,2,H,1.67,4.37,4.78,1.61,4.5,4.75,1.57,4.21,4.54,1.65,4.6,5.3,1.6,4.33,4.33
FIN,Veikkausliiga,2025,23/08/2025,13:00,Ilves,Inter Turku,1,0,H,2.55,3.67,2.72,2.4,3.8,2.75,2.34,3.63,2.54,2.48,3.9,2.78,2.3,3.7,2.5
FIN,Veikkausliiga,2025,24/08/2025,13:00,HJK,Mariehamn,8,2,H,1.22,7.06,12.32,1.23,7,12,1.18,6.41,11.11,1.23,7.8,15,1.2,6.5,10
FIN,Veikkausliiga,2025,24/08/2025,16:30,Jaro,KuPS,1,3,A,5.3,4.5,1.6,5,4.6,1.64,4.76,4.19,1.56,5.4,4.8,1.63,4.75,4.2,1.55
FIN,Veikkausliiga,2025,25/08/2025,16:00,Haka,SJK,2,3,A,4.32,4.42,1.73,4.2,4.25,1.73,3.97,4.11,1.67,4.5,4.6,1.77,3.8,4.1,1.67
FIN,Veikkausliiga,2025,25/08/2025,17:00,Gnistan,AC Oulu,3,2,H,1.88,4.21,3.76,1.87,4.2,4,1.79,3.82,3.66,1.88,4.2,4.2,1.73,4.1,3.6
FIN,Veikkausliiga,2025,31/08/2025,15:00,AC Oulu,Haka,3,2,H,1.97,3.95,3.64,1.97,3.85,3.6,1.92,3.61,3.4,1.97,3.9,4,1.85,3.7,3.5
FIN,Veikkausliiga,2025,31/08/2025,15:00,Gnistan,Jaro,1,2,A,1.69,4.33,4.66,1.68,4.35,4.5,1.63,4.13,4.23,1.73,4.5,4.8,1.65,4.2,4.1
FIN,Veikkausliiga,2025,31/08/2025,15:00,Ilves,Mariehamn,2,1,H,1.21,6.95,13.66,1.22,7,12,1.19,6.55,10.28,1.23,8,14.5,1.2,6.5,10
FIN,Veikkausliiga,2025,31/08/2025,15:00,Inter Turku,VPS,2,1,H,1.42,5.3,6.88,1.44,4.9,6,1.41,4.69,5.81,1.47,5.6,6.6,1.42,4.5,6
FIN,Veikkausliiga,2025,31/08/2025,15:00,KTP,HJK,1,4,A,6.59,5.37,1.43,6.5,5.5,1.42,5.91,5.06,1.38,6.8,5.9,1.43,6.5,4.75,1.38
FIN,Veikkausliiga,2025,31/08/2025,15:00,SJK,KuPS,1,1,D,2.68,3.92,2.47,2.8,3.9,2.29,2.66,3.71,2.24,2.94,4.1,2.36,2.63,3.9,2.2
FIN,Veikkausliiga,2025,13/09/2025,13:00,Mariehamn,Haka,1,1,D,2.99,3.65,2.36,2.9,3.7,2.36,2.78,3.44,2.27,3,3.7,2.44,2.9,3.4,2.25
FIN,Veikkausliiga,2025,13/09/2025,15:00,Gnistan,Inter Turku,0,2,A,4.63,4.32,1.7,4.4,4.25,1.75,4.02,4,1.69,4.7,4.4,1.75,4,4,1.7
FIN,Veikkausliiga,2025,13/09/2025,15:00,VPS,KTP,2,1,H,1.84,4.29,3.86,1.9,4.25,3.85,1.79,3.91,3.66,1.87,4.3,4.1,1.9,4,3.4
FIN,Veikkausliiga,2025,13/09/2025,17:00,SJK,HJK,3,3,D,3.16,4.1,2.11,3.1,4,2.1,2.89,3.88,2.04,3.2,4.3,2.16,2.8,3.9,2.1
FIN,Veikkausliiga,2025,14/09/2025,14:00,Jaro,AC Oulu,1,2,A,2.7,3.68,2.55,2.7,3.6,2.5,2.63,3.45,2.37,2.82,3.75,2.58,2.6,3.5,2.45
FIN,Veikkausliiga,2025,14/09/2025,14:00,KuPS,Ilves,2,4,A,2.49,3.85,2.69,2.42,3.8,2.7,2.34,3.63,2.56,2.56,3.9,2.72,2.35,3.8,2.5
FIN,Veikkausliiga,2025,19/09/2025,16:00,Haka,AC Oulu,0,1,A,2.3,3.62,3.1,2.35,3.6,2.85,2.3,3.41,2.73,2.48,3.65,3.05,2.3,3.6,2.63
FIN,Veikkausliiga,2025,19/09/2025,17:00,KTP,Jaro,1,2,A,2.15,3.91,3.2,2.17,3.9,3.6,2.09,3.58,2.97,2.24,4,3.2,2.05,3.9,2.88
FIN,Veikkausliiga,2025,21/09/2025,16:30,Mariehamn,VPS,2,1,H,3.09,3.63,2.3,3.15,3.65,2.3,2.91,3.47,2.17,,,,2.75,3.6,2.2
FIN,Veikkausliiga,2025,23/09/2025,16:00,Ilves,Gnistan,3,2,H,1.43,5.3,6.59,1.44,5.33,6.5,1.39,4.82,6.07,1.46,5.5,7.2,1.4,5.25,5.5
FIN,Veikkausliiga,2025,23/09/2025,16:00,KuPS,SJK,3,2,H,2.25,3.91,3.01,2.18,3.8,3.25,2.05,3.62,3.05,2.18,3.9,3.35,2,3.7,3.1
FIN,Veikkausliiga,2025,23/09/2025,17:00,Inter Turku,HJK,0,0,D,2.2,3.86,3.12,2.2,3.75,3.14,2.12,3.56,2.94,2.26,3.9,3.2,2.1,3.6,3
FIN,Veikkausliiga,2025,26/09/2025,16:00,VPS,Haka,1,0,H,2.24,3.87,3.04,2.25,3.75,3.1,2.19,3.5,2.86,2.34,3.9,3.1,2.2,3.4,2.9
FIN,Veikkausliiga,2025,27/09/2025,13:00,Gnistan,KuPS,0,4,A,4.49,4.24,1.73,4.25,3.9,1.82,3.87,3.71,1.78,4.6,4,1.86,4,3.75,1.75
FIN,Veikkausliiga,2025,27/09/2025,15:00,AC Oulu,KTP,0,2,A,2.13,3.94,3.22,2.15,4,3.3,2.06,3.66,3.01,2.32,4,3,2,3.7,3.3
FIN,Veikkausliiga,2025,27/09/2025,15:00,SJK,Inter Turku,2,1,H,3.37,3.94,2.07,3.66,4,1.92,3.45,3.76,1.86,4,4,1.98,3.6,3.8,1.83
FIN,Veikkausliiga,2025,28/09/2025,14:00,Jaro,Mariehamn,2,3,A,1.84,4.34,3.81,1.85,4.2,3.85,1.78,3.86,3.69,1.86,4.4,4,1.85,3.9,3.6
FIN,Veikkausliiga,2025,29/09/2025,17:00,HJK,Ilves,2,2,D,2.26,3.98,2.94,2.25,3.95,2.85,2.17,3.76,2.73,2.3,4,3.05,2.25,3.7,2.75
FIN,Veikkausliiga,2025,03/10/2025,16:00,Jaro,Haka,2,1,H,2.91,4.03,2.26,3,3.8,2.23,2.79,3.66,2.18,3.05,4.1,2.3,2.8,3.8,2.15
FIN,Veikkausliiga,2025,03/10/2025,17:00,HJK,Gnistan,2,3,A,1.35,5.83,7.75,1.36,5.75,8,1.32,5.34,6.88,1.37,6.4,8,1.36,5.25,6
FIN,Veikkausliiga,2025,04/10/2025,13:00,AC Oulu,VPS,2,0,H,2.19,3.7,3.25,2.2,3.75,3.1,2.15,3.48,2.95,2.24,3.85,3.3,2.1,3.75,2.9
FIN,Veikkausliiga,2025,04/10/2025,15:00,KTP,Mariehamn,1,1,D,1.54,4.63,5.81,1.62,4.6,5.8,1.51,4.31,5.14,1.58,4.6,6.2,1.5,4.5,5
FIN,Veikkausliiga,2025,04/10/2025,15:00,SJK,Ilves,2,1,H,3.34,4.42,1.96,3.5,4.25,1.97,3.29,3.95,1.87,3.6,4.5,1.95,3.5,3.9,1.8
FIN,Veikkausliiga,2025,05/10/2025,15:00,Inter Turku,KuPS,0,3,A,2.02,3.62,3.8,2.2,3.65,3.25,2.09,3.4,3.14,2.28,3.55,3.4,2.2,3.2,3.25
FIN,Veikkausliiga,2025,16/10/2025,16:00,Ilves,KuPS,1,1,D,2.69,3,3.03,2.7,3.1,2.92,2.62,2.94,2.86,2.78,3.1,3.1,2.55,3,2.9
FIN,Veikkausliiga,2025,18/10/2025,15:00,Haka,KTP,1,2,A,2.25,3.96,2.98,2.25,3.8,2.88,2.2,3.61,2.77,2.38,3.95,2.98,2.2,3.6,2.75
FIN,Veikkausliiga,2025,18/10/2025,15:00,Mariehamn,AC Oulu,2,0,H,3.43,3.57,2.14,3.5,3.6,2.05,3.33,3.49,1.98,3.75,3.75,2.06,3.4,3.4,1.95
FIN,Veikkausliiga,2025,18/10/2025,15:00,VPS,Jaro,1,3,A,2.36,3.61,2.95,2.55,3.6,2.6,2.44,3.45,2.55,2.62,3.6,2.84,2.55,3.4,2.5
FIN,Veikkausliiga,2025,19/10/2025,14:00,Gnistan,SJK,3,4,A,3.45,4.19,1.98,3.33,4.1,1.95,3.22,3.89,1.91,3.65,4.3,2,3.1,4.1,1.9
FIN,Veikkausliiga,2025,19/10/2025,14:00,Ilves,Inter Turku,1,2,A,2.32,3.65,3.05,2.25,3.65,3,2.16,3.49,2.9,2.38,3.7,3.15,2.15,3.5,2.9
FIN,Veikkausliiga,2025,19/10/2025,16:30,KuPS,HJK,3,1,H,2.33,3.79,2.93,2.4,3.66,2.8,2.31,3.55,2.65,2.56,3.85,2.8,2.35,3.5,2.5
FIN,Veikkausliiga,2025,22/10/2025,16:00,Inter Turku,Gnistan,2,1,H,1.35,5.84,7.93,1.38,5.33,7.25,1.35,5.04,6.73,1.41,5.7,7.8,1.38,5,6
FIN,Veikkausliiga,2025,22/10/2025,17:00,HJK,SJK,3,4,A,1.98,4.4,3.29,2.05,4.2,3.2,1.99,3.93,3,2.12,4.3,3.25,2,4.2,3
FIN,Veikkausliiga,2025,25/10/2025,15:00,Gnistan,Ilves,1,3,A,4.68,4.62,1.6,5.5,4.75,1.54,5.05,4.55,1.49,5.4,5.2,1.57,5,4.75,1.48
FIN,Veikkausliiga,2025,26/10/2025,15:00,HJK,Inter Turku,1,1,D,2.56,3.77,2.54,2.83,3.7,2.5,2.7,3.56,2.29,2.94,3.9,2.44,2.75,3.6,2.3
FIN,Veikkausliiga,2025,27/10/2025,16:00,SJK,KuPS,0,1,A,2.84,3.88,2.27,2.9,3.9,2.25,2.77,3.74,2.17,3.05,4,2.3,2.88,3.9,2.2
FIN,Veikkausliiga,2025,30/10/2025,16:00,Inter Turku,SJK,2,2,D,,,,1.53,4.75,6,1.49,4.45,5.25,1.57,4.8,6.2,1.5,4.33,6
FIN,Veikkausliiga,2025,30/10/2025,16:00,KuPS,Gnistan,1,1,D,,,,1.27,7.5,9.5,1.23,6.21,8.77,1.28,7.4,11.5,1.27,7.5,7.5
FIN,Veikkausliiga,2025,30/10/2025,17:00,Ilves,HJK,3,1,H,,,,1.72,4.6,4,1.68,4.31,3.8,1.74,4.9,4.3,1.67,4.2,3.5
FIN,Veikkausliiga,2025,02/11/2025,14:00,KuPS,Inter Turku,3,2,H,,,,2.8,3.7,3.25,2.15,3.42,3.04,2.24,3.65,3.45,2.1,3.5,3
FIN,Veikkausliiga,2025,03/11/2025,16:00,Ilves,SJK,3,3,D,,,,1.62,4.75,4.33,1.59,4.51,4.17,1.7,5.4,4.1,1.57,4.33,4.33
FIN,Veikkausliiga,2025,03/11/2025,17:00,Gnistan,HJK,2,2,D,,,,4.2,4.4,1.76,3.86,4.18,1.69,4.3,4.8,1.74,4,4.2,1.67
FIN,Veikkausliiga,2025,09/11/2025,13:00,HJK,KuPS,0,2,A,,,,2.3,4,3,2.2,3.74,2.73,2.36,4.1,2.88,2.3,3.7,2.6
FIN,Veikkausliiga,2025,09/11/2025,13:00,Inter Turku,Ilves,2,0,H,,,,2.1,3.8,3.25,2.05,3.57,3.11,2.2,3.75,3.5,2.1,3.6,3
FIN,Veikkausliiga,2025,09/11/2025,13:00,SJK,Gnistan,3,0,H,,,,1.47,5.33,5.5,1.44,5.02,5.07,1.52,6,5.6,1.44,4.75,5.25
FIN,Veikkausliiga,2026,04/04/2026,11:00,Inter Turku,VPS,0,0,D,,,,1.42,4.8,7.5,1.38,4.39,7.01,1.46,4.8,8.6,1.4,4,7
FIN,Veikkausliiga,2026,04/04/2026,13:00,HJK,SJK,3,0,H,,,,1.57,4.35,5.5,1.51,4.25,5.11,1.59,4.7,6,1.53,4.33,4.75
FIN,Veikkausliiga,2026,04/04/2026,15:00,Ilves,KuPS,1,3,A,,,,2.65,3.4,2.8,2.54,3.3,2.52,2.8,3.6,2.68,2.6,3.3,2.4
FIN,Veikkausliiga,2026,04/04/2026,15:00,Jaro,Lahti,0,1,A,,,,3.1,3.5,2.35,2.89,3.41,2.2,3.3,3.6,2.34,3,3.3,2.2
FIN,Veikkausliiga,2026,04/04/2026,15:00,Mariehamn,TPS,1,1,D,,,,1.85,3.6,4.33,1.78,3.52,4.03,1.88,3.85,4.4,1.75,3.5,4.33
FIN,Veikkausliiga,2026,04/04/2026,17:00,Gnistan,AC Oulu,1,5,A,,,,2.8,3.6,2.36,2.68,3.5,2.29,2.92,3.7,2.5,2.6,3.5,2.3
FIN,Veikkausliiga,2026,10/04/2026,16:00,TPS,Lahti,2,1,H,,,,3.25,3.5,2.22,3.08,3.33,2.11,3.3,3.7,2.28,3.25,3.3,2.15
FIN,Veikkausliiga,2026,10/04/2026,17:00,SJK,Mariehamn,3,0,H,,,,1.67,3.9,5.4,1.6,3.76,4.93,1.68,4.2,5.7,1.6,3.5,5.25
FIN,Veikkausliiga,2026,10/04/2026,18:00,VPS,Jaro,0,0,D,,,,2,3.6,3.6,1.94,3.43,3.47,2.06,3.7,3.9,1.95,3.4,3.6
FIN,Veikkausliiga,2026,11/04/2026,12:00,KuPS,Gnistan,1,0,H,,,,1.42,5,7.5,1.37,4.7,6.58,1.44,5.4,7.6,1.42,4.2,6.5
FIN,Veikkausliiga,2026,11/04/2026,15:00,HJK,AC Oulu,0,1,A,,,,1.7,4.25,4.75,1.62,4.08,4.27,1.71,4.5,4.9,1.65,3.9,4.33
FIN,Veikkausliiga,2026,11/04/2026,17:00,Inter Turku,Ilves,2,1,H,,,,2.22,3.4,3.25,2.13,3.26,3.12,2.3,3.5,3.4,2.1,3.4,3.1
FIN,Veikkausliiga,2026,18/04/2026,12:00,Gnistan,HJK,0,3,A,,,,4.9,4.35,1.65,4.44,4.16,1.58,,,,4.5,4.1,1.57
FIN,Veikkausliiga,2026,18/04/2026,14:00,Jaro,KuPS,1,1,D,,,,5.5,4.25,1.58,5.06,3.99,1.54,,,,5.5,3.8,1.55
FIN,Veikkausliiga,2026,18/04/2026,15:00,AC Oulu,VPS,1,0,H,,,,1.7,4,5.25,1.62,3.66,4.8,,,,1.65,3.5,5
FIN,Veikkausliiga,2026,18/04/2026,15:00,Lahti,Inter Turku,0,2,A,,,,3.85,3.4,2.05,3.66,3.22,1.94,,,,3.4,3.3,1.95
FIN,Veikkausliiga,2026,18/04/2026,15:00,TPS,SJK,2,0,H,,,,3.7,3.75,1.95,3.47,3.59,1.88,,,,3.5,3.4,1.9
FIN,Veikkausliiga,2026,18/04/2026,17:00,Mariehamn,Ilves,2,2,D,,,,6.5,4.5,1.49,5.74,4.22,1.46,,,,6.5,3.9,1.45
FIN,Veikkausliiga,2026,22/04/2026,16:00,KuPS,AC Oulu,3,2,H,,,,1.86,3.7,4,1.82,3.57,3.75,,,,1.83,3.6,3.8
FIN,Veikkausliiga,2026,24/04/2026,16:00,TPS,Gnistan,1,1,D,,,,2.35,3.5,3.1,2.25,3.38,2.81,,,,2.35,3.25,3.1
FIN,Veikkausliiga,2026,24/04/2026,16:00,VPS,Ilves,3,2,H,,,,3.65,3.6,2.05,3.39,3.45,1.95,,,,3.5,3.3,2.05
FIN,Veikkausliiga,2026,24/04/2026,17:00,SJK,Jaro,1,1,D,,,,1.91,3.7,3.9,1.84,3.6,3.64,,,,1.9,3.6,3.6
FIN,Veikkausliiga,2026,25/04/2026,13:00,Lahti,AC Oulu,2,1,H,,,,3,3.4,2.38,2.84,3.23,2.29,,,,2.75,3.4,2.35
FIN,Veikkausliiga,2026,25/04/2026,15:00,Inter Turku,Mariehamn,1,0,H,,,,1.34,5.25,10,1.3,4.86,8.33,,,,1.3,4.5,9.5
FIN,Veikkausliiga,2026,26/04/2026,14:00,KuPS,HJK,1,1,D,,,,2.3,3.5,3,2.21,3.41,2.82,,,,2.2,3.4,2.88
FIN,Veikkausliiga,2026,29/04/2026,17:00,Inter Turku,HJK,1,1,D,,,,2.38,3.5,2.9,2.28,3.25,2.83,,,,2.3,3.5,2.9
FIN,Veikkausliiga,2026,02/05/2026,13:00,SJK,Ilves,1,1,D,,,,2.3,3.75,2.85,2.22,3.52,2.73,,,,2.25,3.75,2.8
FIN,Veikkausliiga,2026,02/05/2026,15:00,Jaro,TPS,2,2,D,,,,2.2,3.7,3.25,2.13,3.34,3.02,,,,2.15,3.7,3
FIN,Veikkausliiga,2026,02/05/2026,15:00,Mariehamn,VPS,0,1,A,,,,3.6,3.5,2.07,3.38,3.33,1.98,,,,3.6,3.4,2.05
FIN,Veikkausliiga,2026,02/05/2026,17:00,AC Oulu,KuPS,2,0,H,,,,3,3.4,2.35,2.85,3.31,2.23,,,,2.9,3.4,2.35
FIN,Veikkausliiga,2026,04/05/2026,17:00,HJK,Lahti,1,0,H,,,,1.6,4.2,5.75,1.53,3.96,5.22,,,,1.6,3.9,5.5
FIN,Veikkausliiga,2026,05/05/2026,17:00,Gnistan,Inter Turku,2,0,H,,,,4.6,4,1.67,4.4,3.81,1.63,5.3,4.2,1.71,4.33,3.7,1.67
FIN,Veikkausliiga,2026,08/05/2026,16:00,Ilves,AC Oulu,1,0,H,,,,3.1,3.55,2.2,2.91,3.44,2.14,3.2,3.8,2.32,3,3.3,2.15
FIN,Veikkausliiga,2026,08/05/2026,16:00,TPS,HJK,1,0,H,,,,4.75,4,1.7,4.37,3.83,1.65,4.8,4.2,1.76,4.2,4,1.7
FIN,Veikkausliiga,2026,08/05/2026,18:00,KuPS,SJK,0,0,D,,,,1.82,3.8,4.4,1.74,3.66,4.01,1.87,3.9,4.5,1.75,3.6,4
FIN,Veikkausliiga,2026,09/05/2026,13:00,Inter Turku,Jaro,2,0,H,,,,1.53,4.25,7,1.48,4.04,5.87,1.58,4.4,6.8,1.5,3.8,6
FIN,Veikkausliiga,2026,09/05/2026,15:00,VPS,Gnistan,1,1,D,,,,1.98,3.66,3.75,1.88,3.48,3.55,1.96,3.95,4.1,1.83,3.5,3.75
FIN,Veikkausliiga,2026,10/05/2026,13:00,Lahti,Mariehamn,1,1,D,,,,1.42,4.6,8,1.37,4.34,7.13,1.42,5,9.4,1.38,4.33,7.5
FIN,Veikkausliiga,2026,16/05/2026,12:00,HJK,Ilves,2,2,D,,,,1.67,4.2,5.33,1.61,3.91,4.44,1.71,4.3,5.1,1.62,3.9,4.2
FIN,Veikkausliiga,2026,16/05/2026,15:00,Mariehamn,KuPS,1,1,D,,,,7.5,4.5,1.46,6.57,4.19,1.41,8.2,4.9,1.46,6.25,4,1.45
FIN,Veikkausliiga,2026,16/05/2026,15:00,SJK,Inter Turku,1,3,A,,,,3.75,3.6,2.08,3.37,3.4,1.96,3.85,3.7,2.06,3.4,3.5,1.95
FIN,Veikkausliiga,2026,16/05/2026,17:00,AC Oulu,TPS,1,0,H,,,,1.62,4,5.66,1.57,3.84,4.96,1.68,4.2,5.7,1.6,4,4.75
FIN,Veikkausliiga,2026,16/05/2026,17:00,Gnistan,Jaro,5,0,H,,,,2.25,3.33,3.14,2.2,3.26,2.95,2.38,3.6,3.25,2.15,3.3,2.9
FIN,Veikkausliiga,2026,18/05/2026,16:00,Lahti,VPS,1,1,D,,,,2.4,3.25,3.2,2.3,3.09,2.91,2.52,3.3,3.25,2.38,3.2,2.75
FIN,Veikkausliiga,2026,20/05/2026,16:00,Ilves,Inter Turku,1,3,A,,,,3.25,3.4,2.2,3.09,3.3,2.12,3.3,3.6,2.32,3,3.3,2.2
FIN,Veikkausliiga,2026,20/05/2026,17:00,KuPS,Jaro,3,0,H,,,,1.5,4.5,6.75,1.45,4.28,5.83,1.52,4.9,7,1.5,4.33,5.25
FIN,Veikkausliiga,2026,22/05/2026,17:00,VPS,HJK,2,1,H,,,,3.5,3.8,2,3.39,3.48,1.93,3.8,3.85,2.06,3.3,3.8,1.91
FIN,Veikkausliiga,2026,23/05/2026,12:00,Inter Turku,TPS,2,1,H,,,,1.52,4.33,6,1.48,4.01,5.68,1.57,4.3,7,1.48,3.9,5.5
FIN,Veikkausliiga,2026,23/05/2026,15:00,Ilves,Gnistan,2,0,H,,,,2.1,3.6,3.45,2.01,3.48,3.14,2.2,3.65,3.5,2.1,3.4,2.9
FIN,Veikkausliiga,2026,23/05/2026,15:00,Jaro,Mariehamn,3,0,H,,,,1.88,3.5,4,1.83,3.41,3.85,1.92,3.85,4.4,1.85,3.5,3.75
FIN,Veikkausliiga,2026,23/05/2026,15:00,KuPS,Lahti,2,1,H,,,,1.53,4.2,6.2,1.5,3.93,5.63,1.54,4.4,7.2,1.5,4,5.75
FIN,Veikkausliiga,2026,23/05/2026,15:00,SJK,AC Oulu,0,1,A,,,,2.45,3.6,2.7,2.35,3.42,2.61,2.5,3.9,2.84,2.35,3.5,2.63
FIN,Veikkausliiga,2026,30/05/2026,13:00,HJK,Mariehamn,1,0,H,,,,1.2,7,14,1.17,6.4,11.5,1.22,8.2,15.5,1.17,6.5,12
FIN,Veikkausliiga,2026,30/05/2026,15:00,Gnistan,SJK,3,2,H,,,,2.65,3.5,2.5,2.55,3.44,2.4,2.8,3.75,2.64,2.5,3.5,2.45
FIN,Veikkausliiga,2026,30/05/2026,15:00,KuPS,Inter Turku,1,1,D,,,,2.45,3.4,2.8,2.37,3.23,2.72,2.54,3.4,3.05,2.35,3.4,2.75
FIN,Veikkausliiga,2026,30/05/2026,15:00,Lahti,Ilves,5,0,H,,,,2.43,3.4,3,2.32,3.2,2.8,2.48,3.45,3.1,2.25,3.4,2.88
FIN,Veikkausliiga,2026,30/05/2026,15:00,TPS,VPS,1,0,H,,,,3.4,3.33,2.15,3.17,3.25,2.1,3.6,3.55,2.22,3.2,3.2,2.15
FIN,Veikkausliiga,2026,31/05/2026,14:00,AC Oulu,Jaro,2,1,H,,,,1.68,3.8,5.25,1.62,3.7,4.75,1.73,4,5.5,1.6,3.7,5.25
FIN,Veikkausliiga,2026,13/06/2026,13:00,Ilves,TPS,1,0,H,,,,1.82,3.8,4.2,1.78,3.63,3.86,1.88,4,4.4,1.75,3.5,4.2
FIN,Veikkausliiga,2026,13/06/2026,13:00,Inter Turku,AC Oulu,0,0,D,,,,1.68,3.8,5,1.65,3.68,4.6,1.72,4.1,5.5,1.65,3.6,4.75
FIN,Veikkausliiga,2026,13/06/2026,15:00,Jaro,HJK,2,5,A,,,,5.1,4.33,1.57,4.93,4.12,1.53,6,4.7,1.59,5,4.33,1.55
FIN,Veikkausliiga,2026,13/06/2026,15:00,VPS,KuPS,1,1,D,,,,3.5,3.3,2.1,3.3,3.2,2.07,3.75,3.4,2.22,3.4,3.2,2.05
FIN,Veikkausliiga,2026,13/06/2026,17:00,Lahti,SJK,2,3,A,,,,2.22,3.6,3.1,2.16,3.41,2.93,2.32,3.7,3.2,2.2,3.6,2.9
FIN,Veikkausliiga,2026,13/06/2026,17:00,Mariehamn,Gnistan,0,3,A,,,,4.4,4,1.76,4.18,3.73,1.71,4.7,4.3,1.78,4.1,3.9,1.67
FIN,Veikkausliiga,2026,17/06/2026,16:00,HJK,Inter Turku,3,3,D,,,,2.5,3.4,2.7,2.41,3.29,2.61,2.58,3.65,2.9,2.45,3.3,2.6
FIN,Veikkausliiga,2026,17/06/2026,16:00,Ilves,Jaro,5,0,H,,,,1.65,4.2,4.8,1.6,3.9,4.56,1.7,4.3,5.2,1.6,4.1,4.5
FIN,Veikkausliiga,2026,17/06/2026,16:00,TPS,KuPS,1,2,A,,,,5.1,3.8,1.65,4.93,3.71,1.59,5.9,4.2,1.65,5,3.8,1.57
FIN,Veikkausliiga,2026,17/06/2026,19:00,Gnistan,Lahti,1,0,H,,,,2.45,3.4,2.75,2.38,3.31,2.63,2.6,3.65,2.88,2.45,3.4,2.6
FIN,Veikkausliiga,2026,17/06/2026,19:00,SJK,VPS,1,2,A,,,,2.4,3.4,2.88,2.27,3.35,2.74,2.48,3.65,3.05,2.25,3.3,2.75
FIN,Veikkausliiga,2026,18/06/2026,10:59,AC Oulu,Mariehamn,2,1,H,,,,1.39,5,7.6,1.35,4.55,7.16,1.41,5.3,9.2,1.36,4.75,7
FIN,Veikkausliiga,2026,23/06/2026,16:00,KuPS,Ilves,4,3,H,,,,1.64,4.2,5,1.6,3.88,4.57,1.67,4.4,5.5,1.6,3.9,4.75
FIN,Veikkausliiga,2026,23/06/2026,16:00,Lahti,TPS,0,0,D,,,,1.81,3.6,4.33,1.76,3.46,4.08,1.9,3.7,4.7,1.75,3.5,4.1
FIN,Veikkausliiga,2026,23/06/2026,16:00,VPS,AC Oulu,5,1,H,,,,2.02,3.4,3.75,1.94,3.29,3.54,2.06,3.7,4,1.9,3.4,3.7
FIN,Veikkausliiga,2026,23/06/2026,17:00,Inter Turku,SJK,1,1,D,,,,1.61,4.2,5.2,1.55,3.96,4.88,1.67,4.3,5.5,1.57,3.9,4.75
FIN,Veikkausliiga,2026,23/06/2026,17:00,Jaro,Gnistan,1,1,D,,,,3.6,3.8,2.02,3.35,3.58,1.91,3.7,3.95,2.06,3.4,3.7,1.9
FIN,Veikkausliiga,2026,23/06/2026,18:00,Mariehamn,HJK,0,4,A,,,,7.5,5.75,1.35,7.09,5.23,1.3,8.6,6.4,1.36,7.5,5,1.3
FIN,Veikkausliiga,2026,27/06/2026,12:00,Ilves,SJK,2,2,D,,,,2.23,3.8,3,2.12,3.59,2.84,2.26,4,3.1,2.1,3.6,3
FIN,Veikkausliiga,2026,27/06/2026,15:00,HJK,KuPS,0,4,A,,,,2.35,3.6,2.82,2.24,3.48,2.72,2.44,3.75,3.05,2.35,3.5,2.63
FIN,Veikkausliiga,2026,27/06/2026,15:00,Mariehamn,Inter Turku,0,2,A,,,,9,5.75,1.32,8.37,5.02,1.28,12,6.2,1.31,8.5,5.25,1.29
FIN,Veikkausliiga,2026,27/06/2026,17:00,Gnistan,VPS,1,1,D,,,,2.6,3.4,2.63,2.5,3.26,2.53,2.78,3.45,2.78,2.6,3.2,2.6
FIN,Veikkausliiga,2026,27/06/2026,17:00,TPS,Jaro,3,2,H,,,,2.1,3.6,3.6,1.98,3.34,3.36,2.06,3.7,3.9,1.95,3.4,3.5
FIN,Veikkausliiga,2026,27/06/2026,19:00,AC Oulu,Lahti,1,1,D,,,,2.05,3.5,3.6,1.98,3.4,3.33,2.12,3.75,3.65,2.05,3.5,3.2
FIN,Veikkausliiga,2026,04/07/2026,13:00,Lahti,Gnistan,1,0,H,,,,2.26,3.5,3,2.22,3.31,2.85,2.42,3.5,3.3,2.2,3.5,2.88
FIN,Veikkausliiga,2026,04/07/2026,15:00,Jaro,Ilves,2,1,H,,,,3.9,4,1.9,3.59,3.75,1.8,4.2,4.2,1.86,3.9,3.7,1.75
FIN,Veikkausliiga,2026,04/07/2026,15:00,SJK,TPS,3,1,H,,,,1.78,3.8,4.35,1.72,3.73,3.98,1.86,4.1,4.4,1.75,3.7,4
FIN,Veikkausliiga,2026,04/07/2026,16:00,VPS,Mariehamn,4,0,H,,,,1.3,6,9.5,1.26,5.21,8.86,1.29,6.6,12,1.25,5.25,9
FIN,Veikkausliiga,2026,10/07/2026,17:00,VPS,SJK,1,0,H,,,,1.8,4,4.2,1.75,3.75,3.81,1.89,4.2,4.2,1.75,3.7,3.9
FIN,Veikkausliiga,2026,11/07/2026,13:00,Lahti,HJK,2,0,H,,,,3,3.6,2.35,2.69,3.51,2.24,2.94,3.9,2.42,2.63,3.6,2.25
FIN,Veikkausliiga,2026,11/07/2026,15:00,Gnistan,Mariehamn,4,2,H,,,,1.32,5.5,8.5,1.29,5.05,8.01,1.36,6,9.8,1.27,5.25,8.5
FIN,Veikkausliiga,2026,11/07/2026,15:00,TPS,AC Oulu,3,0,H,,,,2.55,3.4,2.75,2.39,3.32,2.62,2.54,3.65,2.94,2.38,3.25,2.75
FIN,Veikkausliiga,2026,18/07/2026,13:00,HJK,VPS,2,1,H,,,,2.05,3.65,3.5,1.98,3.5,3.19,2.12,3.9,3.6,1.95,3.5,3.4
FIN,Veikkausliiga,2026,18/07/2026,15:00,AC Oulu,Gnistan,0,2,A,,,,2.45,3.5,2.85,2.31,3.37,2.66,2.52,3.65,2.94,2.38,3.3,2.63
FIN,Veikkausliiga,2026,18/07/2026,15:00,SJK,KuPS,0,2,A,,,,2.35,3.6,2.85,2.23,3.5,2.71,2.42,3.85,3,2.2,3.5,2.8
FIN,Veikkausliiga,2026,19/07/2026,16:30,Jaro,Inter Turku,0,0,D,,,,4.3,3.8,1.8,3.94,3.67,1.73,4.4,4,1.87,3.8,3.6,1.75
FIN,Veikkausliiga,2026,20/07/2026,16:00,TPS,Ilves,1,3,A,,,,2.8,3.6,2.46,2.67,3.49,2.27,3.1,3.75,2.38,2.8,3.5,2.25
FIN,Veikkausliiga,2026,20/07/2026,17:00,Mariehamn,Lahti,0,2,A,,,,6,4.5,1.52,5.53,4.19,1.47,6.4,4.7,1.57,5.5,4.33,1.48
FIN,Veikkausliiga,2026,24/07/2026,17:00,Jaro,SJK,2,1,H,,,,2.95,3.8,2.2,2.89,3.6,2.09,3.2,4,2.2,2.9,3.6,2.1
FIN,Veikkausliiga,2026,25/07/2026,14:30,Mariehamn,AC Oulu,1,1,D,,,,5.8,4.4,1.51,5.53,4.19,1.46,6.4,4.7,1.57,5.5,4.2,1.48
FIN,Veikkausliiga,2026,25/07/2026,15:00,KuPS,VPS,3,1,H,,,,2.15,3.5,3.25,2.08,3.34,3.09,2.2,3.75,3.45,2.15,3.3,3.1
FIN,Veikkausliiga,2026,26/07/2026,13:00,Ilves,Lahti,1,0,H,,,,2.55,3.5,2.75,2.43,3.42,2.52,2.68,3.65,2.72,2.5,3.5,2.5
FIN,Veikkausliiga,2026,26/07/2026,13:00,Inter Turku,Gnistan,1,2,A,,,,1.72,3.8,4.5,1.68,3.71,4.2,1.78,4.3,4.8,1.67,3.7,4.33
FIN,Veikkausliiga,2026,26/07/2026,15:00,HJK,TPS,1,0,H,,,,1.36,5.5,7.5,1.31,5.13,7.07,1.35,6.4,9.2,1.33,5,7
FIN,Veikkausliiga,2026,01/08/2026,13:00,TPS,Mariehamn,3,0,H,,,,1.55,4.33,5.5,1.51,4.13,5.18,1.61,4.6,5.9,1.53,4.2,5
FIN,Veikkausliiga,2026,01/08/2026,16:00,Lahti,Jaro,2,0,H,,,,1.55,4.33,5.5,1.51,4.03,5.14,1.57,4.7,6.4,1.55,3.9,5.25
FIN,Veikkausliiga,2026,01/08/2026,17:00,Gnistan,KuPS,0,1,A,,,,3.55,3.8,1.95,3.36,3.61,1.9,3.7,4,2.02,3.4,3.6,1.9
FIN,Veikkausliiga,2026,02/08/2026,13:00,VPS,Inter Turku,0,1,A,,,,2.7,3.3,2.6,2.6,3.15,2.5,2.88,3.4,2.72,2.7,3.1,2.5
FIN,Veikkausliiga,2026,02/08/2026,15:00,AC Oulu,Ilves,1,0,H,,,,2.5,3.4,2.75,2.4,3.31,2.62,2.64,3.65,2.8,2.4,3.4,2.63
FIN,Veikkausliiga,2026,03/08/2026,17:00,SJK,HJK,3,0,H,,,,3.4,4,2.05,3.21,3.69,1.94,3.55,4.1,2.08,3.25,3.7,2
FIN,Veikkausliiga,2026,07/08/2026,17:00,SJK,Gnistan,2,2,D,,,,2,3.8,3.3,1.93,3.68,3.23,2.06,4,3.65,1.95,3.7,3.3
FIN,Veikkausliiga,2026,08/08/2026,17:00,Jaro,VPS,1,3,A,,,,4.33,3.7,1.84,4.08,3.49,1.77,4.6,3.8,1.89,4.2,3.7,1.75
FIN,Veikkausliiga,2026,09/08/2026,13:00,KuPS,TPS,1,1,D,,,,1.57,4.33,5.5,1.53,4.06,5.04,1.62,4.5,6,1.55,4,4.75
FIN,Veikkausliiga,2026,09/08/2026,15:00,Inter Turku,Lahti,0,0,D,,,,2.45,3.3,3,2.33,3.13,2.85,2.52,3.4,3.15,2.35,3.1,2.88
FIN,Veikkausliiga,2026,09/08/2026,16:00,Ilves,Mariehamn,2,0,H,,,,1.3,6,9.5,1.26,5.63,8.3,1.32,6.6,10,1.27,5.75,7.5
FIN,Veikkausliiga,2026,09/08/2026,17:00,AC Oulu,HJK,0,1,A,,,,3.1,3.5,2.15,2.99,3.45,2.1,3.4,3.75,2.24,3,3.5,2.1
FIN,Veikkausliiga,2026,14/08/2026,16:00,VPS,TPS,1,3,A,,,,1.73,3.8,4.5,1.69,3.69,4.31,1.78,4,5,1.67,3.8,4.33
FIN,Veikkausliiga,2026,15/08/2026,17:00,Mariehamn,SJK,2,0,H,,,,5,4.4,1.62,4.55,4.17,1.58,5,4.6,1.69,4.75,3.9,1.6
FIN,Veikkausliiga,2026,16/08/2026,14:00,HJK,Jaro,3,0,H,,,,1.35,5.75,8,1.3,5.18,7.45,1.34,6.2,9.6,1.33,4.5,7.5
FIN,Veikkausliiga,2026,16/08/2026,15:00,AC Oulu,Inter Turku,2,3,A,,,,3,3.3,2.35,2.91,3.21,2.25,3.3,3.5,2.38,2.88,3.25,2.25
FIN,Veikkausliiga,2026,16/08/2026,15:00,Lahti,KuPS,1,2,A,,,,2.75,3.4,2.5,2.62,3.29,2.43,2.86,3.6,2.66,2.55,3.4,2.5
FIN,Veikkausliiga,2026,17/08/2026,16:00,Gnistan,Ilves,3,2,H,,,,2.75,3.6,2.45,2.68,3.43,2.32,2.92,3.8,2.5,2.7,3.3,2.45
FIN,Veikkausliiga,2026,21/08/2026,17:00,SJK,Lahti,1,2,A,,,,2.95,3.5,2.3,2.79,3.4,2.25,3.1,3.7,2.42,2.88,3.4,2.2
FIN,Veikkausliiga,2026,22/08/2026,15:00,Ilves,VPS,0,1,A,,,,2.3,3.5,2.9,2.23,3.43,2.79,2.38,3.75,3.05,2.2,3.3,2.9
FIN,Veikkausliiga,2026,22/08/2026,15:00,Jaro,AC Oulu,0,1,A,,,,3.6,3.6,1.95,3.45,3.52,1.91,3.9,3.85,2.02,3.6,3.6,1.85
FIN,Veikkausliiga,2026,23/08/2026,13:00,HJK,Gnistan,2,3,A,,,,1.62,4.33,4.8,1.57,4.11,4.58,1.67,4.6,5.2,1.55,4,4.75
FIN,Veikkausliiga,2026,23/08/2026,13:00,KuPS,Mariehamn,2,4,A,,,,1.35,5.5,8,1.32,5.08,7.3,1.37,5.9,9.2,1.33,5,7.5
FIN,Veikkausliiga,2026,23/08/2026,16:00,TPS,Inter Turku,0,0,D,,,,4.2,3.4,1.88,4,3.33,1.83,4.4,3.55,1.99,4,3.4,1.83
FIN,Veikkausliiga,2026,31/08/2026,17:00,AC Oulu,SJK,0,0,D,,,,2.1,3.4,3.6,2,3.28,3.44,2.12,3.55,3.9,1.95,3.4,3.5
FIN,Veikkausliiga,2026,31/08/2026,17:00,Gnistan,TPS,1,1,D,,,,2,3.8,3.33,1.95,3.7,3.19,2.08,4.1,3.45,1.95,3.7,3.2
FIN,Veikkausliiga,2026,31/08/2026,17:00,Ilves,HJK,1,2,A,,,,3.5,3.9,1.93,3.38,3.72,1.88,3.75,4.1,1.99,3.3,3.9,1.85
FIN,Veikkausliiga,2026,31/08/2026,17:00,Inter Turku,KuPS,1,0,H,,,,2.25,3.3,3.2,2.19,3.22,3.05,2.34,3.5,3.4,2.25,3.25,3
FIN,Veikkausliiga,2026,31/08/2026,17:00,Mariehamn,Jaro,2,0,H,,,,2.25,3.6,2.9,2.22,3.47,2.79,2.38,3.85,3.05,2.2,3.5,2.75
FIN,Veikkausliiga,2026,31/08/2026,17:00,VPS,Lahti,0,1,A,,,,1.93,3.6,4,1.84,3.53,3.73,1.96,3.8,4.1,1.83,3.6,3.75
FIN,Veikkausliiga,2026,08/09/2026,16:00,Ilves,Jaro,2,0,H,,,,1.63,4.1,5,1.59,3.97,4.7,1.68,4.4,5.3,1.6,4,5
FIN,Veikkausliiga,2026,08/09/2026,16:00,Lahti,Mariehamn,2,1,H,,,,1.53,4.35,6,1.48,4.15,5.6,1.57,4.6,6.4,1.48,4.33,5.5
FIN,Veikkausliiga,2026,08/09/2026,16:00,TPS,SJK,0,0,D,,,,2.7,3.4,2.5,2.64,3.32,2.41,2.86,3.55,2.66,2.7,3.4,2.35
FIN,Veikkausliiga,2026,08/09/2026,16:00,VPS,AC Oulu,1,0,H,,,,2.25,3.2,3.33,2.19,3.11,3.18,2.34,3.35,3.55,2.15,3.2,3.25
FIN,Veikkausliiga,2026,08/09/2026,17:00,Gnistan,KuPS,1,1,D,,,,3.8,3.6,1.91,3.65,3.56,1.85,4,3.9,1.98,3.75,3.6,1.83
FIN,Veikkausliiga,2026,09/09/2026,16:00,HJK,Inter Turku,2,1,H,,,,2.5,3.5,2.65,2.42,3.38,2.6,2.64,3.6,2.86,2.4,3.3,2.63
FIN,Veikkausliiga,2026,12/09/2026,15:00,Mariehamn,TPS,1,0,H,,,,2.55,3.6,2.6,2.44,3.43,2.52,2.66,3.75,2.74,2.5,3.5,2.55
FIN,Veikkausliiga,2026,12/09/2026,17:00,AC Oulu,Gnistan,1,2,A,,,,2.15,3.5,3.25,2.09,3.35,3.12,2.24,3.7,3.45,2.1,3.5,3.2
FIN,Veikkausliiga,2026,12/09/2026,17:00,Ilves,Lahti,3,1,H,,,,2.35,3.6,2.9,2.2,3.47,2.83,2.38,3.7,3.05,2.35,3.4,2.88
FIN,Veikkausliiga,2026,12/09/2026,17:00,Jaro,SJK,1,1,D,,,,3.5,3.5,2.08,3.36,3.34,2.01,3.8,3.6,2.12,3.25,3.5,2.05
FIN,Veikkausliiga,2026,13/09/2026,13:00,KuPS,HJK,0,0,D,,,,2.35,3.6,2.85,2.27,3.34,2.79,2.46,3.55,3.15,2.25,3.6,2.75
FIN,Veikkausliiga,2026,14/09/2026,16:00,Inter Turku,VPS,1,0,H,,,,1.61,3.8,7,1.57,3.68,5.34,1.65,4.1,6.2,1.55,3.7,7
FIN,Veikkausliiga,2026,18/09/2026,16:00,Lahti,Jaro,1,1,D,,,,1.62,4,5.5,1.59,3.85,4.95,1.69,4.4,5.5,1.57,3.8,5.5
FIN,Veikkausliiga,2026,18/09/2026,16:00,SJK,Mariehamn,2,1,H,,,,1.71,3.85,4.5,1.69,3.73,4.29,1.78,4,5,1.65,3.75,4.5
FIN,Veikkausliiga,2026,18/09/2026,17:00,AC Oulu,Inter Turku,0,1,A,,,,4,3.4,1.98,3.78,3.3,1.89,4.2,3.65,2.02,3.8,3.3,1.85
FIN,Veikkausliiga,2026,18/09/2026,17:00,Gnistan,HJK,1,1,D,,,,4.2,4,1.78,4,3.87,1.71,4.5,4.3,1.81,4.1,3.9,1.7
FIN,Veikkausliiga,2026,19/09/2026,13:00,TPS,Ilves,0,3,A,,,,2.7,3.6,2.4,2.61,3.51,2.35,2.86,3.8,2.52,2.6,3.5,2.3
FIN,Veikkausliiga,2026,19/09/2026,15:00,VPS,KuPS,0,2,A,,,,3.9,3.5,1.95,3.72,3.33,1.9,4.2,3.6,2.02,3.8,3.3,1.85
