Country,League,Season,Date,Time,Home,Away,HG,AG,Res,PSCH,PSCD,PSCA,MaxCH,MaxCD,MaxCA,AvgCH,AvgCD,AvgCA,BFECH,BFECD,BFECA,B365CH,B365CD,B365CA,HS,AS,HST,AST,HF,AF,HC,AC
MEX,Liga MX,2020/2021,25/07/2020,01:30,Necaxa,Tigres UANL,0,3,A,4.42,3.44,1.92,5,3.5,1.97,4.15,3.34,1.89,,,,,,,,,,,,,,
MEX,Liga MX,2020/2021,26/07/2020,01:00,Guadalajara Chivas,Club Leon,0,0,D,2.9,3.49,2.45,3.05,3.58,2.62,2.81,3.37,2.39,,,,,,,,,,,,,,
MEX,Liga MX,2020/2021,26/07/2020,03:00,Club Tijuana,Atlas,3,1,H,1.88,3.61,4.38,1.95,3.66,4.6,1.84,3.48,4.18,,,,,,,,,,,,,,
MEX,Liga MX,2020/2021,26/07/2020,03:00,Cruz Azul,Santos Laguna,2,0,H,1.85,3.86,4.15,1.89,3.95,4.5,1.82,3.69,3.99,,,,,,,,,,,,,,
MEX,Liga MX,2020/2021,26/07/2020,18:00,UNAM Pumas,Queretaro,3,2,H,2.09,3.5,3.62,2.17,3.64,3.84,2.05,3.41,3.48,,,,,,,,,,,,,,
MEX,Liga MX,2020/2021,28/07/2020,00:00,Atl. San Luis,Juarez,1,1,D,1.8,3.43,5.16,1.88,3.67,5.55,1.78,3.41,4.69,,,,,,,,,,,,,,
MEX,Liga MX,2020/2021,28/07/2020,02:00,Pachuca,Club America,1,2,A,2.77,3.37,2.61,2.84,3.48,2.75,2.65,3.29,2.56,,,,,,,,,,,,,,
MEX,Liga MX,2020/2021,28/07/2020,04:00,Mazatlan FC,Puebla,1,4,A,2.28,3.28,3.37,2.4,3.32,3.52,2.22,3.17,3.26,,,,,,,,,,,,,,
MEX,Liga MX,2020/2021,29/07/2020,01:00,Monterrey,Toluca,3,1,H,1.44,4.8,7.2,1.49,5.15,7.34,1.42,4.64,6.68,,,,,,,,,,,,,,
MEX,Liga MX,2020/2021,01/08/2020,01:30,Puebla,Cruz Azul,1,1,D,4.33,3.41,1.95,4.49,3.9,1.97,4.06,3.42,1.88,,,,,,,,,,,,,,
MEX,Liga MX,2020/2021,01/08/2020,03:30,Juarez,Necaxa,1,0,H,2.56,3.27,2.92,2.68,3.34,3.04,2.48,3.17,2.83,,,,,,,,,,,,,,
MEX,Liga MX,2020/2021,02/08/2020,01:00,Tigres UANL,Pachuca,1,1,D,1.54,4.44,6.04,1.61,4.5,6.3,1.53,4.16,5.66,,,,,,,,,,,,,,
MEX,Liga MX,2020/2021,02/08/2020,03:00,Club America,Club Tijuana,4,0,H,2.02,3.6,3.78,2.1,4,4.2,1.94,3.58,3.65,,,,,,,,,,,,,,
MEX,Liga MX,2020/2021,02/08/2020,18:00,Toluca,Atl. San Luis,3,2,H,2.39,3.48,2.99,2.47,3.72,3.05,2.36,3.34,2.87,,,,,,,,,,,,,,
MEX,Liga MX,2020/2021,02/08/2020,23:00,Queretaro,Mazatlan FC,1,1,D,2.6,3.36,2.79,2.63,3.5,3,2.48,3.29,2.76,,,,,,,,,,,,,,
MEX,Liga MX,2020/2021,03/08/2020,01:06,Santos Laguna,Guadalajara Chivas,2,0,H,2.42,3.3,3.09,2.49,3.44,3.24,2.35,3.25,2.94,,,,,,,,,,,,,,
MEX,Liga MX,2020/2021,04/08/2020,01:00,Atlas,UNAM Pumas,1,2,A,2.56,3.35,2.85,2.63,3.58,2.92,2.49,3.32,2.72,,,,,,,,,,,,,,
MEX,Liga MX,2020/2021,04/08/2020,03:00,Club Leon,Monterrey,1,0,H,2.25,3.65,3.1,2.37,4.35,3.1,2.2,3.59,2.96,,,,,,,,,,,,,,
MEX,Liga MX,2020/2021,07/08/2020,01:00,Pachuca,Queretaro,1,0,H,2.04,3.33,4.05,2.1,3.58,4.2,1.99,3.32,3.79,,,,,,,,,,,,,,
MEX,Liga MX,2020/2021,07/08/2020,03:06,Club Tijuana,Tigres UANL,0,0,D,3.71,3.46,2.08,4.05,3.5,2.15,3.63,3.33,2.02,,,,,,,,,,,,,,
MEX,Liga MX,2020/2021,08/08/2020,01:30,Necaxa,Club America,1,1,D,3.54,3.51,2.12,3.74,3.58,2.2,3.39,3.41,2.08,,,,,,,,,,,,,,
MEX,Liga MX,2020/2021,08/08/2020,03:30,Mazatlan FC,Toluca,2,1,H,2.38,3.56,2.95,2.48,3.85,3,2.32,3.45,2.86,,,,,,,,,,,,,,
MEX,Liga MX,2020/2021,09/08/2020,01:00,Cruz Azul,Club Leon,2,0,H,2.24,3.51,3.25,2.3,3.68,3.38,2.17,3.42,3.16,,,,,,,,,,,,,,
MEX,Liga MX,2020/2021,09/08/2020,01:06,Monterrey,Santos Laguna,2,2,D,1.79,3.84,4.56,1.83,4.05,4.85,1.76,3.73,4.26,,,,,,,,,,,,,,
MEX,Liga MX,2020/2021,09/08/2020,03:00,Guadalajara Chivas,Puebla,0,1,A,2.23,3.25,3.52,2.28,3.54,3.75,2.13,3.21,3.47,,,,,,,,,,,,,,
MEX,Liga MX,2020/2021,09/08/2020,18:00,UNAM Pumas,Juarez,1,1,D,1.87,3.8,4.16,1.96,3.85,4.35,1.83,3.65,3.98,,,,,,,,,,,,,,
MEX,Liga MX,2020/2021,10/08/2020,01:00,Atl. San Luis,Atlas,1,1,D,2.23,3.4,3.36,2.31,3.6,3.48,2.19,3.32,3.2,,,,,,,,,,,,,,
MEX,Liga MX,2020/2021,11/08/2020,23:00,Necaxa,Mazatlan FC,1,0,H,2.01,3.67,3.75,2.12,3.67,3.98,1.98,3.51,3.59,,,,,,,,,,,,,,
MEX,Liga MX,2020/2021,12/08/2020,01:00,Pachuca,Club Leon,0,1,A,2.78,3.39,2.59,2.93,3.54,2.65,2.73,3.28,2.49,,,,,,,,,,,,,,
MEX,Liga MX,2020/2021,12/08/2020,03:00,Tigres UANL,Puebla,2,1,H,1.47,4.18,8.11,1.53,4.4,8.2,1.47,4.09,6.94,,,,,,,,,,,,,,
MEX,Liga MX,2020/2021,12/08/2020,23:00,Queretaro,Cruz Azul,1,0,H,4.46,3.49,1.9,5.05,3.58,1.96,4.24,3.4,1.86,,,,,,,,,,,,,,
MEX,Liga MX,2020/2021,13/08/2020,01:00,Juarez,Guadalajara Chivas,0,2,A,2.92,3.16,2.63,3.05,3.25,2.73,2.82,3.04,2.58,,,,,,,,,,,,,,
MEX,Liga MX,2020/2021,13/08/2020,03:00,UNAM Pumas,Monterrey,1,1,D,2.98,3.52,2.38,3.06,3.6,2.51,2.88,3.38,2.34,,,,,,,,,,,,,,
MEX,Liga MX,2020/2021,13/08/2020,03:06,Club Tijuana,Atl. San Luis,0,2,A,1.93,3.77,3.92,2.04,3.84,4.18,1.91,3.52,3.81,,,,,,,,,,,,,,
MEX,Liga MX,2020/2021,14/08/2020,01:00,Atlas,Toluca,1,2,A,2.38,3.49,3.01,2.53,3.52,3.1,2.35,3.34,2.9,,,,,,,,,,,,,,
MEX,Liga MX,2020/2021,14/08/2020,03:00,Club America,Santos Laguna,3,1,H,2.06,3.62,3.62,2.15,3.73,3.82,2.03,3.51,3.42,,,,,,,,,,,,,,
MEX,Liga MX,2020/2021,15/08/2020,03:30,Puebla,Pachuca,0,1,A,3.4,3.22,2.3,3.55,3.3,2.4,3.29,3.11,2.25,,,,,,,,,,,,,,
MEX,Liga MX,2020/2021,15/08/2020,23:00,Guadalajara Chivas,Atl. San Luis,2,1,H,2.09,3.25,3.96,2.17,3.42,4.1,2.05,3.22,3.71,,,,,,,,,,,,,,
MEX,Liga MX,2020/2021,16/08/2020,01:00,Cruz Azul,Juarez,3,2,H,1.41,4.7,8.21,1.45,5.2,8.3,1.39,4.6,7.53,,,,,,,,,,,,,,
MEX,Liga MX,2020/2021,16/08/2020,03:00,Mazatlan FC,UNAM Pumas,0,0,D,2.28,3.49,3.17,2.35,3.78,3.26,2.22,3.38,3.07,,,,,,,,,,,,,,
MEX,Liga MX,2020/2021,16/08/2020,03:06,Monterrey,Necaxa,1,1,D,1.62,4.11,5.55,1.67,4.25,6.1,1.6,3.93,5.25,,,,,,,,,,,,,,
MEX,Liga MX,2020/2021,16/08/2020,18:00,Toluca,Tigres UANL,3,2,H,2.96,3.53,2.39,3.13,3.9,2.39,2.94,3.45,2.27,,,,,,,,,,,,,,
MEX,Liga MX,2020/2021,17/08/2020,01:06,Santos Laguna,Atlas,0,0,D,1.98,3.67,3.85,2.02,3.92,4.2,1.89,3.63,3.76,,,,,,,,,,,,,,
MEX,Liga MX,2020/2021,17/08/2020,03:00,Queretaro,Club America,4,1,H,3.19,3.48,2.28,3.42,3.55,2.38,3.08,3.37,2.22,,,,,,,,,,,,,,
MEX,Liga MX,2020/2021,18/08/2020,03:00,Club Leon,Club Tijuana,2,1,H,1.55,4.43,5.87,1.63,4.54,7.3,1.52,4.24,5.7,,,,,,,,,,,,,,
MEX,Liga MX,2020/2021,22/08/2020,01:30,Necaxa,Santos Laguna,2,1,H,2.98,3.38,2.45,3.13,3.45,2.58,2.84,3.3,2.4,,,,,,,,,,,,,,
MEX,Liga MX,2020/2021,22/08/2020,03:30,Juarez,Club Leon,0,0,D,3.96,3.6,1.97,4.36,3.72,2.04,3.89,3.53,1.89,,,,,,,,,,,,,,
MEX,Liga MX,2020/2021,22/08/2020,23:00,Atlas,Queretaro,1,0,H,3.01,3.17,2.56,3.08,3.34,2.65,2.87,3.13,2.48,,,,,,,,,,,,,,
MEX,Liga MX,2020/2021,23/08/2020,01:00,Tigres UANL,UNAM Pumas,1,1,D,1.57,4.13,6.07,1.63,4.25,6.55,1.56,4.03,5.52,,,,,,,,,,,,,,
MEX,Liga MX,2020/2021,23/08/2020,03:00,Club America,Monterrey,1,3,A,2.65,3.6,2.6,2.75,3.7,2.71,2.58,3.48,2.52,,,,,,,,,,,,,,
MEX,Liga MX,2020/2021,23/08/2020,23:30,Toluca,Guadalajara Chivas,1,0,H,2.76,3.26,2.7,2.89,3.34,2.81,2.67,3.16,2.64,,,,,,,,,,,,,,
MEX,Liga MX,2020/2021,24/08/2020,01:35,Atl. San Luis,Cruz Azul,1,3,A,4.67,3.81,1.78,4.75,4.05,1.84,4.41,3.69,1.75,,,,,,,,,,,,,,
MEX,Liga MX,2020/2021,24/08/2020,03:06,Club Tijuana,Puebla,1,0,H,1.98,3.3,4.37,2.05,3.4,4.55,1.95,3.21,4.1,,,,,,,,,,,,,,
MEX,Liga MX,2020/2021,25/08/2020,03:05,Pachuca,Mazatlan FC,4,3,H,1.91,3.38,4.46,1.96,3.5,4.8,1.87,3.3,4.31,,,,,,,,,,,,,,
MEX,Liga MX,2020/2021,29/08/2020,01:30,Puebla,Toluca,4,1,H,2.99,3.33,2.51,3.1,3.4,2.59,2.87,3.2,2.45,,,,,,,,,,,,,,
MEX,Liga MX,2020/2021,29/08/2020,03:35,Mazatlan FC,Tigres UANL,1,1,D,3.98,3.48,2.02,4.12,3.68,2.05,3.77,3.41,1.96,,,,,,,,,,,,,,
MEX,Liga MX,2020/2021,30/08/2020,01:00,Atl. San Luis,Club America,1,2,A,2.88,3.41,2.48,2.98,3.68,2.53,2.83,3.38,2.38,,,,,,,,,,,,,,
MEX,Liga MX,2020/2021,30/08/2020,01:00,Guadalajara Chivas,Pachuca,0,0,D,2.51,3.14,3.04,2.57,3.4,3.13,2.43,3.13,2.93,,,,,,,,,,,,,,
MEX,Liga MX,2020/2021,30/08/2020,03:00,Cruz Azul,Necaxa,3,0,H,1.57,4,6.29,1.62,4.5,6.29,1.54,4.03,5.74,,,,,,,,,,,,,,
MEX,Liga MX,2020/2021,30/08/2020,18:00,UNAM Pumas,Club Tijuana,3,0,H,2.08,3.51,3.59,2.17,3.68,3.7,2.06,3.42,3.43,,,,,,,,,,,,,,
MEX,Liga MX,2020/2021,31/08/2020,01:06,Santos Laguna,Queretaro,2,1,H,2.23,3.4,3.31,2.28,3.66,3.72,2.16,3.33,3.26,,,,,,,,,,,,,,
MEX,Liga MX,2020/2021,31/08/2020,03:06,Monterrey,Juarez,2,1,H,1.48,4.71,6.33,1.53,5.1,6.5,1.47,4.52,5.9,,,,,,,,,,,,,,
MEX,Liga MX,2020/2021,01/09/2020,03:05,Club Leon,Atlas,2,1,H,1.7,3.68,5.4,1.76,4.15,5.5,1.68,3.71,4.94,,,,,,,,,,,,,,
MEX,Liga MX,2020/2021,03/09/2020,02:00,Club America,Mazatlan FC,3,1,H,1.56,4.22,6.06,1.59,4.5,6.06,1.55,4.17,5.45,,,,,,,,,,,,,,
MEX,Liga MX,2020/2021,04/09/2020,01:00,Queretaro,Toluca,4,1,H,2.11,3.56,3.5,2.26,3.6,3.54,2.08,3.48,3.3,,,,,,,,,,,,,,
MEX,Liga MX,2020/2021,04/09/2020,03:00,Pachuca,Atl. San Luis,3,1,H,1.89,3.67,4.23,1.95,3.67,4.28,1.86,3.52,3.98,,,,,,,,,,,,,,
MEX,Liga MX,2020/2021,05/09/2020,01:30,Necaxa,Club Leon,0,2,A,4.13,3.89,1.85,4.33,3.89,1.92,3.97,3.68,1.82,,,,,,,,,,,,,,
MEX,Liga MX,2020/2021,05/09/2020,03:06,Club Tijuana,Monterrey,2,1,H,3.35,3.58,2.16,3.6,3.64,2.25,3.2,3.45,2.13,,,,,,,,,,,,,,
MEX,Liga MX,2020/2021,05/09/2020,03:30,Juarez,Santos Laguna,1,1,D,3.26,3.5,2.24,3.3,3.6,2.38,3.06,3.36,2.23,,,,,,,,,,,,,,
MEX,Liga MX,2020/2021,05/09/2020,23:00,UNAM Pumas,Puebla,4,1,H,1.76,3.94,4.61,1.83,3.96,4.78,1.76,3.68,4.34,,,,,,,,,,,,,,
MEX,Liga MX,2020/2021,06/09/2020,01:00,Atlas,Cruz Azul,1,0,H,4.75,3.75,1.78,4.78,3.84,1.82,4.44,3.62,1.75,,,,,,,,,,,,,,
MEX,Liga MX,2020/2021,06/09/2020,03:00,Tigres UANL,Guadalajara Chivas,1,3,A,2.03,3.32,4.07,2.09,3.42,4.07,2,3.23,3.79,,,,,,,,,,,,,,
MEX,Liga MX,2020/2021,08/09/2020,23:00,Atl. San Luis,Necaxa,2,1,H,2.49,3.4,2.91,2.54,3.4,2.92,2.42,3.26,2.82,,,,,,,,,,,,,,
MEX,Liga MX,2020/2021,09/09/2020,01:00,Toluca,Juarez,0,1,A,1.78,4.15,4.21,1.83,4.34,4.21,1.75,3.89,4.07,,,,,,,,,,,,,,
MEX,Liga MX,2020/2021,09/09/2020,01:06,Monterrey,Atlas,1,1,D,1.53,4.31,6.32,1.56,4.5,6.32,1.51,4.24,5.74,,,,,,,,,,,,,,
MEX,Liga MX,2020/2021,09/09/2020,03:00,Guadalajara Chivas,Queretaro,1,1,D,1.95,3.53,4.13,2.09,3.53,4.13,1.97,3.31,3.78,,,,,,,,,,,,,,
MEX,Liga MX,2020/2021,09/09/2020,03:00,Puebla,Club America,2,3,A,3.9,3.69,1.96,3.92,3.69,2,3.72,3.52,1.92,,,,,,,,,,,,,,
MEX,Liga MX,2020/2021,09/09/2020,23:00,Club Leon,Tigres UANL,1,1,D,1.95,3.58,4.08,1.96,3.68,4.33,1.87,3.49,3.96,,,,,,,,,,,,,,
MEX,Liga MX,2020/2021,10/09/2020,01:00,Cruz Azul,Pachuca,1,0,H,2.17,3.52,3.39,2.23,3.52,3.5,2.14,3.31,3.29,,,,,,,,,,,,,,
MEX,Liga MX,2020/2021,10/09/2020,03:00,Mazatlan FC,Club Tijuana,1,0,H,2.47,3.32,3,2.47,3.33,3.01,2.4,3.21,2.89,,,,,,,,,,,,,,
MEX,Liga MX,2020/2021,10/09/2020,03:06,Santos Laguna,UNAM Pumas,1,2,A,2.08,3.52,3.65,2.12,3.52,3.8,2.02,3.4,3.5,,,,,,,,,,,,,,
MEX,Liga MX,2020/2021,12/09/2020,01:30,Necaxa,Guadalajara Chivas,1,2,A,3.28,3.42,2.26,3.44,3.42,2.36,3.12,3.25,2.25,,,,,,,,,,,,,,
MEX,Liga MX,2020/2021,12/09/2020,03:30,Juarez,Puebla,1,0,H,2.16,3.27,3.69,2.18,3.42,3.86,2.09,3.18,3.56,,,,,,,,,,,,,,
MEX,Liga MX,2020/2021,12/09/2020,23:00,Atlas,Mazatlan FC,1,1,D,2.34,3.43,3.24,2.36,3.45,3.3,2.24,3.28,3.11,,,,,,,,,,,,,,
MEX,Liga MX,2020/2021,13/09/2020,01:00,Tigres UANL,Santos Laguna,2,0,H,2.12,3.58,3.59,2.15,3.58,3.75,2.06,3.4,3.43,,,,,,,,,,,,,,
MEX,Liga MX,2020/2021,13/09/2020,03:00,Club America,Toluca,1,1,D,1.78,4.01,4.55,1.8,4.05,4.55,1.73,3.84,4.26,,,,,,,,,,,,,,
MEX,Liga MX,2020/2021,13/09/2020,18:00,UNAM Pumas,Atl. San Luis,3,0,H,1.95,3.65,4.11,1.99,3.85,4.2,1.85,3.6,3.93,,,,,,,,,,,,,,
MEX,Liga MX,2020/2021,14/09/2020,01:00,Queretaro,Club Leon,2,3,A,3.31,3.52,2.26,3.45,3.52,2.29,3.16,3.36,2.18,,,,,,,,,,,,,,
MEX,Liga MX,2020/2021,14/09/2020,03:06,Club Tijuana,Cruz Azul,1,2,A,3.16,3.58,2.31,3.24,3.58,2.45,3.06,3.39,2.22,,,,,,,,,,,,,,
MEX,Liga MX,2020/2021,15/09/2020,03:00,Pachuca,Monterrey,1,1,D,2.25,3.72,3.18,2.31,3.72,3.34,2.19,3.49,3.06,,,,,,,,,,,,,,
MEX,Liga MX,2020/2021,19/09/2020,01:30,Necaxa,Puebla,0,1,A,2.25,3.39,3.47,2.27,3.45,3.58,2.15,3.28,3.34,,,,,,,,,,,,,,
MEX,Liga MX,2020/2021,19/09/2020,03:30,Mazatlan FC,Cruz Azul,2,3,A,3.36,3.5,2.25,3.36,3.5,2.59,3.15,3.31,2.22,,,,,,,,,,,,,,
MEX,Liga MX,2020/2021,19/09/2020,23:00,Atlas,Pachuca,0,1,A,3.14,3.13,2.57,3.14,3.24,2.59,2.96,3.06,2.47,,,,,,,,,,,,,,
MEX,Liga MX,2020/2021,20/09/2020,01:00,Tigres UANL,Queretaro,3,0,H,1.83,3.79,4.58,1.84,3.79,5,1.78,3.59,4.37,,,,,,,,,,,,,,
MEX,Liga MX,2020/2021,20/09/2020,03:00,Club America,Guadalajara Chivas,1,0,H,2.42,3.46,3.08,2.42,3.5,3.14,2.33,3.33,2.94,,,,,,,,,,,,,,
MEX,Liga MX,2020/2021,20/09/2020,18:00,Toluca,Santos Laguna,1,2,A,2.84,3.7,2.46,2.9,3.74,2.5,2.75,3.54,2.37,,,,,,,,,,,,,,
MEX,Liga MX,2020/2021,21/09/2020,01:00,Atl. San Luis,Monterrey,1,2,A,4.22,4.05,1.83,5,4.05,1.94,3.92,3.77,1.82,,,,,,,,,,,,,,
MEX,Liga MX,2020/2021,22/09/2020,03:00,Club Leon,UNAM Pumas,2,0,H,1.73,4.18,4.69,1.76,4.18,4.85,1.69,3.95,4.44,,,,,,,,,,,,,,
MEX,Liga MX,2020/2021,25/09/2020,03:00,Pachuca,Toluca,0,0,D,1.58,4.35,5.87,1.61,4.4,6,1.55,4.18,5.33,,,,,,,,,,,,,,
MEX,Liga MX,2020/2021,26/09/2020,01:30,Puebla,Queretaro,3,3,D,2.89,3.23,2.69,2.89,3.28,2.79,2.72,3.11,2.63,,,,,,,,,,,,,,
MEX,Liga MX,2020/2021,26/09/2020,03:30,Juarez,Atlas,0,1,A,2.51,3.18,3.17,2.53,3.25,3.19,2.42,3.09,3.01,,,,,,,,,,,,,,
MEX,Liga MX,2020/2021,26/09/2020,23:00,Guadalajara Chivas,Mazatlan FC,2,1,H,1.72,3.87,5.23,1.78,3.87,5.38,1.71,3.58,4.88,,,,,,,,,,,,,,
MEX,Liga MX,2020/2021,27/09/2020,01:00,UNAM Pumas,Necaxa,1,1,D,2.25,3.62,3.25,2.26,3.66,3.37,2.14,3.5,3.14,,,,,,,,,,,,,,
MEX,Liga MX,2020/2021,27/09/2020,03:06,Monterrey,Tigres UANL,0,2,A,2.81,3.32,2.7,2.81,3.54,2.82,2.62,3.27,2.63,,,,,,,,,,,,,,
MEX,Liga MX,2020/2021,27/09/2020,23:00,Atl. San Luis,Club Leon,0,2,A,4.55,4.13,1.76,4.6,4.13,1.79,4.33,3.85,1.72,,,,,,,,,,,,,,
MEX,Liga MX,2020/2021,28/09/2020,02:45,Cruz Azul,Club America,0,0,D,1.94,3.61,4.23,2,3.64,4.4,1.88,3.45,4.01,,,,,,,,,,,,,,
MEX,Liga MX,2020/2021,01/10/2020,01:06,Club Tijuana,Juarez,2,1,H,2.17,3.5,3.55,2.22,3.5,3.55,2.11,3.3,3.38,,,,,,,,,,,,,,
MEX,Liga MX,2020/2021,03/10/2020,01:30,Puebla,Santos Laguna,0,2,A,3.26,3.55,2.28,3.26,3.64,2.31,3.1,3.44,2.19,,,,,,,,,,,,,,
MEX,Liga MX,2020/2021,03/10/2020,03:30,Club Leon,Mazatlan FC,2,1,H,1.4,5.14,8.09,1.44,5.38,8.5,1.38,4.85,7.32,,,,,,,,,,,,,,
MEX,Liga MX,2020/2021,03/10/2020,23:00,Atlas,Necaxa,0,1,A,2.41,3.13,3.41,2.41,3.3,3.41,2.33,3.11,3.13,,,,,,,,,,,,,,
MEX,Liga MX,2020/2021,04/10/2020,01:00,Tigres UANL,Atl. San Luis,3,0,H,1.47,4.54,7.59,1.5,4.55,7.59,1.44,4.34,6.75,,,,,,,,,,,,,,
MEX,Liga MX,2020/2021,04/10/2020,03:00,Club America,UNAM Pumas,2,2,D,2.2,3.57,3.4,2.2,3.72,3.4,2.11,3.47,3.23,,,,,,,,,,,,,,
MEX,Liga MX,2020/2021,04/10/2020,18:00,Toluca,Cruz Azul,2,0,H,3.96,3.98,1.9,4,3.99,1.92,3.76,3.77,1.85,,,,,,,,,,,,,,
MEX,Liga MX,2020/2021,04/10/2020,23:00,Juarez,Pachuca,1,1,D,4.64,3.6,1.86,4.75,3.6,1.92,4.34,3.4,1.83,,,,,,,,,,,,,,
MEX,Liga MX,2020/2021,05/10/2020,01:00,Queretaro,Monterrey,1,2,A,2.62,3.6,2.72,2.62,3.7,2.73,2.51,3.47,2.6,,,,,,,,,,,,,,
MEX,Liga MX,2020/2021,05/10/2020,03:06,Club Tijuana,Guadalajara Chivas,0,0,D,2.75,3.29,2.78,2.77,3.32,2.78,2.67,3.14,2.66,,,,,,,,,,,,,,
MEX,Liga MX,2020/2021,12/10/2020,01:06,Santos Laguna,Club Tijuana,2,0,H,1.71,3.95,5.15,1.73,3.97,5.75,1.68,3.74,4.82,,,,,,,,,,,,,,
MEX,Liga MX,2020/2021,16/10/2020,03:00,Atl. San Luis,Queretaro,2,1,H,3.66,3.48,2.14,3.8,3.49,2.15,3.48,3.33,2.06,,,,,,,,,,,,,,
MEX,Liga MX,2020/2021,17/10/2020,01:30,Necaxa,Club Tijuana,2,0,H,2.27,3.26,3.57,2.27,3.35,3.62,2.16,3.2,3.37,,,,,,,,,,,,,,
MEX,Liga MX,2020/2021,17/10/2020,03:30,Mazatlan FC,Juarez,3,2,H,1.96,3.62,4.11,2,3.62,4.2,1.91,3.45,3.84,,,,,,,,,,,,,,
MEX,Liga MX,2020/2021,17/10/2020,23:06,Monterrey,Puebla,3,1,H,1.54,4.52,6.18,1.56,4.52,6.18,1.53,4.23,5.53,,,,,,,,,,,,,,
MEX,Liga MX,2020/2021,18/10/2020,01:00,Guadalajara Chivas,Atlas,3,2,H,2.18,3.16,3.95,2.18,3.34,4.2,2.07,3.12,3.75,,,,,,,,,,,,,,
MEX,Liga MX,2020/2021,18/10/2020,03:00,Cruz Azul,Tigres UANL,0,2,A,2.19,3.65,3.37,2.27,3.65,3.5,2.13,3.46,3.21,,,,,,,,,,,,,,
MEX,Liga MX,2020/2021,18/10/2020,18:00,UNAM Pumas,Toluca,1,0,H,2.01,3.74,3.79,2.05,3.87,3.83,1.92,3.66,3.6,,,,,,,,,,,,,,
MEX,Liga MX,2020/2021,19/10/2020,01:06,Santos Laguna,Pachuca,1,1,D,2.39,3.35,3.22,2.45,3.4,3.23,2.33,3.23,3.02,,,,,,,,,,,,,,
MEX,Liga MX,2020/2021,20/10/2020,03:00,Club Leon,Club America,3,2,H,1.79,4.11,4.38,1.87,4.11,4.49,1.76,3.85,4.12,,,,,,,,,,,,,,
MEX,Liga MX,2020/2021,24/10/2020,01:30,Puebla,Club Leon,1,2,A,4.65,4.04,1.76,4.75,4.18,1.78,4.32,3.9,1.71,,,,,,,,,,,,,,
MEX,Liga MX,2020/2021,24/10/2020,23:00,Queretaro,Necaxa,0,1,A,2.3,3.34,3.41,2.32,3.5,3.41,2.25,3.22,3.17,,,,,,,,,,,,,,
MEX,Liga MX,2020/2021,25/10/2020,01:00,Tigres UANL,Juarez,1,1,D,1.38,5.11,8.79,1.67,5.11,9.5,1.39,4.47,7.61,,,,,,,,,,,,,,
MEX,Liga MX,2020/2021,25/10/2020,02:00,Club America,Atlas,1,0,H,2.11,3.64,3.57,2.15,3.7,3.8,2,3.49,3.53,,,,,,,,,,,,,,
MEX,Liga MX,2020/2021,25/10/2020,02:00,Mazatlan FC,Monterrey,1,2,A,2.78,3.7,2.52,2.93,3.78,2.52,2.71,3.55,2.39,,,,,,,,,,,,,,
MEX,Liga MX,2020/2021,25/10/2020,18:00,Toluca,Club Tijuana,2,0,H,1.83,3.84,4.51,2.01,3.84,4.58,1.82,3.62,4.05,,,,,,,,,,,,,,
MEX,Liga MX,2020/2021,25/10/2020,23:30,Guadalajara Chivas,Cruz Azul,0,2,A,3.47,3.24,2.32,3.51,3.25,2.51,3.27,3.07,2.28,,,,,,,,,,,,,,
MEX,Liga MX,2020/2021,26/10/2020,01:06,Santos Laguna,Atl. San Luis,2,1,H,1.54,4.28,6.65,1.55,4.41,7.17,1.51,4.11,6.02,,,,,,,,,,,,,,
MEX,Liga MX,2020/2021,27/10/2020,03:00,Pachuca,UNAM Pumas,1,1,D,1.9,3.58,4.45,1.98,3.72,4.59,1.84,3.48,4.13,,,,,,,,,,,,,,
MEX,Liga MX,2020/2021,30/10/2020,03:00,Atl. San Luis,Mazatlan FC,0,5,A,2.38,3.41,3.18,2.53,3.54,3.18,2.37,3.23,2.96,,,,,,,,,,,,,,
MEX,Liga MX,2020/2021,31/10/2020,01:30,Necaxa,Toluca,3,2,H,2.37,3.53,3.11,2.38,3.54,3.22,2.29,3.33,3,,,,,,,,,,,,,,
MEX,Liga MX,2020/2021,31/10/2020,03:06,Club Tijuana,Pachuca,0,2,A,2.81,3.32,2.7,2.81,3.35,2.82,2.67,3.18,2.63,,,,,,,,,,,,,,
MEX,Liga MX,2020/2021,31/10/2020,03:30,Juarez,Queretaro,1,0,H,2.67,3.39,2.8,2.67,3.43,2.88,2.54,3.24,2.72,,,,,,,,,,,,,,
MEX,Liga MX,2020/2021,31/10/2020,23:00,Atlas,Puebla,0,1,A,2.3,3.49,3.27,2.35,3.5,3.4,2.22,3.33,3.14,,,,,,,,,,,,,,
MEX,Liga MX,2020/2021,01/11/2020,01:00,UNAM Pumas,Guadalajara Chivas,2,2,D,2.34,3.42,3.24,2.4,3.42,3.26,2.29,3.26,3.05,,,,,,,,,,,,,,
MEX,Liga MX,2020/2021,01/11/2020,03:06,Monterrey,Cruz Azul,1,0,H,2.66,3.54,2.71,2.67,3.6,2.8,2.52,3.42,2.62,,,,,,,,,,,,,,
MEX,Liga MX,2020/2021,01/11/2020,23:30,Club America,Tigres UANL,3,1,H,2.74,3.53,2.64,2.8,3.6,2.66,2.65,3.43,2.5,,,,,,,,,,,,,,
MEX,Liga MX,2020/2021,03/11/2020,03:00,Club Leon,Santos Laguna,2,1,H,1.96,3.9,3.82,1.99,3.9,3.84,1.9,3.72,3.6,,,,,,,,,,,,,,
MEX,Liga MX,2020/2021,07/11/2020,01:30,Puebla,Atl. San Luis,1,0,H,1.74,4.08,4.73,1.82,4.2,5,1.68,3.95,4.53,,,,,,,,,,,,,,
MEX,Liga MX,2020/2021,07/11/2020,03:30,Juarez,Club America,1,1,D,3.08,3.66,2.33,3.38,3.72,2.33,3.08,3.5,2.18,,,,,,,,,,,,,,
MEX,Liga MX,2020/2021,07/11/2020,23:00,Guadalajara Chivas,Monterrey,3,1,H,2.97,3.38,2.53,2.99,3.54,2.56,2.84,3.32,2.41,,,,,,,,,,,,,,
MEX,Liga MX,2020/2021,07/11/2020,23:00,Pachuca,Necaxa,0,1,A,2.95,3.29,2.6,3.13,3.34,2.7,2.9,3.16,2.43,,,,,,,,,,,,,,
MEX,Liga MX,2020/2021,08/11/2020,01:00,Tigres UANL,Atlas,1,1,D,1.5,4.26,7.58,1.52,4.4,8,1.47,4.17,6.74,,,,,,,,,,,,,,
MEX,Liga MX,2020/2021,08/11/2020,03:00,Cruz Azul,UNAM Pumas,1,2,A,1.74,3.88,5.05,1.81,4.1,5.05,1.72,3.8,4.45,,,,,,,,,,,,,,
MEX,Liga MX,2020/2021,08/11/2020,18:00,Toluca,Club Leon,2,2,D,3.7,4,1.96,3.8,4.04,2.15,3.46,3.74,1.95,,,,,,,,,,,,,,
MEX,Liga MX,2020/2021,09/11/2020,01:06,Santos Laguna,Mazatlan FC,4,0,H,1.6,4.27,5.89,1.65,4.5,5.89,1.56,4.21,5.26,,,,,,,,,,,,,,
MEX,Liga MX,2020/2021,09/11/2020,03:06,Queretaro,Club Tijuana,2,2,D,2.08,3.65,3.64,2.13,3.78,3.83,1.99,3.57,3.5,,,,,,,,,,,,,,
MEX,Liga MX,2020/2021,22/11/2020,01:00,Santos Laguna,Pachuca,0,3,A,2.24,3.36,3.52,2.28,3.38,3.72,2.17,3.19,3.35,,,,,,,,,,,,,,
MEX,Liga MX,2020/2021,22/11/2020,03:10,Guadalajara Chivas,Necaxa,1,0,H,2.42,3.21,3.3,2.44,3.3,3.5,2.33,3.08,3.14,,,,,,,,,,,,,,
MEX,Liga MX,2020/2021,23/11/2020,01:00,Tigres UANL,Toluca,2,1,H,1.58,4.35,5.89,1.65,4.36,5.9,1.55,4.17,5.27,,,,,,,,,,,,,,
MEX,Liga MX,2020/2021,23/11/2020,03:10,Monterrey,Puebla,2,2,D,1.54,4.46,6.37,1.58,4.5,6.41,1.51,4.26,5.65,,,,,,,,,,,,,,
MEX,Liga MX,2020/2021,26/11/2020,01:00,Puebla,Club Leon,2,1,H,4.95,3.96,1.74,4.95,4.02,1.79,4.55,3.75,1.71,,,,,,,,,,,,,,
MEX,Liga MX,2020/2021,26/11/2020,03:06,Guadalajara Chivas,Club America,1,0,H,2.53,3.21,3.12,2.54,3.28,3.12,2.44,3.07,2.95,,,,,,,,,,,,,,
MEX,Liga MX,2020/2021,27/11/2020,01:00,Tigres UANL,Cruz Azul,1,3,A,2.43,3.41,3.1,2.56,3.41,3.17,2.4,3.19,2.92,,,,,,,,,,,,,,
MEX,Liga MX,2020/2021,27/11/2020,03:06,Pachuca,UNAM Pumas,0,1,A,1.92,3.54,4.42,2,3.63,4.68,1.89,3.35,4.1,,,,,,,,,,,,,,
MEX,Liga MX,2020/2021,29/11/2020,01:00,Club Leon,Puebla,2,0,H,1.34,5.42,10.03,1.36,5.5,10.03,1.32,5.1,8.55,,,,,,,,,,,,,,
MEX,Liga MX,2020/2021,29/11/2020,03:06,Club America,Guadalajara Chivas,1,2,A,1.93,3.55,4.38,2.02,3.58,4.67,1.9,3.35,4.04,,,,,,,,,,,,,,
MEX,Liga MX,2020/2021,29/11/2020,18:00,UNAM Pumas,Pachuca,0,0,D,3.71,3.74,2.03,3.9,3.74,2.04,3.63,3.46,1.97,,,,,,,,,,,,,,
MEX,Liga MX,2020/2021,30/11/2020,00:30,Cruz Azul,Tigres UANL,0,1,A,2.49,3.75,2.79,2.5,3.77,3.08,2.32,3.51,2.81,,,,,,,,,,,,,,
MEX,Liga MX,2020/2021,03/12/2020,03:05,Guadalajara Chivas,Club Leon,1,1,D,3.07,3.42,2.44,3.32,3.43,2.44,3.07,3.27,2.28,,,,,,,,,,,,,,
MEX,Liga MX,2020/2021,04/12/2020,03:00,Cruz Azul,UNAM Pumas,4,0,H,1.7,3.95,5.3,1.73,4.15,5.45,1.67,3.78,4.78,,,,,,,,,,,,,,
MEX,Liga MX,2020/2021,06/12/2020,03:00,Club Leon,Guadalajara Chivas,1,0,H,1.7,3.97,5.21,1.89,3.97,5.21,1.71,3.69,4.61,,,,,,,,,,,,,,
MEX,Liga MX,2020/2021,07/12/2020,00:30,UNAM Pumas,Cruz Azul,4,0,H,3.22,3.72,2.23,3.22,3.72,2.44,2.96,3.46,2.24,,,,,,,,,,,,,,
MEX,Liga MX,2020/2021,11/12/2020,03:00,UNAM Pumas,Club Leon,1,1,D,3.86,3.33,2.13,4.35,3.5,2.13,3.72,3.28,2.01,,,,,,,,,,,,,,
MEX,Liga MX,2020/2021,15/12/2020,02:30,Club Leon,UNAM Pumas,2,0,H,1.62,4.15,5.78,1.67,4.32,5.88,1.59,3.98,5.18,,,,,,,,,,,,,,
MEX,Liga MX,2020/2021,09/01/2021,01:30,Puebla,Guadalajara Chivas,1,1,D,3.02,3.12,2.66,3.06,3.25,2.71,2.87,3.03,2.54,,,,,,,10,11,4,6,21,14,2,5
MEX,Liga MX,2020/2021,09/01/2021,03:06,Club Tijuana,UNAM Pumas,0,0,D,2.04,3.62,3.81,2.13,3.68,3.94,1.98,3.42,3.62,,,,,,,11,18,3,8,18,9,5,7
MEX,Liga MX,2020/2021,09/01/2021,03:30,Mazatlan FC,Necaxa,3,2,H,2.09,3.48,3.8,2.19,3.56,3.85,2.04,3.31,3.59,,,,,,,10,16,4,4,13,16,4,5
MEX,Liga MX,2020/2021,09/01/2021,23:00,Atlas,Monterrey,0,2,A,3.76,3.82,2,4,3.82,2.16,3.55,3.55,1.97,,,,,,,11,16,7,3,8,17,19,8
MEX,Liga MX,2020/2021,10/01/2021,01:00,Tigres UANL,Club Leon,2,0,H,1.99,3.75,3.84,2.1,3.8,4.22,1.98,3.46,3.65,,,,,,,23,10,9,4,17,9,5,1
MEX,Liga MX,2020/2021,10/01/2021,03:00,Club America,Atl. San Luis,2,1,H,1.71,3.95,5.15,1.73,4.17,5.5,1.65,3.84,4.88,,,,,,,17,14,5,7,11,14,5,5
MEX,Liga MX,2020/2021,10/01/2021,18:00,Toluca,Queretaro,3,1,H,2.3,3.66,3.13,2.38,3.66,3.25,2.23,3.42,3.01,,,,,,,9,12,4,3,19,17,2,8
MEX,Liga MX,2020/2021,11/01/2021,01:06,Santos Laguna,Cruz Azul,1,0,H,2.58,3.58,2.77,2.68,3.59,3,2.51,3.35,2.67,,,,,,,8,12,4,2,18,21,1,2
MEX,Liga MX,2020/2021,12/01/2021,03:00,Pachuca,Juarez,1,1,D,1.56,4.2,6.45,1.63,4.22,6.45,1.55,3.94,5.79,,,,,,,20,5,4,2,17,4,6,1
MEX,Liga MX,2020/2021,16/01/2021,01:30,Necaxa,Atl. San Luis,1,0,H,1.98,3.69,3.96,2.03,3.75,3.98,1.92,3.51,3.76,,,,,,,7,9,3,2,10,17,1,4
MEX,Liga MX,2020/2021,16/01/2021,03:30,Juarez,Club Tijuana,0,0,D,2.71,3.4,2.74,2.81,3.5,2.9,2.57,3.25,2.67,,,,,,,14,10,3,2,14,26,8,2
MEX,Liga MX,2020/2021,16/01/2021,23:00,Guadalajara Chivas,Toluca,1,1,D,1.87,3.74,4.41,1.93,3.74,4.48,1.85,3.52,4.06,,,,,,,16,8,6,2,15,19,5,2
MEX,Liga MX,2020/2021,17/01/2021,01:00,Cruz Azul,Puebla,0,1,A,1.78,3.73,4.97,1.78,4,5.41,1.7,3.62,4.88,,,,,,,10,8,2,3,12,20,6,1
MEX,Liga MX,2020/2021,17/01/2021,03:06,Monterrey,Club America,1,0,H,1.7,4.2,4.9,1.77,4.2,5.25,1.67,3.9,4.65,,,,,,,10,4,3,1,17,13,2,5
MEX,Liga MX,2020/2021,17/01/2021,18:00,UNAM Pumas,Mazatlan FC,3,0,H,2.16,3.69,3.4,2.21,3.7,4.2,2.11,3.46,3.25,,,,,,,15,7,5,1,15,9,8,23
MEX,Liga MX,2020/2021,18/01/2021,01:06,Santos Laguna,Tigres UANL,2,0,H,2.57,3.43,2.88,2.85,3.48,2.9,2.47,3.27,2.77,,,,,,,20,13,7,5,11,13,3,4
MEX,Liga MX,2020/2021,18/01/2021,03:06,Queretaro,Atlas,1,0,H,2.53,3.37,2.99,2.59,3.45,3.16,2.41,3.23,2.89,,,,,,,8,13,4,1,14,8,6,14
MEX,Liga MX,2020/2021,19/01/2021,03:00,Club Leon,Pachuca,0,0,D,2.14,3.52,3.61,2.14,3.63,4,2.06,3.36,3.47,,,,,,,6,9,1,3,13,18,3,10
MEX,Liga MX,2020/2021,22/01/2021,03:00,Atl. San Luis,Guadalajara Chivas,3,1,H,3.85,3.34,2.13,3.94,3.52,2.18,3.63,3.23,2.05,,,,,,,13,10,6,3,20,14,6,12
MEX,Liga MX,2020/2021,23/01/2021,01:30,Puebla,Club Tijuana,0,1,A,2.35,3.29,3.36,2.42,3.4,3.71,2.26,3.13,3.25,,,,,,,18,10,4,6,11,15,8,4
MEX,Liga MX,2020/2021,23/01/2021,03:30,Mazatlan FC,Santos Laguna,0,0,D,3.12,3.63,2.32,3.8,3.63,2.43,3.02,3.42,2.24,,,,,,,5,18,2,2,18,16,1,7
MEX,Liga MX,2020/2021,24/01/2021,01:00,Atlas,Tigres UANL,0,2,A,3.49,3.44,2.21,4,3.44,2.25,3.33,3.23,2.17,,,,,,,,,,,,,,
MEX,Liga MX,2020/2021,24/01/2021,18:00,Toluca,Necaxa,2,0,H,2.19,3.41,3.6,2.22,3.53,3.6,2.13,3.3,3.35,,,,,,,20,12,8,5,17,14,8,3
MEX,Liga MX,2020/2021,25/01/2021,01:00,Queretaro,UNAM Pumas,2,0,H,2.29,3.33,3.45,2.31,3.45,3.62,2.17,3.21,3.37,,,,,,,8,9,2,4,11,13,5,4
MEX,Liga MX,2020/2021,26/01/2021,03:00,Pachuca,Cruz Azul,0,1,A,1.92,3.54,4.45,2.06,3.54,4.48,1.9,3.31,4.17,,,,,,,21,6,6,2,9,9,9,4
MEX,Liga MX,2020/2021,27/01/2021,02:30,Club America,Juarez,2,0,H,2.07,3.23,4.25,2.14,3.44,5,2,3.19,3.9,,,,,,,10,9,4,1,16,7,6,3
MEX,Liga MX,2020/2021,29/01/2021,03:00,Tigres UANL,Necaxa,1,1,D,1.62,3.77,6.75,1.69,3.85,7,1.59,3.6,6.14,,,,,,,,,,,,,,
MEX,Liga MX,2020/2021,30/01/2021,03:30,Mazatlan FC,Pachuca,1,0,H,3.57,3.46,2.18,3.7,3.47,2.32,3.4,3.22,2.15,,,,,,,11,20,6,4,13,11,8,5
MEX,Liga MX,2020/2021,31/01/2021,01:00,Guadalajara Chivas,Juarez,1,2,A,2.02,3.45,4.09,2.05,3.5,4.2,1.96,3.3,3.88,,,,,,,12,6,1,5,7,16,13,2
MEX,Liga MX,2020/2021,31/01/2021,03:00,Cruz Azul,Queretaro,4,1,H,1.79,3.7,4.99,1.8,3.75,5.08,1.73,3.56,4.7,,,,,,,18,4,7,1,19,9,17,1
MEX,Liga MX,2020/2021,31/01/2021,03:06,Club Tijuana,Toluca,3,2,H,1.9,3.89,4.05,1.99,3.93,4.28,1.87,3.65,3.84,,,,,,,15,8,6,4,25,19,5,2
MEX,Liga MX,2020/2021,31/01/2021,18:00,UNAM Pumas,Atlas,0,0,D,2.8,3.12,2.86,2.8,3.2,2.9,2.71,3,2.72,,,,,,,5,9,0,2,10,13,4,6
MEX,Liga MX,2020/2021,01/02/2021,01:06,Santos Laguna,Club America,1,1,D,2.12,3.54,3.65,2.15,3.8,3.9,2.03,3.42,3.51,,,,,,,12,13,4,4,19,13,3,8
MEX,Liga MX,2020/2021,02/02/2021,03:00,Club Leon,Atl. San Luis,3,1,H,1.71,3.8,5.42,1.8,4.1,6.5,1.68,3.68,4.89,,,,,,,15,5,9,1,10,16,4,2
MEX,Liga MX,2020/2021,03/02/2021,03:00,Puebla,Monterrey,0,0,D,4.19,3.48,1.99,4.7,3.62,2,3.99,3.37,1.92,,,,,,,9,16,3,5,13,12,2,8
MEX,Liga MX,2020/2021,05/02/2021,01:00,Atl. San Luis,Club Tijuana,2,2,D,2.12,3.6,3.59,2.15,3.6,3.75,2.06,3.41,3.43,,,,,,,20,7,6,2,14,21,10,9
MEX,Liga MX,2020/2021,05/02/2021,03:00,Queretaro,Pachuca,3,1,H,3.38,3.34,2.31,3.47,3.34,2.54,3.09,3.17,2.32,,,,,,,11,22,6,5,14,12,8,23
MEX,Liga MX,2020/2021,06/02/2021,03:30,Necaxa,Cruz Azul,0,2,A,4.63,3.58,1.88,4.88,3.58,1.93,4.32,3.34,1.85,,,,,,,14,16,6,4,13,22,10,4
MEX,Liga MX,2020/2021,06/02/2021,23:00,Atlas,Santos Laguna,1,1,D,3.06,3.24,2.55,3.15,3.32,2.55,2.92,3.13,2.45,,,,,,,23,9,9,2,16,18,11,9
MEX,Liga MX,2020/2021,07/02/2021,01:00,Club America,Puebla,1,0,H,1.78,3.69,5.07,1.81,3.86,5.13,1.72,3.57,4.77,,,,,,,6,9,2,1,13,22,3,2
MEX,Liga MX,2020/2021,07/02/2021,03:06,Monterrey,UNAM Pumas,1,0,H,1.47,4.43,8.01,1.55,4.45,8.03,1.46,4.18,6.8,,,,,,,15,3,6,0,18,12,8,4
MEX,Liga MX,2020/2021,07/02/2021,18:00,Toluca,Mazatlan FC,4,1,H,1.88,3.81,4.25,1.98,3.81,4.25,1.86,3.61,3.89,,,,,,,15,9,8,3,9,10,15,5
MEX,Liga MX,2020/2021,09/02/2021,03:00,Club Leon,Guadalajara Chivas,1,3,A,1.95,3.63,4.14,1.95,3.67,4.97,1.87,3.41,4.17,,,,,,,17,13,5,9,11,19,10,3
MEX,Liga MX,2020/2021,13/02/2021,01:30,Puebla,Juarez,4,0,H,2.72,2.95,3.12,2.76,3.06,3.25,2.56,2.87,3.04,,,,,,,8,19,5,5,12,10,5,9
MEX,Liga MX,2020/2021,13/02/2021,03:06,Club Tijuana,Club Leon,2,0,H,3.02,3.6,2.39,3.06,3.6,2.42,2.87,3.4,2.33,,,,,,,10,13,4,4,25,13,5,10
MEX,Liga MX,2020/2021,13/02/2021,03:30,Mazatlan FC,Atl. San Luis,0,3,A,2.21,3.54,3.41,2.23,3.65,3.5,2.14,3.39,3.24,,,,,,,24,14,4,7,9,14,11,4
MEX,Liga MX,2020/2021,14/02/2021,01:00,Guadalajara Chivas,Necaxa,2,2,D,1.81,3.65,4.89,1.85,3.65,5.04,1.78,3.46,4.54,,,,,,,16,10,7,2,10,8,14,0
MEX,Liga MX,2020/2021,14/02/2021,03:00,Club America,Queretaro,2,1,H,2,3.43,4.2,2.02,3.56,4.47,1.94,3.34,3.92,,,,,,,24,8,8,1,17,11,12,9
MEX,Liga MX,2020/2021,14/02/2021,18:00,Toluca,UNAM Pumas,1,0,H,1.95,3.68,4.07,1.99,3.84,4.2,1.9,3.55,3.8,,,,,,,13,9,4,1,13,12,16,3
MEX,Liga MX,2020/2021,15/02/2021,01:06,Santos Laguna,Monterrey,1,0,H,3.47,3.42,2.23,3.52,3.54,2.35,3.23,3.29,2.19,,,,,,,8,18,2,0,13,14,10,13
MEX,Liga MX,2020/2021,16/02/2021,03:00,Pachuca,Atlas,0,1,A,2.06,3.21,4.32,2.12,3.34,4.45,1.97,3.13,4.13,,,,,,,8,17,1,6,14,12,13,6
MEX,Liga MX,2020/2021,18/02/2021,03:00,Tigres UANL,Cruz Azul,0,2,A,2.12,3.47,3.74,2.17,3.67,4.08,2.07,3.25,3.6,,,,,,,17,8,8,4,15,14,8,1
MEX,Liga MX,2020/2021,19/02/2021,03:00,Atl. San Luis,Santos Laguna,1,0,H,2.54,3.28,3.04,2.76,3.4,3.12,2.46,3.15,2.89,,,,,,,5,11,2,2,21,10,3,5
MEX,Liga MX,2020/2021,20/02/2021,01:30,Necaxa,Monterrey,1,1,D,4.49,3.36,1.96,4.75,3.52,1.98,4.16,3.3,1.9,,,,,,,15,12,7,2,12,14,9,7
MEX,Liga MX,2020/2021,20/02/2021,03:30,Juarez,Mazatlan FC,1,0,H,2.25,3.35,3.51,2.47,3.36,3.74,2.17,3.19,3.36,,,,,,,5,11,2,3,18,12,2,0
MEX,Liga MX,2020/2021,21/02/2021,01:00,Cruz Azul,Toluca,3,2,H,1.75,3.88,4.97,1.79,3.94,4.97,1.72,3.7,4.54,,,,,,,13,10,3,2,10,20,2,4
MEX,Liga MX,2020/2021,21/02/2021,03:00,Atlas,Club America,0,2,A,2.81,3.09,2.87,2.9,3.18,3.02,2.68,2.98,2.76,,,,,,,,,,,,,,
MEX,Liga MX,2020/2021,21/02/2021,18:00,UNAM Pumas,Club Leon,0,1,A,4.01,3.75,1.95,4.2,3.75,2.08,3.75,3.52,1.92,,,,,,,14,11,5,4,16,8,9,8
MEX,Liga MX,2020/2021,21/02/2021,23:00,Queretaro,Puebla,1,1,D,2.28,3.25,3.55,2.38,3.37,3.62,2.21,3.16,3.31,,,,,,,11,9,5,3,18,15,6,16
MEX,Liga MX,2020/2021,22/02/2021,01:00,Tigres UANL,Club Tijuana,3,2,H,1.8,3.75,4.82,1.82,4.2,6,1.73,3.63,4.62,,,,,,,11,13,5,7,7,16,1,4
MEX,Liga MX,2020/2021,23/02/2021,03:00,Pachuca,Guadalajara Chivas,1,1,D,2.25,3.18,3.73,2.36,3.3,3.73,2.16,3.1,3.5,,,,,,,19,12,4,4,11,9,5,6
MEX,Liga MX,2020/2021,26/02/2021,03:00,Atl. San Luis,Tigres UANL,2,2,D,3.36,3.3,2.34,3.7,3.4,2.35,3.21,3.15,2.26,,,,,,,,,,,,,,
MEX,Liga MX,2020/2021,27/02/2021,01:30,Puebla,Necaxa,1,0,H,2.28,3.18,3.63,2.38,3.25,3.71,2.24,3.07,3.37,,,,,,,,,,,,,,
MEX,Liga MX,2020/2021,27/02/2021,03:30,Mazatlan FC,Queretaro,3,0,H,2.37,3.38,3.23,2.45,3.4,3.3,2.29,3.24,3.07,,,,,,,9,6,4,5,16,14,15,1
MEX,Liga MX,2020/2021,27/02/2021,23:00,Toluca,Atlas,0,0,D,2.22,3.47,3.46,2.23,3.48,3.64,2.11,3.34,3.37,,,,,,,11,17,2,0,15,17,19,8
MEX,Liga MX,2020/2021,28/02/2021,01:00,Club America,Pachuca,2,0,H,2.4,3.03,3.56,2.41,3.2,3.57,2.32,2.97,3.28,,,,,,,18,6,7,0,10,13,7,2
MEX,Liga MX,2020/2021,28/02/2021,03:00,Club Leon,Cruz Azul,0,1,A,2.57,3.28,3,2.61,3.28,3.1,2.45,3.11,2.94,,,,,,,9,5,1,2,12,16,10,5
MEX,Liga MX,2020/2021,28/02/2021,23:00,Monterrey,Club Tijuana,1,1,D,1.68,3.93,5.45,1.7,4,5.55,1.64,3.77,5.14,,,,,,,10,10,5,5,14,14,1,10
MEX,Liga MX,2020/2021,01/03/2021,01:06,Santos Laguna,Juarez,3,2,H,1.92,3.39,4.7,1.92,3.6,5,1.83,3.39,4.43,,,,,,,15,9,8,4,12,15,12,3
MEX,Liga MX,2020/2021,01/03/2021,03:00,Guadalajara Chivas,UNAM Pumas,2,1,H,1.9,3.45,4.68,2.07,3.6,4.68,1.86,3.35,4.29,,,,,,,15,7,3,3,18,15,9,4
MEX,Liga MX,2020/2021,02/03/2021,23:00,Atlas,Atl. San Luis,3,1,H,2.13,3.2,4.07,2.15,3.3,4.12,2.08,3.1,3.75,,,,,,,18,5,9,1,15,12,3,6
MEX,Liga MX,2020/2021,03/03/2021,01:00,Tigres UANL,Toluca,0,1,A,1.61,4.24,5.7,1.67,4.27,5.72,1.6,3.93,5.23,,,,,,,13,6,4,1,10,12,9,0
MEX,Liga MX,2020/2021,03/03/2021,03:00,Club Leon,Puebla,1,2,A,1.74,3.69,5.41,1.77,3.8,5.5,1.7,3.55,4.98,,,,,,,10,11,6,3,16,18,8,3
MEX,Liga MX,2020/2021,04/03/2021,01:00,Juarez,Monterrey,1,6,A,4.11,3.67,1.95,4.33,3.67,2,3.86,3.44,1.92,,,,,,,9,19,2,10,10,17,5,11
MEX,Liga MX,2020/2021,04/03/2021,01:00,Queretaro,Guadalajara Chivas,2,2,D,3.25,3.35,2.37,3.26,3.37,2.48,3.01,3.18,2.36,,,,,,,20,7,5,2,14,16,5,4
MEX,Liga MX,2020/2021,04/03/2021,03:00,Cruz Azul,Mazatlan FC,1,0,H,1.45,4.55,8.06,1.49,4.75,9,1.41,4.38,7.57,,,,,,,14,4,6,1,10,12,8,3
MEX,Liga MX,2020/2021,04/03/2021,03:06,Club Tijuana,Club America,0,2,A,2.68,3.34,2.82,2.8,3.42,2.89,2.55,3.18,2.74,,,,,,,6,15,2,7,17,10,1,9
MEX,Liga MX,2020/2021,05/03/2021,01:00,Necaxa,Pachuca,2,2,D,3.14,3.14,2.56,3.25,3.25,2.62,3.02,3.04,2.43,,,,,,,15,18,4,8,13,10,4,5
MEX,Liga MX,2020/2021,05/03/2021,03:00,UNAM Pumas,Santos Laguna,1,0,H,3.51,3.26,2.29,3.51,3.37,2.32,3.26,3.14,2.23,,,,,,,9,18,3,6,25,8,5,4
MEX,Liga MX,2020/2021,06/03/2021,01:30,Atl. San Luis,Toluca,0,0,D,2.76,3.32,2.75,2.76,3.37,3.05,2.59,3.2,2.68,,,,,,,9,14,2,4,21,12,5,5
MEX,Liga MX,2020/2021,06/03/2021,03:30,Puebla,Tigres UANL,1,1,D,3.34,3.11,2.46,3.47,3.24,2.46,3.21,2.98,2.35,,,,,,,13,15,5,4,17,13,4,5
MEX,Liga MX,2020/2021,06/03/2021,23:00,Atlas,Juarez,2,0,H,1.78,3.61,5.28,1.8,3.64,5.5,1.74,3.44,4.84,,,,,,,13,5,7,1,23,12,6,1
MEX,Liga MX,2020/2021,07/03/2021,01:00,Club America,Club Leon,2,1,H,2.17,3.26,3.83,2.28,3.32,4.2,2.09,3.11,3.67,,,,,,,12,6,2,1,15,15,3,3
MEX,Liga MX,2020/2021,07/03/2021,01:06,Monterrey,Queretaro,2,1,H,1.4,5.11,8.23,1.49,5.11,8.5,1.4,4.61,7.09,,,,,,,12,5,4,3,14,15,5,4
MEX,Liga MX,2020/2021,07/03/2021,03:00,Mazatlan FC,Guadalajara Chivas,1,1,D,3.32,3.2,2.41,3.37,3.22,2.55,3.06,3.07,2.38,,,,,,,7,8,4,4,13,9,5,3
MEX,Liga MX,2020/2021,08/03/2021,01:06,Santos Laguna,Necaxa,3,1,H,1.64,3.86,6.19,1.68,3.86,6.5,1.59,3.68,5.74,,,,,,,18,7,7,3,10,18,11,4
MEX,Liga MX,2020/2021,08/03/2021,03:00,UNAM Pumas,Cruz Azul,0,1,A,5.79,3.85,1.67,6,3.86,1.69,5.41,3.63,1.63,,,,,,,6,9,4,4,12,13,5,6
MEX,Liga MX,2020/2021,09/03/2021,03:00,Pachuca,Club Tijuana,2,1,H,2.12,3.34,3.9,2.2,3.41,4.32,2.02,3.23,3.74,,,,,,,11,10,3,4,12,12,6,5
MEX,Liga MX,2020/2021,11/03/2021,03:00,Monterrey,Club Leon,1,1,D,1.66,4.05,5.47,1.68,4.05,5.71,1.63,3.82,5.05,,,,,,,10,8,2,3,14,16,1,7
MEX,Liga MX,2020/2021,13/03/2021,01:30,Puebla,Atlas,0,1,A,3.37,2.93,2.57,3.43,3,2.8,3.06,2.83,2.55,,,,,,,8,19,2,3,17,18,4,5
MEX,Liga MX,2020/2021,13/03/2021,03:30,Juarez,UNAM Pumas,1,1,D,2.42,3.24,3.27,2.43,3.31,3.47,2.3,3.14,3.13,,,,,,,7,7,1,3,20,16,2,3
MEX,Liga MX,2020/2021,14/03/2021,01:00,Tigres UANL,Mazatlan FC,1,2,A,1.5,4.25,7.65,1.52,4.25,8.11,1.48,4.02,6.86,,,,,,,10,12,1,4,13,20,2,1
MEX,Liga MX,2020/2021,14/03/2021,03:00,Cruz Azul,Monterrey,1,0,H,2.28,3.37,3.41,2.34,3.37,3.45,2.25,3.15,3.21,,,,,,,11,8,2,3,15,19,3,10
MEX,Liga MX,2020/2021,14/03/2021,03:06,Club Tijuana,Santos Laguna,0,1,A,2.9,3.34,2.61,2.91,3.34,2.72,2.73,3.18,2.55,,,,,,,15,10,4,3,17,10,6,7
MEX,Liga MX,2020/2021,14/03/2021,18:00,Toluca,Pachuca,0,2,A,2.89,3.4,2.58,2.96,3.43,2.75,2.75,3.26,2.49,,,,,,,8,15,0,4,13,14,3,3
MEX,Liga MX,2020/2021,15/03/2021,00:00,Queretaro,Atl. San Luis,2,1,H,2.29,3.44,3.33,2.36,3.44,3.33,2.24,3.25,3.14,,,,,,,16,9,8,1,19,19,6,1
MEX,Liga MX,2020/2021,15/03/2021,02:00,Guadalajara Chivas,Club America,0,3,A,2.85,3.05,2.86,2.85,3.1,2.95,2.67,2.96,2.78,,,,,,,5,16,1,8,17,18,1,4
MEX,Liga MX,2020/2021,16/03/2021,03:00,Club Leon,Necaxa,3,1,H,1.45,4.51,8.25,1.51,4.57,8.12,1.43,4.3,6.98,,,,,,,10,12,3,5,15,19,1,5
MEX,Liga MX,2020/2021,19/03/2021,02:00,Pachuca,Tigres UANL,1,0,H,2.42,3.23,3.28,2.44,3.3,3.3,2.33,3.1,3.1,,,,,,,,,,,,,,
MEX,Liga MX,2020/2021,20/03/2021,01:00,Necaxa,Juarez,1,0,H,2.03,3.45,4.08,2.12,3.5,4.11,1.98,3.29,3.83,,,,,,,20,7,4,1,17,15,8,0
MEX,Liga MX,2020/2021,20/03/2021,03:00,Mazatlan FC,Club America,0,1,A,3.61,3.12,2.32,3.62,3.25,2.38,3.37,3.06,2.24,,,,,,,11,16,3,2,15,13,3,4
MEX,Liga MX,2020/2021,20/03/2021,23:00,Atl. San Luis,UNAM Pumas,0,1,A,2.56,3.08,3.19,2.58,3.31,3.19,2.44,3.04,3,,,,,,,17,10,5,2,15,19,4,2
MEX,Liga MX,2020/2021,21/03/2021,01:00,Cruz Azul,Atlas,3,2,H,2.25,2.97,4.05,2.25,3.25,4.09,2.17,2.89,3.76,,,,,,,10,23,6,10,18,8,2,9
MEX,Liga MX,2020/2021,21/03/2021,03:06,Club Tijuana,Queretaro,3,1,H,2.13,3.28,3.93,2.14,3.5,3.94,2.04,3.23,3.71,,,,,,,15,10,4,4,13,9,6,3
MEX,Liga MX,2020/2021,21/03/2021,18:00,Toluca,Puebla,4,4,D,2.5,3.28,3.1,2.5,3.28,3.25,2.35,3.14,3.04,,,,,,,12,19,5,8,14,13,7,5
MEX,Liga MX,2020/2021,22/03/2021,01:06,Santos Laguna,Club Leon,1,2,A,2.64,3.34,2.87,2.64,3.34,3.2,2.45,3.18,2.87,,,,,,,13,13,4,8,12,14,4,3
MEX,Liga MX,2020/2021,03/04/2021,02:30,Puebla,Mazatlan FC,3,1,H,1.99,3.23,4.61,2.08,3.25,4.7,1.95,3.07,4.28,,,,,,,19,9,8,4,13,12,4,3
MEX,Liga MX,2020/2021,03/04/2021,04:30,Juarez,Cruz Azul,0,1,A,4.45,3.47,1.93,5.1,3.65,1.96,4.31,3.37,1.84,,,,,,,7,19,0,3,9,14,3,7
MEX,Liga MX,2020/2021,04/04/2021,00:00,Atlas,Club Tijuana,1,0,H,1.75,3.79,5.14,1.87,3.88,5.3,1.73,3.57,4.68,,,,,,,21,9,8,2,13,13,6,7
MEX,Liga MX,2020/2021,04/04/2021,02:00,Club America,Necaxa,2,1,H,1.62,3.85,6.5,1.62,4.13,6.54,1.58,3.81,5.67,,,,,,,11,12,7,4,11,14,3,4
MEX,Liga MX,2020/2021,04/04/2021,04:06,Monterrey,Atl. San Luis,2,0,H,1.49,4.5,7.34,1.49,4.6,8.02,1.44,4.3,6.83,,,,,,,16,10,9,5,16,15,3,3
MEX,Liga MX,2020/2021,04/04/2021,18:00,UNAM Pumas,Pachuca,2,2,D,3.83,3.25,2.18,3.97,3.34,2.18,3.6,3.11,2.12,,,,,,,16,7,4,4,8,14,6,2
MEX,Liga MX,2020/2021,04/04/2021,23:00,Guadalajara Chivas,Santos Laguna,1,1,D,2.58,3.19,3.06,2.58,3.3,3.11,2.45,3.13,2.91,,,,,,,22,14,8,4,13,18,10,4
MEX,Liga MX,2020/2021,05/04/2021,01:00,Queretaro,Tigres UANL,0,1,A,3.55,3.43,2.2,3.59,3.45,2.26,3.35,3.26,2.15,,,,,,,13,20,3,5,18,11,4,6
MEX,Liga MX,2020/2021,05/04/2021,03:05,Club Leon,Toluca,2,1,H,1.54,4.48,6.34,1.67,4.5,6.61,1.52,4.17,5.87,,,,,,,17,4,8,1,13,14,6,3
MEX,Liga MX,2020/2021,10/04/2021,01:30,Necaxa,UNAM Pumas,0,1,A,2.32,3.41,3.29,2.36,3.41,3.44,2.27,3.18,3.17,,,,,,,16,10,5,1,17,13,1,1
MEX,Liga MX,2020/2021,10/04/2021,03:30,Juarez,Atl. San Luis,2,1,H,2.32,3.43,3.28,2.48,3.43,3.31,2.31,3.22,3.06,,,,,,,12,13,7,5,11,19,5,7
MEX,Liga MX,2020/2021,10/04/2021,23:00,Atlas,Club Leon,1,3,A,2.19,3.34,3.68,2.24,3.4,3.74,2.15,3.22,3.38,,,,,,,21,13,8,6,14,14,8,5
MEX,Liga MX,2020/2021,11/04/2021,01:00,Cruz Azul,Guadalajara Chivas,1,0,H,1.83,3.59,4.85,1.86,3.66,5.17,1.77,3.44,4.6,,,,,,,19,6,8,2,15,8,3,9
MEX,Liga MX,2020/2021,11/04/2021,03:05,Tigres UANL,Club America,1,3,A,2.32,3.36,3.35,2.39,3.45,3.4,2.24,3.21,3.21,,,,,,,8,13,3,5,12,16,3,3
MEX,Liga MX,2020/2021,11/04/2021,18:00,Toluca,Monterrey,1,2,A,4.16,3.64,1.94,4.25,3.65,2.05,3.9,3.44,1.9,,,,,,,16,16,5,8,11,11,7,2
MEX,Liga MX,2020/2021,12/04/2021,01:00,Queretaro,Santos Laguna,1,0,H,2.55,3.42,2.92,2.62,3.42,2.97,2.5,3.22,2.76,,,,,,,9,19,5,4,19,13,5,10
MEX,Liga MX,2020/2021,12/04/2021,03:06,Club Tijuana,Mazatlan FC,2,3,A,1.91,3.61,4.4,1.92,3.72,4.57,1.86,3.51,4.07,,,,,,,15,16,3,5,21,11,2,4
MEX,Liga MX,2020/2021,13/04/2021,03:00,Pachuca,Puebla,1,3,A,2.04,3.31,4.24,2.08,3.41,4.24,1.99,3.22,3.89,,,,,,,16,13,5,7,7,14,8,5
MEX,Liga MX,2020/2021,15/04/2021,03:00,Juarez,Tigres UANL,2,3,A,4.52,3.31,1.98,4.52,3.56,2.13,4.03,3.27,1.94,,,,,,,,,,,,,,
MEX,Liga MX,2020/2021,17/04/2021,01:30,Necaxa,Queretaro,0,0,D,2.6,3.42,2.85,2.6,3.42,2.94,2.51,3.23,2.76,,,,,,,17,8,2,0,14,15,9,5
MEX,Liga MX,2020/2021,17/04/2021,03:30,Mazatlan FC,Atlas,0,0,D,3.69,3.35,2.18,3.83,3.35,2.29,3.5,3.17,2.13,,,,,,,10,13,2,4,19,19,2,5
MEX,Liga MX,2020/2021,17/04/2021,23:00,Atl. San Luis,Puebla,1,4,A,3.09,3.31,2.49,3.09,3.34,2.56,2.9,3.13,2.46,,,,,,,12,18,5,7,16,8,5,8
MEX,Liga MX,2020/2021,18/04/2021,01:00,Guadalajara Chivas,Club Tijuana,2,0,H,1.83,3.69,4.73,1.9,3.74,4.73,1.78,3.53,4.4,,,,,,,23,6,10,2,12,11,6,3
MEX,Liga MX,2020/2021,18/04/2021,03:05,Club America,Cruz Azul,1,1,D,2.87,3.03,2.87,2.91,3.2,2.89,2.71,2.97,2.73,,,,,,,11,8,3,2,17,15,3,9
MEX,Liga MX,2020/2021,18/04/2021,18:00,UNAM Pumas,Tigres UANL,0,0,D,3.46,3.39,2.25,3.46,3.39,2.29,3.29,3.24,2.18,,,,,,,12,9,3,3,9,6,2,2
MEX,Liga MX,2020/2021,19/04/2021,01:00,Santos Laguna,Toluca,3,1,H,1.79,3.94,4.59,1.8,3.96,4.59,1.76,3.73,4.25,,,,,,,15,16,7,5,17,13,4,3
MEX,Liga MX,2020/2021,19/04/2021,03:06,Monterrey,Pachuca,0,1,A,1.58,4.26,6.05,1.76,4.26,6.05,1.56,4.01,5.52,,,,,,,24,5,6,1,14,14,7,1
MEX,Liga MX,2020/2021,20/04/2021,03:00,Club Leon,Juarez,2,0,H,1.38,5.26,8.47,1.4,5.26,9.5,1.36,4.9,7.64,,,,,,,17,13,2,4,8,10,9,2
MEX,Liga MX,2020/2021,22/04/2021,03:00,Monterrey,Guadalajara Chivas,1,2,A,1.58,4.12,6.4,1.62,4.15,6.7,1.55,3.95,5.79,,,,,,,12,10,5,5,21,14,3,3
MEX,Liga MX,2020/2021,24/04/2021,01:30,Puebla,UNAM Pumas,0,0,D,1.93,3.6,4.3,1.95,3.78,4.44,1.88,3.45,4.03,,,,,,,14,16,2,7,9,13,10,3
MEX,Liga MX,2020/2021,24/04/2021,03:06,Club Tijuana,Necaxa,1,0,H,1.99,3.83,3.76,2.04,3.85,4.2,1.92,3.64,3.68,,,,,,,15,17,7,3,6,10,5,10
MEX,Liga MX,2020/2021,24/04/2021,03:30,Mazatlan FC,Club Leon,4,3,H,4.19,3.89,1.87,4.27,3.91,1.94,3.91,3.69,1.85,,,,,,,10,17,4,5,14,15,2,6
MEX,Liga MX,2020/2021,24/04/2021,23:00,Cruz Azul,Atl. San Luis,3,2,H,1.47,4.5,7.59,1.53,4.6,7.68,1.45,4.24,6.8,,,,,,,16,17,8,3,13,15,4,13
MEX,Liga MX,2020/2021,25/04/2021,01:00,Atlas,Guadalajara Chivas,0,1,A,2.33,3.22,3.47,2.36,3.37,3.51,2.23,3.13,3.3,,,,,,,13,3,3,2,9,9,3,3
MEX,Liga MX,2020/2021,25/04/2021,03:10,Tigres UANL,Monterrey,2,1,H,2.93,3.27,2.63,2.96,3.43,2.7,2.77,3.17,2.54,,,,,,,11,12,6,5,8,15,4,6
MEX,Liga MX,2020/2021,25/04/2021,23:30,Toluca,Club America,3,1,H,3.18,3.31,2.43,3.61,3.57,2.43,3.03,3.23,2.32,,,,,,,11,12,4,3,16,11,4,4
MEX,Liga MX,2020/2021,26/04/2021,01:30,Queretaro,Juarez,1,0,H,1.71,3.95,5.15,1.74,4.25,5.48,1.68,3.77,4.82,,,,,,,11,14,5,4,10,7,6,7
MEX,Liga MX,2020/2021,27/04/2021,03:00,Pachuca,Santos Laguna,1,0,H,2.25,3.51,3.35,2.29,3.52,3.4,2.19,3.34,3.17,,,,,,,10,9,1,1,15,14,6,4
MEX,Liga MX,2020/2021,30/04/2021,03:00,Atl. San Luis,Pachuca,1,5,A,3.88,3.65,2.01,4.06,3.68,2.04,3.7,3.45,1.97,,,,,,,14,11,3,7,15,11,5,2
MEX,Liga MX,2020/2021,01/05/2021,01:30,Necaxa,Atlas,1,5,A,4,3.17,2.16,4.17,3.4,2.19,3.76,3.11,2.07,,,,,,,7,18,3,7,14,9,4,6
MEX,Liga MX,2020/2021,01/05/2021,03:30,Juarez,Toluca,1,0,H,2.58,3.62,2.75,2.7,3.79,2.75,2.53,3.5,2.57,,,,,,,14,13,2,1,13,11,3,0
MEX,Liga MX,2020/2021,01/05/2021,23:00,Club Leon,Queretaro,2,1,H,1.8,3.7,4.9,1.84,3.8,4.9,1.75,3.61,4.48,,,,,,,16,13,3,2,12,14,6,7
MEX,Liga MX,2020/2021,01/05/2021,23:00,Guadalajara Chivas,Tigres UANL,0,0,D,2.49,2.92,3.52,2.51,3.22,3.89,2.37,2.9,3.32,,,,,,,,,,,,,,
MEX,Liga MX,2020/2021,02/05/2021,01:00,Cruz Azul,Club Tijuana,1,1,D,1.79,4.03,4.45,1.84,4.03,4.68,1.76,3.74,4.23,,,,,,,16,9,7,6,8,10,6,4
MEX,Liga MX,2020/2021,02/05/2021,03:06,Monterrey,Mazatlan FC,1,0,H,1.37,5.18,9.24,1.41,5.25,9.24,1.35,4.91,8.09,,,,,,,25,6,6,2,14,9,5,5
MEX,Liga MX,2020/2021,03/05/2021,01:06,Santos Laguna,Puebla,0,0,D,1.67,3.93,5.62,1.69,3.93,5.81,1.64,3.73,5.22,,,,,,,20,10,3,4,13,18,6,5
MEX,Liga MX,2020/2021,03/05/2021,03:05,UNAM Pumas,Club America,0,1,A,2.61,3.23,2.99,2.62,3.23,3.1,2.49,3.09,2.91,,,,,,,16,14,5,3,15,12,6,10
MEX,Liga MX,2020/2021,09/05/2021,01:00,Atlas,Tigres UANL,1,0,H,2.07,3.23,4.24,2.17,3.35,4.3,2.03,3.08,3.9,,,,,,,13,15,3,7,16,11,6,7
MEX,Liga MX,2020/2021,09/05/2021,03:15,Santos Laguna,Queretaro,5,0,H,1.74,3.6,5.66,1.77,3.82,5.78,1.7,3.51,5.05,,,,,,,14,10,7,3,13,12,10,5
MEX,Liga MX,2020/2021,10/05/2021,01:00,Club Leon,Toluca,2,2,D,1.52,4.45,6.78,1.55,4.5,6.8,1.5,4.19,6.12,,,,,,,19,7,9,4,11,13,4,1
MEX,Liga MX,2020/2021,10/05/2021,03:15,Pachuca,Guadalajara Chivas,4,2,H,2.3,3.12,3.66,2.32,3.29,3.66,2.22,3.06,3.4,,,,,,,26,14,10,6,10,10,10,4
MEX,Liga MX,2020/2021,13/05/2021,01:00,Toluca,Cruz Azul,2,1,H,3.63,3.27,2.2,3.63,3.55,2.2,3.37,3.25,2.13,,,,,,,8,14,3,5,15,13,2,5
MEX,Liga MX,2020/2021,13/05/2021,03:05,Atlas,Puebla,1,0,H,1.89,3.25,4.96,1.91,3.6,5.14,1.84,3.21,4.57,,,,,,,13,4,3,1,10,18,3,3
MEX,Liga MX,2020/2021,14/05/2021,01:00,Pachuca,Club America,3,1,H,2.53,3.18,3.06,2.63,3.53,3.07,2.49,3.09,2.89,,,,,,,15,11,5,5,9,13,3,5
MEX,Liga MX,2020/2021,14/05/2021,03:05,Santos Laguna,Monterrey,2,1,H,2.79,3.08,2.83,2.79,3.51,2.83,2.65,3.1,2.7,,,,,,,24,13,5,3,3,9,10,5
MEX,Liga MX,2020/2021,16/05/2021,00:00,Puebla,Atlas,1,0,H,2.85,2.98,2.86,2.88,3.05,2.88,2.75,2.88,2.77,,,,,,,13,15,1,3,18,16,3,5
MEX,Liga MX,2020/2021,16/05/2021,02:05,Cruz Azul,Toluca,3,1,H,1.4,4.61,9.45,1.43,4.84,9.45,1.39,4.4,8,,,,,,,18,11,7,2,8,7,5,4
MEX,Liga MX,2020/2021,17/05/2021,00:00,Monterrey,Santos Laguna,1,1,D,1.69,4.04,5.09,1.7,4.13,5.3,1.64,3.86,4.89,,,,,,,17,8,6,1,16,9,9,5
MEX,Liga MX,2020/2021,17/05/2021,02:05,Club America,Pachuca,4,2,H,1.84,3.79,4.36,1.94,3.79,4.41,1.84,3.52,4.13,,,,,,,21,15,9,3,9,13,9,3
MEX,Liga MX,2020/2021,20/05/2021,02:30,Pachuca,Cruz Azul,0,0,D,2.8,3.13,2.78,2.89,3.23,2.85,2.76,3.04,2.63,,,,,,,11,10,2,3,7,7,7,5
MEX,Liga MX,2020/2021,21/05/2021,03:00,Santos Laguna,Puebla,3,0,H,1.66,3.8,5.87,1.68,3.8,6.05,1.63,3.59,5.5,,,,,,,19,18,6,5,9,16,8,5
MEX,Liga MX,2020/2021,23/05/2021,02:00,Cruz Azul,Pachuca,1,0,H,1.85,3.57,4.81,1.89,3.57,4.88,1.81,3.38,4.46,,,,,,,18,10,8,5,10,11,5,3
MEX,Liga MX,2020/2021,24/05/2021,01:00,Puebla,Santos Laguna,1,0,H,2.3,3.46,3.29,2.34,3.46,3.34,2.24,3.24,3.13,,,,,,,17,7,4,3,12,11,9,1
MEX,Liga MX,2020/2021,28/05/2021,03:00,Santos Laguna,Cruz Azul,0,1,A,2.59,2.92,3.34,2.59,2.93,3.38,2.5,2.8,3.17,,,,,,,16,7,1,4,5,13,9,8
MEX,Liga MX,2020/2021,31/05/2021,02:15,Cruz Azul,Santos Laguna,1,1,D,1.99,3.51,4.15,2,3.51,4.27,1.93,3.35,3.89,,,,,,,10,11,3,1,13,10,6,8
MEX,Liga MX,2021/2022,23/07/2021,03:00,Queretaro,Club America,0,0,D,3.83,3.26,2.17,3.99,3.5,2.21,3.67,3.16,2.09,,,,,,,4,16,2,2,16,16,0,8
MEX,Liga MX,2021/2022,24/07/2021,01:00,Necaxa,Santos Laguna,0,3,A,2.94,3.26,2.63,3.19,3.26,2.65,2.81,3.11,2.54,,,,,,,20,15,4,6,15,19,6,7
MEX,Liga MX,2021/2022,24/07/2021,03:00,Juarez,Toluca,1,3,A,2.57,3.36,2.94,2.72,3.4,2.95,2.49,3.2,2.79,,,,,,,6,17,1,7,10,11,9,8
MEX,Liga MX,2021/2022,24/07/2021,22:00,Pachuca,Club Leon,4,0,H,2.33,3.53,3.17,2.38,3.65,3.3,2.26,3.39,3.01,,,,,,,19,8,8,1,10,14,3,3
MEX,Liga MX,2021/2022,25/07/2021,03:00,Guadalajara Chivas,Atl. San Luis,1,2,A,1.87,3.35,5.11,1.95,3.6,5.27,1.82,3.23,4.74,,,,,,,14,8,5,5,16,20,8,3
MEX,Liga MX,2021/2022,25/07/2021,18:00,UNAM Pumas,Atlas,0,0,D,3.7,3.42,2.15,3.79,3.43,2.2,3.45,3.22,2.13,,,,,,,10,18,3,5,11,9,2,7
MEX,Liga MX,2021/2022,26/07/2021,01:06,Monterrey,Puebla,1,1,D,1.75,3.72,5.23,1.77,3.82,6.08,1.72,3.58,4.79,,,,,,,15,6,4,3,13,11,9,4
MEX,Liga MX,2021/2022,26/07/2021,03:06,Club Tijuana,Tigres UANL,1,2,A,2.52,3.22,3.13,2.53,3.32,3.15,2.42,3.14,2.96,,,,,,,12,5,4,2,13,9,3,1
MEX,Liga MX,2021/2022,27/07/2021,02:00,Cruz Azul,Mazatlan FC,0,2,A,1.43,4.49,8.87,1.47,4.55,8.91,1.41,4.24,7.84,,,,,,,12,11,5,3,11,13,4,3
MEX,Liga MX,2021/2022,31/07/2021,01:00,Mazatlan FC,Pachuca,2,1,H,3.69,3.14,2.28,3.75,3.42,2.32,3.45,3.11,2.19,,,,,,,15,18,5,3,12,12,4,6
MEX,Liga MX,2021/2022,31/07/2021,03:05,Puebla,Guadalajara Chivas,0,2,A,2.11,3.17,4.2,2.13,3.3,4.21,2.05,3.1,3.86,,,,,,,17,10,3,3,10,20,4,8
MEX,Liga MX,2021/2022,31/07/2021,23:00,Club Leon,Club Tijuana,2,1,H,1.54,4.3,6.72,1.61,4.5,6.72,1.54,4.06,5.75,,,,,,,14,7,5,5,14,16,4,4
MEX,Liga MX,2021/2022,01/08/2021,01:00,Club America,Necaxa,2,1,H,1.53,4.24,7.06,1.58,4.27,7.06,1.53,3.95,6.19,,,,,,,15,13,6,9,10,16,4,4
MEX,Liga MX,2021/2022,01/08/2021,03:00,Monterrey,UNAM Pumas,2,0,H,1.45,4.6,7.98,1.47,4.75,8.18,1.42,4.41,7.19,,,,,,,15,5,3,3,7,14,1,3
MEX,Liga MX,2021/2022,01/08/2021,03:05,Atlas,Juarez,2,0,H,1.49,4.37,7.63,1.5,4.37,8,1.46,4.11,7.05,,,,,,,16,7,4,0,7,10,6,3
MEX,Liga MX,2021/2022,01/08/2021,18:00,Toluca,Tigres UANL,3,1,H,2.12,3.54,3.65,2.2,3.54,3.84,2.09,3.35,3.4,,,,,,,16,19,8,5,14,12,6,8
MEX,Liga MX,2021/2022,02/08/2021,00:00,Santos Laguna,Cruz Azul,1,1,D,2.17,3.33,3.74,2.18,3.38,3.81,2.1,3.19,3.55,,,,,,,9,4,3,2,13,13,5,0
MEX,Liga MX,2021/2022,03/08/2021,03:00,Atl. San Luis,Queretaro,1,1,D,2.36,3.15,3.49,2.38,3.25,3.5,2.28,3.03,3.31,,,,,,,16,9,3,2,15,7,5,6
MEX,Liga MX,2021/2022,06/08/2021,03:05,Queretaro,Club Leon,0,1,A,3.68,3.45,2.14,3.9,3.5,2.25,3.4,3.31,2.12,,,,,,,11,16,3,2,11,13,4,4
MEX,Liga MX,2021/2022,07/08/2021,01:00,Mazatlan FC,Monterrey,1,1,D,3.61,3.31,2.23,3.64,3.55,2.23,3.39,3.28,2.14,,,,,,,9,7,2,2,15,12,2,4
MEX,Liga MX,2021/2022,07/08/2021,03:05,Necaxa,Cruz Azul,1,2,A,3.27,3.21,2.44,3.32,3.21,2.45,3.09,3.07,2.38,,,,,,,16,6,4,3,12,13,4,6
MEX,Liga MX,2021/2022,07/08/2021,03:06,Club Tijuana,Toluca,0,2,A,2,3.65,3.92,2.25,3.65,3.93,1.98,3.45,3.66,,,,,,,14,9,3,6,17,21,7,3
MEX,Liga MX,2021/2022,07/08/2021,23:00,Guadalajara Chivas,Juarez,2,2,D,1.85,3.34,5.29,1.88,3.6,5.5,1.78,3.32,4.91,,,,,,,18,8,5,2,11,8,8,3
MEX,Liga MX,2021/2022,08/08/2021,01:00,Club America,Puebla,2,0,H,1.91,3.51,4.52,1.93,3.6,4.61,1.86,3.36,4.31,,,,,,,11,12,5,3,14,15,3,5
MEX,Liga MX,2021/2022,08/08/2021,03:00,Tigres UANL,Santos Laguna,1,1,D,2.19,3.28,3.75,2.25,3.36,3.75,2.13,3.16,3.54,,,,,,,12,13,3,5,15,14,4,7
MEX,Liga MX,2021/2022,08/08/2021,18:00,UNAM Pumas,Atl. San Luis,1,3,A,2.41,3.31,3.22,2.44,3.4,3.25,2.33,3.15,3.1,,,,,,,11,9,3,6,15,13,5,1
MEX,Liga MX,2021/2022,10/08/2021,03:00,Pachuca,Atlas,0,1,A,2.61,2.9,3.35,2.73,3.3,3.35,2.57,2.9,3,,,,,,,14,12,5,5,11,10,4,6
MEX,Liga MX,2021/2022,13/08/2021,03:00,Atl. San Luis,Necaxa,0,2,A,2.89,3.32,2.64,3,3.51,2.65,2.75,3.23,2.52,,,,,,,16,12,4,4,9,18,8,1
MEX,Liga MX,2021/2022,14/08/2021,01:00,Puebla,Tigres UANL,1,1,D,2.56,3.19,3.09,2.58,3.21,3.15,2.45,3.09,2.97,,,,,,,14,13,6,4,10,11,9,3
MEX,Liga MX,2021/2022,14/08/2021,03:00,Juarez,Club Tijuana,1,1,D,2.88,3.27,2.67,2.92,3.29,2.72,2.76,3.1,2.61,,,,,,,18,8,5,2,12,17,3,4
MEX,Liga MX,2021/2022,14/08/2021,23:00,UNAM Pumas,Queretaro,0,0,D,2.77,3.12,2.89,2.78,3.22,2.89,2.67,3.02,2.75,,,,,,,16,11,3,3,12,8,2,6
MEX,Liga MX,2021/2022,15/08/2021,01:00,Club Leon,Mazatlan FC,3,0,H,1.6,4,6.46,1.66,4.25,6.5,1.59,3.91,5.56,,,,,,,9,7,5,2,12,11,4,3
MEX,Liga MX,2021/2022,15/08/2021,03:00,Cruz Azul,Toluca,4,0,H,2.06,3.28,4.21,2.12,3.48,4.4,2.01,3.18,3.91,,,,,,,10,14,5,5,17,8,1,4
MEX,Liga MX,2021/2022,15/08/2021,03:06,Monterrey,Pachuca,3,1,H,1.85,3.56,4.8,1.87,3.8,4.85,1.81,3.44,4.39,,,,,,,8,13,6,3,14,8,0,6
MEX,Liga MX,2021/2022,15/08/2021,23:00,Atlas,Club America,0,1,A,2.36,3.23,3.39,2.58,3.23,3.5,2.39,3,3.15,,,,,,,7,10,2,4,15,9,1,4
MEX,Liga MX,2021/2022,16/08/2021,01:06,Santos Laguna,Guadalajara Chivas,0,0,D,2.09,3.32,4.02,2.14,3.47,4.08,2.05,3.25,3.64,,,,,,,9,15,1,6,13,21,4,3
MEX,Liga MX,2021/2022,17/08/2021,23:00,Toluca,Mazatlan FC,2,2,D,1.72,3.98,5.03,1.73,4,5.03,1.69,3.8,4.71,,,,,,,11,6,4,2,12,15,9,3
MEX,Liga MX,2021/2022,18/08/2021,01:00,Tigres UANL,Queretaro,3,0,H,1.81,3.59,5.07,1.82,3.6,5.23,1.77,3.43,4.74,,,,,,,12,7,4,1,19,12,2,6
MEX,Liga MX,2021/2022,18/08/2021,03:00,Necaxa,UNAM Pumas,3,0,H,1.82,3.75,4.69,1.88,3.75,4.82,1.8,3.58,4.3,,,,,,,15,12,7,4,8,4,3,8
MEX,Liga MX,2021/2022,18/08/2021,03:06,Club Tijuana,Puebla,1,1,D,2.02,3.48,4.06,2.07,3.5,4.21,1.99,3.32,3.8,,,,,,,20,8,5,2,18,21,10,1
MEX,Liga MX,2021/2022,19/08/2021,01:00,Cruz Azul,Monterrey,1,1,D,2.27,3.28,3.55,2.28,3.3,3.67,2.2,3.15,3.36,,,,,,,6,12,3,5,14,9,2,10
MEX,Liga MX,2021/2022,19/08/2021,01:00,Santos Laguna,Atlas,1,1,D,2.67,3.03,3.1,2.67,3.18,3.2,2.54,2.97,2.96,,,,,,,13,11,4,2,13,13,4,5
MEX,Liga MX,2021/2022,19/08/2021,03:00,Guadalajara Chivas,Club Leon,0,3,A,2.74,3.37,2.74,2.74,3.51,2.77,2.6,3.26,2.64,,,,,,,17,12,4,4,13,15,12,5
MEX,Liga MX,2021/2022,19/08/2021,03:00,Juarez,Club America,1,2,A,4.31,3.37,2,4.31,3.43,2.05,3.99,3.28,1.95,,,,,,,8,16,2,6,14,13,1,5
MEX,Liga MX,2021/2022,21/08/2021,03:00,Mazatlan FC,Tigres UANL,0,3,A,3.26,3.27,2.41,3.26,3.4,2.43,3.08,3.15,2.35,,,,,,,6,16,0,5,7,12,3,2
MEX,Liga MX,2021/2022,21/08/2021,23:00,Atlas,Toluca,0,0,D,1.75,3.8,5.1,1.8,3.8,5.2,1.73,3.55,4.78,,,,,,,12,14,3,1,9,9,8,2
MEX,Liga MX,2021/2022,22/08/2021,01:00,Club Leon,Santos Laguna,1,1,D,1.97,3.57,4.13,2,3.66,4.13,1.94,3.44,3.8,,,,,,,16,12,4,3,17,17,5,6
MEX,Liga MX,2021/2022,22/08/2021,03:00,Atl. San Luis,Cruz Azul,0,0,D,3.7,3.12,2.29,3.7,3.45,2.31,3.41,3.09,2.21,,,,,,,12,7,2,3,18,10,4,2
MEX,Liga MX,2021/2022,22/08/2021,03:36,Monterrey,Guadalajara Chivas,0,0,D,1.58,4.09,6.42,1.64,4.1,6.5,1.57,3.86,5.86,,,,,,,8,12,0,4,12,16,4,4
MEX,Liga MX,2021/2022,22/08/2021,18:00,UNAM Pumas,Puebla,2,0,H,3.04,3.14,2.63,3.2,3.17,2.63,2.92,3.03,2.52,,,,,,,22,13,7,2,13,12,8,4
MEX,Liga MX,2021/2022,22/08/2021,23:00,Club America,Club Tijuana,2,0,H,1.43,4.96,7.51,1.5,4.96,8,1.43,4.47,6.94,,,,,,,13,4,4,1,7,14,3,2
MEX,Liga MX,2021/2022,23/08/2021,01:00,Necaxa,Juarez,1,0,H,1.71,3.86,5.33,1.77,3.86,5.5,1.7,3.64,4.88,,,,,,,9,11,4,2,13,7,2,3
MEX,Liga MX,2021/2022,23/08/2021,03:00,Queretaro,Pachuca,0,2,A,3.56,3.2,2.3,3.61,3.35,2.3,3.37,3.1,2.22,,,,,,,16,12,1,5,12,15,4,2
MEX,Liga MX,2021/2022,28/08/2021,01:00,Mazatlan FC,Atl. San Luis,2,2,D,2.43,3.15,3.34,2.45,3.4,3.34,2.37,3.06,3.15,,,,,,,4,11,3,7,13,18,2,6
MEX,Liga MX,2021/2022,28/08/2021,03:00,Puebla,Queretaro,1,0,H,2.22,3.26,3.7,2.25,3.4,3.7,2.17,3.13,3.49,,,,,,,9,10,4,2,16,12,6,4
MEX,Liga MX,2021/2022,28/08/2021,03:06,Club Tijuana,Monterrey,2,2,D,4.15,3.51,1.99,4.33,3.51,2.05,3.97,3.28,1.96,,,,,,,16,11,6,3,15,9,12,1
MEX,Liga MX,2021/2022,28/08/2021,23:00,Guadalajara Chivas,Necaxa,2,1,H,2.04,3.34,4.19,2.12,3.4,4.19,2.01,3.25,3.82,,,,,,,16,10,6,4,12,7,6,2
MEX,Liga MX,2021/2022,29/08/2021,01:00,Tigres UANL,Atlas,1,1,D,2.6,3.03,3.19,2.64,3.12,3.19,2.48,2.96,3.06,,,,,,,14,12,4,4,14,8,4,1
MEX,Liga MX,2021/2022,29/08/2021,03:00,Club Leon,Club America,1,1,D,2.6,3.28,2.96,2.6,3.58,2.96,2.47,3.26,2.81,,,,,,,11,6,3,2,22,16,7,3
MEX,Liga MX,2021/2022,29/08/2021,18:00,Toluca,UNAM Pumas,2,1,H,1.83,3.8,4.52,1.85,3.88,4.75,1.78,3.65,4.32,,,,,,,21,9,6,4,7,13,5,2
MEX,Liga MX,2021/2022,30/08/2021,00:00,Santos Laguna,Juarez,2,0,H,1.5,4.51,6.99,1.51,4.51,8,1.45,4.34,6.75,,,,,,,17,5,7,0,17,13,4,3
MEX,Liga MX,2021/2022,30/08/2021,02:00,Cruz Azul,Pachuca,1,1,D,2.4,3.11,3.44,2.45,3.35,3.94,2.35,3.06,3.17,,,,,,,14,9,4,2,11,11,3,3
MEX,Liga MX,2021/2022,11/09/2021,01:00,Puebla,Atl. San Luis,2,2,D,2.64,3.15,3.03,2.64,3.22,3.78,2.49,3.05,2.96,,,,,,,8,6,4,4,14,18,6,8
MEX,Liga MX,2021/2022,11/09/2021,03:00,Juarez,Cruz Azul,2,1,H,3.22,3.02,2.6,4.35,3.36,2.64,3.17,2.9,2.46,,,,,,,9,14,4,1,7,12,2,3
MEX,Liga MX,2021/2022,11/09/2021,03:06,Club Tijuana,Santos Laguna,2,1,H,2.28,3.45,3.34,3.02,3.5,3.4,2.29,3.32,3.04,,,,,,,22,17,6,5,20,13,5,14
MEX,Liga MX,2021/2022,11/09/2021,23:00,Atlas,Monterrey,2,1,H,1.94,3.45,4.42,2.92,3.45,4.55,1.99,3.21,4.06,,,,,,,14,4,4,2,17,16,3,2
MEX,Liga MX,2021/2022,12/09/2021,01:00,Tigres UANL,Club Leon,2,2,D,2.19,3.51,3.49,2.23,3.62,3.5,2.13,3.39,3.28,,,,,,,9,13,4,6,11,14,9,2
MEX,Liga MX,2021/2022,12/09/2021,03:00,Club America,Mazatlan FC,2,0,H,1.56,3.98,7.31,1.56,4.68,8,1.5,3.96,6.73,,,,,,,21,0,9,0,15,12,7,0
MEX,Liga MX,2021/2022,12/09/2021,23:00,UNAM Pumas,Guadalajara Chivas,0,0,D,4.13,3.13,2.14,4.15,3.29,2.2,3.79,3.07,2.09,,,,,,,10,10,3,2,15,12,4,4
MEX,Liga MX,2021/2022,13/09/2021,01:00,Queretaro,Necaxa,3,0,H,3,3.01,2.77,3,3.1,2.83,2.84,2.92,2.67,,,,,,,7,13,2,3,17,11,1,6
MEX,Liga MX,2021/2022,14/09/2021,03:00,Pachuca,Toluca,1,2,A,1.89,3.62,4.45,1.95,3.71,4.47,1.85,3.51,4.15,,,,,,,14,13,4,3,9,6,6,3
MEX,Liga MX,2021/2022,17/09/2021,01:00,Atl. San Luis,Club Tijuana,4,1,H,2.18,3.14,3.99,2.18,3.35,3.99,2.1,3.12,3.69,,,,,,,14,13,6,5,18,11,6,3
MEX,Liga MX,2021/2022,18/09/2021,03:00,Necaxa,Atlas,0,3,A,3.21,2.93,2.67,3.21,3.07,2.67,3.04,2.86,2.55,,,,,,,13,9,5,4,12,16,7,8
MEX,Liga MX,2021/2022,18/09/2021,23:00,Club Leon,Juarez,0,1,A,1.45,4.6,7.91,1.46,5,8.26,1.4,4.57,7.56,,,,,,,14,10,3,5,8,10,8,4
MEX,Liga MX,2021/2022,19/09/2021,01:00,Toluca,Club America,3,1,H,3.54,3.52,2.17,3.6,3.53,2.41,3.3,3.31,2.16,,,,,,,11,17,4,7,14,17,4,5
MEX,Liga MX,2021/2022,19/09/2021,03:00,Guadalajara Chivas,Pachuca,1,0,H,3.07,3,2.71,3.07,3.09,3.01,2.87,2.91,2.67,,,,,,,9,15,2,4,12,11,1,8
MEX,Liga MX,2021/2022,19/09/2021,03:00,Mazatlan FC,UNAM Pumas,2,2,D,2.06,3.26,4.21,2.18,3.28,4.33,2.02,3.13,3.96,,,,,,,8,20,2,6,3,7,1,7
MEX,Liga MX,2021/2022,20/09/2021,01:00,Cruz Azul,Queretaro,2,0,H,1.59,3.91,6.79,1.62,3.94,7,1.57,3.75,6.18,,,,,,,13,13,3,3,16,16,5,5
MEX,Liga MX,2021/2022,20/09/2021,01:06,Monterrey,Tigres UANL,2,0,H,2.31,3.11,3.67,2.33,3.25,3.67,2.22,3.09,3.38,,,,,,,16,20,7,6,15,18,2,10
MEX,Liga MX,2021/2022,20/09/2021,03:06,Santos Laguna,Puebla,1,1,D,1.6,4.31,5.8,1.69,4.33,5.86,1.58,3.99,5.44,,,,,,,14,15,4,3,12,20,11,3
MEX,Liga MX,2021/2022,22/09/2021,03:00,Juarez,Atl. San Luis,1,0,H,3.31,3.05,2.51,3.32,3.19,2.72,3.1,2.96,2.45,,,,,,,4,16,1,3,5,14,0,3
MEX,Liga MX,2021/2022,23/09/2021,01:06,Monterrey,Toluca,2,0,H,1.5,4.52,7.01,1.65,4.67,7.12,1.48,4.3,6.25,,,,,,,16,12,5,6,16,16,6,4
MEX,Liga MX,2021/2022,24/09/2021,03:00,Pachuca,Necaxa,1,0,H,1.76,3.54,5.55,1.87,3.63,5.58,1.72,3.43,5.13,,,,,,,11,10,3,4,9,18,3,8
MEX,Liga MX,2021/2022,25/09/2021,02:00,Puebla,Cruz Azul,1,1,D,3.71,3.05,2.32,3.76,3.2,2.34,3.47,3,2.24,,,,,,,20,15,5,3,13,3,4,6
MEX,Liga MX,2021/2022,25/09/2021,03:06,Club Tijuana,Mazatlan FC,0,0,D,1.64,4.03,5.76,1.74,4.03,6.04,1.65,3.75,5.11,,,,,,,13,9,3,1,12,12,2,3
MEX,Liga MX,2021/2022,25/09/2021,23:00,Atlas,Club Leon,2,0,H,2.41,3.22,3.3,2.42,3.39,3.5,2.29,3.18,3.15,,,,,,,10,8,6,0,16,10,2,10
MEX,Liga MX,2021/2022,26/09/2021,01:00,Tigres UANL,UNAM Pumas,0,0,D,1.43,4.68,8.25,1.45,5,9.2,1.41,4.47,7.49,,,,,,,17,17,3,4,7,13,5,4
MEX,Liga MX,2021/2022,26/09/2021,03:00,Club America,Guadalajara Chivas,0,0,D,1.66,3.72,6.3,1.71,3.76,6.55,1.64,3.5,5.8,,,,,,,18,6,7,3,5,16,9,3
MEX,Liga MX,2021/2022,26/09/2021,18:00,Toluca,Atl. San Luis,1,2,A,2.25,3.41,3.45,2.27,3.62,3.49,2.18,3.35,3.21,,,,,,,20,14,3,5,15,14,5,4
MEX,Liga MX,2021/2022,27/09/2021,01:06,Santos Laguna,Monterrey,1,2,A,3.03,3.15,2.64,3.03,3.36,2.66,2.84,3.09,2.55,,,,,,,14,13,4,6,14,13,9,2
MEX,Liga MX,2021/2022,28/09/2021,23:00,Necaxa,Club Tijuana,3,0,H,1.94,3.48,4.42,1.97,3.54,4.43,1.9,3.37,4.08,,,,,,,21,9,7,1,16,12,4,1
MEX,Liga MX,2021/2022,29/09/2021,01:00,Mazatlan FC,Juarez,3,1,H,2.46,3.02,3.45,2.5,3.1,3.46,2.39,2.94,3.22,,,,,,,4,11,2,3,16,15,0,1
MEX,Liga MX,2021/2022,29/09/2021,03:00,Atlas,Puebla,0,1,A,1.7,3.55,6.12,1.75,3.58,6.2,1.66,3.45,5.64,,,,,,,17,11,4,2,10,16,6,2
MEX,Liga MX,2021/2022,29/09/2021,03:05,Pachuca,Club America,1,1,D,3.07,3.18,2.58,3.07,3.28,2.7,2.89,3.06,2.52,,,,,,,9,18,3,3,15,8,3,4
MEX,Liga MX,2021/2022,29/09/2021,23:00,Atl. San Luis,Tigres UANL,0,3,A,2.51,3.3,3.07,2.52,3.45,3.2,2.4,3.18,2.97,,,,,,,,,,,,,,
MEX,Liga MX,2021/2022,30/09/2021,03:15,Queretaro,Guadalajara Chivas,1,0,H,3.44,3.22,2.35,3.5,3.22,2.4,3.26,3.06,2.3,,,,,,,13,20,4,10,14,13,2,4
MEX,Liga MX,2021/2022,02/10/2021,01:00,Puebla,Pachuca,1,2,A,3.15,3.29,2.46,3.28,3.29,2.52,3.03,3.13,2.39,,,,,,,17,8,5,2,16,11,5,0
MEX,Liga MX,2021/2022,02/10/2021,03:00,Juarez,Monterrey,3,1,H,4.54,3.28,1.98,4.58,3.42,2.01,4.19,3.21,1.93,,,,,,,8,17,4,4,5,13,2,5
MEX,Liga MX,2021/2022,02/10/2021,23:00,Club Leon,Atl. San Luis,0,0,D,1.68,3.94,5.44,1.7,3.96,5.5,1.66,3.76,5.02,,,,,,,14,8,3,3,9,16,5,4
MEX,Liga MX,2021/2022,03/10/2021,01:06,Santos Laguna,Mazatlan FC,1,0,H,1.44,4.83,7.69,1.53,4.83,7.69,1.45,4.36,6.81,,,,,,,13,9,3,0,12,23,6,2
MEX,Liga MX,2021/2022,03/10/2021,03:00,Guadalajara Chivas,Atlas,0,1,A,3.01,2.87,2.88,3.08,2.99,2.91,2.9,2.8,2.74,,,,,,,6,16,1,3,7,18,4,11
MEX,Liga MX,2021/2022,03/10/2021,18:00,Toluca,Queretaro,1,1,D,1.79,3.77,4.82,1.81,3.8,5,1.76,3.61,4.52,,,,,,,19,14,3,4,13,14,4,6
MEX,Liga MX,2021/2022,03/10/2021,23:00,Club America,UNAM Pumas,2,0,H,1.59,3.8,7.17,1.61,3.95,7.18,1.57,3.69,6.38,,,,,,,16,10,7,4,9,15,2,4
MEX,Liga MX,2021/2022,04/10/2021,01:00,Tigres UANL,Necaxa,0,0,D,1.93,3.35,4.68,1.99,3.4,4.68,1.9,3.27,4.23,,,,,,,,,,,,,,
MEX,Liga MX,2021/2022,04/10/2021,03:06,Club Tijuana,Cruz Azul,0,1,A,2.95,3.13,2.71,2.97,3.22,2.71,2.8,3.05,2.61,,,,,,,11,10,3,3,13,11,7,2
MEX,Liga MX,2021/2022,09/10/2021,01:00,Juarez,Queretaro,0,0,D,2.23,3.01,4.04,2.25,3.16,4.11,2.18,2.96,3.7,,,,,,,22,3,2,3,19,10,10,2
MEX,Liga MX,2021/2022,15/10/2021,02:00,Queretaro,Club Tijuana,1,1,D,2.4,3.26,3.28,2.42,3.32,3.28,2.34,3.12,3.13,,,,,,,19,7,3,2,8,20,6,4
MEX,Liga MX,2021/2022,16/10/2021,01:00,Necaxa,Puebla,0,1,A,2.09,3.29,4.04,2.15,3.45,4.07,2.04,3.23,3.73,,,,,,,14,15,3,6,19,8,4,4
MEX,Liga MX,2021/2022,16/10/2021,03:00,Mazatlan FC,Atlas,1,0,H,4.3,3.1,2.11,4.3,3.25,2.17,3.85,3.03,2.08,,,,,,,10,19,4,4,13,7,1,8
MEX,Liga MX,2021/2022,16/10/2021,23:00,Monterrey,Club Leon,0,1,A,1.9,3.78,4.18,1.97,3.78,4.26,1.89,3.52,3.87,,,,,,,20,5,6,2,13,13,6,0
MEX,Liga MX,2021/2022,17/10/2021,01:00,Atl. San Luis,Club America,0,1,A,3.24,3.14,2.5,3.3,3.29,2.5,3.1,3.09,2.36,,,,,,,5,11,2,4,14,15,3,3
MEX,Liga MX,2021/2022,17/10/2021,01:05,Pachuca,Santos Laguna,1,1,D,1.99,3.42,4.25,2.05,3.58,4.35,1.96,3.3,3.9,,,,,,,18,22,4,3,13,11,2,9
MEX,Liga MX,2021/2022,17/10/2021,03:00,Cruz Azul,Tigres UANL,1,1,D,1.97,3.37,4.47,2,3.4,4.47,1.94,3.23,4.1,,,,,,,,,,,,,,
MEX,Liga MX,2021/2022,17/10/2021,18:00,UNAM Pumas,Juarez,1,0,H,2.12,3.31,3.93,2.17,3.32,3.98,2.08,3.15,3.68,,,,,,,15,6,4,2,12,8,4,3
MEX,Liga MX,2021/2022,17/10/2021,23:00,Guadalajara Chivas,Toluca,2,0,H,2.18,3.44,3.59,2.22,3.5,3.61,2.14,3.26,3.4,,,,,,,14,8,6,1,18,13,2,4
MEX,Liga MX,2021/2022,19/10/2021,23:00,Queretaro,Monterrey,1,0,H,4.42,3.39,1.97,4.43,3.53,2.01,4.02,3.28,1.94,,,,,,,11,15,3,8,14,14,1,12
MEX,Liga MX,2021/2022,20/10/2021,01:00,Puebla,Mazatlan FC,2,0,H,1.56,4.15,6.78,1.63,4.15,6.88,1.56,3.8,6.08,,,,,,,23,4,7,0,16,12,5,1
MEX,Liga MX,2021/2022,20/10/2021,01:05,Club America,Santos Laguna,2,1,H,1.75,3.73,5.29,1.76,3.75,5.29,1.71,3.56,4.91,,,,,,,10,10,5,2,21,11,4,3
MEX,Liga MX,2021/2022,20/10/2021,03:05,Atlas,Cruz Azul,0,0,D,2.83,2.95,2.98,2.86,3.09,3,2.69,2.88,2.86,,,,,,,6,10,3,2,12,21,4,5
MEX,Liga MX,2021/2022,21/10/2021,01:00,Club Leon,UNAM Pumas,1,2,A,1.61,3.93,6.45,1.64,4.1,6.45,1.58,3.84,5.71,,,,,,,16,7,6,2,5,14,6,0
MEX,Liga MX,2021/2022,21/10/2021,01:00,Toluca,Necaxa,1,1,D,2.12,3.64,3.54,2.13,3.68,3.6,2.02,3.52,3.45,,,,,,,11,16,3,4,8,20,4,5
MEX,Liga MX,2021/2022,21/10/2021,03:00,Tigres UANL,Pachuca,3,0,H,1.73,3.83,5.23,1.79,3.85,5.24,1.73,3.61,4.73,,,,,,,,,,,,,,
MEX,Liga MX,2021/2022,21/10/2021,03:06,Club Tijuana,Guadalajara Chivas,0,0,D,2.48,3.08,3.34,2.53,3.22,3.34,2.44,3.02,3.06,,,,,,,9,11,3,6,19,12,5,6
MEX,Liga MX,2021/2022,23/10/2021,03:00,Mazatlan FC,Queretaro,2,1,H,2.75,2.94,3.1,2.75,3.1,3.16,2.61,2.84,3,,,,,,,9,14,4,1,15,15,4,6
MEX,Liga MX,2021/2022,23/10/2021,23:00,Puebla,Club Leon,0,1,A,3,3.43,2.48,3.07,3.43,2.5,2.91,3.21,2.41,,,,,,,8,9,4,2,25,10,3,6
MEX,Liga MX,2021/2022,23/10/2021,23:06,Monterrey,Necaxa,0,1,A,1.68,3.94,5.49,1.76,3.95,5.5,1.68,3.69,4.99,,,,,,,11,14,1,3,20,14,3,5
MEX,Liga MX,2021/2022,24/10/2021,01:00,Club America,Tigres UANL,1,0,H,2.17,3.18,3.97,2.19,3.33,4,2.08,3.12,3.73,,,,,,,,,,,,,,
MEX,Liga MX,2021/2022,24/10/2021,03:00,Guadalajara Chivas,Cruz Azul,1,1,D,3.32,2.98,2.56,3.36,3.04,2.59,3.15,2.89,2.47,,,,,,,7,5,3,2,16,12,7,2
MEX,Liga MX,2021/2022,24/10/2021,18:00,UNAM Pumas,Club Tijuana,3,1,H,1.81,3.58,5.03,1.93,3.7,5.03,1.81,3.45,4.41,,,,,,,16,12,3,5,17,11,7,4
MEX,Liga MX,2021/2022,25/10/2021,01:00,Atl. San Luis,Atlas,2,6,A,3.3,2.94,2.6,3.34,3.06,2.63,3.07,2.86,2.54,,,,,,,11,24,6,8,10,13,5,8
MEX,Liga MX,2021/2022,25/10/2021,01:06,Santos Laguna,Toluca,2,2,D,1.61,4.43,5.46,1.67,4.43,5.8,1.6,4.12,5.04,,,,,,,23,12,8,7,10,15,9,3
MEX,Liga MX,2021/2022,25/10/2021,03:00,Pachuca,Juarez,1,1,D,1.55,4.03,7.25,1.59,4.05,7.28,1.53,3.84,6.45,,,,,,,26,11,5,4,12,14,10,3
MEX,Liga MX,2021/2022,29/10/2021,01:00,Atlas,Club Tijuana,0,2,A,1.48,4.35,7.93,1.51,4.35,7.97,1.46,4.09,6.97,,,,,,,15,11,2,4,10,16,10,3
MEX,Liga MX,2021/2022,30/10/2021,01:00,Necaxa,Mazatlan FC,2,1,H,1.71,3.65,5.76,1.73,3.8,6,1.66,3.56,5.37,,,,,,,23,10,7,6,18,8,12,0
MEX,Liga MX,2021/2022,30/10/2021,03:00,Juarez,Puebla,0,2,A,2.45,3.02,3.46,2.48,3.17,3.49,2.39,2.93,3.22,,,,,,,7,12,2,6,10,14,1,8
MEX,Liga MX,2021/2022,30/10/2021,23:00,Queretaro,Santos Laguna,2,3,A,3.19,3.26,2.45,3.22,3.34,2.5,3.02,3.11,2.4,,,,,,,18,16,5,8,18,19,7,8
MEX,Liga MX,2021/2022,31/10/2021,01:06,Pachuca,UNAM Pumas,1,1,D,1.84,3.61,4.76,1.85,3.65,4.89,1.8,3.45,4.4,,,,,,,18,8,4,4,11,14,9,4
MEX,Liga MX,2021/2022,31/10/2021,02:10,Tigres UANL,Guadalajara Chivas,2,1,H,1.85,3.28,5.43,1.89,3.42,5.5,1.8,3.21,4.92,,,,,,,,,,,,,,
MEX,Liga MX,2021/2022,31/10/2021,18:00,Toluca,Club Leon,0,0,D,3.03,3.44,2.46,3.05,3.68,2.47,2.88,3.36,2.35,,,,,,,7,11,1,4,11,5,4,5
MEX,Liga MX,2021/2022,31/10/2021,23:05,Cruz Azul,Club America,2,1,H,2.26,3.05,3.89,2.4,3.05,3.98,2.21,2.89,3.67,,,,,,,9,6,4,2,12,15,5,3
MEX,Liga MX,2021/2022,01/11/2021,01:05,Atl. San Luis,Monterrey,1,1,D,3.57,3.36,2.22,3.66,3.39,2.23,3.36,3.21,2.17,,,,,,,10,9,1,5,11,11,2,2
MEX,Liga MX,2021/2022,04/11/2021,01:00,Pachuca,Atl. San Luis,0,0,D,1.65,3.86,6.1,1.65,3.86,6.17,1.61,3.65,5.74,,,,,,,25,19,6,6,6,4,11,4
MEX,Liga MX,2021/2022,04/11/2021,03:00,Cruz Azul,Club Leon,0,1,A,2.19,3.09,4.01,2.23,3.21,4.03,2.15,2.98,3.75,,,,,,,14,6,5,1,14,12,8,4
MEX,Liga MX,2021/2022,05/11/2021,01:00,UNAM Pumas,Santos Laguna,0,3,A,2.46,3.35,3.09,2.49,3.48,3.1,2.37,3.24,2.95,,,,,,,18,13,5,5,11,14,8,3
MEX,Liga MX,2021/2022,05/11/2021,03:00,Atlas,Queretaro,2,0,H,1.66,3.76,6.12,1.66,4.04,6.21,1.61,3.72,5.58,,,,,,,19,8,6,0,10,10,3,3
MEX,Liga MX,2021/2022,06/11/2021,01:00,Puebla,Toluca,1,0,H,2.19,3.28,3.76,2.2,3.53,3.76,2.11,3.25,3.48,,,,,,,13,11,1,3,17,8,6,2
MEX,Liga MX,2021/2022,06/11/2021,03:00,Mazatlan FC,Guadalajara Chivas,0,1,A,3.57,2.85,2.52,3.64,2.92,2.52,3.37,2.75,2.44,,,,,,,11,10,4,3,16,13,3,2
MEX,Liga MX,2021/2022,06/11/2021,23:00,Club Leon,Necaxa,3,0,H,1.93,3.45,4.48,1.96,3.7,4.5,1.88,3.36,4.19,,,,,,,7,17,4,3,6,12,2,8
MEX,Liga MX,2021/2022,07/11/2021,01:00,Club America,Monterrey,0,0,D,2.44,3.2,3.28,2.44,3.39,3.35,2.33,3.11,3.13,,,,,,,13,8,3,2,11,8,5,6
MEX,Liga MX,2021/2022,07/11/2021,03:00,Tigres UANL,Juarez,3,0,H,1.43,4.55,8.8,1.47,4.75,8.85,1.42,4.33,7.59,,,,,,,,,,,,,,
MEX,Liga MX,2021/2022,07/11/2021,03:06,Club Tijuana,Pachuca,3,2,H,2.78,3.28,2.76,2.85,3.39,2.76,2.72,3.15,2.6,,,,,,,13,24,5,6,8,7,2,7
MEX,Liga MX,2021/2022,07/11/2021,23:00,UNAM Pumas,Cruz Azul,4,3,H,2.87,3.14,2.77,2.95,3.27,2.8,2.8,3.05,2.61,,,,,,,19,14,8,6,10,15,8,5
MEX,Liga MX,2021/2022,08/11/2021,01:06,Santos Laguna,Atl. San Luis,0,0,D,2.17,3.01,4.27,2.2,3.48,4.27,2.07,3.18,3.68,,,,,,,20,6,3,0,7,9,12,1
MEX,Liga MX,2021/2022,21/11/2021,01:00,Santos Laguna,Atl. San Luis,2,0,H,1.74,3.82,5.33,1.78,3.82,5.5,1.71,3.58,4.91,,,,,,,24,11,8,2,5,16,7,2
MEX,Liga MX,2021/2022,21/11/2021,03:00,Puebla,Guadalajara Chivas,2,2,D,2.77,2.79,3.25,2.8,3.01,3.4,2.6,2.75,3.14,,,,,,,17,10,4,4,15,12,5,5
MEX,Liga MX,2021/2022,21/11/2021,23:00,Toluca,UNAM Pumas,1,2,A,2.34,3.2,3.48,2.38,3.43,3.48,2.27,3.15,3.24,,,,,,,12,18,3,7,10,17,2,3
MEX,Liga MX,2021/2022,22/11/2021,01:15,Cruz Azul,Monterrey,1,4,A,2.39,3.01,3.62,2.5,3.15,3.32,2.39,2.98,3.17,,,,,,,18,9,6,5,16,10,10,2
MEX,Liga MX,2021/2022,25/11/2021,01:00,UNAM Pumas,Club America,0,0,D,3.35,2.88,2.62,3.5,3,2.63,3.23,2.83,2.47,,,,,,,,,,,,,,
MEX,Liga MX,2021/2022,25/11/2021,03:05,Monterrey,Atlas,0,0,D,2.07,3.09,4.57,2.09,3.3,4.57,2,3.04,4.2,,,,,,,,,,,,,,
MEX,Liga MX,2021/2022,26/11/2021,01:00,Puebla,Club Leon,2,1,H,2.85,3.04,2.88,2.89,3.05,2.95,2.71,2.92,2.8,,,,,,,11,12,5,1,18,7,1,5
MEX,Liga MX,2021/2022,26/11/2021,03:05,Santos Laguna,Tigres UANL,2,1,H,2.59,2.89,3.38,2.59,3.1,3.5,2.42,2.9,3.23,,,,,,,12,18,4,6,16,15,4,4
MEX,Liga MX,2021/2022,28/11/2021,01:00,Club America,UNAM Pumas,1,3,A,2.03,3.29,4.31,2.08,3.38,4.31,2,3.18,3.97,,,,,,,16,12,3,4,12,12,6,3
MEX,Liga MX,2021/2022,28/11/2021,03:05,Atlas,Monterrey,1,1,D,2.76,3.02,3,2.77,3.13,3.01,2.63,2.94,2.87,,,,,,,8,7,1,2,22,13,4,5
MEX,Liga MX,2021/2022,29/11/2021,00:00,Tigres UANL,Santos Laguna,1,0,H,2.03,3.36,4.2,2.06,3.6,4.28,1.97,3.32,3.87,,,,,,,13,7,2,0,16,9,2,5
MEX,Liga MX,2021/2022,29/11/2021,02:05,Club Leon,Puebla,2,0,H,1.68,3.98,5.4,1.73,3.98,5.78,1.67,3.72,5.03,,,,,,,11,11,5,4,14,22,2,4
MEX,Liga MX,2021/2022,02/12/2021,03:00,Tigres UANL,Club Leon,2,1,H,2.15,3.26,3.91,2.16,3.3,3.77,2.1,3.18,3.52,,,,,,,30,8,10,3,15,15,12,0
MEX,Liga MX,2021/2022,03/12/2021,03:00,UNAM Pumas,Atlas,0,1,A,,,,3.07,2.79,3.1,2.9,2.63,2.89,,,,,,,15,9,3,4,10,13,6,2
MEX,Liga MX,2021/2022,05/12/2021,03:00,Club Leon,Tigres UANL,2,1,H,2.17,3.52,3.52,2.26,3.55,3.52,2.14,3.34,3.33,,,,,,,,,,,,,,
MEX,Liga MX,2021/2022,06/12/2021,01:00,Atlas,UNAM Pumas,0,1,A,2.16,3.13,4.06,2.21,3.32,4.3,2.07,3.08,3.83,,,,,,,17,7,4,2,7,12,5,4
MEX,Liga MX,2021/2022,10/12/2021,03:00,Club Leon,Atlas,3,2,H,2.47,2.83,3.72,2.48,3.05,3.72,2.36,2.81,3.45,,,,,,,12,8,5,3,18,16,2,3
MEX,Liga MX,2021/2022,13/12/2021,02:15,Atlas,Club Leon,1,0,H,2.21,3.14,3.87,2.22,3.38,3.87,2.15,3.12,3.55,,,,,,,20,11,9,2,24,18,5,6
MEX,Liga MX,2021/2022,07/01/2022,03:00,Atl. San Luis,Pachuca,0,2,A,2.8,3.32,2.71,3.25,3.39,2.71,2.76,3.2,2.53,,,,,,,,,,,,,,
MEX,Liga MX,2021/2022,08/01/2022,01:00,Juarez,Necaxa,2,1,H,3.11,2.86,2.81,3.11,3.05,2.81,2.94,2.82,2.67,,,,,,,11,13,4,3,22,16,1,9
MEX,Liga MX,2021/2022,08/01/2022,03:00,Puebla,Club America,1,1,D,2.86,3.01,2.9,2.92,3.15,2.9,2.78,2.95,2.7,,,,,,,24,8,3,3,15,8,12,3
MEX,Liga MX,2021/2022,09/01/2022,01:06,Monterrey,Queretaro,0,0,D,1.5,4.27,7.67,1.5,4.32,7.67,1.47,4.06,6.96,,,,,,,26,8,10,2,10,17,9,1
MEX,Liga MX,2021/2022,09/01/2022,03:00,Cruz Azul,Club Tijuana,2,0,H,1.74,3.38,6.25,1.78,3.55,6.25,1.71,3.34,5.47,,,,,,,8,13,2,3,13,10,4,4
MEX,Liga MX,2021/2022,10/01/2022,00:00,Guadalajara Chivas,Mazatlan FC,3,0,H,1.63,3.73,6.74,1.74,3.73,7,1.61,3.5,6.18,,,,,,,15,12,8,1,17,15,3,4
MEX,Liga MX,2021/2022,11/01/2022,03:00,UNAM Pumas,Toluca,5,0,H,2.34,3.3,3.37,2.34,3.49,3.4,2.24,3.24,3.2,,,,,,,,,,,,,,
MEX,Liga MX,2021/2022,13/01/2022,02:06,Santos Laguna,Tigres UANL,1,1,D,2.49,3.11,3.28,2.49,3.25,3.28,2.39,3.08,3.05,,,,,,,9,20,5,4,11,10,3,4
MEX,Liga MX,2021/2022,15/01/2022,01:00,Queretaro,UNAM Pumas,1,3,A,3.12,3.04,2.65,3.15,3.2,2.65,2.97,3.02,2.5,,,,,,,28,15,3,7,7,7,8,5
MEX,Liga MX,2021/2022,15/01/2022,03:00,Necaxa,Monterrey,0,4,A,3.81,3.21,2.2,3.81,3.3,2.26,3.52,3.15,2.14,,,,,,,5,19,4,7,13,13,5,4
MEX,Liga MX,2021/2022,15/01/2022,23:00,Atlas,Atl. San Luis,1,0,H,1.79,3.37,5.74,1.8,3.5,5.75,1.75,3.27,5.19,,,,,,,13,9,3,3,16,10,7,2
MEX,Liga MX,2021/2022,16/01/2022,01:00,Tigres UANL,Puebla,0,2,A,1.57,3.99,7,1.68,4.05,7,1.56,3.79,6.14,,,,,,,21,9,9,2,15,19,19,1
MEX,Liga MX,2021/2022,16/01/2022,03:00,Cruz Azul,Juarez,1,0,H,1.72,3.43,6.25,1.77,3.75,6.25,1.71,3.3,5.61,,,,,,,12,9,3,2,10,5,6,6
MEX,Liga MX,2021/2022,16/01/2022,03:06,Club Tijuana,Club Leon,1,1,D,2.5,3.49,2.93,3.05,3.5,2.95,2.44,3.33,2.79,,,,,,,21,7,8,3,18,17,3,4
MEX,Liga MX,2021/2022,16/01/2022,18:00,Toluca,Santos Laguna,3,1,H,3.1,3.4,2.43,3.15,3.4,2.7,2.96,3.29,2.35,,,,,,,,,,,,,,
MEX,Liga MX,2021/2022,16/01/2022,23:00,Pachuca,Guadalajara Chivas,2,1,H,2.26,3.28,3.58,2.26,3.36,3.6,2.17,3.19,3.38,,,,,,,15,11,6,2,11,14,4,3
MEX,Liga MX,2021/2022,20/01/2022,03:00,Club Leon,Atlas,1,1,D,2.43,3.01,3.53,2.55,3.05,3.53,2.39,2.94,3.23,,,,,,,8,8,3,4,17,18,5,3
MEX,Liga MX,2021/2022,21/01/2022,03:00,Atl. San Luis,Juarez,0,1,A,2.4,2.91,3.74,2.4,3.1,3.9,2.28,2.89,3.49,,,,,,,13,17,1,4,16,10,5,4
MEX,Liga MX,2021/2022,22/01/2022,03:00,Mazatlan FC,Toluca,1,2,A,2.3,3.22,3.57,2.33,3.3,3.66,2.25,3.07,3.3,,,,,,,,,,,,,,
MEX,Liga MX,2021/2022,22/01/2022,23:00,Guadalajara Chivas,Queretaro,1,1,D,1.98,3.29,4.57,2,3.4,4.57,1.94,3.14,4.19,,,,,,,17,7,9,4,15,22,4,4
MEX,Liga MX,2021/2022,23/01/2022,01:00,Club Leon,Pachuca,2,1,H,2.43,3.48,3.05,2.5,3.48,3.2,2.39,3.26,2.89,,,,,,,12,14,5,8,13,7,7,14
MEX,Liga MX,2021/2022,23/01/2022,03:00,Club America,Atlas,0,2,A,2.45,2.93,3.61,2.47,3.02,3.61,2.36,2.83,3.36,,,,,,,14,4,4,3,14,16,5,0
MEX,Liga MX,2021/2022,23/01/2022,03:06,Monterrey,Cruz Azul,2,2,D,1.89,3.25,5.19,1.9,3.45,5.19,1.84,3.22,4.58,,,,,,,19,7,6,5,18,13,5,1
MEX,Liga MX,2021/2022,23/01/2022,18:00,UNAM Pumas,Tigres UANL,1,2,A,2.87,3.3,2.68,2.9,3.42,2.68,2.77,3.15,2.53,,,,,,,17,16,8,5,19,10,4,4
MEX,Liga MX,2021/2022,24/01/2022,01:00,Santos Laguna,Necaxa,1,4,A,1.68,3.9,5.54,1.73,3.9,5.54,1.67,3.62,5.01,,,,,,,7,18,1,8,10,19,4,4
MEX,Liga MX,2021/2022,29/01/2022,03:00,Puebla,Club Tijuana,3,1,H,2.36,2.99,3.71,2.4,3.15,3.71,2.28,2.96,3.43,,,,,,,12,8,6,1,10,7,6,6
MEX,Liga MX,2021/2022,05/02/2022,23:00,Necaxa,Pachuca,1,3,A,2.88,3.34,2.62,2.92,3.46,2.75,2.77,3.23,2.52,,,,,,,17,11,6,4,18,13,8,3
MEX,Liga MX,2021/2022,06/02/2022,01:00,Club America,Atl. San Luis,2,3,A,1.67,3.73,6.1,1.76,3.8,6.43,1.64,3.59,5.53,,,,,,,13,14,3,9,12,20,8,3
MEX,Liga MX,2021/2022,06/02/2022,03:06,Club Tijuana,UNAM Pumas,1,0,H,2.27,3.53,3.28,2.27,3.55,3.3,2.19,3.38,3.15,,,,,,,27,11,9,2,16,15,4,1
MEX,Liga MX,2021/2022,06/02/2022,22:00,Queretaro,Puebla,0,2,A,2.75,3.15,2.89,2.82,3.17,2.95,2.65,3.01,2.78,,,,,,,17,17,4,5,17,17,4,3
MEX,Liga MX,2021/2022,07/02/2022,00:00,Atlas,Santos Laguna,2,1,H,2.18,3.1,4.05,2.22,3.2,4.05,2.14,3,3.73,,,,,,,9,13,3,5,19,14,2,2
MEX,Liga MX,2021/2022,07/02/2022,02:00,Tigres UANL,Mazatlan FC,4,3,H,1.45,4.38,8.77,1.48,4.45,9,1.44,4.15,7.61,,,,,,,20,16,9,5,16,18,8,5
MEX,Liga MX,2021/2022,08/02/2022,03:05,Club Leon,Cruz Azul,0,1,A,2.66,3.13,3.02,2.66,3.15,3.03,2.56,3.03,2.88,,,,,,,,,,,,,,
MEX,Liga MX,2021/2022,10/02/2022,01:00,Juarez,Guadalajara Chivas,1,3,A,3.03,2.84,2.9,3.05,2.97,2.9,2.9,2.8,2.72,,,,,,,9,12,1,5,17,11,5,3
MEX,Liga MX,2021/2022,12/02/2022,01:00,Mazatlan FC,Club Tijuana,2,0,H,3.12,3.23,2.52,3.12,3.3,2.61,2.96,3.13,2.43,,,,,,,11,10,2,2,19,18,1,4
MEX,Liga MX,2021/2022,12/02/2022,03:00,Puebla,Atlas,1,1,D,3.17,2.84,2.78,3.27,3.05,2.79,3.07,2.78,2.63,,,,,,,17,13,5,3,11,10,5,5
MEX,Liga MX,2021/2022,12/02/2022,23:00,Atl. San Luis,Toluca,0,1,A,2,3.61,3.96,2,3.65,3.96,1.95,3.45,3.76,,,,,,,,,,,,,,
MEX,Liga MX,2021/2022,12/02/2022,23:00,Guadalajara Chivas,Tigres UANL,1,3,A,2.67,3.08,3.04,2.67,3.2,3.05,2.56,3.01,2.89,,,,,,,12,17,4,6,8,12,4,6
MEX,Liga MX,2021/2022,13/02/2022,01:00,Cruz Azul,Necaxa,1,2,A,1.91,3.27,5.02,1.95,3.45,5.5,1.86,3.23,4.56,,,,,,,10,19,2,7,6,14,6,5
MEX,Liga MX,2021/2022,13/02/2022,03:00,Santos Laguna,Club America,2,3,A,2.41,3.25,3.28,2.45,3.28,3.33,2.33,3.13,3.11,,,,,,,15,11,8,3,19,14,5,3
MEX,Liga MX,2021/2022,13/02/2022,18:00,UNAM Pumas,Club Leon,2,1,H,2.43,3.47,3.05,2.43,3.5,3.05,2.36,3.35,2.9,,,,,,,12,13,4,5,10,7,5,5
MEX,Liga MX,2021/2022,15/02/2022,03:00,Pachuca,Queretaro,2,2,D,1.56,4.18,6.45,1.59,4.2,6.5,1.54,3.97,5.91,,,,,,,14,11,6,4,14,13,8,4
MEX,Liga MX,2021/2022,17/02/2022,01:00,Mazatlan FC,Club America,2,1,H,3.37,3.26,2.36,3.37,3.26,2.4,3.14,3.09,2.35,,,,,,,7,10,4,2,19,14,1,6
MEX,Liga MX,2021/2022,19/02/2022,01:00,Puebla,Monterrey,1,0,H,3.03,3.2,2.6,3.15,3.3,2.6,3,3.09,2.45,,,,,,,11,24,6,5,16,8,3,11
MEX,Liga MX,2021/2022,19/02/2022,03:00,Juarez,Santos Laguna,0,0,D,3.27,3.08,2.52,3.28,3.13,2.65,3.09,2.97,2.46,,,,,,,6,11,0,3,15,16,0,8
MEX,Liga MX,2021/2022,19/02/2022,03:06,Club Tijuana,Necaxa,1,1,D,1.76,3.72,5.12,1.91,3.75,5.25,1.79,3.5,4.52,,,,,,,16,9,3,3,16,12,3,5
MEX,Liga MX,2021/2022,19/02/2022,23:00,Queretaro,Mazatlan FC,2,0,H,1.95,3.48,4.34,2.15,3.48,4.34,1.96,3.29,3.95,,,,,,,10,8,3,4,10,13,8,3
MEX,Liga MX,2021/2022,20/02/2022,01:00,Tigres UANL,Atl. San Luis,2,1,H,1.51,4.4,7.11,1.56,4.4,7.5,1.5,4.17,6.34,,,,,,,18,5,4,1,9,11,15,2
MEX,Liga MX,2021/2022,20/02/2022,03:00,Club Leon,Guadalajara Chivas,2,1,H,2.34,3.17,3.49,2.35,3.5,3.49,2.26,3.13,3.28,,,,,,,8,13,3,6,16,10,2,4
MEX,Liga MX,2021/2022,20/02/2022,22:00,Club America,Pachuca,1,3,A,2.46,3.35,3.1,2.51,3.64,3.35,2.39,3.2,3,,,,,,,18,13,5,6,10,13,12,3
MEX,Liga MX,2021/2022,21/02/2022,00:05,Toluca,Cruz Azul,1,4,A,3.24,3.29,2.41,3.24,3.33,2.5,3.05,3.16,2.37,,,,,,,,,,,,,,
MEX,Liga MX,2021/2022,21/02/2022,02:05,Atlas,UNAM Pumas,0,0,D,1.98,3.18,4.76,2,3.36,4.76,1.94,3.12,4.31,,,,,,,9,11,3,5,8,12,2,4
MEX,Liga MX,2021/2022,25/02/2022,01:00,Pachuca,Mazatlan FC,3,1,H,1.46,4.58,7.91,1.46,4.6,8.19,1.42,4.39,7.47,,,,,,,15,8,6,2,22,8,3,1
MEX,Liga MX,2021/2022,25/02/2022,03:05,Queretaro,Toluca,1,1,D,2.31,3.19,3.56,2.31,3.4,3.6,2.22,3.16,3.35,,,,,,,,,,,,,,
MEX,Liga MX,2021/2022,26/02/2022,01:00,Necaxa,Club Leon,0,1,A,2.9,3.2,2.7,2.9,3.34,2.99,2.71,3.11,2.64,,,,,,,16,11,7,3,24,13,7,4
MEX,Liga MX,2021/2022,26/02/2022,03:00,Juarez,Tigres UANL,2,3,A,4.78,3.52,1.86,5,3.52,1.95,4.39,3.32,1.86,,,,,,,9,12,3,6,12,16,3,7
MEX,Liga MX,2021/2022,26/02/2022,03:06,Club Tijuana,Atlas,2,0,H,2.54,3.04,3.28,2.55,3.13,3.28,2.46,2.96,3.1,,,,,,,16,8,8,0,15,12,1,6
MEX,Liga MX,2021/2022,26/02/2022,23:06,Monterrey,Atl. San Luis,0,2,A,1.55,4.21,6.69,1.56,4.3,7.5,1.51,4.04,6.38,,,,,,,19,8,4,4,17,14,11,2
MEX,Liga MX,2021/2022,27/02/2022,01:00,Guadalajara Chivas,Puebla,2,3,A,2.36,3.1,3.56,2.39,3.26,3.58,2.28,3.04,3.33,,,,,,,16,14,6,5,7,15,3,5
MEX,Liga MX,2021/2022,27/02/2022,03:00,UNAM Pumas,Club America,0,0,D,3.02,3.2,2.61,3.03,3.43,2.78,2.79,3.14,2.56,,,,,,,8,8,2,2,15,12,5,5
MEX,Liga MX,2021/2022,28/02/2022,01:00,Cruz Azul,Santos Laguna,1,2,A,2.05,3.2,4.39,2.05,3.34,4.51,1.97,3.13,4.16,,,,,,,23,20,9,4,12,13,12,8
MEX,Liga MX,2021/2022,02/03/2022,01:00,Puebla,Juarez,1,1,D,1.78,3.46,5.58,1.79,3.54,5.58,1.75,3.34,5.06,,,,,,,13,2,3,1,20,14,3,3
MEX,Liga MX,2021/2022,02/03/2022,01:00,Toluca,Club Tijuana,1,2,A,2.31,3.28,3.46,2.35,3.43,3.46,2.28,3.2,3.17,,,,,,,,,,,,,,
MEX,Liga MX,2021/2022,02/03/2022,03:00,Club America,Queretaro,1,1,D,1.81,3.43,5.41,1.87,3.6,5.5,1.78,3.34,4.88,,,,,,,12,7,4,2,11,7,6,7
MEX,Liga MX,2021/2022,02/03/2022,03:00,Club Leon,Monterrey,0,0,D,2.96,3.2,2.65,3,3.32,2.65,2.85,3.11,2.53,,,,,,,15,15,3,5,10,15,4,7
MEX,Liga MX,2021/2022,02/03/2022,03:00,Mazatlan FC,Necaxa,0,0,D,3,3.04,2.74,3,3.18,2.85,2.77,2.96,2.71,,,,,,,9,12,1,5,12,17,4,5
MEX,Liga MX,2021/2022,03/03/2022,01:00,Atlas,Pachuca,0,1,A,3.02,2.96,2.79,3.02,3.13,2.79,2.87,2.89,2.68,,,,,,,13,26,1,5,11,10,5,5
MEX,Liga MX,2021/2022,03/03/2022,01:00,Tigres UANL,Cruz Azul,2,2,D,1.68,3.98,5.4,1.74,3.98,5.7,1.68,3.66,5.06,,,,,,,19,12,8,6,17,10,5,4
MEX,Liga MX,2021/2022,03/03/2022,03:00,Atl. San Luis,Guadalajara Chivas,2,2,D,2.77,2.98,3.06,2.77,3.15,3.06,2.66,2.92,2.87,,,,,,,8,12,4,5,14,14,4,1
MEX,Liga MX,2021/2022,03/03/2022,03:00,Santos Laguna,UNAM Pumas,3,2,H,2.09,3.39,3.93,2.13,3.57,3.95,2.04,3.32,3.64,,,,,,,21,20,4,8,12,9,8,3
MEX,Liga MX,2021/2022,05/03/2022,01:00,Necaxa,Toluca,0,1,A,1.97,3.38,4.44,2,3.43,4.44,1.94,3.24,4.14,,,,,,,,,,,,,,
MEX,Liga MX,2021/2022,05/03/2022,03:00,Juarez,Club Leon,0,1,A,3.47,3.08,2.41,3.49,3.15,2.41,3.32,2.97,2.33,,,,,,,6,14,1,4,9,12,4,4
MEX,Liga MX,2021/2022,05/03/2022,23:00,Queretaro,Atlas,0,3,A,3.06,2.93,2.78,3.06,3.02,2.85,2.9,2.78,2.74,,,,,,,,,,,,,,
MEX,Liga MX,2021/2022,06/03/2022,01:06,Monterrey,Club America,2,1,H,1.83,3.58,4.95,1.95,3.59,5.08,1.82,3.37,4.49,,,,,,,12,12,6,3,12,13,2,5
MEX,Liga MX,2021/2022,06/03/2022,03:00,Cruz Azul,Puebla,1,3,A,2.31,3.04,3.76,2.31,3.19,4,2.2,3,3.57,,,,,,,11,15,5,8,13,20,4,1
MEX,Liga MX,2021/2022,06/03/2022,03:00,Guadalajara Chivas,Santos Laguna,1,0,H,2.54,3.1,3.22,2.55,3.24,3.22,2.43,3.04,3.06,,,,,,,15,8,1,1,19,13,3,4
MEX,Liga MX,2021/2022,12/03/2022,01:00,Necaxa,Queretaro,1,0,H,2.35,2.97,3.55,2.4,3.14,3.65,2.29,2.94,3.43,,,,,,,13,15,5,4,13,4,3,10
MEX,Liga MX,2021/2022,12/03/2022,03:00,Juarez,Atlas,1,2,A,4.01,2.91,2.3,4.01,2.96,2.34,3.78,2.81,2.23,,,,,,,6,17,2,4,16,14,4,6
MEX,Liga MX,2021/2022,12/03/2022,03:06,Monterrey,Mazatlan FC,2,1,H,1.48,4.23,8.36,1.5,4.4,8.5,1.45,4.13,7.35,,,,,,,10,8,5,2,16,11,2,2
MEX,Liga MX,2021/2022,12/03/2022,23:00,Club Leon,Tigres UANL,0,3,A,2.71,3.33,2.79,2.76,3.47,2.79,2.63,3.23,2.64,,,,,,,14,12,4,8,14,15,10,3
MEX,Liga MX,2021/2022,13/03/2022,01:00,Cruz Azul,UNAM Pumas,2,1,H,2.29,3.26,3.51,2.31,3.42,3.8,2.18,3.2,3.38,,,,,,,16,13,7,6,6,9,9,6
MEX,Liga MX,2021/2022,13/03/2022,03:00,Guadalajara Chivas,Club America,0,0,D,2.69,3.04,3.06,2.71,3.17,3.2,2.58,2.95,2.95,,,,,,,14,7,1,2,18,14,7,2
MEX,Liga MX,2021/2022,13/03/2022,18:00,Toluca,Pachuca,0,3,A,4.02,3.72,1.95,4.2,3.75,2.05,3.81,3.58,1.91,,,,,,,,,,,,,,
MEX,Liga MX,2021/2022,13/03/2022,23:00,Atl. San Luis,Puebla,2,1,H,2.78,3.17,2.84,2.8,3.27,2.84,2.67,3.05,2.75,,,,,,,11,22,7,6,7,14,2,11
MEX,Liga MX,2021/2022,14/03/2022,01:00,Santos Laguna,Club Tijuana,4,0,H,2.16,3.38,3.72,2.23,3.43,3.75,2.13,3.21,3.49,,,,,,,12,12,6,2,13,15,3,4
MEX,Liga MX,2021/2022,16/03/2022,03:06,Monterrey,Juarez,3,0,H,1.45,4.34,9.04,1.45,4.56,9.4,1.41,4.26,8.09,,,,,,,25,6,9,2,11,10,14,0
MEX,Liga MX,2021/2022,18/03/2022,03:05,Queretaro,Atl. San Luis,2,1,H,2.94,3.06,2.78,3,3.1,2.8,2.83,2.91,2.69,,,,,,,9,8,2,2,17,12,2,3
MEX,Liga MX,2021/2022,19/03/2022,03:00,Puebla,Santos Laguna,2,2,D,2.27,3.27,3.55,2.35,3.27,3.55,2.23,3.12,3.35,,,,,,,21,14,5,5,12,13,5,3
MEX,Liga MX,2021/2022,19/03/2022,23:00,UNAM Pumas,Necaxa,1,3,A,2.25,3.29,3.58,2.25,3.41,3.6,2.13,3.22,3.47,,,,,,,11,8,6,3,7,15,5,1
MEX,Liga MX,2021/2022,20/03/2022,01:00,Tigres UANL,Monterrey,2,0,H,2.23,3.31,3.59,2.31,3.42,3.59,2.24,3.17,3.29,,,,,,,9,12,6,2,16,10,3,5
MEX,Liga MX,2021/2022,20/03/2022,03:00,Pachuca,Cruz Azul,1,0,H,1.96,3.36,4.53,1.98,3.49,4.53,1.93,3.25,4.16,,,,,,,14,10,5,4,15,20,3,1
MEX,Liga MX,2021/2022,20/03/2022,23:00,Club America,Toluca,3,0,H,1.56,4.19,6.54,1.63,4.23,6.59,1.55,3.96,5.89,,,,,,,,,,,,,,
MEX,Liga MX,2021/2022,21/03/2022,01:00,Atlas,Guadalajara Chivas,1,1,D,2.38,2.88,3.84,2.45,2.9,4,2.33,2.74,3.68,,,,,,,14,12,2,5,13,11,1,2
MEX,Liga MX,2021/2022,21/03/2022,03:00,Mazatlan FC,Club Leon,1,2,A,3.44,3.31,2.3,3.44,3.4,2.3,3.24,3.21,2.23,,,,,,,18,12,6,6,23,14,6,2
MEX,Liga MX,2021/2022,21/03/2022,03:06,Club Tijuana,Juarez,1,0,H,1.6,3.88,6.77,1.64,3.9,7,1.58,3.67,6.13,,,,,,,12,20,2,6,13,7,7,6
MEX,Liga MX,2021/2022,26/03/2022,23:00,UNAM Pumas,Mazatlan FC,1,1,D,1.53,4.29,6.94,1.56,4.29,7,1.51,4.04,6.27,,,,,,,20,6,5,3,12,10,5,2
MEX,Liga MX,2021/2022,02/04/2022,03:00,Atl. San Luis,Mazatlan FC,1,0,H,1.83,3.53,5.01,1.87,3.69,5.39,1.77,3.43,4.77,,,,,,,15,8,6,2,12,10,7,4
MEX,Liga MX,2021/2022,03/04/2022,00:00,Cruz Azul,Atlas,1,0,H,2.38,2.98,3.57,2.45,3.05,3.6,2.35,2.89,3.37,,,,,,,6,13,3,2,21,12,5,9
MEX,Liga MX,2021/2022,03/04/2022,02:00,Necaxa,Club America,0,1,A,3.18,3.01,2.63,3.18,3.1,2.65,3.01,2.96,2.53,,,,,,,6,14,2,5,19,9,1,5
MEX,Liga MX,2021/2022,03/04/2022,04:00,Juarez,UNAM Pumas,0,1,A,3.12,3,2.68,3.13,3.2,2.7,2.92,2.99,2.57,,,,,,,8,19,2,9,7,19,2,3
MEX,Liga MX,2021/2022,03/04/2022,18:00,Toluca,Puebla,2,1,H,3.49,3.31,2.28,3.49,3.53,2.28,3.28,3.28,2.18,,,,,,,,,,,,,,
MEX,Liga MX,2021/2022,03/04/2022,23:00,Club Leon,Queretaro,1,1,D,1.97,3.34,4.52,2.01,3.48,4.52,1.93,3.25,4.14,,,,,,,7,12,3,6,13,15,8,3
MEX,Liga MX,2021/2022,04/04/2022,01:00,Santos Laguna,Pachuca,3,1,H,2.7,3.47,2.71,2.7,3.47,2.8,2.59,3.28,2.65,,,,,,,13,17,6,2,14,10,9,3
MEX,Liga MX,2021/2022,04/04/2022,01:00,Tigres UANL,Club Tijuana,2,0,H,1.56,4.35,6.15,1.63,4.35,7.5,1.55,4.08,5.62,,,,,,,19,14,6,8,8,9,7,6
MEX,Liga MX,2021/2022,07/04/2022,01:00,Toluca,Monterrey,2,2,D,3.9,3.68,2,4.1,3.75,2.05,3.67,3.52,1.97,,,,,,,,,,,,,,
MEX,Liga MX,2021/2022,08/04/2022,03:00,Atlas,Necaxa,2,1,H,2.08,2.99,4.68,2.11,3.2,5.25,1.99,2.98,4.4,,,,,,,20,11,8,4,7,17,5,5
MEX,Liga MX,2021/2022,08/04/2022,01:00,Pachuca,Tigres UANL,2,1,H,1.99,3.72,3.89,2,3.78,3.92,1.94,3.55,3.71,,,,,,,18,6,8,2,9,10,5,3
MEX,Liga MX,2021/2022,07/04/2022,03:06,Club Tijuana,Atl. San Luis,1,1,D,1.93,3.53,4.42,1.95,3.53,4.42,1.89,3.34,4.14,,,,,,,22,11,7,4,12,9,7,3
MEX,Liga MX,2021/2022,09/04/2022,01:00,Puebla,UNAM Pumas,2,2,D,1.85,3.81,4.38,1.87,3.82,5.2,1.8,3.65,4.2,,,,,,,8,16,5,6,15,9,2,6
MEX,Liga MX,2021/2022,09/04/2022,03:00,Mazatlan FC,Cruz Azul,1,1,D,2.42,3.18,3.34,2.56,3.18,3.35,2.37,3.01,3.2,,,,,,,14,14,4,4,13,15,4,5
MEX,Liga MX,2021/2022,09/04/2022,23:00,Atl. San Luis,Club Leon,2,0,H,3.19,3.21,2.49,3.19,3.25,2.6,2.97,3.07,2.45,,,,,,,14,11,5,2,14,9,3,7
MEX,Liga MX,2021/2022,10/04/2022,01:00,Toluca,Guadalajara Chivas,1,1,D,3.57,3.35,2.23,3.57,3.35,2.35,3.31,3.17,2.22,,,,,,,,,,,,,,
MEX,Liga MX,2021/2022,10/04/2022,01:06,Monterrey,Santos Laguna,1,0,H,1.8,3.67,4.66,1.82,3.79,5,1.77,3.61,4.43,,,,,,,20,12,5,1,8,12,7,7
MEX,Liga MX,2021/2022,10/04/2022,03:00,Club America,Juarez,3,0,H,1.33,5.33,11.11,1.36,5.33,13,1.31,4.86,10.08,,,,,,,16,4,6,1,6,12,6,2
MEX,Liga MX,2021/2022,11/04/2022,01:00,Queretaro,Tigres UANL,0,1,A,3.93,3.38,2.09,4.44,3.45,2.14,3.77,3.23,2.02,,,,,,,13,10,2,2,15,8,6,3
MEX,Liga MX,2021/2022,12/04/2022,03:00,Pachuca,Club Tijuana,0,0,D,1.4,5.05,7.48,1.44,5.2,8,1.39,4.81,7.19,,,,,,,21,5,3,0,9,11,11,2
MEX,Liga MX,2021/2022,14/04/2022,02:05,Guadalajara Chivas,Monterrey,1,3,A,2.45,3.08,3.39,2.46,3.11,3.39,2.38,2.96,3.21,,,,,,,11,11,3,6,8,16,3,6
MEX,Liga MX,2021/2022,15/04/2022,03:00,Atlas,Mazatlan FC,1,2,A,1.6,3.68,7.43,1.63,3.78,9.5,1.58,3.53,6.58,,,,,,,14,12,3,3,15,18,7,6
MEX,Liga MX,2021/2022,16/04/2022,01:00,Necaxa,Atl. San Luis,4,2,H,2.4,3.12,3.44,2.54,3.22,3.44,2.35,3.02,3.22,,,,,,,13,15,5,7,16,9,2,6
MEX,Liga MX,2021/2022,16/04/2022,03:00,Juarez,Pachuca,1,2,A,5.27,3.53,1.79,5.78,3.69,2.06,4.04,3.39,1.92,,,,,,,13,6,3,3,16,19,3,5
MEX,Liga MX,2021/2022,16/04/2022,03:06,Club Tijuana,Club America,1,3,A,3.46,3.37,2.26,3.46,3.37,2.54,3.26,3.18,2.24,,,,,,,7,16,1,7,16,15,6,7
MEX,Liga MX,2021/2022,16/04/2022,23:00,Club Leon,Puebla,0,1,A,2.17,3.46,3.6,2.17,3.54,3.77,2.08,3.34,3.49,,,,,,,14,23,0,7,12,22,3,4
MEX,Liga MX,2021/2022,17/04/2022,01:00,Santos Laguna,Queretaro,1,1,D,1.91,3.6,4.39,2,3.83,5.36,1.91,3.42,4.02,,,,,,,18,13,6,4,13,12,5,7
MEX,Liga MX,2021/2022,17/04/2022,01:00,Tigres UANL,Toluca,3,0,H,1.29,6.08,10.18,1.43,6.08,13,1.26,5.67,10.13,,,,,,,,,,,,,,
MEX,Liga MX,2021/2022,17/04/2022,03:00,Cruz Azul,Guadalajara Chivas,0,1,A,2.4,3.06,3.51,2.4,3.2,3.75,2.33,2.99,3.33,,,,,,,11,13,1,5,13,16,7,5
MEX,Liga MX,2021/2022,17/04/2022,18:00,UNAM Pumas,Monterrey,2,0,H,2.7,3.29,2.83,3.05,3.34,2.83,2.67,3.15,2.67,,,,,,,14,17,5,5,10,8,5,5
MEX,Liga MX,2021/2022,20/04/2022,01:00,Necaxa,Tigres UANL,2,0,H,2.87,3.32,2.64,3.15,3.42,2.64,2.79,3.19,2.5,,,,,,,7,16,5,2,26,7,6,4
MEX,Liga MX,2021/2022,20/04/2022,01:00,Pachuca,Puebla,1,0,H,1.67,4.1,5.31,1.69,4.2,5.9,1.63,3.9,5.01,,,,,,,18,12,4,2,10,15,8,4
MEX,Liga MX,2021/2022,20/04/2022,03:00,Guadalajara Chivas,Club Tijuana,2,1,H,1.91,3.64,4.33,1.92,3.74,4.9,1.85,3.53,4.15,,,,,,,16,14,5,4,10,15,5,4
MEX,Liga MX,2021/2022,20/04/2022,03:00,Mazatlan FC,Santos Laguna,1,0,H,2.9,3.21,2.69,2.9,3.34,2.7,2.75,3.15,2.59,,,,,,,12,25,4,6,15,14,6,5
MEX,Liga MX,2021/2022,20/04/2022,03:00,Toluca,Juarez,0,1,A,1.96,3.47,4.31,2,3.55,5.5,1.92,3.32,4.11,,,,,,,,,,,,,,
MEX,Liga MX,2021/2022,21/04/2022,01:00,Atl. San Luis,UNAM Pumas,2,0,H,1.93,3.59,4.3,1.93,3.67,4.43,1.87,3.43,4.13,,,,,,,10,12,4,2,16,9,2,7
MEX,Liga MX,2021/2022,21/04/2022,03:00,Club America,Club Leon,2,0,H,1.72,3.98,5.05,1.76,4.01,5.77,1.7,3.74,4.76,,,,,,,19,7,7,2,12,13,8,1
MEX,Liga MX,2021/2022,21/04/2022,03:06,Monterrey,Atlas,0,0,D,2.03,3.2,4.45,2.06,3.3,4.95,1.98,3.12,4.13,,,,,,,13,8,2,2,9,13,3,3
MEX,Liga MX,2021/2022,22/04/2022,03:00,Queretaro,Cruz Azul,0,1,A,2.73,3.07,2.98,2.75,3.15,2.98,2.65,2.98,2.82,,,,,,,18,11,3,3,7,11,4,6
MEX,Liga MX,2021/2022,23/04/2022,01:00,Puebla,Necaxa,0,1,A,2.62,3.24,2.96,2.65,3.25,2.96,2.56,3.11,2.8,,,,,,,19,11,8,1,10,12,6,1
MEX,Liga MX,2021/2022,23/04/2022,03:00,Juarez,Mazatlan FC,0,2,A,3.08,3.03,2.69,3.08,3.08,2.79,2.91,2.93,2.62,,,,,,,5,6,0,3,9,12,3,1
MEX,Liga MX,2021/2022,23/04/2022,23:00,Pachuca,Monterrey,3,0,H,2.03,3.5,3.98,2.07,3.52,4,2.01,3.35,3.69,,,,,,,13,13,5,0,12,8,3,3
MEX,Liga MX,2021/2022,24/04/2022,01:00,Tigres UANL,Club America,0,2,A,2.4,3.3,3.24,2.42,3.44,3.5,2.26,3.26,3.16,,,,,,,5,15,3,8,14,8,8,8
MEX,Liga MX,2021/2022,24/04/2022,03:00,Guadalajara Chivas,UNAM Pumas,3,1,H,2.26,3.26,3.59,2.26,3.46,3.85,2.14,3.23,3.46,,,,,,,9,13,6,6,8,15,2,6
MEX,Liga MX,2021/2022,24/04/2022,18:00,Toluca,Atlas,2,4,A,3.78,3.43,2.12,3.8,3.43,2.17,3.55,3.24,2.09,,,,,,,,,,,,,,
MEX,Liga MX,2021/2022,24/04/2022,23:00,Cruz Azul,Atl. San Luis,0,1,A,2.2,3.24,3.77,2.35,3.34,3.77,2.17,3.13,3.48,,,,,,,12,7,1,3,10,11,7,3
MEX,Liga MX,2021/2022,25/04/2022,01:00,Santos Laguna,Club Leon,1,1,D,2.12,3.58,3.61,2.13,3.58,3.61,2.06,3.43,3.44,,,,,,,25,11,12,2,17,12,7,2
MEX,Liga MX,2021/2022,25/04/2022,03:06,Club Tijuana,Queretaro,2,2,D,2.22,3.36,3.57,2.27,3.37,3.63,2.16,3.23,3.37,,,,,,,18,8,8,3,14,14,8,10
MEX,Liga MX,2021/2022,30/04/2022,01:00,Necaxa,Guadalajara Chivas,0,1,A,2.5,2.95,3.46,2.52,3.12,3.59,2.37,2.91,3.28,,,,,,,10,9,3,3,22,4,6,4
MEX,Liga MX,2021/2022,30/04/2022,03:05,Mazatlan FC,Puebla,2,1,H,2.27,3.29,3.53,2.35,3.3,3.55,2.23,3.15,3.31,,,,,,,16,14,8,2,16,19,7,4
MEX,Liga MX,2021/2022,30/04/2022,23:00,Queretaro,Juarez,4,0,H,1.84,3.49,5.01,1.92,3.49,5.01,1.84,3.36,4.41,,,,,,,11,6,7,2,14,10,7,1
MEX,Liga MX,2021/2022,01/05/2022,01:00,Atlas,Tigres UANL,1,1,D,2.23,3.34,3.59,2.3,3.35,3.59,2.2,3.21,3.33,,,,,,,11,12,1,2,15,8,3,2
MEX,Liga MX,2021/2022,01/05/2022,01:06,Monterrey,Club Tijuana,2,0,H,1.49,4.7,6.76,1.51,4.7,7,1.47,4.35,6.28,,,,,,,27,7,10,3,7,7,7,2
MEX,Liga MX,2021/2022,01/05/2022,03:00,Club America,Cruz Azul,0,0,D,1.8,3.62,5.05,1.82,3.75,5.3,1.73,3.53,4.87,,,,,,,16,7,4,2,10,11,5,2
MEX,Liga MX,2021/2022,01/05/2022,18:00,UNAM Pumas,Pachuca,2,0,H,3.39,3.61,2.19,3.5,3.69,2.53,3.19,3.47,2.15,,,,,,,15,11,5,2,9,11,6,6
MEX,Liga MX,2021/2022,01/05/2022,22:00,Atl. San Luis,Santos Laguna,1,3,A,2.48,3.4,3.02,2.5,3.45,3.02,2.42,3.27,2.88,,,,,,,20,12,9,7,13,10,1,3
MEX,Liga MX,2021/2022,02/05/2022,02:06,Club Leon,Toluca,4,4,D,1.43,5.16,7.3,1.47,5.16,7.3,1.41,4.84,6.58,,,,,,,,,,,,,,
MEX,Liga MX,2021/2022,07/05/2022,23:45,Cruz Azul,Necaxa,1,1,D,2.49,2.96,3.48,2.49,3.09,3.68,2.37,2.92,3.32,,,,,,,13,16,2,7,3,12,4,8
MEX,Liga MX,2021/2022,08/05/2022,02:06,Monterrey,Atl. San Luis,2,2,D,1.65,3.74,6.4,1.71,3.87,6.5,1.65,3.58,5.55,,,,,,,20,9,4,3,11,10,8,3
MEX,Liga MX,2021/2022,08/05/2022,23:00,Puebla,Mazatlan FC,2,2,D,1.84,3.54,4.91,1.88,3.74,6.3,1.8,3.44,4.56,,,,,,,10,23,3,7,19,10,3,9
MEX,Liga MX,2021/2022,09/05/2022,01:15,Guadalajara Chivas,UNAM Pumas,4,1,H,2.03,3.33,4.26,2.1,3.38,4.4,2.03,3.17,3.86,,,,,,,9,5,7,1,10,15,2,5
MEX,Liga MX,2021/2022,12/05/2022,01:00,Atl. San Luis,Pachuca,2,2,D,3.46,3.04,2.44,3.6,3.24,2.44,3.3,3.03,2.31,,,,,,,14,7,4,5,10,7,7,5
MEX,Liga MX,2021/2022,12/05/2022,03:05,Puebla,Club America,1,1,D,4.3,3.29,2.03,4.3,3.34,2.07,3.98,3.17,2,,,,,,,6,12,3,4,16,15,6,4
MEX,Liga MX,2021/2022,13/05/2022,01:00,Cruz Azul,Tigres UANL,0,1,A,2.8,3.04,2.94,2.85,3.05,3.03,2.69,2.87,2.88,,,,,,,11,10,3,5,13,9,1,3
MEX,Liga MX,2021/2022,13/05/2022,03:05,Guadalajara Chivas,Atlas,1,2,A,2.96,2.74,3.09,3,2.9,3.1,2.86,2.61,2.98,,,,,,,12,9,4,6,8,16,5,3
MEX,Liga MX,2021/2022,15/05/2022,00:00,Club America,Puebla,3,2,H,1.76,3.67,5.26,1.77,3.9,5.5,1.72,3.59,4.87,,,,,,,16,13,6,6,10,16,8,7
MEX,Liga MX,2021/2022,15/05/2022,02:05,Pachuca,Atl. San Luis,3,2,H,1.88,3.63,4.48,1.92,3.74,4.75,1.86,3.52,4.08,,,,,,,14,11,5,3,13,10,5,6
MEX,Liga MX,2021/2022,16/05/2022,00:00,Atlas,Guadalajara Chivas,1,1,D,2.24,3.16,3.63,2.24,3.4,3.8,2.11,3.18,3.54,,,,,,,8,19,4,4,18,5,1,1
MEX,Liga MX,2021/2022,16/05/2022,02:05,Tigres UANL,Cruz Azul,0,1,A,2.2,3.31,3.68,2.21,3.42,3.7,2.14,3.22,3.43,,,,,,,21,10,6,3,10,16,6,1
MEX,Liga MX,2021/2022,19/05/2022,03:00,Atlas,Tigres UANL,3,0,H,2.84,2.87,3.05,2.86,3.02,3.05,2.76,2.81,2.86,,,,,,,10,11,5,2,19,12,1,3
MEX,Liga MX,2021/2022,20/05/2022,02:00,Club America,Pachuca,1,1,D,2.11,3.32,3.97,2.2,3.42,3.97,2.08,3.18,3.68,,,,,,,7,7,3,4,16,14,4,4
MEX,Liga MX,2021/2022,22/05/2022,02:00,Tigres UANL,Atlas,4,2,H,1.66,3.86,5.94,1.68,4,6,1.63,3.63,5.54,,,,,,,21,10,7,2,11,15,5,2
MEX,Liga MX,2021/2022,23/05/2022,02:06,Pachuca,Club America,3,0,H,3.02,3.25,2.57,3.02,3.43,2.8,2.86,3.14,2.5,,,,,,,16,17,6,5,11,14,4,8
MEX,Liga MX,2021/2022,27/05/2022,03:00,Atlas,Pachuca,2,0,H,2.86,2.79,3.13,2.9,2.93,3.27,2.74,2.72,3,,,,,,,13,18,4,5,15,10,4,7
MEX,Liga MX,2021/2022,30/05/2022,02:10,Pachuca,Atlas,2,1,H,1.68,3.89,5.62,1.74,3.89,5.8,1.66,3.64,5.19,,,,,,,21,11,6,2,16,8,2,1
MEX,Liga MX,2022/2023,02/07/2022,03:05,Mazatlan FC,Puebla,2,4,A,2.3,3.25,3.51,2.3,3.41,3.56,2.2,3.17,3.32,,,,,,,13,18,6,7,7,18,10,3
MEX,Liga MX,2022/2023,02/07/2022,23:00,Guadalajara Chivas,Juarez,0,0,D,1.85,3.35,5.28,1.88,3.62,6.72,1.81,3.25,4.77,,,,,,,14,11,5,1,19,10,9,3
MEX,Liga MX,2022/2023,02/07/2022,23:00,Necaxa,Toluca,1,3,A,1.91,3.77,4.15,1.93,3.65,4.1,1.89,3.47,3.93,,,,,,,,,,,,,,
MEX,Liga MX,2022/2023,03/07/2022,01:05,Tigres UANL,Cruz Azul,2,3,A,1.97,3.4,4.38,2.03,3.5,4.38,1.94,3.29,3.97,,,,,,,21,7,6,4,7,18,4,0
MEX,Liga MX,2022/2023,03/07/2022,03:05,Club America,Atlas,0,0,D,2.02,3.25,4.41,2.03,3.32,4.41,1.96,3.16,4.09,,,,,,,16,8,3,1,6,11,4,4
MEX,Liga MX,2022/2023,03/07/2022,18:00,UNAM Pumas,Club Tijuana,1,1,D,1.9,3.69,4.31,1.97,3.69,4.33,1.85,3.51,4.08,,,,,,,13,5,4,2,16,17,9,1
MEX,Liga MX,2022/2023,03/07/2022,23:00,Atl. San Luis,Club Leon,1,2,A,2.6,3.3,2.94,2.67,3.43,2.94,2.49,3.19,2.8,,,,,,,10,15,2,8,17,12,7,2
MEX,Liga MX,2022/2023,04/07/2022,01:05,Santos Laguna,Monterrey,4,3,H,3.2,3.5,2.32,3.21,3.52,2.4,3.06,3.33,2.25,,,,,,,19,17,5,8,6,19,7,6
MEX,Liga MX,2022/2023,05/07/2022,03:00,Pachuca,Queretaro,2,0,H,1.78,3.71,5.03,1.86,3.71,5.03,1.79,3.47,4.48,,,,,,,17,9,5,1,15,10,3,0
MEX,Liga MX,2022/2023,09/07/2022,01:00,Mazatlan FC,Tigres UANL,0,1,A,3.69,3.41,2.16,3.74,3.6,2.16,3.46,3.34,2.08,,,,,,,13,17,2,6,17,19,2,9
MEX,Liga MX,2022/2023,09/07/2022,03:05,Club Tijuana,Juarez,0,2,A,1.98,3.27,4.58,2.02,3.44,4.6,1.93,3.24,4.11,,,,,,,7,11,3,3,17,15,4,6
MEX,Liga MX,2022/2023,09/07/2022,03:05,Puebla,Santos Laguna,1,0,H,2.56,3.48,2.87,2.56,3.59,2.88,2.44,3.35,2.74,,,,,,,17,10,7,1,10,9,10,2
MEX,Liga MX,2022/2023,10/07/2022,01:00,Club Leon,UNAM Pumas,3,3,D,1.99,3.82,3.77,2.02,3.89,3.83,1.94,3.69,3.53,,,,,,,8,17,4,8,17,14,6,1
MEX,Liga MX,2022/2023,10/07/2022,01:05,Guadalajara Chivas,Atl. San Luis,0,1,A,2.08,3.24,4.18,2.08,3.43,4.3,1.96,3.24,3.97,,,,,,,19,4,4,1,15,8,3,4
MEX,Liga MX,2022/2023,10/07/2022,03:05,Cruz Azul,Pachuca,1,2,A,2.77,3.29,2.76,2.77,3.4,2.97,2.65,3.22,2.61,,,,,,,8,18,2,6,9,9,3,8
MEX,Liga MX,2022/2023,10/07/2022,03:05,Monterrey,Club America,3,2,H,2.39,3.28,3.42,2.41,3.49,3.42,2.24,3.25,3.18,,,,,,,19,13,8,3,14,9,4,8
MEX,Liga MX,2022/2023,10/07/2022,18:00,Toluca,Atlas,3,2,H,2.76,3.19,2.85,2.76,3.29,2.86,2.62,3.09,2.73,,,,,,,,,,,,,,
MEX,Liga MX,2022/2023,10/07/2022,23:00,Queretaro,Necaxa,1,2,A,2.61,3.15,3.05,2.61,3.27,3.1,2.49,3.04,2.92,,,,,,,16,16,5,6,12,14,3,3
MEX,Liga MX,2022/2023,14/07/2022,03:00,Club America,Toluca,1,0,H,1.52,4.8,6.37,1.54,5,6.5,1.48,4.46,5.87,,,,,,,,,,,,,,
MEX,Liga MX,2022/2023,16/07/2022,01:00,Puebla,Club Leon,1,1,D,2.23,3.78,3.17,2.3,3.8,3.17,2.19,3.57,2.99,,,,,,,11,9,5,3,17,9,7,7
MEX,Liga MX,2022/2023,16/07/2022,03:05,Juarez,Queretaro,1,1,D,2.6,3.1,3.13,2.6,3.2,3.2,2.46,3.02,2.98,,,,,,,14,9,4,3,12,11,9,1
MEX,Liga MX,2022/2023,16/07/2022,23:00,Atlas,Cruz Azul,3,2,H,2.15,3.19,3.99,2.23,3.3,3.99,2.12,3.09,3.64,,,,,,,13,18,4,4,17,9,4,0
MEX,Liga MX,2022/2023,17/07/2022,01:05,Santos Laguna,Guadalajara Chivas,1,1,D,2.22,3.33,3.65,2.29,3.4,3.65,2.16,3.21,3.35,,,,,,,10,18,5,6,14,9,5,3
MEX,Liga MX,2022/2023,17/07/2022,18:00,UNAM Pumas,Necaxa,1,0,H,2.24,3.42,3.46,2.29,3.5,3.46,2.18,3.31,3.22,,,,,,,15,11,6,2,15,8,6,2
MEX,Liga MX,2022/2023,17/07/2022,23:00,Atl. San Luis,Monterrey,0,1,A,3.53,3.53,2.17,3.53,3.53,2.22,3.26,3.36,2.14,,,,,,,12,19,1,5,8,15,4,4
MEX,Liga MX,2022/2023,18/07/2022,01:00,Tigres UANL,Club Tijuana,1,0,H,1.45,4.7,7.85,1.48,4.7,11,1.43,4.37,6.95,,,,,,,17,6,3,2,13,22,4,5
MEX,Liga MX,2022/2023,19/07/2022,01:00,Pachuca,Mazatlan FC,1,1,D,1.42,4.95,8.81,1.43,5,10,1.39,4.6,7.52,,,,,,,23,8,5,6,11,15,9,2
MEX,Liga MX,2022/2023,21/07/2022,03:05,Guadalajara Chivas,Club Leon,0,0,D,2.15,3.43,3.66,2.22,3.5,3.66,2.11,3.34,3.35,,,,,,,13,12,3,4,7,13,6,3
MEX,Liga MX,2022/2023,22/07/2022,03:00,Queretaro,Monterrey,0,3,A,3.26,3.46,2.31,3.3,3.46,2.37,3.11,3.28,2.24,,,,,,,10,15,5,6,9,14,3,3
MEX,Liga MX,2022/2023,23/07/2022,01:00,Mazatlan FC,Atl. San Luis,1,1,D,2.57,3.34,2.95,2.57,3.4,3,2.45,3.18,2.86,,,,,,,19,22,4,11,12,11,8,12
MEX,Liga MX,2022/2023,23/07/2022,03:05,Necaxa,Juarez,1,0,H,2.11,3.17,4.18,2.2,3.3,4.18,2.11,3.01,3.79,,,,,,,7,18,3,4,19,9,2,8
MEX,Liga MX,2022/2023,23/07/2022,23:00,Toluca,Santos Laguna,2,1,H,2.8,3.54,2.58,2.85,3.58,2.75,2.7,3.38,2.47,,,,,,,,,,,,,,
MEX,Liga MX,2022/2023,24/07/2022,01:05,Cruz Azul,Puebla,2,2,D,2.07,3.49,3.88,2.15,3.58,3.92,1.99,3.39,3.66,,,,,,,20,10,6,5,9,12,7,3
MEX,Liga MX,2022/2023,24/07/2022,02:05,Club Tijuana,Club America,2,0,H,3.67,3.37,2.18,3.75,3.51,2.18,3.48,3.3,2.08,,,,,,,14,3,6,1,17,7,7,2
MEX,Liga MX,2022/2023,24/07/2022,03:05,Tigres UANL,Atlas,2,0,H,1.94,3.51,4.33,2,3.54,4.33,1.89,3.37,4.06,,,,,,,33,7,14,0,6,12,8,1
MEX,Liga MX,2022/2023,25/07/2022,01:00,Pachuca,UNAM Pumas,0,0,D,1.66,3.97,5.68,1.68,4.03,5.68,1.62,3.79,5.13,,,,,,,19,8,4,3,13,10,13,5
MEX,Liga MX,2022/2023,27/07/2022,01:00,Atlas,Club Tijuana,1,2,A,2.08,3.31,4.08,2.13,3.5,4.94,2.03,3.24,3.74,,,,,,,18,15,4,5,11,11,10,1
MEX,Liga MX,2022/2023,27/07/2022,01:00,Juarez,Tigres UANL,0,1,A,4.33,3.46,1.96,4.5,3.55,1.96,4.22,3.36,1.86,,,,,,,7,12,2,3,18,17,4,3
MEX,Liga MX,2022/2023,27/07/2022,01:00,Monterrey,Puebla,1,0,H,1.39,5.22,8.13,1.46,5.25,9,1.36,4.88,7.66,,,,,,,22,4,7,1,12,9,4,6
MEX,Liga MX,2022/2023,27/07/2022,03:05,Atl. San Luis,Cruz Azul,0,0,D,2.81,3.23,2.76,2.81,3.34,2.82,2.63,3.16,2.68,,,,,,,9,7,4,1,14,15,8,5
MEX,Liga MX,2022/2023,27/07/2022,03:05,Club Leon,Toluca,0,1,A,1.72,4.31,4.62,1.75,4.31,4.85,1.69,4.05,4.3,,,,,,,,,,,,,,
MEX,Liga MX,2022/2023,28/07/2022,01:00,Necaxa,Pachuca,2,0,H,3.14,3.31,2.46,3.14,3.4,2.5,2.98,3.18,2.37,,,,,,,9,15,3,3,22,7,3,9
MEX,Liga MX,2022/2023,28/07/2022,01:00,Queretaro,Guadalajara Chivas,2,2,D,3.53,3.06,2.39,3.53,3.16,2.39,3.27,3,2.32,,,,,,,15,13,8,5,21,12,9,4
MEX,Liga MX,2022/2023,28/07/2022,03:05,UNAM Pumas,Mazatlan FC,1,1,D,1.7,3.94,5.26,1.74,3.94,5.4,1.68,3.66,4.89,,,,,,,20,7,8,1,16,12,7,3
MEX,Liga MX,2022/2023,30/07/2022,03:05,Juarez,Toluca,1,1,D,2.32,3.25,3.47,2.4,3.3,3.5,2.23,3.12,3.29,,,,,,,,,,,,,,
MEX,Liga MX,2022/2023,30/07/2022,23:00,Cruz Azul,Necaxa,1,0,H,2.34,3.23,3.44,2.35,3.38,3.7,2.26,3.15,3.21,,,,,,,7,17,4,3,6,10,3,4
MEX,Liga MX,2022/2023,31/07/2022,01:05,Tigres UANL,Queretaro,2,1,H,1.43,4.79,8.11,1.5,4.79,8.11,1.43,4.38,7,,,,,,,14,12,3,4,8,18,4,3
MEX,Liga MX,2022/2023,31/07/2022,03:05,Club Tijuana,Mazatlan FC,2,0,H,2.07,3.3,4.1,2.11,3.48,4.1,2.03,3.28,3.67,,,,,,,10,11,5,4,20,12,7,2
MEX,Liga MX,2022/2023,31/07/2022,03:05,Guadalajara Chivas,Pachuca,0,0,D,2.9,3.08,2.8,2.9,3.22,2.8,2.75,3.06,2.63,,,,,,,13,10,4,4,16,13,7,4
MEX,Liga MX,2022/2023,31/07/2022,03:05,Puebla,Atl. San Luis,0,0,D,2.16,3.55,3.54,2.29,3.55,3.54,2.16,3.31,3.26,,,,,,,28,10,2,4,13,10,7,1
MEX,Liga MX,2022/2023,31/07/2022,18:00,UNAM Pumas,Monterrey,1,1,D,2.63,3.27,2.93,2.72,3.48,2.93,2.6,3.26,2.61,,,,,,,15,7,7,2,10,11,6,1
MEX,Liga MX,2022/2023,01/08/2022,01:05,Santos Laguna,Atlas,1,0,H,2.87,3.2,2.73,2.87,3.36,3.06,2.65,3.17,2.63,,,,,,,10,17,2,3,15,12,3,4
MEX,Liga MX,2022/2023,01/08/2022,03:05,Club Leon,Club America,3,2,H,3.31,3.45,2.29,3.31,3.5,2.33,3.13,3.33,2.21,,,,,,,13,11,7,3,13,11,5,4
MEX,Liga MX,2022/2023,03/08/2022,02:00,Toluca,Puebla,1,1,D,2.36,3.45,3.19,2.38,3.56,3.19,2.28,3.34,2.99,,,,,,,,,,,,,,
MEX,Liga MX,2022/2023,04/08/2022,02:00,Juarez,Atl. San Luis,1,1,D,2.26,3.18,3.7,2.52,3.14,3.45,2.34,3,3.19,,,,,,,17,4,5,2,16,17,8,2
MEX,Liga MX,2022/2023,05/08/2022,03:00,Atlas,Queretaro,3,1,H,1.93,3.53,4.43,1.94,3.8,4.5,1.84,3.47,4.17,,,,,,,14,16,5,5,6,16,5,5
MEX,Liga MX,2022/2023,06/08/2022,03:05,Mazatlan FC,Guadalajara Chivas,2,1,H,3.18,3.07,2.58,3.23,3.2,2.66,2.98,2.98,2.49,,,,,,,16,13,4,5,18,9,4,4
MEX,Liga MX,2022/2023,07/08/2022,01:05,Monterrey,Club Leon,5,1,H,1.58,4.47,5.68,1.65,4.47,5.75,1.56,4.16,5.24,,,,,,,16,13,11,6,10,9,2,8
MEX,Liga MX,2022/2023,07/08/2022,03:05,Santos Laguna,Cruz Azul,4,0,H,2.48,3.38,3.05,2.48,3.51,3.2,2.37,3.3,2.9,,,,,,,17,12,9,1,12,12,7,6
MEX,Liga MX,2022/2023,07/08/2022,18:00,Toluca,Club Tijuana,3,1,H,1.84,3.69,4.66,1.9,3.75,4.76,1.79,3.55,4.34,,,,,,,28,13,11,6,8,11,12,4
MEX,Liga MX,2022/2023,07/08/2022,22:00,Atl. San Luis,Necaxa,1,2,A,2.25,3.28,3.58,2.3,3.31,3.67,2.22,3.14,3.31,,,,,,,12,12,3,4,9,15,5,3
MEX,Liga MX,2022/2023,08/08/2022,00:05,Pachuca,Tigres UANL,2,0,H,2.01,3.5,4.06,2.1,3.6,4.06,2,3.35,3.65,,,,,,,19,9,6,3,14,11,5,4
MEX,Liga MX,2022/2023,08/08/2022,02:05,Club America,Juarez,2,1,H,1.63,3.75,6.63,1.66,3.82,7.5,1.59,3.58,6.12,,,,,,,16,14,6,5,18,7,3,2
MEX,Liga MX,2022/2023,12/08/2022,03:00,Queretaro,Atl. San Luis,1,1,D,3.1,3.36,2.45,3.1,3.47,2.8,2.94,3.21,2.39,,,,,,,16,9,6,3,13,10,7,4
MEX,Liga MX,2022/2023,13/08/2022,03:00,Necaxa,Monterrey,1,2,A,3.36,3.31,2.33,3.28,3.35,2.36,3.13,3.18,2.27,,,,,,,14,17,4,6,13,9,2,6
MEX,Liga MX,2022/2023,13/08/2022,03:05,Club Tijuana,Puebla,3,3,D,2.29,3.4,3.36,2.29,3.49,3.42,2.2,3.27,3.21,,,,,,,13,13,5,4,12,16,6,4
MEX,Liga MX,2022/2023,13/08/2022,23:00,Club Leon,Mazatlan FC,0,3,A,1.61,4.42,5.39,1.64,4.42,6.45,1.59,4.1,5.05,,,,,,,12,8,1,5,9,13,9,1
MEX,Liga MX,2022/2023,14/08/2022,01:05,UNAM Pumas,Club America,0,3,A,3.3,3.34,2.35,3.5,3.4,2.35,3.12,3.21,2.27,,,,,,,10,19,2,9,11,6,5,5
MEX,Liga MX,2022/2023,14/08/2022,03:05,Guadalajara Chivas,Atlas,1,1,D,2.5,3.06,3.34,2.53,3.21,3.65,2.39,2.97,3.19,,,,,,,23,8,6,4,11,9,5,3
MEX,Liga MX,2022/2023,14/08/2022,23:00,Cruz Azul,Toluca,2,3,A,2.21,3.34,3.63,2.21,3.45,3.63,2.13,3.28,3.38,,,,,,,,,,,,,,
MEX,Liga MX,2022/2023,15/08/2022,01:05,Tigres UANL,Santos Laguna,2,0,H,1.65,4.02,5.75,1.65,4.2,5.95,1.59,3.91,5.32,,,,,,,19,21,7,6,15,16,5,3
MEX,Liga MX,2022/2023,17/08/2022,01:00,Atlas,Juarez,0,1,A,2.16,3.11,4.1,2.27,3.25,4.1,2.1,3.03,3.78,,,,,,,8,12,3,2,10,11,8,4
MEX,Liga MX,2022/2023,17/08/2022,01:00,Mazatlan FC,Queretaro,1,1,D,1.93,3.75,4.07,2.25,3.75,4.07,1.97,3.53,3.56,,,,,,,7,15,2,7,15,15,3,6
MEX,Liga MX,2022/2023,17/08/2022,03:05,Puebla,Necaxa,2,2,D,2.42,3.21,3.31,2.42,3.39,3.5,2.3,3.16,3.11,,,,,,,15,16,7,4,14,16,6,5
MEX,Liga MX,2022/2023,18/08/2022,01:00,Toluca,Monterrey,1,1,D,2.43,3.51,3.02,2.55,3.7,3.02,2.35,3.42,2.8,,,,,,,,,,,,,,
MEX,Liga MX,2022/2023,18/08/2022,03:05,Cruz Azul,Club Tijuana,1,2,A,1.9,3.63,4.37,1.95,3.75,4.37,1.87,3.5,4,,,,,,,16,7,3,2,5,12,8,3
MEX,Liga MX,2022/2023,18/08/2022,03:05,Pachuca,Club America,0,3,A,2.37,3.45,3.17,2.37,3.55,3.23,2.27,3.31,3.05,,,,,,,10,14,4,6,14,14,5,5
MEX,Liga MX,2022/2023,19/08/2022,01:05,Santos Laguna,Club Leon,2,1,H,2.23,3.72,3.22,2.26,4.04,3.37,2.18,3.51,3.06,,,,,,,19,5,6,1,11,14,6,3
MEX,Liga MX,2022/2023,19/08/2022,03:05,Atl. San Luis,UNAM Pumas,3,2,H,2.58,3.36,2.92,2.58,3.4,2.95,2.46,3.21,2.83,,,,,,,11,17,5,7,12,18,3,9
MEX,Liga MX,2022/2023,20/08/2022,01:00,Necaxa,Guadalajara Chivas,0,4,A,3.22,3.02,2.59,3.22,3.2,2.67,2.99,2.95,2.52,,,,,,,15,14,1,7,13,12,4,4
MEX,Liga MX,2022/2023,20/08/2022,23:00,Queretaro,Club Tijuana,2,0,H,2.21,3.58,3.38,2.21,3.58,3.45,2.15,3.37,3.23,,,,,,,10,10,4,1,11,7,6,5
MEX,Liga MX,2022/2023,21/08/2022,01:05,Atlas,Puebla,1,1,D,2.07,3.63,3.69,2.12,3.63,3.95,2.03,3.39,3.56,,,,,,,13,10,5,6,9,20,6,2
MEX,Liga MX,2022/2023,21/08/2022,01:05,Monterrey,Tigres UANL,0,0,D,2.27,3.3,3.52,2.27,3.64,3.71,2.18,3.28,3.26,,,,,,,13,11,1,4,17,13,7,4
MEX,Liga MX,2022/2023,21/08/2022,03:05,Club America,Cruz Azul,7,0,H,1.73,3.86,5.17,1.74,4.19,6.47,1.68,3.72,4.91,,,,,,,18,9,7,1,12,15,2,2
MEX,Liga MX,2022/2023,21/08/2022,03:05,Juarez,Mazatlan FC,1,1,D,1.92,3.35,4.75,2.05,3.29,5,1.92,3.16,4.2,,,,,,,12,12,2,1,14,12,7,7
MEX,Liga MX,2022/2023,21/08/2022,18:00,UNAM Pumas,Santos Laguna,1,5,A,2.59,3.33,2.94,2.59,3.47,3.14,2.49,3.23,2.78,,,,,,,19,16,5,10,13,11,8,4
MEX,Liga MX,2022/2023,21/08/2022,23:00,Atl. San Luis,Toluca,1,0,H,2.56,3.57,2.8,2.56,3.72,2.95,2.46,3.41,2.7,,,,,,,,,,,,,,
MEX,Liga MX,2022/2023,22/08/2022,01:05,Pachuca,Club Leon,1,0,H,1.72,4.18,4.78,1.72,4.2,5.12,1.67,3.97,4.54,,,,,,,17,5,6,3,19,14,8,4
MEX,Liga MX,2022/2023,24/08/2022,01:05,Guadalajara Chivas,Monterrey,1,0,H,2.69,3.14,2.97,2.85,3.48,2.97,2.62,3.06,2.78,,,,,,,11,14,3,7,9,9,5,9
MEX,Liga MX,2022/2023,24/08/2022,03:05,Queretaro,Club America,0,1,A,5.19,4.02,1.7,5.5,4.2,1.73,4.8,3.84,1.66,,,,,,,13,15,2,4,11,8,4,9
MEX,Liga MX,2022/2023,25/08/2022,03:05,UNAM Pumas,Tigres UANL,1,1,D,3.4,3.37,2.29,3.5,3.49,2.33,3.21,3.24,2.22,,,,,,,7,12,3,3,20,7,0,10
MEX,Liga MX,2022/2023,26/08/2022,01:05,Pachuca,Atlas,3,1,H,1.8,3.65,5.01,1.83,3.74,5.01,1.75,3.52,4.57,,,,,,,19,3,9,2,9,16,3,3
MEX,Liga MX,2022/2023,26/08/2022,03:05,Club Tijuana,Santos Laguna,0,2,A,2.86,3.43,2.59,2.87,3.53,2.7,2.67,3.29,2.54,,,,,,,24,21,4,7,10,13,7,2
MEX,Liga MX,2022/2023,27/08/2022,01:00,Puebla,Juarez,2,2,D,2.37,3.25,3.36,2.39,3.33,3.36,2.3,3.14,3.16,,,,,,,22,7,6,2,13,16,5,4
MEX,Liga MX,2022/2023,27/08/2022,03:05,Mazatlan FC,Club America,1,3,A,4.2,3.61,1.94,5.2,3.9,1.97,4.09,3.48,1.85,,,,,,,7,17,2,4,21,9,3,5
MEX,Liga MX,2022/2023,27/08/2022,23:00,Cruz Azul,Queretaro,2,1,H,2.04,3.61,3.81,2.06,3.7,4.33,1.99,3.48,3.58,,,,,,,8,11,4,2,14,13,4,5
MEX,Liga MX,2022/2023,28/08/2022,01:05,Tigres UANL,Necaxa,0,0,D,1.54,4.09,7.2,1.64,4.5,7.2,1.53,3.95,6.21,,,,,,,17,9,2,1,12,16,7,2
MEX,Liga MX,2022/2023,28/08/2022,03:05,Guadalajara Chivas,UNAM Pumas,3,1,H,1.76,3.73,5.13,1.87,3.75,5.25,1.74,3.56,4.73,,,,,,,12,13,7,4,14,9,5,0
MEX,Liga MX,2022/2023,28/08/2022,18:00,Toluca,Pachuca,1,4,A,2.8,3.49,2.6,2.86,3.52,2.7,2.75,3.34,2.45,,,,,,,,,,,,,,
MEX,Liga MX,2022/2023,29/08/2022,01:00,Club Leon,Atlas,4,2,H,2.9,3.23,2.68,2.9,3.37,2.8,2.72,3.16,2.6,,,,,,,15,7,5,3,16,17,5,5
MEX,Liga MX,2022/2023,29/08/2022,01:05,Santos Laguna,Atl. San Luis,4,1,H,1.93,3.82,4.03,1.94,4,4.15,1.86,3.72,3.79,,,,,,,23,7,8,4,7,10,5,5
MEX,Liga MX,2022/2023,29/08/2022,03:05,Club Tijuana,Monterrey,0,3,A,3.76,3.51,2.09,4.04,3.57,2.1,3.63,3.4,2,,,,,,,13,19,5,6,6,10,7,15
MEX,Liga MX,2022/2023,02/09/2022,01:00,Atl. San Luis,Club Tijuana,0,0,D,2.21,3.48,3.47,2.25,3.52,3.47,2.14,3.33,3.3,,,,,,,6,14,1,3,7,14,1,8
MEX,Liga MX,2022/2023,02/09/2022,03:05,Queretaro,Puebla,1,1,D,2.81,3.37,2.67,2.81,3.56,2.78,2.67,3.26,2.56,,,,,,,17,15,6,7,9,11,2,3
MEX,Liga MX,2022/2023,03/09/2022,01:00,Necaxa,Club Leon,3,2,H,2.82,3.37,2.68,2.9,3.5,2.8,2.74,3.26,2.51,,,,,,,9,26,3,8,13,5,1,10
MEX,Liga MX,2022/2023,03/09/2022,03:05,Juarez,Cruz Azul,2,2,D,2.3,3.14,3.65,2.3,3.34,3.65,2.21,3.11,3.38,,,,,,,11,10,5,5,9,22,4,2
MEX,Liga MX,2022/2023,03/09/2022,23:05,Pachuca,Santos Laguna,2,0,H,1.73,3.78,5.31,1.75,3.88,5.4,1.71,3.68,4.67,,,,,,,24,6,7,1,13,15,9,7
MEX,Liga MX,2022/2023,04/09/2022,01:05,Atlas,UNAM Pumas,0,0,D,1.98,3.74,3.91,2.05,3.75,3.91,1.99,3.48,3.54,,,,,,,5,17,0,4,11,15,2,6
MEX,Liga MX,2022/2023,04/09/2022,01:05,Monterrey,Mazatlan FC,0,0,D,1.45,4.52,8.28,1.46,4.75,8.35,1.41,4.41,7.31,,,,,,,19,9,3,0,12,10,6,4
MEX,Liga MX,2022/2023,04/09/2022,03:05,Club America,Tigres UANL,2,1,H,2.12,3.48,3.7,2.13,3.55,3.7,2.06,3.37,3.47,,,,,,,17,16,9,4,11,15,4,9
MEX,Liga MX,2022/2023,04/09/2022,23:30,Toluca,Guadalajara Chivas,0,0,D,2.92,3.3,2.61,2.92,3.5,2.7,2.75,3.26,2.5,,,,,,,,,,,,,,
MEX,Liga MX,2022/2023,07/09/2022,01:00,Club Leon,Juarez,1,0,H,2.09,3.49,3.77,2.12,3.6,3.9,2.04,3.33,3.52,,,,,,,16,8,5,3,15,12,3,0
MEX,Liga MX,2022/2023,07/09/2022,01:05,Santos Laguna,Necaxa,3,1,H,1.91,3.73,4.2,1.91,3.81,4.77,1.85,3.6,4,,,,,,,20,22,6,8,4,14,1,2
MEX,Liga MX,2022/2023,07/09/2022,03:05,Club America,Atl. San Luis,3,0,H,1.43,4.78,8.03,1.45,5.07,8.1,1.42,4.47,7.05,,,,,,,20,9,7,4,11,14,8,3
MEX,Liga MX,2022/2023,07/09/2022,03:05,Monterrey,Cruz Azul,3,2,H,1.48,4.6,7.27,1.48,4.65,8,1.44,4.38,6.76,,,,,,,17,3,11,2,17,11,3,0
MEX,Liga MX,2022/2023,08/09/2022,01:00,Puebla,Pachuca,2,2,D,3.42,3.39,2.27,3.55,3.67,2.27,3.27,3.3,2.17,,,,,,,8,24,3,11,21,13,3,4
MEX,Liga MX,2022/2023,08/09/2022,01:00,Tigres UANL,Toluca,3,1,H,1.52,4.54,6.5,1.63,4.54,6.5,1.51,4.22,5.95,,,,,,,,,,,,,,
MEX,Liga MX,2022/2023,08/09/2022,03:00,Mazatlan FC,Atlas,1,0,H,2.65,3.15,3.01,2.7,3.36,3.01,2.51,3.06,2.89,,,,,,,14,25,6,5,8,5,3,8
MEX,Liga MX,2022/2023,08/09/2022,03:05,Club Tijuana,Guadalajara Chivas,1,2,A,2.6,3.18,3.05,2.91,3.37,3.05,2.55,3.08,2.84,,,,,,,14,10,4,4,8,13,6,3
MEX,Liga MX,2022/2023,08/09/2022,03:05,UNAM Pumas,Queretaro,4,1,H,1.97,3.63,4.08,1.97,3.72,4.27,1.9,3.52,3.84,,,,,,,18,9,6,3,18,12,4,4
MEX,Liga MX,2022/2023,10/09/2022,03:05,Juarez,Monterrey,0,1,A,3.93,3.38,2.09,4.5,3.4,2.19,3.63,3.2,2.07,,,,,,,11,14,2,6,8,19,6,8
MEX,Liga MX,2022/2023,10/09/2022,23:00,Queretaro,Santos Laguna,3,3,D,3.17,3.64,2.29,3.3,3.9,2.35,2.97,3.47,2.24,,,,,,,21,11,9,3,15,8,7,4
MEX,Liga MX,2022/2023,11/09/2022,01:00,Necaxa,Club America,1,2,A,3.71,3.5,2.11,3.71,3.5,2.25,3.41,3.32,2.1,,,,,,,14,12,6,7,12,7,3,9
MEX,Liga MX,2022/2023,11/09/2022,01:05,Tigres UANL,Club Leon,0,1,A,1.68,4.07,5.22,1.72,4.11,5.75,1.65,3.9,4.8,,,,,,,14,11,3,3,9,21,9,5
MEX,Liga MX,2022/2023,11/09/2022,03:05,Guadalajara Chivas,Puebla,1,0,H,2.17,3.42,3.63,2.17,3.5,4,2.09,3.31,3.44,,,,,,,15,8,5,2,11,11,2,6
MEX,Liga MX,2022/2023,11/09/2022,03:05,Toluca,UNAM Pumas,2,2,D,2.38,3.7,2.96,2.45,3.72,3.09,2.32,3.47,2.83,,,,,,,,,,,,,,
MEX,Liga MX,2022/2023,11/09/2022,22:00,Cruz Azul,Mazatlan FC,2,0,H,1.88,3.75,4.33,1.94,3.8,4.33,1.86,3.56,3.96,,,,,,,18,3,4,0,9,10,7,1
MEX,Liga MX,2022/2023,12/09/2022,00:05,Atlas,Atl. San Luis,1,3,A,2.51,3.22,3.14,2.57,3.45,4.4,2.4,3.19,2.95,,,,,,,15,10,3,4,12,10,4,4
MEX,Liga MX,2022/2023,12/09/2022,02:05,Pachuca,Club Tijuana,6,1,H,1.47,4.58,7.55,1.48,4.58,7.6,1.44,4.32,6.86,,,,,,,19,13,7,4,10,12,6,7
MEX,Liga MX,2022/2023,14/09/2022,03:00,Guadalajara Chivas,Tigres UANL,1,4,A,2.86,3.09,2.82,3.01,3.16,2.82,2.76,3,2.67,,,,,,,23,16,8,11,6,10,10,8
MEX,Liga MX,2022/2023,15/09/2022,03:05,Club America,Santos Laguna,3,3,D,1.55,4.58,5.98,1.57,4.75,6.85,1.5,4.38,5.64,,,,,,,29,13,8,8,4,15,11,2
MEX,Liga MX,2022/2023,15/09/2022,03:05,Juarez,Pachuca,2,1,H,3.15,3.32,2.45,3.4,3.32,2.45,3.02,3.17,2.35,,,,,,,7,22,3,10,10,13,4,4
MEX,Liga MX,2022/2023,16/09/2022,01:00,Cruz Azul,Club Leon,2,1,H,2.52,3.63,2.82,2.64,3.68,2.82,2.47,3.42,2.69,,,,,,,16,7,5,1,8,13,18,2
MEX,Liga MX,2022/2023,17/09/2022,01:00,Puebla,Tigres UANL,2,1,H,2.85,3.4,2.61,3,3.55,2.61,2.77,3.29,2.47,,,,,,,11,13,6,4,11,17,5,6
MEX,Liga MX,2022/2023,17/09/2022,03:00,Mazatlan FC,Toluca,1,1,D,2.82,3.45,2.61,2.85,3.63,2.7,2.73,3.33,2.48,,,,,,,,,,,,,,
MEX,Liga MX,2022/2023,18/09/2022,01:05,Monterrey,Atlas,2,0,H,1.44,4.54,8.63,1.45,4.61,8.63,1.42,4.39,7.24,,,,,,,16,8,4,5,12,7,6,1
MEX,Liga MX,2022/2023,18/09/2022,02:00,Club America,Guadalajara Chivas,2,1,H,1.72,3.91,5.16,1.72,4.01,5.3,1.67,3.79,4.76,,,,,,,11,17,5,3,12,11,3,6
MEX,Liga MX,2022/2023,18/09/2022,23:00,UNAM Pumas,Cruz Azul,1,2,A,2.45,3.55,2.96,2.56,3.56,3,2.39,3.41,2.78,,,,,,,22,11,11,5,8,4,7,5
MEX,Liga MX,2022/2023,19/09/2022,01:05,Club Leon,Queretaro,3,1,H,1.74,3.98,4.91,1.75,4,5.22,1.7,3.85,4.49,,,,,,,12,13,4,4,11,12,4,4
MEX,Liga MX,2022/2023,19/09/2022,01:05,Santos Laguna,Juarez,2,0,H,2,3.66,3.89,2,3.68,4.17,1.94,3.49,3.71,,,,,,,19,12,5,1,9,15,7,7
MEX,Liga MX,2022/2023,19/09/2022,03:00,Atl. San Luis,Pachuca,1,2,A,4.23,3.54,1.96,4.02,3.75,1.95,3.77,3.55,1.9,,,,,,,8,23,1,10,11,17,2,5
MEX,Liga MX,2022/2023,19/09/2022,03:05,Club Tijuana,Necaxa,1,1,D,2.1,3.54,3.72,2.14,3.54,3.83,2.05,3.36,3.5,,,,,,,28,13,7,6,14,16,3,5
MEX,Liga MX,2022/2023,24/09/2022,01:00,Necaxa,Mazatlan FC,2,2,D,1.93,3.48,4.49,2,3.54,4.49,1.9,3.36,4.06,,,,,,,18,12,6,4,12,11,5,4
MEX,Liga MX,2022/2023,24/09/2022,03:05,Puebla,UNAM Pumas,2,1,H,2.37,3.59,3.06,2.37,3.75,3.2,2.25,3.5,2.94,,,,,,,7,21,2,4,16,22,4,4
MEX,Liga MX,2022/2023,01/10/2022,01:00,Puebla,Club America,1,2,A,3.96,4.07,1.88,4.02,4.07,1.95,3.7,3.83,1.86,,,,,,,11,9,3,3,10,12,3,4
MEX,Liga MX,2022/2023,01/10/2022,03:00,Juarez,UNAM Pumas,3,1,H,2.09,3.59,3.7,2.1,3.66,3.85,2.02,3.5,3.46,,,,,,,10,26,5,8,10,17,1,6
MEX,Liga MX,2022/2023,01/10/2022,23:00,Atl. San Luis,Tigres UANL,0,3,A,2.91,3.5,2.46,3.05,3.54,2.46,2.83,3.36,2.38,,,,,,,9,17,4,11,11,11,1,5
MEX,Liga MX,2022/2023,01/10/2022,23:05,Monterrey,Pachuca,0,0,D,2.22,3.46,3.36,2.22,3.6,3.48,2.12,3.4,3.26,,,,,,,12,12,4,5,11,7,3,1
MEX,Liga MX,2022/2023,02/10/2022,01:05,Atlas,Necaxa,1,0,H,2.46,3.27,3.08,2.47,3.45,3.11,2.39,3.24,2.92,,,,,,,11,14,2,2,9,14,1,4
MEX,Liga MX,2022/2023,02/10/2022,03:05,Cruz Azul,Guadalajara Chivas,2,1,H,2.49,3.31,3.01,2.49,3.5,3.3,2.41,3.31,2.84,,,,,,,12,14,4,3,12,9,2,5
MEX,Liga MX,2022/2023,02/10/2022,18:00,Toluca,Queretaro,4,1,H,2.07,3.96,3.41,2.11,3.96,3.94,2.01,3.75,3.28,,,,,,,,,,,,,,
MEX,Liga MX,2022/2023,03/10/2022,00:05,Santos Laguna,Mazatlan FC,3,0,H,1.68,4.41,4.83,1.71,4.41,5,1.64,4.14,4.55,,,,,,,13,13,6,2,15,16,5,2
MEX,Liga MX,2022/2023,03/10/2022,02:00,Club Leon,Club Tijuana,2,2,D,1.81,4.2,4.18,1.88,4.2,4.46,1.8,3.86,3.94,,,,,,,17,6,6,2,11,17,6,1
MEX,Liga MX,2022/2023,09/10/2022,01:00,Tigres UANL,Necaxa,2,0,H,1.59,4.19,6.11,1.59,4.3,6.76,1.54,4.01,5.85,,,,,,,12,11,5,2,8,15,6,3
MEX,Liga MX,2022/2023,09/10/2022,03:15,Cruz Azul,Club Leon,1,0,H,2.5,3.35,3.04,2.5,3.45,3.35,2.38,3.26,2.94,,,,,,,19,13,8,1,10,12,5,7
MEX,Liga MX,2022/2023,09/10/2022,18:00,Toluca,Juarez,3,0,H,2.02,3.55,3.96,2.02,3.65,4.3,1.96,3.41,3.78,,,,,,,,,,,,,,
MEX,Liga MX,2022/2023,09/10/2022,22:30,Puebla,Guadalajara Chivas,1,1,D,2.75,3.13,2.91,2.83,3.51,2.91,2.64,3.1,2.73,,,,,,,14,22,3,8,7,15,4,2
MEX,Liga MX,2022/2023,13/10/2022,01:06,Puebla,Club America,1,6,A,4.23,3.47,1.98,4.46,3.56,1.98,3.99,3.35,1.92,,,,,,,6,20,1,11,17,13,1,2
MEX,Liga MX,2022/2023,13/10/2022,03:06,Cruz Azul,Monterrey,0,0,D,3.08,3.18,2.58,3.32,3.27,2.58,2.98,3.09,2.45,,,,,,,9,9,1,1,7,19,8,1
MEX,Liga MX,2022/2023,14/10/2022,01:06,Toluca,Santos Laguna,4,3,H,2.49,3.58,2.88,2.54,3.72,2.88,2.41,3.45,2.75,,,,,,,,,,,,,,
MEX,Liga MX,2022/2023,14/10/2022,03:06,Tigres UANL,Pachuca,1,0,H,2.43,3.08,3.44,2.44,3.15,3.55,2.34,2.97,3.28,,,,,,,9,10,3,3,8,12,6,5
MEX,Liga MX,2022/2023,16/10/2022,00:06,Monterrey,Cruz Azul,3,0,H,1.78,3.81,4.89,1.78,3.81,5.4,1.72,3.64,4.68,,,,,,,15,20,5,7,14,9,7,8
MEX,Liga MX,2022/2023,16/10/2022,02:06,Club America,Puebla,5,1,H,1.49,4.79,6.51,1.5,5.2,8,1.45,4.61,6.22,,,,,,,16,9,7,6,10,11,3,2
MEX,Liga MX,2022/2023,17/10/2022,01:06,Santos Laguna,Toluca,1,2,A,1.52,4.76,6.08,1.53,5.05,6.56,1.47,4.69,5.73,,,,,,,,,,,,,,
MEX,Liga MX,2022/2023,17/10/2022,03:06,Pachuca,Tigres UANL,2,1,H,1.74,3.74,5.3,1.75,3.83,5.36,1.69,3.63,4.95,,,,,,,12,14,8,1,12,12,2,3
MEX,Liga MX,2022/2023,20/10/2022,03:06,Toluca,Club America,2,1,H,5.8,4.36,1.59,5.8,4.36,1.67,5.16,4.1,1.58,,,,,,,,,,,,,,
MEX,Liga MX,2022/2023,21/10/2022,03:06,Pachuca,Monterrey,5,2,H,2.13,3.11,4.2,2.13,3.18,4.59,2.08,3.05,3.87,,,,,,,19,15,8,5,9,4,6,1
MEX,Liga MX,2022/2023,23/10/2022,02:06,Club America,Toluca,1,1,D,1.27,6.2,11.34,1.28,6.2,11.34,1.26,5.82,9.75,,,,,,,,,,,,,,
MEX,Liga MX,2022/2023,24/10/2022,02:06,Monterrey,Pachuca,0,1,A,1.89,3.89,4.09,1.99,3.89,4.09,1.9,3.62,3.74,,,,,,,24,4,11,2,10,12,8,2
MEX,Liga MX,2022/2023,28/10/2022,02:06,Toluca,Pachuca,1,5,A,3.79,3.77,2,3.89,4,2.1,3.56,3.6,1.96,,,,,,,,,,,,,,
MEX,Liga MX,2022/2023,31/10/2022,01:36,Pachuca,Toluca,3,1,H,1.63,4.63,5.02,1.63,4.73,5.77,1.57,4.39,4.89,,,,,,,,,,,,,,
MEX,Liga MX,2022/2023,07/01/2023,01:00,Necaxa,Atl. San Luis,2,3,A,2.25,3.21,3.67,2.25,3.3,3.67,2.17,3.15,3.41,,,,,,,12,14,6,6,13,9,6,7
MEX,Liga MX,2022/2023,07/01/2023,23:00,Club America,Queretaro,0,0,D,1.43,4.86,7.78,1.47,4.86,7.78,1.43,4.52,6.74,,,,,,,26,7,6,2,8,13,15,3
MEX,Liga MX,2022/2023,08/01/2023,03:10,Monterrey,Guadalajara Chivas,0,1,A,2.01,3.38,4.26,2.08,3.75,4.55,1.95,3.28,3.98,,,,,,,24,6,8,2,15,13,9,1
MEX,Liga MX,2022/2023,08/01/2023,18:00,UNAM Pumas,Juarez,2,1,H,2.24,3.27,3.63,2.31,3.46,3.63,2.23,3.17,3.25,,,,,,,,,,,,,,
MEX,Liga MX,2022/2023,09/01/2023,01:00,Santos Laguna,Tigres UANL,0,3,A,3.43,3.22,2.35,3.43,3.34,2.49,3.11,3.16,2.3,,,,,,,16,17,7,7,10,11,10,6
MEX,Liga MX,2022/2023,09/01/2023,03:10,Club Tijuana,Cruz Azul,1,1,D,2.55,3.53,2.84,2.59,3.53,2.91,2.44,3.33,2.76,,,,,,,16,9,9,4,15,10,6,6
MEX,Liga MX,2022/2023,10/01/2023,03:10,Pachuca,Puebla,5,1,H,1.56,4.34,6.25,1.57,4.4,6.5,1.53,4.08,5.8,,,,,,,22,8,10,3,10,14,12,0
MEX,Liga MX,2022/2023,13/01/2023,03:05,Atlas,Mazatlan FC,2,1,H,1.76,3.62,5.41,1.79,3.81,5.42,1.72,3.48,4.98,,,,,,,22,11,10,3,14,14,8,0
MEX,Liga MX,2022/2023,14/01/2023,01:05,Atl. San Luis,Guadalajara Chivas,0,0,D,3.14,3.35,2.44,3.19,3.39,2.5,2.94,3.17,2.39,,,,,,,4,13,1,5,14,9,2,9
MEX,Liga MX,2022/2023,14/01/2023,03:05,Puebla,Queretaro,2,0,H,2.2,3.39,3.59,2.3,3.54,3.59,2.17,3.3,3.25,,,,,,,12,11,5,5,8,12,4,1
MEX,Liga MX,2022/2023,14/01/2023,23:00,Cruz Azul,Monterrey,2,3,A,2.71,3.3,2.81,2.75,3.48,2.81,2.61,3.15,2.69,,,,,,,13,17,5,8,10,17,6,9
MEX,Liga MX,2022/2023,15/01/2023,01:05,Juarez,Club Tijuana,3,0,H,2.32,3.25,3.45,2.35,3.33,3.45,2.26,3.15,3.21,,,,,,,,,,,,,,
MEX,Liga MX,2022/2023,15/01/2023,01:05,Toluca,Club America,2,2,D,4.22,3.96,1.85,4.25,4.09,1.85,3.96,3.74,1.81,,,,,,,18,18,12,4,11,9,8,3
MEX,Liga MX,2022/2023,15/01/2023,03:05,Santos Laguna,UNAM Pumas,3,0,H,2.22,3.7,3.26,2.23,3.78,3.4,2.14,3.53,3.1,,,,,,,27,23,19,9,6,9,8,10
MEX,Liga MX,2022/2023,16/01/2023,01:05,Tigres UANL,Pachuca,4,1,H,2.17,3.24,3.85,2.18,3.33,3.85,2.11,3.14,3.57,,,,,,,17,13,7,3,19,15,5,3
MEX,Liga MX,2022/2023,17/01/2023,03:05,Club Leon,Necaxa,2,1,H,1.79,3.95,4.62,1.95,4,4.62,1.76,3.73,4.23,,,,,,,15,5,2,3,20,22,4,1
MEX,Liga MX,2022/2023,21/01/2023,03:00,Mazatlan FC,Santos Laguna,1,2,A,3.57,3.73,2.08,3.6,3.73,2.14,3.33,3.54,2.04,,,,,,,16,23,5,12,11,9,8,9
MEX,Liga MX,2022/2023,21/01/2023,03:10,Club Tijuana,Tigres UANL,1,1,D,4.17,3.71,1.93,4.25,3.75,1.98,3.91,3.56,1.88,,,,,,,8,11,2,5,23,8,4,4
MEX,Liga MX,2022/2023,21/01/2023,23:06,Monterrey,Atl. San Luis,3,1,H,1.4,4.87,8.9,1.52,5,8.9,1.39,4.57,7.55,,,,,,,15,9,3,3,9,16,4,3
MEX,Liga MX,2022/2023,22/01/2023,01:10,Club America,Puebla,2,2,D,1.4,5.22,7.88,1.43,5.22,8.52,1.37,4.88,7.45,,,,,,,19,8,6,5,8,14,15,2
MEX,Liga MX,2022/2023,22/01/2023,03:10,Guadalajara Chivas,Toluca,1,2,A,1.98,3.48,4.24,2.08,3.64,4.24,1.95,3.38,3.79,,,,,,,13,13,2,4,11,12,6,4
MEX,Liga MX,2022/2023,22/01/2023,03:10,Necaxa,Cruz Azul,1,0,H,3.49,3.39,2.24,3.5,3.58,2.66,3.22,3.3,2.19,,,,,,,9,17,3,3,26,8,2,8
MEX,Liga MX,2022/2023,22/01/2023,18:00,UNAM Pumas,Club Leon,4,1,H,2.27,3.78,3.09,2.31,3.84,3.09,2.22,3.59,2.92,,,,,,,9,12,5,2,18,11,2,6
MEX,Liga MX,2022/2023,22/01/2023,23:00,Queretaro,Atlas,3,3,D,3.67,3.26,2.23,3.75,3.46,2.29,3.35,3.18,2.18,,,,,,,15,15,5,7,9,14,5,3
MEX,Liga MX,2022/2023,23/01/2023,01:10,Pachuca,Juarez,4,1,H,1.56,4.11,6.81,1.6,4.2,6.81,1.54,3.91,5.93,,,,,,,,,,,,,,
MEX,Liga MX,2022/2023,27/01/2023,03:05,Atlas,Santos Laguna,2,2,D,2.15,3.62,3.51,2.19,3.64,3.53,2.09,3.49,3.26,,,,,,,13,11,4,2,11,11,9,1
MEX,Liga MX,2022/2023,28/01/2023,01:05,Puebla,Monterrey,1,2,A,3.99,3.72,1.96,4.1,3.72,2,3.72,3.51,1.92,,,,,,,16,19,8,3,14,11,6,6
MEX,Liga MX,2022/2023,28/01/2023,03:05,Club Tijuana,UNAM Pumas,0,0,D,1.99,3.72,3.87,2.04,3.75,4,1.97,3.53,3.59,,,,,,,22,4,6,2,16,13,12,3
MEX,Liga MX,2022/2023,29/01/2023,01:05,Tigres UANL,Atl. San Luis,0,0,D,1.46,4.63,7.49,1.48,4.63,7.5,1.44,4.36,6.8,,,,,,,18,2,3,0,11,11,10,0
MEX,Liga MX,2022/2023,29/01/2023,03:05,Club America,Mazatlan FC,6,0,H,1.24,6.9,12.01,1.25,6.9,13,1.22,6.26,11.22,,,,,,,16,10,9,2,11,18,6,4
MEX,Liga MX,2022/2023,29/01/2023,03:05,Juarez,Guadalajara Chivas,1,2,A,3.07,3.02,2.7,3.07,3.02,2.75,2.89,2.89,2.64,,,,,,,,,,,,,,
MEX,Liga MX,2022/2023,29/01/2023,18:00,Toluca,Club Leon,0,0,D,2.27,3.83,3.06,2.27,3.83,3.12,2.18,3.64,2.95,,,,,,,31,7,9,1,12,9,12,1
MEX,Liga MX,2022/2023,30/01/2023,01:00,Pachuca,Necaxa,2,1,H,1.44,4.82,7.65,1.49,4.82,7.8,1.44,4.41,6.71,,,,,,,25,9,12,3,12,9,9,4
MEX,Liga MX,2022/2023,02/02/2023,02:05,Atlas,Toluca,0,0,D,2.05,3.65,3.74,2.19,3.77,3.74,2.07,3.49,3.32,,,,,,,11,15,2,4,13,18,5,7
MEX,Liga MX,2022/2023,03/02/2023,03:00,Atl. San Luis,Puebla,2,0,H,2.48,3.24,3.17,2.51,3.26,3.41,2.36,3.1,3.1,,,,,,,16,15,4,4,7,14,4,7
MEX,Liga MX,2022/2023,04/02/2023,01:00,Necaxa,Club Tijuana,1,1,D,2.75,3.24,2.81,2.8,3.34,2.81,2.63,3.14,2.7,,,,,,,15,10,6,2,18,15,8,2
MEX,Liga MX,2022/2023,04/02/2023,03:05,Mazatlan FC,Juarez,2,3,A,2.92,3.13,2.74,2.92,3.28,2.85,2.72,3.05,2.68,,,,,,,,,,,,,,
MEX,Liga MX,2022/2023,04/02/2023,23:00,Club Leon,Pachuca,0,1,A,2.99,3.65,2.43,3.15,3.65,2.43,2.9,3.45,2.29,,,,,,,16,12,4,3,10,9,10,4
MEX,Liga MX,2022/2023,05/02/2023,01:05,Cruz Azul,Tigres UANL,0,1,A,2.87,3.27,2.68,2.9,3.37,2.68,2.78,3.16,2.53,,,,,,,16,11,3,4,13,8,5,4
MEX,Liga MX,2022/2023,05/02/2023,03:05,Santos Laguna,Club America,2,2,D,3.06,4.01,2.21,3.1,4.1,2.28,2.95,3.75,2.15,,,,,,,14,25,6,9,10,10,5,7
MEX,Liga MX,2022/2023,05/02/2023,18:00,UNAM Pumas,Atlas,2,2,D,2.76,3.32,2.75,2.77,3.45,2.8,2.64,3.19,2.65,,,,,,,13,11,5,2,8,10,4,5
MEX,Liga MX,2022/2023,05/02/2023,23:05,Guadalajara Chivas,Queretaro,1,1,D,1.91,3.57,4.46,1.95,3.66,4.71,1.85,3.46,4.15,,,,,,,18,8,4,1,14,19,7,3
MEX,Liga MX,2022/2023,06/02/2023,01:10,Monterrey,Toluca,2,1,H,1.56,4.25,6.36,1.58,4.5,6.9,1.51,4.23,5.86,,,,,,,12,13,5,7,10,6,3,10
MEX,Liga MX,2022/2023,10/02/2023,01:05,Queretaro,Club Leon,0,3,A,3,3.57,2.42,3,3.61,2.57,2.77,3.45,2.38,,,,,,,12,16,3,7,11,19,5,9
MEX,Liga MX,2022/2023,10/02/2023,03:05,Atlas,Monterrey,0,2,A,2.75,3.44,2.69,3,3.53,2.72,2.64,3.32,2.55,,,,,,,16,16,4,6,14,7,5,4
MEX,Liga MX,2022/2023,11/02/2023,01:00,Puebla,Mazatlan FC,3,1,H,1.56,4.43,6.06,1.8,4.43,6.06,1.56,4.15,5.37,,,,,,,14,17,4,3,13,13,3,7
MEX,Liga MX,2022/2023,11/02/2023,03:10,Club Tijuana,Atl. San Luis,1,0,H,2.18,3.55,3.48,2.2,3.78,3.79,2.07,3.41,3.4,,,,,,,21,6,5,1,12,9,7,4
MEX,Liga MX,2022/2023,11/02/2023,23:00,Club America,Necaxa,2,1,H,1.27,6.18,11.28,1.35,7,14,1.24,5.98,10.7,,,,,,,13,5,5,1,14,14,4,5
MEX,Liga MX,2022/2023,12/02/2023,01:05,Juarez,Santos Laguna,3,1,H,2.96,3.6,2.43,3.02,3.72,2.5,2.84,3.49,2.32,,,,,,,0,13,0,3,0,5,0,6
MEX,Liga MX,2022/2023,12/02/2023,01:05,Tigres UANL,UNAM Pumas,4,2,H,1.42,4.97,7.98,1.45,5.1,8.19,1.4,4.64,7.17,,,,,,,19,13,5,7,8,13,8,7
MEX,Liga MX,2022/2023,12/02/2023,03:05,Pachuca,Guadalajara Chivas,1,1,D,2.01,3.46,4.12,2.01,3.59,4.35,1.93,3.34,3.96,,,,,,,14,17,4,9,12,10,3,5
MEX,Liga MX,2022/2023,12/02/2023,18:00,Toluca,Cruz Azul,3,1,H,2.57,3.46,2.86,2.61,3.5,2.86,2.47,3.33,2.73,,,,,,,11,14,6,5,9,11,5,8
MEX,Liga MX,2022/2023,15/02/2023,01:05,Club Leon,Puebla,2,0,H,1.69,4.17,5.03,1.74,4.2,5.03,1.66,3.96,4.65,,,,,,,34,3,12,0,9,10,10,3
MEX,Liga MX,2022/2023,15/02/2023,01:05,Tigres UANL,Juarez,0,0,D,1.43,4.97,7.6,1.45,5.05,7.9,1.42,4.6,6.86,,,,,,,,,,,,,,
MEX,Liga MX,2022/2023,15/02/2023,03:05,Atl. San Luis,Club America,1,3,A,4.76,4.09,1.74,4.76,4.1,1.77,4.46,3.83,1.71,,,,,,,13,19,4,9,9,8,4,6
MEX,Liga MX,2022/2023,16/02/2023,01:05,Guadalajara Chivas,Club Tijuana,2,1,H,1.88,3.52,4.66,1.93,3.58,4.82,1.84,3.41,4.3,,,,,,,13,13,2,3,10,7,10,3
MEX,Liga MX,2022/2023,16/02/2023,01:05,Monterrey,Queretaro,2,0,H,1.35,5.4,9.52,1.41,5.54,10.13,1.33,5.03,8.38,,,,,,,15,9,5,0,15,17,0,1
MEX,Liga MX,2022/2023,16/02/2023,03:05,Necaxa,UNAM Pumas,3,1,H,2.92,3.46,2.52,2.92,3.61,2.72,2.73,3.36,2.47,,,,,,,11,19,3,8,12,13,2,13
MEX,Liga MX,2022/2023,17/02/2023,03:00,Mazatlan FC,Pachuca,2,3,A,4.9,4.1,1.72,5,4.21,1.73,4.54,3.95,1.68,,,,,,,14,17,5,5,14,14,4,3
MEX,Liga MX,2022/2023,18/02/2023,01:06,Juarez,Club Leon,0,0,D,2.95,3.34,2.57,2.95,3.52,2.61,2.81,3.25,2.47,,,,,,,,,,,,,,
MEX,Liga MX,2022/2023,18/02/2023,03:05,Puebla,Cruz Azul,1,3,A,3.3,3.67,2.21,3.3,3.67,2.35,3.04,3.45,2.21,,,,,,,19,11,5,4,10,13,2,4
MEX,Liga MX,2022/2023,18/02/2023,23:00,Atl. San Luis,Santos Laguna,1,1,D,2.75,3.65,2.56,2.75,3.68,2.6,2.66,3.48,2.46,,,,,,,14,26,4,4,10,8,3,12
MEX,Liga MX,2022/2023,18/02/2023,23:06,Monterrey,Necaxa,2,1,H,1.32,5.6,10.39,1.36,5.8,11,1.31,5.17,9.03,,,,,,,16,4,9,2,10,9,5,4
MEX,Liga MX,2022/2023,19/02/2023,01:05,Atlas,Tigres UANL,0,1,A,3.57,3.41,2.2,3.6,3.49,2.21,3.37,3.29,2.13,,,,,,,10,10,2,4,15,14,2,5
MEX,Liga MX,2022/2023,19/02/2023,03:05,UNAM Pumas,Guadalajara Chivas,1,2,A,2.36,3.39,3.24,2.46,3.5,3.28,2.32,3.26,3,,,,,,,25,10,5,3,17,6,5,7
MEX,Liga MX,2022/2023,19/02/2023,23:00,Queretaro,Mazatlan FC,1,1,D,1.92,3.57,4.4,1.94,3.81,4.7,1.84,3.5,4.15,,,,,,,16,8,6,3,8,12,7,0
MEX,Liga MX,2022/2023,20/02/2023,01:05,Club America,Club Tijuana,2,1,H,1.28,6.15,11.09,1.34,6.15,11.09,1.29,5.46,9,,,,,,,18,14,7,4,17,16,8,3
MEX,Liga MX,2022/2023,20/02/2023,03:05,Pachuca,Toluca,1,2,A,1.79,4.05,4.45,1.82,4.1,4.5,1.76,3.86,4.17,,,,,,,19,12,7,6,10,12,7,5
MEX,Liga MX,2022/2023,23/02/2023,02:05,Cruz Azul,Atlas,1,0,H,2.44,3.34,3.13,2.48,3.45,3.25,2.35,3.21,2.98,,,,,,,15,9,4,3,9,11,5,5
MEX,Liga MX,2022/2023,24/02/2023,02:05,Santos Laguna,Toluca,0,5,A,2.04,4.09,3.4,2.08,4.1,3.42,2.01,3.85,3.21,,,,,,,18,14,4,8,10,3,8,1
MEX,Liga MX,2022/2023,25/02/2023,01:05,Necaxa,Queretaro,1,1,D,2.51,3.19,3.17,2.51,3.28,3.38,2.39,3.08,3.06,,,,,,,16,16,4,3,7,11,4,3
MEX,Liga MX,2022/2023,25/02/2023,03:10,Mazatlan FC,UNAM Pumas,1,2,A,2.43,3.66,2.91,2.5,3.71,2.93,2.36,3.49,2.78,,,,,,,13,24,2,8,13,14,6,8
MEX,Liga MX,2022/2023,25/02/2023,23:00,Cruz Azul,Juarez,1,0,H,1.77,3.66,5.2,1.77,3.82,5.3,1.72,3.58,4.85,,,,,,,,,,,,,,
MEX,Liga MX,2022/2023,26/02/2023,01:05,Tigres UANL,Guadalajara Chivas,1,2,A,1.72,3.63,5.72,1.75,3.72,6.17,1.69,3.46,5.24,,,,,,,20,7,3,4,11,18,9,3
MEX,Liga MX,2022/2023,26/02/2023,03:05,Atlas,Club America,2,2,D,3.89,3.75,1.98,4.23,3.77,2.01,3.69,3.56,1.93,,,,,,,9,18,4,5,13,9,1,7
MEX,Liga MX,2022/2023,26/02/2023,18:00,Toluca,Atl. San Luis,2,0,H,1.69,4.28,4.88,1.7,4.4,5.2,1.64,4.06,4.68,,,,,,,15,17,4,6,8,7,4,4
MEX,Liga MX,2022/2023,27/02/2023,01:05,Santos Laguna,Puebla,3,2,H,1.53,4.68,5.9,1.56,4.7,6,1.51,4.44,5.48,,,,,,,19,11,8,3,11,12,5,2
MEX,Liga MX,2022/2023,27/02/2023,03:05,Club Tijuana,Pachuca,2,0,H,2.65,3.53,2.65,2.82,3.6,2.69,2.6,3.35,2.57,,,,,,,9,20,5,5,16,13,6,5
MEX,Liga MX,2022/2023,28/02/2023,03:10,Club Leon,Monterrey,1,1,D,2.84,3.49,2.58,2.95,3.56,2.68,2.67,3.33,2.54,,,,,,,8,12,3,5,9,10,5,2
MEX,Liga MX,2022/2023,04/03/2023,01:05,Mazatlan FC,Cruz Azul,3,1,H,3.66,3.48,2.14,3.71,3.55,2.14,3.46,3.37,2.06,,,,,,,15,6,7,3,8,11,8,1
MEX,Liga MX,2022/2023,04/03/2023,01:05,Necaxa,Tigres UANL,0,1,A,4.98,3.62,1.81,5.1,3.72,1.82,4.58,3.54,1.75,,,,,,,18,9,2,5,21,11,2,1
MEX,Liga MX,2022/2023,04/03/2023,03:15,Club Tijuana,Atlas,1,1,D,1.95,3.58,4.22,2.18,3.58,4.22,1.96,3.33,3.84,,,,,,,9,14,2,6,15,15,5,4
MEX,Liga MX,2022/2023,04/03/2023,23:00,Club Leon,Atl. San Luis,2,0,H,1.63,4.2,5.55,1.67,4.2,6.06,1.6,3.92,5.18,,,,,,,20,10,10,3,16,17,10,2
MEX,Liga MX,2022/2023,05/03/2023,01:05,Club America,Pachuca,0,3,A,1.93,3.93,3.9,1.95,4,4.5,1.85,3.77,3.78,,,,,,,21,13,5,6,7,6,9,4
MEX,Liga MX,2022/2023,05/03/2023,01:10,Monterrey,Juarez,3,0,H,1.65,3.86,6,1.68,4.1,6.6,1.59,3.71,5.7,,,,,,,,,,,,,,
MEX,Liga MX,2022/2023,05/03/2023,03:05,Guadalajara Chivas,Santos Laguna,2,0,H,2.08,3.73,3.56,2.17,3.75,3.56,2.06,3.57,3.28,,,,,,,17,12,7,2,13,7,8,7
MEX,Liga MX,2022/2023,05/03/2023,18:00,UNAM Pumas,Puebla,2,4,A,1.64,4.29,5.36,1.67,4.33,5.72,1.6,4.1,4.94,,,,,,,15,20,5,9,7,12,5,7
MEX,Liga MX,2022/2023,06/03/2023,01:05,Queretaro,Toluca,1,0,H,3.59,3.61,2.12,3.7,3.67,2.18,3.43,3.47,2.03,,,,,,,7,21,5,7,13,5,3,8
MEX,Liga MX,2022/2023,11/03/2023,01:05,Atl. San Luis,Queretaro,2,0,H,2.23,3.31,3.59,2.26,3.35,3.63,2.18,3.19,3.33,,,,,,,17,7,6,1,9,10,9,3
MEX,Liga MX,2022/2023,11/03/2023,03:05,Puebla,Guadalajara Chivas,1,0,H,3.31,3.54,2.26,3.4,3.55,2.28,3.16,3.35,2.18,,,,,,,8,19,2,2,10,8,2,7
MEX,Liga MX,2022/2023,11/03/2023,23:00,Atlas,Club Leon,0,1,A,2.58,3.31,2.97,2.69,3.42,2.97,2.47,3.18,2.81,,,,,,,21,19,4,5,6,13,7,3
MEX,Liga MX,2022/2023,12/03/2023,01:05,Cruz Azul,UNAM Pumas,1,0,H,2.13,3.61,3.55,2.13,3.66,3.8,2.06,3.48,3.36,,,,,,,16,7,3,1,10,15,6,2
MEX,Liga MX,2022/2023,12/03/2023,03:10,Tigres UANL,Club America,0,2,A,2.33,3.43,3.26,2.38,3.5,3.36,2.26,3.28,3.07,,,,,,,9,14,3,5,14,13,3,3
MEX,Liga MX,2022/2023,12/03/2023,18:00,Toluca,Mazatlan FC,4,1,H,1.28,6.11,10.48,1.4,6.11,11,1.3,5.44,8.88,,,,,,,25,6,11,1,8,5,6,0
MEX,Liga MX,2022/2023,13/03/2023,01:05,Pachuca,Monterrey,1,2,A,2.4,3.21,3.33,2.53,3.3,3.35,2.36,3.11,3.06,,,,,,,16,13,4,5,6,12,4,1
MEX,Liga MX,2022/2023,13/03/2023,01:05,Santos Laguna,Club Tijuana,3,2,H,1.81,4.02,4.36,1.91,4.02,4.36,1.79,3.78,3.97,,,,,,,11,15,7,5,9,6,14,5
MEX,Liga MX,2022/2023,13/03/2023,03:15,Juarez,Necaxa,1,1,D,1.98,3.46,4.24,2.31,3.5,4.1,2.14,3.08,3.57,,,,,,,,,,,,,,
MEX,Liga MX,2022/2023,18/03/2023,01:00,Puebla,Atlas,0,4,A,3.45,3.39,2.39,3.63,3.5,2.5,3.19,3.27,2.22,,,,,,,14,11,6,5,11,11,3,2
MEX,Liga MX,2022/2023,18/03/2023,03:05,Club Tijuana,Toluca,3,3,D,2.38,3.61,3.08,2.48,3.61,3.08,2.31,3.4,2.89,,,,,,,18,10,9,5,14,20,4,6
MEX,Liga MX,2022/2023,18/03/2023,03:10,Mazatlan FC,Necaxa,0,1,A,2.95,3.35,2.56,3,3.4,2.85,2.82,3.23,2.45,,,,,,,9,11,2,1,6,14,3,4
MEX,Liga MX,2022/2023,18/03/2023,23:00,Cruz Azul,Atl. San Luis,1,0,H,1.78,3.68,5.15,1.83,3.72,5.16,1.74,3.53,4.63,,,,,,,18,8,8,0,8,9,9,3
MEX,Liga MX,2022/2023,19/03/2023,01:05,Tigres UANL,Monterrey,0,1,A,2.43,3.22,3.28,2.53,3.3,3.3,2.39,3.09,3.03,,,,,,,15,13,8,2,13,17,5,4
MEX,Liga MX,2022/2023,19/03/2023,03:10,Guadalajara Chivas,Club America,2,4,A,3.26,3.51,2.29,3.39,3.55,2.31,3.11,3.36,2.21,,,,,,,21,18,3,7,10,4,9,3
MEX,Liga MX,2022/2023,19/03/2023,18:00,UNAM Pumas,Pachuca,0,2,A,2.65,3.42,2.8,2.85,3.5,2.84,2.56,3.33,2.63,,,,,,,8,18,2,8,12,11,0,7
MEX,Liga MX,2022/2023,20/03/2023,01:05,Queretaro,Juarez,2,2,D,2.64,3.1,3.07,2.7,3.15,3.11,2.5,2.98,2.95,,,,,,,,,,,,,,
MEX,Liga MX,2022/2023,20/03/2023,03:05,Club Leon,Santos Laguna,4,1,H,1.88,4,4.05,1.91,4.1,4.05,1.85,3.82,3.68,,,,,,,25,12,9,8,10,9,5,3
MEX,Liga MX,2022/2023,25/03/2023,03:05,Mazatlan FC,Club Leon,1,2,A,4.87,3.7,1.81,5,3.85,1.87,4.41,3.56,1.77,,,,,,,14,12,3,6,15,13,2,2
MEX,Liga MX,2022/2023,30/03/2023,04:05,Queretaro,Cruz Azul,2,2,D,4.04,3.38,2.06,4.25,3.45,2.2,3.79,3.26,2,,,,,,,15,12,7,5,14,11,7,1
MEX,Liga MX,2022/2023,01/04/2023,02:05,Necaxa,Santos Laguna,0,0,D,2.8,3.61,2.54,2.88,3.69,2.54,2.71,3.46,2.41,,,,,,,12,13,4,2,14,13,5,5
MEX,Liga MX,2022/2023,01/04/2023,04:00,Juarez,Puebla,0,2,A,1.72,3.89,5.21,2.3,3.9,5.4,1.74,3.6,4.7,,,,,,,,,,,,,,
MEX,Liga MX,2022/2023,02/04/2023,00:00,Pachuca,Cruz Azul,0,2,A,2.01,3.55,4.02,2.02,3.62,4.27,1.95,3.39,3.79,,,,,,,22,10,5,5,11,13,10,3
MEX,Liga MX,2022/2023,02/04/2023,02:05,Club America,Club Leon,2,2,D,1.72,4.15,4.78,1.75,4.3,4.8,1.68,3.97,4.47,,,,,,,11,21,5,4,8,11,3,5
MEX,Liga MX,2022/2023,02/04/2023,02:15,Monterrey,Club Tijuana,4,0,H,1.51,4.39,7.18,1.54,4.5,7.37,1.49,4.12,6.36,,,,,,,20,5,10,1,10,9,2,6
MEX,Liga MX,2022/2023,02/04/2023,04:10,Atlas,Guadalajara Chivas,3,3,D,2.54,3.16,3.16,2.65,3.3,3.27,2.42,3.1,2.97,,,,,,,22,19,11,11,10,10,8,2
MEX,Liga MX,2022/2023,02/04/2023,19:00,Toluca,Tigres UANL,3,2,H,2.27,3.68,3.17,2.45,3.69,3.17,2.23,3.47,2.97,,,,,,,10,13,5,2,17,14,3,3
MEX,Liga MX,2022/2023,03/04/2023,00:00,Atl. San Luis,Mazatlan FC,2,1,H,1.56,4.17,6.63,2.01,4.3,6.8,1.55,3.95,5.94,,,,,,,14,13,5,7,17,14,5,6
MEX,Liga MX,2022/2023,03/04/2023,02:05,Queretaro,UNAM Pumas,1,0,H,2.87,3.48,2.55,2.96,3.52,2.58,2.73,3.34,2.46,,,,,,,12,17,1,7,13,6,4,4
MEX,Liga MX,2022/2023,08/04/2023,02:05,Puebla,Toluca,1,2,A,3.91,3.94,1.93,3.91,3.97,1.98,3.65,3.73,1.89,,,,,,,21,10,9,4,11,10,3,4
MEX,Liga MX,2022/2023,08/04/2023,04:10,Club Tijuana,Queretaro,1,2,A,1.56,4.39,6.04,1.58,4.5,6.1,1.52,4.21,5.66,,,,,,,24,13,4,3,16,27,8,8
MEX,Liga MX,2022/2023,09/04/2023,00:05,Guadalajara Chivas,Necaxa,1,0,H,1.8,3.88,4.6,1.83,4.19,4.8,1.73,3.71,4.4,,,,,,,17,16,5,3,8,9,7,6
MEX,Liga MX,2022/2023,09/04/2023,02:05,Club Leon,Cruz Azul,0,0,D,2.09,3.63,3.65,2.11,3.67,3.69,2.04,3.47,3.41,,,,,,,17,9,3,2,21,14,9,5
MEX,Liga MX,2022/2023,09/04/2023,02:05,Tigres UANL,Mazatlan FC,1,2,A,1.31,5.89,10.16,1.33,6,11,1.28,5.4,9.46,,,,,,,33,10,13,6,11,10,9,1
MEX,Liga MX,2022/2023,09/04/2023,04:10,Club America,Monterrey,2,1,H,1.93,3.94,3.9,2.02,4,4.1,1.87,3.73,3.74,,,,,,,8,9,5,4,9,9,6,4
MEX,Liga MX,2022/2023,09/04/2023,19:00,UNAM Pumas,Atl. San Luis,3,1,H,1.89,3.8,4.19,1.94,3.8,4.32,1.85,3.58,3.96,,,,,,,10,17,5,6,13,11,1,5
MEX,Liga MX,2022/2023,10/04/2023,01:05,Santos Laguna,Pachuca,1,4,A,2.62,3.74,2.64,2.74,3.8,2.7,2.51,3.51,2.57,,,,,,,12,15,6,6,18,12,3,4
MEX,Liga MX,2022/2023,10/04/2023,03:10,Juarez,Atlas,1,1,D,3.19,3.16,2.51,3.25,3.2,2.55,3,3.02,2.43,,,,,,,,,,,,,,
MEX,Liga MX,2022/2023,14/04/2023,04:05,Atl. San Luis,Juarez,2,0,H,2.27,3.39,3.41,2.29,3.4,3.5,2.2,3.23,3.27,,,,,,,,,,,,,,
MEX,Liga MX,2022/2023,15/04/2023,02:05,Necaxa,Puebla,1,1,D,2.13,3.46,3.72,2.22,3.56,4,2.03,3.37,3.56,,,,,,,15,18,5,1,10,18,7,1
MEX,Liga MX,2022/2023,15/04/2023,04:05,Mazatlan FC,Club Tijuana,1,2,A,3.74,3.92,1.98,3.79,3.93,2.01,3.59,3.7,1.92,,,,,,,14,14,4,5,9,16,5,5
MEX,Liga MX,2022/2023,16/04/2023,00:00,Atlas,Pachuca,4,1,H,3.18,3.48,2.35,3.21,3.55,2.4,2.99,3.37,2.28,,,,,,,11,16,5,5,18,15,0,9
MEX,Liga MX,2022/2023,16/04/2023,02:05,Club Leon,Guadalajara Chivas,0,2,A,2.45,3.43,3.05,2.45,3.56,3.3,2.32,3.33,2.96,,,,,,,12,14,5,4,10,18,2,5
MEX,Liga MX,2022/2023,16/04/2023,04:10,Cruz Azul,Club America,1,3,A,3.46,3.75,2.11,3.72,3.79,2.16,3.3,3.53,2.06,,,,,,,7,16,2,8,6,17,1,4
MEX,Liga MX,2022/2023,16/04/2023,19:00,UNAM Pumas,Toluca,3,1,H,2.86,3.9,2.37,3.08,3.94,2.39,2.79,3.65,2.27,,,,,,,13,13,5,3,16,18,4,7
MEX,Liga MX,2022/2023,17/04/2023,00:00,Queretaro,Tigres UANL,0,0,D,4.54,3.64,1.87,4.7,3.65,1.9,4.25,3.45,1.83,,,,,,,8,9,0,2,18,11,8,3
MEX,Liga MX,2022/2023,17/04/2023,02:10,Monterrey,Santos Laguna,1,2,A,1.6,4.54,5.4,1.6,4.73,5.9,1.52,4.41,5.39,,,,,,,21,10,7,4,9,12,9,2
MEX,Liga MX,2022/2023,21/04/2023,03:05,Tigres UANL,Puebla,1,0,H,1.6,4.15,6.06,1.62,4.6,6.8,1.55,4.12,5.47,,,,,,,21,11,6,2,11,14,7,3
MEX,Liga MX,2022/2023,22/04/2023,02:00,Mazatlan FC,Monterrey,0,2,A,6.07,4.65,1.53,6.07,4.8,1.59,5.63,4.38,1.51,,,,,,,10,18,2,8,17,11,5,2
MEX,Liga MX,2022/2023,22/04/2023,02:05,Necaxa,Atlas,1,3,A,3.52,3.57,2.16,3.53,3.68,2.45,3.28,3.44,2.12,,,,,,,17,13,4,6,9,9,4,5
MEX,Liga MX,2022/2023,22/04/2023,04:15,Club Tijuana,Club Leon,0,0,D,2.16,3.87,3.26,2.26,3.87,3.26,2.15,3.61,3.06,,,,,,,15,18,3,8,15,15,8,5
MEX,Liga MX,2022/2023,23/04/2023,00:00,Pachuca,Atl. San Luis,2,1,H,1.73,4.11,4.8,1.77,4.11,6,1.7,3.85,4.55,,,,,,,20,10,8,5,15,15,10,3
MEX,Liga MX,2022/2023,23/04/2023,02:05,Guadalajara Chivas,Cruz Azul,2,1,H,2.19,3.39,3.62,2.25,3.45,3.62,2.16,3.27,3.35,,,,,,,14,15,6,6,11,5,1,7
MEX,Liga MX,2022/2023,23/04/2023,04:10,Club America,UNAM Pumas,1,1,D,1.56,4.59,5.74,1.61,4.8,6,1.55,4.35,5.18,,,,,,,14,11,1,4,14,9,9,4
MEX,Liga MX,2022/2023,23/04/2023,19:00,Toluca,Juarez,1,1,D,1.56,4.46,6.13,1.58,4.5,6.2,1.53,4.26,5.58,,,,,,,,,,,,,,
MEX,Liga MX,2022/2023,24/04/2023,02:05,Santos Laguna,Queretaro,0,2,A,1.64,4.23,5.42,1.65,4.4,6.33,1.58,4.15,5.16,,,,,,,13,11,2,3,8,9,6,7
MEX,Liga MX,2022/2023,29/04/2023,04:05,Juarez,Club America,0,1,A,5.44,4.03,1.67,5.5,4.1,1.73,4.83,3.83,1.66,,,,,,,,,,,,,,
MEX,Liga MX,2022/2023,30/04/2023,00:00,Puebla,Club Tijuana,5,2,H,2.23,3.76,3.19,2.24,3.76,3.2,2.13,3.65,3.14,,,,,,,25,14,11,4,9,13,8,6
MEX,Liga MX,2022/2023,30/04/2023,02:00,Atl. San Luis,Atlas,0,0,D,2.71,3.48,2.7,2.94,3.69,2.57,2.75,3.36,2.43,,,,,,,24,10,3,1,12,8,9,3
MEX,Liga MX,2022/2023,30/04/2023,02:05,Guadalajara Chivas,Mazatlan FC,4,1,H,1.34,5.53,9.34,1.37,5.7,9.52,1.33,5.04,8.47,,,,,,,15,10,7,6,8,11,9,8
MEX,Liga MX,2022/2023,30/04/2023,02:05,Monterrey,UNAM Pumas,4,1,H,1.71,4.15,4.83,1.74,4.3,5.01,1.68,3.94,4.53,,,,,,,17,14,9,4,10,11,5,6
MEX,Liga MX,2022/2023,30/04/2023,04:05,Cruz Azul,Santos Laguna,3,2,H,2.06,3.83,3.55,2.1,3.88,3.8,2.01,3.59,3.43,,,,,,,13,18,5,7,5,7,3,7
MEX,Liga MX,2022/2023,30/04/2023,19:00,Toluca,Necaxa,3,0,H,1.4,5.55,7.26,1.47,5.55,7.26,1.43,4.9,6.18,,,,,,,13,7,4,3,13,17,2,3
MEX,Liga MX,2022/2023,01/05/2023,00:00,Queretaro,Pachuca,0,1,A,4.18,3.88,1.88,4.3,4,1.97,3.95,3.71,1.83,,,,,,,11,20,6,7,15,9,6,3
MEX,Liga MX,2022/2023,01/05/2023,02:05,Club Leon,Tigres UANL,3,0,H,1.84,3.93,4.32,2.05,4,4.33,1.83,3.71,3.95,,,,,,,13,16,7,2,19,16,4,6
MEX,Liga MX,2022/2023,07/05/2023,00:00,Cruz Azul,Atlas,0,1,A,2.17,3.39,3.66,2.17,3.42,3.88,2.08,3.25,3.57,,,,,,,17,11,4,3,7,11,5,4
MEX,Liga MX,2022/2023,07/05/2023,02:10,Pachuca,Santos Laguna,4,4,D,1.6,4.51,5.39,1.65,4.51,5.46,1.58,4.18,5.02,,,,,,,27,8,10,7,10,3,7,2
MEX,Liga MX,2022/2023,08/05/2023,02:06,Club Leon,Atl. San Luis,1,3,A,1.57,4.41,5.92,1.61,4.5,6.07,1.54,4.16,5.45,,,,,,,22,10,8,4,3,16,12,4
MEX,Liga MX,2022/2023,08/05/2023,04:10,Tigres UANL,Puebla,1,0,H,1.4,5.21,7.94,1.47,5.21,7.94,1.4,4.7,7,,,,,,,23,13,9,2,9,16,3,6
MEX,Liga MX,2022/2023,11/05/2023,02:00,Santos Laguna,Monterrey,0,0,D,3.73,3.8,2.01,3.73,3.89,2.05,3.51,3.62,1.97,,,,,,,7,12,1,2,8,14,6,5
MEX,Liga MX,2022/2023,11/05/2023,04:10,Atl. San Luis,Club America,1,3,A,4.61,4.08,1.76,5.4,4.4,1.76,4.74,3.99,1.65,,,,,,,13,21,2,12,12,10,2,5
MEX,Liga MX,2022/2023,12/05/2023,02:00,Atlas,Guadalajara Chivas,1,0,H,2.84,3,2.92,2.84,3.26,2.95,2.62,3.07,2.77,,,,,,,20,14,3,6,14,13,4,10
MEX,Liga MX,2022/2023,12/05/2023,04:10,Tigres UANL,Toluca,4,1,H,2.09,3.68,3.59,2.09,3.77,3.85,1.99,3.53,3.57,,,,,,,12,7,6,3,15,12,1,5
MEX,Liga MX,2022/2023,14/05/2023,02:06,Monterrey,Santos Laguna,2,0,H,1.58,4.41,5.86,1.62,4.75,5.86,1.55,4.2,5.36,,,,,,,11,12,3,3,17,12,2,6
MEX,Liga MX,2022/2023,14/05/2023,04:16,Club America,Atl. San Luis,1,2,A,1.34,5.97,8.61,1.35,6,8.9,1.31,5.52,8.05,,,,,,,26,10,11,4,9,12,10,4
MEX,Liga MX,2022/2023,14/05/2023,19:00,Toluca,Tigres UANL,3,1,H,1.81,4.01,4.36,2.08,4.01,4.5,1.86,3.76,3.81,,,,,,,13,11,4,4,16,12,2,3
MEX,Liga MX,2022/2023,15/05/2023,02:07,Guadalajara Chivas,Atlas,1,0,H,2.23,3.39,3.5,2.36,3.45,3.52,2.19,3.32,3.21,,,,,,,13,11,3,2,17,8,3,4
MEX,Liga MX,2022/2023,18/05/2023,04:00,Tigres UANL,Monterrey,1,1,D,2.66,3,3.13,2.84,3.15,3.13,2.58,2.95,2.91,,,,,,,5,10,2,4,16,14,4,5
MEX,Liga MX,2022/2023,19/05/2023,03:10,Guadalajara Chivas,Club America,0,1,A,3.19,3.13,2.54,3.23,3.39,2.54,2.98,3.21,2.37,,,,,,,16,18,5,6,11,12,8,7
MEX,Liga MX,2022/2023,21/05/2023,02:06,Monterrey,Tigres UANL,0,1,A,2.13,3.24,4.01,2.14,3.34,4.17,2.04,3.17,3.79,,,,,,,11,6,1,2,22,16,4,4
MEX,Liga MX,2022/2023,22/05/2023,03:00,Club America,Guadalajara Chivas,1,3,A,1.79,3.93,4.63,1.82,3.97,4.75,1.75,3.69,4.39,,,,,,,10,11,2,6,7,12,4,2
MEX,Liga MX,2022/2023,26/05/2023,03:00,Tigres UANL,Guadalajara Chivas,0,0,D,1.85,3.37,5.13,1.86,3.45,5.25,1.81,3.26,4.77,,,,,,,14,8,1,1,13,12,2,2
MEX,Liga MX,2022/2023,29/05/2023,02:35,Guadalajara Chivas,Tigres UANL,2,3,A,2.68,2.93,3.2,2.76,3.08,3.2,2.57,2.89,2.97,,,,,,,11,24,7,9,22,10,5,12
MEX,Liga MX,2023/2024,01/07/2023,02:00,Club America,Juarez,1,2,A,1.47,4.75,7.05,1.5,4.9,7.5,1.44,4.51,6.61,,,,,,,14,8,3,6,12,6,10,2
MEX,Liga MX,2023/2024,01/07/2023,02:00,Mazatlan FC,Pachuca,1,1,D,3.77,3.53,2.08,3.94,3.8,2.08,3.55,3.54,1.98,,,,,,,10,21,5,8,12,9,2,9
MEX,Liga MX,2023/2024,01/07/2023,04:10,Club Tijuana,UNAM Pumas,2,3,A,2.01,3.82,3.7,2.05,3.86,4,1.95,3.59,3.6,,,,,,,14,13,7,8,17,14,5,6
MEX,Liga MX,2023/2024,02/07/2023,00:00,Atl. San Luis,Monterrey,1,1,D,3.64,3.53,2.13,3.82,3.62,2.14,3.5,3.42,2.04,,,,,,,19,16,5,3,11,7,5,2
MEX,Liga MX,2023/2024,02/07/2023,02:00,Tigres UANL,Puebla,1,1,D,1.5,4.75,6.44,1.51,4.9,6.87,1.47,4.48,6.08,,,,,,,23,7,5,4,12,12,6,3
MEX,Liga MX,2023/2024,02/07/2023,04:10,Atlas,Cruz Azul,2,0,H,1.91,3.59,4.4,1.97,3.61,4.6,1.89,3.39,4.09,,,,,,,15,10,5,3,9,11,8,4
MEX,Liga MX,2023/2024,02/07/2023,19:00,Toluca,Necaxa,0,0,D,1.64,4.36,5.25,1.65,4.83,6.4,1.57,4.16,5.2,,,,,,,16,9,3,3,15,8,5,4
MEX,Liga MX,2023/2024,03/07/2023,02:05,Santos Laguna,Queretaro,0,2,A,1.68,4.2,5.12,1.74,4.2,5.12,1.66,3.94,4.68,,,,,,,0,12,0,3,0,9,0,8
MEX,Liga MX,2023/2024,04/07/2023,03:00,Club Leon,Guadalajara Chivas,1,2,A,1.93,3.5,4.43,2,3.54,4.48,1.91,3.34,4.03,,,,,,,28,11,8,4,9,10,16,7
MEX,Liga MX,2023/2024,08/07/2023,02:00,Puebla,Santos Laguna,2,3,A,2.71,3.81,2.52,2.72,3.84,2.6,2.6,3.59,2.47,,,,,,,24,22,10,10,11,9,8,5
MEX,Liga MX,2023/2024,08/07/2023,04:00,Necaxa,Club Tijuana,1,1,D,2.07,3.57,3.76,2.1,3.62,3.79,2.03,3.39,3.55,,,,,,,15,16,6,3,10,17,6,11
MEX,Liga MX,2023/2024,09/07/2023,00:50,Cruz Azul,Toluca,0,2,A,2.53,3.58,2.83,2.58,3.68,2.9,2.44,3.48,2.7,,,,,,,11,12,4,7,16,12,3,4
MEX,Liga MX,2023/2024,09/07/2023,01:05,Guadalajara Chivas,Atl. San Luis,3,1,H,2,3.56,4.02,2.06,3.6,4.06,1.97,3.44,3.67,,,,,,,16,7,5,3,12,7,4,4
MEX,Liga MX,2023/2024,09/07/2023,01:06,Juarez,Tigres UANL,1,1,D,3.8,3.48,2.09,3.8,3.53,2.15,3.53,3.33,2.05,,,,,,,13,17,4,6,5,11,4,11
MEX,Liga MX,2023/2024,09/07/2023,19:00,UNAM Pumas,Mazatlan FC,0,0,D,1.46,4.98,7.11,1.69,5.2,7.5,1.42,4.75,6.52,,,,,,,17,8,3,2,7,11,11,3
MEX,Liga MX,2023/2024,10/07/2023,02:00,Monterrey,Atlas,1,0,H,1.94,3.62,4.19,1.97,3.65,4.23,1.89,3.47,3.94,,,,,,,9,17,3,3,13,14,0,6
MEX,Liga MX,2023/2024,11/07/2023,03:00,Club Leon,Pachuca,4,0,H,1.91,3.82,4.11,1.96,3.9,4.11,1.88,3.7,3.72,,,,,,,12,12,7,2,18,12,11,4
MEX,Liga MX,2023/2024,14/07/2023,02:05,Santos Laguna,Atlas,0,0,D,2.18,3.63,3.4,2.34,3.63,3.4,2.17,3.44,3.13,,,,,,,12,10,2,2,11,12,2,4
MEX,Liga MX,2023/2024,14/07/2023,04:00,Guadalajara Chivas,Necaxa,2,0,H,2.25,3.24,3.63,2.25,3.41,3.87,2.17,3.15,3.39,,,,,,,9,13,5,1,8,10,5,4
MEX,Liga MX,2023/2024,15/07/2023,02:00,Mazatlan FC,Monterrey,0,3,A,4.38,3.7,1.88,4.53,3.94,1.9,4.1,3.62,1.81,,,,,,,5,14,1,5,8,12,2,8
MEX,Liga MX,2023/2024,15/07/2023,04:10,Club Tijuana,Cruz Azul,2,1,H,1.96,3.56,4.01,2.16,3.6,4.01,2.04,3.4,3.48,,,,,,,12,12,5,1,14,16,7,1
MEX,Liga MX,2023/2024,16/07/2023,00:00,Atl. San Luis,Queretaro,4,1,H,2.06,3.53,3.84,2.2,3.55,3.85,2.02,3.36,3.58,,,,,,,,,,,,,,
MEX,Liga MX,2023/2024,16/07/2023,02:00,Club America,Puebla,3,0,H,1.44,5.03,7.14,1.44,5.45,7.48,1.4,4.9,6.53,,,,,,,21,10,8,4,12,14,4,5
MEX,Liga MX,2023/2024,16/07/2023,04:05,Tigres UANL,Club Leon,1,0,H,2.04,3.68,3.74,2.12,3.68,4.04,2.01,3.43,3.54,,,,,,,12,17,6,7,8,11,3,5
MEX,Liga MX,2023/2024,16/07/2023,19:00,Toluca,Juarez,2,4,A,1.56,4.56,5.78,1.57,4.67,6.5,1.51,4.27,5.68,,,,,,,13,13,5,9,12,15,5,5
MEX,Liga MX,2023/2024,17/07/2023,03:15,Pachuca,UNAM Pumas,1,1,D,2.08,3.91,3.43,2.05,3.89,3.85,1.96,3.65,3.44,,,,,,,21,7,8,1,14,20,15,2
MEX,Liga MX,2023/2024,19/08/2023,02:06,Club Leon,Mazatlan FC,2,1,H,1.35,5.64,8.57,1.37,5.64,8.58,1.32,5.24,7.92,,,,,,,15,11,4,4,9,11,4,5
MEX,Liga MX,2023/2024,19/08/2023,04:00,UNAM Pumas,Toluca,1,1,D,2.7,3.75,2.56,2.71,3.78,2.57,2.58,3.57,2.45,,,,,,,22,10,5,4,14,14,8,3
MEX,Liga MX,2023/2024,19/08/2023,04:06,Puebla,Atl. San Luis,1,2,A,2.64,3.88,2.56,2.68,3.88,2.95,2.53,3.61,2.49,,,,,,,23,22,4,8,10,7,4,5
MEX,Liga MX,2023/2024,19/08/2023,04:10,Juarez,Guadalajara Chivas,1,1,D,3.97,3.38,2.08,3.97,3.4,2.48,3.58,3.2,2.08,,,,,,,18,9,3,5,8,13,3,3
MEX,Liga MX,2023/2024,21/08/2023,00:00,Cruz Azul,Santos Laguna,2,2,D,2.26,3.64,3.23,2.26,3.64,3.3,2.15,3.43,3.14,,,,,,,18,17,9,7,12,13,4,3
MEX,Liga MX,2023/2024,21/08/2023,02:06,Queretaro,Pachuca,1,1,D,3.03,3.5,2.43,3.1,3.53,2.43,2.87,3.38,2.33,,,,,,,,,,,,,,
MEX,Liga MX,2023/2024,21/08/2023,04:10,Club America,Atlas,1,1,D,2.12,3.68,3.5,2.15,3.68,3.6,2.07,3.45,3.3,,,,,,,13,8,4,1,7,9,5,3
MEX,Liga MX,2023/2024,21/08/2023,04:10,Necaxa,Tigres UANL,0,3,A,4.5,3.71,1.86,4.73,3.71,1.88,4.15,3.49,1.83,,,,,,,9,9,1,6,17,8,7,5
MEX,Liga MX,2023/2024,23/08/2023,02:00,Guadalajara Chivas,Club Tijuana,1,0,H,1.71,4.05,4.99,1.71,4.4,6,1.61,3.98,4.94,,,,,,,24,7,9,3,13,10,11,2
MEX,Liga MX,2023/2024,23/08/2023,02:00,Mazatlan FC,Puebla,1,0,H,1.94,3.86,3.9,1.94,4.05,4,1.84,3.81,3.73,,,,,,,12,12,4,5,9,12,3,6
MEX,Liga MX,2023/2024,23/08/2023,04:06,Juarez,UNAM Pumas,4,1,H,3.01,3.55,2.42,3.1,3.55,2.45,2.88,3.37,2.33,,,,,,,12,19,7,7,15,14,4,5
MEX,Liga MX,2023/2024,24/08/2023,02:00,Club America,Necaxa,3,2,H,1.42,5.18,7.53,1.42,5.18,8.07,1.39,4.72,7.04,,,,,,,20,9,10,3,10,12,13,2
MEX,Liga MX,2023/2024,24/08/2023,02:06,Pachuca,Cruz Azul,1,0,H,2.27,3.5,3.32,2.3,3.51,3.34,2.22,3.35,3.1,,,,,,,17,17,4,7,12,9,4,7
MEX,Liga MX,2023/2024,24/08/2023,04:00,Atl. San Luis,Club Leon,3,0,H,3.28,3.76,2.18,3.3,3.76,2.2,3.12,3.57,2.11,,,,,,,9,12,3,4,14,9,3,2
MEX,Liga MX,2023/2024,26/08/2023,02:00,Puebla,Juarez,1,0,H,2.36,3.58,3.08,2.38,3.6,3.08,2.3,3.43,2.9,,,,,,,12,16,3,3,16,9,4,8
MEX,Liga MX,2023/2024,26/08/2023,04:10,Club Tijuana,Mazatlan FC,1,1,D,1.9,3.98,3.97,1.95,4,4.01,1.86,3.76,3.74,,,,,,,12,4,1,1,19,17,6,0
MEX,Liga MX,2023/2024,27/08/2023,00:00,Atlas,Toluca,0,0,D,1.97,3.72,3.96,2.2,3.8,3.96,1.94,3.56,3.65,,,,,,,10,8,4,2,10,10,7,4
MEX,Liga MX,2023/2024,27/08/2023,02:00,Club America,Club Leon,1,1,D,1.88,4.1,3.92,1.92,4.1,3.92,1.86,3.86,3.67,,,,,,,10,10,3,2,16,10,3,1
MEX,Liga MX,2023/2024,27/08/2023,04:05,Santos Laguna,Guadalajara Chivas,2,1,H,2.29,3.61,3.15,2.33,3.61,3.17,2.23,3.41,3.01,,,,,,,17,4,9,4,11,17,6,4
MEX,Liga MX,2023/2024,27/08/2023,23:00,Necaxa,Queretaro,0,1,A,2.47,3.34,3.09,2.55,3.38,3.09,2.4,3.22,2.91,,,,,,,,,,,,,,
MEX,Liga MX,2023/2024,28/08/2023,01:05,UNAM Pumas,Tigres UANL,2,1,H,3.1,3.51,2.38,3.23,3.51,2.6,2.9,3.32,2.35,,,,,,,12,8,6,4,16,11,2,2
MEX,Liga MX,2023/2024,28/08/2023,03:05,Monterrey,Cruz Azul,1,2,A,1.57,4.63,5.62,1.6,4.63,5.91,1.56,4.25,5.15,,,,,,,14,13,4,6,10,14,9,4
MEX,Liga MX,2023/2024,29/08/2023,04:10,Pachuca,Atl. San Luis,0,2,A,1.97,3.98,3.7,2.06,3.98,3.95,1.92,3.77,3.52,,,,,,,21,14,8,6,9,16,6,3
MEX,Liga MX,2023/2024,31/08/2023,02:00,Toluca,Monterrey,1,0,H,2.38,3.9,2.85,2.48,4.07,2.88,2.35,3.67,2.7,,,,,,,12,22,5,6,15,10,4,4
MEX,Liga MX,2023/2024,31/08/2023,02:06,Queretaro,Atlas,1,2,A,3.73,3.19,2.24,3.78,3.26,2.25,3.46,3.09,2.18,,,,,,,,,,,,,,
MEX,Liga MX,2023/2024,31/08/2023,04:00,Tigres UANL,Santos Laguna,3,2,H,1.89,3.87,4.13,1.9,4,4.13,1.85,3.7,3.81,,,,,,,17,12,8,2,12,20,5,4
MEX,Liga MX,2023/2024,02/09/2023,02:06,Juarez,Mazatlan FC,3,1,H,1.95,3.77,3.97,2.11,3.96,4,1.99,3.48,3.58,,,,,,,12,9,6,3,9,12,5,3
MEX,Liga MX,2023/2024,02/09/2023,04:10,Puebla,Club Tijuana,3,0,H,2.06,3.8,3.56,2.11,3.8,3.75,2.01,3.64,3.37,,,,,,,13,22,5,6,14,12,1,6
MEX,Liga MX,2023/2024,03/09/2023,00:00,Club Leon,Necaxa,1,1,D,1.44,4.86,7.61,1.45,4.86,8.02,1.41,4.58,7.05,,,,,,,22,8,8,3,10,14,9,0
MEX,Liga MX,2023/2024,03/09/2023,02:00,Santos Laguna,UNAM Pumas,2,1,H,1.88,4.13,3.91,1.91,4.13,3.91,1.86,3.85,3.65,,,,,,,21,13,9,3,21,11,5,7
MEX,Liga MX,2023/2024,03/09/2023,02:05,Tigres UANL,Queretaro,5,0,H,1.5,4.36,7.43,1.54,4.66,7.83,1.45,4.23,6.87,,,,,,,,,,,,,,
MEX,Liga MX,2023/2024,03/09/2023,04:10,Cruz Azul,Club America,2,3,A,3.44,3.94,2.07,3.7,3.94,2.07,3.3,3.68,2.01,,,,,,,11,7,4,3,11,16,9,2
MEX,Liga MX,2023/2024,03/09/2023,19:00,Toluca,Pachuca,5,0,H,2.27,3.85,3.06,2.27,3.85,3.28,2.19,3.6,2.94,,,,,,,14,11,7,4,10,15,6,5
MEX,Liga MX,2023/2024,04/09/2023,00:05,Guadalajara Chivas,Monterrey,1,2,A,3.09,3.2,2.55,3.1,3.3,2.56,2.89,3.15,2.45,,,,,,,9,8,2,3,13,11,5,8
MEX,Liga MX,2023/2024,04/09/2023,03:00,Atl. San Luis,Atlas,2,0,H,2.6,3.29,2.95,2.6,3.4,2.95,2.49,3.22,2.79,,,,,,,12,12,5,1,10,10,2,6
MEX,Liga MX,2023/2024,16/09/2023,01:50,Mazatlan FC,Cruz Azul,2,2,D,3.56,3.75,2.08,3.56,3.75,2.18,3.32,3.51,2.06,,,,,,,17,13,7,6,10,13,4,3
MEX,Liga MX,2023/2024,16/09/2023,04:00,Club Tijuana,Toluca,2,1,H,2.62,3.76,2.63,2.63,3.8,2.63,2.51,3.6,2.52,,,,,,,15,6,7,2,14,11,7,5
MEX,Liga MX,2023/2024,17/09/2023,00:00,Necaxa,Juarez,1,1,D,3.02,3.37,2.5,3.08,3.37,2.5,2.88,3.22,2.42,,,,,,,9,7,1,0,17,11,3,4
MEX,Liga MX,2023/2024,17/09/2023,02:00,Monterrey,Club Leon,3,1,H,1.93,3.86,4,1.95,3.86,4.22,1.89,3.64,3.75,,,,,,,10,13,4,7,15,7,7,4
MEX,Liga MX,2023/2024,17/09/2023,04:10,Club America,Guadalajara Chivas,4,0,H,1.76,3.96,4.75,1.77,4,4.96,1.72,3.75,4.49,,,,,,,14,11,6,2,11,10,4,6
MEX,Liga MX,2023/2024,17/09/2023,19:00,UNAM Pumas,Atl. San Luis,3,2,H,1.94,4.01,3.77,2.01,4.01,3.8,1.91,3.71,3.58,,,,,,,24,9,8,5,10,9,11,3
MEX,Liga MX,2023/2024,18/09/2023,00:00,Queretaro,Puebla,1,1,D,2,3.83,3.73,2,3.91,3.85,1.92,3.66,3.6,,,,,,,,,,,,,,
MEX,Liga MX,2023/2024,18/09/2023,02:00,Atlas,Tigres UANL,2,0,H,3.18,3.17,2.52,3.21,3.25,2.63,2.94,3.09,2.45,,,,,,,12,13,6,1,16,7,3,5
MEX,Liga MX,2023/2024,19/09/2023,04:00,Pachuca,Santos Laguna,3,2,H,2.17,3.91,3.21,2.27,3.91,3.21,2.14,3.68,3,,,,,,,15,7,6,3,16,8,5,5
MEX,Liga MX,2023/2024,21/09/2023,03:06,Queretaro,Club America,1,2,A,4.73,4.27,1.71,5.04,4.27,1.76,4.51,3.98,1.67,,,,,,,,,,,,,,
MEX,Liga MX,2023/2024,23/09/2023,02:00,Atl. San Luis,Mazatlan FC,3,2,H,1.6,4.47,5.52,1.75,4.5,5.52,1.57,4.28,5.04,,,,,,,16,21,8,8,7,8,7,6
MEX,Liga MX,2023/2024,23/09/2023,02:00,Juarez,Atlas,1,2,A,2.74,3.1,2.94,2.74,3.2,2.94,2.6,3.04,2.8,,,,,,,24,5,7,4,10,17,9,1
MEX,Liga MX,2023/2024,23/09/2023,04:10,Puebla,UNAM Pumas,0,2,A,3.55,4.15,1.97,3.62,4.15,2.04,3.39,3.82,1.95,,,,,,,15,14,2,6,9,10,7,2
MEX,Liga MX,2023/2024,24/09/2023,02:00,Club Leon,Club Tijuana,1,0,H,1.49,4.84,6.45,1.5,4.96,7,1.44,4.62,6.18,,,,,,,17,5,7,1,10,13,3,6
MEX,Liga MX,2023/2024,24/09/2023,02:00,Guadalajara Chivas,Pachuca,0,0,D,2.22,3.44,3.48,2.22,3.45,3.51,2.15,3.3,3.32,,,,,,,14,5,6,1,10,8,10,2
MEX,Liga MX,2023/2024,24/09/2023,04:05,Tigres UANL,Monterrey,3,0,H,2.56,3.33,2.98,2.56,3.35,3.03,2.41,3.19,2.87,,,,,,,13,10,4,4,14,14,5,4
MEX,Liga MX,2023/2024,24/09/2023,19:00,Toluca,Club America,1,1,D,3.21,4.06,2.13,3.29,4.06,2.37,2.97,3.69,2.16,,,,,,,13,15,5,4,11,5,4,4
MEX,Liga MX,2023/2024,24/09/2023,23:00,Cruz Azul,Queretaro,1,3,A,1.71,4.05,5.05,1.73,4.05,5.28,1.68,3.77,4.77,,,,,,,,,,,,,,
MEX,Liga MX,2023/2024,25/09/2023,03:05,Santos Laguna,Necaxa,2,5,A,1.45,5.18,6.77,1.45,5.2,7.5,1.4,4.85,6.54,,,,,,,26,14,6,5,7,14,15,4
MEX,Liga MX,2023/2024,27/09/2023,02:05,Guadalajara Chivas,Mazatlan FC,1,3,A,1.46,4.79,7.26,1.49,4.79,7.26,1.44,4.47,6.5,,,,,,,14,7,3,4,12,13,10,4
MEX,Liga MX,2023/2024,29/09/2023,03:00,Atlas,Puebla,2,3,A,1.56,4.31,6.25,1.62,4.5,6.25,1.53,4.16,5.65,,,,,,,18,9,6,3,9,8,10,1
MEX,Liga MX,2023/2024,30/09/2023,02:00,Queretaro,Club Leon,1,1,D,3.34,3.52,2.25,3.44,3.52,2.28,3.19,3.37,2.17,,,,,,,,,,,,,,
MEX,Liga MX,2023/2024,30/09/2023,04:00,Atl. San Luis,Cruz Azul,1,2,A,2.48,3.6,2.88,2.49,3.65,2.88,2.4,3.51,2.73,,,,,,,23,9,5,2,9,11,6,4
MEX,Liga MX,2023/2024,30/09/2023,04:10,Club Tijuana,Juarez,5,1,H,2.27,3.3,3.53,2.3,3.4,3.53,2.19,3.27,3.23,,,,,,,22,12,8,3,13,17,8,3
MEX,Liga MX,2023/2024,01/10/2023,00:00,Pachuca,Necaxa,1,1,D,1.75,3.94,4.92,1.79,3.98,4.92,1.72,3.75,4.48,,,,,,,20,11,7,5,10,15,6,3
MEX,Liga MX,2023/2024,01/10/2023,01:45,Club America,UNAM Pumas,1,0,H,1.76,4.07,4.63,1.77,4.15,4.75,1.72,3.92,4.29,,,,,,,13,17,6,2,12,16,5,5
MEX,Liga MX,2023/2024,01/10/2023,02:06,Mazatlan FC,Tigres UANL,2,3,A,3.89,3.63,2.02,4,3.68,2.08,3.58,3.54,1.96,,,,,,,15,13,6,8,9,12,5,2
MEX,Liga MX,2023/2024,02/10/2023,00:20,Toluca,Guadalajara Chivas,1,1,D,2.17,3.61,3.44,2.2,3.73,3.89,2.08,3.51,3.28,,,,,,,17,9,6,1,8,11,3,5
MEX,Liga MX,2023/2024,04/10/2023,02:00,Puebla,Monterrey,1,1,D,4.88,3.99,1.74,5,4,1.81,4.38,3.86,1.71,,,,,,,11,26,4,8,9,8,2,8
MEX,Liga MX,2023/2024,04/10/2023,04:00,Club America,Pachuca,4,0,H,1.58,4.43,5.82,1.58,4.5,6.07,1.54,4.25,5.43,,,,,,,15,13,11,5,10,10,4,3
MEX,Liga MX,2023/2024,05/10/2023,02:00,Necaxa,Cruz Azul,1,3,A,3.47,3.57,2.17,3.5,3.6,2.2,3.28,3.42,2.11,,,,,,,10,17,2,4,15,10,3,7
MEX,Liga MX,2023/2024,05/10/2023,02:00,UNAM Pumas,Queretaro,4,0,H,1.83,3.81,4.5,1.91,3.9,4.59,1.82,3.62,4.08,,,,,,,,,,,,,,
MEX,Liga MX,2023/2024,05/10/2023,04:00,Santos Laguna,Club Tijuana,2,1,H,1.68,4.33,4.93,1.68,4.33,4.93,1.63,4.14,4.6,,,,,,,13,17,5,5,9,9,6,6
MEX,Liga MX,2023/2024,05/10/2023,04:00,Tigres UANL,Toluca,2,2,D,1.57,4.43,5.96,1.73,4.5,6,1.54,4.2,5.47,,,,,,,14,10,7,6,12,14,8,0
MEX,Liga MX,2023/2024,07/10/2023,04:00,Mazatlan FC,Club America,1,2,A,5.04,4.44,1.65,5.04,4.44,1.72,4.64,4.15,1.63,,,,,,,5,17,2,8,14,5,1,9
MEX,Liga MX,2023/2024,08/10/2023,00:00,Monterrey,Juarez,3,1,H,1.49,4.7,6.71,1.51,4.7,6.87,1.45,4.44,6.35,,,,,,,10,8,6,3,8,11,3,4
MEX,Liga MX,2023/2024,08/10/2023,02:00,Guadalajara Chivas,Atlas,4,1,H,2.59,3.02,3.22,2.59,3.2,3.28,2.43,3,3.07,,,,,,,16,13,6,3,12,9,4,9
MEX,Liga MX,2023/2024,08/10/2023,02:00,Pachuca,Tigres UANL,1,1,D,3.03,3.6,2.38,3.06,3.6,2.5,2.84,3.42,2.35,,,,,,,17,12,8,6,16,12,5,2
MEX,Liga MX,2023/2024,08/10/2023,04:10,Cruz Azul,UNAM Pumas,1,4,A,2.34,3.75,2.99,2.47,3.75,3.14,2.28,3.6,2.83,,,,,,,15,10,5,6,8,10,13,3
MEX,Liga MX,2023/2024,08/10/2023,19:00,Toluca,Queretaro,3,1,H,1.63,4.43,5.27,1.67,4.43,5.27,1.61,4.11,4.83,,,,,,,,,,,,,,
MEX,Liga MX,2023/2024,09/10/2023,00:00,Necaxa,Puebla,1,2,A,2.25,3.68,3.2,2.28,3.68,3.39,2.16,3.52,3.08,,,,,,,16,9,8,4,7,12,4,4
MEX,Liga MX,2023/2024,09/10/2023,02:05,Santos Laguna,Club Leon,0,2,A,2.18,4.06,3.1,2.29,4.06,3.17,2.16,3.85,2.86,,,,,,,9,22,1,9,8,12,3,8
MEX,Liga MX,2023/2024,09/10/2023,04:00,Club Tijuana,Atl. San Luis,2,1,H,1.96,3.8,3.91,2.01,3.8,3.91,1.92,3.67,3.57,,,,,,,14,20,7,11,13,13,4,6
MEX,Liga MX,2023/2024,21/10/2023,02:00,Atlas,Mazatlan FC,1,3,A,1.74,3.98,4.92,1.76,4.39,5.5,1.66,3.96,4.78,,,,,,,23,7,9,5,8,7,7,3
MEX,Liga MX,2023/2024,21/10/2023,02:06,Juarez,Pachuca,0,1,A,2.49,3.42,3,2.5,3.5,3.03,2.37,3.31,2.89,,,,,,,15,22,2,6,12,17,5,12
MEX,Liga MX,2023/2024,21/10/2023,04:10,Puebla,Guadalajara Chivas,0,2,A,3.85,3.61,2.03,3.85,3.71,2.08,3.52,3.53,1.99,,,,,,,23,5,5,2,12,11,8,2
MEX,Liga MX,2023/2024,22/10/2023,00:00,Club Leon,Toluca,1,0,H,1.99,3.78,3.83,2,3.9,3.85,1.93,3.68,3.55,,,,,,,16,16,7,3,9,10,8,5
MEX,Liga MX,2023/2024,22/10/2023,02:00,Club America,Santos Laguna,4,3,H,1.37,5.65,8.02,1.42,5.75,8.02,1.35,5.18,7.16,,,,,,,21,11,13,5,10,13,3,5
MEX,Liga MX,2023/2024,22/10/2023,02:06,Queretaro,Club Tijuana,1,0,H,2.12,3.48,3.72,2.16,3.52,3.72,2.04,3.38,3.51,,,,,,,,,,,,,,
MEX,Liga MX,2023/2024,22/10/2023,04:10,Tigres UANL,Cruz Azul,2,1,H,1.59,4.49,5.61,1.71,4.49,5.75,1.58,4.12,5.07,,,,,,,15,10,8,5,11,10,5,7
MEX,Liga MX,2023/2024,22/10/2023,19:00,UNAM Pumas,Monterrey,0,1,A,2.38,3.59,3.04,2.44,3.62,3.1,2.29,3.49,2.89,,,,,,,11,6,5,1,10,6,4,5
MEX,Liga MX,2023/2024,23/10/2023,01:00,Atl. San Luis,Necaxa,4,0,H,1.75,4.12,4.62,1.8,4.12,4.78,1.72,3.93,4.25,,,,,,,14,9,6,1,8,15,5,7
MEX,Liga MX,2023/2024,25/10/2023,02:00,Club Leon,Atlas,1,1,D,1.83,3.71,4.73,1.83,3.8,4.74,1.75,3.68,4.43,,,,,,,17,16,4,6,11,16,8,7
MEX,Liga MX,2023/2024,26/10/2023,02:00,Monterrey,Club Tijuana,3,1,H,1.6,4.45,5.59,1.61,4.45,5.59,1.55,4.24,5.33,,,,,,,13,13,5,5,7,9,7,9
MEX,Liga MX,2023/2024,26/10/2023,04:06,Juarez,Atl. San Luis,3,2,H,2.57,3.56,2.8,2.57,3.58,3.1,2.46,3.39,2.71,,,,,,,14,16,3,4,19,8,1,5
MEX,Liga MX,2023/2024,28/10/2023,02:00,Necaxa,UNAM Pumas,1,0,H,4.1,3.97,1.88,4.2,4,1.88,3.94,3.82,1.8,,,,,,,15,10,3,0,12,9,11,1
MEX,Liga MX,2023/2024,28/10/2023,04:00,Mazatlan FC,Queretaro,3,0,H,2.31,3.49,3.18,2.33,3.53,3.21,2.25,3.38,3.01,,,,,,,,,,,,,,
MEX,Liga MX,2023/2024,29/10/2023,00:00,Cruz Azul,Club Leon,1,0,H,2.34,3.57,3.13,2.34,3.67,3.28,2.17,3.51,3.06,,,,,,,,,,,,,,
MEX,Liga MX,2023/2024,29/10/2023,01:05,Guadalajara Chivas,Tigres UANL,0,4,A,2.99,3.25,2.59,3.07,3.36,2.59,2.83,3.2,2.45,,,,,,,19,11,4,5,15,13,9,1
MEX,Liga MX,2023/2024,29/10/2023,01:05,Pachuca,Puebla,1,1,D,1.68,4.26,5,1.69,4.6,5.5,1.58,4.19,4.93,,,,,,,19,16,4,6,13,11,8,2
MEX,Liga MX,2023/2024,29/10/2023,03:10,Monterrey,Club America,0,3,A,2.29,3.76,3.05,2.51,3.76,3.1,2.27,3.56,2.84,,,,,,,10,11,1,3,10,6,1,3
MEX,Liga MX,2023/2024,29/10/2023,18:00,Toluca,Atl. San Luis,3,1,H,1.68,4.58,4.61,1.75,4.58,4.76,1.64,4.25,4.4,,,,,,,14,10,5,2,15,9,5,5
MEX,Liga MX,2023/2024,30/10/2023,01:05,Santos Laguna,Juarez,5,1,H,1.7,4.33,4.75,1.72,4.33,5.26,1.66,4.05,4.52,,,,,,,16,14,7,3,12,12,5,3
MEX,Liga MX,2023/2024,30/10/2023,03:06,Club Tijuana,Atlas,2,0,H,2.03,3.43,4.08,2.25,3.47,4.41,2.01,3.29,3.71,,,,,,,6,12,2,6,14,11,3,3
MEX,Liga MX,2023/2024,01/11/2023,01:00,Queretaro,Guadalajara Chivas,1,2,A,2.9,3.21,2.7,3,3.3,2.7,2.76,3.14,2.55,,,,,,,,,,,,,,
MEX,Liga MX,2023/2024,01/11/2023,01:00,Toluca,Puebla,0,1,A,1.5,4.94,6.25,1.52,5,7,1.45,4.67,5.93,,,,,,,13,10,4,5,10,13,2,4
MEX,Liga MX,2023/2024,01/11/2023,03:00,Club Leon,UNAM Pumas,1,1,D,1.79,4.05,4.46,2.02,4.05,4.5,1.81,3.74,3.99,,,,,,,22,16,5,6,9,14,8,9
MEX,Liga MX,2023/2024,01/11/2023,03:05,Monterrey,Necaxa,3,0,H,1.31,5.94,10.22,1.34,5.94,10.7,1.28,5.4,9.34,,,,,,,16,6,5,1,11,14,8,3
MEX,Liga MX,2023/2024,02/11/2023,01:00,Atlas,Pachuca,0,2,A,2.47,3.28,3.14,2.57,3.36,3.14,2.37,3.2,2.96,,,,,,,23,16,6,6,13,18,10,2
MEX,Liga MX,2023/2024,02/11/2023,01:00,Cruz Azul,Juarez,2,0,H,1.65,4.22,5.28,1.69,4.22,5.28,1.63,3.94,4.89,,,,,,,,,,,,,,
MEX,Liga MX,2023/2024,02/11/2023,03:00,Atl. San Luis,Club America,0,1,A,4.69,4.16,1.74,5.28,4.16,1.74,4.42,3.94,1.69,,,,,,,18,8,4,2,7,7,6,4
MEX,Liga MX,2023/2024,02/11/2023,03:00,Club Tijuana,Tigres UANL,2,0,H,3.33,3.49,2.26,3.67,3.5,2.3,3.18,3.27,2.22,,,,,,,15,11,7,1,14,15,4,4
MEX,Liga MX,2023/2024,02/11/2023,03:00,Mazatlan FC,Santos Laguna,3,1,H,2.96,3.77,2.36,3,3.77,2.47,2.77,3.5,2.36,,,,,,,17,23,6,9,5,11,3,10
MEX,Liga MX,2023/2024,04/11/2023,03:00,Puebla,Club Leon,5,4,H,3.96,3.99,1.9,4,3.99,1.94,3.74,3.76,1.87,,,,,,,18,16,6,8,18,11,4,7
MEX,Liga MX,2023/2024,04/11/2023,22:55,Tigres UANL,Atl. San Luis,2,2,D,1.45,4.88,7.41,1.54,4.88,7.41,1.43,4.57,6.58,,,,,,,16,11,3,3,13,13,12,0
MEX,Liga MX,2023/2024,05/11/2023,01:00,Club America,Club Tijuana,3,0,H,1.36,5.62,8.32,1.39,5.62,8.43,1.34,5.17,7.59,,,,,,,19,10,8,3,14,10,2,3
MEX,Liga MX,2023/2024,05/11/2023,03:05,Guadalajara Chivas,Cruz Azul,1,0,H,2.39,3.48,3.1,2.47,3.48,3.17,2.35,3.31,2.95,,,,,,,14,8,3,5,5,13,4,4
MEX,Liga MX,2023/2024,05/11/2023,03:05,Pachuca,Monterrey,0,2,A,2.79,3.49,2.61,2.85,3.5,2.75,2.65,3.42,2.51,,,,,,,25,8,8,3,15,12,9,3
MEX,Liga MX,2023/2024,05/11/2023,18:00,UNAM Pumas,Atlas,3,0,H,1.88,3.77,4.3,1.9,3.77,4.32,1.84,3.6,4.04,,,,,,,26,5,11,0,13,11,7,1
MEX,Liga MX,2023/2024,05/11/2023,22:00,Necaxa,Mazatlan FC,4,0,H,2.62,3.63,2.71,2.62,3.66,2.87,2.5,3.45,2.63,,,,,,,15,9,5,2,18,9,4,2
MEX,Liga MX,2023/2024,06/11/2023,00:05,Santos Laguna,Toluca,3,1,H,2.08,3.92,3.4,2.21,3.97,3.4,2.12,3.75,3.02,,,,,,,20,18,7,6,13,7,4,11
MEX,Liga MX,2023/2024,06/11/2023,02:06,Juarez,Queretaro,0,3,A,1.93,3.72,4.17,2.03,3.72,4.2,1.9,3.53,3.87,,,,,,,,,,,,,,
MEX,Liga MX,2023/2024,09/11/2023,02:00,Monterrey,Santos Laguna,3,0,H,1.77,4.21,4.4,1.79,4.21,4.5,1.72,4.01,4.2,,,,,,,15,5,6,2,10,12,8,5
MEX,Liga MX,2023/2024,11/11/2023,01:00,Atlas,Necaxa,0,0,D,1.87,3.78,4.33,1.9,3.78,4.33,1.83,3.57,4.09,,,,,,,11,13,2,7,11,12,4,4
MEX,Liga MX,2023/2024,11/11/2023,01:06,Mazatlan FC,Toluca,1,0,H,3.19,4.16,2.11,3.19,4.16,2.17,3.03,3.84,2.07,,,,,,,12,8,5,2,8,9,2,4
MEX,Liga MX,2023/2024,11/11/2023,03:10,Club Tijuana,Pachuca,2,3,A,2.24,3.56,3.33,2.24,3.6,3.48,2.15,3.45,3.15,,,,,,,27,11,8,5,15,17,6,4
MEX,Liga MX,2023/2024,11/11/2023,23:00,Atl. San Luis,Santos Laguna,0,2,A,2.34,4.09,2.8,2.42,4.09,2.88,2.29,3.81,2.69,,,,,,,18,16,3,5,11,15,5,6
MEX,Liga MX,2023/2024,11/11/2023,23:00,Queretaro,Monterrey,0,0,D,2.76,3.5,2.63,2.89,3.6,2.63,2.66,3.39,2.49,,,,,,,,,,,,,,
MEX,Liga MX,2023/2024,12/11/2023,01:00,UNAM Pumas,Guadalajara Chivas,1,0,H,1.92,3.89,3.97,2.06,3.89,4.09,1.89,3.65,3.73,,,,,,,15,7,6,2,21,12,6,3
MEX,Liga MX,2023/2024,12/11/2023,03:10,Tigres UANL,Club America,0,0,D,2.64,3.68,2.65,2.66,3.69,2.88,2.45,3.47,2.67,,,,,,,,,,,,,,
MEX,Liga MX,2023/2024,13/11/2023,00:00,Cruz Azul,Puebla,1,2,A,1.83,4.26,4.05,1.84,4.26,4.1,1.79,4.01,3.81,,,,,,,19,11,7,7,11,11,8,4
MEX,Liga MX,2023/2024,13/11/2023,02:05,Club Leon,Juarez,2,1,H,1.4,5.2,7.56,1.43,5.2,7.56,1.38,4.83,6.94,,,,,,,22,9,8,3,7,10,12,0
MEX,Liga MX,2023/2024,24/11/2023,01:00,Atl. San Luis,Club Leon,3,2,H,2.88,3.5,2.54,2.91,3.6,2.54,2.78,3.45,2.37,,,,,,,7,16,4,5,4,18,0,6
MEX,Liga MX,2023/2024,24/11/2023,03:10,Santos Laguna,Mazatlan FC,2,1,H,1.65,4.4,5.12,1.66,4.47,5.12,1.61,4.18,4.76,,,,,,,13,12,5,3,11,9,8,4
MEX,Liga MX,2023/2024,27/11/2023,02:06,Club Leon,Santos Laguna,3,2,H,1.76,4.39,4.29,1.74,4.39,4.62,1.68,4.15,4.21,,,,,,,13,24,5,4,9,7,6,10
MEX,Liga MX,2023/2024,30/11/2023,01:06,Club Leon,Club America,2,2,D,3.35,3.59,2.21,3.49,3.6,2.27,3.12,3.44,2.18,,,,,,,12,15,3,7,14,5,6,6
MEX,Liga MX,2023/2024,30/11/2023,03:10,Atl. San Luis,Monterrey,1,0,H,3.72,3.44,2.13,3.73,3.5,2.16,3.44,3.33,2.09,,,,,,,16,16,7,4,6,14,10,4
MEX,Liga MX,2023/2024,01/12/2023,01:00,Puebla,Tigres UANL,2,2,D,,,,3.96,3.7,1.96,3.76,3.6,1.91,,,,,,,17,17,5,7,17,17,0,8
MEX,Liga MX,2023/2024,01/12/2023,03:05,Guadalajara Chivas,UNAM Pumas,1,0,H,,,,2.42,3.34,3.3,2.25,3.22,3.18,,,,,,,16,8,8,2,9,13,6,5
MEX,Liga MX,2023/2024,03/12/2023,01:00,Club America,Club Leon,2,0,H,1.55,4.51,5.8,1.61,4.57,6.25,1.52,4.32,5.59,,,,,,,16,7,4,0,9,12,7,2
MEX,Liga MX,2023/2024,03/12/2023,03:10,Monterrey,Atl. San Luis,1,1,D,1.52,4.61,6.44,1.52,4.61,6.5,1.48,4.4,5.95,,,,,,,14,3,1,2,12,13,10,0
MEX,Liga MX,2023/2024,04/12/2023,00:00,UNAM Pumas,Guadalajara Chivas,3,0,H,1.98,3.6,4.07,2.15,3.6,4.07,1.98,3.4,3.67,,,,,,,7,5,3,0,18,14,4,5
MEX,Liga MX,2023/2024,04/12/2023,02:10,Tigres UANL,Puebla,3,0,H,1.36,5.55,8.65,1.42,5.55,8.8,1.35,4.95,7.81,,,,,,,12,8,7,1,13,17,3,3
MEX,Liga MX,2023/2024,07/12/2023,03:00,Atl. San Luis,Club America,0,5,A,4.59,3.94,1.79,4.59,4,1.86,4.14,3.71,1.8,,,,,,,14,15,3,9,8,6,5,4
MEX,Liga MX,2023/2024,08/12/2023,03:00,UNAM Pumas,Tigres UANL,0,1,A,2.7,2.99,3.1,2.7,3.19,3.1,2.56,2.96,2.94,,,,,,,12,13,6,3,12,10,1,6
MEX,Liga MX,2023/2024,10/12/2023,02:00,Club America,Atl. San Luis,0,2,A,1.45,5.07,6.99,1.46,5.07,7.5,1.42,4.7,6.52,,,,,,,4,15,1,5,11,9,6,5
MEX,Liga MX,2023/2024,11/12/2023,02:00,Tigres UANL,UNAM Pumas,1,1,D,1.81,3.79,4.69,1.86,4.01,4.69,1.77,3.67,4.3,,,,,,,10,9,2,3,15,25,3,2
MEX,Liga MX,2023/2024,15/12/2023,03:00,Tigres UANL,Club America,1,1,D,2.87,3.02,2.87,2.9,3.12,2.87,2.72,2.97,2.73,,,,,,,10,12,5,2,15,17,9,2
MEX,Liga MX,2023/2024,18/12/2023,01:30,Club America,Tigres UANL,0,0,D,1.7,3.64,5.99,1.73,3.65,5.99,1.67,3.48,5.34,,,,,,,,,,,,,,
MEX,Liga MX,2023/2024,13/01/2024,01:00,Queretaro,Toluca,2,2,D,3.44,3.39,2.26,3.47,3.47,2.26,3.19,3.31,2.19,,,,,,,,,,,,,,
MEX,Liga MX,2023/2024,13/01/2024,03:00,Mazatlan FC,Atl. San Luis,0,1,A,2.86,3.29,2.67,2.9,3.54,2.67,2.7,3.3,2.51,,,,,,,25,8,11,3,10,7,10,4
MEX,Liga MX,2023/2024,14/01/2024,01:00,Cruz Azul,Pachuca,0,1,A,1.99,3.82,3.79,2.16,3.82,3.79,2.04,3.54,3.35,,,,,,,15,12,2,6,15,17,4,4
MEX,Liga MX,2023/2024,14/01/2024,01:05,Guadalajara Chivas,Santos Laguna,1,1,D,2.05,3.56,3.85,2.05,3.74,3.85,1.99,3.48,3.55,,,,,,,19,9,3,3,10,10,11,2
MEX,Liga MX,2023/2024,14/01/2024,03:00,Club Tijuana,Club America,0,2,A,2.46,3.3,3.14,2.6,3.5,3.14,2.41,3.23,2.86,,,,,,,36,6,8,4,12,11,10,1
MEX,Liga MX,2023/2024,14/01/2024,03:00,Monterrey,Puebla,2,0,H,1.38,5.4,8.34,1.39,5.4,8.5,1.34,5.01,7.85,,,,,,,20,9,6,3,8,10,4,5
MEX,Liga MX,2023/2024,14/01/2024,18:00,UNAM Pumas,Juarez,1,0,H,1.61,4.33,5.63,1.63,4.33,5.63,1.58,4.06,5.08,,,,,,,16,10,2,3,7,9,5,4
MEX,Liga MX,2023/2024,15/01/2024,00:00,Necaxa,Atlas,2,1,H,3.23,3,2.66,3.23,3.16,2.73,2.96,2.97,2.51,,,,,,,14,9,5,4,16,10,7,2
MEX,Liga MX,2023/2024,18/01/2024,01:00,Club Leon,Tigres UANL,1,2,A,2.52,3.31,3.04,2.52,3.4,3.04,2.41,3.25,2.86,,,,,,,19,12,6,2,13,4,9,3
MEX,Liga MX,2023/2024,20/01/2024,01:00,Puebla,Necaxa,1,2,A,2.35,3.47,3.18,2.38,3.54,3.28,2.27,3.4,2.97,,,,,,,16,11,4,4,7,14,7,5
MEX,Liga MX,2023/2024,20/01/2024,03:00,Atl. San Luis,UNAM Pumas,3,1,H,2.91,3.24,2.67,2.91,3.4,2.67,2.72,3.23,2.55,,,,,,,9,20,4,8,9,17,4,8
MEX,Liga MX,2023/2024,20/01/2024,03:10,Juarez,Cruz Azul,0,0,D,3.3,3.27,2.39,3.3,3.4,2.47,3.04,3.19,2.33,,,,,,,6,16,2,5,9,9,4,13
MEX,Liga MX,2023/2024,20/01/2024,23:00,Toluca,Mazatlan FC,4,1,H,1.46,5.01,6.73,1.51,5.2,7.5,1.41,4.73,6.67,,,,,,,14,10,5,3,8,8,5,2
MEX,Liga MX,2023/2024,21/01/2024,01:05,Club America,Queretaro,2,0,H,1.42,5.12,7.64,1.42,5.12,9.07,1.38,4.7,7.42,,,,,,,,,,,,,,
MEX,Liga MX,2023/2024,21/01/2024,03:10,Atlas,Club Tijuana,0,0,D,2.66,3.14,3,2.66,3.22,3.36,2.41,3.12,2.98,,,,,,,21,8,8,2,13,13,10,0
MEX,Liga MX,2023/2024,22/01/2024,00:00,Tigres UANL,Guadalajara Chivas,1,0,H,1.79,3.62,5.09,1.88,3.65,5.1,1.77,3.43,4.63,,,,,,,6,16,1,2,6,7,2,1
MEX,Liga MX,2023/2024,22/01/2024,02:05,Santos Laguna,Monterrey,0,2,A,3.24,3.37,2.37,3.24,3.52,2.41,2.96,3.29,2.33,,,,,,,19,13,4,4,10,15,6,5
MEX,Liga MX,2023/2024,25/01/2024,01:00,Atl. San Luis,Tigres UANL,1,2,A,3,3.41,2.49,3.29,3.42,2.55,2.94,3.29,2.35,,,,,,,10,19,3,5,11,10,1,6
MEX,Liga MX,2023/2024,25/01/2024,01:00,Monterrey,Queretaro,1,1,D,1.42,4.8,8.37,1.47,4.8,8.5,1.41,4.47,7.3,,,,,,,,,,,,,,
MEX,Liga MX,2023/2024,25/01/2024,03:05,Juarez,Club America,0,2,A,4.87,4.01,1.74,5.25,4.11,1.74,4.82,3.86,1.65,,,,,,,15,15,6,6,15,15,4,5
MEX,Liga MX,2023/2024,27/01/2024,01:00,Puebla,Toluca,1,1,D,3.49,3.93,2.03,3.5,4.2,2.06,3.34,3.88,1.96,,,,,,,10,15,3,4,10,15,3,3
MEX,Liga MX,2023/2024,27/01/2024,03:00,Club Tijuana,Guadalajara Chivas,1,1,D,2.48,3.33,3.08,2.66,3.33,3.08,2.44,3.19,2.9,,,,,,,11,14,5,5,10,15,5,2
MEX,Liga MX,2023/2024,27/01/2024,23:00,Club Leon,Santos Laguna,3,2,H,1.81,4.05,4.34,1.85,4.05,4.41,1.78,3.89,4.02,,,,,,,13,7,5,3,18,10,6,4
MEX,Liga MX,2023/2024,27/01/2024,23:00,Cruz Azul,Mazatlan FC,2,1,H,1.54,4.66,5.99,1.54,4.66,6,1.5,4.36,5.74,,,,,,,19,6,7,3,13,11,10,2
MEX,Liga MX,2023/2024,28/01/2024,01:00,Monterrey,Atl. San Luis,3,1,H,1.55,4.5,6.13,1.55,4.55,7,1.49,4.32,6,,,,,,,12,9,4,5,14,4,1,4
MEX,Liga MX,2023/2024,28/01/2024,03:05,Necaxa,Club America,0,0,D,5.62,3.98,1.66,5.81,3.98,1.71,5.05,3.8,1.65,,,,,,,9,11,5,1,8,6,5,7
MEX,Liga MX,2023/2024,28/01/2024,23:15,UNAM Pumas,Pachuca,3,1,H,2.03,3.61,3.85,2.12,3.66,3.85,2.02,3.47,3.52,,,,,,,8,26,4,8,14,15,3,7
MEX,Liga MX,2023/2024,29/01/2024,01:00,Atlas,Juarez,2,1,H,1.99,3.37,4.35,2,3.5,4.36,1.91,3.36,4.05,,,,,,,16,17,6,4,15,12,6,11
MEX,Liga MX,2023/2024,29/01/2024,03:00,Queretaro,Tigres UANL,1,1,D,5.05,3.48,1.83,5.05,3.48,1.96,4.45,3.27,1.85,,,,,,,,,,,,,,
MEX,Liga MX,2023/2024,31/01/2024,01:00,Cruz Azul,Club Tijuana,1,0,H,1.52,4.44,6.76,1.58,4.44,6.76,1.53,4.19,5.62,,,,,,,16,10,4,4,7,6,11,3
MEX,Liga MX,2023/2024,31/01/2024,01:00,Mazatlan FC,Club Leon,2,2,D,3.35,3.5,2.25,3.47,3.6,2.25,3.15,3.46,2.17,,,,,,,12,12,5,6,15,12,4,4
MEX,Liga MX,2023/2024,31/01/2024,03:00,Santos Laguna,Puebla,3,0,H,1.76,4.13,4.56,1.76,4.13,4.59,1.71,3.95,4.32,,,,,,,18,16,9,6,18,14,3,7
MEX,Liga MX,2023/2024,31/01/2024,03:05,Guadalajara Chivas,Toluca,3,2,H,2.22,3.54,3.38,2.25,3.62,3.52,2.15,3.44,3.21,,,,,,,18,18,8,7,10,9,5,7
MEX,Liga MX,2023/2024,01/02/2024,01:00,Pachuca,Atlas,4,3,H,1.94,3.6,4.21,2,3.64,4.22,1.91,3.46,3.91,,,,,,,21,10,6,5,16,11,7,4
MEX,Liga MX,2023/2024,01/02/2024,03:00,UNAM Pumas,Necaxa,2,2,D,1.7,4,5.22,1.71,4.1,5.36,1.65,3.85,4.95,,,,,,,23,8,7,4,14,15,11,4
MEX,Liga MX,2023/2024,03/02/2024,01:00,Queretaro,Cruz Azul,1,3,A,4.17,3.48,2,4.33,3.5,2.05,3.97,3.33,1.94,,,,,,,,,,,,,,
MEX,Liga MX,2023/2024,03/02/2024,03:00,Puebla,Mazatlan FC,3,2,H,1.95,3.85,3.89,1.99,3.86,3.9,1.92,3.7,3.6,,,,,,,17,7,5,3,12,15,6,7
MEX,Liga MX,2023/2024,03/02/2024,23:00,Toluca,Club Leon,4,1,H,2.08,3.64,3.67,2.36,3.7,3.75,2.06,3.48,3.39,,,,,,,14,8,8,3,13,9,6,3
MEX,Liga MX,2023/2024,03/02/2024,23:06,Juarez,Necaxa,2,2,D,2.24,3.41,3.46,2.24,3.5,3.6,2.13,3.31,3.34,,,,,,,18,15,6,7,7,10,6,3
MEX,Liga MX,2023/2024,04/02/2024,01:05,Tigres UANL,UNAM Pumas,2,2,D,1.75,3.9,4.96,1.8,4,4.96,1.74,3.69,4.5,,,,,,,13,9,5,2,14,15,6,4
MEX,Liga MX,2023/2024,04/02/2024,01:10,Pachuca,Club Tijuana,3,2,H,1.52,4.47,6.67,1.53,4.54,7,1.49,4.3,6,,,,,,,24,16,8,4,11,17,12,5
MEX,Liga MX,2023/2024,04/02/2024,03:10,Club America,Monterrey,1,1,D,1.78,3.58,4.76,1.87,3.8,4.9,1.77,3.58,4.42,,,,,,,7,9,3,1,4,4,5,4
MEX,Liga MX,2023/2024,05/02/2024,00:00,Atlas,Santos Laguna,3,0,H,2.27,3.42,3.39,2.38,3.42,3.4,2.23,3.27,3.18,,,,,,,19,8,8,1,20,12,10,4
MEX,Liga MX,2023/2024,05/02/2024,01:00,Atl. San Luis,Guadalajara Chivas,0,2,A,3.13,3.42,2.4,3.15,3.42,2.54,2.97,3.27,2.35,,,,,,,11,10,3,6,10,13,6,5
MEX,Liga MX,2023/2024,08/02/2024,03:00,Pachuca,Club Leon,3,2,H,2.35,3.73,3,2.35,3.73,3.09,2.25,3.57,2.89,,,,,,,13,14,5,7,10,9,5,3
MEX,Liga MX,2023/2024,10/02/2024,01:00,Mazatlan FC,Atlas,2,0,H,2.73,3.27,2.81,2.73,3.4,2.81,2.6,3.24,2.66,,,,,,,16,8,5,3,14,8,6,4
MEX,Liga MX,2023/2024,10/02/2024,03:10,Club Tijuana,Queretaro,1,1,D,1.74,4.04,4.84,1.77,4.04,4.84,1.73,3.75,4.5,,,,,,,17,6,5,3,10,17,3,4
MEX,Liga MX,2023/2024,10/02/2024,23:00,Necaxa,Toluca,3,3,D,3.65,3.8,2.04,3.75,3.8,2.08,3.44,3.64,1.98,,,,,,,13,20,6,10,10,11,2,6
MEX,Liga MX,2023/2024,10/02/2024,23:05,Guadalajara Chivas,Juarez,2,1,H,1.51,4.43,7.01,1.57,4.5,7.01,1.47,4.29,6.39,,,,,,,17,7,6,3,15,10,3,3
MEX,Liga MX,2023/2024,11/02/2024,01:00,Club Leon,Club America,0,1,A,3.26,3.61,2.25,3.6,3.75,2.25,3.27,3.55,2.09,,,,,,,16,20,5,7,12,6,6,12
MEX,Liga MX,2023/2024,11/02/2024,01:05,Cruz Azul,Atl. San Luis,3,0,H,1.64,4.27,5.34,1.68,4.27,5.34,1.61,4.12,4.91,,,,,,,22,7,6,0,8,11,4,5
MEX,Liga MX,2023/2024,11/02/2024,03:10,Monterrey,Pachuca,3,2,H,1.72,4.26,4.62,1.75,4.26,4.75,1.7,3.97,4.38,,,,,,,12,12,4,3,10,14,5,2
MEX,Liga MX,2023/2024,11/02/2024,03:10,Santos Laguna,Tigres UANL,0,3,A,3.59,3.57,2.13,3.59,3.58,2.2,3.32,3.45,2.09,,,,,,,13,10,2,5,15,28,9,1
MEX,Liga MX,2023/2024,11/02/2024,18:00,UNAM Pumas,Puebla,3,0,H,1.7,4.13,5.02,1.7,4.25,5.02,1.64,4.04,4.68,,,,,,,12,6,6,2,9,6,5,3
MEX,Liga MX,2023/2024,15/02/2024,03:00,Atlas,UNAM Pumas,0,0,D,3.09,3.08,2.64,3.09,3.2,2.67,2.87,3.08,2.52,,,,,,,12,12,4,1,8,19,6,1
MEX,Liga MX,2023/2024,17/02/2024,01:00,Queretaro,Necaxa,1,1,D,2.87,3.24,2.7,2.87,3.25,2.75,2.69,3.15,2.62,,,,,,,11,12,3,2,7,8,5,6
MEX,Liga MX,2023/2024,17/02/2024,03:00,Mazatlan FC,Guadalajara Chivas,2,2,D,3.78,3.62,2.05,3.86,3.62,2.05,3.62,3.47,1.97,,,,,,,18,7,9,4,8,10,10,2
MEX,Liga MX,2023/2024,17/02/2024,23:00,Atl. San Luis,Club Tijuana,3,3,D,2.17,3.6,3.46,2.18,3.66,3.47,2.07,3.54,3.28,,,,,,,14,11,9,4,8,14,5,1
MEX,Liga MX,2023/2024,18/02/2024,01:00,Pachuca,Club America,2,1,H,3.82,3.98,1.93,3.86,4,2.12,3.49,3.75,1.94,,,,,,,13,9,3,3,12,5,4,5
MEX,Liga MX,2023/2024,18/02/2024,03:05,Cruz Azul,Tigres UANL,1,0,H,2.42,3.3,3.21,2.43,3.4,3.21,2.33,3.25,2.99,,,,,,,23,6,6,1,7,9,10,5
MEX,Liga MX,2023/2024,18/02/2024,22:00,Atlas,Club Leon,0,1,A,2.76,3.37,2.71,2.76,3.4,2.73,2.61,3.26,2.64,,,,,,,23,15,9,2,6,9,8,2
MEX,Liga MX,2023/2024,19/02/2024,00:05,UNAM Pumas,Santos Laguna,3,0,H,1.62,4.26,5.63,1.65,4.26,5.63,1.59,4.02,5.19,,,,,,,23,8,9,2,13,8,10,5
MEX,Liga MX,2023/2024,19/02/2024,02:10,Monterrey,Toluca,0,0,D,1.7,4.01,4.79,1.77,4.14,5,1.68,3.94,4.45,,,,,,,12,4,5,0,6,14,4,4
MEX,Liga MX,2023/2024,21/02/2024,01:00,Puebla,Pachuca,1,4,A,4.08,4.16,1.83,4.11,4.16,1.85,3.89,3.97,1.79,,,,,,,8,21,2,10,11,16,7,5
MEX,Liga MX,2023/2024,21/02/2024,03:00,Necaxa,Guadalajara Chivas,1,0,H,3.77,3.42,2.12,3.77,3.45,2.14,3.53,3.31,2.07,,,,,,,10,14,5,1,13,12,4,11
MEX,Liga MX,2023/2024,22/02/2024,01:00,Toluca,Santos Laguna,1,0,H,1.49,4.97,6.35,1.5,4.97,6.35,1.47,4.69,5.75,,,,,,,6,8,1,0,14,10,5,4
MEX,Liga MX,2023/2024,22/02/2024,03:00,Club America,Mazatlan FC,2,2,D,1.24,6.84,11.96,1.25,6.84,13,1.21,6.32,11.59,,,,,,,16,8,5,4,9,10,7,3
MEX,Liga MX,2023/2024,22/02/2024,03:00,Club Leon,Cruz Azul,2,3,A,2.8,3.68,2.5,2.87,3.68,2.5,2.7,3.56,2.4,,,,,,,6,16,2,7,13,9,4,4
MEX,Liga MX,2023/2024,24/02/2024,01:00,Puebla,Queretaro,0,2,A,2.2,3.59,3.39,2.25,3.6,3.4,2.17,3.41,3.17,,,,,,,17,15,3,3,11,17,6,5
MEX,Liga MX,2023/2024,24/02/2024,03:00,Juarez,Monterrey,0,3,A,4.81,3.99,1.75,5,3.99,1.79,4.56,3.76,1.72,,,,,,,6,19,2,7,13,10,0,5
MEX,Liga MX,2023/2024,24/02/2024,03:00,Necaxa,Pachuca,1,1,D,3.12,3.6,2.33,3.12,3.65,2.37,2.95,3.51,2.26,,,,,,,8,13,2,2,11,11,1,6
MEX,Liga MX,2023/2024,24/02/2024,23:00,Club Leon,Atl. San Luis,1,0,H,2.03,3.89,3.57,2.03,3.89,3.68,1.96,3.72,3.43,,,,,,,20,16,7,4,14,8,7,7
MEX,Liga MX,2023/2024,25/02/2024,01:00,Tigres UANL,Atlas,1,1,D,1.57,4.05,6.76,1.62,4.2,6.76,1.54,3.89,6.03,,,,,,,16,11,5,1,13,9,5,3
MEX,Liga MX,2023/2024,25/02/2024,01:05,Guadalajara Chivas,UNAM Pumas,3,1,H,2.19,3.5,3.49,2.2,3.5,3.5,2.12,3.4,3.31,,,,,,,17,14,5,3,5,7,4,6
MEX,Liga MX,2023/2024,25/02/2024,03:10,Club America,Cruz Azul,1,0,H,2.05,3.67,3.73,2.11,3.75,3.73,2,3.56,3.48,,,,,,,7,13,4,2,6,8,2,12
MEX,Liga MX,2023/2024,25/02/2024,18:00,Toluca,Club Tijuana,2,0,H,1.42,5.07,7.53,1.51,5.07,7.53,1.44,4.61,6.39,,,,,,,15,14,5,0,6,7,4,6
MEX,Liga MX,2023/2024,26/02/2024,00:00,Santos Laguna,Mazatlan FC,1,0,H,2.07,3.66,3.66,2.08,3.75,3.66,2.01,3.59,3.4,,,,,,,12,11,3,2,16,15,3,5
MEX,Liga MX,2023/2024,28/02/2024,01:00,Queretaro,Atl. San Luis,4,1,H,2.72,3.39,2.74,2.72,3.4,2.74,2.61,3.29,2.62,,,,,,,21,18,6,5,15,6,3,5
MEX,Liga MX,2023/2024,29/02/2024,01:00,Tigres UANL,Juarez,1,0,H,1.39,5.06,8.78,1.4,5.06,9,1.37,4.69,7.92,,,,,,,14,14,3,3,12,18,7,1
MEX,Liga MX,2023/2024,29/02/2024,03:00,Club Tijuana,Monterrey,1,1,D,4.02,3.58,2,4.02,3.63,2.02,3.71,3.51,1.95,,,,,,,19,9,6,1,11,16,5,8
MEX,Liga MX,2023/2024,02/03/2024,01:00,Atl. San Luis,Puebla,4,0,H,1.82,3.99,4.34,1.84,4,4.34,1.78,3.83,4.03,,,,,,,22,5,10,2,13,8,2,4
MEX,Liga MX,2023/2024,02/03/2024,01:00,Queretaro,Santos Laguna,0,1,A,2.52,3.23,3.11,2.6,3.25,3.11,2.46,3.15,2.9,,,,,,,,,,,,,,
MEX,Liga MX,2023/2024,02/03/2024,03:00,Mazatlan FC,Necaxa,2,1,H,2.19,3.37,3.64,2.23,3.37,3.64,2.13,3.25,3.41,,,,,,,15,8,7,4,14,15,5,1
MEX,Liga MX,2023/2024,02/03/2024,23:00,Toluca,Tigres UANL,2,1,H,1.96,3.69,4.03,1.98,3.69,4.03,1.92,3.52,3.78,,,,,,,23,4,7,1,15,6,6,1
MEX,Liga MX,2023/2024,03/03/2024,01:00,Pachuca,Juarez,3,2,H,1.49,4.72,6.75,1.5,4.9,7.1,1.44,4.56,6.45,,,,,,,14,18,8,5,6,11,5,3
MEX,Liga MX,2023/2024,03/03/2024,01:05,Cruz Azul,Guadalajara Chivas,3,0,H,1.91,3.78,4.16,2,3.83,4.16,1.9,3.61,3.74,,,,,,,9,7,3,2,9,11,1,6
MEX,Liga MX,2023/2024,03/03/2024,03:10,Atlas,Club America,1,5,A,4.27,3.59,1.93,4.27,3.7,2.02,3.9,3.5,1.9,,,,,,,6,25,1,13,10,8,1,7
MEX,Liga MX,2023/2024,04/03/2024,01:00,Monterrey,UNAM Pumas,3,0,H,1.69,4.01,5.24,1.74,4.01,5.35,1.66,3.85,4.79,,,,,,,23,10,7,3,5,13,9,5
MEX,Liga MX,2023/2024,04/03/2024,03:00,Club Tijuana,Club Leon,1,1,D,2.32,3.67,3.09,2.35,3.67,3.1,2.26,3.5,2.92,,,,,,,21,9,4,5,12,9,6,2
MEX,Liga MX,2023/2024,09/03/2024,01:00,Puebla,Atlas,2,2,D,3.37,3.35,2.31,3.37,3.5,2.33,3.11,3.36,2.22,,,,,,,16,10,4,5,15,14,4,10
MEX,Liga MX,2023/2024,09/03/2024,03:00,Necaxa,Atl. San Luis,3,1,H,2.75,3.37,2.72,2.75,3.38,2.74,2.63,3.27,2.62,,,,,,,14,15,5,4,15,11,3,5
MEX,Liga MX,2023/2024,09/03/2024,03:10,Juarez,Toluca,1,1,D,3.83,3.74,2,3.95,3.75,2,3.67,3.63,1.93,,,,,,,10,11,4,1,13,11,3,6
MEX,Liga MX,2023/2024,09/03/2024,23:05,Guadalajara Chivas,Club Leon,1,2,A,2.01,3.64,3.89,2.06,3.7,3.95,1.94,3.56,3.67,,,,,,,12,10,4,4,11,8,7,1
MEX,Liga MX,2023/2024,10/03/2024,01:00,Pachuca,Queretaro,1,2,A,2.11,3.8,3.44,2.12,3.8,3.55,2.05,3.63,3.28,,,,,,,,,,,,,,
MEX,Liga MX,2023/2024,10/03/2024,01:00,Santos Laguna,Cruz Azul,3,0,H,4.48,3.92,1.81,4.61,4,1.86,4.26,3.76,1.76,,,,,,,5,20,3,5,11,13,2,9
MEX,Liga MX,2023/2024,10/03/2024,03:00,Club America,Tigres UANL,2,0,H,1.79,3.65,5.02,1.83,3.7,5.02,1.77,3.51,4.52,,,,,,,11,23,3,5,10,5,4,9
MEX,Liga MX,2023/2024,10/03/2024,18:00,UNAM Pumas,Club Tijuana,3,3,D,1.63,4.23,5.5,1.65,4.23,5.5,1.61,4.02,5.05,,,,,,,14,14,4,6,8,14,8,3
MEX,Liga MX,2023/2024,11/03/2024,01:00,Monterrey,Mazatlan FC,2,1,H,1.41,5.09,8.05,1.43,5.09,9.3,1.39,4.75,7.3,,,,,,,10,18,5,7,9,12,3,4
MEX,Liga MX,2023/2024,16/03/2024,01:00,Queretaro,Juarez,1,0,H,2.07,3.47,3.89,2.09,3.59,4.05,1.96,3.41,3.81,,,,,,,,,,,,,,
MEX,Liga MX,2023/2024,16/03/2024,03:00,Club Tijuana,Santos Laguna,2,2,D,1.84,3.76,4.54,1.9,3.8,4.54,1.83,3.58,4.11,,,,,,,30,9,4,4,16,9,10,4
MEX,Liga MX,2023/2024,16/03/2024,23:00,Cruz Azul,Necaxa,1,2,A,1.44,4.87,8.07,1.44,5.01,8.08,1.38,4.67,7.47,,,,,,,23,9,6,3,9,10,14,1
MEX,Liga MX,2023/2024,17/03/2024,01:00,Club Leon,Puebla,2,1,H,1.53,4.67,6.04,1.57,4.75,6.04,1.49,4.47,5.61,,,,,,,14,18,4,5,15,9,3,11
MEX,Liga MX,2023/2024,17/03/2024,01:00,Tigres UANL,Mazatlan FC,5,1,H,1.62,4.27,5.56,1.65,4.33,6,1.59,4.05,5.26,,,,,,,19,21,9,6,6,15,4,9
MEX,Liga MX,2023/2024,17/03/2024,03:05,Guadalajara Chivas,Club America,0,0,D,3.81,3.66,2.03,3.92,3.68,2.1,3.58,3.47,2,,,,,,,10,17,2,9,14,8,3,6
MEX,Liga MX,2023/2024,17/03/2024,23:00,Atlas,Monterrey,1,2,A,3.81,3.41,2.12,3.81,3.53,2.14,3.52,3.34,2.06,,,,,,,21,6,6,3,6,12,7,3
MEX,Liga MX,2023/2024,18/03/2024,01:00,Atl. San Luis,Pachuca,2,1,H,3.64,3.76,2.05,3.64,3.76,2.15,3.39,3.59,2.02,,,,,,,7,19,3,5,13,9,3,11
MEX,Liga MX,2023/2024,18/03/2024,01:00,Toluca,UNAM Pumas,3,0,H,1.8,3.98,4.47,1.82,3.98,4.5,1.77,3.79,4.15,,,,,,,,,,,,,,
MEX,Liga MX,2023/2024,24/03/2024,01:00,Juarez,Puebla,4,3,H,2.02,3.83,3.58,2.04,3.85,3.75,1.97,3.69,3.45,,,,,,,15,17,6,6,9,7,6,4
MEX,Liga MX,2023/2024,30/03/2024,01:00,Puebla,Tigres UANL,2,3,A,4.49,3.94,1.79,4.49,4.2,1.83,4.18,3.85,1.76,,,,,,,22,18,7,6,8,8,8,10
MEX,Liga MX,2023/2024,30/03/2024,02:00,Club America,Atl. San Luis,2,1,H,1.49,4.76,6.4,1.57,5,6.4,1.5,4.47,5.6,,,,,,,12,14,5,5,6,7,9,8
MEX,Liga MX,2023/2024,30/03/2024,03:00,Mazatlan FC,Club Tijuana,2,0,H,2.34,3.78,2.93,2.36,3.8,3,2.26,3.61,2.87,,,,,,,13,12,6,4,13,12,3,3
MEX,Liga MX,2023/2024,31/03/2024,02:00,Monterrey,Guadalajara Chivas,0,2,A,1.83,3.76,4.5,1.83,3.85,4.88,1.76,3.67,4.37,,,,,,,9,11,3,5,6,10,4,3
MEX,Liga MX,2023/2024,31/03/2024,02:00,Pachuca,Toluca,2,3,A,2.28,3.68,3.1,2.31,3.8,3.1,2.21,3.62,2.92,,,,,,,10,13,4,5,17,20,4,1
MEX,Liga MX,2023/2024,31/03/2024,04:05,UNAM Pumas,Cruz Azul,0,0,D,3.2,3.6,2.26,3.22,3.75,2.27,3.08,3.51,2.16,,,,,,,11,12,2,1,4,8,5,1
MEX,Liga MX,2023/2024,01/04/2024,00:00,Atlas,Queretaro,2,3,A,2.1,3.41,3.78,2.15,3.42,3.85,2.07,3.27,3.57,,,,,,,,,,,,,,
MEX,Liga MX,2023/2024,01/04/2024,02:00,Necaxa,Club Leon,1,2,A,2.77,3.48,2.6,2.81,3.65,2.6,2.7,3.45,2.46,,,,,,,11,16,2,9,9,12,3,4
MEX,Liga MX,2023/2024,01/04/2024,02:36,Juarez,Santos Laguna,2,1,H,2.28,3.52,3.2,2.35,3.55,3.2,2.24,3.42,3.02,,,,,,,19,9,4,3,12,9,5,2
MEX,Liga MX,2023/2024,06/04/2024,02:00,Mazatlan FC,UNAM Pumas,0,4,A,2.54,3.51,2.82,2.64,3.6,2.88,2.46,3.44,2.7,,,,,,,12,12,3,7,15,20,5,7
MEX,Liga MX,2023/2024,06/04/2024,04:10,Club Tijuana,Necaxa,2,3,A,1.75,4.07,4.56,1.85,4.07,4.7,1.76,3.81,4.21,,,,,,,13,7,4,6,13,13,5,3
MEX,Liga MX,2023/2024,07/04/2024,00:00,Club Leon,Queretaro,0,2,A,1.89,3.75,4.17,1.94,3.91,4.2,1.84,3.72,3.89,,,,,,,,,,,,,,
MEX,Liga MX,2023/2024,07/04/2024,02:00,Tigres UANL,Pachuca,0,3,A,2.52,3.63,2.77,2.52,3.65,2.84,2.42,3.5,2.7,,,,,,,8,14,2,6,13,19,6,1
MEX,Liga MX,2023/2024,07/04/2024,02:05,Guadalajara Chivas,Puebla,3,2,H,1.37,5.34,8.14,1.4,5.7,9.5,1.33,5.17,8.09,,,,,,,18,15,7,6,11,14,6,2
MEX,Liga MX,2023/2024,07/04/2024,04:05,Cruz Azul,Monterrey,2,1,H,1.98,3.73,3.81,2.01,3.74,3.83,1.94,3.56,3.63,,,,,,,16,3,4,1,11,8,10,3
MEX,Liga MX,2023/2024,07/04/2024,04:05,Santos Laguna,Club America,1,1,D,5.5,4.07,1.64,5.75,4.07,1.74,4.85,3.88,1.65,,,,,,,8,20,5,6,10,10,2,10
MEX,Liga MX,2023/2024,07/04/2024,19:00,Toluca,Atlas,4,1,H,1.47,4.85,6.69,1.5,4.85,6.69,1.46,4.53,6.08,,,,,,,13,8,6,3,14,9,7,1
MEX,Liga MX,2023/2024,08/04/2024,01:00,Atl. San Luis,Juarez,2,3,A,1.87,3.94,4.05,1.94,4,4.75,1.8,3.78,4.05,,,,,,,11,15,4,7,9,16,4,6
MEX,Liga MX,2023/2024,13/04/2024,02:06,Queretaro,Mazatlan FC,0,2,A,1.97,3.8,3.79,1.99,3.81,4.1,1.9,3.63,3.73,,,,,,,,,,,,,,
MEX,Liga MX,2023/2024,13/04/2024,04:00,Necaxa,Santos Laguna,2,0,H,2.02,3.48,3.96,2.13,3.5,3.96,2.01,3.38,3.64,,,,,,,14,4,6,1,16,7,3,8
MEX,Liga MX,2023/2024,13/04/2024,04:00,Puebla,Cruz Azul,0,1,A,6.05,5,1.49,6.5,5,1.5,5.85,4.77,1.45,,,,,,,13,24,4,5,8,7,2,3
MEX,Liga MX,2023/2024,14/04/2024,00:00,Pachuca,Guadalajara Chivas,0,1,A,2.11,3.61,3.52,2.15,3.61,3.6,2.09,3.49,3.3,,,,,,,16,9,3,2,15,17,11,1
MEX,Liga MX,2023/2024,14/04/2024,02:05,Club America,Toluca,5,1,H,1.76,3.98,4.65,1.79,4,5.36,1.73,3.81,4.41,,,,,,,14,11,9,5,11,8,3,8
MEX,Liga MX,2023/2024,14/04/2024,04:10,Monterrey,Tigres UANL,3,3,D,2.14,3.47,3.58,2.2,3.5,3.6,2.1,3.34,3.39,,,,,,,24,8,9,3,9,13,11,2
MEX,Liga MX,2023/2024,15/04/2024,01:00,Atlas,Atl. San Luis,2,1,H,2.4,3.52,3.01,2.47,3.6,3.03,2.32,3.46,2.87,,,,,,,19,13,6,3,14,5,13,4
MEX,Liga MX,2023/2024,15/04/2024,01:00,UNAM Pumas,Club Leon,1,0,H,2,3.95,3.57,2,3.95,3.8,1.94,3.75,3.48,,,,,,,18,11,6,4,10,7,7,4
MEX,Liga MX,2023/2024,15/04/2024,03:06,Juarez,Club Tijuana,0,1,A,2.4,3.42,3.09,2.41,3.42,3.2,2.33,3.32,2.95,,,,,,,15,6,4,2,10,12,5,4
MEX,Liga MX,2023/2024,20/04/2024,02:00,Mazatlan FC,Juarez,0,2,A,2.08,3.82,3.44,2.13,3.82,3.55,2.02,3.63,3.34,,,,,,,14,21,4,8,5,10,8,7
MEX,Liga MX,2023/2024,20/04/2024,04:00,Atl. San Luis,Toluca,1,5,A,3.84,4.23,1.85,4.11,4.23,1.89,3.8,3.98,1.8,,,,,,,10,13,2,10,9,9,9,3
MEX,Liga MX,2023/2024,20/04/2024,04:10,Club Tijuana,Puebla,3,1,H,1.48,4.86,6.44,1.56,4.86,6.44,1.51,4.45,5.54,,,,,,,19,9,6,3,15,18,8,1
MEX,Liga MX,2023/2024,21/04/2024,00:00,Club Leon,Monterrey,2,0,H,2.94,3.67,2.38,2.97,3.67,2.55,2.8,3.46,2.36,,,,,,,17,9,6,3,18,13,2,3
MEX,Liga MX,2023/2024,21/04/2024,02:05,Guadalajara Chivas,Queretaro,2,0,H,1.57,4.35,5.82,1.61,4.37,6,1.56,4.09,5.46,,,,,,,,,,,,,,
MEX,Liga MX,2023/2024,21/04/2024,02:05,Santos Laguna,Pachuca,0,2,A,2.72,3.67,2.55,2.8,3.68,2.61,2.62,3.5,2.47,,,,,,,6,19,1,8,8,14,1,6
MEX,Liga MX,2023/2024,21/04/2024,02:05,Tigres UANL,Necaxa,5,2,H,1.57,4.4,5.73,1.66,4.4,5.9,1.58,4.11,5.19,,,,,,,17,6,6,4,6,14,5,1
MEX,Liga MX,2023/2024,21/04/2024,04:10,UNAM Pumas,Club America,2,1,H,3.64,3.83,2.01,3.81,3.83,2.07,3.49,3.57,1.99,,,,,,,11,12,3,3,16,14,2,3
MEX,Liga MX,2023/2024,22/04/2024,01:00,Cruz Azul,Atlas,2,2,D,1.37,5.36,8.35,1.39,5.36,8.5,1.35,4.93,7.77,,,,,,,29,14,8,3,8,4,11,0
MEX,Liga MX,2023/2024,27/04/2024,02:00,Puebla,Club America,1,2,A,6.42,5.27,1.44,6.61,5.27,1.47,6.09,4.83,1.42,,,,,,,16,13,5,3,9,0,4,3
MEX,Liga MX,2023/2024,27/04/2024,04:10,Queretaro,UNAM Pumas,1,1,D,3.46,3.47,2.19,3.52,3.5,2.8,3.17,3.34,2.19,,,,,,,,,,,,,,
MEX,Liga MX,2023/2024,28/04/2024,00:06,Juarez,Club Leon,1,1,D,2.87,3.82,2.36,3.08,3.82,2.4,2.81,3.55,2.3,,,,,,,11,18,3,6,20,15,9,11
MEX,Liga MX,2023/2024,28/04/2024,02:00,Toluca,Cruz Azul,0,1,A,2.7,3.56,2.62,2.7,3.6,2.8,2.54,3.45,2.56,,,,,,,16,11,3,5,10,9,6,4
MEX,Liga MX,2023/2024,28/04/2024,02:00,Tigres UANL,Club Tijuana,4,1,H,1.55,4.65,5.63,1.55,4.65,6,1.5,4.36,5.57,,,,,,,,,,,,,,
MEX,Liga MX,2023/2024,28/04/2024,02:10,Pachuca,Mazatlan FC,1,1,D,1.61,4.57,5.06,1.61,4.6,5.25,1.56,4.36,4.86,,,,,,,25,10,6,3,10,12,6,5
MEX,Liga MX,2023/2024,28/04/2024,04:10,Atlas,Guadalajara Chivas,0,1,A,3.8,3.75,1.98,4.16,3.75,1.98,3.73,3.49,1.93,,,,,,,12,14,1,2,14,7,5,5
MEX,Liga MX,2023/2024,29/04/2024,01:00,Necaxa,Monterrey,2,5,A,3.29,3.54,2.24,3.35,3.54,2.24,3.14,3.39,2.17,,,,,,,,,,,,,,
MEX,Liga MX,2023/2024,29/04/2024,01:00,Santos Laguna,Atl. San Luis,0,3,A,2.19,3.73,3.23,2.19,3.73,3.36,2.12,3.49,3.15,,,,,,,15,20,1,5,20,17,3,5
MEX,Liga MX,2023/2024,03/05/2024,02:00,Necaxa,Queretaro,1,1,D,2.31,3.33,3.32,2.31,3.4,3.39,2.23,3.27,3.17,,,,,,,,,,,,,,
MEX,Liga MX,2023/2024,03/05/2024,04:15,Pachuca,UNAM Pumas,0,0,D,2.58,3.56,2.74,2.6,3.6,2.74,2.49,3.43,2.63,,,,,,,15,8,6,3,10,9,7,0
MEX,Liga MX,2023/2024,06/05/2024,03:06,Pachuca,Necaxa,2,1,H,1.59,4.29,5.69,1.6,4.33,6.02,1.56,4.13,5.34,,,,,,,,,,,,,,
MEX,Liga MX,2023/2024,10/05/2024,04:10,Tigres UANL,Monterrey,1,2,A,,,,2.78,3.4,2.77,2.62,3.29,2.63,,,,,,,14,12,3,4,8,19,2,0
MEX,Liga MX,2023/2024,10/05/2024,02:00,UNAM Pumas,Cruz Azul,0,2,A,,,,3,3.35,2.63,2.79,3.23,2.51,,,,,,,15,16,3,8,11,12,7,2
MEX,Liga MX,2023/2024,09/05/2024,04:16,Pachuca,Club America,1,1,D,3.21,3.55,2.27,3.31,3.6,2.27,3.15,3.45,2.15,,,,,,,17,8,6,2,7,5,8,4
MEX,Liga MX,2023/2024,09/05/2024,02:05,Guadalajara Chivas,Toluca,1,0,H,2.45,3.21,3.19,2.48,3.4,3.19,2.39,3.22,2.93,,,,,,,3,9,1,4,9,2,3,3
MEX,Liga MX,2023/2024,12/05/2024,01:00,Club America,Pachuca,1,1,D,2.08,3.76,3.49,2.08,4.23,4.25,1.97,3.64,3.49,,,,,,,20,7,6,2,6,11,11,2
MEX,Liga MX,2023/2024,12/05/2024,03:10,Toluca,Guadalajara Chivas,0,0,D,1.85,3.87,4.2,1.95,3.87,4.25,1.81,3.74,4.03,,,,,,,22,9,7,3,9,12,7,5
MEX,Liga MX,2023/2024,13/05/2024,02:00,Cruz Azul,UNAM Pumas,2,2,D,1.99,4.09,3.47,2.05,4.09,3.85,1.96,3.83,3.38,,,,,,,8,16,3,6,8,17,2,5
MEX,Liga MX,2023/2024,13/05/2024,04:10,Monterrey,Tigres UANL,1,1,D,2.47,3.44,2.97,2.47,3.58,3.26,2.35,3.4,2.89,,,,,,,12,8,2,4,13,10,3,5
MEX,Liga MX,2023/2024,16/05/2024,03:05,Guadalajara Chivas,Club America,0,0,D,3.48,3.13,2.34,3.48,3.26,2.38,3.26,3.09,2.28,,,,,,,,,,,,,,
MEX,Liga MX,2023/2024,17/05/2024,04:00,Monterrey,Cruz Azul,0,1,A,2.21,3.49,3.39,2.15,3.39,3.6,2.09,3.27,3.41,,,,,,,13,10,3,5,7,10,8,2
MEX,Liga MX,2023/2024,19/05/2024,03:00,Club America,Guadalajara Chivas,1,0,H,1.85,3.66,4.48,1.87,3.7,4.48,1.83,3.51,4.24,,,,,,,10,13,3,2,5,15,4,3
MEX,Liga MX,2023/2024,20/05/2024,01:00,Cruz Azul,Monterrey,1,2,A,2.37,3.42,3.14,2.42,3.45,3.28,2.27,3.35,3.05,,,,,,,9,14,5,5,8,14,1,5
MEX,Liga MX,2023/2024,24/05/2024,03:00,Cruz Azul,Club America,1,1,D,3.21,3.26,2.41,3.28,3.3,2.41,3.12,3.17,2.33,,,,,,,7,7,3,4,7,8,7,3
MEX,Liga MX,2023/2024,27/05/2024,02:00,Club America,Cruz Azul,1,0,H,1.88,3.55,4.48,1.93,3.55,4.66,1.85,3.41,4.28,,,,,,,11,13,5,5,7,10,3,6
MEX,Liga MX,2024/2025,05/07/2024,23:45,Puebla,Santos Laguna,1,0,H,1.88,3.75,4.22,2,3.95,4.22,1.89,3.67,3.75,,,,,,,16,6,5,2,14,11,8,1
MEX,Liga MX,2024/2025,06/07/2024,02:00,Queretaro,Club Tijuana,1,2,A,2.86,3.27,2.65,2.95,3.27,2.9,2.62,3.15,2.7,,,,,,,9,18,5,5,14,14,5,7
MEX,Liga MX,2024/2025,06/07/2024,04:10,Juarez,Atlas,2,2,D,2.22,3.52,3.35,2.28,3.55,3.35,2.16,3.41,3.19,,,,,,,11,11,2,3,15,16,2,5
MEX,Liga MX,2024/2025,07/07/2024,00:00,Atl. San Luis,Club America,2,1,H,4.66,3.98,1.75,4.66,3.98,1.77,4.38,3.78,1.73,,,,,,,11,11,5,6,15,11,5,3
MEX,Liga MX,2024/2025,07/07/2024,02:00,Guadalajara Chivas,Toluca,0,0,D,2.45,3.38,3.04,2.45,3.5,3.04,2.35,3.35,2.89,,,,,,,15,11,4,2,5,12,4,6
MEX,Liga MX,2024/2025,07/07/2024,02:00,Tigres UANL,Necaxa,1,0,H,1.43,4.94,7.38,1.45,4.94,7.5,1.41,4.65,6.98,,,,,,,17,10,4,3,8,13,7,5
MEX,Liga MX,2024/2025,07/07/2024,04:00,Cruz Azul,Mazatlan FC,1,0,H,1.34,5.59,8.97,1.36,5.59,9,1.32,5.15,8.33,,,,,,,,,,,,,,
MEX,Liga MX,2024/2025,07/07/2024,19:00,UNAM Pumas,Club Leon,4,1,H,2.24,3.59,3.24,2.24,3.7,3.35,2.12,3.51,3.2,,,,,,,14,9,7,3,13,11,6,3
MEX,Liga MX,2024/2025,08/07/2024,02:06,Pachuca,Monterrey,0,1,A,2.57,3.29,2.95,2.57,3.4,3.1,2.43,3.25,2.86,,,,,,,17,8,3,3,9,10,8,1
MEX,Liga MX,2024/2025,13/07/2024,02:00,Club America,Queretaro,3,1,H,1.41,5.18,7.42,1.42,5.5,7.81,1.38,4.86,7.14,1.42,5.3,8.6,,,,11,9,4,1,9,12,1,5
MEX,Liga MX,2024/2025,13/07/2024,04:00,Club Tijuana,Guadalajara Chivas,4,2,H,2.31,3.24,3.43,2.33,3.26,3.43,2.27,3.18,3.21,2.4,3.4,3.4,,,,13,11,6,2,14,13,2,4
MEX,Liga MX,2024/2025,13/07/2024,04:00,Mazatlan FC,Atl. San Luis,2,2,D,2.31,3.66,3.06,2.34,3.66,3.1,2.27,3.47,2.95,2.34,3.7,3.15,,,,,,,,,,,
MEX,Liga MX,2024/2025,13/07/2024,04:05,Atlas,Tigres UANL,1,1,D,4.19,3.74,1.93,4.19,3.74,2.12,3.79,3.52,1.94,4,3.7,2.04,,,,10,15,3,4,12,9,4,3
MEX,Liga MX,2024/2025,14/07/2024,00:00,Club Leon,Pachuca,0,0,D,3.39,3.62,2.16,3.39,3.65,2.2,3.17,3.52,2.14,3.4,3.7,2.26,,,,11,9,5,3,24,5,9,1
MEX,Liga MX,2024/2025,14/07/2024,00:00,Necaxa,Puebla,4,1,H,2.06,3.76,3.54,2.11,3.77,3.75,2,3.66,3.4,2.08,3.85,3.7,,,,24,17,9,5,8,7,6,5
MEX,Liga MX,2024/2025,14/07/2024,02:00,Toluca,Juarez,3,2,H,1.42,5.02,7.33,1.43,5.15,8,1.39,4.83,7.04,1.45,5.2,8,,,,9,10,3,5,15,5,7,3
MEX,Liga MX,2024/2025,14/07/2024,02:05,Santos Laguna,UNAM Pumas,1,1,D,3.91,3.45,2.05,3.98,3.55,2.08,3.74,3.36,1.99,4.1,3.55,2.08,,,,9,28,2,5,12,18,4,11
MEX,Liga MX,2024/2025,14/07/2024,04:10,Monterrey,Cruz Azul,0,4,A,2.18,3.37,3.58,2.21,3.38,3.7,2.11,3.27,3.47,2.24,3.4,3.7,,,,9,15,0,9,11,7,2,3
MEX,Liga MX,2024/2025,17/07/2024,02:00,Atlas,Santos Laguna,1,0,H,1.78,3.82,4.69,1.8,3.82,4.69,1.76,3.7,4.38,1.81,3.9,5.1,,,,22,2,5,0,11,12,8,4
MEX,Liga MX,2024/2025,17/07/2024,02:00,Pachuca,Atl. San Luis,2,0,H,1.76,4.08,4.51,1.81,4.08,4.59,1.73,3.95,4.26,1.79,4.2,4.7,,,,10,10,3,3,16,8,7,11
MEX,Liga MX,2024/2025,17/07/2024,02:00,Queretaro,Guadalajara Chivas,0,2,A,3.64,3.32,2.18,3.75,3.34,2.2,3.56,3.23,2.1,3.95,3.5,2.14,,,,15,14,3,6,11,10,4,3
MEX,Liga MX,2024/2025,17/07/2024,04:00,Puebla,Club Leon,2,2,D,3,3.67,2.34,3,3.68,2.38,2.89,3.58,2.26,3,3.9,2.38,,,,22,9,8,6,8,11,5,5
MEX,Liga MX,2024/2025,17/07/2024,04:05,Cruz Azul,Club Tijuana,3,0,H,1.45,4.89,6.91,1.47,5.1,8,1.4,4.75,6.96,1.45,5.2,8.2,,,,17,8,7,1,11,9,7,1
MEX,Liga MX,2024/2025,18/07/2024,02:00,Juarez,UNAM Pumas,1,2,A,3.29,3.54,2.24,3.29,3.58,2.28,3.13,3.46,2.17,3.3,3.65,2.34,,,,11,12,4,4,9,18,5,4
MEX,Liga MX,2024/2025,18/07/2024,02:00,Necaxa,Monterrey,0,1,A,2.72,3.48,2.64,2.76,3.48,2.64,2.65,3.37,2.54,2.84,3.4,2.76,,,,10,11,1,4,13,15,3,3
MEX,Liga MX,2024/2025,18/07/2024,04:00,Toluca,Mazatlan FC,3,0,H,1.24,7.08,10.37,1.25,7.2,12,1.23,6.47,10.45,1.27,7,12.5,,,,,,,,,,,
MEX,Liga MX,2024/2025,18/07/2024,04:00,Tigres UANL,Club America,1,0,H,2.25,3.4,3.4,2.25,3.4,3.6,2.15,3.35,3.29,2.28,3.55,3.55,,,,20,12,6,4,20,10,13,1
MEX,Liga MX,2024/2025,20/07/2024,02:00,Atl. San Luis,Club Tijuana,1,1,D,2.35,3.72,2.95,2.4,3.74,2.95,2.3,3.62,2.82,2.38,3.75,3.1,,,,15,10,5,4,9,11,7,2
MEX,Liga MX,2024/2025,20/07/2024,04:05,Puebla,Atlas,1,2,A,3.09,3.39,2.41,3.1,3.43,2.44,2.98,3.34,2.31,3.15,3.45,2.46,,,,15,7,2,3,17,14,6,4
MEX,Liga MX,2024/2025,21/07/2024,00:05,Guadalajara Chivas,Mazatlan FC,2,0,H,1.65,4.24,5.16,1.66,4.33,5.4,1.62,4.06,4.9,1.66,4.3,5.9,,,,,,,,,,,
MEX,Liga MX,2024/2025,21/07/2024,02:00,Monterrey,Queretaro,2,1,H,1.34,5.33,9.84,1.4,5.4,9.84,1.33,4.96,8.72,1.38,5.5,10.5,,,,16,6,6,3,8,11,6,4
MEX,Liga MX,2024/2025,21/07/2024,02:00,Santos Laguna,Tigres UANL,0,3,A,6.15,4.21,1.57,6.2,4.23,1.58,5.68,4.09,1.55,6.2,4.3,1.63,,,,14,15,6,8,5,16,7,6
MEX,Liga MX,2024/2025,21/07/2024,04:05,Cruz Azul,Toluca,1,1,D,1.99,3.86,3.66,2.03,4.04,3.71,1.94,3.79,3.47,2.04,4,3.7,,,,21,6,5,2,16,13,10,3
MEX,Liga MX,2024/2025,21/07/2024,04:10,Juarez,Club America,1,2,A,3.47,3.45,2.19,3.81,3.65,2.2,3.35,3.37,2.12,3.6,3.55,2.24,,,,9,19,6,8,12,9,4,6
MEX,Liga MX,2024/2025,22/07/2024,00:00,UNAM Pumas,Pachuca,2,0,H,2.05,3.74,3.58,2.33,3.8,3.58,2,3.64,3.41,2.12,3.9,3.6,,,,9,12,5,2,9,11,4,6
MEX,Liga MX,2024/2025,22/07/2024,02:05,Club Leon,Necaxa,1,1,D,2.63,3.51,2.71,2.65,3.86,3.36,2.52,3.45,2.63,2.74,3.65,2.7,,,,19,6,4,4,12,13,4,4
MEX,Liga MX,2024/2025,17/08/2024,02:00,Puebla,Monterrey,1,2,A,3.88,3.97,1.9,3.93,4.1,1.9,3.76,3.77,1.86,4.2,4,1.91,,,,14,15,6,5,8,2,6,3
MEX,Liga MX,2024/2025,19/08/2024,01:05,Club Tijuana,Santos Laguna,3,1,H,1.49,4.77,6.4,1.49,4.8,7,1.44,4.66,6.25,1.52,4.9,6.8,,,,21,7,7,2,15,13,1,3
MEX,Liga MX,2024/2025,19/08/2024,03:00,Atl. San Luis,Queretaro,4,0,H,1.85,3.94,4.17,1.91,3.95,4.31,1.82,3.76,3.97,1.86,4,4.4,,,,20,10,6,2,11,21,5,5
MEX,Liga MX,2024/2025,24/08/2024,02:00,Queretaro,Cruz Azul,0,2,A,8.02,5.15,1.42,8.5,5.15,1.43,7.44,4.72,1.39,8.8,5.1,1.43,,,,3,23,3,5,8,9,1,6
MEX,Liga MX,2024/2025,24/08/2024,03:00,Mazatlan FC,Pachuca,3,0,H,3.08,3.27,2.48,3.31,3.35,2.5,3.01,3.17,2.39,3.2,3.35,2.5,,,,,,,,,,,
MEX,Liga MX,2024/2025,24/08/2024,04:05,Club Tijuana,Monterrey,2,2,D,3.13,3.65,2.28,3.13,3.67,2.29,2.99,3.54,2.22,3.25,3.7,2.32,,,,10,16,5,5,10,12,3,2
MEX,Liga MX,2024/2025,25/08/2024,00:00,Necaxa,Juarez,3,0,H,2.25,3.55,3.26,2.26,3.55,3.43,2.18,3.43,3.15,2.26,3.6,3.4,,,,13,14,7,2,13,10,5,3
MEX,Liga MX,2024/2025,25/08/2024,02:00,Atlas,UNAM Pumas,2,1,H,3.1,2.99,2.66,3.1,3.1,2.66,2.94,3,2.54,3.1,3.1,2.74,,,,12,19,4,6,13,15,4,5
MEX,Liga MX,2024/2025,25/08/2024,02:00,Club Leon,Santos Laguna,1,1,D,1.49,4.61,6.63,1.53,4.61,6.63,1.47,4.41,6.18,1.51,4.9,7,,,,25,10,6,5,15,9,5,5
MEX,Liga MX,2024/2025,25/08/2024,02:00,Tigres UANL,Guadalajara Chivas,1,1,D,2.13,3.46,3.63,2.15,3.46,3.66,2.06,3.35,3.53,2.14,3.55,3.85,,,,14,10,5,6,12,16,4,3
MEX,Liga MX,2024/2025,25/08/2024,04:05,Club America,Puebla,0,1,A,1.4,5.44,7.24,1.42,5.44,8.5,1.38,4.97,7.25,1.42,5.3,8.8,,,,21,11,5,2,4,12,7,3
MEX,Liga MX,2024/2025,25/08/2024,19:00,Toluca,Atl. San Luis,2,1,H,1.5,4.85,6.16,1.53,4.85,6.33,1.47,4.65,5.94,1.52,5,6.6,,,,14,18,4,7,10,9,2,4
MEX,Liga MX,2024/2025,31/08/2024,02:00,Atl. San Luis,Atlas,2,1,H,2.63,3.3,2.85,2.67,3.4,2.85,2.56,3.25,2.71,2.72,3.3,2.94,,,,11,11,6,4,11,14,3,0
MEX,Liga MX,2024/2025,31/08/2024,03:00,Mazatlan FC,Puebla,1,1,D,1.7,3.8,5.35,1.76,3.84,5.5,1.66,3.72,5.07,1.72,4,5.7,,,,,,,,,,,
MEX,Liga MX,2024/2025,31/08/2024,04:05,Club Tijuana,Club Leon,2,1,H,2.03,3.69,3.71,2.05,3.9,3.94,1.98,3.6,3.51,2.08,3.8,3.8,,,,13,8,6,3,17,13,8,3
MEX,Liga MX,2024/2025,01/09/2024,00:00,Pachuca,Queretaro,1,1,D,1.54,4.38,6.27,1.56,4.75,7,1.49,4.29,6.03,1.55,4.6,7,,,,22,5,6,1,15,20,10,1
MEX,Liga MX,2024/2025,01/09/2024,00:05,Guadalajara Chivas,Juarez,5,0,H,1.65,4.24,5.09,1.7,4.36,5.25,1.61,4.04,4.95,1.68,4.3,5.6,,,,13,12,8,3,10,10,6,7
MEX,Liga MX,2024/2025,01/09/2024,02:00,Monterrey,Toluca,1,2,A,1.95,3.75,3.9,1.99,3.9,4,1.93,3.64,3.62,1.99,3.85,4.1,,,,16,3,6,2,13,15,3,1
MEX,Liga MX,2024/2025,01/09/2024,04:10,Cruz Azul,Club America,4,1,H,2.47,3.35,3.03,2.53,3.35,3.12,2.39,3.26,2.91,2.6,3.35,3.1,,,,10,12,6,3,12,5,5,5
MEX,Liga MX,2024/2025,02/09/2024,00:00,UNAM Pumas,Tigres UANL,1,3,A,2.11,3.5,3.64,2.16,3.55,3.7,2.05,3.43,3.46,2.22,3.5,3.7,,,,18,9,5,3,15,9,5,5
MEX,Liga MX,2024/2025,02/09/2024,02:05,Santos Laguna,Necaxa,3,2,H,3.3,3.67,2.19,3.3,3.67,2.26,3.06,3.51,2.19,3.3,3.75,2.28,,,,19,19,7,6,5,13,7,6
MEX,Liga MX,2024/2025,14/09/2024,01:00,Puebla,Queretaro,2,1,H,2.01,3.52,3.94,2.05,3.67,4.13,1.94,3.51,3.75,2.06,3.6,4.1,,,,17,11,7,2,8,18,3,3
MEX,Liga MX,2024/2025,14/09/2024,02:00,Atlas,Pachuca,2,0,H,2.66,3.09,2.99,2.69,3.23,2.99,2.55,3.1,2.84,2.7,3.2,3.1,,,,11,6,3,2,16,16,5,7
MEX,Liga MX,2024/2025,14/09/2024,03:10,Juarez,Mazatlan FC,1,0,H,2.74,3.33,2.72,2.74,3.47,3.13,2.53,3.27,2.72,2.74,3.45,2.84,,,,,,,,,,,
MEX,Liga MX,2024/2025,14/09/2024,03:10,Tigres UANL,Atl. San Luis,1,0,H,1.49,4.91,6.12,1.5,4.91,6.49,1.46,4.7,5.84,1.49,5.1,7,,,,12,13,3,2,9,13,3,3
MEX,Liga MX,2024/2025,14/09/2024,04:00,Necaxa,UNAM Pumas,2,0,H,3.44,3.3,2.27,3.45,3.56,2.4,3.2,3.26,2.24,3.5,3.45,2.32,,,,14,8,6,0,12,5,3,4
MEX,Liga MX,2024/2025,14/09/2024,23:45,Toluca,Club Tijuana,4,0,H,1.4,5.37,7.38,1.43,5.4,7.38,1.37,5.12,6.78,1.42,5.8,7.6,,,,,,,,,,,
MEX,Liga MX,2024/2025,15/09/2024,01:50,Club America,Guadalajara Chivas,1,0,H,2.04,3.43,3.96,2.08,3.43,4.22,1.98,3.35,3.75,2.02,3.45,4.3,,,,9,16,3,1,11,12,5,9
MEX,Liga MX,2024/2025,15/09/2024,03:35,Club Leon,Cruz Azul,1,2,A,4.27,3.71,1.88,4.61,3.75,1.92,4.07,3.58,1.85,4.5,3.8,1.93,,,,9,22,4,7,10,4,5,5
MEX,Liga MX,2024/2025,15/09/2024,04:00,Santos Laguna,Monterrey,0,2,A,6.32,4.61,1.51,6.5,4.7,1.58,5.92,4.36,1.49,6.4,4.6,1.55,,,,16,19,5,8,16,20,9,5
MEX,Liga MX,2024/2025,18/09/2024,02:00,Atl. San Luis,Cruz Azul,3,1,H,4.85,3.97,1.73,4.93,4.1,1.74,4.56,3.86,1.7,5.2,4.1,1.76,,,,13,13,5,4,6,12,4,3
MEX,Liga MX,2024/2025,18/09/2024,02:00,Club America,Atlas,3,0,H,1.59,4.1,6.12,1.78,4.1,6.46,1.59,3.86,5.66,1.6,4.2,7,,,,13,6,7,1,8,11,4,0
MEX,Liga MX,2024/2025,18/09/2024,02:00,Pachuca,Toluca,2,2,D,2.67,3.61,2.62,2.77,3.65,2.62,2.64,3.5,2.48,2.74,3.65,2.72,,,,12,12,6,5,13,8,6,8
MEX,Liga MX,2024/2025,18/09/2024,04:00,Queretaro,Tigres UANL,1,0,H,5.77,4.27,1.59,5.94,4.27,1.66,5.37,4.08,1.57,6,4.4,1.63,,,,8,23,2,4,14,7,3,14
MEX,Liga MX,2024/2025,18/09/2024,04:05,UNAM Pumas,Puebla,1,0,H,1.54,4.38,6.25,1.58,4.4,6.25,1.51,4.2,5.86,1.57,4.4,6.8,,,,23,6,7,4,11,11,7,4
MEX,Liga MX,2024/2025,19/09/2024,02:05,Guadalajara Chivas,Club Leon,2,0,H,1.66,4.01,5.4,1.76,4.01,5.5,1.65,3.89,4.95,1.68,4.2,5.6,,,,11,10,4,4,15,8,4,5
MEX,Liga MX,2024/2025,19/09/2024,03:00,Mazatlan FC,Necaxa,0,0,D,2.04,3.59,3.77,2.11,3.59,3.77,2.01,3.44,3.56,2.1,3.65,3.9,,,,,,,,,,,
MEX,Liga MX,2024/2025,19/09/2024,04:00,Monterrey,Juarez,3,2,H,1.43,5.04,7.19,1.44,5.04,7.69,1.4,4.85,6.96,1.46,5.2,7.8,,,,14,15,4,4,8,11,3,6
MEX,Liga MX,2024/2025,21/09/2024,02:00,Atlas,Queretaro,0,1,A,1.7,3.66,5.7,1.7,3.85,5.75,1.64,3.65,5.47,1.72,3.85,6,,,,19,10,3,3,14,12,10,3
MEX,Liga MX,2024/2025,21/09/2024,02:00,Puebla,Pachuca,2,3,A,4.53,4.07,1.76,4.55,4.1,1.77,4.35,3.92,1.71,4.7,4.1,1.82,,,,9,18,4,4,12,10,5,6
MEX,Liga MX,2024/2025,22/09/2024,00:00,Club Leon,Atl. San Luis,1,0,H,2.49,3.84,2.69,2.49,3.9,3.2,2.36,3.74,2.67,2.54,3.9,2.8,,,,13,10,4,1,11,12,8,3
MEX,Liga MX,2024/2025,22/09/2024,02:00,Monterrey,Mazatlan FC,0,0,D,1.67,4.01,5.33,1.69,4.1,5.67,1.64,3.86,5.09,1.7,4.1,5.7,,,,5,16,4,5,4,14,2,11
MEX,Liga MX,2024/2025,22/09/2024,02:00,Necaxa,Club America,1,1,D,3.85,3.58,2.02,3.9,3.61,2.06,3.7,3.51,1.95,3.95,3.65,2.08,,,,11,18,3,7,12,7,3,6
MEX,Liga MX,2024/2025,22/09/2024,04:05,Cruz Azul,Guadalajara Chivas,1,0,H,1.8,3.72,4.74,1.81,3.75,4.75,1.76,3.62,4.47,1.84,3.85,4.9,,,,18,12,5,5,12,14,8,8
MEX,Liga MX,2024/2025,23/09/2024,00:00,UNAM Pumas,Club Tijuana,1,0,H,1.53,4.52,6.06,1.54,4.52,6.06,1.51,4.41,5.62,1.58,4.7,6,,,,20,6,12,2,7,15,5,2
MEX,Liga MX,2024/2025,23/09/2024,02:05,Santos Laguna,Toluca,2,0,H,5.74,4.56,1.55,5.75,4.6,1.56,5.45,4.4,1.52,5.7,4.8,1.6,,,,7,18,4,4,17,12,4,13
MEX,Liga MX,2024/2025,23/09/2024,02:10,Juarez,Tigres UANL,0,1,A,4.01,3.78,1.92,4.1,3.81,2,3.84,3.68,1.87,4.1,3.85,1.97,,,,9,17,1,5,21,15,0,4
MEX,Liga MX,2024/2025,28/09/2024,01:00,Puebla,Juarez,2,3,A,2.2,3.55,3.37,2.3,3.56,3.4,2.19,3.42,3.13,2.26,3.65,3.4,,,,20,11,6,7,13,8,9,8
MEX,Liga MX,2024/2025,28/09/2024,02:00,Queretaro,Necaxa,0,0,D,3.35,3.43,2.25,3.35,3.43,2.4,3.12,3.31,2.25,3.25,3.45,2.44,,,,13,23,4,5,8,10,7,9
MEX,Liga MX,2024/2025,28/09/2024,03:00,Tigres UANL,Club Leon,2,2,D,1.4,5.21,7.71,1.41,5.21,7.71,1.37,4.95,7.22,1.42,5.4,8.6,,,,21,10,10,5,11,19,9,2
MEX,Liga MX,2024/2025,28/09/2024,04:05,Club Tijuana,Mazatlan FC,1,0,H,2.68,3.35,2.77,2.7,3.4,2.95,2.53,3.27,2.73,2.7,3.45,2.88,,,,,,,,,,,
MEX,Liga MX,2024/2025,29/09/2024,00:00,Toluca,Atlas,4,1,H,1.6,4.27,5.68,1.62,4.33,6.1,1.56,4.12,5.4,1.62,4.4,6.2,,,,11,17,5,3,13,5,1,2
MEX,Liga MX,2024/2025,29/09/2024,02:05,Pachuca,Cruz Azul,2,4,A,3.32,3.4,2.28,3.32,3.6,2.28,3.17,3.32,2.21,3.4,3.5,2.34,,,,12,17,6,9,13,14,4,3
MEX,Liga MX,2024/2025,29/09/2024,04:05,Guadalajara Chivas,Monterrey,1,1,D,2.18,3.31,3.66,2.2,3.45,3.66,2.13,3.23,3.48,2.24,3.35,3.8,,,,11,5,3,2,18,14,8,1
MEX,Liga MX,2024/2025,29/09/2024,04:10,Atl. San Luis,Santos Laguna,3,1,H,1.51,4.64,6.4,1.51,4.8,6.5,1.48,4.5,5.96,1.56,4.8,6.4,,,,16,8,9,5,13,19,3,2
MEX,Liga MX,2024/2025,30/09/2024,01:00,Club America,UNAM Pumas,0,1,A,2.1,3.39,3.79,2.19,3.42,4.2,2.04,3.32,3.65,2.16,3.45,3.85,,,,12,5,5,4,14,19,4,3
MEX,Liga MX,2024/2025,05/10/2024,03:00,Mazatlan FC,Queretaro,2,2,D,1.52,4.45,6.52,1.55,5.06,6.69,1.48,4.38,6.15,1.56,4.5,7.2,,,,,,,,,,,
MEX,Liga MX,2024/2025,05/10/2024,04:00,Club Tijuana,Pachuca,2,1,H,2.51,3.51,2.86,2.51,3.68,2.86,2.42,3.47,2.73,2.54,3.6,2.96,,,,14,12,6,2,21,19,3,4
MEX,Liga MX,2024/2025,06/10/2024,00:00,Atl. San Luis,Monterrey,1,0,H,3.03,3.49,2.4,3.1,3.55,2.47,2.9,3.41,2.33,3.1,3.6,2.46,,,,9,17,4,1,13,11,6,7
MEX,Liga MX,2024/2025,06/10/2024,00:00,Cruz Azul,Necaxa,3,0,H,1.44,4.85,7.24,1.46,4.85,7.24,1.42,4.67,6.71,1.47,5.1,7.6,,,,13,6,3,1,7,6,6,4
MEX,Liga MX,2024/2025,06/10/2024,00:00,Tigres UANL,Puebla,1,0,H,1.32,5.8,9.07,1.34,5.8,9.07,1.3,5.47,8.4,1.33,6,10.5,,,,16,12,3,2,13,17,4,3
MEX,Liga MX,2024/2025,06/10/2024,02:00,Toluca,UNAM Pumas,1,1,D,2.09,3.69,3.5,2.16,3.7,3.7,2.04,3.57,3.36,2.2,3.65,3.6,,,,11,15,2,5,7,8,5,5
MEX,Liga MX,2024/2025,06/10/2024,02:05,Guadalajara Chivas,Atlas,2,3,A,1.83,3.36,5.23,1.87,3.4,5.29,1.78,3.33,4.87,1.86,3.5,5.5,,,,20,10,7,3,17,17,8,6
MEX,Liga MX,2024/2025,06/10/2024,04:00,Club Leon,Club America,1,1,D,4.08,3.69,1.93,4.21,3.69,1.96,3.87,3.57,1.89,4.2,3.75,1.95,,,,10,14,3,5,20,9,4,4
MEX,Liga MX,2024/2025,07/10/2024,03:05,Santos Laguna,Juarez,0,2,A,3.68,3.61,2.06,3.7,3.63,2.12,3.48,3.53,2.01,3.75,3.8,2.08,,,,12,13,4,4,9,12,6,8
MEX,Liga MX,2024/2025,19/10/2024,02:00,Atlas,Mazatlan FC,0,0,D,2.07,3.23,4.13,2.11,3.35,4.2,2.03,3.16,3.9,2.12,3.3,4.4,,,,,,,,,,,
MEX,Liga MX,2024/2025,19/10/2024,02:00,Queretaro,Toluca,0,1,A,4.73,4.1,1.72,5.1,4.1,1.76,4.51,3.96,1.69,4.9,4.2,1.76,,,,14,18,3,8,8,9,8,4
MEX,Liga MX,2024/2025,19/10/2024,04:00,Necaxa,Club Tijuana,1,2,A,1.7,4.12,4.81,1.73,4.2,4.9,1.67,4.01,4.56,1.75,4.4,4.9,,,,24,11,8,4,14,9,10,0
MEX,Liga MX,2024/2025,19/10/2024,04:05,Puebla,Cruz Azul,1,2,A,5.77,4.41,1.57,6.46,4.41,1.58,5.6,4.24,1.53,6.6,4.5,1.58,,,,8,17,3,4,12,15,1,9
MEX,Liga MX,2024/2025,20/10/2024,00:00,Pachuca,Guadalajara Chivas,0,2,A,2.63,3.29,2.87,2.66,3.3,2.87,2.55,3.23,2.75,2.72,3.4,2.9,,,,22,3,7,2,10,18,14,6
MEX,Liga MX,2024/2025,20/10/2024,02:05,Club America,Santos Laguna,3,0,H,1.25,6.46,11.15,1.26,7.5,14,1.23,6.22,11.24,1.27,6.8,14,,,,27,5,7,3,15,5,9,2
MEX,Liga MX,2024/2025,20/10/2024,02:06,Juarez,Club Leon,2,3,A,2.52,3.43,2.89,2.52,3.6,2.95,2.41,3.38,2.8,2.54,3.55,3,,,,16,10,6,4,10,10,10,4
MEX,Liga MX,2024/2025,20/10/2024,04:10,Monterrey,Tigres UANL,4,2,H,2.85,3.22,2.7,2.86,3.26,2.7,2.74,3.16,2.59,2.94,3.25,2.74,,,,7,18,6,8,12,12,4,4
MEX,Liga MX,2024/2025,20/10/2024,19:00,UNAM Pumas,Atl. San Luis,3,0,H,1.67,4.06,5.26,1.7,4.06,5.5,1.64,3.89,5,1.7,4.1,5.6,,,,16,14,6,4,17,5,7,3
MEX,Liga MX,2024/2025,23/10/2024,02:00,Santos Laguna,Pachuca,1,1,D,4.17,3.79,1.88,4.4,4,1.92,4.02,3.66,1.83,4.3,3.8,1.95,,,,9,24,5,4,13,26,5,8
MEX,Liga MX,2024/2025,23/10/2024,02:05,Guadalajara Chivas,Necaxa,3,2,H,1.78,3.75,4.79,1.78,3.75,5,1.73,3.63,4.67,1.78,3.85,5.5,,,,24,9,5,6,8,10,8,2
MEX,Liga MX,2024/2025,23/10/2024,04:05,Toluca,Puebla,5,0,H,1.36,5.58,8.14,1.36,5.7,8.3,1.33,5.37,7.81,1.38,5.8,8.8,,,,18,13,12,2,12,4,5,3
MEX,Liga MX,2024/2025,23/10/2024,04:06,Mazatlan FC,Tigres UANL,2,0,H,3.33,3.51,2.23,3.33,3.6,2.23,3.2,3.4,2.16,3.5,3.45,2.24,,,,,,,,,,,
MEX,Liga MX,2024/2025,24/10/2024,02:00,Cruz Azul,Juarez,4,0,H,1.27,6.19,10.79,1.28,6.58,11,1.25,6.01,10.04,1.3,6.4,12,,,,24,11,9,3,9,8,5,0
MEX,Liga MX,2024/2025,24/10/2024,02:00,Monterrey,UNAM Pumas,0,0,D,2.07,3.35,3.98,2.09,3.45,3.98,2.02,3.26,3.78,2.1,3.45,4.1,,,,16,8,3,1,5,15,4,2
MEX,Liga MX,2024/2025,24/10/2024,04:00,Club Leon,Atlas,0,0,D,2.44,3.21,3.2,2.47,3.31,3.2,2.37,3.16,3.05,2.52,3.25,3.2,,,,17,6,6,0,13,15,8,8
MEX,Liga MX,2024/2025,24/10/2024,04:05,Club Tijuana,Club America,2,2,D,3.21,3.94,2.13,3.25,3.94,2.25,3.05,3.65,2.15,3.3,3.8,2.26,,,,11,17,6,10,9,17,5,3
MEX,Liga MX,2024/2025,26/10/2024,02:00,Santos Laguna,Mazatlan FC,0,0,D,3.57,3.56,2.11,3.6,3.7,2.14,3.39,3.48,2.06,3.65,3.65,2.16,,,,16,14,1,3,7,18,1,7
MEX,Liga MX,2024/2025,26/10/2024,04:00,Puebla,Guadalajara Chivas,1,0,H,3.81,3.59,2.03,4.16,3.61,2.03,3.72,3.51,1.95,3.95,3.7,2.06,,,,11,23,3,2,3,5,3,7
MEX,Liga MX,2024/2025,27/10/2024,00:00,Club Leon,Queretaro,4,0,H,1.88,3.75,4.19,1.91,3.75,4.2,1.85,3.66,3.95,1.95,3.8,4.3,,,,11,10,7,3,10,9,4,4
MEX,Liga MX,2024/2025,27/10/2024,01:00,UNAM Pumas,Cruz Azul,0,2,A,3.42,3.22,2.32,3.42,3.3,2.49,3.09,3.15,2.35,3.3,3.3,2.46,,,,10,10,2,4,14,15,2,7
MEX,Liga MX,2024/2025,27/10/2024,03:00,Tigres UANL,Pachuca,2,1,H,1.64,4.14,5.39,1.66,4.2,5.48,1.61,4.02,5.06,1.68,4.2,5.7,,,,14,14,3,4,18,16,2,7
MEX,Liga MX,2024/2025,27/10/2024,03:05,Atlas,Club Tijuana,0,0,D,1.84,3.69,4.5,1.92,3.75,4.5,1.83,3.61,4.13,1.89,3.8,4.7,,,,8,15,0,6,11,16,5,8
MEX,Liga MX,2024/2025,28/10/2024,00:00,Necaxa,Toluca,1,3,A,2.74,3.63,2.55,2.8,3.65,2.55,2.68,3.51,2.45,2.88,3.7,2.56,,,,23,13,7,8,13,17,13,3
MEX,Liga MX,2024/2025,28/10/2024,00:06,Juarez,Atl. San Luis,2,4,A,2.51,3.49,2.88,2.51,3.8,2.88,2.41,3.51,2.72,2.58,3.6,2.96,,,,18,13,10,6,12,14,4,3
MEX,Liga MX,2024/2025,28/10/2024,02:05,Club America,Monterrey,2,1,H,2.02,3.48,3.97,2.08,3.54,4.05,1.97,3.41,3.76,2.06,3.5,4.1,,,,13,10,6,3,9,11,6,6
MEX,Liga MX,2024/2025,02/11/2024,01:00,Queretaro,Juarez,1,2,A,2.31,3.33,3.33,2.33,3.45,3.33,2.27,3.26,3.12,2.46,3.4,3.3,,,,18,14,6,6,12,16,7,5
MEX,Liga MX,2024/2025,02/11/2024,03:00,Mazatlan FC,Club America,0,5,A,3.53,3.66,2.09,3.56,3.7,2.11,3.38,3.56,2.05,3.4,3.6,2.2,,,,,,,,,,,
MEX,Liga MX,2024/2025,02/11/2024,03:05,Club Tijuana,Tigres UANL,0,3,A,3.59,3.78,2.03,3.59,3.83,2.13,3.3,3.7,2.02,3.65,3.85,2.1,,,,15,16,4,6,9,16,10,6
MEX,Liga MX,2024/2025,02/11/2024,23:00,Atl. San Luis,Puebla,2,0,H,1.75,3.9,4.82,1.76,4,4.82,1.71,3.84,4.54,1.79,4,4.9,,,,17,10,6,1,16,12,8,7
MEX,Liga MX,2024/2025,02/11/2024,23:00,Toluca,Club Leon,2,2,D,1.51,4.76,6,1.54,4.76,6,1.5,4.61,5.47,1.58,4.9,5.9,,,,22,14,8,5,12,7,4,6
MEX,Liga MX,2024/2025,03/11/2024,01:05,Guadalajara Chivas,UNAM Pumas,0,0,D,2.24,3.27,3.55,2.27,3.4,3.56,2.17,3.24,3.37,2.28,3.3,3.65,,,,8,13,3,2,10,6,5,4
MEX,Liga MX,2024/2025,03/11/2024,01:05,Monterrey,Atlas,4,0,H,1.45,4.53,7.87,1.48,4.53,8,1.42,4.34,7.38,1.46,4.6,9.2,,,,26,14,10,1,8,17,8,5
MEX,Liga MX,2024/2025,03/11/2024,03:06,Pachuca,Necaxa,6,2,H,1.9,3.81,4.07,1.92,3.86,4.13,1.86,3.73,3.82,1.9,3.9,4.4,,,,18,18,10,8,6,10,3,5
MEX,Liga MX,2024/2025,03/11/2024,03:10,Cruz Azul,Santos Laguna,2,0,H,1.16,8.52,16.53,1.18,8.52,17,1.15,7.83,14.35,1.17,9,20,,,,22,5,8,0,15,14,7,2
MEX,Liga MX,2024/2025,06/11/2024,01:00,Club Leon,Mazatlan FC,0,0,D,1.63,4.36,5.19,1.64,4.4,5.19,1.6,4.19,4.88,1.68,4.4,5.5,,,,,,,,,,,
MEX,Liga MX,2024/2025,06/11/2024,01:00,Santos Laguna,Guadalajara Chivas,0,2,A,5.17,4.04,1.68,5.17,4.2,1.69,4.86,3.94,1.65,6.2,4.3,1.59,,,,16,13,6,7,10,15,7,4
MEX,Liga MX,2024/2025,06/11/2024,03:05,UNAM Pumas,Queretaro,2,0,H,1.38,4.87,8.1,1.42,4.9,8.76,1.37,4.68,7.94,1.44,4.9,9,,,,25,2,10,0,9,9,8,1
MEX,Liga MX,2024/2025,07/11/2024,01:00,Club America,Pachuca,2,1,H,1.7,4.05,4.92,1.71,4.05,5,1.68,3.87,4.67,1.78,4,5.1,,,,10,11,2,4,16,19,4,4
MEX,Liga MX,2024/2025,07/11/2024,01:00,Necaxa,Atl. San Luis,1,1,D,2.67,3.62,2.62,2.72,3.75,2.62,2.59,3.52,2.52,2.68,3.75,2.72,,,,17,14,5,6,19,10,2,5
MEX,Liga MX,2024/2025,07/11/2024,01:00,Tigres UANL,Toluca,2,1,H,1.71,4.15,4.73,1.75,4.2,4.75,1.7,4,4.37,1.81,4.2,4.6,,,,12,10,6,6,8,15,6,3
MEX,Liga MX,2024/2025,07/11/2024,03:05,Atlas,Cruz Azul,2,2,D,4.93,3.64,1.79,5,3.67,1.84,4.68,3.56,1.74,5.5,3.85,1.78,,,,11,9,2,3,7,14,8,5
MEX,Liga MX,2024/2025,07/11/2024,03:06,Juarez,Club Tijuana,1,1,D,2.79,3.69,2.48,3.02,3.75,2.48,2.71,3.58,2.39,3,3.75,2.42,,,,15,19,3,6,12,9,5,3
MEX,Liga MX,2024/2025,09/11/2024,01:00,Queretaro,Santos Laguna,3,2,H,1.96,3.63,4.01,2.04,3.63,4.01,1.96,3.52,3.67,2,3.75,4.1,,,,15,13,4,3,18,15,6,7
MEX,Liga MX,2024/2025,09/11/2024,03:00,Mazatlan FC,UNAM Pumas,0,1,A,3.68,3.37,2.15,3.78,3.55,2.15,3.58,3.33,2.06,3.85,3.45,2.16,,,,,,,,,,,
MEX,Liga MX,2024/2025,09/11/2024,23:05,Guadalajara Chivas,Atl. San Luis,0,1,A,1.74,4.11,4.62,1.74,4.33,4.7,1.7,4.04,4.36,1.79,4.2,4.7,,,,12,4,1,3,15,7,6,3
MEX,Liga MX,2024/2025,10/11/2024,01:00,Pachuca,Juarez,0,1,A,1.46,4.84,6.87,1.49,4.84,7,1.45,4.61,6.3,1.5,4.9,7.2,,,,13,12,5,3,7,10,6,6
MEX,Liga MX,2024/2025,10/11/2024,01:00,Toluca,Club America,4,0,H,2.94,3.63,2.4,2.98,3.63,2.47,2.82,3.49,2.34,2.96,3.65,2.52,,,,10,9,5,5,8,7,4,5
MEX,Liga MX,2024/2025,10/11/2024,03:05,Cruz Azul,Tigres UANL,1,1,D,1.86,3.66,4.45,1.91,3.75,4.45,1.83,3.59,4.1,1.9,3.8,4.7,,,,18,3,3,1,12,9,4,1
MEX,Liga MX,2024/2025,10/11/2024,23:00,Necaxa,Atlas,0,0,D,2.45,2.94,3.21,2.7,3.2,3.3,2.5,2.91,3.06,2.66,3.05,3.25,,,,18,15,4,6,13,9,4,7
MEX,Liga MX,2024/2025,11/11/2024,01:05,Monterrey,Club Leon,2,1,H,1.52,4.58,6.21,1.53,4.6,6.56,1.49,4.37,6,1.55,4.7,6.8,,,,26,12,12,5,8,10,7,8
MEX,Liga MX,2024/2025,11/11/2024,03:10,Club Tijuana,Puebla,2,1,H,1.55,4.55,5.84,1.55,4.75,6.25,1.51,4.43,5.57,1.57,4.7,6.2,,,,28,5,11,2,11,15,14,2
MEX,Liga MX,2024/2025,22/11/2024,01:05,Guadalajara Chivas,Atlas,1,2,A,1.9,3.36,4.73,1.93,3.45,5,1.84,3.32,4.5,1.91,3.5,5.1,,,,15,12,4,6,16,12,2,4
MEX,Liga MX,2024/2025,22/11/2024,03:00,Club Tijuana,Club America,2,2,D,2.95,3.39,2.51,2.97,3.55,2.51,2.83,3.38,2.37,3.05,3.55,2.5,,,,8,11,4,3,23,12,5,8
MEX,Liga MX,2024/2025,25/11/2024,03:00,Club Tijuana,Atlas,3,0,H,1.93,3.46,4.39,2,3.61,4.39,1.89,3.43,4.07,2,3.5,4.4,,,,22,12,8,2,12,8,7,3
MEX,Liga MX,2024/2025,28/11/2024,01:00,Club America,Toluca,2,0,H,2.28,3.44,3.29,2.28,3.51,3.53,2.18,3.34,3.26,2.3,3.55,3.5,,,,14,6,5,2,6,5,4,2
MEX,Liga MX,2024/2025,28/11/2024,03:10,Club Tijuana,Cruz Azul,3,0,H,3.43,3.45,2.21,3.5,3.45,2.21,3.31,3.35,2.16,3.55,3.5,2.26,,,,11,8,4,0,9,6,7,3
MEX,Liga MX,2024/2025,29/11/2024,01:00,Atl. San Luis,Tigres UANL,3,0,H,3.71,3.11,2.26,3.72,3.2,2.3,3.51,3.09,2.19,3.75,3.25,2.32,,,,7,21,4,7,9,10,2,11
MEX,Liga MX,2024/2025,29/11/2024,03:10,Monterrey,UNAM Pumas,1,0,H,2.31,2.96,3.79,2.33,3.15,3.9,2.21,2.96,3.61,2.32,3.1,3.95,,,,11,9,1,2,13,19,4,2
MEX,Liga MX,2024/2025,30/11/2024,23:00,Toluca,Club America,0,2,A,2.25,3.54,3.26,2.27,3.55,3.4,2.2,3.43,3.13,2.28,3.65,3.4,,,,21,7,5,5,8,9,4,2
MEX,Liga MX,2024/2025,01/12/2024,01:10,Cruz Azul,Club Tijuana,3,0,H,1.24,6.17,12.96,1.25,6.5,13,1.22,6.06,12.08,1.26,7,14.5,,,,28,5,9,4,7,6,10,2
MEX,Liga MX,2024/2025,01/12/2024,18:00,UNAM Pumas,Monterrey,3,5,A,1.88,3.58,4.47,1.96,3.6,4.47,1.86,3.49,4.17,1.91,3.7,4.7,,,,21,9,8,5,11,14,8,3
MEX,Liga MX,2024/2025,02/12/2024,01:00,Tigres UANL,Atl. San Luis,0,0,D,1.39,5.13,8.04,1.42,5.2,8.04,1.38,4.87,7.42,1.41,5.5,8.8,,,,29,5,10,5,17,13,6,1
MEX,Liga MX,2024/2025,05/12/2024,03:00,Atl. San Luis,Monterrey,2,1,H,3.2,3.09,2.52,3.2,3.15,2.52,3.03,3.07,2.44,3.25,3.25,2.58,,,,15,9,6,1,4,10,5,3
MEX,Liga MX,2024/2025,06/12/2024,02:00,Club America,Cruz Azul,0,0,D,2.45,3.26,3,2.71,3.3,3.1,2.5,3.08,2.91,2.48,2.12,1.52,,,,6,7,2,2,9,14,6,7
MEX,Liga MX,2024/2025,08/12/2024,02:00,Monterrey,Atl. San Luis,5,1,H,1.63,4.19,5.49,1.66,4.3,5.49,1.59,4.1,5.12,1.67,4.4,5.7,,,,25,8,10,4,14,7,9,2
MEX,Liga MX,2024/2025,09/12/2024,01:00,Cruz Azul,Club America,3,4,A,2.26,3.14,3.66,2.32,3.2,3.72,2.22,3.03,3.52,2.28,3.15,3.9,,,,16,5,6,4,12,6,6,1
MEX,Liga MX,2024/2025,13/12/2024,02:00,Club America,Monterrey,2,1,H,1.98,3.28,4.45,2.04,3.28,4.48,1.91,3.21,4.21,2.02,3.4,4.6,,,,13,7,6,2,7,10,8,5
MEX,Liga MX,2024/2025,16/12/2024,01:00,Monterrey,Club America,1,1,D,2.28,3.23,3.51,2.31,3.3,3.54,2.23,3.16,3.34,2.36,3.3,3.6,,,,20,4,6,3,10,9,8,5
MEX,Liga MX,2024/2025,11/01/2025,01:00,Queretaro,Club America,0,1,A,2.12,3.62,3.49,2.16,3.8,3.55,2.05,3.57,3.34,2.22,3.6,3.55,,,,6,23,0,7,17,8,1,6
MEX,Liga MX,2024/2025,11/01/2025,03:00,Mazatlan FC,Juarez,1,1,D,1.86,3.73,4.35,1.91,3.81,4.35,1.83,3.71,3.99,1.9,3.9,4.4,,,,10,10,1,4,15,10,6,7
MEX,Liga MX,2024/2025,11/01/2025,03:05,Club Tijuana,Toluca,2,4,A,2.61,3.58,2.7,2.68,3.65,2.7,2.55,3.47,2.57,2.64,3.75,2.76,,,,21,21,7,9,8,12,2,5
MEX,Liga MX,2024/2025,11/01/2025,23:00,Atl. San Luis,Tigres UANL,1,3,A,3.63,3.45,2.14,3.63,3.5,2.14,3.46,3.4,2.07,3.85,3.55,2.16,,,,12,13,6,4,11,10,6,5
MEX,Liga MX,2024/2025,12/01/2025,01:05,Guadalajara Chivas,Santos Laguna,1,0,H,1.5,4.33,7.13,1.51,4.7,7.5,1.47,4.21,6.67,1.53,4.4,7.6,,,,16,7,3,2,17,13,5,4
MEX,Liga MX,2024/2025,12/01/2025,03:05,Cruz Azul,Atlas,1,1,D,1.39,4.8,9.12,1.4,4.8,9.75,1.37,4.52,8.76,1.4,5,10,,,,14,12,4,2,12,10,8,4
MEX,Liga MX,2024/2025,12/01/2025,18:00,UNAM Pumas,Necaxa,2,1,H,1.79,3.6,5.02,1.8,3.75,5.41,1.74,3.57,4.75,1.84,3.7,5,,,,15,25,7,8,20,11,6,2
MEX,Liga MX,2024/2025,13/01/2025,01:00,Monterrey,Puebla,1,1,D,1.3,5.72,10.64,1.3,5.72,12.1,1.28,5.23,10.68,1.3,5.9,13.5,,,,15,10,2,5,13,15,10,1
MEX,Liga MX,2024/2025,17/01/2025,02:10,Club America,Club Tijuana,1,1,D,2.66,3.48,2.7,2.66,3.6,2.86,2.5,3.45,2.63,2.7,3.5,2.8,,,,17,11,8,5,6,11,6,0
MEX,Liga MX,2024/2025,18/01/2025,01:00,Puebla,Atl. San Luis,1,2,A,2.85,3.37,2.59,2.9,3.4,2.59,2.79,3.29,2.47,2.92,3.4,2.7,,,,7,11,2,3,12,11,3,4
MEX,Liga MX,2024/2025,18/01/2025,01:00,Tigres UANL,Mazatlan FC,2,1,H,1.41,4.92,7.89,1.42,4.92,8.5,1.39,4.67,7.53,1.42,5.1,9.4,,,,,,,,,,,
MEX,Liga MX,2024/2025,18/01/2025,03:05,Necaxa,Guadalajara Chivas,3,2,H,2.75,3.24,2.78,2.75,3.4,2.78,2.62,3.25,2.64,2.8,3.4,2.8,,,,17,8,6,2,21,15,5,6
MEX,Liga MX,2024/2025,18/01/2025,23:00,Juarez,Cruz Azul,1,0,H,5.41,4.13,1.65,5.8,4.13,1.7,5.11,3.93,1.62,5.7,4.1,1.71,,,,4,5,2,0,19,14,0,6
MEX,Liga MX,2024/2025,19/01/2025,01:00,Toluca,Monterrey,1,1,D,1.77,3.95,4.59,1.78,4.01,4.59,1.74,3.88,4.26,1.86,4,4.6,,,,13,11,5,3,9,8,5,6
MEX,Liga MX,2024/2025,19/01/2025,03:00,Atlas,Club Leon,1,2,A,2.69,3.19,2.88,2.69,3.25,3,2.55,3.13,2.82,2.74,3.2,2.98,,,,12,13,3,4,16,9,10,4
MEX,Liga MX,2024/2025,19/01/2025,23:00,Queretaro,UNAM Pumas,3,2,H,4.53,3.34,1.94,4.53,3.43,1.95,4.23,3.29,1.9,4.6,3.4,2.02,,,,7,17,3,3,12,18,1,6
MEX,Liga MX,2024/2025,21/01/2025,01:00,Pachuca,Santos Laguna,2,1,H,1.41,4.87,8.08,1.42,5.3,8.5,1.38,4.78,7.49,1.44,5.1,8.6,,,,18,8,7,2,19,20,6,4
MEX,Liga MX,2024/2025,25/01/2025,01:00,Atl. San Luis,Necaxa,0,3,A,2.68,3.41,2.73,2.68,3.5,2.78,2.54,3.37,2.68,2.68,3.5,2.88,,,,14,17,4,6,8,15,4,5
MEX,Liga MX,2024/2025,25/01/2025,03:00,Club Tijuana,Queretaro,2,1,H,1.56,4.18,6.3,1.58,4.54,6.3,1.54,4.23,5.58,1.61,4.3,6.2,,,,25,9,7,6,10,11,9,5
MEX,Liga MX,2024/2025,25/01/2025,03:00,Mazatlan FC,Toluca,2,1,H,3.2,3.54,2.28,3.22,3.65,2.3,3.07,3.47,2.22,3.25,3.7,2.34,,,,5,15,3,10,14,17,2,3
MEX,Liga MX,2024/2025,25/01/2025,23:00,Club Leon,Juarez,1,0,H,1.79,3.9,4.51,1.81,3.9,5,1.76,3.72,4.43,1.83,3.9,5,,,,14,9,4,4,13,10,9,6
MEX,Liga MX,2024/2025,25/01/2025,23:00,Cruz Azul,Puebla,1,1,D,1.29,5.74,11.04,1.34,5.74,11.04,1.29,5.34,10.07,1.32,6,12.5,,,,15,4,2,2,5,18,5,1
MEX,Liga MX,2024/2025,26/01/2025,01:05,Guadalajara Chivas,Tigres UANL,1,1,D,2.98,2.97,2.77,2.98,3.1,2.77,2.81,3.02,2.62,3.05,3.1,2.8,,,,15,15,5,2,13,9,6,5
MEX,Liga MX,2024/2025,26/01/2025,01:05,Santos Laguna,Club America,1,4,A,5.91,3.98,1.62,5.91,4.1,1.63,5.34,3.92,1.6,6,4.1,1.68,,,,18,23,2,9,12,14,7,4
MEX,Liga MX,2024/2025,26/01/2025,03:10,Monterrey,Pachuca,2,3,A,1.85,3.75,4.38,1.92,4,4.4,1.81,3.75,4.09,1.86,3.95,4.6,,,,17,8,8,5,7,8,13,1
MEX,Liga MX,2024/2025,26/01/2025,18:00,UNAM Pumas,Atlas,0,0,D,1.72,3.56,5.69,1.75,3.7,5.7,1.7,3.51,5.24,1.77,3.65,5.9,,,,12,9,2,3,16,12,6,0
MEX,Liga MX,2024/2025,29/01/2025,01:00,Club America,Atl. San Luis,3,0,H,1.44,4.76,7.49,1.47,4.9,7.49,1.43,4.55,6.87,1.48,4.8,8.2,,,,13,5,6,2,10,13,3,4
MEX,Liga MX,2024/2025,29/01/2025,01:00,Puebla,Mazatlan FC,0,1,A,2.43,3.23,3.2,2.48,3.3,3.2,2.39,3.18,3.01,2.46,3.3,3.35,,,,18,4,2,2,11,14,10,0
MEX,Liga MX,2024/2025,29/01/2025,03:00,Club Leon,Guadalajara Chivas,2,1,H,2.91,3.14,2.7,2.91,3.3,2.7,2.76,3.15,2.61,2.94,3.3,2.78,,,,12,8,3,3,11,13,3,5
MEX,Liga MX,2024/2025,29/01/2025,03:00,Tigres UANL,Club Tijuana,4,0,H,1.47,4.75,6.68,1.51,5,6.68,1.46,4.65,6.14,1.51,4.8,7.2,,,,20,13,9,2,16,17,7,3
MEX,Liga MX,2024/2025,29/01/2025,03:05,Necaxa,Cruz Azul,1,3,A,3.6,3.26,2.23,3.6,3.4,2.3,3.37,3.19,2.2,3.65,3.3,2.32,,,,13,20,4,7,14,13,2,6
MEX,Liga MX,2024/2025,30/01/2025,01:00,Atlas,Monterrey,3,3,D,3.71,3.33,2.16,3.71,3.5,2.16,3.51,3.27,2.11,3.9,3.4,2.18,,,,12,13,4,6,18,12,3,6
MEX,Liga MX,2024/2025,30/01/2025,01:00,Queretaro,Pachuca,0,1,A,4.36,3.54,1.91,4.36,3.71,1.95,4.01,3.52,1.89,4.4,3.65,1.97,,,,12,11,1,4,14,16,5,8
MEX,Liga MX,2024/2025,30/01/2025,03:00,Juarez,Santos Laguna,1,0,H,2.01,3.52,3.94,2.04,3.7,4.21,1.95,3.51,3.79,2.02,3.75,4,,,,17,4,3,1,14,10,7,3
MEX,Liga MX,2024/2025,30/01/2025,03:05,UNAM Pumas,Toluca,1,1,D,2.76,3.27,2.74,2.76,3.45,2.85,2.63,3.24,2.65,2.84,3.35,2.8,,,,11,17,4,4,11,7,4,5
MEX,Liga MX,2024/2025,01/02/2025,01:00,Mazatlan FC,Club Leon,1,2,A,2.33,3.25,3.38,2.44,3.35,3.38,2.3,3.19,3.18,2.38,3.3,3.55,,,,8,6,2,2,14,17,5,2
MEX,Liga MX,2024/2025,01/02/2025,03:05,Club Tijuana,Cruz Azul,2,3,A,3.83,3.56,2.03,3.83,3.7,2.16,3.55,3.54,2.01,3.95,3.75,2.06,,,,13,12,6,6,9,15,3,5
MEX,Liga MX,2024/2025,01/02/2025,23:00,Club America,Juarez,4,0,H,1.34,5.31,9.9,1.36,5.41,9.9,1.33,4.99,8.99,1.37,5.5,11,,,,12,11,8,2,9,10,2,5
MEX,Liga MX,2024/2025,01/02/2025,23:05,Guadalajara Chivas,Queretaro,1,1,D,1.49,4.35,7.22,1.49,4.7,7.36,1.46,4.33,6.68,1.52,4.6,7.4,,,,11,5,5,2,20,8,6,6
MEX,Liga MX,2024/2025,02/02/2025,01:00,Pachuca,Atlas,0,0,D,1.8,3.66,4.84,1.8,4,5,1.75,3.7,4.52,1.83,3.8,5.1,,,,14,11,4,3,16,13,6,2
MEX,Liga MX,2024/2025,02/02/2025,01:05,Monterrey,Necaxa,1,0,H,1.67,4.15,5.1,1.68,4.24,5.75,1.64,4.04,4.87,1.68,4.2,5.5,,,,17,16,4,5,17,11,4,11
MEX,Liga MX,2024/2025,02/02/2025,03:15,Toluca,Tigres UANL,1,0,H,2.15,3.55,3.47,2.16,3.65,3.76,2.1,3.45,3.35,2.24,3.6,3.5,,,,26,7,6,0,9,15,3,7
MEX,Liga MX,2024/2025,02/02/2025,23:00,Santos Laguna,Puebla,0,2,A,2.82,3.22,2.72,2.82,3.4,3,2.67,3.18,2.68,2.58,3.3,3.1,,,,19,18,5,8,14,23,3,4
MEX,Liga MX,2024/2025,03/02/2025,01:00,Atl. San Luis,UNAM Pumas,2,3,A,2.99,3.14,2.63,3.07,3.25,2.63,2.93,3.11,2.49,3.1,3.2,2.64,,,,8,14,4,6,12,20,6,1
MEX,Liga MX,2024/2025,06/02/2025,03:10,Pachuca,Club Leon,1,2,A,2.1,3.47,3.73,2.11,3.6,3.95,2,3.42,3.61,2,3.65,4.2,,,,20,8,9,4,12,18,9,3
MEX,Liga MX,2024/2025,08/02/2025,01:00,Necaxa,Santos Laguna,3,2,H,1.49,4.6,6.69,1.49,4.75,6.69,1.46,4.51,6.15,1.55,4.6,6.8,,,,25,15,10,7,12,7,8,6
MEX,Liga MX,2024/2025,08/02/2025,01:00,Queretaro,Atl. San Luis,1,0,H,2.72,3.18,2.85,2.72,3.5,2.85,2.59,3.21,2.7,2.74,3.3,2.94,,,,13,9,3,3,9,15,5,3
MEX,Liga MX,2024/2025,08/02/2025,03:00,Puebla,Club America,1,2,A,5.38,4.02,1.66,5.72,4.02,1.69,5.13,3.86,1.63,6,4,1.68,,,,9,17,4,5,21,7,3,10
MEX,Liga MX,2024/2025,09/02/2025,01:00,Club Leon,Toluca,3,3,D,3.34,3.62,2.18,3.34,3.64,2.22,3.15,3.53,2.14,3.4,3.8,2.22,,,,13,20,4,6,9,9,1,5
MEX,Liga MX,2024/2025,09/02/2025,01:00,Tigres UANL,Atlas,2,1,H,1.48,4.45,7.29,1.51,4.5,7.29,1.46,4.25,6.72,1.51,4.5,7.8,,,,12,11,4,3,8,14,4,3
MEX,Liga MX,2024/2025,09/02/2025,03:00,Juarez,Monterrey,2,1,H,4.2,3.78,1.88,4.24,3.78,1.96,3.96,3.62,1.85,4.4,3.75,1.94,,,,9,19,5,8,19,12,5,3
MEX,Liga MX,2024/2025,09/02/2025,03:05,Cruz Azul,Pachuca,2,1,H,1.67,3.92,5.44,1.77,4,5.44,1.67,3.79,4.88,1.7,4,5.8,,,,20,8,8,3,14,14,12,7
MEX,Liga MX,2024/2025,10/02/2025,00:00,UNAM Pumas,Mazatlan FC,1,0,H,1.51,4.01,8.04,1.6,4.04,8.04,1.5,3.88,7.06,1.55,4.2,8,,,,10,10,2,0,18,16,3,5
MEX,Liga MX,2024/2025,10/02/2025,03:05,Guadalajara Chivas,Club Tijuana,2,1,H,1.68,3.9,5.37,1.72,4,5.5,1.65,3.85,4.95,1.68,4.1,6,,,,12,15,7,2,13,14,7,5
MEX,Liga MX,2024/2025,15/02/2025,03:00,Club America,Necaxa,2,3,A,1.46,4.77,7.07,1.48,4.83,7.07,1.45,4.55,6.36,1.5,4.8,7.4,,,,14,10,6,4,6,11,7,3
MEX,Liga MX,2024/2025,15/02/2025,03:00,Club Tijuana,Juarez,1,2,A,1.87,3.9,4.09,1.9,3.95,4.25,1.82,3.82,3.91,1.93,4,4.1,,,,22,13,7,5,10,10,5,4
MEX,Liga MX,2024/2025,15/02/2025,03:00,Mazatlan FC,Santos Laguna,1,1,D,1.76,3.78,4.93,1.78,3.9,4.93,1.72,3.72,4.64,1.78,3.95,5.3,,,,22,11,5,3,16,12,11,8
MEX,Liga MX,2024/2025,15/02/2025,23:00,Atlas,Puebla,3,2,H,2.06,3.3,4.07,2.18,3.65,4.5,1.96,3.3,3.96,2.06,3.4,4.3,,,,19,8,6,2,6,24,7,3
MEX,Liga MX,2024/2025,16/02/2025,01:00,Tigres UANL,Cruz Azul,2,1,H,2.47,3.11,3.27,2.47,3.2,3.35,2.4,3.04,3.08,2.52,3.3,3.25,,,,9,16,5,4,19,16,6,5
MEX,Liga MX,2024/2025,16/02/2025,03:10,Toluca,Guadalajara Chivas,2,1,H,1.75,3.98,4.7,1.78,4,4.7,1.73,3.82,4.41,1.79,3.95,5,,,,16,9,8,3,14,8,5,5
MEX,Liga MX,2024/2025,16/02/2025,23:00,Queretaro,Monterrey,2,4,A,4.5,3.75,1.83,4.5,3.8,1.85,4.22,3.61,1.81,4.8,3.8,1.88,,,,9,14,3,7,20,16,5,3
MEX,Liga MX,2024/2025,17/02/2025,01:00,Atl. San Luis,Club Leon,1,2,A,2.65,3.55,2.67,2.65,3.63,2.8,2.53,3.45,2.62,2.72,3.6,2.78,,,,13,9,6,3,14,13,6,3
MEX,Liga MX,2024/2025,17/02/2025,01:05,Pachuca,UNAM Pumas,2,1,H,2.17,3.42,3.55,2.24,3.45,3.63,2.13,3.32,3.36,2.22,3.55,3.7,,,,17,12,10,3,13,13,14,5
MEX,Liga MX,2024/2025,20/02/2025,03:05,Santos Laguna,Cruz Azul,0,1,A,7.62,4.9,1.42,7.62,5.1,1.47,6.78,4.7,1.41,7.6,5.1,1.47,,,,7,16,2,5,9,19,7,10
MEX,Liga MX,2024/2025,20/02/2025,01:00,Club America,Club Leon,1,1,D,1.52,4.54,6.35,1.54,4.75,6.5,1.49,4.41,5.91,1.52,4.8,7,,,,14,9,3,5,7,11,2,2
MEX,Liga MX,2024/2025,19/02/2025,03:10,Atlas,Necaxa,0,4,A,2.79,3.47,2.61,2.79,3.47,2.85,2.65,3.34,2.56,2.88,3.5,2.68,,,,9,14,2,9,13,21,8,3
MEX,Liga MX,2024/2025,22/02/2025,01:00,Necaxa,Mazatlan FC,3,1,H,1.57,4.05,6.43,1.6,4.3,6.43,1.56,4.04,5.64,1.59,4.4,6.4,,,,22,5,10,3,11,12,10,4
MEX,Liga MX,2024/2025,22/02/2025,03:00,Puebla,Club Tijuana,2,0,H,2.24,3.58,3.24,2.4,3.62,3.24,2.22,3.48,3.03,2.28,3.65,3.35,,,,15,18,4,4,20,11,3,5
MEX,Liga MX,2024/2025,22/02/2025,23:00,Juarez,Toluca,0,4,A,3.86,3.89,1.93,3.94,3.9,1.98,3.66,3.76,1.9,4.1,4,1.95,,,,9,12,3,7,13,15,6,2
MEX,Liga MX,2024/2025,23/02/2025,01:00,Club Leon,Tigres UANL,1,0,H,2.98,3.34,2.52,2.98,3.4,2.54,2.86,3.29,2.42,3.1,3.35,2.56,,,,14,9,5,2,11,11,4,3
MEX,Liga MX,2024/2025,23/02/2025,01:00,Monterrey,Atl. San Luis,3,1,H,1.37,5.32,8.33,1.46,5.5,8.5,1.36,5.02,7.63,1.38,5.6,9.2,,,,22,6,7,1,9,7,6,6
MEX,Liga MX,2024/2025,23/02/2025,01:05,Guadalajara Chivas,Pachuca,2,1,H,2.26,3.35,3.43,2.26,3.5,3.43,2.2,3.33,3.22,2.28,3.5,3.5,,,,7,19,4,5,18,7,2,11
MEX,Liga MX,2024/2025,23/02/2025,03:05,UNAM Pumas,Club America,0,2,A,4.05,3.52,1.99,4.05,3.6,2.02,3.9,3.42,1.93,4.3,3.55,2.04,,,,6,15,0,5,12,7,4,6
MEX,Liga MX,2024/2025,23/02/2025,23:00,Santos Laguna,Atlas,2,0,H,3.06,3.35,2.45,3.14,3.42,2.47,2.98,3.27,2.35,3.15,3.4,2.52,,,,15,13,10,1,12,22,6,6
MEX,Liga MX,2024/2025,24/02/2025,01:05,Cruz Azul,Queretaro,1,0,H,1.32,5.64,9.7,1.33,5.64,9.73,1.3,5.27,8.91,1.34,6,10.5,,,,18,7,2,2,14,11,11,2
MEX,Liga MX,2024/2025,26/02/2025,01:00,Tigres UANL,Juarez,0,1,A,1.41,4.99,7.72,1.42,5.1,8.5,1.39,4.73,7.34,1.44,5.1,8.4,,,,19,8,6,2,16,11,11,1
MEX,Liga MX,2024/2025,26/02/2025,03:00,Club Tijuana,UNAM Pumas,4,2,H,2.13,3.72,3.39,2.21,3.93,3.39,2.14,3.61,3.1,2.34,3.7,3.2,,,,10,16,5,6,13,10,2,11
MEX,Liga MX,2024/2025,26/02/2025,03:00,Mazatlan FC,Monterrey,1,0,H,4.47,3.56,1.88,4.51,3.56,1.93,4.25,3.44,1.85,4.8,3.6,1.92,,,,9,18,4,6,19,13,1,8
MEX,Liga MX,2024/2025,27/02/2025,01:00,Pachuca,Puebla,2,1,H,1.55,4.39,6.08,1.55,4.4,6.5,1.51,4.24,5.77,1.58,4.5,6.4,,,,18,2,6,2,11,20,7,2
MEX,Liga MX,2024/2025,27/02/2025,03:00,Toluca,Queretaro,5,0,H,1.28,6.14,9.85,1.31,6.14,10,1.28,5.72,9.07,1.32,6.2,11,,,,19,6,11,2,9,11,10,4
MEX,Liga MX,2024/2025,27/02/2025,03:05,Atl. San Luis,Guadalajara Chivas,3,1,H,3.86,3.62,2.02,3.96,3.9,2.02,3.75,3.54,1.94,4.1,3.6,2.06,,,,8,19,4,6,7,6,2,8
MEX,Liga MX,2024/2025,01/03/2025,03:00,Mazatlan FC,Cruz Azul,1,1,D,5.36,3.79,1.7,5.36,3.8,1.7,5.06,3.69,1.67,5.7,3.9,1.73,,,,7,14,3,3,19,20,4,2
MEX,Liga MX,2024/2025,01/03/2025,23:00,Club America,Toluca,3,0,H,2.15,3.82,3.26,2.2,3.9,3.37,2.06,3.74,3.21,2.14,3.95,3.45,,,,14,11,8,5,9,2,4,11
MEX,Liga MX,2024/2025,01/03/2025,23:00,Juarez,Pachuca,2,2,D,3.65,3.61,2.07,3.65,3.7,2.14,3.36,3.52,2.06,3.5,3.65,2.22,,,,14,11,5,3,12,13,2,7
MEX,Liga MX,2024/2025,02/03/2025,01:00,Club Leon,Club Tijuana,2,1,H,1.66,4.35,4.91,1.69,4.35,5,1.63,4.16,4.69,1.72,4.4,5,,,,15,16,9,6,7,9,6,2
MEX,Liga MX,2024/2025,02/03/2025,01:00,Necaxa,Tigres UANL,1,2,A,2.62,3.46,2.76,2.62,3.65,2.76,2.52,3.39,2.67,2.64,3.55,2.86,,,,13,15,4,7,17,10,5,6
MEX,Liga MX,2024/2025,02/03/2025,03:10,UNAM Pumas,Guadalajara Chivas,0,1,A,3.24,3.11,2.48,3.24,3.3,2.48,3.08,3.12,2.37,3.35,3.2,2.56,,,,7,9,5,3,11,9,7,12
MEX,Liga MX,2024/2025,02/03/2025,22:00,Queretaro,Puebla,2,0,H,2.37,3.25,3.3,2.44,3.31,3.3,2.32,3.19,3.1,2.42,3.35,3.4,,,,13,15,5,2,10,18,4,7
MEX,Liga MX,2024/2025,03/03/2025,00:00,Atlas,Atl. San Luis,3,1,H,2.1,3.53,3.66,2.12,3.53,3.66,2.07,3.42,3.45,2.22,3.5,3.75,,,,17,12,6,3,7,7,5,3
MEX,Liga MX,2024/2025,03/03/2025,02:05,Monterrey,Santos Laguna,4,2,H,1.26,6.33,10.84,1.26,6.5,11,1.24,6.04,10.15,1.27,7,13,,,,30,9,10,3,8,9,7,4
MEX,Liga MX,2024/2025,08/03/2025,01:00,Atl. San Luis,Juarez,1,0,H,2.34,3.38,3.23,2.4,3.6,3.3,2.29,3.3,3.05,2.42,3.45,3.25,,,,7,13,4,4,8,12,6,3
MEX,Liga MX,2024/2025,08/03/2025,01:00,Tigres UANL,Queretaro,1,0,H,1.32,5.52,9.82,1.34,5.73,10,1.31,5.2,8.98,1.37,5.4,11,,,,10,8,2,1,10,7,5,7
MEX,Liga MX,2024/2025,08/03/2025,03:00,Puebla,UNAM Pumas,1,3,A,3.33,3.15,2.41,3.33,3.25,2.41,3.17,3.1,2.33,3.4,3.2,2.5,,,,16,15,6,5,17,8,8,6
MEX,Liga MX,2024/2025,08/03/2025,23:00,Toluca,Necaxa,5,2,H,1.56,4.72,5.4,1.56,4.77,5.4,1.53,4.6,5.04,1.58,5,5.8,,,,19,13,10,3,10,14,5,2
MEX,Liga MX,2024/2025,09/03/2025,01:00,Pachuca,Mazatlan FC,1,1,D,1.29,5.84,10.85,1.3,5.84,11,1.27,5.52,9.97,1.32,6,12,,,,16,6,5,2,12,14,6,1
MEX,Liga MX,2024/2025,09/03/2025,01:05,Cruz Azul,Monterrey,1,1,D,1.94,3.69,4.01,1.99,3.69,4.1,1.91,3.52,3.84,1.97,3.75,4.3,,,,18,12,8,4,10,7,5,6
MEX,Liga MX,2024/2025,09/03/2025,03:05,Guadalajara Chivas,Club America,0,0,D,3.26,3.13,2.46,3.31,3.3,2.5,3.16,3.06,2.37,3.35,3.15,2.56,,,,7,8,3,3,9,8,5,5
MEX,Liga MX,2024/2025,09/03/2025,23:00,Santos Laguna,Club Leon,2,1,H,4.24,3.77,1.87,4.35,4.1,1.9,3.94,3.76,1.82,4.3,4,1.9,,,,21,11,5,4,14,9,3,3
MEX,Liga MX,2024/2025,10/03/2025,03:00,Club Tijuana,Atlas,3,4,A,2.06,3.69,3.6,2.12,3.92,3.75,1.99,3.64,3.45,2.1,3.8,3.7,,,,9,13,4,5,14,16,6,9
MEX,Liga MX,2024/2025,15/03/2025,01:00,Necaxa,Club Leon,2,1,H,2.13,3.72,3.38,2.2,3.78,3.38,2.11,3.6,3.17,2.18,3.85,3.4,,,,10,18,4,6,8,11,3,8
MEX,Liga MX,2024/2025,15/03/2025,01:00,Queretaro,Mazatlan FC,1,0,H,2.32,3.3,3.34,2.38,3.3,3.6,2.23,3.15,3.3,2.38,3.25,3.55,,,,6,11,3,3,12,9,2,14
MEX,Liga MX,2024/2025,15/03/2025,03:05,Puebla,Toluca,0,3,A,5.48,4.16,1.63,5.48,4.25,1.65,5.08,4,1.61,5.7,4.3,1.66,,,,12,9,6,7,14,12,3,6
MEX,Liga MX,2024/2025,15/03/2025,23:00,Tigres UANL,Santos Laguna,3,0,H,1.33,5.66,9.26,1.33,5.66,10.5,1.31,5.31,8.59,1.34,6,10.5,,,,21,7,7,1,11,10,9,0
MEX,Liga MX,2024/2025,16/03/2025,01:00,Cruz Azul,Atl. San Luis,3,0,H,1.27,5.75,11.76,1.29,6,11.76,1.26,5.56,10.34,1.3,6.2,12,,,,21,10,10,2,14,9,11,8
MEX,Liga MX,2024/2025,16/03/2025,01:10,Juarez,Guadalajara Chivas,1,1,D,3.23,3.08,2.5,3.3,3.22,2.5,3.05,3.07,2.41,3.35,3.1,2.58,,,,10,6,4,2,11,4,4,3
MEX,Liga MX,2024/2025,16/03/2025,03:05,Atlas,Club America,1,3,A,4.32,3.74,1.86,4.32,3.8,1.9,4.06,3.6,1.83,4.5,3.8,1.9,,,,22,19,8,6,12,20,8,5
MEX,Liga MX,2024/2025,17/03/2025,00:00,UNAM Pumas,Monterrey,1,3,A,2.97,3.23,2.58,2.97,3.43,2.58,2.84,3.19,2.47,3,3.4,2.62,,,,13,11,3,6,15,12,6,3
MEX,Liga MX,2024/2025,17/03/2025,02:00,Pachuca,Club Tijuana,4,1,H,1.34,5.63,8.56,1.35,6.25,9.5,1.3,5.67,8.28,1.32,6.4,10,,,,20,5,5,2,16,9,9,4
MEX,Liga MX,2024/2025,29/03/2025,01:00,Necaxa,Queretaro,2,0,H,1.53,4.55,6.16,1.53,4.55,6.5,1.5,4.31,5.93,1.54,4.7,7.2,,,,14,11,7,4,13,11,8,6
MEX,Liga MX,2024/2025,29/03/2025,03:00,Mazatlan FC,Atlas,3,2,H,2.71,3.1,2.92,2.71,3.15,3.01,2.6,3.04,2.83,2.72,3.15,3.05,,,,11,17,4,4,14,10,5,7
MEX,Liga MX,2024/2025,29/03/2025,23:00,Juarez,Puebla,2,0,H,1.86,3.49,4.73,1.93,3.5,4.75,1.84,3.43,4.38,1.91,3.6,5,,,,23,12,7,7,7,13,4,7
MEX,Liga MX,2024/2025,29/03/2025,23:00,Toluca,Pachuca,3,2,H,1.74,4.41,4.3,1.85,4.41,4.33,1.72,4.14,4.17,1.78,4.4,4.6,,,,17,12,9,2,12,6,4,1
MEX,Liga MX,2024/2025,30/03/2025,02:05,Club America,Tigres UANL,3,0,H,1.74,3.6,5.42,1.8,3.8,5.42,1.73,3.55,4.87,1.77,3.85,5.4,,,,11,12,5,1,13,12,4,8
MEX,Liga MX,2024/2025,30/03/2025,04:05,Guadalajara Chivas,Cruz Azul,0,1,A,3.14,3.21,2.48,3.14,3.4,2.48,3,3.17,2.4,3.3,3.3,2.52,,,,18,11,4,2,9,10,10,4
MEX,Liga MX,2024/2025,30/03/2025,04:15,Monterrey,Club Tijuana,1,2,A,1.35,5.99,7.51,1.37,6.25,9,1.34,5.63,7.21,1.36,6.4,8.2,,,,12,7,5,4,9,17,4,1
MEX,Liga MX,2024/2025,31/03/2025,00:00,Santos Laguna,Atl. San Luis,2,3,A,2.53,3.77,2.69,2.53,3.77,3,2.41,3.62,2.69,2.56,3.85,2.78,,,,13,11,5,3,13,14,7,3
MEX,Liga MX,2024/2025,31/03/2025,02:05,Club Leon,UNAM Pumas,1,2,A,2.19,3.46,3.47,2.29,3.6,3.65,2.15,3.39,3.3,2.26,3.45,3.65,,,,10,14,3,5,12,5,3,3
MEX,Liga MX,2024/2025,05/04/2025,02:00,Queretaro,Club Leon,1,1,D,4.01,3.67,1.95,4.01,3.67,2.03,3.79,3.53,1.94,4.1,3.7,2.02,,,,11,19,8,7,12,14,3,5
MEX,Liga MX,2024/2025,05/04/2025,04:00,Club Tijuana,Necaxa,1,2,A,2.33,4,2.83,2.4,4.2,2.83,2.31,3.97,2.67,2.38,4.1,2.92,,,,13,16,4,7,10,13,12,3
MEX,Liga MX,2024/2025,05/04/2025,04:05,Puebla,Tigres UANL,0,0,D,3.19,3.18,2.47,3.35,3.25,2.47,3.15,3.12,2.26,3.3,3.3,2.46,,,,10,15,4,4,11,9,1,9
MEX,Liga MX,2024/2025,06/04/2025,00:00,Atlas,Juarez,1,1,D,2.23,3.42,3.42,2.28,3.42,3.42,2.18,3.32,3.12,2.28,3.5,3.55,,,,8,12,2,4,12,14,0,3
MEX,Liga MX,2024/2025,06/04/2025,00:00,Pachuca,Club America,1,0,H,2.64,3.53,2.69,2.64,3.6,2.69,2.51,3.42,2.56,2.72,3.5,2.82,,,,11,12,3,2,21,13,5,6
MEX,Liga MX,2024/2025,06/04/2025,02:00,Atl. San Luis,Mazatlan FC,2,1,H,2.15,3.41,3.62,2.15,3.7,3.62,2.1,3.54,3.42,2.18,3.5,3.65,,,,14,7,4,2,9,12,4,3
MEX,Liga MX,2024/2025,06/04/2025,02:05,Monterrey,Guadalajara Chivas,3,1,H,1.98,3.54,4.05,1.98,3.54,4.05,1.96,3.5,3.93,2,3.6,4.4,,,,14,9,8,4,12,10,4,4
MEX,Liga MX,2024/2025,06/04/2025,04:10,Cruz Azul,UNAM Pumas,3,2,H,1.81,3.61,4.87,1.81,3.85,5,1.72,3.53,4.62,1.82,3.65,5.3,,,,9,5,3,3,17,19,2,2
MEX,Liga MX,2024/2025,07/04/2025,01:00,Toluca,Santos Laguna,2,1,H,1.13,10.26,16.67,1.14,10.26,18,1.11,8.93,15.58,1.16,10,19.5,,,,,,,,,,,
MEX,Liga MX,2024/2025,11/04/2025,03:05,Club Tijuana,Atl. San Luis,2,1,H,1.84,4.53,3.67,1.86,4.76,3.75,1.82,4.38,3.51,1.86,4.7,3.8,,,,11,13,7,4,12,9,5,7
MEX,Liga MX,2024/2025,12/04/2025,02:00,Necaxa,Pachuca,3,5,A,2.6,3.63,2.68,2.6,3.75,2.71,2.51,3.55,2.63,2.64,3.7,2.78,,,,14,18,8,12,4,12,8,4
MEX,Liga MX,2024/2025,12/04/2025,04:05,Mazatlan FC,Guadalajara Chivas,1,1,D,3.35,3.15,2.39,3.35,3.3,2.4,3.16,3.11,2.35,3.45,3.15,2.5,,,,13,11,3,6,17,18,11,2
MEX,Liga MX,2024/2025,13/04/2025,00:00,Club Leon,Puebla,1,0,H,1.55,4.41,6.07,1.57,4.41,6.4,1.53,4.24,5.67,1.58,4.4,6.8,,,,14,5,3,3,14,23,4,4
MEX,Liga MX,2024/2025,13/04/2025,00:00,UNAM Pumas,Juarez,0,0,D,1.88,3.61,4.43,1.93,3.7,4.68,1.84,3.56,4.21,1.9,3.65,4.8,,,,9,4,0,0,10,8,3,3
MEX,Liga MX,2024/2025,13/04/2025,02:00,Tigres UANL,Monterrey,2,1,H,2.5,3.38,2.96,2.56,3.5,2.96,2.44,3.31,2.86,2.58,3.5,3,,,,17,13,6,3,18,12,5,5
MEX,Liga MX,2024/2025,13/04/2025,02:05,Atlas,Toluca,2,3,A,3.51,3.83,2.05,3.52,3.9,2.05,3.41,3.75,1.99,3.7,3.9,2.04,,,,15,13,6,7,18,12,7,4
MEX,Liga MX,2024/2025,13/04/2025,04:15,Club America,Cruz Azul,0,0,D,2.49,3.35,3.01,2.55,3.4,3.02,2.43,3.31,2.88,2.6,3.4,3.1,,,,15,11,2,2,8,8,9,0
MEX,Liga MX,2024/2025,14/04/2025,00:00,Santos Laguna,Queretaro,1,2,A,2.05,3.75,3.58,2.13,3.75,3.6,2.04,3.62,3.39,2.12,3.8,3.7,,,,15,10,3,4,18,14,10,6
MEX,Liga MX,2024/2025,16/04/2025,02:00,Pachuca,Tigres UANL,0,0,D,2.09,3.38,3.84,2.13,3.4,4.1,2.04,3.32,3.7,2.1,3.5,4,,,,13,11,7,5,11,11,9,6
MEX,Liga MX,2024/2025,16/04/2025,02:05,Guadalajara Chivas,Puebla,1,0,H,1.5,4.31,7.16,1.5,4.5,7.16,1.47,4.26,6.76,1.54,4.5,7.4,,,,13,11,3,3,7,11,4,7
MEX,Liga MX,2024/2025,16/04/2025,04:00,Juarez,Necaxa,2,2,D,2.41,3.53,2.99,2.43,3.65,3.2,2.35,3.48,2.88,2.46,3.6,3.05,,,,12,16,6,7,9,12,2,3
MEX,Liga MX,2024/2025,16/04/2025,04:05,Cruz Azul,Club Leon,2,1,H,1.81,3.91,4.38,1.85,4.1,4.6,1.78,3.83,4.19,1.85,4,4.7,,,,23,7,8,3,7,8,4,4
MEX,Liga MX,2024/2025,17/04/2025,02:00,Monterrey,Club America,1,0,H,2.95,3.34,2.53,3,3.5,2.54,2.84,3.31,2.46,3,3.4,2.62,,,,15,6,4,2,14,6,7,8
MEX,Liga MX,2024/2025,17/04/2025,02:00,Queretaro,Atlas,1,2,A,3.48,3.28,2.27,3.48,3.45,2.27,3.3,3.26,2.22,3.6,3.35,2.34,,,,19,10,4,4,15,14,9,1
MEX,Liga MX,2024/2025,17/04/2025,03:00,Atl. San Luis,Toluca,0,1,A,4.95,4.29,1.66,5.23,4.29,1.76,4.73,4.14,1.64,5.3,4.5,1.68,,,,11,11,2,5,12,11,11,7
MEX,Liga MX,2024/2025,17/04/2025,04:00,Mazatlan FC,Club Tijuana,0,2,A,2.03,3.75,3.62,2.06,3.88,3.62,2.01,3.69,3.43,2.08,3.9,3.7,,,,8,11,3,3,10,12,4,4
MEX,Liga MX,2024/2025,17/04/2025,04:05,UNAM Pumas,Santos Laguna,2,0,H,1.34,5.64,8.72,1.34,5.64,9.5,1.32,5.22,8.59,1.34,5.9,10.5,,,,15,14,6,3,12,6,6,4
MEX,Liga MX,2024/2025,19/04/2025,02:00,Puebla,Necaxa,0,1,A,3.95,3.63,1.98,4.4,3.72,2,3.97,3.57,1.9,4.3,3.75,1.96,,,,11,20,1,6,12,12,3,2
MEX,Liga MX,2024/2025,20/04/2025,00:00,Club America,Mazatlan FC,5,0,H,1.25,6.3,12.16,1.25,6.59,13,1.23,6.12,11.64,1.26,6.6,16,,,,22,8,10,2,10,11,8,4
MEX,Liga MX,2024/2025,20/04/2025,02:05,Toluca,Cruz Azul,2,2,D,1.99,3.6,3.93,2.03,3.65,3.93,1.98,3.57,3.6,2.02,3.85,3.95,,,,15,13,5,5,12,18,3,6
MEX,Liga MX,2024/2025,20/04/2025,04:00,Tigres UANL,UNAM Pumas,2,1,H,1.95,3.53,4.18,1.98,3.53,4.47,1.92,3.41,4.03,1.97,3.6,4.5,,,,20,7,5,2,12,12,5,1
MEX,Liga MX,2024/2025,20/04/2025,04:15,Atlas,Guadalajara Chivas,1,1,D,4.1,3.5,1.98,4.33,3.5,2.07,3.9,3.37,1.97,4.2,3.6,2,,,,0,18,0,5,0,13,0,5
MEX,Liga MX,2024/2025,21/04/2025,00:00,Santos Laguna,Club Tijuana,0,4,A,2.52,4.07,2.56,2.74,4.07,2.6,2.53,3.74,2.51,2.58,4.2,2.64,,,,16,11,3,6,13,13,4,4
MEX,Liga MX,2024/2025,21/04/2025,02:00,Atl. San Luis,Pachuca,2,1,H,3.79,4.51,1.82,4.3,4.51,1.83,3.86,4.28,1.76,4.1,4.6,1.83,,,,12,25,7,9,13,9,4,7
MEX,Liga MX,2024/2025,21/04/2025,02:05,Club Leon,Monterrey,0,2,A,2.42,3.53,2.96,2.55,3.53,3.04,2.4,3.43,2.82,2.5,3.6,3,,,,10,10,2,4,11,7,4,5
MEX,Liga MX,2024/2025,21/04/2025,04:00,Juarez,Queretaro,0,2,A,1.62,4.22,5.5,1.66,4.22,5.5,1.6,4.07,5.2,1.63,4.3,6,,,,10,9,1,4,7,6,4,1
MEX,Liga MX,2024/2025,28/04/2025,00:00,Juarez,UNAM Pumas,1,1,D,2.92,3.06,2.75,2.92,3.06,2.86,2.8,3.01,2.68,2.96,3.1,2.84,,,,11,7,4,1,11,13,9,4
MEX,Liga MX,2024/2025,28/04/2025,02:30,Monterrey,Pachuca,1,2,A,1.93,3.66,4.09,1.95,3.85,4.17,1.9,3.59,3.88,1.98,3.8,4.2,,,,13,22,5,8,12,16,5,8
MEX,Liga MX,2024/2025,05/05/2025,02:30,Monterrey,UNAM Pumas,2,0,H,1.81,3.59,4.85,1.81,3.65,4.96,1.78,3.51,4.66,1.87,3.6,5.1,,,,15,6,5,2,14,15,3,0
MEX,Liga MX,2024/2025,08/05/2025,02:00,Monterrey,Toluca,3,2,H,2.2,3.39,3.52,2.25,3.39,3.52,2.19,3.3,3.34,2.3,3.35,3.5,,,,10,5,7,2,13,11,1,2
MEX,Liga MX,2024/2025,08/05/2025,04:10,Pachuca,Club America,0,0,D,3.17,3.26,2.43,3.17,3.45,2.55,3.02,3.23,2.39,2.92,3.35,2.68,,,,7,15,2,8,13,12,5,3
MEX,Liga MX,2024/2025,09/05/2025,02:00,Necaxa,Tigres UANL,0,0,D,2.67,3.19,2.9,2.88,3.35,2.9,2.66,3.15,2.76,2.84,3.35,2.5,,,,22,6,8,3,12,10,10,1
MEX,Liga MX,2024/2025,09/05/2025,04:10,Club Leon,Cruz Azul,2,3,A,3.69,3.3,2.17,3.72,3.3,2.27,3.5,3.23,2.16,3.2,3.5,2.26,,,,7,12,4,6,7,14,3,0
MEX,Liga MX,2024/2025,11/05/2025,02:00,Toluca,Monterrey,2,1,H,1.56,4.37,5.89,1.56,4.7,5.89,1.53,4.37,5.52,1.59,4.6,6,,,,10,14,4,3,11,9,5,6
MEX,Liga MX,2024/2025,11/05/2025,04:10,Club America,Pachuca,2,0,H,1.83,3.77,4.44,1.85,3.9,4.88,1.79,3.67,4.4,1.86,3.8,4.8,,,,15,15,5,5,7,10,4,6
MEX,Liga MX,2024/2025,12/05/2025,02:00,Cruz Azul,Club Leon,2,1,H,1.8,3.84,4.57,1.8,3.95,4.8,1.75,3.77,4.45,1.84,3.85,4.9,,,,15,17,8,5,13,9,5,6
MEX,Liga MX,2024/2025,12/05/2025,04:10,Tigres UANL,Necaxa,2,2,D,1.84,3.81,4.37,1.85,3.81,4.51,1.8,3.71,4.26,1.86,3.9,4.7,,,,21,19,7,7,12,16,5,8
MEX,Liga MX,2024/2025,15/05/2025,04:00,Tigres UANL,Toluca,1,1,D,1.97,3.34,4.38,2.08,3.34,4.4,1.97,3.24,4.14,2,3.45,4.5,,,,7,15,3,7,13,14,5,8
MEX,Liga MX,2024/2025,16/05/2025,03:00,Cruz Azul,Club America,1,0,H,2.55,3.03,3.21,2.63,3.05,3.21,2.52,3,3.05,2.6,3.1,3.3,,,,11,9,4,2,10,10,5,6
MEX,Liga MX,2024/2025,18/05/2025,02:00,Toluca,Tigres UANL,3,0,H,1.93,3.53,4.26,1.93,3.7,4.75,1.86,3.55,4.21,1.87,3.7,4.7,,,,11,9,8,1,12,9,2,5
MEX,Liga MX,2024/2025,19/05/2025,02:15,Club America,Cruz Azul,2,1,H,1.95,3.52,4.22,1.98,3.6,4.52,1.91,3.46,4.06,2.02,3.6,4.3,,,,13,7,6,2,8,17,4,3
MEX,Liga MX,2024/2025,23/05/2025,03:00,Club America,Toluca,0,0,D,1.78,3.91,4.6,1.84,3.91,5,1.78,3.73,4.42,1.87,3.85,4.7,,,,,,,,,,,
MEX,Liga MX,2024/2025,26/05/2025,02:00,Toluca,Club America,2,0,H,3.08,3.07,2.55,3.15,3.25,2.64,2.98,3.07,2.52,3.15,3.2,2.64,,,,14,5,3,0,13,10,4,2
MEX,Liga MX,2025/2026,12/07/2025,02:00,Puebla,Atlas,2,3,A,2.52,3.26,3.08,2.52,3.26,3.1,2.39,3.08,2.94,2.58,3.25,3.15,,,,17,8,4,4,16,12,4,3
MEX,Liga MX,2025/2026,12/07/2025,04:00,Juarez,Club America,1,1,D,4.78,3.4,1.88,5.1,3.45,1.88,4.46,3.28,1.8,4.9,3.4,1.95,,,,9,6,3,2,15,12,3,4
MEX,Liga MX,2025/2026,12/07/2025,04:05,Club Tijuana,Queretaro,1,0,H,1.55,4.48,5.9,1.55,4.5,6,1.5,4.24,5.44,1.57,4.7,6.2,,,,12,5,3,2,16,15,6,3
MEX,Liga MX,2025/2026,13/07/2025,02:00,Santos Laguna,UNAM Pumas,3,0,H,2.86,3.31,2.62,2.88,3.4,2.63,2.68,3.23,2.49,2.92,3.45,2.62,,,,8,10,4,2,16,16,1,5
MEX,Liga MX,2025/2026,13/07/2025,02:00,Toluca,Necaxa,3,1,H,1.54,4.53,5.91,1.55,4.53,6,1.51,4.21,5.39,1.57,4.7,6.4,,,,21,11,7,4,11,13,7,4
MEX,Liga MX,2025/2026,13/07/2025,04:05,Cruz Azul,Mazatlan FC,0,0,D,1.2,7.27,14.11,1.23,7.27,15,1.2,6.12,12.45,1.25,6.6,17.5,,,,14,7,4,0,8,9,12,2
MEX,Liga MX,2025/2026,14/07/2025,00:00,Pachuca,Monterrey,3,0,H,2.05,3.74,3.59,2.1,3.74,3.75,2.02,3.41,3.39,2.16,3.65,3.6,,,,16,12,6,3,7,12,3,7
MEX,Liga MX,2025/2026,14/07/2025,02:00,Club Leon,Atl. San Luis,0,1,A,1.85,3.52,4.77,1.85,4,4.77,1.73,3.62,4.4,1.85,3.75,4.8,,,,10,12,3,4,12,10,4,6
MEX,Liga MX,2025/2026,17/07/2025,02:00,Club America,Club Tijuana,3,1,H,1.36,5.46,8.31,1.36,6,10.5,1.3,5.21,8.11,1.34,5.9,11,,,,18,8,9,2,11,11,8,1
MEX,Liga MX,2025/2026,17/07/2025,04:05,Santos Laguna,Toluca,2,4,A,3.38,3.8,2.1,5.25,4.2,2.12,3.44,3.63,1.95,3.6,3.75,2.12,,,,11,20,6,10,8,20,5,4
MEX,Liga MX,2025/2026,19/07/2025,02:00,Necaxa,Queretaro,3,1,H,1.79,3.92,4.53,1.79,3.92,4.8,1.71,3.71,4.34,1.82,3.95,4.9,,,,26,3,6,2,17,7,4,2
MEX,Liga MX,2025/2026,19/07/2025,04:00,Atl. San Luis,Monterrey,0,1,A,3.27,3.59,2.23,3.27,3.6,2.23,3.03,3.46,2.14,3.35,3.6,2.3,,,,5,13,1,3,16,9,5,3
MEX,Liga MX,2025/2026,19/07/2025,04:05,Mazatlan FC,Puebla,2,1,H,2.37,3.16,3.4,2.37,3.3,3.45,2.21,3.1,3.2,2.24,3.2,3.8,,,,7,11,4,5,17,12,3,4
MEX,Liga MX,2025/2026,20/07/2025,02:00,Club Leon,Guadalajara Chivas,1,0,H,3.39,3.26,2.31,3.39,3.35,2.35,2.99,3.23,2.25,3.35,3.35,2.38,,,,6,18,3,3,9,16,5,4
MEX,Liga MX,2025/2026,20/07/2025,02:00,Tigres UANL,Juarez,1,0,H,1.42,4.63,8.57,1.42,4.63,9,1.38,4.31,7.75,1.46,4.6,9.6,,,,22,5,10,1,16,14,5,2
MEX,Liga MX,2025/2026,20/07/2025,04:05,Atlas,Cruz Azul,3,3,D,5.05,3.93,1.71,5.05,3.93,1.78,4.3,3.69,1.72,4.8,3.8,1.84,,,,10,29,4,5,10,15,4,11
MEX,Liga MX,2025/2026,20/07/2025,19:00,UNAM Pumas,Pachuca,2,3,A,3.16,3.32,2.41,3.16,3.4,2.41,2.94,3.24,2.29,3.2,3.35,2.52,,,,8,10,4,3,15,12,4,1
MEX,Liga MX,2025/2026,26/07/2025,02:00,Puebla,Santos Laguna,1,0,H,2,3.73,3.75,2,3.73,3.8,1.92,3.51,3.59,2.02,3.8,4,,,,19,6,4,1,7,17,6,2
MEX,Liga MX,2025/2026,26/07/2025,02:00,Queretaro,UNAM Pumas,0,2,A,4.08,3.51,1.98,4.33,3.51,1.98,3.99,3.3,1.88,4.8,3.4,1.99,,,,6,7,1,3,21,17,4,3
MEX,Liga MX,2025/2026,26/07/2025,04:00,Club Tijuana,Juarez,1,1,D,2.18,3.29,3.79,2.18,3.6,3.79,1.99,3.43,3.45,2.12,3.65,3.85,,,,12,12,3,5,16,15,4,5
MEX,Liga MX,2025/2026,27/07/2025,00:00,Pachuca,Mazatlan FC,1,0,H,1.4,4.96,8.35,1.43,4.96,9,1.37,4.58,7.54,1.42,5.1,9.6,,,,15,2,3,0,11,16,8,2
MEX,Liga MX,2025/2026,27/07/2025,00:07,Guadalajara Chivas,Atl. San Luis,4,3,H,1.56,4,6.75,1.56,4.33,7.4,1.47,4.12,6.13,1.56,4.4,7.4,,,,14,14,8,8,10,17,10,6
MEX,Liga MX,2025/2026,27/07/2025,02:00,Cruz Azul,Club Leon,4,1,H,1.52,4.61,6.1,1.52,4.61,6.5,1.45,4.43,5.98,1.47,4.9,7.8,,,,23,9,13,5,7,11,8,1
MEX,Liga MX,2025/2026,27/07/2025,02:00,Monterrey,Atlas,3,1,H,1.49,4.69,6.6,1.49,4.75,7,1.42,4.51,6.34,1.48,5,7.6,,,,25,7,10,1,12,12,9,4
MEX,Liga MX,2025/2026,27/07/2025,02:00,Toluca,Tigres UANL,3,4,A,1.7,3.53,5.11,1.88,3.65,5.11,1.79,3.53,4.14,1.94,3.7,4.5,,,,17,11,6,5,16,8,7,0
MEX,Liga MX,2025/2026,27/07/2025,04:05,Necaxa,Club America,1,1,D,3.52,3.66,2.1,3.52,3.66,2.4,2.86,3.45,2.25,3,3.6,2.54,,,,17,13,2,3,8,10,7,4
MEX,Liga MX,2025/2026,09/08/2025,04:00,Tigres UANL,Puebla,7,0,H,1.41,4.89,8.17,1.46,5.25,8.5,1.41,4.65,6.45,1.46,5,7.8,,,,14,9,8,1,9,17,3,4
MEX,Liga MX,2025/2026,10/08/2025,02:00,Club America,Queretaro,1,0,H,1.2,6.92,14.63,1.22,6.5,15,1.19,6.11,13.2,1.22,7.2,20,,,,16,5,7,2,7,15,10,4
MEX,Liga MX,2025/2026,10/08/2025,04:00,Mazatlan FC,Club Tijuana,2,2,D,2.84,3.34,2.63,3.2,3.4,2.45,2.9,3.25,2.31,3.2,3.4,2.44,,,,14,8,4,4,7,13,8,1
MEX,Liga MX,2025/2026,10/08/2025,04:05,Atlas,Pachuca,0,3,A,4.17,3.72,1.9,3.6,3.6,2.05,3.41,3.49,1.99,3.75,3.65,2.16,,,,14,14,4,6,11,14,6,4
MEX,Liga MX,2025/2026,11/08/2025,01:00,UNAM Pumas,Necaxa,1,1,D,2.09,3.56,3.65,1.96,3.6,4,1.91,3.47,3.68,1.97,3.7,4.3,,,,21,12,5,5,9,12,7,4
MEX,Liga MX,2025/2026,11/08/2025,03:05,Santos Laguna,Guadalajara Chivas,1,0,H,4.91,4.17,1.68,5,4,1.71,4.53,3.85,1.66,5.5,4.1,1.71,,,,3,17,2,3,13,20,2,11
MEX,Liga MX,2025/2026,12/08/2025,02:00,Club Leon,Monterrey,1,3,A,3.17,3.66,2.25,3.2,3.6,2.22,3.08,3.46,2.13,3.4,3.7,2.26,,,,17,16,3,8,17,11,7,6
MEX,Liga MX,2025/2026,12/08/2025,04:00,Juarez,Toluca,0,2,A,3.83,3.74,1.98,3.95,3.7,2.05,3.54,3.56,1.93,3.9,3.7,2.06,,,,5,7,0,3,10,18,9,2
MEX,Liga MX,2025/2026,12/08/2025,04:05,Atl. San Luis,Cruz Azul,1,2,A,4.28,3.97,1.82,4.5,3.9,1.78,4.23,3.75,1.72,4.7,4,1.8,,,,4,11,2,5,23,12,3,2
MEX,Liga MX,2025/2026,16/08/2025,02:00,Puebla,Atl. San Luis,0,2,A,2.34,3.57,3.07,2.45,3.55,2.96,2.33,3.38,2.8,2.56,3.6,2.96,2.38,3.5,2.9,20,11,5,7,11,12,8,6
MEX,Liga MX,2025/2026,16/08/2025,04:05,Necaxa,Club Leon,0,1,A,2,3.73,3.77,1.89,3.95,3.9,1.85,3.76,3.6,1.96,3.9,4.1,1.83,3.9,3.8,21,17,6,1,12,14,6,5
MEX,Liga MX,2025/2026,17/08/2025,00:07,Guadalajara Chivas,Juarez,1,2,A,1.68,4.09,5.07,1.73,4,5.4,1.65,3.69,4.85,1.75,3.8,5.6,1.7,4,4.75,11,6,5,3,8,13,6,1
MEX,Liga MX,2025/2026,17/08/2025,02:00,Cruz Azul,Santos Laguna,3,2,H,1.23,7.04,11.46,1.22,7,13,1.19,6.63,11.5,1.24,7.8,14,1.22,6.5,13,33,3,10,2,17,2,12,4
MEX,Liga MX,2025/2026,17/08/2025,02:00,Pachuca,Club Tijuana,0,2,A,1.4,4.96,8.09,1.39,5.3,7.8,1.35,4.97,7.05,1.42,5.5,8.6,1.38,4.75,7.5,24,5,5,2,9,13,11,1
MEX,Liga MX,2025/2026,17/08/2025,02:00,Tigres UANL,Club America,1,3,A,2.28,3.22,3.53,2.18,3.4,3.7,2.11,3.26,3.32,2.24,3.4,3.7,2.1,3.3,3.7,17,11,6,3,17,14,7,4
MEX,Liga MX,2025/2026,17/08/2025,04:10,Toluca,UNAM Pumas,1,1,D,1.75,3.87,4.89,1.74,3.8,5,1.7,3.64,4.51,1.77,3.95,5.3,1.7,3.7,5,23,6,4,3,10,17,5,1
MEX,Liga MX,2025/2026,17/08/2025,23:00,Queretaro,Atlas,3,3,D,3.08,3.29,2.47,3.14,3.35,2.38,2.98,3.23,2.29,3.2,3.35,2.48,3.1,3.25,2.35,11,14,4,5,18,12,1,3
MEX,Liga MX,2025/2026,18/08/2025,01:00,Monterrey,Mazatlan FC,3,2,H,1.35,5.35,8.99,1.35,5.33,9.5,1.33,4.9,8.07,1.37,5.6,10.5,1.33,4.75,9.5,16,11,6,5,13,10,4,4
MEX,Liga MX,2025/2026,23/08/2025,02:00,Juarez,Santos Laguna,2,1,H,1.63,4.13,5.48,1.65,4.1,5.33,1.6,3.95,4.92,1.69,4.2,5.7,1.65,4.1,5.25,17,9,3,3,11,12,7,4
MEX,Liga MX,2025/2026,23/08/2025,02:00,Queretaro,Atl. San Luis,3,2,H,3.24,3.36,2.34,3.4,3.5,2.28,3.12,3.31,2.17,3.6,3.45,2.28,3.4,3.5,2.15,8,15,6,6,11,12,3,6
MEX,Liga MX,2025/2026,23/08/2025,04:00,Club Tijuana,Guadalajara Chivas,3,3,D,3.08,3.64,2.3,3.25,3.75,2.2,3.03,3.52,2.13,3.35,3.65,2.26,3.25,3.6,2.15,14,22,6,6,10,15,2,9
MEX,Liga MX,2025/2026,24/08/2025,00:00,Club Leon,Pachuca,1,1,D,3.22,3.43,2.32,3.4,3.6,2.15,3.17,3.46,2.08,3.55,3.6,2.22,3.4,3.5,2.1,8,25,4,7,14,12,2,5
MEX,Liga MX,2025/2026,24/08/2025,02:00,Mazatlan FC,Tigres UANL,2,2,D,4.57,3.82,1.8,4.2,3.6,1.91,3.94,3.51,1.84,4.4,3.75,1.93,3.9,3.6,1.91,6,32,2,9,6,9,2,15
MEX,Liga MX,2025/2026,24/08/2025,02:00,Monterrey,Necaxa,3,0,H,1.56,4.63,5.57,1.5,4.75,6.2,1.46,4.56,5.56,1.53,4.9,6.2,1.48,4.75,6,8,11,3,5,10,13,3,3
MEX,Liga MX,2025/2026,24/08/2025,04:05,Cruz Azul,Toluca,1,0,H,2.21,3.74,3.18,2.16,3.8,3.35,2.06,3.62,3.1,2.22,3.85,3.35,2.15,3.6,3.1,23,8,7,1,16,14,7,4
MEX,Liga MX,2025/2026,25/08/2025,00:00,UNAM Pumas,Puebla,0,0,D,1.65,3.92,5.74,1.67,4.1,5.6,1.61,3.76,5.18,1.69,4,5.9,1.65,4.1,5,14,7,1,3,17,18,4,4
MEX,Liga MX,2025/2026,25/08/2025,02:05,Atlas,Club America,2,4,A,4.75,3.87,1.76,5.25,4.1,1.67,4.83,3.89,1.62,5.7,4.1,1.68,5.25,4.1,1.62,10,13,5,5,17,18,3,3
MEX,Liga MX,2025/2026,30/08/2025,02:00,Atl. San Luis,Toluca,1,3,A,3.98,4.19,1.83,5.5,4.75,1.62,4.93,4.23,1.55,5.7,4.7,1.6,5,4.75,1.47,8,17,3,8,11,16,1,8
MEX,Liga MX,2025/2026,30/08/2025,02:00,Juarez,Mazatlan FC,1,0,H,1.85,3.54,4.71,1.66,3.9,5.66,1.62,3.67,5.03,1.71,3.9,5.9,1.53,3.9,5.5,16,6,4,2,18,10,4,2
MEX,Liga MX,2025/2026,30/08/2025,04:05,Puebla,Monterrey,2,4,A,4.29,3.76,1.86,4.1,3.75,1.93,3.81,3.54,1.86,4.1,3.7,2.02,3.75,3.75,1.86,7,17,4,9,10,11,1,7
MEX,Liga MX,2025/2026,31/08/2025,00:00,Club Leon,Queretaro,3,0,H,1.62,4.04,5.79,1.61,4.1,5.75,1.56,3.9,5.39,1.65,4.2,6,1.53,4.1,5.75,14,7,5,4,14,8,4,7
MEX,Liga MX,2025/2026,31/08/2025,02:00,Santos Laguna,Tigres UANL,0,1,A,6.35,4.63,1.51,7,4.75,1.47,6.27,4.51,1.42,7.2,4.8,1.5,6.5,4.75,1.41,12,23,1,9,15,14,3,5
MEX,Liga MX,2025/2026,31/08/2025,02:07,Guadalajara Chivas,Cruz Azul,1,2,A,2.83,3.45,2.57,3.1,3.5,2.37,2.88,3.31,2.31,3.1,3.45,2.5,3.1,3.25,2.35,19,12,5,7,17,10,7,1
MEX,Liga MX,2025/2026,31/08/2025,04:05,Club America,Pachuca,2,0,H,2,3.66,3.83,2.05,3.65,3.9,1.93,3.5,3.56,2.06,3.75,3.9,1.87,3.6,3.6,16,6,6,4,14,15,8,2
MEX,Liga MX,2025/2026,31/08/2025,23:00,UNAM Pumas,Atlas,1,0,H,1.66,3.97,5.47,1.65,4,5.5,1.61,3.81,5.03,1.67,4,6,1.53,3.8,5.25,19,6,6,1,7,8,8,1
MEX,Liga MX,2025/2026,01/09/2025,04:00,Club Tijuana,Necaxa,3,0,H,2.4,3.7,2.89,2.3,3.8,3,2.2,3.59,2.84,2.3,3.8,3.15,2.1,3.8,2.8,16,8,4,3,16,14,4,3
MEX,Liga MX,2025/2026,13/09/2025,02:00,Necaxa,Juarez,1,1,D,2.04,3.51,3.85,2.18,3.5,3.45,2.1,3.33,3.28,2.24,3.45,3.6,2.1,3.5,3.3,16,10,4,3,12,12,4,2
MEX,Liga MX,2025/2026,13/09/2025,04:00,Mazatlan FC,UNAM Pumas,1,4,A,3.54,3.29,2.23,3.4,3.4,2.22,3.26,3.2,2.15,3.65,3.35,2.26,3.3,3.4,2.15,15,14,4,5,10,16,6,1
MEX,Liga MX,2025/2026,14/09/2025,00:00,Pachuca,Cruz Azul,0,1,A,2.93,3.53,2.45,2.75,3.5,2.5,2.67,3.35,2.42,2.94,3.6,2.56,2.75,3.4,2.45,12,6,7,1,11,11,4,5
MEX,Liga MX,2025/2026,14/09/2025,02:00,Atlas,Santos Laguna,2,2,D,1.79,3.95,4.44,1.87,3.85,4.2,1.79,3.69,3.97,1.87,3.95,4.4,1.81,3.75,3.9,7,25,3,9,18,13,4,11
MEX,Liga MX,2025/2026,14/09/2025,02:00,Tigres UANL,Club Leon,0,0,D,1.45,4.94,6.87,1.48,4.75,6.75,1.44,4.55,5.95,1.52,4.9,6.6,1.46,4.5,5.75,19,16,2,6,10,14,6,2
MEX,Liga MX,2025/2026,14/09/2025,04:00,Toluca,Puebla,3,1,H,1.35,5.55,8.69,1.35,5.33,8.5,1.32,5.08,7.78,1.35,5.8,9.8,1.33,5.25,8,27,8,5,2,13,14,6,5
MEX,Liga MX,2025/2026,14/09/2025,04:15,Club America,Guadalajara Chivas,1,2,A,1.7,3.91,5.15,1.71,4.2,5,1.67,3.79,4.56,1.76,4,5.2,1.66,4.2,4.5,11,8,1,2,11,9,8,4
MEX,Liga MX,2025/2026,15/09/2025,00:00,Queretaro,Monterrey,0,1,A,6,4.2,1.58,5.5,4.1,1.65,4.97,3.91,1.6,5.6,4.1,1.7,4.75,4.1,1.62,3,15,1,6,20,16,2,4
MEX,Liga MX,2025/2026,15/09/2025,02:00,Atl. San Luis,Club Tijuana,1,1,D,2.15,3.75,3.3,2.15,3.75,3.25,2.1,3.6,3.02,2.2,3.8,3.35,2.1,3.75,3.2,10,10,3,6,12,16,3,5
MEX,Liga MX,2025/2026,18/09/2025,02:07,Guadalajara Chivas,Tigres UANL,0,0,D,2.3,3.46,3.24,2.4,3.6,3,2.3,3.33,2.86,2.54,3.4,3.05,2.4,3.25,3,8,12,2,3,9,12,2,9
MEX,Liga MX,2025/2026,20/09/2025,02:00,Cruz Azul,Juarez,3,2,H,1.56,4.43,5.93,1.48,4.5,7,1.44,4.31,6.41,1.51,4.7,7.4,1.42,4.5,6.5,13,16,5,2,16,9,7,4
MEX,Liga MX,2025/2026,20/09/2025,02:00,Necaxa,Puebla,1,0,H,1.83,3.82,4.43,1.76,3.9,4.75,1.73,3.67,4.25,1.8,4,4.9,1.68,3.75,4.75,12,14,3,5,7,12,2,8
MEX,Liga MX,2025/2026,20/09/2025,04:00,Mazatlan FC,Atlas,1,1,D,2.3,3.53,3.18,2.26,3.6,3.1,2.21,3.4,2.95,2.42,3.55,3.2,2.2,3.6,3,14,12,4,3,21,9,2,3
MEX,Liga MX,2025/2026,20/09/2025,04:05,Club Tijuana,Club Leon,5,0,H,1.92,4.02,3.78,1.91,4,3.8,1.86,3.83,3.5,1.94,4.1,4.1,1.86,3.9,3.8,19,6,8,3,16,18,4,3
MEX,Liga MX,2025/2026,21/09/2025,00:00,Pachuca,Queretaro,0,2,A,1.34,5.45,9.01,1.35,5.75,9,1.32,4.9,8.3,1.36,5.8,10,1.33,5.75,7.5,14,8,4,4,13,16,11,3
MEX,Liga MX,2025/2026,21/09/2025,02:00,UNAM Pumas,Tigres UANL,1,1,D,2.45,3.43,3,2.14,3.4,3.75,2.03,3.32,3.43,2.12,3.6,3.8,2.01,3.4,3.7,12,7,4,4,17,10,6,2
MEX,Liga MX,2025/2026,21/09/2025,02:07,Guadalajara Chivas,Toluca,0,3,A,3.09,3.53,2.35,3.1,3.6,2.35,2.86,3.42,2.27,3.25,3.7,2.34,3,3.6,2.25,18,19,4,11,17,9,7,6
MEX,Liga MX,2025/2026,21/09/2025,04:05,Monterrey,Club America,2,2,D,2.53,3.47,2.86,2.18,3.6,3.6,2.06,3.49,3.19,2.22,3.7,3.45,1.96,3.5,3.6,10,18,5,7,7,9,2,16
MEX,Liga MX,2025/2026,22/09/2025,00:00,Santos Laguna,Atl. San Luis,1,4,A,2.54,3.71,2.71,2.55,3.65,2.66,2.45,3.5,2.55,2.62,3.7,2.78,2.45,3.6,2.55,11,15,5,8,13,16,6,3
MEX,Liga MX,2025/2026,24/09/2025,02:00,Puebla,Pachuca,2,2,D,3.75,3.85,1.97,3.9,3.8,1.91,3.67,3.64,1.87,4,3.85,2,3.9,3.7,1.86,6,16,3,8,11,9,2,4
MEX,Liga MX,2025/2026,24/09/2025,02:07,Guadalajara Chivas,Necaxa,3,1,H,1.86,3.75,4.3,2.05,3.7,3.7,1.95,3.54,3.45,2.1,3.65,3.95,1.96,3.7,3.6,10,23,5,5,8,12,4,7
MEX,Liga MX,2025/2026,24/09/2025,04:00,Juarez,UNAM Pumas,3,1,H,2.87,3.12,2.74,3,3.25,2.74,2.8,3.1,2.48,3.1,3.3,2.58,3,3.1,2.35,10,6,4,1,14,14,5,2
MEX,Liga MX,2025/2026,24/09/2025,04:05,Club Leon,Mazatlan FC,2,2,D,1.77,3.95,4.6,1.68,4.2,5,1.64,3.91,4.63,1.72,4.3,5.1,1.62,4.2,4.5,19,16,6,8,10,17,5,5
MEX,Liga MX,2025/2026,25/09/2025,01:00,Cruz Azul,Queretaro,2,2,D,1.23,6.72,12.57,1.32,6,11,1.27,5.44,9.16,1.34,5.9,10,1.27,5.75,8,24,6,8,4,9,9,13,3
MEX,Liga MX,2025/2026,25/09/2025,02:00,Tigres UANL,Atlas,2,0,H,1.38,5.25,8.28,1.4,5.25,8,1.33,5.02,7.38,1.4,5.4,8.6,1.3,5.25,7.5,16,7,7,2,9,12,7,6
MEX,Liga MX,2025/2026,25/09/2025,03:00,Toluca,Monterrey,6,2,H,1.65,4.15,5.26,1.56,4.5,5.7,1.51,4.37,5.09,1.59,4.6,5.9,1.49,4.5,5.5,24,16,13,7,12,4,6,2
MEX,Liga MX,2025/2026,25/09/2025,04:00,Atl. San Luis,Club America,0,1,A,4.8,4.05,1.72,4.75,4.1,1.7,4.49,3.93,1.64,5.3,4.1,1.74,4.75,4,1.61,6,10,1,2,13,10,2,6
MEX,Liga MX,2025/2026,25/09/2025,04:00,Santos Laguna,Club Tijuana,1,0,H,3.19,3.94,2.14,3.3,4,2.1,3.13,3.71,2.02,3.3,4,2.16,3.1,3.75,2.01,14,16,6,1,14,16,5,6
MEX,Liga MX,2025/2026,27/09/2025,02:00,Juarez,Club Leon,2,0,H,2.02,3.67,3.76,2.2,3.6,3.55,2.07,3.38,3.3,2.24,3.5,3.6,2.15,3.3,3.3,18,6,4,1,14,13,3,6
MEX,Liga MX,2025/2026,28/09/2025,00:00,Atlas,Necaxa,3,2,H,3.8,3.71,1.99,3.9,3.75,2,3.52,3.58,1.91,4,3.8,2,3.9,3.6,1.86,14,19,8,7,11,20,5,4
MEX,Liga MX,2025/2026,28/09/2025,00:00,Pachuca,Atl. San Luis,2,1,H,1.75,4.14,4.46,1.73,4.2,4.6,1.65,3.99,4.34,1.75,4.2,4.8,1.66,4.1,4.2,12,12,2,3,21,8,1,4
MEX,Liga MX,2025/2026,28/09/2025,00:00,Puebla,Guadalajara Chivas,0,2,A,3.64,3.48,2.12,3.5,3.5,2.12,3.26,3.36,2.08,3.8,3.5,2.18,3.4,3.5,2.05,13,7,1,2,8,17,5,6
MEX,Liga MX,2025/2026,28/09/2025,02:00,Monterrey,Santos Laguna,1,0,H,1.31,6.15,9.09,1.29,6.5,9.5,1.26,5.76,8.6,1.3,6.6,10.5,1.24,6.5,8,13,10,3,2,17,14,5,2
MEX,Liga MX,2025/2026,28/09/2025,02:00,Toluca,Mazatlan FC,3,1,H,1.22,7.28,11.54,1.26,7,11.5,1.21,6.35,10.17,1.27,7.2,12,1.22,7,9.5,16,11,6,3,12,13,5,2
MEX,Liga MX,2025/2026,28/09/2025,04:05,Club America,UNAM Pumas,4,1,H,1.77,3.71,4.97,1.75,3.9,5.33,1.69,3.65,4.6,1.81,3.75,5.2,1.68,3.9,4.5,23,6,11,2,8,11,8,4
MEX,Liga MX,2025/2026,29/09/2025,00:00,Queretaro,Tigres UANL,0,2,A,5.39,3.93,1.68,5.25,4,1.66,5.05,3.74,1.61,5.6,4,1.72,5,3.9,1.61,11,20,1,9,9,10,2,10
MEX,Liga MX,2025/2026,29/09/2025,04:05,Club Tijuana,Cruz Azul,2,0,H,3.18,4.05,2.11,3.2,4,2.1,3.03,3.8,2.03,3.2,4.2,2.16,3,3.9,2.05,13,14,6,3,14,9,1,2
MEX,Liga MX,2025/2026,04/10/2025,02:00,Necaxa,Pachuca,0,1,A,2.49,3.73,2.75,2.55,3.7,2.7,2.44,3.54,2.54,2.56,3.75,2.82,2.4,3.7,2.57,15,15,4,1,15,6,8,4
MEX,Liga MX,2025/2026,04/10/2025,04:00,Mazatlan FC,Atl. San Luis,2,1,H,2.53,3.42,2.89,2.55,3.5,2.75,2.43,3.39,2.64,2.74,3.55,2.78,2.4,3.5,2.65,12,15,3,3,15,14,2,6
MEX,Liga MX,2025/2026,04/10/2025,04:05,Atlas,Juarez,3,1,H,3.07,3.5,2.37,2.92,3.6,2.38,2.83,3.41,2.29,3.2,3.55,2.42,2.82,3.5,2.3,12,14,3,5,17,17,2,10
MEX,Liga MX,2025/2026,05/10/2025,00:00,Queretaro,Puebla,3,1,H,3.11,3.38,2.4,2.92,3.35,2.5,2.79,3.18,2.42,3.05,3.3,2.64,2.85,3.1,2.45,12,13,4,4,15,19,3,6
MEX,Liga MX,2025/2026,05/10/2025,02:00,Club Leon,Toluca,2,4,A,5.06,4.67,1.6,5.1,4.75,1.6,4.73,4.54,1.54,5.5,5,1.6,5,4.75,1.51,13,17,4,6,6,12,5,2
MEX,Liga MX,2025/2026,05/10/2025,02:00,Tigres UANL,Cruz Azul,1,1,D,2.07,3.66,3.58,2.15,3.6,3.4,2.07,3.46,3.2,2.14,3.7,3.65,2.01,3.5,3.4,12,17,4,6,15,8,3,3
MEX,Liga MX,2025/2026,05/10/2025,04:05,Club America,Santos Laguna,3,0,H,1.19,7.82,13.32,1.2,7.5,15,1.17,6.96,12.63,1.21,8.2,15,1.15,7.5,13,29,5,15,2,8,8,11,3
MEX,Liga MX,2025/2026,06/10/2025,02:00,UNAM Pumas,Guadalajara Chivas,1,2,A,2.33,3.27,3.36,2.5,3.35,3.05,2.37,3.2,2.84,2.56,3.4,3,2.45,3.2,2.85,14,11,3,4,7,5,6,3
MEX,Liga MX,2025/2026,06/10/2025,04:05,Club Tijuana,Monterrey,2,2,D,2.7,3.84,2.49,2.88,3.65,2.42,2.74,3.51,2.29,2.9,3.7,2.54,2.57,3.4,2.2,10,14,5,6,10,14,3,4
MEX,Liga MX,2025/2026,18/10/2025,02:00,Puebla,Club Tijuana,4,3,H,2.34,3.44,3.18,2.6,3.4,2.75,2.51,3.29,2.63,2.68,3.4,2.86,2.57,3.3,2.65,11,13,9,4,12,15,4,3
MEX,Liga MX,2025/2026,18/10/2025,04:00,Atl. San Luis,Atlas,2,0,H,1.84,4.02,4.11,1.84,3.95,4.1,1.79,3.79,3.86,1.91,3.95,4.2,1.79,3.9,4.1,11,8,3,2,10,7,8,2
MEX,Liga MX,2025/2026,18/10/2025,04:00,Tigres UANL,Necaxa,5,3,H,1.57,4.55,5.55,1.53,4.6,6.25,1.49,4.36,5.5,1.57,4.6,6.2,1.45,4.5,6.25,19,14,9,6,10,19,6,4
MEX,Liga MX,2025/2026,19/10/2025,00:00,Juarez,Pachuca,2,2,D,2.6,3.32,2.88,2.56,3.45,2.83,2.48,3.26,2.67,2.64,3.4,3,2.5,3.25,2.75,16,8,4,3,8,17,4,5
MEX,Liga MX,2025/2026,19/10/2025,00:00,Santos Laguna,Club Leon,2,0,H,2.64,3.86,2.53,2.75,3.75,2.5,2.58,3.63,2.39,2.76,3.85,2.56,2.5,3.6,2.5,10,21,5,11,12,10,4,11
MEX,Liga MX,2025/2026,19/10/2025,00:00,Toluca,Queretaro,4,0,H,1.22,7.23,11.28,1.22,7,13,1.19,6.68,11.09,1.24,7.8,13,1.19,6.5,11,16,14,7,5,17,7,3,6
MEX,Liga MX,2025/2026,19/10/2025,02:00,Monterrey,UNAM Pumas,1,1,D,1.7,3.88,5.22,1.66,4,5.25,1.62,3.84,4.88,1.7,4.1,5.6,1.61,3.9,5.25,14,14,6,2,8,14,3,8
MEX,Liga MX,2025/2026,19/10/2025,02:07,Guadalajara Chivas,Mazatlan FC,2,0,H,1.4,5.1,7.92,1.35,5.25,8.5,1.33,4.95,7.81,1.39,5.4,9.6,1.3,5.25,8,13,5,5,0,14,14,5,2
MEX,Liga MX,2025/2026,19/10/2025,04:05,Cruz Azul,Club America,2,1,H,2.91,3.5,2.48,3,3.55,2.36,2.84,3.4,2.28,3.15,3.55,2.4,2.95,3.4,2.25,16,5,5,2,9,11,0,3
MEX,Liga MX,2025/2026,22/10/2025,02:00,Club America,Puebla,2,1,H,1.28,6.16,10.16,1.24,6.5,12,1.22,5.96,10.97,1.28,6.6,13,1.19,6.5,11,19,6,5,2,10,15,10,3
MEX,Liga MX,2025/2026,22/10/2025,02:00,Necaxa,Cruz Azul,1,1,D,4.01,3.96,1.88,3.35,3.8,2.18,3.18,3.61,2.04,3.3,3.75,2.28,3.05,3.8,2.1,18,9,4,4,15,9,2,3
MEX,Liga MX,2025/2026,22/10/2025,04:00,Mazatlan FC,Santos Laguna,2,2,D,2.04,3.68,3.68,2.15,3.6,3.4,2.07,3.5,3.16,2.26,3.65,3.4,2.1,3.6,3.05,17,7,3,4,19,11,11,4
MEX,Liga MX,2025/2026,22/10/2025,04:05,Monterrey,Juarez,4,2,H,1.63,4.26,5.26,1.55,4.5,5.8,1.53,4.17,5.35,1.6,4.6,6,1.51,4.5,5.5,15,12,7,4,12,14,5,3
MEX,Liga MX,2025/2026,23/10/2025,02:00,Pachuca,Tigres UANL,1,2,A,2.88,3.35,2.58,2.96,3.6,2.45,2.74,3.37,2.38,3,3.5,2.56,2.7,3.6,2.35,20,11,5,8,11,17,9,3
MEX,Liga MX,2025/2026,23/10/2025,02:00,Queretaro,Guadalajara Chivas,1,0,H,5.05,3.75,1.75,5.25,3.75,1.7,4.81,3.65,1.67,5.7,3.9,1.74,5.25,3.7,1.66,6,22,4,5,10,7,0,11
MEX,Liga MX,2025/2026,23/10/2025,04:00,Atlas,Club Leon,2,0,H,2.75,3.62,2.55,2.57,3.8,2.72,2.51,3.49,2.52,2.7,3.6,2.78,2.5,3.5,2.57,11,6,5,0,18,10,3,6
MEX,Liga MX,2025/2026,23/10/2025,04:00,Club Tijuana,Toluca,0,0,D,3.04,3.83,2.25,3.2,4,2.2,3,3.74,2.08,3.2,4,2.2,3.2,3.6,2.1,7,9,0,2,17,18,3,5
MEX,Liga MX,2025/2026,23/10/2025,04:05,UNAM Pumas,Atl. San Luis,0,1,A,1.88,3.81,4.18,1.91,3.7,4,1.85,3.54,3.82,1.97,3.7,4.4,1.86,3.7,3.8,6,13,0,5,8,14,2,6
MEX,Liga MX,2025/2026,25/10/2025,02:00,Juarez,Puebla,4,4,D,1.68,3.86,5.01,1.58,4.2,6.5,1.52,4.01,5.66,1.61,4.3,6.6,1.49,4.1,6,17,17,8,8,11,11,4,10
MEX,Liga MX,2025/2026,25/10/2025,04:00,Mazatlan FC,Club America,2,2,D,6.35,4.61,1.47,5,4.2,1.7,4.63,3.99,1.63,5.3,4,1.76,4.75,3.9,1.66,4,25,3,7,12,7,2,4
MEX,Liga MX,2025/2026,26/10/2025,00:00,Tigres UANL,Club Tijuana,2,0,H,1.46,4.72,6.22,1.54,4.4,5.75,1.51,4.29,5.41,1.58,4.7,6.2,1.49,4.33,5.75,18,11,4,2,13,10,3,3
MEX,Liga MX,2025/2026,26/10/2025,01:00,Club Leon,UNAM Pumas,1,1,D,2.51,3.56,2.7,3.5,3.55,2.15,3.3,3.4,2.06,3.75,3.55,2.18,3.05,3.5,2.15,15,13,4,7,9,13,6,5
MEX,Liga MX,2025/2026,26/10/2025,01:07,Guadalajara Chivas,Atlas,4,1,H,1.48,4.61,6.03,1.52,4.5,6.5,1.48,4.15,5.94,1.53,4.5,6.8,1.45,4.5,6,14,10,5,4,11,9,5,4
MEX,Liga MX,2025/2026,26/10/2025,03:05,Cruz Azul,Monterrey,2,0,H,1.93,3.46,4.06,1.95,4,4,1.83,3.82,3.66,1.91,4,4.1,1.81,4,3.8,18,9,9,2,18,4,5,3
MEX,Liga MX,2025/2026,26/10/2025,23:00,Santos Laguna,Queretaro,3,1,H,2.06,3.61,3.48,2.25,3.6,3.25,2.13,3.44,3.08,2.3,3.65,3.35,2.2,3.5,3.05,11,13,6,5,12,15,2,1
MEX,Liga MX,2025/2026,27/10/2025,01:00,Atl. San Luis,Necaxa,3,4,A,2.56,3.48,2.69,2.33,3.7,3.2,2.18,3.48,2.97,2.32,3.8,3.15,2.1,3.6,3.2,11,14,4,6,13,16,4,3
MEX,Liga MX,2025/2026,27/10/2025,01:00,Toluca,Pachuca,2,2,D,1.63,4.38,4.64,1.55,4.75,5.5,1.5,4.43,5.17,1.54,5,6.2,1.46,4.75,5.5,20,16,4,6,11,11,6,3
MEX,Liga MX,2025/2026,01/11/2025,01:00,Necaxa,Santos Laguna,4,1,H,,,,1.49,5,6.33,1.44,4.7,5.64,1.5,5.3,6.6,1.41,4.75,6.25,23,11,11,5,17,10,11,7
MEX,Liga MX,2025/2026,01/11/2025,03:00,Atl. San Luis,Juarez,1,2,A,,,,2.3,3.5,3.25,2.25,3.3,2.98,2.4,3.45,3.3,2.2,3.25,3.25,13,14,3,7,7,12,6,6
MEX,Liga MX,2025/2026,01/11/2025,03:05,Puebla,Cruz Azul,0,3,A,,,,5.33,4,1.7,4.83,3.86,1.62,5.9,4.1,1.66,4.75,3.8,1.66,8,13,4,7,11,11,4,7
MEX,Liga MX,2025/2026,01/11/2025,23:00,Atlas,Toluca,0,0,D,,,,5.1,4.5,1.62,4.76,4.22,1.57,5.2,4.5,1.67,4.75,4.33,1.57,11,14,0,5,10,11,6,8
MEX,Liga MX,2025/2026,02/11/2025,01:05,Monterrey,Tigres UANL,1,1,D,,,,2.65,3.5,2.71,2.56,3.28,2.57,2.86,3.45,2.74,2.65,3.25,2.65,14,12,6,7,12,19,3,2
MEX,Liga MX,2025/2026,02/11/2025,03:10,Club America,Club Leon,2,0,H,,,,1.35,5.5,10,1.31,5.12,8.09,1.34,5.9,10.5,1.3,5,9,19,6,8,1,12,10,8,2
MEX,Liga MX,2025/2026,02/11/2025,18:00,UNAM Pumas,Club Tijuana,4,1,H,,,,1.58,4.25,5.75,1.55,4.13,5.17,1.59,4.6,6,1.53,4.2,5.75,15,15,8,4,17,8,3,4
MEX,Liga MX,2025/2026,02/11/2025,23:00,Queretaro,Mazatlan FC,1,0,H,,,,2.22,3.5,3.25,2.16,3.31,3.12,2.34,3.5,3.4,2.15,3.3,3.25,12,8,5,3,12,8,5,4
MEX,Liga MX,2025/2026,03/11/2025,01:00,Pachuca,Guadalajara Chivas,0,1,A,,,,3.05,3.5,2.52,2.76,3.31,2.4,3.1,3.45,2.54,3.05,3.2,2.35,14,15,3,3,11,11,1,2
MEX,Liga MX,2025/2026,08/11/2025,01:00,Juarez,Queretaro,1,2,A,,,,1.58,4.2,6.5,1.52,3.93,5.91,1.58,4.4,6.4,1.51,3.9,6.5,15,9,6,2,9,12,6,3
MEX,Liga MX,2025/2026,08/11/2025,03:00,Club Tijuana,Atlas,2,0,H,,,,1.7,4.2,4.75,1.66,4.04,4.32,1.75,4.4,4.8,1.66,3.9,4.75,24,7,10,1,8,9,7,0
MEX,Liga MX,2025/2026,08/11/2025,03:00,Mazatlan FC,Necaxa,1,1,D,,,,3.75,3.8,2,3.36,3.7,1.94,3.7,3.95,2.08,3.75,3.7,1.91,5,22,2,6,10,23,4,14
MEX,Liga MX,2025/2026,08/11/2025,23:00,Tigres UANL,Atl. San Luis,3,1,H,,,,1.34,5.5,9,1.3,5.28,8.25,1.36,5.7,9.6,1.3,5.25,9,22,7,6,4,11,8,5,1
MEX,Liga MX,2025/2026,08/11/2025,23:07,Guadalajara Chivas,Monterrey,4,2,H,,,,2,3.7,3.9,1.91,3.61,3.56,1.99,3.75,4.1,1.86,3.7,3.9,21,9,7,5,12,13,6,0
MEX,Liga MX,2025/2026,09/11/2025,01:00,Club Leon,Puebla,1,2,A,,,,1.87,4,4.2,1.79,3.74,3.88,1.88,3.95,4.4,1.76,4,4,11,12,5,4,12,14,7,7
MEX,Liga MX,2025/2026,09/11/2025,01:00,Toluca,Club America,2,0,H,,,,2.45,3.7,2.74,2.39,3.5,2.63,2.56,3.7,2.86,2.45,3.5,2.65,14,11,4,4,16,9,4,6
MEX,Liga MX,2025/2026,09/11/2025,03:05,Cruz Azul,UNAM Pumas,2,3,A,,,,1.8,4,4.5,1.75,3.74,4.11,1.85,4.2,4.4,1.79,3.8,4.1,16,16,5,4,9,19,3,7
MEX,Liga MX,2025/2026,09/11/2025,23:00,Santos Laguna,Pachuca,1,0,H,,,,4.5,4.5,1.68,4.26,4.14,1.64,4.5,4.4,1.77,4.5,4.5,1.57,18,17,8,6,12,10,6,8
MEX,Liga MX,2025/2026,21/11/2025,01:00,Pachuca,UNAM Pumas,3,1,H,,,,2.07,3.6,4,1.99,3.34,3.58,2.08,3.5,4.1,1.91,3.4,3.8,10,13,5,5,13,8,4,8
MEX,Liga MX,2025/2026,21/11/2025,03:00,Club Tijuana,Juarez,3,1,H,,,,2.2,3.5,3.4,2.14,3.31,3.18,2.26,3.5,3.55,2.15,3.2,3.3,18,4,7,2,11,21,4,2
MEX,Liga MX,2025/2026,27/11/2025,01:00,Juarez,Toluca,1,2,A,,,,3.7,3.45,2.05,3.51,3.32,2,3.85,3.6,2.12,3.7,3.4,2.01,6,23,1,7,16,10,4,9
MEX,Liga MX,2025/2026,27/11/2025,03:05,Monterrey,Club America,2,0,H,,,,2.76,3.3,2.71,2.66,3.16,2.55,2.84,3.3,2.74,2.75,3.2,2.65,9,5,4,1,15,11,3,4
MEX,Liga MX,2025/2026,27/11/2025,05:00,Club Tijuana,Tigres UANL,3,0,H,,,,3.5,3.45,2.25,3.25,3.26,2.12,3.5,3.4,2.28,3.3,3.3,2.15,9,16,6,3,13,15,3,7
MEX,Liga MX,2025/2026,28/11/2025,02:07,Guadalajara Chivas,Cruz Azul,0,0,D,,,,2.23,3.5,3.35,2.18,3.28,3.12,2.28,3.45,3.55,2.15,3.3,3.3,8,16,1,4,10,8,5,3
MEX,Liga MX,2025/2026,29/11/2025,23:00,Club America,Monterrey,2,1,H,,,,1.5,4.8,6.5,1.45,4.46,5.95,1.47,5.1,7.2,1.42,4.5,6.5,12,10,3,3,12,18,3,2
MEX,Liga MX,2025/2026,30/11/2025,01:05,Toluca,Juarez,0,0,D,,,,1.32,5.66,10,1.3,5.27,8.14,1.34,6,10,1.27,5.5,9.5,24,6,4,0,15,15,7,2
MEX,Liga MX,2025/2026,30/11/2025,03:10,Tigres UANL,Club Tijuana,5,0,H,,,,1.33,5.33,9,1.31,5.13,8.02,1.36,5.9,9.6,1.3,5,9,26,6,14,1,19,16,8,2
MEX,Liga MX,2025/2026,01/12/2025,01:00,Cruz Azul,Guadalajara Chivas,3,2,H,,,,2.16,3.5,3.6,2.06,3.3,3.39,2.24,3.5,3.65,2.05,3.2,3.6,9,13,3,3,11,12,5,6
MEX,Liga MX,2025/2026,04/12/2025,01:00,Cruz Azul,Tigres UANL,1,1,D,,,,2.3,3.3,3.5,2.23,3.13,3.16,2.36,3.3,3.5,2.2,3.05,3.5,19,8,5,2,16,13,6,1
MEX,Liga MX,2025/2026,04/12/2025,03:10,Monterrey,Toluca,1,0,H,,,,2.68,3.6,2.6,2.59,3.44,2.46,2.78,3.55,2.74,2.57,3.4,2.55,6,15,3,5,18,12,3,7
MEX,Liga MX,2025/2026,07/12/2025,01:00,Toluca,Monterrey,3,2,H,,,,1.45,5.33,7,1.39,4.8,6.3,1.45,5.4,7.8,1.33,5.25,7,11,12,5,4,15,10,4,2
MEX,Liga MX,2025/2026,07/12/2025,03:10,Tigres UANL,Cruz Azul,1,1,D,,,,1.94,3.7,4.1,1.88,3.42,3.84,1.92,3.65,4.5,1.86,3.5,4.1,10,15,1,6,17,8,7,6
MEX,Liga MX,2025/2026,12/12/2025,02:00,Tigres UANL,Toluca,1,0,H,,,,2.15,3.4,4.2,2.03,3.24,3.56,2.14,3.45,3.9,2.05,3.3,3.7,10,8,2,1,17,15,8,0
MEX,Liga MX,2025/2026,15/12/2025,01:00,Toluca,Tigres UANL,2,1,H,,,,1.91,4.6,6.25,1.55,4.09,5.3,1.59,4.6,6.2,1.49,4.2,6.25,31,7,12,2,17,16,11,5
MEX,Liga MX,2025/2026,12/01/2026,01:00,Atl. San Luis,Tigres UANL,1,2,A,,,,3.2,3.4,2.32,3,3.3,2.22,3.2,3.55,2.4,3.1,3.4,2.25,13,8,1,3,6,14,5,3
MEX,Liga MX,2025/2026,11/01/2026,18:00,UNAM Pumas,Queretaro,1,1,D,,,,1.8,3.65,5.5,1.71,3.45,4.74,1.85,3.6,5.2,1.76,3.4,4.75,15,16,4,4,14,9,7,4
MEX,Liga MX,2025/2026,11/01/2026,03:05,Monterrey,Toluca,0,1,A,,,,2.1,3.95,3.7,1.99,3.47,3.42,2.18,3.65,3.6,1.96,3.5,3.4,16,14,5,2,8,18,2,4
MEX,Liga MX,2025/2026,11/01/2026,01:00,Club Leon,Cruz Azul,2,1,H,,,,5,4,1.72,4.57,3.71,1.68,5.2,4,1.76,5,3.75,1.66,9,21,6,7,17,16,3,6
MEX,Liga MX,2025/2026,11/01/2026,01:00,Santos Laguna,Necaxa,1,3,A,,,,3.45,3.75,2.2,3.09,3.54,2.08,3.35,3.8,2.22,3,3.75,2.15,15,14,4,6,17,13,7,3
MEX,Liga MX,2025/2026,10/01/2026,23:07,Guadalajara Chivas,Pachuca,2,0,H,,,,1.71,4.2,5.25,1.62,3.93,4.71,1.66,4.3,5.6,1.57,4.2,5.25,18,10,6,2,10,15,5,2
MEX,Liga MX,2025/2026,10/01/2026,03:00,Atlas,Puebla,1,0,H,,,,2.42,3.3,3.2,2.27,3.2,3,2.4,3.35,3.35,2.25,3.3,3.2,8,15,3,6,12,17,2,4
MEX,Liga MX,2025/2026,10/01/2026,03:00,Club Tijuana,Club America,0,0,D,,,,3.6,3.6,2.15,3.34,3.39,2.04,3.65,3.55,2.2,3.4,3.4,2.15,9,4,2,2,10,9,1,3
MEX,Liga MX,2025/2026,10/01/2026,01:00,Mazatlan FC,Juarez,1,2,A,,,,3.05,3.15,2.6,2.81,3.06,2.48,3.15,3.2,2.6,2.85,3.1,2.57,4,8,2,3,15,14,2,5
MEX,Liga MX,2025/2026,13/01/2026,23:00,Puebla,Mazatlan FC,2,1,H,,,,1.95,3.9,5,1.69,3.66,4.59,1.72,3.95,5.8,1.76,3.7,4.5,21,9,7,6,21,13,8,6
MEX,Liga MX,2025/2026,14/01/2026,01:00,Necaxa,Monterrey,0,2,A,,,,2.62,3.65,2.7,2.44,3.45,2.59,2.62,3.65,2.86,2.45,3.5,2.65,17,15,4,4,16,13,10,4
MEX,Liga MX,2025/2026,14/01/2026,01:06,Pachuca,Club Leon,2,1,H,,,,1.86,3.85,4.5,1.81,3.57,4.01,1.9,3.7,4.7,1.86,3.5,4.2,14,13,8,2,11,10,4,6
MEX,Liga MX,2025/2026,14/01/2026,03:10,Juarez,Guadalajara Chivas,0,1,A,,,,5,3.5,1.78,4.62,3.42,1.73,5.3,3.7,1.8,4.75,3.5,1.68,7,14,3,6,10,9,1,4
MEX,Liga MX,2025/2026,14/01/2026,23:00,Cruz Azul,Atlas,2,0,H,,,,1.39,5.3,8.6,1.34,4.78,7.71,1.41,5.3,9,1.37,4.33,8.5,16,6,6,2,14,14,6,3
MEX,Liga MX,2025/2026,15/01/2026,01:00,Queretaro,Club Tijuana,1,2,A,,,,2.75,3.25,2.85,2.58,3.15,2.63,2.66,3.35,2.96,2.5,3.2,2.85,11,10,5,4,11,14,6,6
MEX,Liga MX,2025/2026,15/01/2026,01:05,Club America,Atl. San Luis,0,2,A,,,,1.5,4.7,7.5,1.44,4.29,6.3,1.51,4.5,7.6,1.46,4.2,6.5,9,16,1,7,14,9,1,8
MEX,Liga MX,2025/2026,15/01/2026,03:06,Tigres UANL,UNAM Pumas,0,1,A,,,,1.65,4,6.33,1.58,3.74,5.41,1.64,4.2,6.2,1.57,3.75,5.75,31,7,6,4,10,19,18,2
MEX,Liga MX,2025/2026,15/01/2026,03:10,Toluca,Santos Laguna,3,1,H,,,,1.21,8,16.5,1.17,7.07,11.47,1.2,9.4,14.5,1.15,8,12,22,3,9,2,14,10,5,1
MEX,Liga MX,2025/2026,17/01/2026,03:00,Mazatlan FC,Monterrey,1,5,A,,,,6.33,4.5,1.56,5.49,4.2,1.5,6.6,4.8,1.53,5.25,4.2,1.56,9,18,4,11,13,8,4,7
MEX,Liga MX,2025/2026,17/01/2026,23:00,Necaxa,Atlas,0,1,A,,,,1.86,3.75,4.2,1.81,3.59,3.98,1.93,3.75,4.5,1.86,3.6,4.1,13,13,2,3,10,13,7,4
MEX,Liga MX,2025/2026,17/01/2026,23:07,Guadalajara Chivas,Queretaro,2,1,H,,,,1.32,5.5,12,1.27,5.14,9.64,1.32,5.8,12.5,1.25,5.5,12,22,11,8,4,11,11,7,2
MEX,Liga MX,2025/2026,18/01/2026,01:00,Tigres UANL,Toluca,0,0,D,,,,2.28,3.5,3.6,2.11,3.32,3.23,2.2,3.6,3.6,2.1,3.3,3.4,7,12,2,4,19,24,3,3
MEX,Liga MX,2025/2026,18/01/2026,03:05,Cruz Azul,Puebla,1,0,H,,,,1.55,4.33,6.25,1.51,4.14,5.5,1.6,4.6,6,1.53,4.33,5.25,35,5,10,0,14,9,10,4
MEX,Liga MX,2025/2026,18/01/2026,03:06,Club Tijuana,Atl. San Luis,1,1,D,,,,1.98,3.6,3.8,1.93,3.44,3.6,2.02,3.8,4,1.91,3.6,3.75,8,10,4,2,17,9,2,1
MEX,Liga MX,2025/2026,18/01/2026,18:00,UNAM Pumas,Club Leon,1,1,D,,,,2.2,3.6,3.4,2.09,3.36,3.22,2.26,3.55,3.5,2.1,3.5,3.25,13,17,2,6,12,14,5,4
MEX,Liga MX,2025/2026,18/01/2026,23:00,Santos Laguna,Juarez,2,2,D,,,,3.2,3.4,2.38,3.03,3.29,2.21,3.35,3.55,2.32,3.2,3.4,2.15,21,24,6,9,18,13,6,3
MEX,Liga MX,2025/2026,19/01/2026,01:06,Pachuca,Club America,0,0,D,,,,3.3,3.35,2.5,3.02,3.06,2.34,3.2,3.2,2.62,3.1,3.1,2.4,7,10,2,2,17,10,3,6
MEX,Liga MX,2025/2026,31/01/2026,01:00,Puebla,Toluca,0,0,D,,,,7.5,4.5,1.49,6.67,4.29,1.43,7,5,1.52,6.5,4.33,1.46,4,28,1,5,12,10,0,12
MEX,Liga MX,2025/2026,31/01/2026,03:00,UNAM Pumas,Santos Laguna,4,0,H,,,,1.56,4.5,5.8,1.51,4.27,5.49,1.56,4.8,6.2,1.46,4.5,5.75,8,10,5,4,8,19,0,7
MEX,Liga MX,2025/2026,31/01/2026,03:06,Juarez,Cruz Azul,3,4,A,,,,3.75,3.6,2.08,3.43,3.38,2.02,3.85,3.65,2.12,3.4,3.6,2.01,18,17,8,7,16,15,4,7
MEX,Liga MX,2025/2026,31/01/2026,22:00,Club America,Necaxa,2,0,H,,,,1.5,4.2,7.5,1.45,4.08,6.78,1.53,4.4,7.8,1.46,4,7,15,6,6,1,13,12,5,0
MEX,Liga MX,2025/2026,31/01/2026,23:00,Atl. San Luis,Guadalajara Chivas,2,3,A,,,,5,3.7,1.83,4.51,3.56,1.73,5.2,3.85,1.81,5,3.6,1.68,8,14,2,7,7,13,6,3
MEX,Liga MX,2025/2026,31/01/2026,23:00,Atlas,Mazatlan FC,1,0,H,,,,1.85,3.75,5,1.76,3.57,4.35,1.87,3.75,4.7,1.76,3.75,4.5,17,11,6,4,18,8,4,4
MEX,Liga MX,2025/2026,01/02/2026,01:00,Monterrey,Club Tijuana,2,2,D,,,,1.7,4,5.1,1.64,3.85,4.75,1.7,4.2,5.3,1.62,3.9,5,21,16,8,5,13,14,6,6
MEX,Liga MX,2025/2026,01/02/2026,01:10,Club Leon,Tigres UANL,1,2,A,,,,3.6,3.5,2.06,3.46,3.42,2,3.85,3.7,2.1,3.6,3.5,2.01,13,16,4,6,15,11,6,4
MEX,Liga MX,2025/2026,01/02/2026,23:00,Queretaro,Pachuca,0,0,D,,,,3.5,3.5,2.2,3.21,3.27,2.16,3.45,3.45,2.32,3.25,3.4,2.2,5,13,1,1,17,12,5,3
MEX,Liga MX,2025/2026,07/02/2026,01:00,Necaxa,Atl. San Luis,4,1,H,,,,2.55,3.4,2.9,2.46,3.23,2.75,2.66,3.35,3,2.45,3.4,2.75,10,8,5,2,15,17,2,3
MEX,Liga MX,2025/2026,07/02/2026,01:00,Tigres UANL,Santos Laguna,5,1,H,,,,1.29,6.25,10.5,1.26,5.73,9.38,1.3,6.8,11,1.25,6.25,9.5,20,8,7,3,12,15,4,1
MEX,Liga MX,2025/2026,07/02/2026,03:06,Club Tijuana,Puebla,0,0,D,,,,1.7,4,5.2,1.65,3.87,4.63,1.75,4.1,5,1.66,4,4.75,11,13,3,4,16,15,3,8
MEX,Liga MX,2025/2026,07/02/2026,03:06,Mazatlan FC,Guadalajara Chivas,1,2,A,,,,7.5,5,1.42,7.1,4.6,1.38,8.4,5.4,1.42,7.5,4.5,1.39,6,14,3,6,13,9,1,2
MEX,Liga MX,2025/2026,07/02/2026,23:00,Queretaro,Club Leon,2,0,H,,,,2.75,3.3,2.57,2.7,3.19,2.51,2.94,3.35,2.7,2.75,3.25,2.5,14,16,5,6,15,9,2,7
MEX,Liga MX,2025/2026,07/02/2026,23:00,Toluca,Cruz Azul,1,1,D,,,,1.91,3.85,4.25,1.84,3.51,3.96,1.97,3.8,4.2,1.91,3.4,4.2,15,9,6,4,15,13,6,1
MEX,Liga MX,2025/2026,08/02/2026,01:05,Atlas,UNAM Pumas,2,2,D,,,,2.85,3.13,2.7,2.73,3.05,2.59,2.86,3.35,2.82,2.75,3.1,2.65,9,6,3,3,8,11,3,1
MEX,Liga MX,2025/2026,08/02/2026,01:06,Pachuca,Juarez,2,0,H,,,,2.02,3.5,4,1.95,3.33,3.7,2.1,3.55,4,1.96,3.5,3.7,19,12,6,3,16,8,7,4
MEX,Liga MX,2025/2026,08/02/2026,03:10,Club America,Monterrey,1,0,H,,,,1.85,3.7,4.75,1.75,3.58,4.36,1.83,3.95,4.8,1.76,3.7,4.5,17,4,5,2,13,12,6,3
MEX,Liga MX,2025/2026,14/02/2026,01:00,Puebla,UNAM Pumas,2,3,A,,,,2.65,3.3,2.75,2.54,3.17,2.64,2.68,3.4,2.88,2.5,3.3,2.75,17,17,4,4,8,10,4,2
MEX,Liga MX,2025/2026,14/02/2026,03:05,Toluca,Club Tijuana,1,0,H,,,,1.3,7,15,1.21,5.95,10.88,1.25,7.6,13,1.15,6.5,15,12,7,4,3,10,15,4,4
MEX,Liga MX,2025/2026,14/02/2026,23:00,Atl. San Luis,Queretaro,3,0,H,,,,2,3.5,4,1.93,3.36,3.7,2.06,3.7,3.95,1.91,3.5,3.9,10,14,6,4,10,9,5,2
MEX,Liga MX,2025/2026,14/02/2026,23:00,Pachuca,Atlas,3,1,H,,,,1.78,3.66,5.2,1.71,3.49,4.68,1.84,3.75,5.1,1.71,3.5,4.75,7,14,4,4,17,10,0,5
MEX,Liga MX,2025/2026,15/02/2026,01:00,Monterrey,Club Leon,1,0,H,,,,1.57,4.3,5.8,1.53,4.13,5.26,1.63,4.5,5.8,1.53,4.1,5.75,20,9,5,2,17,14,8,4
MEX,Liga MX,2025/2026,15/02/2026,01:06,Juarez,Necaxa,1,2,A,,,,2.25,3.4,3.7,2.12,3.23,3.28,2.18,3.6,3.75,2.05,3.3,3.7,15,11,6,4,17,10,7,6
MEX,Liga MX,2025/2026,15/02/2026,03:07,Guadalajara Chivas,Club America,1,0,H,,,,2.25,3.5,3.3,2.19,3.21,3.14,2.28,3.6,3.3,2.15,3.4,3.25,16,8,4,2,16,5,5,3
MEX,Liga MX,2025/2026,15/02/2026,22:30,Cruz Azul,Tigres UANL,2,1,H,,,,2.3,3.4,3.25,2.2,3.22,3.12,2.28,3.45,3.6,2.15,3.25,3.25,18,9,6,7,20,12,2,3
MEX,Liga MX,2025/2026,15/02/2026,23:00,Santos Laguna,Mazatlan FC,1,2,A,,,,1.89,3.8,4.33,1.81,3.67,3.92,1.86,4,4.4,1.79,3.75,4.33,17,15,3,6,8,15,3,7
MEX,Liga MX,2025/2026,21/02/2026,01:00,Tigres UANL,Pachuca,1,2,A,,,,1.53,4.4,6.5,1.5,4.21,5.78,1.57,4.7,6.4,1.49,4.33,5.75,9,14,2,5,7,21,3,5
MEX,Liga MX,2025/2026,21/02/2026,03:06,Puebla,Club America,0,4,A,,,,5,3.6,1.78,4.7,3.49,1.71,4.9,3.85,1.83,4.5,3.6,1.71,15,20,6,7,13,11,3,7
MEX,Liga MX,2025/2026,21/02/2026,23:00,Atlas,Atl. San Luis,3,2,H,,,,2.43,3.3,3.14,2.33,3.19,2.96,2.4,3.45,3.35,2.32,3.3,3,21,9,7,3,18,18,4,0
MEX,Liga MX,2025/2026,22/02/2026,01:00,Club Leon,Santos Laguna,2,1,H,,,,1.65,4.2,5.1,1.6,4.1,4.73,1.68,4.5,5.1,1.57,4.2,4.75,9,14,4,4,15,17,2,6
MEX,Liga MX,2025/2026,22/02/2026,01:00,Necaxa,Toluca,0,3,A,,,,5.66,4,1.67,5.14,3.84,1.6,6,4.2,1.65,5.5,4,1.57,12,20,6,7,8,15,3,7
MEX,Liga MX,2025/2026,22/02/2026,03:05,Cruz Azul,Guadalajara Chivas,2,1,H,,,,2.4,3.5,3.1,2.26,3.4,2.91,2.32,3.9,3.1,2.2,3.5,3.1,11,12,3,3,15,17,2,2
MEX,Liga MX,2025/2026,22/02/2026,05:10,Club Tijuana,Mazatlan FC,1,1,D,,,,1.53,4.5,6.5,1.48,4.18,5.98,1.56,4.6,6.6,1.51,3.9,6.25,14,12,5,3,13,16,8,3
MEX,Liga MX,2025/2026,22/02/2026,23:00,UNAM Pumas,Monterrey,2,0,H,,,,2.6,3.5,2.7,2.52,3.36,2.59,2.6,3.7,2.84,2.55,3.5,2.65,14,25,6,10,10,6,4,8
MEX,Liga MX,2025/2026,28/02/2026,01:00,Mazatlan FC,Pachuca,1,0,H,,,,3.66,3.55,2.15,3.41,3.32,2.02,3.55,3.55,2.26,3.5,3.4,2.05,14,21,5,4,15,23,3,9
MEX,Liga MX,2025/2026,28/02/2026,01:00,Queretaro,Santos Laguna,2,2,D,,,,1.95,3.7,3.85,1.88,3.51,3.65,2.02,3.7,4.2,1.86,3.6,3.8,22,13,7,4,12,15,6,3
MEX,Liga MX,2025/2026,28/02/2026,03:00,Juarez,Atlas,3,1,H,,,,2.05,3.4,4,1.98,3.24,3.61,2.12,3.5,4,2.01,3.4,3.7,10,8,4,2,17,15,4,4
MEX,Liga MX,2025/2026,28/02/2026,03:06,Club Tijuana,UNAM Pumas,1,1,D,,,,2.2,3.75,3.25,2.13,3.41,3.04,2.26,3.8,3.25,2.1,3.75,3.1,11,16,4,4,13,14,3,4
MEX,Liga MX,2025/2026,28/02/2026,23:00,Atl. San Luis,Puebla,0,1,A,,,,2.2,3.5,3.4,2.08,3.32,3.23,2.26,3.55,3.5,2.1,3.5,3.25,6,11,2,3,16,11,4,5
MEX,Liga MX,2025/2026,28/02/2026,23:00,Toluca,Guadalajara Chivas,2,0,H,,,,2.12,3.4,3.7,2.04,3.21,3.46,2.18,3.6,3.7,2.01,3.4,3.7,13,10,5,4,19,15,2,4
MEX,Liga MX,2025/2026,01/03/2026,01:05,Monterrey,Cruz Azul,0,2,A,,,,2.75,3.5,2.6,2.6,3.39,2.43,2.86,3.7,2.58,2.7,3.4,2.45,17,9,3,7,12,10,9,1
MEX,Liga MX,2025/2026,01/03/2026,01:06,Club Leon,Necaxa,2,1,H,,,,2.12,3.6,3.4,2.06,3.41,3.2,2.14,3.75,3.6,2.05,3.5,3.4,28,10,7,4,15,13,9,4
MEX,Liga MX,2025/2026,01/03/2026,03:10,Club America,Tigres UANL,1,4,A,,,,2.22,3.3,3.65,2.13,3.12,3.32,2.3,3.35,3.65,2.2,3.2,3.3,13,11,5,6,14,14,2,5
MEX,Liga MX,2025/2026,04/03/2026,01:00,Pachuca,Necaxa,2,1,H,,,,1.73,4,4.5,1.7,3.8,4.32,1.76,4.2,5,1.66,4,4.5,16,12,9,4,19,17,8,8
MEX,Liga MX,2025/2026,04/03/2026,01:00,Santos Laguna,Cruz Azul,1,2,A,,,,8,5,1.4,7.17,4.78,1.36,8.6,5.6,1.41,8,4.75,1.33,6,16,2,7,16,17,2,4
MEX,Liga MX,2025/2026,04/03/2026,03:00,Atl. San Luis,Mazatlan FC,4,1,H,,,,1.62,4,5.8,1.58,3.9,5.19,1.66,4.3,5.7,1.61,3.9,5.5,15,10,9,4,14,12,7,0
MEX,Liga MX,2025/2026,04/03/2026,03:10,UNAM Pumas,Toluca,2,3,A,,,,3.9,3.7,1.95,3.69,3.54,1.88,3.9,3.85,2,3.75,3.6,1.91,13,25,7,8,8,4,2,14
MEX,Liga MX,2025/2026,05/03/2026,01:00,Monterrey,Queretaro,4,0,H,,,,1.55,4.35,6.75,1.51,4.08,5.67,1.64,4.2,6.4,1.53,4,6,17,6,7,3,14,14,6,4
MEX,Liga MX,2025/2026,05/03/2026,01:00,Puebla,Tigres UANL,3,1,H,,,,4.2,3.45,1.97,3.84,3.37,1.9,4.2,3.55,2.04,4.1,3.3,1.91,19,18,12,4,12,12,2,7
MEX,Liga MX,2025/2026,05/03/2026,03:00,Atlas,Club Tijuana,2,1,H,,,,2.14,3.4,3.7,2.05,3.34,3.38,2.14,3.5,3.95,2.01,3.4,3.7,12,17,4,4,16,9,2,4
MEX,Liga MX,2025/2026,05/03/2026,03:00,Club America,Juarez,1,2,A,,,,1.75,3.7,5.1,1.7,3.56,4.68,1.8,3.85,5.2,1.71,3.7,4.5,14,11,5,4,13,14,1,3
MEX,Liga MX,2025/2026,07/03/2026,01:00,Mazatlan FC,Club Leon,4,2,H,,,,3.2,3.55,2.25,3.02,3.43,2.13,3.35,3.65,2.28,3.2,3.5,2.15,19,18,10,7,8,11,7,4
MEX,Liga MX,2025/2026,07/03/2026,03:00,Necaxa,UNAM Pumas,0,1,A,,,,3,3.6,2.3,2.83,3.45,2.23,3.05,3.75,2.42,2.82,3.6,2.3,11,20,2,5,12,11,4,7
MEX,Liga MX,2025/2026,07/03/2026,23:00,Cruz Azul,Atl. San Luis,3,0,H,,,,1.44,4.75,7.2,1.4,4.51,6.53,1.45,5.1,8.4,1.39,4.75,7,28,10,11,1,15,8,10,1
MEX,Liga MX,2025/2026,07/03/2026,23:00,Queretaro,Club America,1,2,A,,,,5,3.6,1.83,4.46,3.39,1.75,4.9,3.7,1.87,5,3.5,1.68,16,19,2,7,19,6,9,6
MEX,Liga MX,2025/2026,08/03/2026,01:05,Atlas,Guadalajara Chivas,1,2,A,,,,5.33,3.75,1.67,4.96,3.63,1.63,5.7,4.1,1.7,5.25,3.75,1.62,7,12,3,4,18,10,2,7
MEX,Liga MX,2025/2026,08/03/2026,01:06,Pachuca,Puebla,2,1,H,,,,1.84,3.75,4.5,1.75,3.56,4.21,1.84,3.9,4.8,1.76,3.7,4.5,20,11,4,6,12,11,2,4
MEX,Liga MX,2025/2026,08/03/2026,03:00,Tigres UANL,Monterrey,1,0,H,,,,1.93,3.6,4.2,1.83,3.51,3.84,1.92,3.9,4.3,1.81,3.5,4.1,13,4,2,0,9,17,6,3
MEX,Liga MX,2025/2026,08/03/2026,23:00,Toluca,Juarez,3,1,H,,,,1.51,4.6,7.5,1.46,4.23,6.03,1.5,4.8,7,1.49,4.2,6,19,7,5,2,12,14,6,4
MEX,Liga MX,2025/2026,09/03/2026,03:06,Club Tijuana,Santos Laguna,1,2,A,,,,1.57,4.5,5.5,1.53,4.11,5.12,1.62,4.6,5.8,1.51,4.5,5.25,16,17,3,9,14,17,4,7
MEX,Liga MX,2025/2026,14/03/2026,01:00,Puebla,Necaxa,0,0,D,,,,2.25,3.6,3.35,2.15,3.41,3.07,2.36,3.65,3.25,2.1,3.6,3.1,21,8,3,1,16,18,6,5
MEX,Liga MX,2025/2026,14/03/2026,03:00,Juarez,Monterrey,2,2,D,,,,2.63,3.6,2.63,2.52,3.45,2.51,2.74,3.6,2.72,2.55,3.6,2.45,24,7,8,3,10,12,6,1
MEX,Liga MX,2025/2026,14/03/2026,23:00,Atl. San Luis,Pachuca,1,1,D,,,,3.1,3.5,2.43,2.88,3.36,2.29,3.2,3.6,2.38,3.1,3.5,2.25,8,12,2,4,11,10,0,5
MEX,Liga MX,2025/2026,14/03/2026,23:07,Guadalajara Chivas,Santos Laguna,3,0,H,,,,1.29,6.25,11,1.25,5.83,9.05,1.3,6.8,10.5,1.25,5.75,9.5,18,4,7,1,12,13,4,4
MEX,Liga MX,2025/2026,15/03/2026,01:00,Club Leon,Club Tijuana,0,3,A,,,,1.85,4,4.33,1.75,3.85,3.95,1.83,4.2,4.4,1.71,3.9,4.33,13,6,5,3,12,14,6,2
MEX,Liga MX,2025/2026,15/03/2026,01:00,Toluca,Atlas,1,1,D,,,,1.57,4.25,6.4,1.52,4.01,5.67,1.57,4.6,6.4,1.56,4.1,5.5,25,12,9,5,9,13,8,4
MEX,Liga MX,2025/2026,15/03/2026,03:10,UNAM Pumas,Cruz Azul,2,2,D,,,,3.5,3.65,2.07,3.34,3.5,2,3.9,3.7,2.08,3.5,3.6,1.96,6,25,1,6,11,15,5,5
MEX,Liga MX,2025/2026,15/03/2026,23:00,Tigres UANL,Queretaro,0,0,D,,,,1.48,4.75,7.5,1.41,4.45,6.72,1.47,4.9,7.4,1.42,4.33,7.5,12,8,2,5,10,17,8,7
MEX,Liga MX,2025/2026,16/03/2026,01:00,Club America,Mazatlan FC,2,0,H,,,,1.23,6.5,13,1.21,6.01,11.46,1.26,6.8,13.5,1.22,6,12,33,8,12,2,9,11,6,4
MEX,Liga MX,2025/2026,19/03/2026,02:07,Guadalajara Chivas,Club Leon,5,0,H,,,,1.41,5,7.5,1.37,4.68,7.08,1.44,5.3,7.6,1.37,4.75,7.5,35,1,16,1,13,12,12,0
MEX,Liga MX,2025/2026,21/03/2026,01:00,Necaxa,Club Tijuana,3,0,H,,,,2.23,3.55,3.4,2.12,3.43,3.12,2.2,3.65,3.5,2.05,3.4,3.4,19,9,8,2,13,5,6,1
MEX,Liga MX,2025/2026,21/03/2026,03:06,Mazatlan FC,Cruz Azul,1,1,D,,,,5.25,4.5,1.6,4.89,4.2,1.56,5.3,4.6,1.65,5.25,4.33,1.53,11,21,3,6,12,10,3,9
MEX,Liga MX,2025/2026,21/03/2026,23:00,Atlas,Queretaro,0,0,D,,,,2,3.5,4.1,1.91,3.33,3.83,2.02,3.5,4.4,1.91,3.4,4.1,17,13,3,2,6,9,3,7
MEX,Liga MX,2025/2026,22/03/2026,01:00,Atl. San Luis,Club Leon,1,2,A,,,,2.2,3.7,3.25,2.14,3.53,3.01,2.28,3.75,3.25,2.15,3.7,3.1,8,20,4,9,14,24,5,2
MEX,Liga MX,2025/2026,22/03/2026,01:05,Monterrey,Guadalajara Chivas,2,3,A,,,,3.8,3.75,2.06,3.42,3.59,1.95,3.8,3.9,2.06,3.8,3.6,1.91,22,12,8,5,8,16,9,4
MEX,Liga MX,2025/2026,22/03/2026,03:10,UNAM Pumas,Club America,1,0,H,,,,2.95,3.45,2.55,2.71,3.34,2.41,2.86,3.6,2.62,2.65,3.4,2.55,8,10,3,4,15,8,2,4
MEX,Liga MX,2025/2026,22/03/2026,23:00,Pachuca,Toluca,1,1,D,,,,3.9,3.8,1.91,3.6,3.68,1.87,4,3.95,1.98,3.9,3.7,1.86,16,8,4,2,19,12,9,1
MEX,Liga MX,2025/2026,22/03/2026,23:00,Santos Laguna,Puebla,2,1,H,,,,2.55,3.5,2.75,2.46,3.41,2.6,2.62,3.65,2.84,2.5,3.5,2.65,17,18,9,5,18,6,11,4
MEX,Liga MX,2025/2026,23/03/2026,01:06,Juarez,Tigres UANL,2,1,H,,,,3.5,3.5,2.15,3.31,3.34,2.08,3.6,3.6,2.22,3.5,3.4,2.05,20,13,6,4,10,10,7,3
MEX,Liga MX,2025/2026,04/04/2026,02:00,Puebla,Juarez,1,1,D,,,,2.65,3.6,2.71,2.46,3.35,2.59,2.6,3.65,2.82,2.45,3.5,2.65,11,16,7,3,19,13,8,9
MEX,Liga MX,2025/2026,04/04/2026,04:00,Necaxa,Mazatlan FC,2,1,H,,,,1.58,4.5,5.5,1.54,4.1,5.05,1.58,4.7,5.9,1.56,4.2,5.5,20,8,6,4,14,12,7,4
MEX,Liga MX,2025/2026,04/04/2026,04:06,Club Tijuana,Tigres UANL,1,0,H,,,,4.5,3.75,1.84,4.06,3.52,1.78,4.7,3.75,1.88,4.5,3.6,1.76,6,13,1,6,20,15,1,7
MEX,Liga MX,2025/2026,05/04/2026,00:00,Monterrey,Atl. San Luis,1,2,A,,,,1.54,4.4,6,1.5,4.22,5.35,1.57,4.8,6,1.53,4.33,5.25,15,14,7,6,9,8,4,9
MEX,Liga MX,2025/2026,05/04/2026,00:00,Queretaro,Toluca,1,0,H,,,,6,4.4,1.57,5.35,4.13,1.51,6,4.5,1.6,5.5,4.33,1.51,10,23,6,5,12,6,3,7
MEX,Liga MX,2025/2026,05/04/2026,02:05,Cruz Azul,Pachuca,1,2,A,,,,2.25,3.75,3.2,2.16,3.43,2.97,2.32,3.6,3.3,2.25,3.6,2.85,20,12,6,4,6,12,8,4
MEX,Liga MX,2025/2026,05/04/2026,02:06,Club Leon,Atlas,2,0,H,,,,2.25,3.5,3.4,2.14,3.31,3.12,2.22,3.65,3.5,2.1,3.5,3.4,17,11,6,3,11,9,10,3
MEX,Liga MX,2025/2026,05/04/2026,04:10,Santos Laguna,Club America,1,1,D,,,,5.1,4.1,1.7,4.62,3.88,1.62,5.2,4.3,1.7,4.75,4,1.66,9,19,4,5,17,10,3,4
MEX,Liga MX,2025/2026,06/04/2026,03:07,Guadalajara Chivas,UNAM Pumas,2,2,D,,,,1.52,4.5,6.25,1.47,4.32,5.53,1.54,4.9,6.4,1.46,4.5,5.75,28,6,12,2,15,7,8,1
MEX,Liga MX,2025/2026,08/04/2026,01:00,Queretaro,Juarez,1,1,D,,,,2.85,3.4,2.54,2.69,3.26,2.41,2.92,3.45,2.62,2.75,3.4,2.45,17,15,2,5,10,10,9,6
MEX,Liga MX,2025/2026,11/04/2026,02:00,Puebla,Club Leon,0,1,A,,,,2.75,3.5,2.7,2.59,3.42,2.43,2.84,3.65,2.6,2.75,3.5,2.4,16,14,1,3,16,15,7,8
MEX,Liga MX,2025/2026,11/04/2026,04:06,Juarez,Club Tijuana,1,2,A,,,,1.85,4.2,5,1.65,3.83,4.47,1.71,4.3,5.1,1.62,4,5,11,21,1,6,12,8,5,9
MEX,Liga MX,2025/2026,12/04/2026,00:00,Queretaro,Necaxa,3,1,H,,,,2.45,3.5,2.95,2.34,3.32,2.75,2.56,3.5,2.96,2.35,3.4,2.75,18,8,6,1,9,10,4,5
MEX,Liga MX,2025/2026,12/04/2026,00:00,Tigres UANL,Guadalajara Chivas,4,1,H,,,,2.54,3.4,2.82,2.42,3.29,2.68,2.58,3.5,2.98,2.35,3.4,2.82,11,19,6,6,14,13,0,7
MEX,Liga MX,2025/2026,12/04/2026,02:00,Atlas,Monterrey,0,0,D,,,,3.1,3.5,2.44,2.77,3.37,2.31,2.9,3.6,2.58,2.75,3.5,2.32,10,17,4,5,15,13,6,4
MEX,Liga MX,2025/2026,12/04/2026,02:00,Pachuca,Santos Laguna,4,2,H,,,,1.4,5.25,8.2,1.35,4.92,6.83,1.39,5.7,8.4,1.33,5.25,7.5,16,4,8,1,15,9,4,1
MEX,Liga MX,2025/2026,12/04/2026,04:05,Club America,Cruz Azul,1,1,D,,,,3,3.3,2.75,2.78,3.08,2.47,3.2,3.2,2.54,2.85,3.1,2.55,11,12,4,5,9,10,8,4
MEX,Liga MX,2025/2026,12/04/2026,19:00,UNAM Pumas,Mazatlan FC,3,1,H,,,,1.4,6.5,10.75,1.25,5.79,8.88,1.31,6.6,11,1.24,6,10,18,13,8,5,6,8,8,6
MEX,Liga MX,2025/2026,13/04/2026,02:00,Toluca,Atl. San Luis,1,1,D,,,,1.57,4.75,7.5,1.52,4.13,5.27,1.6,4.6,6,1.51,4.2,5.5,24,8,10,1,11,6,3,1
MEX,Liga MX,2025/2026,18/04/2026,02:00,Atl. San Luis,UNAM Pumas,0,2,A,,,,3.1,3.7,2.3,2.88,3.52,2.16,,,,3,3.5,2.15,27,13,3,3,10,16,8,1
MEX,Liga MX,2025/2026,18/04/2026,02:00,Mazatlan FC,Queretaro,1,1,D,,,,2.9,3.5,3,2.75,3.37,2.34,,,,2.85,3.4,2.3,14,24,3,4,12,4,7,9
MEX,Liga MX,2025/2026,19/04/2026,00:00,Cruz Azul,Club Tijuana,1,1,D,,,,1.44,6,10,1.27,5.5,8.68,,,,1.24,6,10,19,4,6,2,18,14,4,1
MEX,Liga MX,2025/2026,19/04/2026,00:00,Necaxa,Tigres UANL,1,1,D,,,,3.9,3.5,2.05,3.51,3.41,1.95,,,,3.9,3.4,1.91,7,17,2,5,16,10,0,13
MEX,Liga MX,2025/2026,19/04/2026,02:05,Monterrey,Pachuca,1,3,A,,,,2.4,3.65,2.8,2.32,3.47,2.7,,,,2.4,3.5,2.75,13,9,6,5,13,15,7,4
MEX,Liga MX,2025/2026,19/04/2026,02:07,Guadalajara Chivas,Puebla,5,0,H,,,,1.27,6.5,13,1.22,5.8,10.3,,,,1.19,6.5,11,16,4,8,1,8,11,9,0
MEX,Liga MX,2025/2026,19/04/2026,04:06,Club Leon,Juarez,3,1,H,,,,2.25,3.7,3.1,2.14,3.49,2.96,,,,2.05,3.7,3.1,20,12,6,5,20,4,3,8
MEX,Liga MX,2025/2026,19/04/2026,04:10,Club America,Toluca,2,1,H,,,,3,3.4,2.7,2.76,3.25,2.38,,,,3,3.3,2.3,13,15,6,3,13,7,5,5
MEX,Liga MX,2025/2026,20/04/2026,00:00,Santos Laguna,Atlas,0,1,A,,,,2.7,3.6,2.6,2.53,3.43,2.48,,,,2.57,3.6,2.45,14,7,2,2,18,16,5,4
MEX,Liga MX,2025/2026,22/04/2026,02:00,Queretaro,Cruz Azul,1,1,D,,,,5.5,4.33,1.75,4.81,4.1,1.56,,,,5.5,4.33,1.53,10,19,1,3,17,11,2,7
MEX,Liga MX,2025/2026,22/04/2026,02:00,UNAM Pumas,Juarez,4,2,H,,,,1.91,4.33,5,1.65,4.02,4.31,,,,1.61,4.33,5,26,10,9,3,12,14,5,1
MEX,Liga MX,2025/2026,22/04/2026,04:05,Monterrey,Puebla,2,1,H,,,,1.53,4.6,6.25,1.49,4.31,5.39,,,,1.49,4.5,5.5,23,10,6,2,20,9,3,4
MEX,Liga MX,2025/2026,22/04/2026,04:06,Club Leon,Club America,2,3,A,,,,3.6,3.5,2.15,3.32,3.28,2.06,,,,3.4,3.3,2.1,21,11,6,4,13,12,9,3
MEX,Liga MX,2025/2026,23/04/2026,02:00,Atl. San Luis,Santos Laguna,2,0,H,,,,1.88,4,3.9,1.8,3.78,3.68,,,,1.81,4,3.8,15,11,7,2,17,10,7,6
MEX,Liga MX,2025/2026,23/04/2026,02:00,Atlas,Tigres UANL,0,0,D,,,,5.5,3.75,1.91,4.77,3.5,1.69,,,,5.25,3.75,1.66,3,13,0,3,16,10,5,4
MEX,Liga MX,2025/2026,23/04/2026,02:00,Mazatlan FC,Toluca,4,3,H,,,,6.5,4.6,1.63,4.82,4.16,1.56,,,,5,4.2,1.57,16,14,6,7,12,18,3,8
MEX,Liga MX,2025/2026,23/04/2026,04:06,Club Tijuana,Pachuca,3,1,H,,,,2.45,3.6,22,2.33,3.35,6.63,,,,2.2,3.6,2.85,15,9,10,3,10,16,6,3
MEX,Liga MX,2025/2026,23/04/2026,04:10,Necaxa,Guadalajara Chivas,0,0,D,,,,5.5,4.5,22,5.14,4.36,5.62,,,,5.25,4.5,1.51,8,20,1,6,14,15,1,4
MEX,Liga MX,2025/2026,25/04/2026,04:00,Puebla,Queretaro,1,2,A,,,,2.7,3.5,2.75,2.55,3.29,2.52,,,,2.57,3.4,2.55,8,21,2,6,3,17,3,12
MEX,Liga MX,2025/2026,26/04/2026,00:00,Pachuca,UNAM Pumas,0,2,A,,,,1.98,3.75,3.75,1.92,3.56,3.42,,,,1.91,3.6,3.75,16,8,4,4,12,7,8,4
MEX,Liga MX,2025/2026,26/04/2026,00:00,Tigres UANL,Mazatlan FC,5,1,H,,,,1.23,7,15,1.18,6.38,11.41,,,,1.19,6.25,12,24,8,13,3,5,3,6,1
MEX,Liga MX,2025/2026,26/04/2026,02:05,Toluca,Club Leon,4,1,H,,,,1.85,4,3.9,1.79,3.82,3.65,,,,1.81,3.9,3.8,15,16,7,5,14,14,2,7
MEX,Liga MX,2025/2026,26/04/2026,02:07,Guadalajara Chivas,Club Tijuana,0,0,D,,,,1.41,5.33,8,1.35,4.83,6.89,,,,1.37,5,7,22,13,4,3,8,8,8,2
MEX,Liga MX,2025/2026,26/04/2026,04:00,Juarez,Atl. San Luis,2,1,H,,,,2.02,3.75,3.75,1.94,3.57,3.36,,,,1.91,3.6,3.75,12,12,4,4,5,10,4,4
MEX,Liga MX,2025/2026,26/04/2026,04:10,Club America,Atlas,0,1,A,,,,1.56,4.1,7,1.49,3.82,6.31,,,,1.46,3.9,7,11,7,3,2,7,12,5,2
MEX,Liga MX,2025/2026,27/04/2026,00:00,Santos Laguna,Monterrey,3,0,H,,,,2.9,3.8,2.42,2.69,3.6,2.26,,,,2.75,3.7,2.3,7,16,3,2,18,15,3,6
MEX,Liga MX,2025/2026,27/04/2026,02:05,Cruz Azul,Necaxa,4,1,H,,,,1.28,6.25,11,1.24,5.73,9.29,,,,1.22,6,10,14,8,4,2,9,8,4,5
MEX,Liga MX,2025/2026,03/05/2026,02:00,Tigres UANL,Guadalajara Chivas,3,1,H,,,,1.91,3.5,4.2,1.84,3.34,3.99,,,,1.86,3.5,4.1,16,12,9,1,15,7,4,4
MEX,Liga MX,2025/2026,03/05/2026,04:15,Atlas,Cruz Azul,2,3,A,,,,4.5,3.33,1.93,4.12,3.19,1.86,,,,4.5,3.2,1.91,13,10,2,9,13,13,2,5
MEX,Liga MX,2025/2026,04/05/2026,00:00,Club America,UNAM Pumas,3,3,D,,,,2.2,3.3,22,2.17,3.21,6.36,,,,2.2,3.3,3.2,23,10,7,6,8,12,7,1
MEX,Liga MX,2025/2026,04/05/2026,02:15,Toluca,Pachuca,0,1,A,,,,1.96,3.9,4.1,1.84,3.59,3.69,,,,1.86,3.9,3.9,16,15,4,6,10,14,10,4
MEX,Liga MX,2025/2026,10/05/2026,02:07,Guadalajara Chivas,Tigres UANL,2,0,H,,,,2.1,3.7,3.66,2,3.42,3.32,2.12,3.8,3.65,1.96,3.5,3.6,29,5,5,3,13,19,13,1
MEX,Liga MX,2025/2026,10/05/2026,04:15,Cruz Azul,Atlas,1,0,H,,,,1.53,4.33,6.5,1.49,4.09,5.7,1.53,4.7,7.2,1.49,4.33,6,9,19,5,5,13,18,7,6
MEX,Liga MX,2025/2026,11/05/2026,00:00,Pachuca,Toluca,2,0,H,,,,3.1,3.55,2.5,2.68,3.4,2.34,2.8,3.6,2.66,2.65,3.5,2.45,13,17,4,3,9,9,1,5
MEX,Liga MX,2025/2026,11/05/2026,02:15,UNAM Pumas,Club America,3,3,D,,,,2.6,3.5,2.8,2.48,3.37,2.64,,,,2.45,3.4,2.75,9,23,5,6,20,5,3,16
MEX,Liga MX,2025/2026,14/05/2026,03:00,Cruz Azul,Guadalajara Chivas,2,2,D,,,,2.2,3.4,3.4,2.11,3.25,3.18,2.28,3.5,3.55,2.15,3.3,3.4,16,16,4,5,14,14,6,1
MEX,Liga MX,2025/2026,15/05/2026,02:00,Pachuca,UNAM Pumas,1,0,H,,,,2.12,3.75,3.7,1.95,3.44,3.45,2.04,3.7,3.95,1.96,3.6,3.7,15,5,5,1,15,10,9,1
MEX,Liga MX,2025/2026,17/05/2026,02:07,Guadalajara Chivas,Cruz Azul,1,2,A,,,,2.3,3.4,3.25,2.2,3.28,3.01,2.34,3.55,3.25,2.3,3.3,3.1,15,13,7,8,10,13,8,7
MEX,Liga MX,2025/2026,18/05/2026,02:00,UNAM Pumas,Pachuca,1,0,H,,,,2.38,3.75,3,2.28,3.56,2.69,2.52,3.85,2.82,2.32,3.75,2.7,12,9,1,2,11,11,3,3
MEX,Liga MX,2025/2026,22/05/2026,03:00,Cruz Azul,UNAM Pumas,0,0,D,,,,1.71,4,5,1.65,3.72,4.59,1.75,4.1,5.1,1.62,3.9,4.75,24,4,5,1,11,7,7,1
MEX,Liga MX,2025/2026,25/05/2026,02:00,UNAM Pumas,Cruz Azul,1,2,A,,,,3.14,3.6,2.33,2.97,3.26,2.23,3.15,3.75,2.34,3,3.5,2.25,12,18,3,6,14,5,7,7
MEX,Liga MX,2026/2027,17/07/2026,02:00,Necaxa,Atlante,2,1,H,,,,1.9,3.7,4,1.85,3.54,3.7,1.96,3.85,4,1.86,3.5,4,11,12,5,3,11,16,11,5
MEX,Liga MX,2026/2027,17/07/2026,04:10,Club Tijuana,Tigres UANL,3,1,H,,,,3.65,3.4,2.1,3.37,3.32,2.01,3.75,3.65,2.12,3.6,3.3,2.05,15,8,7,4,11,17,1,4
MEX,Liga MX,2026/2027,18/07/2026,02:00,Atl. San Luis,Cruz Azul,2,3,A,,,,5,3.9,1.71,4.61,3.77,1.63,5.7,4.1,1.69,4.75,3.9,1.68,13,20,5,10,9,10,4,4
MEX,Liga MX,2026/2027,18/07/2026,02:00,Club Leon,Atlas,2,3,A,,,,2.2,3.45,3.4,2.09,3.31,3.14,2.26,3.6,3.45,2.15,3.3,3.25,16,9,8,7,15,10,6,2
MEX,Liga MX,2026/2027,18/07/2026,04:00,Juarez,Puebla,0,1,A,,,,1.7,4.1,4.8,1.65,3.82,4.46,1.77,4.1,4.9,1.66,3.9,4.75,13,13,1,5,9,22,5,7
MEX,Liga MX,2026/2027,19/07/2026,00:00,UNAM Pumas,Pachuca,0,3,A,,,,2.6,3.5,2.9,2.45,3.27,2.64,2.72,3.45,2.84,2.57,3.3,2.57,9,15,1,6,11,5,9,4
MEX,Liga MX,2026/2027,19/07/2026,02:05,Monterrey,Santos Laguna,3,2,H,,,,1.5,4.75,6.5,1.44,4.47,5.69,1.51,5,6.6,1.45,4.5,5.75,19,11,13,3,14,9,5,5
MEX,Liga MX,2026/2027,19/07/2026,02:07,Guadalajara Chivas,Toluca,0,2,A,,,,2.02,3.75,3.8,1.91,3.55,3.45,2.04,3.9,3.8,1.86,3.7,3.8,13,14,4,9,14,13,9,2
MEX,Liga MX,2026/2027,19/07/2026,04:10,Queretaro,Club America,0,1,A,,,,3.9,3.7,2,3.55,3.53,1.89,4,3.85,1.99,3.9,3.7,1.86,10,17,2,5,14,13,2,12
MEX,Liga MX,2026/2027,22/07/2026,02:00,Cruz Azul,Puebla,2,1,H,,,,1.36,5.5,8.5,1.31,4.99,7.74,1.36,6,9,1.3,5.5,7.5,22,10,7,4,11,7,7,3
MEX,Liga MX,2026/2027,22/07/2026,04:05,Toluca,UNAM Pumas,1,2,A,,,,1.57,4.25,5.75,1.53,4.09,5.09,1.63,4.3,5.9,1.51,4.2,5.75,17,8,4,3,4,11,9,1
MEX,Liga MX,2026/2027,25/07/2026,04:00,Atlante,Club America,1,1,D,,,,6.1,4.33,1.55,5.63,4.01,1.49,6.4,4.5,1.59,5.5,4.33,1.49,8,20,4,8,18,14,2,9
MEX,Liga MX,2026/2027,25/07/2026,04:00,Club Tijuana,Club Leon,1,0,H,,,,1.91,3.65,4.33,1.86,3.51,3.69,1.99,3.85,4,1.81,3.4,4.33,9,11,3,2,12,13,3,10
MEX,Liga MX,2026/2027,26/07/2026,00:07,Guadalajara Chivas,Juarez,1,0,H,,,,1.4,5.33,8,1.35,4.79,6.91,1.41,5.6,8.4,1.35,4.75,8,22,6,8,0,11,14,19,2
MEX,Liga MX,2026/2027,26/07/2026,04:00,Santos Laguna,Atlas,0,1,A,,,,2.85,3.3,2.65,2.67,3.2,2.44,3,3.45,2.58,2.85,3.25,2.45,11,11,1,5,11,11,5,5
MEX,Liga MX,2026/2027,26/07/2026,04:00,Tigres UANL,Atl. San Luis,2,2,D,,,,1.51,4.5,6.75,1.45,4.22,6,1.52,4.9,6.8,1.49,4.2,6,17,13,2,4,15,14,9,3
MEX,Liga MX,2026/2027,27/07/2026,00:00,Necaxa,Monterrey,2,1,H,,,,3.8,3.8,2.07,3.31,3.57,1.95,3.7,4,2.02,3.8,3.6,1.86,19,6,9,2,21,14,4,1
MEX,Liga MX,2026/2027,27/07/2026,02:06,Pachuca,Queretaro,1,2,A,,,,1.68,3.9,5.33,1.62,3.74,4.8,1.73,4,5.4,1.62,3.8,5,13,18,2,5,15,10,1,6
MEX,Liga MX,2026/2027,01/08/2026,02:00,Puebla,Guadalajara Chivas,1,1,D,,,,6,4.75,1.52,5.61,4.28,1.47,6.4,4.9,1.52,6,4.75,1.45,7,24,3,8,7,12,1,7
MEX,Liga MX,2026/2027,01/08/2026,04:00,Atl. San Luis,Club Tijuana,0,0,D,,,,2.25,3.5,3.1,2.2,3.3,2.97,2.36,3.65,3.2,2.2,3.5,3.1,14,6,2,1,6,10,5,1
MEX,Liga MX,2026/2027,01/08/2026,04:00,Juarez,UNAM Pumas,1,5,A,,,,2.66,3.5,2.6,2.54,3.35,2.49,2.74,3.65,2.72,2.65,3.4,2.5,8,10,3,5,13,16,2,0
MEX,Liga MX,2026/2027,02/08/2026,00:00,Queretaro,Tigres UANL,3,2,H,,,,3.2,3.5,2.25,3,3.32,2.18,3.2,3.6,2.4,3.2,3.3,2.25,15,25,6,5,19,9,6,11
MEX,Liga MX,2026/2027,02/08/2026,02:00,Club Leon,Pachuca,1,0,H,,,,3,3.45,2.35,2.87,3.26,2.26,3.1,3.45,2.5,3,3.25,2.35,15,10,6,1,9,17,3,6
MEX,Liga MX,2026/2027,02/08/2026,02:05,Atlas,Monterrey,0,2,A,,,,2.65,3.45,2.65,2.53,3.28,2.55,2.66,3.55,2.78,2.57,3.4,2.65,9,13,1,4,13,17,6,2
MEX,Liga MX,2026/2027,02/08/2026,04:05,Cruz Azul,Atlante,2,3,A,,,,1.42,5.1,9,1.35,4.62,7.52,1.42,5.4,8.2,1.39,4.5,8,18,11,9,7,10,11,7,5
MEX,Liga MX,2026/2027,03/08/2026,00:00,Club America,Santos Laguna,3,0,H,,,,1.39,5.33,8,1.34,4.86,6.99,1.42,5.6,8.2,1.37,5,7,17,13,6,6,12,10,4,11
MEX,Liga MX,2026/2027,03/08/2026,02:10,Toluca,Necaxa,3,1,H,,,,1.49,4.75,6.25,1.44,4.43,5.73,1.52,4.8,6.4,1.45,4.75,6,26,9,8,3,15,10,6,2
MEX,Liga MX,2026/2027,16/08/2026,00:00,Atlante,Toluca,0,0,D,,,,5.5,4.1,1.62,5.01,3.94,1.57,5.6,4.3,1.66,5.5,3.8,1.61,14,11,5,2,9,7,8,7
MEX,Liga MX,2026/2027,16/08/2026,02:10,Monterrey,Juarez,6,1,H,,,,1.5,4.75,6.25,1.45,4.49,5.64,1.53,4.9,6.2,1.42,4.75,6.25,28,4,10,1,11,7,10,1
MEX,Liga MX,2026/2027,16/08/2026,04:10,Atlas,Tigres UANL,2,1,H,,,,3.3,3.2,2.3,3.09,3.12,2.25,3.4,3.3,2.44,3.3,3.2,2.3,8,25,3,7,15,11,2,16
MEX,Liga MX,2026/2027,16/08/2026,19:00,UNAM Pumas,Queretaro,0,0,D,,,,1.91,3.75,4.2,1.86,3.54,3.73,2,3.8,4.2,1.86,3.7,3.9,15,8,4,3,12,10,6,1
MEX,Liga MX,2026/2027,17/08/2026,00:00,Club America,Atl. San Luis,3,0,H,,,,1.93,3.6,4.2,1.89,3.45,3.74,1.98,3.7,4.3,1.86,3.4,4.2,28,13,7,3,13,8,10,5
MEX,Liga MX,2026/2027,17/08/2026,02:10,Santos Laguna,Guadalajara Chivas,0,1,A,,,,5.5,4.5,1.55,5.1,4.3,1.52,5.5,4.7,1.62,5.25,4.33,1.53,11,12,2,5,8,12,5,7
MEX,Liga MX,2026/2027,17/08/2026,04:00,Club Tijuana,Cruz Azul,2,1,H,,,,2.85,3.4,2.55,2.73,3.28,2.39,2.98,3.5,2.56,2.65,3.25,2.55,13,14,3,5,13,15,5,6
MEX,Liga MX,2026/2027,18/08/2026,02:00,Necaxa,Club Leon,1,2,A,,,,2.8,3.4,2.5,2.68,3.3,2.42,2.86,3.65,2.6,2.75,3.2,2.5,25,16,8,7,15,14,7,3
MEX,Liga MX,2026/2027,18/08/2026,04:06,Pachuca,Puebla,2,3,A,,,,1.65,4.1,5.5,1.59,3.88,5,1.7,4.1,5.6,1.57,3.9,5.5,22,12,4,5,10,15,5,3
MEX,Liga MX,2026/2027,22/08/2026,02:00,Club Leon,Monterrey,2,0,H,,,,3.25,3.7,2.24,3.03,3.51,2.14,3.3,3.8,2.24,3.25,3.5,2.1,11,20,5,4,11,12,3,10
MEX,Liga MX,2026/2027,22/08/2026,02:00,Tigres UANL,Atlante,2,0,H,,,,1.55,4.5,5.5,1.53,4.17,5.22,1.6,4.7,5.8,1.51,4.33,5.5,18,11,4,4,15,16,5,1
MEX,Liga MX,2026/2027,22/08/2026,04:10,Juarez,Club America,1,2,A,,,,5.25,4,1.67,4.97,3.82,1.62,5.5,4.1,1.69,5.25,4,1.61,10,18,3,10,15,12,5,7
MEX,Liga MX,2026/2027,22/08/2026,04:10,Queretaro,Toluca,1,2,A,,,,3.75,3.75,1.93,3.58,3.63,1.89,4,3.95,1.96,3.75,3.6,1.91,18,18,3,3,15,8,7,6
MEX,Liga MX,2026/2027,23/08/2026,00:07,Guadalajara Chivas,Club Tijuana,5,2,H,,,,1.47,4.75,7,1.42,4.51,6.19,1.48,5.3,6.8,1.41,4.5,7,13,16,8,4,15,10,4,4
MEX,Liga MX,2026/2027,23/08/2026,02:00,Puebla,Santos Laguna,3,2,H,,,,2.15,3.6,3.25,2.08,3.53,3.12,2.18,3.8,3.4,2.15,3.6,3.2,16,6,7,2,11,8,6,7
MEX,Liga MX,2026/2027,23/08/2026,04:00,Cruz Azul,Atlas,0,2,A,,,,1.62,4,5.75,1.58,3.92,5.17,1.64,4.4,5.7,1.56,3.9,5.75,25,11,5,5,7,11,9,4
MEX,Liga MX,2026/2027,24/08/2026,00:00,Atl. San Luis,Pachuca,1,1,D,,,,3.3,3.6,2.2,3.09,3.48,2.12,3.4,3.6,2.28,3.3,3.5,2.1,17,10,7,2,13,17,1,4
MEX,Liga MX,2026/2027,24/08/2026,02:00,UNAM Pumas,Necaxa,1,1,D,,,,1.93,3.75,3.8,1.88,3.59,3.65,1.97,3.9,4,1.86,3.75,3.8,23,16,5,4,10,12,8,4
MEX,Liga MX,2026/2027,29/08/2026,02:00,Atlante,Club Leon,1,1,D,,,,2.57,3.66,2.55,2.51,3.52,2.49,2.72,3.8,2.64,2.57,3.5,2.55,17,12,4,5,19,10,3,3
MEX,Liga MX,2026/2027,29/08/2026,02:00,Necaxa,Cruz Azul,1,3,A,,,,3.8,3.75,1.98,3.48,3.59,1.93,3.7,3.85,2.08,3.8,3.6,1.91,13,22,4,8,15,14,7,7
MEX,Liga MX,2026/2027,29/08/2026,04:10,Club Tijuana,UNAM Pumas,2,0,H,,,,2.06,3.6,3.8,1.98,3.42,3.47,2.08,3.65,3.85,1.96,3.5,3.8,11,10,3,3,12,10,3,6
MEX,Liga MX,2026/2027,30/08/2026,00:00,Atlas,Queretaro,1,3,A,,,,2.14,3.4,3.6,2.06,3.28,3.39,2.18,3.5,3.75,2.01,3.4,3.6,14,12,3,5,8,14,6,2
MEX,Liga MX,2026/2027,30/08/2026,00:00,Pachuca,Guadalajara Chivas,1,1,D,,,,3.2,3.6,2.2,3.03,3.53,2.13,3.3,3.75,2.24,3.2,3.6,2.15,17,12,7,5,20,8,8,7
MEX,Liga MX,2026/2027,30/08/2026,02:05,Club America,Puebla,2,0,H,,,,1.75,4.1,4.65,1.69,3.82,4.34,1.75,4,4.9,1.71,3.8,4.5,20,23,6,6,10,8,3,8
MEX,Liga MX,2026/2027,30/08/2026,04:10,Santos Laguna,Tigres UANL,0,0,D,,,,4.55,4,1.76,4.18,3.77,1.72,4.6,4.1,1.81,4.33,4,1.71,20,15,4,2,7,11,12,3
MEX,Liga MX,2026/2027,31/08/2026,01:00,Toluca,Juarez,4,0,H,,,,1.37,5.5,8.5,1.33,5.03,7.64,1.38,5.8,9,1.3,5.5,7.5,26,6,9,2,11,8,5,3
MEX,Liga MX,2026/2027,31/08/2026,03:10,Monterrey,Atl. San Luis,1,3,A,,,,1.85,3.8,4,1.82,3.72,3.79,1.89,4.1,4.2,1.81,3.7,4,26,9,8,4,10,10,14,1
MEX,Liga MX,2026/2027,05/09/2026,04:00,Juarez,Pachuca,0,2,A,,,,3.5,3.5,2.1,3.33,3.36,2.06,3.65,3.55,2.16,3.5,3.3,2.1,10,14,1,4,17,20,1,3
MEX,Liga MX,2026/2027,06/09/2026,00:00,Atl. San Luis,Guadalajara Chivas,0,3,A,,,,4.5,3.9,1.77,4.21,3.75,1.73,4.6,4,1.8,4.5,3.8,1.71,10,7,4,3,8,8,3,2
MEX,Liga MX,2026/2027,06/09/2026,02:00,Tigres UANL,Necaxa,1,1,D,,,,1.67,4,5.75,1.61,3.8,5.04,1.68,4.2,5.7,1.61,3.7,5.75,21,17,6,4,13,10,6,3
MEX,Liga MX,2026/2027,06/09/2026,04:00,Atlas,Atlante,1,1,D,,,,1.9,3.55,4.25,1.84,3.42,3.99,1.94,3.7,4.5,1.86,3.4,4.2,16,8,3,2,19,16,3,1
MEX,Liga MX,2026/2027,07/09/2026,00:00,Cruz Azul,Santos Laguna,1,0,H,,,,1.39,5.3,8,1.34,5.11,6.96,1.39,5.7,8.6,1.33,5.25,7,25,11,8,1,8,9,9,5
MEX,Liga MX,2026/2027,11/09/2026,04:05,UNAM Pumas,Club Leon,3,1,H,,,,2.2,3.8,3.25,2.13,3.47,2.98,2.22,3.95,3.2,2.2,3.5,3.2,14,13,5,3,13,5,8,2
MEX,Liga MX,2026/2027,12/09/2026,02:00,Necaxa,Puebla,0,1,A,,,,2.05,3.8,3.5,1.95,3.6,3.33,2.08,3.85,3.6,1.96,3.75,3.4,9,12,2,4,11,12,8,5
MEX,Liga MX,2026/2027,12/09/2026,04:00,Atlante,Pachuca,0,3,A,,,,3,3.4,2.38,2.87,3.24,2.3,3.1,3.45,2.48,2.85,3.4,2.35,32,21,5,8,7,14,5,5
MEX,Liga MX,2026/2027,12/09/2026,04:10,Club Tijuana,Queretaro,0,1,A,,,,2,3.5,4,1.93,3.4,3.69,2,3.6,4.2,1.91,3.5,4,24,8,4,4,8,14,13,4
MEX,Liga MX,2026/2027,13/09/2026,00:05,Toluca,Atlas,5,2,H,,,,1.4,5,8,1.34,4.77,7.48,1.38,5.4,10,1.35,4.75,8,14,10,6,2,11,13,6,8
MEX,Liga MX,2026/2027,13/09/2026,02:10,Monterrey,Tigres UANL,0,0,D,,,,2.08,3.6,3.75,1.98,3.43,3.44,2.06,3.7,3.9,1.96,3.5,3.75,18,5,6,3,15,16,6,0
MEX,Liga MX,2026/2027,13/09/2026,04:15,Cruz Azul,Club America,4,3,H,,,,2.7,3.6,2.5,2.59,3.46,2.41,2.74,3.9,2.6,2.57,3.5,2.5,16,28,10,10,10,9,6,9
MEX,Liga MX,2026/2027,14/09/2026,02:00,Santos Laguna,Juarez,2,1,H,,,,2.05,3.65,3.6,1.98,3.49,3.37,2.06,3.75,3.7,1.96,3.5,3.6,25,12,10,5,13,14,12,6
MEX,Liga MX,2026/2027,14/09/2026,02:07,Guadalajara Chivas,UNAM Pumas,3,0,H,,,,1.53,4.5,6,1.5,4.26,5.41,1.56,4.8,6.2,1.49,4.33,6,8,15,5,5,11,12,6,4
MEX,Liga MX,2026/2027,15/09/2026,02:00,Club Leon,Atl. San Luis,2,0,H,,,,2.1,3.8,3.66,1.89,3.64,3.52,2,3.95,3.95,1.86,3.8,3.6,23,13,9,2,11,8,6,2
MEX,Liga MX,2026/2027,16/09/2026,02:00,Puebla,Toluca,0,1,A,,,,6.5,4.75,1.5,5.71,4.48,1.46,6.6,4.8,1.54,6,4.75,1.45,14,11,2,3,7,14,6,5
MEX,Liga MX,2026/2027,19/09/2026,02:00,Puebla,Atlante,1,1,D,,,,2.45,3.4,2.9,2.38,3.27,2.8,2.54,3.5,3.05,2.4,3.25,2.75,12,21,4,5,6,10,6,11
MEX,Liga MX,2026/2027,19/09/2026,04:00,Juarez,Tigres UANL,2,0,H,,,,4.75,3.7,1.85,4.15,3.55,1.78,4.5,3.8,1.91,4.75,3.7,1.71,14,13,5,5,10,13,2,9
MEX,Liga MX,2026/2027,20/09/2026,00:00,Atl. San Luis,Necaxa,3,1,H,,,,2.25,3.6,3.14,2.2,3.49,2.92,2.34,3.7,3.15,2.25,3.4,3.1,12,10,5,3,13,11,2,5
MEX,Liga MX,2026/2027,20/09/2026,00:00,Atlas,UNAM Pumas,1,1,D,,,,2.2,3.5,3.3,2.13,3.33,3.17,2.3,3.5,3.45,2.1,3.5,3.3,20,10,4,3,7,8,8,6
MEX,Liga MX,2026/2027,20/09/2026,02:10,Monterrey,Cruz Azul,1,0,H,,,,2.25,3.55,3.1,2.23,3.41,2.9,2.36,3.75,3.15,2.25,3.3,3.1,17,12,5,4,13,14,6,4
MEX,Liga MX,2026/2027,20/09/2026,04:15,Club America,Guadalajara Chivas,2,2,D,,,,2.7,3.6,2.5,2.62,3.45,2.42,2.72,4,2.52,2.7,3.4,2.45,17,9,4,5,16,14,4,6
MEX,Liga MX,2026/2027,21/09/2026,01:00,Pachuca,Club Tijuana,2,2,D,,,,1.7,3.8,5.5,1.66,3.65,4.79,1.77,3.95,5.4,1.62,3.7,5.5,29,8,11,5,16,6,10,0
MEX,Liga MX,2026/2027,21/09/2026,01:00,Toluca,Santos Laguna,2,3,A,,,,1.22,7,12,1.19,6.74,10.69,1.23,8.2,12.5,1.19,7,11,24,22,9,6,9,13,6,7
MEX,Liga MX,2026/2027,21/09/2026,03:10,Queretaro,Club Leon,1,1,D,,,,2.9,3.45,2.44,2.76,3.37,2.37,2.98,3.6,2.52,2.85,3.4,2.35,19,14,4,7,15,11,8,1
MEX,Liga MX,2026/2027,26/09/2026,02:00,Atlante,Monterrey,4,2,H,,,,3.1,3.5,2.2,3.1,3.55,2.25,2.93,3.39,2.22,3.2,3.6,2.4,14,17,7,7,8,10,2,6
MEX,Liga MX,2026/2027,26/09/2026,04:00,Club Tijuana,Atlas,2,3,A,,,,2.15,3.4,3.25,2.2,3.4,3.33,2.15,3.28,3.16,2.28,3.55,3.45,10,21,5,7,10,13,5,11
MEX,Liga MX,2026/2027,26/09/2026,23:50,Cruz Azul,Toluca,3,3,D,,,,2.5,3.5,2.57,2.6,3.6,2.6,2.5,3.41,2.51,2.74,3.65,2.7,17,18,7,7,14,16,4,5
MEX,Liga MX,2026/2027,27/09/2026,00:07,Guadalajara Chivas,Queretaro,0,2,A,,,,1.61,4.1,5,1.65,4.1,5,1.61,3.9,4.71,1.69,4.4,5.2,26,13,5,6,6,7,12,6
MEX,Liga MX,2026/2027,27/09/2026,04:05,Santos Laguna,Pachuca,1,0,H,,,,2.32,3.3,3,2.45,3.5,3,2.36,3.35,2.73,2.56,3.5,2.98,17,11,9,0,12,14,10,5
MEX,Liga MX,2026/2027,27/09/2026,04:10,Tigres UANL,Puebla,1,0,H,,,,1.62,3.75,5.5,1.67,4,5.75,1.62,3.73,4.99,1.69,4.2,5.5,12,10,4,1,7,9,5,0
MEX,Liga MX,2026/2027,27/09/2026,19:00,UNAM Pumas,Atl. San Luis,2,3,A,,,,2.05,3.4,3.5,2.1,3.6,3.5,2.04,3.48,3.24,2.14,3.75,3.65,15,11,6,7,12,10,11,2
MEX,Liga MX,2026/2027,28/09/2026,02:00,Club Leon,Juarez,2,1,H,,,,1.49,4.1,6.5,1.52,4.35,6.5,1.49,4.11,5.77,1.57,4.5,6.6,7,9,3,1,14,14,1,4
MEX,Liga MX,2026/2027,28/09/2026,04:10,Necaxa,Club America,2,4,A,,,,4.5,3.7,1.76,4.5,3.9,1.83,3.99,3.67,1.77,4.5,3.9,1.83,15,20,6,9,16,6,3,5
